<?xml version="1.0" encoding="utf-8"?>
<COLLADA xmlns="http://www.collada.org/2005/11/COLLADASchema" version="1.4.1">
  <asset>
    <contributor>
      <author>Mixamo</author>
      <authoring_tool>COLLADA Mixamo exporter</authoring_tool>
      <comments/>
    </contributor>
    <created>2025-09-17T09:10:02Z</created>
    <modified>2025-09-17T09:10:02Z</modified>
    <revision/>
    <title/>
    <unit meter="0.010000"/>
    <up_axis>Y_UP</up_axis>
  </asset>
  <library_animations>
    <animation id="mixamorig_Hips-anim" name="mixamorig_Hips">
      <source id="mixamorig_Hips-Matrix-animation-input">
        <float_array id="mixamorig_Hips-Matrix-animation-input-array" count="25">

0.000000 0.033333 0.066667 0.100000 0.133333 0.166667 0.200000 0.233333 0.266667 0.300000 0.333333 0.366667 0.400000 0.433333 0.466667 0.500000
0.533333 0.566667 0.600000 0.633333 0.666667 0.700000 0.733333 0.766667 0.800000</float_array>
        <technique_common>
          <accessor source="#mixamorig_Hips-Matrix-animation-input-array" count="25">
            <param name="TIME" type="float"/>
          </accessor>
        </technique_common>
      </source>
      <source id="mixamorig_Hips-Matrix-animation-output-transform">
        <float_array id="mixamorig_Hips-Matrix-animation-output-transform-array" count="400">

0.728817 0.044352 -0.683270 -3.116735 0.011989 0.996920 0.077500 95.291794 0.684603 -0.064675 0.726041 2.917755 0.000000 0.000000 0.000000 1.000000
0.728722 0.043793 -0.683408 -3.124257 0.012380 0.996948 0.077086 95.290154 0.684697 -0.064635 0.725956 2.883156 0.000000 0.000000 0.000000 1.000000
0.728737 0.042328 -0.683484 -3.144191 0.013325 0.997022 0.075953 95.291580 0.684664 -0.064458 0.726003 2.843826 0.000000 0.000000 0.000000 1.000000
0.728854 0.040117 -0.683493 -3.174917 0.014735 0.997132 0.074239 95.294731 0.684511 -0.064181 0.726172 2.803487 0.000000 0.000000 0.000000 1.000000
0.729072 0.037294 -0.683420 -3.214097 0.016541 0.997263 0.072066 95.297699 0.684237 -0.063846 0.726459 2.766293 0.000000 0.000000 0.000000 1.000000
0.729380 0.034053 -0.683260 -3.257937 0.018636 0.997401 0.069604 95.298012 0.683855 -0.063501 0.726850 2.736371 0.000000 0.000000 0.000000 1.000000
0.729769 0.030579 -0.683010 -3.302423 0.020917 0.997533 0.067009 95.293266 0.683374 -0.063187 0.727329 2.717312 0.000000 0.000000 0.000000 1.000000
0.730226 0.027048 -0.682670 -3.343469 0.023272 0.997651 0.064421 95.282143 0.682809 -0.062929 0.727882 2.712796 0.000000 0.000000 0.000000 1.000000
0.730716 0.023700 -0.682270 -3.378590 0.025537 0.997749 0.062010 95.266151 0.682203 -0.062735 0.728466 2.722021 0.000000 0.000000 0.000000 1.000000
0.731206 0.020697 -0.681842 -3.407558 0.027622 0.997822 0.059910 95.245010 0.681597 -0.062641 0.729042 2.741406 0.000000 0.000000 0.000000 1.000000
0.731664 0.018253 -0.681422 -3.428653 0.029362 0.997870 0.058257 95.222481 0.681033 -0.062632 0.729569 2.769837 0.000000 0.000000 0.000000 1.000000
0.732044 0.016673 -0.681053 -3.439503 0.030524 0.997894 0.057239 95.203171 0.680573 -0.062690 0.729993 2.806392 0.000000 0.000000 0.000000 1.000000
0.732315 0.016140 -0.680775 -3.439292 0.030964 0.997896 0.056966 95.190071 0.680262 -0.062796 0.730274 2.848713 0.000000 0.000000 0.000000 1.000000
0.732480 0.016539 -0.680588 -3.430182 0.030761 0.997880 0.057356 95.182510 0.680093 -0.062948 0.730418 2.894352 0.000000 0.000000 0.000000 1.000000
0.732548 0.017721 -0.680485 -3.414230 0.030021 0.997847 0.058304 95.179321 0.680053 -0.063139 0.730439 2.940832 0.000000 0.000000 0.000000 1.000000
0.732517 0.019575 -0.680467 -3.392491 0.028821 0.997798 0.059729 95.179810 0.680139 -0.063364 0.730340 2.985215 0.000000 0.000000 0.000000 1.000000
0.732396 0.021922 -0.680526 -3.366148 0.027285 0.997734 0.061505 95.182983 0.680332 -0.063614 0.730138 3.024845 0.000000 0.000000 0.000000 1.000000
0.732185 0.024647 -0.680660 -3.335662 0.025493 0.997653 0.063547 95.188126 0.680629 -0.063880 0.729838 3.057086 0.000000 0.000000 0.000000 1.000000
0.731879 0.027646 -0.680874 -3.301606 0.023509 0.997557 0.065775 95.194801 0.681029 -0.064146 0.729441 3.078016 0.000000 0.000000 0.000000 1.000000
0.731484 0.030781 -0.681164 -3.265191 0.021423 0.997450 0.068078 95.203033 0.681522 -0.064391 0.728959 3.085367 0.000000 0.000000 0.000000 1.000000
0.731014 0.033936 -0.681518 -3.229713 0.019305 0.997334 0.070369 95.213448 0.682089 -0.064598 0.728410 3.078419 0.000000 0.000000 0.000000 1.000000
0.730495 0.036986 -0.681916 -3.199483 0.017238 0.997216 0.072553 95.227432 0.682701 -0.064754 0.727823 3.058383 0.000000 0.000000 0.000000 1.000000
0.729939 0.039813 -0.682352 -3.171696 0.015281 0.997102 0.074524 95.245903 0.683342 -0.064825 0.727215 3.023677 0.000000 0.000000 0.000000 1.000000
0.729364 0.042318 -0.682815 -3.143766 0.013492 0.997001 0.076202 95.268372 0.683992 -0.064791 0.726606 2.975073 0.000000 0.000000 0.000000 1.000000
0.728817 0.044352 -0.683270 -3.116735 0.011989 0.996920 0.077500 95.291794 0.684603 -0.064675 0.726041 2.917755 0.000000 0.000000 0.000000 1.000000</float_array>
        <technique_common>
          <accessor source="#mixamorig_Hips-Matrix-animation-output-transform-array" count="25" stride="16">
            <param type="float4x4"/>
          </accessor>
        </technique_common>
      </source>
      <source id="mixamorig_Hips-Interpolations">
        <Name_array id="mixamorig_Hips-Interpolations-array" count="25">
 LINEAR LINEAR LINEAR LINEAR LINEAR LINEAR LINEAR LINEAR LINEAR LINEAR LINEAR
LINEAR LINEAR LINEAR LINEAR LINEAR LINEAR LINEAR LINEAR LINEAR LINEAR LINEAR LINEAR
LINEAR LINEAR</Name_array>
        <technique_common>
          <accessor source="#mixamorig_Hips-Interpolations-array" count="25">
            <param type="name"/>
          </accessor>
        </technique_common>
      </source>
      <sampler id="mixamorig_Hips-Matrix-animation-transform">
        <input semantic="INPUT" source="#mixamorig_Hips-Matrix-animation-input"/>
        <input semantic="OUTPUT" source="#mixamorig_Hips-Matrix-animation-output-transform"/>
        <input semantic="INTERPOLATION" source="#mixamorig_Hips-Interpolations"/>
      </sampler>
      <channel source="#mixamorig_Hips-Matrix-animation-transform" target="mixamorig_Hips/matrix"/>
    </animation>
    <animation id="mixamorig_Spine-anim" name="mixamorig_Spine">
      <source id="mixamorig_Spine-Matrix-animation-input">
        <float_array id="mixamorig_Spine-Matrix-animation-input-array" count="25">

0.000000 0.033333 0.066667 0.100000 0.133333 0.166667 0.200000 0.233333 0.266667 0.300000 0.333333 0.366667 0.400000 0.433333 0.466667 0.500000
0.533333 0.566667 0.600000 0.633333 0.666667 0.700000 0.733333 0.766667 0.800000</float_array>
        <technique_common>
          <accessor source="#mixamorig_Spine-Matrix-animation-input-array" count="25">
            <param name="TIME" type="float"/>
          </accessor>
        </technique_common>
      </source>
      <source id="mixamorig_Spine-Matrix-animation-output-transform">
        <float_array id="mixamorig_Spine-Matrix-animation-output-transform-array" count="400">

0.997593 0.069325 -0.001215 0.072000 -0.068600 0.984315 -0.162537 7.257300 -0.010072 0.162229 0.986702 -0.789700 0.000000 0.000000 0.000000 1.000000
0.997575 0.069592 -0.000637 0.072000 -0.068769 0.984288 -0.162628 7.257300 -0.010691 0.162278 0.986687 -0.789700 0.000000 0.000000 0.000000 1.000000
0.997552 0.069931 -0.000209 0.072000 -0.069032 0.984247 -0.162763 7.257300 -0.011176 0.162379 0.986665 -0.789700 0.000000 0.000000 0.000000 1.000000
0.997524 0.070328 0.000030 0.072000 -0.069383 0.984196 -0.162927 7.257300 -0.011488 0.162521 0.986638 -0.789700 0.000000 0.000000 0.000000 1.000000
0.997492 0.070777 0.000030 0.072000 -0.069824 0.984135 -0.163106 7.257300 -0.011574 0.162695 0.986609 -0.789700 0.000000 0.000000 0.000000 1.000000
0.997457 0.071268 -0.000247 0.072000 -0.070351 0.984068 -0.163282 7.257300 -0.011394 0.162884 0.986579 -0.789700 0.000000 0.000000 0.000000 1.000000
0.997420 0.071787 -0.000827 0.072000 -0.070957 0.983998 -0.163440 7.257300 -0.010919 0.163076 0.986553 -0.789700 0.000000 0.000000 0.000000 1.000000
0.997381 0.072308 -0.001730 0.072000 -0.071616 0.983930 -0.163563 7.257300 -0.010125 0.163258 0.986531 -0.789700 0.000000 0.000000 0.000000 1.000000
0.997343 0.072791 -0.002861 0.072000 -0.072277 0.983868 -0.163647 7.257300 -0.009097 0.163419 0.986515 -0.789700 0.000000 0.000000 0.000000 1.000000
0.997304 0.073259 -0.004113 0.072000 -0.072943 0.983811 -0.163693 7.257300 -0.007945 0.163552 0.986503 -0.789700 0.000000 0.000000 0.000000 1.000000
0.997269 0.073656 -0.005390 0.072000 -0.073543 0.983765 -0.163702 7.257300 -0.006755 0.163651 0.986495 -0.789700 0.000000 0.000000 0.000000 1.000000
0.997244 0.073898 -0.006572 0.072000 -0.073976 0.983737 -0.163671 7.257300 -0.005630 0.163706 0.986493 -0.789700 0.000000 0.000000 0.000000 1.000000
0.997234 0.073937 -0.007551 0.072000 -0.074175 0.983733 -0.163606 7.257300 -0.004669 0.163713 0.986497 -0.789700 0.000000 0.000000 0.000000 1.000000
0.997238 0.073807 -0.008316 0.072000 -0.074172 0.983749 -0.163514 7.257300 -0.003888 0.163679 0.986506 -0.789700 0.000000 0.000000 0.000000 1.000000
0.997252 0.073547 -0.008868 0.072000 -0.074006 0.983779 -0.163406 7.257300 -0.003293 0.163613 0.986519 -0.789700 0.000000 0.000000 0.000000 1.000000
0.997276 0.073186 -0.009185 0.072000 -0.073703 0.983822 -0.163288 7.257300 -0.002914 0.163520 0.986536 -0.789700 0.000000 0.000000 0.000000 1.000000
0.997306 0.072767 -0.009273 0.072000 -0.073304 0.983871 -0.163168 7.257300 -0.002750 0.163408 0.986555 -0.789700 0.000000 0.000000 0.000000 1.000000
0.997340 0.072313 -0.009119 0.072000 -0.072831 0.983926 -0.163050 7.257300 -0.002818 0.163280 0.986576 -0.789700 0.000000 0.000000 0.000000 1.000000
0.997378 0.071846 -0.008685 0.072000 -0.072300 0.983983 -0.162941 7.257300 -0.003161 0.163142 0.986598 -0.789700 0.000000 0.000000 0.000000 1.000000
0.997417 0.071380 -0.007974 0.072000 -0.071724 0.984041 -0.162847 7.257300 -0.003777 0.162998 0.986619 -0.789700 0.000000 0.000000 0.000000 1.000000
0.997457 0.070932 -0.006978 0.072000 -0.071121 0.984098 -0.162765 7.257300 -0.004679 0.162848 0.986640 -0.789700 0.000000 0.000000 0.000000 1.000000
0.997494 0.070522 -0.005715 0.072000 -0.070511 0.984155 -0.162687 7.257300 -0.005849 0.162682 0.986661 -0.789700 0.000000 0.000000 0.000000 1.000000
0.997530 0.070119 -0.004263 0.072000 -0.069878 0.984212 -0.162618 7.257300 -0.007207 0.162514 0.986680 -0.789700 0.000000 0.000000 0.000000 1.000000
0.997564 0.069707 -0.002720 0.072000 -0.069221 0.984267 -0.162566 7.257300 -0.008654 0.162358 0.986694 -0.789700 0.000000 0.000000 0.000000 1.000000
0.997593 0.069325 -0.001215 0.072000 -0.068600 0.984315 -0.162537 7.257300 -0.010072 0.162229 0.986702 -0.789700 0.000000 0.000000 0.000000 1.000000</float_array>
        <technique_common>
          <accessor source="#mixamorig_Spine-Matrix-animation-output-transform-array" count="25" stride="16">
            <param type="float4x4"/>
          </accessor>
        </technique_common>
      </source>
      <source id="mixamorig_Spine-Interpolations">
        <Name_array id="mixamorig_Spine-Interpolations-array" count="25">
 LINEAR LINEAR LINEAR LINEAR LINEAR LINEAR LINEAR LINEAR LINEAR LINEAR LINEAR
LINEAR LINEAR LINEAR LINEAR LINEAR LINEAR LINEAR LINEAR LINEAR LINEAR LINEAR LINEAR
LINEAR LINEAR</Name_array>
        <technique_common>
          <accessor source="#mixamorig_Spine-Interpolations-array" count="25">
            <param type="name"/>
          </accessor>
        </technique_common>
      </source>
      <sampler id="mixamorig_Spine-Matrix-animation-transform">
        <input semantic="INPUT" source="#mixamorig_Spine-Matrix-animation-input"/>
        <input semantic="OUTPUT" source="#mixamorig_Spine-Matrix-animation-output-transform"/>
        <input semantic="INTERPOLATION" source="#mixamorig_Spine-Interpolations"/>
      </sampler>
      <channel source="#mixamorig_Spine-Matrix-animation-transform" target="mixamorig_Spine/matrix"/>
    </animation>
    <animation id="mixamorig_Spine1-anim" name="mixamorig_Spine1">
      <source id="mixamorig_Spine1-Matrix-animation-input">
        <float_array id="mixamorig_Spine1-Matrix-animation-input-array" count="25">

0.000000 0.033333 0.066667 0.100000 0.133333 0.166667 0.200000 0.233333 0.266667 0.300000 0.333333 0.366667 0.400000 0.433333 0.466667 0.500000
0.533333 0.566667 0.600000 0.633333 0.666667 0.700000 0.733333 0.766667 0.800000</float_array>
        <technique_common>
          <accessor source="#mixamorig_Spine1-Matrix-animation-input-array" count="25">
            <param name="TIME" type="float"/>
          </accessor>
        </technique_common>
      </source>
      <source id="mixamorig_Spine1-Matrix-animation-output-transform">
        <float_array id="mixamorig_Spine1-Matrix-animation-output-transform-array" count="400">

0.992710 0.119041 -0.018854 0.000000 -0.112807 0.862623 -0.493108 8.558700 -0.042436 0.491641 0.869764 0.000000 0.000000 0.000000 0.000000 1.000000
0.992643 0.119693 -0.018287 -0.000000 -0.113086 0.862489 -0.493279 8.558700 -0.043270 0.491718 0.869679 0.000000 0.000000 0.000000 0.000000 1.000000
0.992507 0.120828 -0.018183 0.000000 -0.114010 0.862235 -0.493511 8.558700 -0.043952 0.491886 0.869550 -0.000000 0.000000 0.000000 0.000000 1.000000
0.992318 0.122318 -0.018531 0.000000 -0.115462 0.861887 -0.493780 8.558700 -0.044427 0.492126 0.869389 0.000000 0.000000 0.000000 0.000000 1.000000
0.992088 0.124043 -0.019341 -0.000000 -0.117344 0.861472 -0.494062 8.558700 -0.044624 0.492422 0.869212 0.000000 0.000000 0.000000 0.000000 1.000000
0.991836 0.125849 -0.020591 0.000000 -0.119513 0.861023 -0.494324 8.558700 -0.044481 0.492750 0.869034 0.000000 0.000000 0.000000 0.000000 1.000000
0.991576 0.127601 -0.022248 0.000000 -0.121839 0.860573 -0.494540 8.558700 -0.043958 0.493085 0.868870 0.000000 0.000000 0.000000 0.000000 1.000000
0.991324 0.129181 -0.024279 0.000000 -0.124203 0.860153 -0.494682 8.558700 -0.043019 0.493405 0.868735 0.000000 0.000000 0.000000 0.000000 1.000000
0.991093 0.130504 -0.026513 0.000000 -0.126449 0.859789 -0.494746 8.558700 -0.041770 0.493692 0.868633 -0.000000 0.000000 0.000000 0.000000 1.000000
0.990895 0.131529 -0.028748 0.000000 -0.128441 0.859495 -0.494744 8.558700 -0.040364 0.493932 0.868563 0.000000 0.000000 0.000000 0.000000 1.000000
0.990744 0.132197 -0.030826 -0.000000 -0.130048 0.859288 -0.494683 8.558700 -0.038907 0.494113 0.868527 0.000000 0.000000 0.000000 0.000000 1.000000
0.990660 0.132412 -0.032549 -0.000000 -0.131090 0.859196 -0.494567 8.558700 -0.037520 0.494215 0.868530 0.000000 0.000000 0.000000 0.000000 1.000000
0.990656 0.132137 -0.033765 0.000000 -0.131458 0.859229 -0.494414 8.558700 -0.036319 0.494233 0.868571 0.000000 0.000000 0.000000 0.000000 1.000000
0.990723 0.131445 -0.034488 0.000000 -0.131222 0.859366 -0.494238 8.558700 -0.035327 0.494178 0.868642 0.000000 0.000000 0.000000 0.000000 1.000000
0.990849 0.130422 -0.034756 0.000000 -0.130474 0.859586 -0.494053 8.558700 -0.034560 0.494066 0.868737 0.000000 0.000000 0.000000 0.000000 1.000000
0.991023 0.129141 -0.034575 0.000000 -0.129281 0.859872 -0.493870 8.558700 -0.034049 0.493906 0.868848 -0.000000 0.000000 0.000000 0.000000 1.000000
0.991230 0.127699 -0.033998 0.000000 -0.127751 0.860199 -0.493697 8.558700 -0.033800 0.493711 0.868969 0.000000 0.000000 0.000000 0.000000 1.000000
0.991458 0.126166 -0.033046 0.000000 -0.125959 0.860552 -0.493543 8.558700 -0.033830 0.493490 0.869093 -0.000000 0.000000 0.000000 0.000000 1.000000
0.991697 0.124624 -0.031712 0.000000 -0.123968 0.860915 -0.493415 8.558700 -0.034190 0.493249 0.869216 0.000000 0.000000 0.000000 0.000000 1.000000
0.991932 0.123156 -0.030045 0.000000 -0.121876 0.861269 -0.493318 8.558700 -0.034879 0.493000 0.869330 0.000000 0.000000 0.000000 0.000000 1.000000
0.992153 0.121843 -0.028048 -0.000000 -0.119755 0.861606 -0.493248 8.558700 -0.035933 0.492736 0.869437 -0.000000 0.000000 0.000000 0.000000 1.000000
0.992347 0.120763 -0.025744 0.000000 -0.117686 0.861927 -0.493185 8.558700 -0.037369 0.492441 0.869543 0.000000 0.000000 0.000000 0.000000 1.000000
0.992508 0.119937 -0.023321 -0.000000 -0.115779 0.862214 -0.493136 8.558700 -0.039037 0.492141 0.869640 -0.000000 0.000000 0.000000 0.000000 1.000000
0.992630 0.119359 -0.020968 0.000000 -0.114122 0.862451 -0.493107 8.558700 -0.040773 0.491865 0.869716 0.000000 0.000000 0.000000 0.000000 1.000000
0.992710 0.119041 -0.018854 0.000000 -0.112807 0.862623 -0.493108 8.558700 -0.042436 0.491641 0.869764 0.000000 0.000000 0.000000 0.000000 1.000000</float_array>
        <technique_common>
          <accessor source="#mixamorig_Spine1-Matrix-animation-output-transform-array" count="25" stride="16">
            <param type="float4x4"/>
          </accessor>
        </technique_common>
      </source>
      <source id="mixamorig_Spine1-Interpolations">
        <Name_array id="mixamorig_Spine1-Interpolations-array" count="25">
 LINEAR LINEAR LINEAR LINEAR LINEAR LINEAR LINEAR LINEAR LINEAR LINEAR LINEAR
LINEAR LINEAR LINEAR LINEAR LINEAR LINEAR LINEAR LINEAR LINEAR LINEAR LINEAR LINEAR
LINEAR LINEAR</Name_array>
        <technique_common>
          <accessor source="#mixamorig_Spine1-Interpolations-array" count="25">
            <param type="name"/>
          </accessor>
        </technique_common>
      </source>
      <sampler id="mixamorig_Spine1-Matrix-animation-transform">
        <input semantic="INPUT" source="#mixamorig_Spine1-Matrix-animation-input"/>
        <input semantic="OUTPUT" source="#mixamorig_Spine1-Matrix-animation-output-transform"/>
        <input semantic="INTERPOLATION" source="#mixamorig_Spine1-Interpolations"/>
      </sampler>
      <channel source="#mixamorig_Spine1-Matrix-animation-transform" target="mixamorig_Spine1/matrix"/>
    </animation>
    <animation id="mixamorig_Spine2-anim" name="mixamorig_Spine2">
      <source id="mixamorig_Spine2-Matrix-animation-input">
        <float_array id="mixamorig_Spine2-Matrix-animation-input-array" count="25">

0.000000 0.033333 0.066667 0.100000 0.133333 0.166667 0.200000 0.233333 0.266667 0.300000 0.333333 0.366667 0.400000 0.433333 0.466667 0.500000
0.533333 0.566667 0.600000 0.633333 0.666667 0.700000 0.733333 0.766667 0.800000</float_array>
        <technique_common>
          <accessor source="#mixamorig_Spine2-Matrix-animation-input-array" count="25">
            <param name="TIME" type="float"/>
          </accessor>
        </technique_common>
      </source>
      <source id="mixamorig_Spine2-Matrix-animation-output-transform">
        <float_array id="mixamorig_Spine2-Matrix-animation-output-transform-array" count="400">

0.992710 0.116719 -0.030048 0.000000 -0.112807 0.812026 -0.572616 29.149500 -0.042435 0.571831 0.819273 1.721100 0.000000 0.000000 0.000000 1.000000
0.992643 0.117422 -0.029544 0.000000 -0.113086 0.811875 -0.572774 29.149500 -0.043270 0.571901 0.819181 1.721100 0.000000 0.000000 0.000000 1.000000
0.992507 0.118561 -0.029549 -0.000000 -0.114009 0.811601 -0.572980 29.149500 -0.043952 0.572055 0.819037 1.721100 0.000000 0.000000 0.000000 1.000000
0.992318 0.120012 -0.030036 0.000000 -0.115462 0.811229 -0.573215 29.149500 -0.044427 0.572280 0.818854 1.721100 0.000000 0.000000 0.000000 1.000000
0.992088 0.121653 -0.031006 0.000000 -0.117344 0.810789 -0.573456 29.149500 -0.044623 0.572557 0.818649 1.721100 0.000000 0.000000 0.000000 1.000000
0.991836 0.123332 -0.032422 -0.000000 -0.119514 0.810317 -0.573675 29.149500 -0.044481 0.572867 0.818441 1.721100 0.000000 0.000000 0.000000 1.000000
0.991576 0.124919 -0.034237 0.000000 -0.121839 0.809849 -0.573847 29.149500 -0.043958 0.573184 0.818247 1.721100 0.000000 0.000000 0.000000 1.000000
0.991324 0.126300 -0.036408 0.000000 -0.124203 0.809418 -0.573948 29.149500 -0.043020 0.573490 0.818082 1.721100 0.000000 0.000000 0.000000 1.000000
0.991093 0.127405 -0.038758 -0.000000 -0.126449 0.809049 -0.573978 29.149500 -0.041770 0.573766 0.817953 1.721100 0.000000 0.000000 0.000000 1.000000
0.990895 0.128213 -0.041080 -0.000000 -0.128441 0.808756 -0.573948 29.149500 -0.040364 0.573999 0.817861 1.721100 0.000000 0.000000 0.000000 1.000000
0.990744 0.128682 -0.043212 -0.000000 -0.130048 0.808557 -0.573867 29.149500 -0.038907 0.574175 0.817808 1.721100 0.000000 0.000000 0.000000 1.000000
0.990660 0.128733 -0.044948 -0.000000 -0.131091 0.808476 -0.573744 29.149500 -0.037521 0.574277 0.817801 1.721100 0.000000 0.000000 0.000000 1.000000
0.990656 0.128344 -0.046131 -0.000000 -0.131458 0.808523 -0.573594 29.149500 -0.036319 0.574298 0.817840 1.721100 0.000000 0.000000 0.000000 1.000000
0.990723 0.127586 -0.046786 0.000000 -0.131222 0.808676 -0.573432 29.149500 -0.035327 0.574251 0.817916 1.721100 0.000000 0.000000 0.000000 1.000000
0.990849 0.126542 -0.046956 0.000000 -0.130474 0.808913 -0.573268 29.149500 -0.034560 0.574149 0.818021 1.721100 0.000000 0.000000 0.000000 1.000000
0.991023 0.125284 -0.046654 0.000000 -0.129280 0.809215 -0.573113 29.149500 -0.034049 0.574000 0.818147 1.721100 0.000000 0.000000 0.000000 1.000000
0.991230 0.123903 -0.045943 0.000000 -0.127751 0.809557 -0.572972 29.149500 -0.033800 0.573817 0.818286 1.721100 0.000000 0.000000 0.000000 1.000000
0.991458 0.122468 -0.044851 0.000000 -0.125959 0.809923 -0.572852 29.149500 -0.033830 0.573609 0.818431 1.721100 0.000000 0.000000 0.000000 1.000000
0.991697 0.121059 -0.043377 -0.000000 -0.123968 0.810296 -0.572759 29.149500 -0.034190 0.573381 0.818575 1.721100 0.000000 0.000000 0.000000 1.000000
0.991932 0.119756 -0.041577 0.000000 -0.121876 0.810657 -0.572697 29.149500 -0.034879 0.573144 0.818712 1.721100 0.000000 0.000000 0.000000 1.000000
0.992153 0.118638 -0.039465 0.000000 -0.119755 0.811000 -0.572658 29.149500 -0.035933 0.572891 0.818844 1.721100 0.000000 0.000000 0.000000 1.000000
0.992347 0.117781 -0.037070 0.000000 -0.117686 0.811325 -0.572627 29.149500 -0.037369 0.572608 0.818977 1.721100 0.000000 0.000000 0.000000 1.000000
0.992508 0.117188 -0.034579 0.000000 -0.115779 0.811615 -0.572605 29.149500 -0.039037 0.572318 0.819102 1.721100 0.000000 0.000000 0.000000 1.000000
0.992630 0.116836 -0.032181 -0.000000 -0.114122 0.811855 -0.572598 29.149500 -0.040773 0.572050 0.819205 1.721100 0.000000 0.000000 0.000000 1.000000
0.992710 0.116719 -0.030048 0.000000 -0.112807 0.812026 -0.572616 29.149500 -0.042435 0.571831 0.819273 1.721100 0.000000 0.000000 0.000000 1.000000</float_array>
        <technique_common>
          <accessor source="#mixamorig_Spine2-Matrix-animation-output-transform-array" count="25" stride="16">
            <param type="float4x4"/>
          </accessor>
        </technique_common>
      </source>
      <source id="mixamorig_Spine2-Interpolations">
        <Name_array id="mixamorig_Spine2-Interpolations-array" count="25">
 LINEAR LINEAR LINEAR LINEAR LINEAR LINEAR LINEAR LINEAR LINEAR LINEAR LINEAR
LINEAR LINEAR LINEAR LINEAR LINEAR LINEAR LINEAR LINEAR LINEAR LINEAR LINEAR LINEAR
LINEAR LINEAR</Name_array>
        <technique_common>
          <accessor source="#mixamorig_Spine2-Interpolations-array" count="25">
            <param type="name"/>
          </accessor>
        </technique_common>
      </source>
      <sampler id="mixamorig_Spine2-Matrix-animation-transform">
        <input semantic="INPUT" source="#mixamorig_Spine2-Matrix-animation-input"/>
        <input semantic="OUTPUT" source="#mixamorig_Spine2-Matrix-animation-output-transform"/>
        <input semantic="INTERPOLATION" source="#mixamorig_Spine2-Interpolations"/>
      </sampler>
      <channel source="#mixamorig_Spine2-Matrix-animation-transform" target="mixamorig_Spine2/matrix"/>
    </animation>
    <animation id="mixamorig_Neck-anim" name="mixamorig_Neck">
      <source id="mixamorig_Neck-Matrix-animation-input">
        <float_array id="mixamorig_Neck-Matrix-animation-input-array" count="25">

0.000000 0.033333 0.066667 0.100000 0.133333 0.166667 0.200000 0.233333 0.266667 0.300000 0.333333 0.366667 0.400000 0.433333 0.466667 0.500000
0.533333 0.566667 0.600000 0.633333 0.666667 0.700000 0.733333 0.766667 0.800000</float_array>
        <technique_common>
          <accessor source="#mixamorig_Neck-Matrix-animation-input-array" count="25">
            <param name="TIME" type="float"/>
          </accessor>
        </technique_common>
      </source>
      <source id="mixamorig_Neck-Matrix-animation-output-transform">
        <float_array id="mixamorig_Neck-Matrix-animation-output-transform-array" count="400">

0.990538 0.113187 0.077608 -0.000000 -0.110959 0.993295 -0.032457 13.857900 -0.080761 0.023539 0.996455 7.405300 0.000000 0.000000 0.000000 1.000000
0.991236 0.108250 0.075722 0.000000 -0.106072 0.993836 -0.032221 13.857900 -0.078743 0.023906 0.996608 7.405300 0.000000 0.000000 0.000000 1.000000
0.991999 0.102621 0.073527 -0.000000 -0.100496 0.994421 -0.032051 13.857900 -0.076406 0.024405 0.996778 7.405300 0.000000 0.000000 0.000000 1.000000
0.992748 0.096833 0.071237 0.000000 -0.094759 0.994987 -0.031949 13.857900 -0.073974 0.024967 0.996948 7.405300 0.000000 0.000000 0.000000 1.000000
0.993407 0.091487 0.069084 0.000000 -0.089457 0.995479 -0.031934 13.857900 -0.071693 0.025543 0.997100 7.405300 0.000000 0.000000 0.000000 1.000000
0.993912 0.087218 0.067318 0.000000 -0.085219 0.995848 -0.032020 13.857900 -0.069831 0.026088 0.997218 7.405300 0.000000 0.000000 0.000000 1.000000
0.994221 0.084550 0.066149 0.000000 -0.082564 0.996065 -0.032201 13.857900 -0.068611 0.026553 0.997290 7.405300 0.000000 0.000000 0.000000 1.000000
0.994299 0.083935 0.065756 0.000000 -0.081939 0.996108 -0.032485 13.857900 -0.068226 0.026911 0.997307 7.405300 0.000000 0.000000 0.000000 1.000000
0.994170 0.085201 0.066087 0.000000 -0.083176 0.995994 -0.032820 13.857900 -0.068619 0.027132 0.997274 7.405300 0.000000 0.000000 0.000000 1.000000
0.993879 0.087865 0.066971 -0.000000 -0.085798 0.995761 -0.033148 13.857900 -0.069599 0.027199 0.997204 7.405300 0.000000 0.000000 0.000000 1.000000
0.993442 0.091675 0.068322 0.000000 -0.089559 0.995420 -0.033428 13.857900 -0.071073 0.027090 0.997103 7.405300 0.000000 0.000000 0.000000 1.000000
0.992871 0.096422 0.070076 0.000000 -0.094255 0.994981 -0.033604 13.857900 -0.072965 0.026759 0.996975 7.405300 0.000000 0.000000 0.000000 1.000000
0.992191 0.101770 0.072115 0.000000 -0.099558 0.994463 -0.033640 13.857900 -0.075140 0.026197 0.996829 7.405300 0.000000 0.000000 0.000000 1.000000
0.991432 0.107423 0.074321 0.000000 -0.105174 0.993888 -0.033546 13.857900 -0.077470 0.025442 0.996670 7.405300 0.000000 0.000000 0.000000 1.000000
0.990629 0.113097 0.076576 0.000000 -0.110821 0.993280 -0.033355 13.857900 -0.079834 0.024556 0.996506 7.405300 0.000000 0.000000 0.000000 1.000000
0.989831 0.118463 0.078748 -0.000000 -0.116172 0.992678 -0.033082 13.857900 -0.082090 0.023598 0.996346 7.405300 0.000000 0.000000 0.000000 1.000000
0.989087 0.123252 0.080722 0.000000 -0.120956 0.992117 -0.032758 13.857900 -0.084123 0.022636 0.996198 7.405300 0.000000 0.000000 0.000000 1.000000
0.988450 0.127196 0.082389 0.000000 -0.124906 0.991640 -0.032394 13.857900 -0.085821 0.021729 0.996074 7.405300 0.000000 0.000000 0.000000 1.000000
0.987997 0.129902 0.083587 0.000000 -0.127628 0.991305 -0.032019 13.857900 -0.087020 0.020966 0.995986 7.405300 0.000000 0.000000 0.000000 1.000000
0.987779 0.131148 0.084223 0.000000 -0.128897 0.991153 -0.031650 13.857900 -0.087628 0.020407 0.995944 7.405300 0.000000 0.000000 0.000000 1.000000
0.987859 0.130591 0.084142 -0.000000 -0.128362 0.991230 -0.031400 13.857900 -0.087505 0.020219 0.995959 7.405300 0.000000 0.000000 0.000000 1.000000
0.988281 0.127971 0.083217 -0.000000 -0.125747 0.991563 -0.031466 13.857900 -0.086541 0.020633 0.996035 7.405300 0.000000 0.000000 0.000000 1.000000
0.988942 0.123798 0.081653 0.000000 -0.121568 0.992075 -0.031755 13.857900 -0.084937 0.021477 0.996155 7.405300 0.000000 0.000000 0.000000 1.000000
0.989725 0.118700 0.079714 0.000000 -0.116466 0.992675 -0.032125 13.857900 -0.082944 0.022511 0.996300 7.405300 0.000000 0.000000 0.000000 1.000000
0.990538 0.113187 0.077608 -0.000000 -0.110959 0.993295 -0.032457 13.857900 -0.080761 0.023539 0.996455 7.405300 0.000000 0.000000 0.000000 1.000000</float_array>
        <technique_common>
          <accessor source="#mixamorig_Neck-Matrix-animation-output-transform-array" count="25" stride="16">
            <param type="float4x4"/>
          </accessor>
        </technique_common>
      </source>
      <source id="mixamorig_Neck-Interpolations">
        <Name_array id="mixamorig_Neck-Interpolations-array" count="25">
 LINEAR LINEAR LINEAR LINEAR LINEAR LINEAR LINEAR LINEAR LINEAR LINEAR LINEAR
LINEAR LINEAR LINEAR LINEAR LINEAR LINEAR LINEAR LINEAR LINEAR LINEAR LINEAR LINEAR
LINEAR LINEAR</Name_array>
        <technique_common>
          <accessor source="#mixamorig_Neck-Interpolations-array" count="25">
            <param type="name"/>
          </accessor>
        </technique_common>
      </source>
      <sampler id="mixamorig_Neck-Matrix-animation-transform">
        <input semantic="INPUT" source="#mixamorig_Neck-Matrix-animation-input"/>
        <input semantic="OUTPUT" source="#mixamorig_Neck-Matrix-animation-output-transform"/>
        <input semantic="INTERPOLATION" source="#mixamorig_Neck-Interpolations"/>
      </sampler>
      <channel source="#mixamorig_Neck-Matrix-animation-transform" target="mixamorig_Neck/matrix"/>
    </animation>
    <animation id="mixamorig_Head-anim" name="mixamorig_Head">
      <source id="mixamorig_Head-Matrix-animation-input">
        <float_array id="mixamorig_Head-Matrix-animation-input-array" count="25">

0.000000 0.033333 0.066667 0.100000 0.133333 0.166667 0.200000 0.233333 0.266667 0.300000 0.333333 0.366667 0.400000 0.433333 0.466667 0.500000
0.533333 0.566667 0.600000 0.633333 0.666667 0.700000 0.733333 0.766667 0.800000</float_array>
        <technique_common>
          <accessor source="#mixamorig_Head-Matrix-animation-input-array" count="25">
            <param name="TIME" type="float"/>
          </accessor>
        </technique_common>
      </source>
      <source id="mixamorig_Head-Matrix-animation-output-transform">
        <float_array id="mixamorig_Head-Matrix-animation-output-transform-array" count="400">

0.991466 -0.026911 0.127561 0.000000 0.031816 0.998824 -0.036572 8.198500 -0.126426 0.040319 0.991156 5.703100 0.000000 0.000000 0.000000 1.000000
0.991521 -0.024068 0.127700 -0.000000 0.028965 0.998909 -0.036634 8.198500 -0.126679 0.040023 0.991136 5.703100 0.000000 0.000000 0.000000 1.000000
0.991610 -0.021215 0.127514 -0.000000 0.026001 0.999014 -0.035992 8.198500 -0.126625 0.039006 0.991184 5.703100 0.000000 0.000000 0.000000 1.000000
0.991723 -0.018605 0.127040 0.000000 0.023195 0.999127 -0.034748 8.198500 -0.126283 0.037407 0.991289 5.703100 0.000000 0.000000 0.000000 1.000000
0.991854 -0.016540 0.126301 0.000000 0.020861 0.999239 -0.032964 8.198500 -0.125660 0.035331 0.991444 5.703100 0.000000 0.000000 0.000000 1.000000
0.991996 -0.015315 0.125337 -0.000000 0.019315 0.999340 -0.030756 8.198500 -0.124783 0.032930 0.991637 5.703100 0.000000 0.000000 0.000000 1.000000
0.992144 -0.015163 0.124181 0.000000 0.018810 0.999424 -0.028247 8.198500 -0.123681 0.030361 0.991857 5.703100 0.000000 0.000000 0.000000 1.000000
0.992290 -0.016283 0.122863 -0.000000 0.019564 0.999482 -0.025544 8.198500 -0.122383 0.027750 0.992095 5.703100 0.000000 0.000000 0.000000 1.000000
0.992423 -0.018469 0.121473 -0.000000 0.021399 0.999510 -0.022857 8.198500 -0.120991 0.025283 0.992332 5.703100 0.000000 0.000000 0.000000 1.000000
0.992530 -0.021343 0.120117 0.000000 0.023962 0.999505 -0.020397 8.198500 -0.119622 0.023123 0.992550 5.703100 0.000000 0.000000 0.000000 1.000000
0.992601 -0.024674 0.118887 0.000000 0.027042 0.999466 -0.018339 8.198500 -0.118371 0.021418 0.992738 5.703100 0.000000 0.000000 0.000000 1.000000
0.992624 -0.028226 0.117906 0.000000 0.030429 0.999394 -0.016925 8.198500 -0.117357 0.020388 0.992881 5.703100 0.000000 0.000000 0.000000 1.000000
0.992593 -0.031730 0.117273 0.000000 0.033870 0.999293 -0.016303 8.198500 -0.116673 0.020154 0.992966 5.703100 0.000000 0.000000 0.000000 1.000000
0.992516 -0.035050 0.116978 0.000000 0.037218 0.999172 -0.016405 8.198500 -0.116307 0.020636 0.992999 5.703100 0.000000 0.000000 0.000000 1.000000
0.992402 -0.038068 0.116997 0.000000 0.040341 0.999039 -0.017118 8.198500 -0.116233 0.021708 0.992985 5.703100 0.000000 0.000000 0.000000 1.000000
0.992263 -0.040625 0.117319 0.000000 0.043069 0.998903 -0.018372 8.198500 -0.116444 0.023283 0.992924 5.703100 0.000000 0.000000 0.000000 1.000000
0.992111 -0.042619 0.117898 0.000000 0.045286 0.998773 -0.020037 8.198500 -0.116900 0.025219 0.992823 5.703100 0.000000 0.000000 0.000000 1.000000
0.991957 -0.043931 0.118709 0.000000 0.046864 0.998658 -0.022036 8.198500 -0.117582 0.027422 0.992685 5.703100 0.000000 0.000000 0.000000 1.000000
0.991814 -0.044354 0.119736 0.000000 0.047589 0.998572 -0.024293 8.198500 -0.118488 0.029793 0.992508 5.703100 0.000000 0.000000 0.000000 1.000000
0.991694 -0.043813 0.120929 -0.000000 0.047371 0.998520 -0.026704 8.198500 -0.119580 0.032211 0.992302 5.703100 0.000000 0.000000 0.000000 1.000000
0.991603 -0.042132 0.122260 -0.000000 0.046018 0.998516 -0.029134 8.198500 -0.120851 0.034516 0.992070 5.703100 0.000000 0.000000 0.000000 1.000000
0.991546 -0.039194 0.123692 0.000000 0.043387 0.998565 -0.031392 8.198500 -0.122284 0.036493 0.991824 5.703100 0.000000 0.000000 0.000000 1.000000
0.991511 -0.035386 0.125117 -0.000000 0.039856 0.998647 -0.033404 8.198500 -0.123766 0.038107 0.991579 5.703100 0.000000 0.000000 0.000000 1.000000
0.991485 -0.031165 0.126436 0.000000 0.035875 0.998738 -0.035145 8.198500 -0.125181 0.039382 0.991352 5.703100 0.000000 0.000000 0.000000 1.000000
0.991466 -0.026911 0.127561 0.000000 0.031816 0.998824 -0.036572 8.198500 -0.126426 0.040319 0.991156 5.703100 0.000000 0.000000 0.000000 1.000000</float_array>
        <technique_common>
          <accessor source="#mixamorig_Head-Matrix-animation-output-transform-array" count="25" stride="16">
            <param type="float4x4"/>
          </accessor>
        </technique_common>
      </source>
      <source id="mixamorig_Head-Interpolations">
        <Name_array id="mixamorig_Head-Interpolations-array" count="25">
 LINEAR LINEAR LINEAR LINEAR LINEAR LINEAR LINEAR LINEAR LINEAR LINEAR LINEAR
LINEAR LINEAR LINEAR LINEAR LINEAR LINEAR LINEAR LINEAR LINEAR LINEAR LINEAR LINEAR
LINEAR LINEAR</Name_array>
        <technique_common>
          <accessor source="#mixamorig_Head-Interpolations-array" count="25">
            <param type="name"/>
          </accessor>
        </technique_common>
      </source>
      <sampler id="mixamorig_Head-Matrix-animation-transform">
        <input semantic="INPUT" source="#mixamorig_Head-Matrix-animation-input"/>
        <input semantic="OUTPUT" source="#mixamorig_Head-Matrix-animation-output-transform"/>
        <input semantic="INTERPOLATION" source="#mixamorig_Head-Interpolations"/>
      </sampler>
      <channel source="#mixamorig_Head-Matrix-animation-transform" target="mixamorig_Head/matrix"/>
    </animation>
    <animation id="mixamorig_LeftShoulder-anim" name="mixamorig_LeftShoulder">
      <source id="mixamorig_LeftShoulder-Matrix-animation-input">
        <float_array id="mixamorig_LeftShoulder-Matrix-animation-input-array" count="25">

0.000000 0.033333 0.066667 0.100000 0.133333 0.166667 0.200000 0.233333 0.266667 0.300000 0.333333 0.366667 0.400000 0.433333 0.466667 0.500000
0.533333 0.566667 0.600000 0.633333 0.666667 0.700000 0.733333 0.766667 0.800000</float_array>
        <technique_common>
          <accessor source="#mixamorig_LeftShoulder-Matrix-animation-input-array" count="25">
            <param name="TIME" type="float"/>
          </accessor>
        </technique_common>
      </source>
      <source id="mixamorig_LeftShoulder-Matrix-animation-output-transform">
        <float_array id="mixamorig_LeftShoulder-Matrix-animation-output-transform-array" count="400">

0.085020 0.915797 -0.392540 12.584900 -0.119945 -0.381694 -0.916473 11.395200 -0.989133 0.125002 0.077394 -1.453100 0.000000 0.000000 0.000000 1.000000
0.085250 0.915767 -0.392559 12.584900 -0.119873 -0.381704 -0.916478 11.395200 -0.989122 0.125187 0.077236 -1.453100 0.000000 0.000000 0.000000 1.000000
0.085886 0.915702 -0.392574 12.584900 -0.119665 -0.381696 -0.916509 11.395200 -0.989092 0.125693 0.076795 -1.453100 0.000000 0.000000 0.000000 1.000000
0.086853 0.915618 -0.392556 12.584900 -0.119340 -0.381645 -0.916573 11.395200 -0.989047 0.126454 0.076123 -1.453100 0.000000 0.000000 0.000000 1.000000
0.088086 0.915539 -0.392465 12.584900 -0.118908 -0.381515 -0.916683 11.395200 -0.988990 0.127414 0.075259 -1.453100 0.000000 0.000000 0.000000 1.000000
0.089494 0.915489 -0.392265 12.584900 -0.118394 -0.381274 -0.916850 11.395200 -0.988925 0.128495 0.074266 -1.453100 0.000000 0.000000 0.000000 1.000000
0.090993 0.915485 -0.391927 12.584900 -0.117818 -0.380900 -0.917079 11.395200 -0.988858 0.129624 0.073201 -1.453100 0.000000 0.000000 0.000000 1.000000
0.092506 0.915549 -0.391423 12.584900 -0.117197 -0.380365 -0.917381 11.395200 -0.988791 0.130737 0.072113 -1.453100 0.000000 0.000000 0.000000 1.000000
0.093937 0.915680 -0.390775 12.584900 -0.116571 -0.379695 -0.917738 11.395200 -0.988730 0.131763 0.071075 -1.453100 0.000000 0.000000 0.000000 1.000000
0.095197 0.915844 -0.390087 12.584900 -0.115992 -0.378992 -0.918102 11.395200 -0.988678 0.132648 0.070152 -1.453100 0.000000 0.000000 0.000000 1.000000
0.096203 0.916014 -0.389439 12.584900 -0.115508 -0.378337 -0.918433 11.395200 -0.988637 0.133339 0.069410 -1.453100 0.000000 0.000000 0.000000 1.000000
0.096834 0.916160 -0.388938 12.584900 -0.115180 -0.377834 -0.918681 11.395200 -0.988613 0.133758 0.068936 -1.453100 0.000000 0.000000 0.000000 1.000000
0.097021 0.916256 -0.388668 12.584900 -0.115056 -0.377567 -0.918807 11.395200 -0.988610 0.133862 0.068789 -1.453100 0.000000 0.000000 0.000000 1.000000
0.096805 0.916280 -0.388664 12.584900 -0.115126 -0.377569 -0.918797 11.395200 -0.988623 0.133689 0.068938 -1.453100 0.000000 0.000000 0.000000 1.000000
0.096253 0.916260 -0.388849 12.584900 -0.115352 -0.377762 -0.918689 11.395200 -0.988650 0.133281 0.069332 -1.453100 0.000000 0.000000 0.000000 1.000000
0.095420 0.916230 -0.389125 12.584900 -0.115693 -0.378052 -0.918527 11.395200 -0.988691 0.132665 0.069928 -1.453100 0.000000 0.000000 0.000000 1.000000
0.094381 0.916190 -0.389471 12.584900 -0.116118 -0.378416 -0.918323 11.395200 -0.988741 0.131897 0.070671 -1.453100 0.000000 0.000000 0.000000 1.000000
0.093185 0.916144 -0.389868 12.584900 -0.116607 -0.378835 -0.918089 11.395200 -0.988797 0.131013 0.071527 -1.453100 0.000000 0.000000 0.000000 1.000000
0.091881 0.916093 -0.390296 12.584900 -0.117141 -0.379289 -0.917833 11.395200 -0.988856 0.130051 0.072463 -1.453100 0.000000 0.000000 0.000000 1.000000
0.090531 0.916038 -0.390742 12.584900 -0.117693 -0.379763 -0.917567 11.395200 -0.988915 0.129056 0.073431 -1.453100 0.000000 0.000000 0.000000 1.000000
0.089190 0.915982 -0.391181 12.584900 -0.118241 -0.380231 -0.917302 11.395200 -0.988971 0.128067 0.074394 -1.453100 0.000000 0.000000 0.000000 1.000000
0.087912 0.915926 -0.391600 12.584900 -0.118764 -0.380680 -0.917048 11.395200 -0.989023 0.127127 0.075313 -1.453100 0.000000 0.000000 0.000000 1.000000
0.086759 0.915875 -0.391976 12.584900 -0.119234 -0.381085 -0.916819 11.395200 -0.989068 0.126279 0.076142 -1.453100 0.000000 0.000000 0.000000 1.000000
0.085778 0.915832 -0.392294 12.584900 -0.119635 -0.381428 -0.916624 11.395200 -0.989105 0.125559 0.076847 -1.453100 0.000000 0.000000 0.000000 1.000000
0.085020 0.915797 -0.392540 12.584900 -0.119945 -0.381694 -0.916473 11.395200 -0.989133 0.125002 0.077394 -1.453100 0.000000 0.000000 0.000000 1.000000</float_array>
        <technique_common>
          <accessor source="#mixamorig_LeftShoulder-Matrix-animation-output-transform-array" count="25" stride="16">
            <param type="float4x4"/>
          </accessor>
        </technique_common>
      </source>
      <source id="mixamorig_LeftShoulder-Interpolations">
        <Name_array id="mixamorig_LeftShoulder-Interpolations-array" count="25">
 LINEAR LINEAR LINEAR LINEAR LINEAR LINEAR LINEAR LINEAR LINEAR LINEAR LINEAR
LINEAR LINEAR LINEAR LINEAR LINEAR LINEAR LINEAR LINEAR LINEAR LINEAR LINEAR LINEAR
LINEAR LINEAR</Name_array>
        <technique_common>
          <accessor source="#mixamorig_LeftShoulder-Interpolations-array" count="25">
            <param type="name"/>
          </accessor>
        </technique_common>
      </source>
      <sampler id="mixamorig_LeftShoulder-Matrix-animation-transform">
        <input semantic="INPUT" source="#mixamorig_LeftShoulder-Matrix-animation-input"/>
        <input semantic="OUTPUT" source="#mixamorig_LeftShoulder-Matrix-animation-output-transform"/>
        <input semantic="INTERPOLATION" source="#mixamorig_LeftShoulder-Interpolations"/>
      </sampler>
      <channel source="#mixamorig_LeftShoulder-Matrix-animation-transform" target="mixamorig_LeftShoulder/matrix"/>
    </animation>
    <animation id="mixamorig_LeftArm-anim" name="mixamorig_LeftArm">
      <source id="mixamorig_LeftArm-Matrix-animation-input">
        <float_array id="mixamorig_LeftArm-Matrix-animation-input-array" count="25">

0.000000 0.033333 0.066667 0.100000 0.133333 0.166667 0.200000 0.233333 0.266667 0.300000 0.333333 0.366667 0.400000 0.433333 0.466667 0.500000
0.533333 0.566667 0.600000 0.633333 0.666667 0.700000 0.733333 0.766667 0.800000</float_array>
        <technique_common>
          <accessor source="#mixamorig_LeftArm-Matrix-animation-input-array" count="25">
            <param name="TIME" type="float"/>
          </accessor>
        </technique_common>
      </source>
      <source id="mixamorig_LeftArm-Matrix-animation-output-transform">
        <float_array id="mixamorig_LeftArm-Matrix-animation-output-transform-array" count="400">

0.876751 0.281602 -0.389882 0.000000 -0.052495 0.861849 0.504441 15.319300 0.478071 -0.421803 0.770409 0.000000 0.000000 0.000000 0.000000 1.000000
0.877046 0.278580 -0.391386 -0.000000 -0.051730 0.864727 0.499572 15.319300 0.477613 -0.417901 0.772816 0.000000 0.000000 0.000000 0.000000 1.000000
0.877847 0.273360 -0.393267 0.000000 -0.049504 0.868508 0.493198 15.319300 0.476376 -0.413484 0.775949 0.000000 0.000000 0.000000 0.000000 1.000000
0.879013 0.266417 -0.395422 0.000000 -0.045962 0.872812 0.485887 15.319300 0.474578 -0.408926 0.779458 -0.000000 0.000000 0.000000 0.000000 1.000000
0.880401 0.258201 -0.397776 0.000000 -0.041206 0.877262 0.478240 15.319300 0.472436 -0.404652 0.782982 0.000000 0.000000 0.000000 0.000000 1.000000
0.881836 0.249319 -0.400257 0.000000 -0.035447 0.881445 0.470954 15.319300 0.470222 -0.401116 0.786128 -0.000000 0.000000 0.000000 0.000000 1.000000
0.883159 0.240331 -0.402830 -0.000000 -0.028909 0.885030 0.464635 15.319300 0.468182 -0.398701 0.788570 0.000000 0.000000 0.000000 0.000000 1.000000
0.884276 0.231609 -0.405478 0.000000 -0.021642 0.887723 0.459868 15.319300 0.466462 -0.397875 0.790005 0.000000 0.000000 0.000000 0.000000 1.000000
0.885279 0.223082 -0.408063 0.000000 -0.013511 0.889408 0.456915 15.319300 0.464864 -0.398984 0.790388 0.000000 0.000000 0.000000 0.000000 1.000000
0.886134 0.215183 -0.410443 -0.000000 -0.005245 0.890264 0.455414 15.319300 0.463400 -0.401405 0.790022 0.000000 0.000000 0.000000 0.000000 1.000000
0.886803 0.208418 -0.412484 0.000000 0.002453 0.890400 0.455172 15.319300 0.462141 -0.404660 0.789098 0.000000 0.000000 0.000000 0.000000 1.000000
0.887260 0.203460 -0.413974 0.000000 0.008720 0.889906 0.456060 15.319300 0.461188 -0.408253 0.787804 0.000000 0.000000 0.000000 0.000000 1.000000
0.887510 0.200820 -0.414727 0.000000 0.012788 0.888955 0.457817 15.319300 0.460612 -0.411620 0.786388 -0.000000 0.000000 0.000000 0.000000 1.000000
0.887560 0.200964 -0.414548 0.000000 0.013997 0.887660 0.460286 15.319300 0.460479 -0.414335 0.785039 0.000000 0.000000 0.000000 0.000000 1.000000
0.887400 0.204588 -0.413117 0.000000 0.011862 0.885700 0.464106 15.319300 0.460849 -0.416748 0.783543 0.000000 0.000000 0.000000 0.000000 1.000000
0.887021 0.211403 -0.410491 -0.000000 0.006849 0.882908 0.469496 15.319300 0.461679 -0.419264 0.781710 -0.000000 0.000000 0.000000 0.000000 1.000000
0.886433 0.220266 -0.407087 0.000000 -0.000074 0.879576 0.475759 15.319300 0.462857 -0.421698 0.779701 0.000000 0.000000 0.000000 0.000000 1.000000
0.885635 0.230340 -0.403229 0.000000 -0.008196 0.875932 0.482366 15.319300 0.464309 -0.423895 0.777644 0.000000 0.000000 0.000000 0.000000 1.000000
0.884646 0.240731 -0.399311 0.000000 -0.016762 0.872275 0.488729 15.319300 0.465961 -0.425659 0.775690 0.000000 0.000000 0.000000 0.000000 1.000000
0.883530 0.250471 -0.395776 -0.000000 -0.024917 0.868939 0.494291 15.319300 0.467711 -0.426859 0.773975 0.000000 0.000000 0.000000 0.000000 1.000000
0.882291 0.259049 -0.393008 0.000000 -0.032207 0.866205 0.498650 15.319300 0.469600 -0.427297 0.772588 0.000000 0.000000 0.000000 0.000000 1.000000
0.880855 0.266587 -0.391186 0.000000 -0.038738 0.864177 0.501694 15.319300 0.471799 -0.426766 0.771542 0.000000 0.000000 0.000000 0.000000 1.000000
0.879352 0.272945 -0.390181 0.000000 -0.044379 0.862822 0.503557 15.319300 0.474100 -0.425488 0.770837 0.000000 0.000000 0.000000 0.000000 1.000000
0.877935 0.278009 -0.389796 0.000000 -0.049016 0.862058 0.504434 15.319300 0.476264 -0.423754 0.770457 0.000000 0.000000 0.000000 0.000000 1.000000
0.876751 0.281602 -0.389882 0.000000 -0.052495 0.861849 0.504441 15.319300 0.478071 -0.421803 0.770409 0.000000 0.000000 0.000000 0.000000 1.000000</float_array>
        <technique_common>
          <accessor source="#mixamorig_LeftArm-Matrix-animation-output-transform-array" count="25" stride="16">
            <param type="float4x4"/>
          </accessor>
        </technique_common>
      </source>
      <source id="mixamorig_LeftArm-Interpolations">
        <Name_array id="mixamorig_LeftArm-Interpolations-array" count="25">
 LINEAR LINEAR LINEAR LINEAR LINEAR LINEAR LINEAR LINEAR LINEAR LINEAR LINEAR
LINEAR LINEAR LINEAR LINEAR LINEAR LINEAR LINEAR LINEAR LINEAR LINEAR LINEAR LINEAR
LINEAR LINEAR</Name_array>
        <technique_common>
          <accessor source="#mixamorig_LeftArm-Interpolations-array" count="25">
            <param type="name"/>
          </accessor>
        </technique_common>
      </source>
      <sampler id="mixamorig_LeftArm-Matrix-animation-transform">
        <input semantic="INPUT" source="#mixamorig_LeftArm-Matrix-animation-input"/>
        <input semantic="OUTPUT" source="#mixamorig_LeftArm-Matrix-animation-output-transform"/>
        <input semantic="INTERPOLATION" source="#mixamorig_LeftArm-Interpolations"/>
      </sampler>
      <channel source="#mixamorig_LeftArm-Matrix-animation-transform" target="mixamorig_LeftArm/matrix"/>
    </animation>
    <animation id="mixamorig_LeftForeArm-anim" name="mixamorig_LeftForeArm">
      <source id="mixamorig_LeftForeArm-Matrix-animation-input">
        <float_array id="mixamorig_LeftForeArm-Matrix-animation-input-array" count="25">

0.000000 0.033333 0.066667 0.100000 0.133333 0.166667 0.200000 0.233333 0.266667 0.300000 0.333333 0.366667 0.400000 0.433333 0.466667 0.500000
0.533333 0.566667 0.600000 0.633333 0.666667 0.700000 0.733333 0.766667 0.800000</float_array>
        <technique_common>
          <accessor source="#mixamorig_LeftForeArm-Matrix-animation-input-array" count="25">
            <param name="TIME" type="float"/>
          </accessor>
        </technique_common>
      </source>
      <source id="mixamorig_LeftForeArm-Matrix-animation-output-transform">
        <float_array id="mixamorig_LeftForeArm-Matrix-animation-output-transform-array" count="400">

0.932160 -0.332444 -0.143385 -0.000000 0.309211 0.937034 -0.162344 34.109299 0.188327 0.106995 0.976261 0.000000 0.000000 0.000000 0.000000 1.000000
0.935675 -0.322447 -0.143317 0.000000 0.299165 0.940285 -0.162373 34.109299 0.187116 0.109053 0.976266 0.000000 0.000000 0.000000 0.000000 1.000000
0.939163 -0.312293 -0.142988 0.000000 0.288985 0.943449 -0.162454 34.109299 0.185635 0.111250 0.976301 -0.000000 0.000000 0.000000 0.000000 1.000000
0.942517 -0.302286 -0.142427 0.000000 0.278975 0.946436 -0.162579 34.109299 0.183944 0.113500 0.976362 0.000000 0.000000 0.000000 0.000000 1.000000
0.945628 -0.292785 -0.141652 0.000000 0.269498 0.949150 -0.162740 34.109299 0.182096 0.115716 0.976448 0.000000 0.000000 0.000000 0.000000 1.000000
0.948399 -0.284153 -0.140697 -0.000000 0.260916 0.951514 -0.162925 34.109299 0.180171 0.117808 0.976555 -0.000000 0.000000 0.000000 0.000000 1.000000
0.950767 -0.276683 -0.139602 0.000000 0.253520 0.953477 -0.163124 34.109299 0.178241 0.119701 0.976679 0.000000 0.000000 0.000000 0.000000 1.000000
0.952814 -0.270229 -0.138283 0.000000 0.247175 0.955107 -0.163328 34.109299 0.176211 0.121441 0.976833 0.000000 0.000000 0.000000 0.000000 1.000000
0.955031 -0.263284 -0.136372 -0.000000 0.240421 0.956795 -0.163525 34.109299 0.173533 0.123385 0.977068 0.000000 0.000000 0.000000 0.000000 1.000000
0.957201 -0.256482 -0.134101 0.000000 0.233865 0.958388 -0.163707 34.109299 0.170509 0.125339 0.977352 0.000000 0.000000 0.000000 0.000000 1.000000
0.959060 -0.250708 -0.131720 0.000000 0.228367 0.959686 -0.163864 34.109299 0.167492 0.127075 0.977649 0.000000 0.000000 0.000000 0.000000 1.000000
0.960299 -0.247089 -0.129510 0.000000 0.225014 0.960457 -0.163984 34.109299 0.164907 0.128332 0.977925 0.000000 0.000000 0.000000 0.000000 1.000000
0.960663 -0.246584 -0.127759 0.000000 0.224727 0.960512 -0.164059 34.109299 0.163168 0.128894 0.978142 0.000000 0.000000 0.000000 0.000000 1.000000
0.959885 -0.250129 -0.126717 0.000000 0.228405 0.959640 -0.164079 34.109299 0.162644 0.128554 0.978274 -0.000000 0.000000 0.000000 0.000000 1.000000
0.957360 -0.259786 -0.126389 0.000000 0.238110 0.957285 -0.164038 34.109299 0.163605 0.126949 0.978324 0.000000 0.000000 0.000000 0.000000 1.000000
0.953070 -0.275019 -0.126582 0.000000 0.253336 0.953385 -0.163942 34.109299 0.165769 0.124180 0.978315 0.000000 0.000000 0.000000 0.000000 1.000000
0.947656 -0.292872 -0.127179 0.000000 0.271149 0.948497 -0.163805 34.109299 0.168603 0.120746 0.978260 -0.000000 0.000000 0.000000 0.000000 1.000000
0.941731 -0.311017 -0.128104 0.000000 0.289232 0.943169 -0.163635 34.109299 0.171717 0.117048 0.978168 0.000000 0.000000 0.000000 0.000000 1.000000
0.936228 -0.326742 -0.129294 0.000000 0.304880 0.938262 -0.163440 34.109299 0.174715 0.113598 0.978044 0.000000 0.000000 0.000000 0.000000 1.000000
0.932160 -0.337652 -0.130644 0.000000 0.315700 0.934713 -0.163233 34.109299 0.177230 0.110915 0.977899 0.000000 0.000000 0.000000 0.000000 1.000000
0.930095 -0.342650 -0.132340 -0.000000 0.320559 0.933095 -0.163022 34.109299 0.179345 0.109204 0.977706 -0.000000 0.000000 0.000000 0.000000 1.000000
0.929510 -0.343263 -0.134843 0.000000 0.320933 0.933002 -0.162818 34.109299 0.181698 0.108065 0.977398 0.000000 0.000000 0.000000 0.000000 1.000000
0.929931 -0.340938 -0.137807 0.000000 0.318305 0.933934 -0.162631 34.109299 0.184149 0.107371 0.977016 0.000000 0.000000 0.000000 0.000000 1.000000
0.930927 -0.336977 -0.140784 -0.000000 0.314029 0.935409 -0.162470 34.109299 0.186440 0.107038 0.976618 0.000000 0.000000 0.000000 0.000000 1.000000
0.932160 -0.332444 -0.143385 -0.000000 0.309211 0.937034 -0.162344 34.109299 0.188327 0.106995 0.976261 0.000000 0.000000 0.000000 0.000000 1.000000</float_array>
        <technique_common>
          <accessor source="#mixamorig_LeftForeArm-Matrix-animation-output-transform-array" count="25" stride="16">
            <param type="float4x4"/>
          </accessor>
        </technique_common>
      </source>
      <source id="mixamorig_LeftForeArm-Interpolations">
        <Name_array id="mixamorig_LeftForeArm-Interpolations-array" count="25">
 LINEAR LINEAR LINEAR LINEAR LINEAR LINEAR LINEAR LINEAR LINEAR LINEAR LINEAR
LINEAR LINEAR LINEAR LINEAR LINEAR LINEAR LINEAR LINEAR LINEAR LINEAR LINEAR LINEAR
LINEAR LINEAR</Name_array>
        <technique_common>
          <accessor source="#mixamorig_LeftForeArm-Interpolations-array" count="25">
            <param type="name"/>
          </accessor>
        </technique_common>
      </source>
      <sampler id="mixamorig_LeftForeArm-Matrix-animation-transform">
        <input semantic="INPUT" source="#mixamorig_LeftForeArm-Matrix-animation-input"/>
        <input semantic="OUTPUT" source="#mixamorig_LeftForeArm-Matrix-animation-output-transform"/>
        <input semantic="INTERPOLATION" source="#mixamorig_LeftForeArm-Interpolations"/>
      </sampler>
      <channel source="#mixamorig_LeftForeArm-Matrix-animation-transform" target="mixamorig_LeftForeArm/matrix"/>
    </animation>
    <animation id="mixamorig_LeftHand-anim" name="mixamorig_LeftHand">
      <source id="mixamorig_LeftHand-Matrix-animation-input">
        <float_array id="mixamorig_LeftHand-Matrix-animation-input-array" count="25">

0.000000 0.033333 0.066667 0.100000 0.133333 0.166667 0.200000 0.233333 0.266667 0.300000 0.333333 0.366667 0.400000 0.433333 0.466667 0.500000
0.533333 0.566667 0.600000 0.633333 0.666667 0.700000 0.733333 0.766667 0.800000</float_array>
        <technique_common>
          <accessor source="#mixamorig_LeftHand-Matrix-animation-input-array" count="25">
            <param name="TIME" type="float"/>
          </accessor>
        </technique_common>
      </source>
      <source id="mixamorig_LeftHand-Matrix-animation-output-transform">
        <float_array id="mixamorig_LeftHand-Matrix-animation-output-transform-array" count="400">

0.959251 -0.188980 -0.210056 0.000000 0.275221 0.793200 0.543219 41.076000 0.063959 -0.578896 0.812889 0.000000 0.000000 0.000000 0.000000 1.000000
0.959567 -0.187933 -0.209554 -0.000000 0.274261 0.791765 0.545793 41.076000 0.063345 -0.581197 0.811294 0.000000 0.000000 0.000000 0.000000 1.000000
0.960147 -0.186472 -0.208197 -0.000000 0.272545 0.789736 0.549578 41.076000 0.061940 -0.584419 0.809085 0.000000 0.000000 0.000000 0.000000 1.000000
0.960899 -0.184841 -0.206173 -0.000000 0.270315 0.787588 0.553747 41.076000 0.060024 -0.587826 0.806757 0.000000 0.000000 0.000000 0.000000 1.000000
0.961729 -0.183300 -0.203660 -0.000000 0.267818 0.785868 0.557392 41.076000 0.057880 -0.590604 0.804883 0.000000 0.000000 0.000000 0.000000 1.000000
0.962534 -0.182119 -0.200901 0.000000 0.265351 0.785165 0.559557 41.076000 0.055835 -0.591902 0.804074 0.000000 0.000000 0.000000 0.000000 1.000000
0.963227 -0.181502 -0.198118 0.000000 0.263170 0.785972 0.559454 41.076000 0.054173 -0.591020 0.804836 0.000000 0.000000 0.000000 0.000000 1.000000
0.963739 -0.181791 -0.195342 0.000000 0.261518 0.788993 0.555967 41.076000 0.053054 -0.586892 0.807925 0.000000 0.000000 0.000000 0.000000 1.000000
0.964064 -0.183536 -0.192083 -0.000000 0.260504 0.794958 0.547886 41.076000 0.052141 -0.578235 0.814202 0.000000 0.000000 0.000000 0.000000 1.000000
0.964235 -0.186234 -0.188597 -0.000000 0.260026 0.802558 0.536923 41.076000 0.051366 -0.566760 0.822280 0.000000 0.000000 0.000000 0.000000 1.000000
0.964261 -0.189466 -0.185214 -0.000000 0.260048 0.810678 0.524573 41.076000 0.050760 -0.553989 0.830975 0.000000 0.000000 0.000000 0.000000 1.000000
0.964133 -0.192845 -0.182368 0.000000 0.260597 0.818154 0.512555 41.076000 0.050362 -0.541696 0.839064 0.000000 0.000000 0.000000 0.000000 1.000000
0.963851 -0.195990 -0.180496 0.000000 0.261673 0.823890 0.502725 41.076000 0.050180 -0.531783 0.845393 0.000000 0.000000 0.000000 0.000000 1.000000
0.963394 -0.198663 -0.180012 0.000000 0.263341 0.827069 0.496597 41.076000 0.050227 -0.525823 0.849110 -0.000000 0.000000 0.000000 0.000000 1.000000
0.962585 -0.201431 -0.181262 -0.000000 0.266226 0.827728 0.493954 41.076000 0.050538 -0.523729 0.850385 0.000000 0.000000 0.000000 0.000000 1.000000
0.961396 -0.204611 -0.183990 0.000000 0.270382 0.826621 0.493550 41.076000 0.051104 -0.524244 0.850033 0.000000 0.000000 0.000000 0.000000 1.000000
0.960023 -0.207744 -0.187614 0.000000 0.275079 0.824289 0.494852 41.076000 0.051845 -0.526678 0.848482 0.000000 0.000000 0.000000 0.000000 1.000000
0.958630 -0.210434 -0.191691 -0.000000 0.279732 0.821119 0.497507 41.076000 0.052709 -0.530547 0.846015 -0.000000 0.000000 0.000000 0.000000 1.000000
0.957430 -0.212176 -0.195727 -0.000000 0.283632 0.817521 0.501210 41.076000 0.053666 -0.535388 0.842900 0.000000 0.000000 0.000000 0.000000 1.000000
0.956614 -0.212608 -0.199216 0.000000 0.286179 0.813993 0.505486 41.076000 0.054690 -0.540567 0.839521 0.000000 0.000000 0.000000 0.000000 1.000000
0.956323 -0.211259 -0.202029 -0.000000 0.286913 0.810609 0.510485 41.076000 0.055922 -0.546153 0.835817 0.000000 0.000000 0.000000 0.000000 1.000000
0.956557 -0.207711 -0.204583 0.000000 0.285788 0.806791 0.517121 41.076000 0.057644 -0.553123 0.831103 -0.000000 0.000000 0.000000 0.000000 1.000000
0.957206 -0.202420 -0.206842 0.000000 0.283183 0.802538 0.525110 41.076000 0.059706 -0.561212 0.825516 0.000000 0.000000 0.000000 0.000000 1.000000
0.958136 -0.196008 -0.208702 0.000000 0.279547 0.797972 0.533942 41.076000 0.061882 -0.569931 0.819359 0.000000 0.000000 0.000000 0.000000 1.000000
0.959251 -0.188980 -0.210056 0.000000 0.275221 0.793200 0.543220 41.076000 0.063959 -0.578896 0.812889 0.000000 0.000000 0.000000 0.000000 1.000000</float_array>
        <technique_common>
          <accessor source="#mixamorig_LeftHand-Matrix-animation-output-transform-array" count="25" stride="16">
            <param type="float4x4"/>
          </accessor>
        </technique_common>
      </source>
      <source id="mixamorig_LeftHand-Interpolations">
        <Name_array id="mixamorig_LeftHand-Interpolations-array" count="25">
 LINEAR LINEAR LINEAR LINEAR LINEAR LINEAR LINEAR LINEAR LINEAR LINEAR LINEAR
LINEAR LINEAR LINEAR LINEAR LINEAR LINEAR LINEAR LINEAR LINEAR LINEAR LINEAR LINEAR
LINEAR LINEAR</Name_array>
        <technique_common>
          <accessor source="#mixamorig_LeftHand-Interpolations-array" count="25">
            <param type="name"/>
          </accessor>
        </technique_common>
      </source>
      <sampler id="mixamorig_LeftHand-Matrix-animation-transform">
        <input semantic="INPUT" source="#mixamorig_LeftHand-Matrix-animation-input"/>
        <input semantic="OUTPUT" source="#mixamorig_LeftHand-Matrix-animation-output-transform"/>
        <input semantic="INTERPOLATION" source="#mixamorig_LeftHand-Interpolations"/>
      </sampler>
      <channel source="#mixamorig_LeftHand-Matrix-animation-transform" target="mixamorig_LeftHand/matrix"/>
    </animation>
    <animation id="mixamorig_LeftHandThumb1-anim" name="mixamorig_LeftHandThumb1">
      <source id="mixamorig_LeftHandThumb1-Matrix-animation-input">
        <float_array id="mixamorig_LeftHandThumb1-Matrix-animation-input-array" count="25">

0.000000 0.033333 0.066667 0.100000 0.133333 0.166667 0.200000 0.233333 0.266667 0.300000 0.333333 0.366667 0.400000 0.433333 0.466667 0.500000
0.533333 0.566667 0.600000 0.633333 0.666667 0.700000 0.733333 0.766667 0.800000</float_array>
        <technique_common>
          <accessor source="#mixamorig_LeftHandThumb1-Matrix-animation-input-array" count="25">
            <param name="TIME" type="float"/>
          </accessor>
        </technique_common>
      </source>
      <source id="mixamorig_LeftHandThumb1-Matrix-animation-output-transform">
        <float_array id="mixamorig_LeftHandThumb1-Matrix-animation-output-transform-array" count="400">

0.889484 -0.303402 0.341710 -9.706200 0.442375 0.759171 -0.477456 9.904300 -0.114555 0.575854 0.809487 7.213800 0.000000 0.000000 0.000000 1.000000
0.888913 -0.307683 0.339360 -9.706200 0.444506 0.758368 -0.476752 9.904300 -0.110671 0.574639 0.810890 7.213800 0.000000 0.000000 0.000000 1.000000
0.887770 -0.317149 0.333588 -9.706200 0.448922 0.756647 -0.475346 9.904300 -0.101653 0.571753 0.814104 7.213800 0.000000 0.000000 0.000000 1.000000
0.886456 -0.328888 0.325621 -9.706200 0.454009 0.754539 -0.473864 9.904300 -0.089846 0.567894 0.818184 7.213800 0.000000 0.000000 0.000000 1.000000
0.885542 -0.339775 0.316809 -9.706200 0.458002 0.752708 -0.472931 9.904300 -0.077775 0.563900 0.822173 7.213800 0.000000 0.000000 0.000000 1.000000
0.885763 -0.346470 0.308840 -9.706200 0.459081 0.751951 -0.473090 9.904300 -0.068322 0.560829 0.825108 7.213800 0.000000 0.000000 0.000000 1.000000
0.887800 -0.346204 0.303239 -9.706200 0.455762 0.752941 -0.474722 9.904300 -0.063970 0.559663 0.826248 7.213800 0.000000 0.000000 0.000000 1.000000
0.892205 -0.336394 0.301346 -9.706200 0.446631 0.756203 -0.478203 9.904300 -0.067014 0.561245 0.824932 7.213800 0.000000 0.000000 0.000000 1.000000
0.898464 -0.317710 0.303024 -9.706200 0.432219 0.761302 -0.483328 9.904300 -0.077134 0.565225 0.821322 7.213800 0.000000 0.000000 0.000000 1.000000
0.905142 -0.294245 0.306818 -9.706200 0.415185 0.766918 -0.489345 9.904300 -0.091317 0.570313 0.816336 7.213800 0.000000 0.000000 0.000000 1.000000
0.911255 -0.269104 0.311764 -9.706200 0.397602 0.772180 -0.495632 9.904300 -0.107361 0.575605 0.810650 7.213800 0.000000 0.000000 0.000000 1.000000
0.915990 -0.245928 0.316988 -9.706200 0.381938 0.776402 -0.501321 9.904300 -0.122821 0.580275 0.805106 7.213800 0.000000 0.000000 0.000000 1.000000
0.918899 -0.228396 0.321651 -9.706200 0.370601 0.779223 -0.505436 9.904300 -0.135198 0.583649 0.800672 7.213800 0.000000 0.000000 0.000000 1.000000
0.920008 -0.218910 0.325058 -9.706200 0.365001 0.780621 -0.507351 9.904300 -0.142683 0.585413 0.798081 7.213800 0.000000 0.000000 0.000000 1.000000
0.919699 -0.216882 0.327285 -9.706200 0.364633 0.780917 -0.507161 9.904300 -0.145589 0.585774 0.797291 7.213800 0.000000 0.000000 0.000000 1.000000
0.918404 -0.219829 0.328953 -9.706200 0.367869 0.780492 -0.505474 9.904300 -0.145627 0.585241 0.797675 7.213800 0.000000 0.000000 0.000000 1.000000
0.916363 -0.226235 0.330299 -9.706200 0.373662 0.779491 -0.502762 9.904300 -0.143723 0.584133 0.798832 7.213800 0.000000 0.000000 0.000000 1.000000
0.913717 -0.235009 0.331499 -9.706200 0.381271 0.777988 -0.499367 9.904300 -0.140546 0.582671 0.800463 7.213800 0.000000 0.000000 0.000000 1.000000
0.910613 -0.245054 0.332766 -9.706200 0.389967 0.776058 -0.495641 9.904300 -0.136786 0.581105 0.802251 7.213800 0.000000 0.000000 0.000000 1.000000
0.907294 -0.255045 0.334320 -9.706200 0.398828 0.773878 -0.491985 9.904300 -0.133245 0.579711 0.803854 7.213800 0.000000 0.000000 0.000000 1.000000
0.903822 -0.264755 0.336172 -9.706200 0.407690 0.771427 -0.488559 9.904300 -0.129984 0.578624 0.805170 7.213800 0.000000 0.000000 0.000000 1.000000
0.900018 -0.275263 0.337932 -9.706200 0.417212 0.768423 -0.485243 9.904300 -0.126105 0.577717 0.806437 7.213800 0.000000 0.000000 0.000000 1.000000
0.896138 -0.285820 0.339475 -9.706200 0.426697 0.765134 -0.482182 9.904300 -0.121927 0.576954 0.807625 7.213800 0.000000 0.000000 0.000000 1.000000
0.892512 -0.295486 0.340750 -9.706200 0.435333 0.761928 -0.479533 9.904300 -0.117932 0.576328 0.808664 7.213800 0.000000 0.000000 0.000000 1.000000
0.889484 -0.303401 0.341711 -9.706200 0.442375 0.759170 -0.477457 9.904300 -0.114556 0.575854 0.809487 7.213800 0.000000 0.000000 0.000000 1.000000</float_array>
        <technique_common>
          <accessor source="#mixamorig_LeftHandThumb1-Matrix-animation-output-transform-array" count="25" stride="16">
            <param type="float4x4"/>
          </accessor>
        </technique_common>
      </source>
      <source id="mixamorig_LeftHandThumb1-Interpolations">
        <Name_array id="mixamorig_LeftHandThumb1-Interpolations-array" count="25">
 LINEAR LINEAR LINEAR LINEAR LINEAR LINEAR LINEAR LINEAR LINEAR LINEAR LINEAR
LINEAR LINEAR LINEAR LINEAR LINEAR LINEAR LINEAR LINEAR LINEAR LINEAR LINEAR LINEAR
LINEAR LINEAR</Name_array>
        <technique_common>
          <accessor source="#mixamorig_LeftHandThumb1-Interpolations-array" count="25">
            <param type="name"/>
          </accessor>
        </technique_common>
      </source>
      <sampler id="mixamorig_LeftHandThumb1-Matrix-animation-transform">
        <input semantic="INPUT" source="#mixamorig_LeftHandThumb1-Matrix-animation-input"/>
        <input semantic="OUTPUT" source="#mixamorig_LeftHandThumb1-Matrix-animation-output-transform"/>
        <input semantic="INTERPOLATION" source="#mixamorig_LeftHandThumb1-Interpolations"/>
      </sampler>
      <channel source="#mixamorig_LeftHandThumb1-Matrix-animation-transform" target="mixamorig_LeftHandThumb1/matrix"/>
    </animation>
    <animation id="mixamorig_LeftHandThumb2-anim" name="mixamorig_LeftHandThumb2">
      <source id="mixamorig_LeftHandThumb2-Matrix-animation-input">
        <float_array id="mixamorig_LeftHandThumb2-Matrix-animation-input-array" count="25">

0.000000 0.033333 0.066667 0.100000 0.133333 0.166667 0.200000 0.233333 0.266667 0.300000 0.333333 0.366667 0.400000 0.433333 0.466667 0.500000
0.533333 0.566667 0.600000 0.633333 0.666667 0.700000 0.733333 0.766667 0.800000</float_array>
        <technique_common>
          <accessor source="#mixamorig_LeftHandThumb2-Matrix-animation-input-array" count="25">
            <param name="TIME" type="float"/>
          </accessor>
        </technique_common>
      </source>
      <source id="mixamorig_LeftHandThumb2-Matrix-animation-output-transform">
        <float_array id="mixamorig_LeftHandThumb2-Matrix-animation-output-transform-array" count="400">

0.999998 0.001690 0.001278 0.000000 -0.001708 0.999890 0.014728 2.369000 -0.001253 -0.014730 0.999891 0.000000 0.000000 0.000000 0.000000 1.000000
0.999997 0.001637 0.001540 0.000000 -0.001659 0.999896 0.014341 2.369000 -0.001516 -0.014343 0.999896 0.000000 0.000000 0.000000 0.000000 1.000000
0.999996 0.001505 0.002260 -0.000000 -0.001535 0.999911 0.013279 2.369000 -0.002239 -0.013282 0.999909 0.000000 0.000000 0.000000 0.000000 1.000000
0.999994 0.001311 0.003351 0.000000 -0.001350 0.999931 0.011669 2.369000 -0.003335 -0.011674 0.999926 0.000000 0.000000 0.000000 0.000000 1.000000
0.999988 0.001067 0.004737 0.000000 -0.001113 0.999953 0.009627 2.369000 -0.004726 -0.009632 0.999942 0.000000 0.000000 0.000000 0.000000 1.000000
0.999980 0.000799 0.006312 0.000000 -0.000845 0.999973 0.007309 2.369000 -0.006306 -0.007314 0.999953 -0.000000 0.000000 0.000000 0.000000 1.000000
0.999968 0.000830 0.007977 0.000000 -0.000868 0.999988 0.004828 2.369000 -0.007973 -0.004835 0.999957 0.000000 0.000000 0.000000 0.000000 1.000000
0.999944 0.004469 0.009642 0.000000 -0.004488 0.999988 0.001935 2.369000 -0.009633 -0.001978 0.999952 0.000000 0.000000 0.000000 0.000000 1.000000
0.999865 0.012001 0.011198 0.000000 -0.011988 0.999927 -0.001245 2.369000 -0.011212 0.001111 0.999937 0.000000 0.000000 0.000000 0.000000 1.000000
0.999692 0.021394 0.012546 0.000000 -0.021341 0.999763 -0.004345 2.369000 -0.012636 0.004076 0.999912 0.000000 0.000000 0.000000 0.000000 1.000000
0.999414 0.031405 0.013598 0.000000 -0.031311 0.999485 -0.007092 2.369000 -0.013813 0.006662 0.999882 -0.000000 0.000000 0.000000 0.000000 1.000000
0.999073 0.040620 0.014234 0.000000 -0.040492 0.999138 -0.009139 2.369000 -0.014593 0.008555 0.999857 0.000000 0.000000 0.000000 0.000000 1.000000
0.998762 0.047616 0.014388 -0.000000 -0.047472 0.998820 -0.010216 2.369000 -0.014857 0.009520 0.999844 0.000000 0.000000 0.000000 0.000000 1.000000
0.998585 0.051260 0.014125 0.000000 -0.051118 0.998640 -0.010269 2.369000 -0.014633 0.009532 0.999848 -0.000000 0.000000 0.000000 0.000000 1.000000
0.998589 0.051352 0.013517 0.000000 -0.051228 0.998643 -0.009376 2.369000 -0.013980 0.008670 0.999865 0.000000 0.000000 0.000000 0.000000 1.000000
0.998727 0.048836 0.012614 0.000000 -0.048741 0.998782 -0.007723 2.369000 -0.012976 0.007098 0.999891 0.000000 0.000000 0.000000 0.000000 1.000000
0.998938 0.044619 0.011489 0.000000 -0.044557 0.998991 -0.005535 2.369000 -0.011724 0.005017 0.999919 0.000000 0.000000 0.000000 0.000000 1.000000
0.999173 0.039374 0.010193 0.000000 -0.039345 0.999221 -0.002974 2.369000 -0.010302 0.002571 0.999944 0.000000 0.000000 0.000000 0.000000 1.000000
0.999389 0.033821 0.008776 -0.000000 -0.033820 0.999428 -0.000198 2.369000 -0.008778 -0.000099 0.999961 -0.000000 0.000000 0.000000 0.000000 1.000000
0.999560 0.028752 0.007306 0.000000 -0.028772 0.999583 0.002594 2.369000 -0.007228 -0.002803 0.999970 0.000000 0.000000 0.000000 0.000000 1.000000
0.999694 0.024049 0.005841 0.000000 -0.024080 0.999696 0.005330 2.369000 -0.005711 -0.005469 0.999969 0.000000 0.000000 0.000000 0.000000 1.000000
0.999820 0.018437 0.004446 0.000000 -0.018473 0.999797 0.008068 2.369000 -0.004296 -0.008149 0.999958 0.000000 0.000000 0.000000 0.000000 1.000000
0.999918 0.012384 0.003187 0.000000 -0.012417 0.999866 0.010652 2.369000 -0.003054 -0.010690 0.999938 -0.000000 0.000000 0.000000 0.000000 1.000000
0.999976 0.006589 0.002112 0.000000 -0.006616 0.999895 0.012923 2.369000 -0.002027 -0.012936 0.999914 0.000000 0.000000 0.000000 0.000000 1.000000
0.999998 0.001690 0.001278 0.000000 -0.001708 0.999890 0.014728 2.369000 -0.001253 -0.014730 0.999891 0.000000 0.000000 0.000000 0.000000 1.000000</float_array>
        <technique_common>
          <accessor source="#mixamorig_LeftHandThumb2-Matrix-animation-output-transform-array" count="25" stride="16">
            <param type="float4x4"/>
          </accessor>
        </technique_common>
      </source>
      <source id="mixamorig_LeftHandThumb2-Interpolations">
        <Name_array id="mixamorig_LeftHandThumb2-Interpolations-array" count="25">
 LINEAR LINEAR LINEAR LINEAR LINEAR LINEAR LINEAR LINEAR LINEAR LINEAR LINEAR
LINEAR LINEAR LINEAR LINEAR LINEAR LINEAR LINEAR LINEAR LINEAR LINEAR LINEAR LINEAR
LINEAR LINEAR</Name_array>
        <technique_common>
          <accessor source="#mixamorig_LeftHandThumb2-Interpolations-array" count="25">
            <param type="name"/>
          </accessor>
        </technique_common>
      </source>
      <sampler id="mixamorig_LeftHandThumb2-Matrix-animation-transform">
        <input semantic="INPUT" source="#mixamorig_LeftHandThumb2-Matrix-animation-input"/>
        <input semantic="OUTPUT" source="#mixamorig_LeftHandThumb2-Matrix-animation-output-transform"/>
        <input semantic="INTERPOLATION" source="#mixamorig_LeftHandThumb2-Interpolations"/>
      </sampler>
      <channel source="#mixamorig_LeftHandThumb2-Matrix-animation-transform" target="mixamorig_LeftHandThumb2/matrix"/>
    </animation>
    <animation id="mixamorig_LeftHandThumb3-anim" name="mixamorig_LeftHandThumb3">
      <source id="mixamorig_LeftHandThumb3-Matrix-animation-input">
        <float_array id="mixamorig_LeftHandThumb3-Matrix-animation-input-array" count="25">

0.000000 0.033333 0.066667 0.100000 0.133333 0.166667 0.200000 0.233333 0.266667 0.300000 0.333333 0.366667 0.400000 0.433333 0.466667 0.500000
0.533333 0.566667 0.600000 0.633333 0.666667 0.700000 0.733333 0.766667 0.800000</float_array>
        <technique_common>
          <accessor source="#mixamorig_LeftHandThumb3-Matrix-animation-input-array" count="25">
            <param name="TIME" type="float"/>
          </accessor>
        </technique_common>
      </source>
      <source id="mixamorig_LeftHandThumb3-Matrix-animation-output-transform">
        <float_array id="mixamorig_LeftHandThumb3-Matrix-animation-output-transform-array" count="400">

1.000000 0.000000 0.000067 0.000000 -0.000000 1.000000 -0.000000 2.785200 -0.000067 0.000000 1.000000 0.000000 0.000000 0.000000 0.000000 1.000000
1.000000 0.000000 0.000067 0.000000 -0.000000 1.000000 0.000000 2.785200 -0.000067 -0.000000 1.000000 0.000000 0.000000 0.000000 0.000000 1.000000
1.000000 0.000000 0.000067 0.000000 -0.000000 1.000000 -0.000000 2.785200 -0.000067 0.000000 1.000000 0.000000 0.000000 0.000000 0.000000 1.000000
1.000000 0.000000 0.000067 0.000000 -0.000000 1.000000 -0.000000 2.785200 -0.000067 0.000000 1.000000 0.000000 0.000000 0.000000 0.000000 1.000000
1.000000 -0.000000 0.000067 0.000000 0.000000 1.000000 0.000000 2.785200 -0.000067 -0.000000 1.000000 0.000000 0.000000 0.000000 0.000000 1.000000
1.000000 0.000000 0.000067 0.000000 -0.000000 1.000000 -0.000000 2.785200 -0.000067 0.000000 1.000000 -0.000000 0.000000 0.000000 0.000000 1.000000
1.000000 0.000000 0.000067 0.000000 -0.000000 1.000000 0.000000 2.785200 -0.000067 -0.000000 1.000000 0.000000 0.000000 0.000000 0.000000 1.000000
1.000000 -0.000000 0.000067 0.000000 0.000000 1.000000 -0.000000 2.785200 -0.000067 0.000000 1.000000 0.000000 0.000000 0.000000 0.000000 1.000000
1.000000 -0.000000 0.000067 0.000000 0.000000 1.000000 0.000000 2.785200 -0.000067 -0.000000 1.000000 0.000000 0.000000 0.000000 0.000000 1.000000
1.000000 0.000000 0.000067 0.000000 -0.000000 1.000000 -0.000000 2.785200 -0.000067 0.000000 1.000000 0.000000 0.000000 0.000000 0.000000 1.000000
1.000000 -0.000000 0.000067 0.000000 0.000000 1.000000 -0.000000 2.785200 -0.000067 0.000000 1.000000 0.000000 0.000000 0.000000 0.000000 1.000000
1.000000 0.000000 0.000067 0.000000 -0.000000 1.000000 -0.000000 2.785200 -0.000067 0.000000 1.000000 0.000000 0.000000 0.000000 0.000000 1.000000
1.000000 0.000000 0.000067 0.000000 -0.000000 1.000000 0.000000 2.785200 -0.000067 -0.000000 1.000000 0.000000 0.000000 0.000000 0.000000 1.000000
1.000000 0.000000 0.000067 0.000000 -0.000000 1.000000 -0.000000 2.785200 -0.000067 0.000000 1.000000 0.000000 0.000000 0.000000 0.000000 1.000000
1.000000 0.000000 0.000067 0.000000 -0.000000 1.000000 -0.000000 2.785200 -0.000067 0.000000 1.000000 0.000000 0.000000 0.000000 0.000000 1.000000
1.000000 0.000000 0.000067 -0.000000 -0.000000 1.000000 -0.000000 2.785200 -0.000067 0.000000 1.000000 0.000000 0.000000 0.000000 0.000000 1.000000
1.000000 0.000000 0.000067 0.000000 -0.000000 1.000000 0.000000 2.785200 -0.000067 -0.000000 1.000000 0.000000 0.000000 0.000000 0.000000 1.000000
1.000000 0.000000 0.000067 0.000000 -0.000000 1.000000 -0.000000 2.785200 -0.000067 0.000000 1.000000 0.000000 0.000000 0.000000 0.000000 1.000000
1.000000 -0.000000 0.000067 0.000000 0.000000 1.000000 0.000000 2.785200 -0.000067 -0.000000 1.000000 -0.000000 0.000000 0.000000 0.000000 1.000000
1.000000 -0.000000 0.000067 -0.000000 0.000000 1.000000 -0.000000 2.785200 -0.000067 0.000000 1.000000 0.000000 0.000000 0.000000 0.000000 1.000000
1.000000 -0.000000 0.000067 0.000000 0.000000 1.000000 0.000000 2.785200 -0.000067 -0.000000 1.000000 0.000000 0.000000 0.000000 0.000000 1.000000
1.000000 -0.000000 0.000067 0.000000 0.000000 1.000000 0.000000 2.785200 -0.000067 -0.000000 1.000000 0.000000 0.000000 0.000000 0.000000 1.000000
1.000000 -0.000000 0.000067 0.000000 0.000000 1.000000 -0.000000 2.785200 -0.000067 0.000000 1.000000 0.000000 0.000000 0.000000 0.000000 1.000000
1.000000 -0.000000 0.000067 0.000000 0.000000 1.000000 0.000000 2.785200 -0.000067 -0.000000 1.000000 -0.000000 0.000000 0.000000 0.000000 1.000000
1.000000 0.000000 0.000067 0.000000 -0.000000 1.000000 0.000000 2.785200 -0.000067 -0.000000 1.000000 0.000000 0.000000 0.000000 0.000000 1.000000</float_array>
        <technique_common>
          <accessor source="#mixamorig_LeftHandThumb3-Matrix-animation-output-transform-array" count="25" stride="16">
            <param type="float4x4"/>
          </accessor>
        </technique_common>
      </source>
      <source id="mixamorig_LeftHandThumb3-Interpolations">
        <Name_array id="mixamorig_LeftHandThumb3-Interpolations-array" count="25">
 LINEAR LINEAR LINEAR LINEAR LINEAR LINEAR LINEAR LINEAR LINEAR LINEAR LINEAR
LINEAR LINEAR LINEAR LINEAR LINEAR LINEAR LINEAR LINEAR LINEAR LINEAR LINEAR LINEAR
LINEAR LINEAR</Name_array>
        <technique_common>
          <accessor source="#mixamorig_LeftHandThumb3-Interpolations-array" count="25">
            <param type="name"/>
          </accessor>
        </technique_common>
      </source>
      <sampler id="mixamorig_LeftHandThumb3-Matrix-animation-transform">
        <input semantic="INPUT" source="#mixamorig_LeftHandThumb3-Matrix-animation-input"/>
        <input semantic="OUTPUT" source="#mixamorig_LeftHandThumb3-Matrix-animation-output-transform"/>
        <input semantic="INTERPOLATION" source="#mixamorig_LeftHandThumb3-Interpolations"/>
      </sampler>
      <channel source="#mixamorig_LeftHandThumb3-Matrix-animation-transform" target="mixamorig_LeftHandThumb3/matrix"/>
    </animation>
    <animation id="mixamorig_LeftHandIndex1-anim" name="mixamorig_LeftHandIndex1">
      <source id="mixamorig_LeftHandIndex1-Matrix-animation-input">
        <float_array id="mixamorig_LeftHandIndex1-Matrix-animation-input-array" count="25">

0.000000 0.033333 0.066667 0.100000 0.133333 0.166667 0.200000 0.233333 0.266667 0.300000 0.333333 0.366667 0.400000 0.433333 0.466667 0.500000
0.533333 0.566667 0.600000 0.633333 0.666667 0.700000 0.733333 0.766667 0.800000</float_array>
        <technique_common>
          <accessor source="#mixamorig_LeftHandIndex1-Matrix-animation-input-array" count="25">
            <param name="TIME" type="float"/>
          </accessor>
        </technique_common>
      </source>
      <source id="mixamorig_LeftHandIndex1-Matrix-animation-output-transform">
        <float_array id="mixamorig_LeftHandIndex1-Matrix-animation-output-transform-array" count="400">

0.991479 -0.130070 -0.007114 -4.736600 0.129281 0.989226 -0.068692 18.296801 0.015972 0.067187 0.997613 0.973500 0.000000 0.000000 0.000000 1.000000
0.991494 -0.129954 -0.007182 -4.736600 0.129165 0.989260 -0.068417 18.296801 0.015996 0.066907 0.997631 0.973500 0.000000 0.000000 0.000000 1.000000
0.991523 -0.129726 -0.007259 -4.736600 0.128931 0.989285 -0.068499 18.296801 0.016067 0.066983 0.997625 0.973500 0.000000 0.000000 0.000000 1.000000
0.991557 -0.129465 -0.007270 -4.736600 0.128656 0.989257 -0.069412 18.296801 0.016178 0.067890 0.997562 0.973500 0.000000 0.000000 0.000000 1.000000
0.991585 -0.129261 -0.007129 -4.736600 0.128424 0.989121 -0.071740 18.296801 0.016325 0.070221 0.997398 0.973500 0.000000 0.000000 0.000000 1.000000
0.991595 -0.129207 -0.006754 -4.736600 0.128327 0.988813 -0.076027 18.296801 0.016501 0.074522 0.997083 0.973500 0.000000 0.000000 0.000000 1.000000
0.991577 -0.129377 -0.006076 -4.736600 0.128438 0.988265 -0.082685 18.296801 0.016702 0.081208 0.996557 0.973500 0.000000 0.000000 0.000000 1.000000
0.991517 -0.129885 -0.004975 -4.736600 0.128873 0.987334 -0.092538 18.296801 0.016931 0.091112 0.995697 0.973500 0.000000 0.000000 0.000000 1.000000
0.991395 -0.130862 -0.003298 -4.736600 0.129769 0.985796 -0.106610 18.296801 0.017202 0.105265 0.994295 0.973500 0.000000 0.000000 0.000000 1.000000
0.991236 -0.132096 -0.001305 -4.736600 0.130938 0.983762 -0.122751 18.296801 0.017499 0.121504 0.992437 0.973500 0.000000 0.000000 0.000000 1.000000
0.991061 -0.133409 0.000763 -4.736600 0.132218 0.981422 -0.139031 18.296801 0.017799 0.137889 0.990288 0.973500 0.000000 0.000000 0.000000 1.000000
0.990894 -0.134617 0.002620 -4.736600 0.133425 0.979142 -0.153227 18.296801 0.018061 0.152181 0.988188 0.973500 0.000000 0.000000 0.000000 1.000000
0.990763 -0.135545 0.003982 -4.736600 0.134372 0.977393 -0.163242 18.296801 0.018235 0.162269 0.986578 0.973500 0.000000 0.000000 0.000000 1.000000
0.990691 -0.136054 0.004631 -4.736600 0.134899 0.976572 -0.167660 18.296801 0.018289 0.166723 0.985834 0.973500 0.000000 0.000000 0.000000 1.000000
0.990682 -0.136123 0.004536 -4.736600 0.134975 0.976780 -0.166380 18.296801 0.018217 0.165442 0.986051 0.973500 0.000000 0.000000 0.000000 1.000000
0.990719 -0.135869 0.003884 -4.736600 0.134720 0.977749 -0.160805 18.296801 0.018050 0.159836 0.986979 0.973500 0.000000 0.000000 0.000000 1.000000
0.990787 -0.135401 0.002867 -4.736600 0.134254 0.979164 -0.152358 18.296801 0.017822 0.151339 0.988321 0.973500 0.000000 0.000000 0.000000 1.000000
0.990872 -0.134799 0.001625 -4.736600 0.133660 0.980790 -0.142078 18.296801 0.017558 0.140999 0.989854 0.973500 0.000000 0.000000 0.000000 1.000000
0.990961 -0.134151 0.000304 -4.736600 0.133033 0.982407 -0.131069 18.296801 0.017285 0.129924 0.991373 0.973500 0.000000 0.000000 0.000000 1.000000
0.991040 -0.133562 -0.000933 -4.736600 0.132476 0.983824 -0.120583 18.296801 0.017023 0.119380 0.992703 0.973500 0.000000 0.000000 0.000000 1.000000
0.991112 -0.133010 -0.002096 -4.736600 0.131965 0.985065 -0.110599 18.296801 0.016776 0.109339 0.993863 0.973500 0.000000 0.000000 0.000000 1.000000
0.991202 -0.132311 -0.003411 -4.736600 0.131319 0.986334 -0.099504 18.296801 0.016530 0.098180 0.995031 0.973500 0.000000 0.000000 0.000000 1.000000
0.991302 -0.131523 -0.004779 -4.736600 0.130595 0.987514 -0.088099 18.296801 0.016306 0.086709 0.996100 0.973500 0.000000 0.000000 0.000000 1.000000
0.991398 -0.130744 -0.006055 -4.736600 0.129889 0.988496 -0.077490 18.296801 0.016116 0.076036 0.996975 0.973500 0.000000 0.000000 0.000000 1.000000
0.991479 -0.130070 -0.007114 -4.736600 0.129281 0.989226 -0.068692 18.296801 0.015972 0.067187 0.997613 0.973500 0.000000 0.000000 0.000000 1.000000</float_array>
        <technique_common>
          <accessor source="#mixamorig_LeftHandIndex1-Matrix-animation-output-transform-array" count="25" stride="16">
            <param type="float4x4"/>
          </accessor>
        </technique_common>
      </source>
      <source id="mixamorig_LeftHandIndex1-Interpolations">
        <Name_array id="mixamorig_LeftHandIndex1-Interpolations-array" count="25">
 LINEAR LINEAR LINEAR LINEAR LINEAR LINEAR LINEAR LINEAR LINEAR LINEAR LINEAR
LINEAR LINEAR LINEAR LINEAR LINEAR LINEAR LINEAR LINEAR LINEAR LINEAR LINEAR LINEAR
LINEAR LINEAR</Name_array>
        <technique_common>
          <accessor source="#mixamorig_LeftHandIndex1-Interpolations-array" count="25">
            <param type="name"/>
          </accessor>
        </technique_common>
      </source>
      <sampler id="mixamorig_LeftHandIndex1-Matrix-animation-transform">
        <input semantic="INPUT" source="#mixamorig_LeftHandIndex1-Matrix-animation-input"/>
        <input semantic="OUTPUT" source="#mixamorig_LeftHandIndex1-Matrix-animation-output-transform"/>
        <input semantic="INTERPOLATION" source="#mixamorig_LeftHandIndex1-Interpolations"/>
      </sampler>
      <channel source="#mixamorig_LeftHandIndex1-Matrix-animation-transform" target="mixamorig_LeftHandIndex1/matrix"/>
    </animation>
    <animation id="mixamorig_LeftHandIndex2-anim" name="mixamorig_LeftHandIndex2">
      <source id="mixamorig_LeftHandIndex2-Matrix-animation-input">
        <float_array id="mixamorig_LeftHandIndex2-Matrix-animation-input-array" count="25">

0.000000 0.033333 0.066667 0.100000 0.133333 0.166667 0.200000 0.233333 0.266667 0.300000 0.333333 0.366667 0.400000 0.433333 0.466667 0.500000
0.533333 0.566667 0.600000 0.633333 0.666667 0.700000 0.733333 0.766667 0.800000</float_array>
        <technique_common>
          <accessor source="#mixamorig_LeftHandIndex2-Matrix-animation-input-array" count="25">
            <param name="TIME" type="float"/>
          </accessor>
        </technique_common>
      </source>
      <source id="mixamorig_LeftHandIndex2-Matrix-animation-output-transform">
        <float_array id="mixamorig_LeftHandIndex2-Matrix-animation-output-transform-array" count="400">

0.999905 0.013347 -0.003364 0.000000 -0.013754 0.959125 -0.282647 4.697600 -0.000546 0.282666 0.959218 -0.000000 0.000000 0.000000 0.000000 1.000000
0.999904 0.013435 -0.003357 0.000000 -0.013837 0.959327 -0.281958 4.697600 -0.000568 0.281977 0.959421 0.000000 0.000000 0.000000 0.000000 1.000000
0.999902 0.013600 -0.003347 -0.000000 -0.013993 0.959709 -0.280647 4.697600 -0.000605 0.280666 0.959805 0.000000 0.000000 0.000000 0.000000 1.000000
0.999900 0.013779 -0.003338 -0.000000 -0.014163 0.960126 -0.279207 4.697600 -0.000642 0.279226 0.960225 -0.000000 0.000000 0.000000 0.000000 1.000000
0.999898 0.013899 -0.003335 0.000000 -0.014278 0.960419 -0.278192 4.697600 -0.000663 0.278211 0.960520 -0.000000 0.000000 0.000000 0.000000 1.000000
0.999898 0.013885 -0.003348 0.000000 -0.014268 0.960422 -0.278185 4.697600 -0.000647 0.278204 0.960522 0.000000 0.000000 0.000000 0.000000 1.000000
0.999901 0.013677 -0.003377 0.000000 -0.014076 0.959996 -0.279659 4.697600 -0.000583 0.279679 0.960093 0.000000 0.000000 0.000000 0.000000 1.000000
0.999907 0.013178 -0.003433 -0.000000 -0.013610 0.958917 -0.283360 4.697600 -0.000442 0.283380 0.959008 0.000000 0.000000 0.000000 0.000000 1.000000
0.999919 0.012265 -0.003525 0.000000 -0.012760 0.956880 -0.290202 4.697600 -0.000187 0.290223 0.956959 0.000000 0.000000 0.000000 0.000000 1.000000
0.999932 0.011112 -0.003628 0.000000 -0.011689 0.954228 -0.298852 4.697600 0.000141 0.298874 0.954293 -0.000000 0.000000 0.000000 0.000000 1.000000
0.999944 0.009874 -0.003725 -0.000000 -0.010541 0.951285 -0.308134 4.697600 0.000501 0.308156 0.951336 0.000000 0.000000 0.000000 0.000000 1.000000
0.999955 0.008724 -0.003804 0.000000 -0.009480 0.948467 -0.316734 4.697600 0.000845 0.316756 0.948507 0.000000 0.000000 0.000000 0.000000 1.000000
0.999962 0.007842 -0.003856 -0.000000 -0.008668 0.946246 -0.323332 4.697600 0.001113 0.323353 0.946278 -0.000000 0.000000 0.000000 0.000000 1.000000
0.999965 0.007374 -0.003880 0.000000 -0.008237 0.945040 -0.326851 4.697600 0.001257 0.326871 0.945068 0.000000 0.000000 0.000000 0.000000 1.000000
0.999966 0.007344 -0.003880 0.000000 -0.008209 0.944955 -0.327097 4.697600 0.001264 0.327118 0.944983 0.000000 0.000000 0.000000 0.000000 1.000000
0.999963 0.007637 -0.003862 -0.000000 -0.008478 0.945694 -0.324948 4.697600 0.001171 0.324968 0.945724 0.000000 0.000000 0.000000 0.000000 1.000000
0.999960 0.008141 -0.003831 -0.000000 -0.008940 0.946956 -0.321237 4.697600 0.001013 0.321259 0.946991 -0.000000 0.000000 0.000000 0.000000 1.000000
0.999954 0.008771 -0.003789 0.000000 -0.009519 0.948517 -0.316584 4.697600 0.000817 0.316606 0.948557 0.000000 0.000000 0.000000 0.000000 1.000000
0.999948 0.009437 -0.003741 0.000000 -0.010133 0.950142 -0.311654 4.697600 0.000614 0.311676 0.950188 0.000000 0.000000 0.000000 0.000000 1.000000
0.999943 0.010043 -0.003693 0.000000 -0.010692 0.951591 -0.307181 4.697600 0.000429 0.307203 0.951644 0.000000 0.000000 0.000000 0.000000 1.000000
0.999937 0.010606 -0.003644 0.000000 -0.011211 0.952911 -0.303042 4.697600 0.000259 0.303064 0.952970 0.000000 0.000000 0.000000 0.000000 1.000000
0.999930 0.011286 -0.003579 0.000000 -0.011840 0.954491 -0.298003 4.697600 0.000053 0.298025 0.954558 -0.000000 0.000000 0.000000 0.000000 1.000000
0.999922 0.012028 -0.003506 0.000000 -0.012527 0.956186 -0.292493 4.697600 -0.000166 0.292514 0.956261 -0.000000 0.000000 0.000000 0.000000 1.000000
0.999913 0.012741 -0.003431 0.000000 -0.013190 0.957787 -0.287174 4.697600 -0.000373 0.287195 0.957872 0.000000 0.000000 0.000000 0.000000 1.000000
0.999905 0.013347 -0.003363 -0.000000 -0.013754 0.959125 -0.282647 4.697600 -0.000547 0.282667 0.959218 -0.000000 0.000000 0.000000 0.000000 1.000000</float_array>
        <technique_common>
          <accessor source="#mixamorig_LeftHandIndex2-Matrix-animation-output-transform-array" count="25" stride="16">
            <param type="float4x4"/>
          </accessor>
        </technique_common>
      </source>
      <source id="mixamorig_LeftHandIndex2-Interpolations">
        <Name_array id="mixamorig_LeftHandIndex2-Interpolations-array" count="25">
 LINEAR LINEAR LINEAR LINEAR LINEAR LINEAR LINEAR LINEAR LINEAR LINEAR LINEAR
LINEAR LINEAR LINEAR LINEAR LINEAR LINEAR LINEAR LINEAR LINEAR LINEAR LINEAR LINEAR
LINEAR LINEAR</Name_array>
        <technique_common>
          <accessor source="#mixamorig_LeftHandIndex2-Interpolations-array" count="25">
            <param type="name"/>
          </accessor>
        </technique_common>
      </source>
      <sampler id="mixamorig_LeftHandIndex2-Matrix-animation-transform">
        <input semantic="INPUT" source="#mixamorig_LeftHandIndex2-Matrix-animation-input"/>
        <input semantic="OUTPUT" source="#mixamorig_LeftHandIndex2-Matrix-animation-output-transform"/>
        <input semantic="INTERPOLATION" source="#mixamorig_LeftHandIndex2-Interpolations"/>
      </sampler>
      <channel source="#mixamorig_LeftHandIndex2-Matrix-animation-transform" target="mixamorig_LeftHandIndex2/matrix"/>
    </animation>
    <animation id="mixamorig_LeftHandIndex3-anim" name="mixamorig_LeftHandIndex3">
      <source id="mixamorig_LeftHandIndex3-Matrix-animation-input">
        <float_array id="mixamorig_LeftHandIndex3-Matrix-animation-input-array" count="25">

0.000000 0.033333 0.066667 0.100000 0.133333 0.166667 0.200000 0.233333 0.266667 0.300000 0.333333 0.366667 0.400000 0.433333 0.466667 0.500000
0.533333 0.566667 0.600000 0.633333 0.666667 0.700000 0.733333 0.766667 0.800000</float_array>
        <technique_common>
          <accessor source="#mixamorig_LeftHandIndex3-Matrix-animation-input-array" count="25">
            <param name="TIME" type="float"/>
          </accessor>
        </technique_common>
      </source>
      <source id="mixamorig_LeftHandIndex3-Matrix-animation-output-transform">
        <float_array id="mixamorig_LeftHandIndex3-Matrix-animation-output-transform-array" count="400">

1.000000 -0.000000 0.000000 0.000000 0.000000 1.000000 -0.000000 2.893900 -0.000000 0.000000 1.000000 0.000000 0.000000 0.000000 0.000000 1.000000
1.000000 -0.000000 -0.000000 0.000000 0.000000 1.000000 -0.000000 2.893900 0.000000 0.000000 1.000000 0.000000 0.000000 0.000000 0.000000 1.000000
1.000000 0.000000 -0.000000 0.000000 -0.000000 1.000000 0.000000 2.893900 0.000000 -0.000000 1.000000 0.000000 0.000000 0.000000 0.000000 1.000000
1.000000 0.000000 -0.000000 0.000000 -0.000000 1.000000 -0.000000 2.893900 0.000000 0.000000 1.000000 0.000000 0.000000 0.000000 0.000000 1.000000
1.000000 0.000000 0.000000 0.000000 -0.000000 1.000000 -0.000000 2.893900 -0.000000 0.000000 1.000000 0.000000 0.000000 0.000000 0.000000 1.000000
1.000000 0.000000 0.000000 0.000000 -0.000000 1.000000 -0.000000 2.893900 0.000000 0.000000 1.000000 0.000000 0.000000 0.000000 0.000000 1.000000
1.000000 -0.000000 -0.000000 0.000000 0.000000 1.000000 0.000000 2.893900 0.000000 -0.000000 1.000000 0.000000 0.000000 0.000000 0.000000 1.000000
1.000000 -0.000000 0.000000 0.000000 0.000000 1.000000 0.000000 2.893900 -0.000000 -0.000000 1.000000 0.000000 0.000000 0.000000 0.000000 1.000000
1.000000 0.000000 0.000000 -0.000000 -0.000000 1.000000 -0.000000 2.893900 -0.000000 0.000000 1.000000 0.000000 0.000000 0.000000 0.000000 1.000000
1.000000 -0.000000 0.000000 0.000000 0.000000 1.000000 0.000000 2.893900 -0.000000 -0.000000 1.000000 -0.000000 0.000000 0.000000 0.000000 1.000000
1.000000 0.000000 0.000000 0.000000 -0.000000 1.000000 -0.000000 2.893900 -0.000000 0.000000 1.000000 0.000000 0.000000 0.000000 0.000000 1.000000
1.000000 0.000000 0.000000 -0.000000 -0.000000 1.000000 -0.000000 2.893900 -0.000000 0.000000 1.000000 0.000000 0.000000 0.000000 0.000000 1.000000
1.000000 0.000000 0.000000 0.000000 -0.000000 1.000000 -0.000000 2.893900 0.000000 0.000000 1.000000 0.000000 0.000000 0.000000 0.000000 1.000000
1.000000 0.000000 -0.000000 0.000000 -0.000000 1.000000 0.000000 2.893900 0.000000 -0.000000 1.000000 -0.000000 0.000000 0.000000 0.000000 1.000000
1.000000 0.000000 0.000000 0.000000 -0.000000 1.000000 -0.000000 2.893900 -0.000000 0.000000 1.000000 0.000000 0.000000 0.000000 0.000000 1.000000
1.000000 -0.000000 -0.000000 0.000000 0.000000 1.000000 0.000000 2.893900 0.000000 -0.000000 1.000000 0.000000 0.000000 0.000000 0.000000 1.000000
1.000000 0.000000 0.000000 0.000000 -0.000000 1.000000 -0.000000 2.893900 0.000000 0.000000 1.000000 0.000000 0.000000 0.000000 0.000000 1.000000
1.000000 0.000000 0.000000 0.000000 -0.000000 1.000000 -0.000000 2.893900 -0.000000 0.000000 1.000000 0.000000 0.000000 0.000000 0.000000 1.000000
1.000000 0.000000 -0.000000 0.000000 -0.000000 1.000000 -0.000000 2.893900 0.000000 0.000000 1.000000 0.000000 0.000000 0.000000 0.000000 1.000000
1.000000 0.000000 -0.000000 -0.000000 -0.000000 1.000000 -0.000000 2.893900 0.000000 0.000000 1.000000 0.000000 0.000000 0.000000 0.000000 1.000000
1.000000 0.000000 0.000000 0.000000 -0.000000 1.000000 -0.000000 2.893900 -0.000000 0.000000 1.000000 0.000000 0.000000 0.000000 0.000000 1.000000
1.000000 -0.000000 0.000000 0.000000 0.000000 1.000000 -0.000000 2.893900 -0.000000 0.000000 1.000000 0.000000 0.000000 0.000000 0.000000 1.000000
1.000000 0.000000 0.000000 -0.000000 -0.000000 1.000000 -0.000000 2.893900 0.000000 0.000000 1.000000 0.000000 0.000000 0.000000 0.000000 1.000000
1.000000 0.000000 0.000000 0.000000 -0.000000 1.000000 -0.000000 2.893900 -0.000000 0.000000 1.000000 0.000000 0.000000 0.000000 0.000000 1.000000
1.000000 0.000000 0.000000 -0.000000 -0.000000 1.000000 -0.000000 2.893900 0.000000 0.000000 1.000000 0.000000 0.000000 0.000000 0.000000 1.000000</float_array>
        <technique_common>
          <accessor source="#mixamorig_LeftHandIndex3-Matrix-animation-output-transform-array" count="25" stride="16">
            <param type="float4x4"/>
          </accessor>
        </technique_common>
      </source>
      <source id="mixamorig_LeftHandIndex3-Interpolations">
        <Name_array id="mixamorig_LeftHandIndex3-Interpolations-array" count="25">
 LINEAR LINEAR LINEAR LINEAR LINEAR LINEAR LINEAR LINEAR LINEAR LINEAR LINEAR
LINEAR LINEAR LINEAR LINEAR LINEAR LINEAR LINEAR LINEAR LINEAR LINEAR LINEAR LINEAR
LINEAR LINEAR</Name_array>
        <technique_common>
          <accessor source="#mixamorig_LeftHandIndex3-Interpolations-array" count="25">
            <param type="name"/>
          </accessor>
        </technique_common>
      </source>
      <sampler id="mixamorig_LeftHandIndex3-Matrix-animation-transform">
        <input semantic="INPUT" source="#mixamorig_LeftHandIndex3-Matrix-animation-input"/>
        <input semantic="OUTPUT" source="#mixamorig_LeftHandIndex3-Matrix-animation-output-transform"/>
        <input semantic="INTERPOLATION" source="#mixamorig_LeftHandIndex3-Interpolations"/>
      </sampler>
      <channel source="#mixamorig_LeftHandIndex3-Matrix-animation-transform" target="mixamorig_LeftHandIndex3/matrix"/>
    </animation>
    <animation id="mixamorig_LeftHandMiddle1-anim" name="mixamorig_LeftHandMiddle1">
      <source id="mixamorig_LeftHandMiddle1-Matrix-animation-input">
        <float_array id="mixamorig_LeftHandMiddle1-Matrix-animation-input-array" count="25">

0.000000 0.033333 0.066667 0.100000 0.133333 0.166667 0.200000 0.233333 0.266667 0.300000 0.333333 0.366667 0.400000 0.433333 0.466667 0.500000
0.533333 0.566667 0.600000 0.633333 0.666667 0.700000 0.733333 0.766667 0.800000</float_array>
        <technique_common>
          <accessor source="#mixamorig_LeftHandMiddle1-Matrix-animation-input-array" count="25">
            <param name="TIME" type="float"/>
          </accessor>
        </technique_common>
      </source>
      <source id="mixamorig_LeftHandMiddle1-Matrix-animation-output-transform">
        <float_array id="mixamorig_LeftHandMiddle1-Matrix-animation-output-transform-array" count="400">

0.986503 0.163576 -0.007346 -0.139500 -0.160182 0.954785 -0.250455 17.924500 -0.033955 0.248252 0.968100 0.050800 0.000000 0.000000 0.000000 1.000000
0.986811 0.161718 -0.007159 -0.139500 -0.158356 0.955228 -0.249926 17.924500 -0.033579 0.247763 0.968239 0.050800 0.000000 0.000000 0.000000 1.000000
0.987538 0.157234 -0.006799 -0.139500 -0.153945 0.956100 -0.249348 17.924500 -0.032706 0.247287 0.968390 0.050800 0.000000 0.000000 0.000000 1.000000
0.988482 0.151201 -0.006402 -0.139500 -0.148007 0.957046 -0.249314 17.924500 -0.031570 0.247390 0.968402 0.050800 0.000000 0.000000 0.000000 1.000000
0.989448 0.144757 -0.006118 -0.139500 -0.141660 0.957689 -0.250529 17.924500 -0.030406 0.248753 0.968090 0.050800 0.000000 0.000000 0.000000 1.000000
0.990246 0.139196 -0.006104 -0.139500 -0.136178 0.957654 -0.253681 17.924500 -0.029466 0.252038 0.967269 0.050800 0.000000 0.000000 0.000000 1.000000
0.990739 0.135628 -0.006476 -0.139500 -0.132656 0.956642 -0.259305 17.924500 -0.028974 0.257763 0.965774 0.050800 0.000000 0.000000 0.000000 1.000000
0.990820 0.134987 -0.007416 -0.139500 -0.132012 0.954243 -0.268314 17.924500 -0.029142 0.266830 0.963303 0.050800 0.000000 0.000000 0.000000 1.000000
0.990537 0.136942 -0.009129 -0.139500 -0.133949 0.950110 -0.281690 17.924500 -0.029902 0.280247 0.959462 0.050800 0.000000 0.000000 0.000000 1.000000
0.990025 0.140443 -0.011271 -0.139500 -0.137420 0.944859 -0.297248 17.924500 -0.031097 0.295832 0.954734 0.050800 0.000000 0.000000 0.000000 1.000000
0.989368 0.144799 -0.013552 -0.139500 -0.141730 0.939095 -0.313069 17.924500 -0.032606 0.311661 0.949634 0.050800 0.000000 0.000000 0.000000 1.000000
0.988670 0.149288 -0.015644 -0.139500 -0.146156 0.933661 -0.326980 17.924500 -0.034208 0.325561 0.944902 0.050800 0.000000 0.000000 0.000000 1.000000
0.988055 0.153137 -0.017235 -0.139500 -0.149941 0.929516 -0.336925 17.924500 -0.035575 0.335485 0.941374 0.050800 0.000000 0.000000 0.000000 1.000000
0.987633 0.155738 -0.018079 -0.139500 -0.152496 0.927431 -0.341493 17.924500 -0.036417 0.340027 0.939710 0.050800 0.000000 0.000000 0.000000 1.000000
0.987403 0.157184 -0.018136 -0.139500 -0.153908 0.927530 -0.340588 17.924500 -0.036713 0.339089 0.940038 0.050800 0.000000 0.000000 0.000000 1.000000
0.987280 0.158013 -0.017621 -0.139500 -0.154709 0.929217 -0.335590 17.924500 -0.036654 0.334047 0.941843 0.050800 0.000000 0.000000 0.000000 1.000000
0.987224 0.158457 -0.016730 -0.139500 -0.155133 0.931903 -0.327857 17.924500 -0.036360 0.326263 0.944579 0.050800 0.000000 0.000000 0.000000 1.000000
0.987205 0.158690 -0.015609 -0.139500 -0.155356 0.935147 -0.318379 17.924500 -0.035927 0.316730 0.947835 0.050800 0.000000 0.000000 0.000000 1.000000
0.987188 0.158910 -0.014415 -0.139500 -0.155574 0.938509 -0.308216 17.924500 -0.035450 0.306510 0.951207 0.050800 0.000000 0.000000 0.000000 1.000000
0.987137 0.159323 -0.013325 -0.139500 -0.155996 0.941550 -0.298578 17.924500 -0.035025 0.296816 0.954292 0.050800 0.000000 0.000000 0.000000 1.000000
0.987034 0.160040 -0.012312 -0.139500 -0.156718 0.944281 -0.289435 17.924500 -0.034696 0.287612 0.957118 0.050800 0.000000 0.000000 0.000000 1.000000
0.986901 0.160947 -0.011084 -0.139500 -0.157610 0.947211 -0.279196 17.924500 -0.034436 0.277286 0.960170 0.050800 0.000000 0.000000 0.000000 1.000000
0.986757 0.161910 -0.009745 -0.139500 -0.158550 0.950113 -0.268602 17.924500 -0.034230 0.266590 0.963202 0.050800 0.000000 0.000000 0.000000 1.000000
0.986620 0.162818 -0.008451 -0.139500 -0.159437 0.952709 -0.258699 17.924500 -0.034070 0.256585 0.965921 0.050800 0.000000 0.000000 0.000000 1.000000
0.986503 0.163576 -0.007346 -0.139500 -0.160182 0.954785 -0.250456 17.924500 -0.033955 0.248252 0.968100 0.050800 0.000000 0.000000 0.000000 1.000000</float_array>
        <technique_common>
          <accessor source="#mixamorig_LeftHandMiddle1-Matrix-animation-output-transform-array" count="25" stride="16">
            <param type="float4x4"/>
          </accessor>
        </technique_common>
      </source>
      <source id="mixamorig_LeftHandMiddle1-Interpolations">
        <Name_array id="mixamorig_LeftHandMiddle1-Interpolations-array" count="25">
 LINEAR LINEAR LINEAR LINEAR LINEAR LINEAR LINEAR LINEAR LINEAR LINEAR LINEAR
LINEAR LINEAR LINEAR LINEAR LINEAR LINEAR LINEAR LINEAR LINEAR LINEAR LINEAR LINEAR
LINEAR LINEAR</Name_array>
        <technique_common>
          <accessor source="#mixamorig_LeftHandMiddle1-Interpolations-array" count="25">
            <param type="name"/>
          </accessor>
        </technique_common>
      </source>
      <sampler id="mixamorig_LeftHandMiddle1-Matrix-animation-transform">
        <input semantic="INPUT" source="#mixamorig_LeftHandMiddle1-Matrix-animation-input"/>
        <input semantic="OUTPUT" source="#mixamorig_LeftHandMiddle1-Matrix-animation-output-transform"/>
        <input semantic="INTERPOLATION" source="#mixamorig_LeftHandMiddle1-Interpolations"/>
      </sampler>
      <channel source="#mixamorig_LeftHandMiddle1-Matrix-animation-transform" target="mixamorig_LeftHandMiddle1/matrix"/>
    </animation>
    <animation id="mixamorig_LeftHandMiddle2-anim" name="mixamorig_LeftHandMiddle2">
      <source id="mixamorig_LeftHandMiddle2-Matrix-animation-input">
        <float_array id="mixamorig_LeftHandMiddle2-Matrix-animation-input-array" count="25">

0.000000 0.033333 0.066667 0.100000 0.133333 0.166667 0.200000 0.233333 0.266667 0.300000 0.333333 0.366667 0.400000 0.433333 0.466667 0.500000
0.533333 0.566667 0.600000 0.633333 0.666667 0.700000 0.733333 0.766667 0.800000</float_array>
        <technique_common>
          <accessor source="#mixamorig_LeftHandMiddle2-Matrix-animation-input-array" count="25">
            <param name="TIME" type="float"/>
          </accessor>
        </technique_common>
      </source>
      <source id="mixamorig_LeftHandMiddle2-Matrix-animation-output-transform">
        <float_array id="mixamorig_LeftHandMiddle2-Matrix-animation-output-transform-array" count="400">

0.999584 -0.028689 0.002861 0.000000 0.027690 0.927612 -0.372517 5.001900 0.008034 0.372441 0.928021 -0.000000 0.000000 0.000000 0.000000 1.000000
0.999604 -0.028023 0.002689 0.000000 0.027057 0.929964 -0.366655 5.001900 0.007774 0.366582 0.930353 0.000000 0.000000 0.000000 0.000000 1.000000
0.999647 -0.026478 0.002311 0.000000 0.025589 0.935269 -0.353010 5.001900 0.007186 0.352945 0.935617 0.000000 0.000000 0.000000 0.000000 1.000000
0.999699 -0.024450 0.001853 -0.000000 0.023658 0.941924 -0.334991 5.001900 0.006445 0.334934 0.942219 0.000000 0.000000 0.000000 0.000000 1.000000
0.999749 -0.022365 0.001430 0.000000 0.021669 0.948414 -0.316294 5.001900 0.005718 0.316245 0.948660 0.000000 0.000000 0.000000 0.000000 1.000000
0.999785 -0.020707 0.001132 0.000000 0.020086 0.953360 -0.301167 5.001900 0.005157 0.301125 0.953571 0.000000 0.000000 0.000000 0.000000 1.000000
0.999802 -0.019885 0.001014 -0.000000 0.019308 0.955830 -0.293285 5.001900 0.004863 0.293246 0.956025 0.000000 0.000000 0.000000 0.000000 1.000000
0.999793 -0.020300 0.001128 0.000000 0.019724 0.954920 -0.296206 5.001900 0.004936 0.296167 0.955123 0.000000 0.000000 0.000000 0.000000 1.000000
0.999757 -0.021987 0.001492 -0.000000 0.021365 0.950407 -0.310274 5.001900 0.005404 0.310231 0.950646 0.000000 0.000000 0.000000 0.000000 1.000000
0.999700 -0.024420 0.002047 0.000000 0.023721 0.943360 -0.330923 5.001900 0.006150 0.330872 0.943656 0.000000 0.000000 0.000000 0.000000 1.000000
0.999626 -0.027210 0.002743 0.000000 0.026413 0.934591 -0.354743 5.001900 0.007089 0.354683 0.934960 -0.000000 0.000000 0.000000 0.000000 1.000000
0.999546 -0.029936 0.003489 0.000000 0.029032 0.925305 -0.378111 5.001900 0.008091 0.378040 0.925754 0.000000 0.000000 0.000000 0.000000 1.000000
0.999474 -0.032163 0.004147 -0.000000 0.031162 0.917162 -0.397294 5.001900 0.008975 0.397214 0.917682 0.000000 0.000000 0.000000 0.000000 1.000000
0.999426 -0.033552 0.004574 0.000000 0.032484 0.911787 -0.409376 5.001900 0.009565 0.409290 0.912354 0.000000 0.000000 0.000000 0.000000 1.000000
0.999406 -0.034136 0.004748 -0.000000 0.033031 0.909397 -0.414617 5.001900 0.009835 0.414527 0.909984 0.000000 0.000000 0.000000 0.000000 1.000000
0.999403 -0.034208 0.004749 0.000000 0.033087 0.908957 -0.415576 5.001900 0.009900 0.415485 0.909546 0.000000 0.000000 0.000000 0.000000 1.000000
0.999413 -0.033938 0.004633 -0.000000 0.032814 0.909836 -0.413669 5.001900 0.009823 0.413578 0.910415 0.000000 0.000000 0.000000 0.000000 1.000000
0.999431 -0.033446 0.004444 0.000000 0.032328 0.911548 -0.409922 5.001900 0.009659 0.409832 0.912110 -0.000000 0.000000 0.000000 0.000000 1.000000
0.999451 -0.032860 0.004226 -0.000000 0.031751 0.913585 -0.405407 5.001900 0.009461 0.405318 0.914127 0.000000 0.000000 0.000000 0.000000 1.000000
0.999469 -0.032323 0.004026 0.000000 0.031221 0.915388 -0.401360 5.001900 0.009288 0.401273 0.915912 0.000000 0.000000 0.000000 0.000000 1.000000
0.999486 -0.031818 0.003840 0.000000 0.030722 0.917049 -0.397590 5.001900 0.009129 0.397504 0.917555 0.000000 0.000000 0.000000 0.000000 1.000000
0.999510 -0.031109 0.003602 0.000000 0.030030 0.919456 -0.392044 5.001900 0.008884 0.391959 0.919940 -0.000000 0.000000 0.000000 0.000000 1.000000
0.999536 -0.030271 0.003334 0.000000 0.029217 0.922312 -0.385341 5.001900 0.008589 0.385260 0.922768 0.000000 0.000000 0.000000 0.000000 1.000000
0.999562 -0.029428 0.003077 -0.000000 0.028403 0.925155 -0.378524 5.001900 0.008293 0.378446 0.925586 0.000000 0.000000 0.000000 0.000000 1.000000
0.999584 -0.028690 0.002861 -0.000000 0.027690 0.927612 -0.372517 5.001900 0.008034 0.372442 0.928021 -0.000000 0.000000 0.000000 0.000000 1.000000</float_array>
        <technique_common>
          <accessor source="#mixamorig_LeftHandMiddle2-Matrix-animation-output-transform-array" count="25" stride="16">
            <param type="float4x4"/>
          </accessor>
        </technique_common>
      </source>
      <source id="mixamorig_LeftHandMiddle2-Interpolations">
        <Name_array id="mixamorig_LeftHandMiddle2-Interpolations-array" count="25">
 LINEAR LINEAR LINEAR LINEAR LINEAR LINEAR LINEAR LINEAR LINEAR LINEAR LINEAR
LINEAR LINEAR LINEAR LINEAR LINEAR LINEAR LINEAR LINEAR LINEAR LINEAR LINEAR LINEAR
LINEAR LINEAR</Name_array>
        <technique_common>
          <accessor source="#mixamorig_LeftHandMiddle2-Interpolations-array" count="25">
            <param type="name"/>
          </accessor>
        </technique_common>
      </source>
      <sampler id="mixamorig_LeftHandMiddle2-Matrix-animation-transform">
        <input semantic="INPUT" source="#mixamorig_LeftHandMiddle2-Matrix-animation-input"/>
        <input semantic="OUTPUT" source="#mixamorig_LeftHandMiddle2-Matrix-animation-output-transform"/>
        <input semantic="INTERPOLATION" source="#mixamorig_LeftHandMiddle2-Interpolations"/>
      </sampler>
      <channel source="#mixamorig_LeftHandMiddle2-Matrix-animation-transform" target="mixamorig_LeftHandMiddle2/matrix"/>
    </animation>
    <animation id="mixamorig_LeftHandMiddle3-anim" name="mixamorig_LeftHandMiddle3">
      <source id="mixamorig_LeftHandMiddle3-Matrix-animation-input">
        <float_array id="mixamorig_LeftHandMiddle3-Matrix-animation-input-array" count="25">

0.000000 0.033333 0.066667 0.100000 0.133333 0.166667 0.200000 0.233333 0.266667 0.300000 0.333333 0.366667 0.400000 0.433333 0.466667 0.500000
0.533333 0.566667 0.600000 0.633333 0.666667 0.700000 0.733333 0.766667 0.800000</float_array>
        <technique_common>
          <accessor source="#mixamorig_LeftHandMiddle3-Matrix-animation-input-array" count="25">
            <param name="TIME" type="float"/>
          </accessor>
        </technique_common>
      </source>
      <source id="mixamorig_LeftHandMiddle3-Matrix-animation-output-transform">
        <float_array id="mixamorig_LeftHandMiddle3-Matrix-animation-output-transform-array" count="400">

1.000000 -0.000000 0.000000 0.000000 0.000000 1.000000 0.000000 3.278600 -0.000000 -0.000000 1.000000 0.000000 0.000000 0.000000 0.000000 1.000000
1.000000 -0.000000 0.000000 -0.000000 0.000000 1.000000 0.000000 3.278600 -0.000000 -0.000000 1.000000 0.000000 0.000000 0.000000 0.000000 1.000000
1.000000 -0.000000 0.000000 -0.000000 0.000000 1.000000 0.000000 3.278600 -0.000000 -0.000000 1.000000 0.000000 0.000000 0.000000 0.000000 1.000000
1.000000 -0.000000 0.000000 0.000000 0.000000 1.000000 0.000000 3.278600 -0.000000 -0.000000 1.000000 0.000000 0.000000 0.000000 0.000000 1.000000
1.000000 -0.000000 0.000000 -0.000000 0.000000 1.000000 0.000000 3.278600 -0.000000 -0.000000 1.000000 0.000000 0.000000 0.000000 0.000000 1.000000
1.000000 -0.000000 -0.000000 0.000000 0.000000 1.000000 0.000000 3.278600 0.000000 -0.000000 1.000000 -0.000000 0.000000 0.000000 0.000000 1.000000
1.000000 -0.000000 0.000000 0.000000 0.000000 1.000000 0.000000 3.278600 -0.000000 -0.000000 1.000000 0.000000 0.000000 0.000000 0.000000 1.000000
1.000000 -0.000000 0.000000 0.000000 0.000000 1.000000 0.000000 3.278600 -0.000000 -0.000000 1.000000 0.000000 0.000000 0.000000 0.000000 1.000000
1.000000 0.000000 -0.000000 -0.000000 -0.000000 1.000000 -0.000000 3.278600 0.000000 0.000000 1.000000 0.000000 0.000000 0.000000 0.000000 1.000000
1.000000 -0.000000 0.000000 -0.000000 0.000000 1.000000 0.000000 3.278600 -0.000000 -0.000000 1.000000 0.000000 0.000000 0.000000 0.000000 1.000000
1.000000 -0.000000 -0.000000 -0.000000 0.000000 1.000000 0.000000 3.278600 0.000000 -0.000000 1.000000 -0.000000 0.000000 0.000000 0.000000 1.000000
1.000000 -0.000000 -0.000000 0.000000 0.000000 1.000000 -0.000000 3.278600 0.000000 0.000000 1.000000 0.000000 0.000000 0.000000 0.000000 1.000000
1.000000 -0.000000 0.000000 -0.000000 0.000000 1.000000 0.000000 3.278600 -0.000000 -0.000000 1.000000 0.000000 0.000000 0.000000 0.000000 1.000000
1.000000 -0.000000 0.000000 -0.000000 0.000000 1.000000 0.000000 3.278600 -0.000000 -0.000000 1.000000 0.000000 0.000000 0.000000 0.000000 1.000000
1.000000 0.000000 -0.000000 -0.000000 -0.000000 1.000000 0.000000 3.278600 0.000000 -0.000000 1.000000 0.000000 0.000000 0.000000 0.000000 1.000000
1.000000 0.000000 0.000000 0.000000 -0.000000 1.000000 0.000000 3.278600 -0.000000 -0.000000 1.000000 0.000000 0.000000 0.000000 0.000000 1.000000
1.000000 -0.000000 0.000000 0.000000 0.000000 1.000000 -0.000000 3.278600 -0.000000 0.000000 1.000000 -0.000000 0.000000 0.000000 0.000000 1.000000
1.000000 -0.000000 0.000000 -0.000000 0.000000 1.000000 0.000000 3.278600 -0.000000 -0.000000 1.000000 0.000000 0.000000 0.000000 0.000000 1.000000
1.000000 0.000000 0.000000 0.000000 -0.000000 1.000000 -0.000000 3.278600 -0.000000 0.000000 1.000000 0.000000 0.000000 0.000000 0.000000 1.000000
1.000000 -0.000000 0.000000 0.000000 0.000000 1.000000 0.000000 3.278600 -0.000000 -0.000000 1.000000 0.000000 0.000000 0.000000 0.000000 1.000000
1.000000 -0.000000 0.000000 0.000000 0.000000 1.000000 0.000000 3.278600 -0.000000 -0.000000 1.000000 0.000000 0.000000 0.000000 0.000000 1.000000
1.000000 -0.000000 0.000000 0.000000 0.000000 1.000000 0.000000 3.278600 -0.000000 -0.000000 1.000000 -0.000000 0.000000 0.000000 0.000000 1.000000
1.000000 -0.000000 0.000000 0.000000 0.000000 1.000000 0.000000 3.278600 -0.000000 -0.000000 1.000000 0.000000 0.000000 0.000000 0.000000 1.000000
1.000000 -0.000000 0.000000 0.000000 0.000000 1.000000 0.000000 3.278600 0.000000 -0.000000 1.000000 0.000000 0.000000 0.000000 0.000000 1.000000
1.000000 -0.000000 0.000000 -0.000000 0.000000 1.000000 0.000000 3.278600 -0.000000 -0.000000 1.000000 0.000000 0.000000 0.000000 0.000000 1.000000</float_array>
        <technique_common>
          <accessor source="#mixamorig_LeftHandMiddle3-Matrix-animation-output-transform-array" count="25" stride="16">
            <param type="float4x4"/>
          </accessor>
        </technique_common>
      </source>
      <source id="mixamorig_LeftHandMiddle3-Interpolations">
        <Name_array id="mixamorig_LeftHandMiddle3-Interpolations-array" count="25">
 LINEAR LINEAR LINEAR LINEAR LINEAR LINEAR LINEAR LINEAR LINEAR LINEAR LINEAR
LINEAR LINEAR LINEAR LINEAR LINEAR LINEAR LINEAR LINEAR LINEAR LINEAR LINEAR LINEAR
LINEAR LINEAR</Name_array>
        <technique_common>
          <accessor source="#mixamorig_LeftHandMiddle3-Interpolations-array" count="25">
            <param type="name"/>
          </accessor>
        </technique_common>
      </source>
      <sampler id="mixamorig_LeftHandMiddle3-Matrix-animation-transform">
        <input semantic="INPUT" source="#mixamorig_LeftHandMiddle3-Matrix-animation-input"/>
        <input semantic="OUTPUT" source="#mixamorig_LeftHandMiddle3-Matrix-animation-output-transform"/>
        <input semantic="INTERPOLATION" source="#mixamorig_LeftHandMiddle3-Interpolations"/>
      </sampler>
      <channel source="#mixamorig_LeftHandMiddle3-Matrix-animation-transform" target="mixamorig_LeftHandMiddle3/matrix"/>
    </animation>
    <animation id="mixamorig_LeftHandRing1-anim" name="mixamorig_LeftHandRing1">
      <source id="mixamorig_LeftHandRing1-Matrix-animation-input">
        <float_array id="mixamorig_LeftHandRing1-Matrix-animation-input-array" count="25">

0.000000 0.033333 0.066667 0.100000 0.133333 0.166667 0.200000 0.233333 0.266667 0.300000 0.333333 0.366667 0.400000 0.433333 0.466667 0.500000
0.533333 0.566667 0.600000 0.633333 0.666667 0.700000 0.733333 0.766667 0.800000</float_array>
        <technique_common>
          <accessor source="#mixamorig_LeftHandRing1-Matrix-animation-input-array" count="25">
            <param name="TIME" type="float"/>
          </accessor>
        </technique_common>
      </source>
      <source id="mixamorig_LeftHandRing1-Matrix-animation-output-transform">
        <float_array id="mixamorig_LeftHandRing1-Matrix-animation-output-transform-array" count="400">

0.967496 0.236048 -0.090731 3.988400 -0.248930 0.825756 -0.506123 15.764500 -0.044547 0.512258 0.857675 0.151700 0.000000 0.000000 0.000000 1.000000
0.967764 0.237524 -0.083756 3.988400 -0.246879 0.828844 -0.502063 15.764500 -0.049831 0.506556 0.860766 0.151700 0.000000 0.000000 0.000000 1.000000
0.968213 0.240916 -0.067250 3.988400 -0.242181 0.835713 -0.492881 15.764500 -0.062541 0.493500 0.867494 0.151700 0.000000 0.000000 0.000000 1.000000
0.968393 0.245279 -0.045311 3.988400 -0.236348 0.844284 -0.480961 15.764500 -0.079715 0.476468 0.875570 0.151700 0.000000 0.000000 0.000000 1.000000
0.968064 0.249709 -0.022326 3.988400 -0.230720 0.852511 -0.469034 15.764500 -0.098088 0.459206 0.882898 0.151700 0.000000 0.000000 0.000000 1.000000
0.967390 0.253268 -0.003283 3.988400 -0.226306 0.858436 -0.460297 15.764500 -0.113761 0.446030 0.887759 0.151700 0.000000 0.000000 0.000000 1.000000
0.966847 0.255245 0.007557 3.988400 -0.223621 0.860605 -0.457550 15.764500 -0.123291 0.440691 0.889152 0.151700 0.000000 0.000000 0.000000 1.000000
0.966934 0.254949 0.006287 3.988400 -0.223070 0.857462 -0.463680 15.764500 -0.123606 0.446945 0.885981 0.151700 0.000000 0.000000 0.000000 1.000000
0.967646 0.252220 -0.006833 3.988400 -0.224523 0.848396 -0.479389 15.764500 -0.115114 0.465413 0.877576 0.151700 0.000000 0.000000 0.000000 1.000000
0.968422 0.247852 -0.026998 3.988400 -0.227732 0.835295 -0.500420 15.764500 -0.101478 0.490766 0.865362 0.151700 0.000000 0.000000 0.000000 1.000000
0.968841 0.242430 -0.050746 3.988400 -0.232533 0.819718 -0.523441 15.764500 -0.085300 0.518932 0.850549 0.151700 0.000000 0.000000 0.000000 1.000000
0.968715 0.236777 -0.074346 3.988400 -0.238309 0.803853 -0.545003 15.764500 -0.069281 0.545670 0.835131 0.151700 0.000000 0.000000 0.000000 1.000000
0.968213 0.231848 -0.093863 3.988400 -0.243764 0.790511 -0.561846 15.764500 -0.056063 0.566867 0.821900 0.151700 0.000000 0.000000 0.000000 1.000000
0.967716 0.228576 -0.106205 3.988400 -0.247510 0.782254 -0.571679 15.764500 -0.047592 0.579510 0.813574 0.151700 0.000000 0.000000 0.000000 1.000000
0.967466 0.227063 -0.111586 3.988400 -0.249222 0.779389 -0.574840 15.764500 -0.043556 0.583948 0.810622 0.151700 0.000000 0.000000 0.000000 1.000000
0.967431 0.226673 -0.112683 3.988400 -0.249610 0.780179 -0.573598 15.764500 -0.042106 0.583043 0.811349 0.151700 0.000000 0.000000 0.000000 1.000000
0.967539 0.227028 -0.111029 3.988400 -0.249161 0.783406 -0.569380 15.764500 -0.042285 0.578561 0.814542 0.151700 0.000000 0.000000 0.000000 1.000000
0.967717 0.227842 -0.107755 3.988400 -0.248275 0.788148 -0.563190 15.764500 -0.043391 0.571762 0.819272 0.151700 0.000000 0.000000 0.000000 1.000000
0.967888 0.228818 -0.104088 3.988400 -0.247382 0.793450 -0.556092 15.764500 -0.044655 0.563985 0.824577 0.151700 0.000000 0.000000 0.000000 1.000000
0.967985 0.229633 -0.101360 3.988400 -0.246898 0.798281 -0.549353 15.764500 -0.045236 0.556791 0.829420 0.151700 0.000000 0.000000 0.000000 1.000000
0.967979 0.230362 -0.099748 3.988400 -0.246973 0.802769 -0.542740 15.764500 -0.044953 0.549996 0.833957 0.151700 0.000000 0.000000 0.000000 1.000000
0.967898 0.231575 -0.097709 3.988400 -0.247339 0.808433 -0.534097 15.764500 -0.044692 0.541119 0.839758 0.151700 0.000000 0.000000 0.000000 1.000000
0.967772 0.233102 -0.095297 3.988400 -0.247854 0.814687 -0.524265 15.764500 -0.044570 0.530988 0.846206 0.151700 0.000000 0.000000 0.000000 1.000000
0.967630 0.234668 -0.092865 3.988400 -0.248414 0.820692 -0.514544 15.764500 -0.044533 0.520957 0.852421 0.151700 0.000000 0.000000 0.000000 1.000000
0.967497 0.236047 -0.090731 3.988400 -0.248930 0.825756 -0.506124 15.764500 -0.044547 0.512259 0.857675 0.151700 0.000000 0.000000 0.000000 1.000000</float_array>
        <technique_common>
          <accessor source="#mixamorig_LeftHandRing1-Matrix-animation-output-transform-array" count="25" stride="16">
            <param type="float4x4"/>
          </accessor>
        </technique_common>
      </source>
      <source id="mixamorig_LeftHandRing1-Interpolations">
        <Name_array id="mixamorig_LeftHandRing1-Interpolations-array" count="25">
 LINEAR LINEAR LINEAR LINEAR LINEAR LINEAR LINEAR LINEAR LINEAR LINEAR LINEAR
LINEAR LINEAR LINEAR LINEAR LINEAR LINEAR LINEAR LINEAR LINEAR LINEAR LINEAR LINEAR
LINEAR LINEAR</Name_array>
        <technique_common>
          <accessor source="#mixamorig_LeftHandRing1-Interpolations-array" count="25">
            <param type="name"/>
          </accessor>
        </technique_common>
      </source>
      <sampler id="mixamorig_LeftHandRing1-Matrix-animation-transform">
        <input semantic="INPUT" source="#mixamorig_LeftHandRing1-Matrix-animation-input"/>
        <input semantic="OUTPUT" source="#mixamorig_LeftHandRing1-Matrix-animation-output-transform"/>
        <input semantic="INTERPOLATION" source="#mixamorig_LeftHandRing1-Interpolations"/>
      </sampler>
      <channel source="#mixamorig_LeftHandRing1-Matrix-animation-transform" target="mixamorig_LeftHandRing1/matrix"/>
    </animation>
    <animation id="mixamorig_LeftHandRing2-anim" name="mixamorig_LeftHandRing2">
      <source id="mixamorig_LeftHandRing2-Matrix-animation-input">
        <float_array id="mixamorig_LeftHandRing2-Matrix-animation-input-array" count="25">

0.000000 0.033333 0.066667 0.100000 0.133333 0.166667 0.200000 0.233333 0.266667 0.300000 0.333333 0.366667 0.400000 0.433333 0.466667 0.500000
0.533333 0.566667 0.600000 0.633333 0.666667 0.700000 0.733333 0.766667 0.800000</float_array>
        <technique_common>
          <accessor source="#mixamorig_LeftHandRing2-Matrix-animation-input-array" count="25">
            <param name="TIME" type="float"/>
          </accessor>
        </technique_common>
      </source>
      <source id="mixamorig_LeftHandRing2-Matrix-animation-output-transform">
        <float_array id="mixamorig_LeftHandRing2-Matrix-animation-output-transform-array" count="400">

0.998802 -0.045988 0.016697 0.000000 0.047849 0.846990 -0.529452 3.497800 0.010206 0.529617 0.848176 0.000000 0.000000 0.000000 0.000000 1.000000
0.998820 -0.045708 0.016413 0.000000 0.047524 0.850257 -0.524218 3.497800 0.010006 0.524379 0.851426 0.000000 0.000000 0.000000 0.000000 1.000000
0.998860 -0.045055 0.015763 -0.000000 0.046767 0.857668 -0.512073 3.497800 0.009552 0.512226 0.858797 0.000000 0.000000 0.000000 0.000000 1.000000
0.998912 -0.044187 0.014928 0.000000 0.045769 0.867082 -0.496059 3.497800 0.008975 0.496202 0.868161 0.000000 0.000000 0.000000 0.000000 1.000000
0.998963 -0.043283 0.014093 0.000000 0.044737 0.876386 -0.479527 3.497800 0.008405 0.479660 0.877414 -0.000000 0.000000 0.000000 0.000000 1.000000
0.999003 -0.042560 0.013446 -0.000000 0.043916 0.883500 -0.466368 3.497800 0.007969 0.466494 0.884488 0.000000 0.000000 0.000000 0.000000 1.000000
0.999023 -0.042200 0.013137 -0.000000 0.043511 0.886862 -0.459981 3.497800 0.007761 0.460103 0.887831 0.000000 0.000000 0.000000 0.000000 1.000000
0.999012 -0.042393 0.013311 0.000000 0.043730 0.884937 -0.463653 3.497800 0.007876 0.463777 0.885917 0.000000 0.000000 0.000000 0.000000 1.000000
0.998971 -0.043147 0.013989 -0.000000 0.044586 0.877443 -0.477604 3.497800 0.008333 0.477736 0.878464 0.000000 0.000000 0.000000 0.000000 1.000000
0.998910 -0.044217 0.014985 0.000000 0.045809 0.866278 -0.497458 3.497800 0.009015 0.497602 0.867359 0.000000 0.000000 0.000000 0.000000 1.000000
0.998837 -0.045421 0.016161 0.000000 0.047197 0.852892 -0.519949 3.497800 0.009833 0.520108 0.854044 0.000000 0.000000 0.000000 0.000000 1.000000
0.998764 -0.046574 0.017344 -0.000000 0.048539 0.839197 -0.541658 3.497800 0.010672 0.541830 0.840420 0.000000 0.000000 0.000000 0.000000 1.000000
0.998703 -0.047497 0.018336 0.000000 0.049624 0.827559 -0.559181 3.497800 0.011385 0.559366 0.828843 -0.000000 0.000000 0.000000 0.000000 1.000000
0.998664 -0.048064 0.018965 -0.000000 0.050294 0.820118 -0.569979 3.497800 0.011842 0.570172 0.821440 0.000000 0.000000 0.000000 0.000000 1.000000
0.998648 -0.048298 0.019227 0.000000 0.050573 0.817020 -0.574388 3.497800 0.012033 0.574584 0.818357 0.000000 0.000000 0.000000 0.000000 1.000000
0.998646 -0.048325 0.019251 -0.000000 0.050602 0.816749 -0.574770 3.497800 0.012052 0.574966 0.818088 0.000000 0.000000 0.000000 0.000000 1.000000
0.998654 -0.048211 0.019115 0.000000 0.050465 0.818389 -0.572445 3.497800 0.011955 0.572639 0.819720 0.000000 0.000000 0.000000 0.000000 1.000000
0.998669 -0.048006 0.018876 0.000000 0.050220 0.821245 -0.568361 3.497800 0.011782 0.568552 0.822563 0.000000 0.000000 0.000000 0.000000 1.000000
0.998686 -0.047761 0.018596 -0.000000 0.049928 0.824599 -0.563510 3.497800 0.011580 0.563698 0.825900 0.000000 0.000000 0.000000 0.000000 1.000000
0.998701 -0.047535 0.018340 0.000000 0.049660 0.827648 -0.559047 3.497800 0.011395 0.559231 0.828933 0.000000 0.000000 0.000000 0.000000 1.000000
0.998716 -0.047320 0.018101 0.000000 0.049405 0.830494 -0.554832 3.497800 0.011222 0.555014 0.831765 0.000000 0.000000 0.000000 0.000000 1.000000
0.998736 -0.047019 0.017775 0.000000 0.049052 0.834364 -0.549026 3.497800 0.010984 0.549204 0.835616 0.000000 0.000000 0.000000 0.000000 1.000000
0.998759 -0.046663 0.017396 -0.000000 0.048635 0.838823 -0.542228 3.497800 0.010710 0.542401 0.840051 0.000000 0.000000 0.000000 0.000000 1.000000
0.998782 -0.046305 0.017021 -0.000000 0.048217 0.843215 -0.535410 3.497800 0.010440 0.535578 0.844421 0.000000 0.000000 0.000000 0.000000 1.000000
0.998802 -0.045988 0.016697 0.000000 0.047849 0.846989 -0.529452 3.497800 0.010206 0.529617 0.848175 -0.000000 0.000000 0.000000 0.000000 1.000000</float_array>
        <technique_common>
          <accessor source="#mixamorig_LeftHandRing2-Matrix-animation-output-transform-array" count="25" stride="16">
            <param type="float4x4"/>
          </accessor>
        </technique_common>
      </source>
      <source id="mixamorig_LeftHandRing2-Interpolations">
        <Name_array id="mixamorig_LeftHandRing2-Interpolations-array" count="25">
 LINEAR LINEAR LINEAR LINEAR LINEAR LINEAR LINEAR LINEAR LINEAR LINEAR LINEAR
LINEAR LINEAR LINEAR LINEAR LINEAR LINEAR LINEAR LINEAR LINEAR LINEAR LINEAR LINEAR
LINEAR LINEAR</Name_array>
        <technique_common>
          <accessor source="#mixamorig_LeftHandRing2-Interpolations-array" count="25">
            <param type="name"/>
          </accessor>
        </technique_common>
      </source>
      <sampler id="mixamorig_LeftHandRing2-Matrix-animation-transform">
        <input semantic="INPUT" source="#mixamorig_LeftHandRing2-Matrix-animation-input"/>
        <input semantic="OUTPUT" source="#mixamorig_LeftHandRing2-Matrix-animation-output-transform"/>
        <input semantic="INTERPOLATION" source="#mixamorig_LeftHandRing2-Interpolations"/>
      </sampler>
      <channel source="#mixamorig_LeftHandRing2-Matrix-animation-transform" target="mixamorig_LeftHandRing2/matrix"/>
    </animation>
    <animation id="mixamorig_LeftHandRing3-anim" name="mixamorig_LeftHandRing3">
      <source id="mixamorig_LeftHandRing3-Matrix-animation-input">
        <float_array id="mixamorig_LeftHandRing3-Matrix-animation-input-array" count="25">

0.000000 0.033333 0.066667 0.100000 0.133333 0.166667 0.200000 0.233333 0.266667 0.300000 0.333333 0.366667 0.400000 0.433333 0.466667 0.500000
0.533333 0.566667 0.600000 0.633333 0.666667 0.700000 0.733333 0.766667 0.800000</float_array>
        <technique_common>
          <accessor source="#mixamorig_LeftHandRing3-Matrix-animation-input-array" count="25">
            <param name="TIME" type="float"/>
          </accessor>
        </technique_common>
      </source>
      <source id="mixamorig_LeftHandRing3-Matrix-animation-output-transform">
        <float_array id="mixamorig_LeftHandRing3-Matrix-animation-output-transform-array" count="400">

1.000000 0.000000 -0.000000 0.000000 -0.000000 1.000000 -0.000000 2.983800 0.000000 0.000000 1.000000 0.000000 0.000000 0.000000 0.000000 1.000000
1.000000 0.000000 -0.000000 0.000000 -0.000000 1.000000 -0.000000 2.983800 0.000000 0.000000 1.000000 0.000000 0.000000 0.000000 0.000000 1.000000
1.000000 0.000000 0.000000 0.000000 -0.000000 1.000000 0.000000 2.983800 -0.000000 -0.000000 1.000000 0.000000 0.000000 0.000000 0.000000 1.000000
1.000000 0.000000 -0.000000 -0.000000 -0.000000 1.000000 -0.000000 2.983800 0.000000 0.000000 1.000000 0.000000 0.000000 0.000000 0.000000 1.000000
1.000000 0.000000 -0.000000 0.000000 -0.000000 1.000000 -0.000000 2.983800 0.000000 0.000000 1.000000 0.000000 0.000000 0.000000 0.000000 1.000000
1.000000 0.000000 -0.000000 -0.000000 -0.000000 1.000000 -0.000000 2.983800 0.000000 0.000000 1.000000 -0.000000 0.000000 0.000000 0.000000 1.000000
1.000000 0.000000 -0.000000 -0.000000 -0.000000 1.000000 -0.000000 2.983800 0.000000 0.000000 1.000000 0.000000 0.000000 0.000000 0.000000 1.000000
1.000000 0.000000 -0.000000 0.000000 -0.000000 1.000000 -0.000000 2.983800 0.000000 0.000000 1.000000 0.000000 0.000000 0.000000 0.000000 1.000000
1.000000 0.000000 -0.000000 0.000000 -0.000000 1.000000 -0.000000 2.983800 0.000000 0.000000 1.000000 0.000000 0.000000 0.000000 0.000000 1.000000
1.000000 0.000000 -0.000000 -0.000000 -0.000000 1.000000 -0.000000 2.983800 0.000000 0.000000 1.000000 0.000000 0.000000 0.000000 0.000000 1.000000
1.000000 0.000000 -0.000000 -0.000000 -0.000000 1.000000 -0.000000 2.983800 0.000000 0.000000 1.000000 0.000000 0.000000 0.000000 0.000000 1.000000
1.000000 0.000000 -0.000000 0.000000 -0.000000 1.000000 0.000000 2.983800 0.000000 -0.000000 1.000000 0.000000 0.000000 0.000000 0.000000 1.000000
1.000000 0.000000 0.000000 -0.000000 -0.000000 1.000000 0.000000 2.983800 -0.000000 -0.000000 1.000000 0.000000 0.000000 0.000000 0.000000 1.000000
1.000000 -0.000000 -0.000000 -0.000000 0.000000 1.000000 -0.000000 2.983800 0.000000 0.000000 1.000000 0.000000 0.000000 0.000000 0.000000 1.000000
1.000000 -0.000000 -0.000000 0.000000 0.000000 1.000000 -0.000000 2.983800 0.000000 0.000000 1.000000 0.000000 0.000000 0.000000 0.000000 1.000000
1.000000 0.000000 -0.000000 0.000000 -0.000000 1.000000 -0.000000 2.983800 0.000000 0.000000 1.000000 0.000000 0.000000 0.000000 0.000000 1.000000
1.000000 0.000000 0.000000 0.000000 -0.000000 1.000000 -0.000000 2.983800 -0.000000 0.000000 1.000000 0.000000 0.000000 0.000000 0.000000 1.000000
1.000000 0.000000 -0.000000 -0.000000 -0.000000 1.000000 -0.000000 2.983800 0.000000 0.000000 1.000000 0.000000 0.000000 0.000000 0.000000 1.000000
1.000000 0.000000 -0.000000 -0.000000 -0.000000 1.000000 0.000000 2.983800 0.000000 -0.000000 1.000000 0.000000 0.000000 0.000000 0.000000 1.000000
1.000000 0.000000 -0.000000 -0.000000 -0.000000 1.000000 -0.000000 2.983800 0.000000 0.000000 1.000000 0.000000 0.000000 0.000000 0.000000 1.000000
1.000000 0.000000 -0.000000 0.000000 -0.000000 1.000000 -0.000000 2.983800 0.000000 0.000000 1.000000 -0.000000 0.000000 0.000000 0.000000 1.000000
1.000000 0.000000 -0.000000 0.000000 -0.000000 1.000000 0.000000 2.983800 0.000000 0.000000 1.000000 0.000000 0.000000 0.000000 0.000000 1.000000
1.000000 0.000000 -0.000000 0.000000 -0.000000 1.000000 -0.000000 2.983800 0.000000 0.000000 1.000000 0.000000 0.000000 0.000000 0.000000 1.000000
1.000000 0.000000 0.000000 0.000000 -0.000000 1.000000 0.000000 2.983800 -0.000000 -0.000000 1.000000 0.000000 0.000000 0.000000 0.000000 1.000000
1.000000 0.000000 0.000000 0.000000 -0.000000 1.000000 -0.000000 2.983800 -0.000000 0.000000 1.000000 0.000000 0.000000 0.000000 0.000000 1.000000</float_array>
        <technique_common>
          <accessor source="#mixamorig_LeftHandRing3-Matrix-animation-output-transform-array" count="25" stride="16">
            <param type="float4x4"/>
          </accessor>
        </technique_common>
      </source>
      <source id="mixamorig_LeftHandRing3-Interpolations">
        <Name_array id="mixamorig_LeftHandRing3-Interpolations-array" count="25">
 LINEAR LINEAR LINEAR LINEAR LINEAR LINEAR LINEAR LINEAR LINEAR LINEAR LINEAR
LINEAR LINEAR LINEAR LINEAR LINEAR LINEAR LINEAR LINEAR LINEAR LINEAR LINEAR LINEAR
LINEAR LINEAR</Name_array>
        <technique_common>
          <accessor source="#mixamorig_LeftHandRing3-Interpolations-array" count="25">
            <param type="name"/>
          </accessor>
        </technique_common>
      </source>
      <sampler id="mixamorig_LeftHandRing3-Matrix-animation-transform">
        <input semantic="INPUT" source="#mixamorig_LeftHandRing3-Matrix-animation-input"/>
        <input semantic="OUTPUT" source="#mixamorig_LeftHandRing3-Matrix-animation-output-transform"/>
        <input semantic="INTERPOLATION" source="#mixamorig_LeftHandRing3-Interpolations"/>
      </sampler>
      <channel source="#mixamorig_LeftHandRing3-Matrix-animation-transform" target="mixamorig_LeftHandRing3/matrix"/>
    </animation>
    <animation id="mixamorig_LeftHandPinky1-anim" name="mixamorig_LeftHandPinky1">
      <source id="mixamorig_LeftHandPinky1-Matrix-animation-input">
        <float_array id="mixamorig_LeftHandPinky1-Matrix-animation-input-array" count="25">

0.000000 0.033333 0.066667 0.100000 0.133333 0.166667 0.200000 0.233333 0.266667 0.300000 0.333333 0.366667 0.400000 0.433333 0.466667 0.500000
0.533333 0.566667 0.600000 0.633333 0.666667 0.700000 0.733333 0.766667 0.800000</float_array>
        <technique_common>
          <accessor source="#mixamorig_LeftHandPinky1-Matrix-animation-input-array" count="25">
            <param name="TIME" type="float"/>
          </accessor>
        </technique_common>
      </source>
      <source id="mixamorig_LeftHandPinky1-Matrix-animation-output-transform">
        <float_array id="mixamorig_LeftHandPinky1-Matrix-animation-output-transform-array" count="400">

0.948465 0.294304 -0.117467 6.663900 -0.309111 0.777705 -0.547380 12.707900 -0.069742 0.555482 0.828599 0.878100 0.000000 0.000000 0.000000 1.000000
0.947698 0.297201 -0.116363 6.663900 -0.311094 0.778657 -0.544898 12.707900 -0.071337 0.552599 0.830389 0.878100 0.000000 0.000000 0.000000 1.000000
0.945931 0.303704 -0.113923 6.663900 -0.315588 0.780535 -0.539601 12.707900 -0.074958 0.546378 0.834177 0.878100 0.000000 0.000000 0.000000 1.000000
0.943620 0.311918 -0.110851 6.663900 -0.321331 0.782621 -0.533152 12.707900 -0.079546 0.538712 0.838726 0.878100 0.000000 0.000000 0.000000 1.000000
0.941309 0.319832 -0.107912 6.663900 -0.326912 0.784201 -0.527407 12.707900 -0.084057 0.531730 0.842732 0.878100 0.000000 0.000000 0.000000 1.000000
0.939666 0.325283 -0.105915 6.663900 -0.330717 0.784608 -0.524420 12.707900 -0.087483 0.527808 0.844847 0.878100 0.000000 0.000000 0.000000 1.000000
0.939295 0.326487 -0.105500 6.663900 -0.331348 0.783336 -0.525922 12.707900 -0.089065 0.528953 0.843964 0.878100 0.000000 0.000000 0.000000 1.000000
0.940715 0.321766 -0.107343 6.663900 -0.327561 0.779569 -0.533832 12.707900 -0.088088 0.537345 0.838750 0.878100 0.000000 0.000000 0.000000 1.000000
0.943688 0.311422 -0.111666 6.663900 -0.319819 0.772343 -0.548818 12.707900 -0.084670 0.553626 0.828450 0.878100 0.000000 0.000000 0.000000 1.000000
0.947366 0.297888 -0.117305 6.663900 -0.310102 0.762719 -0.567535 12.707900 -0.079591 0.574040 0.814950 0.878100 0.000000 0.000000 0.000000 1.000000
0.951153 0.282990 -0.123391 6.663900 -0.299858 0.751767 -0.587309 12.707900 -0.073441 0.595620 0.799902 0.878100 0.000000 0.000000 0.000000 1.000000
0.954482 0.268885 -0.129094 6.663900 -0.290627 0.741055 -0.605289 12.707900 -0.067087 0.615255 0.785468 0.878100 0.000000 0.000000 0.000000 1.000000
0.956903 0.257847 -0.133610 6.663900 -0.283780 0.732494 -0.618807 12.707900 -0.061689 0.630054 0.774097 0.878100 0.000000 0.000000 0.000000 1.000000
0.958210 0.251502 -0.136311 6.663900 -0.280074 0.727767 -0.626029 12.707900 -0.058245 0.638045 0.767793 0.878100 0.000000 0.000000 0.000000 1.000000
0.958584 0.249581 -0.137205 6.663900 -0.279100 0.727212 -0.627109 12.707900 -0.056738 0.639431 0.766753 0.878100 0.000000 0.000000 0.000000 1.000000
0.958376 0.250565 -0.136866 6.663900 -0.279870 0.729673 -0.623899 12.707900 -0.056460 0.636235 0.769427 0.878100 0.000000 0.000000 0.000000 1.000000
0.957757 0.253562 -0.135679 6.663900 -0.281865 0.734086 -0.617795 12.707900 -0.057049 0.629940 0.774546 0.878100 0.000000 0.000000 0.000000 1.000000
0.956838 0.257928 -0.133922 6.663900 -0.284730 0.739645 -0.609798 12.707900 -0.058229 0.621610 0.781160 0.878100 0.000000 0.000000 0.000000 1.000000
0.955732 0.263015 -0.131906 6.663900 -0.288112 0.745528 -0.600982 12.707900 -0.059727 0.612382 0.788303 0.878100 0.000000 0.000000 0.000000 1.000000
0.954591 0.268050 -0.130021 6.663900 -0.291563 0.750873 -0.592606 12.707900 -0.061219 0.603605 0.794929 0.878100 0.000000 0.000000 0.000000 1.000000
0.953440 0.272976 -0.128203 6.663900 -0.294995 0.755788 -0.584605 12.707900 -0.062689 0.595205 0.801125 0.878100 0.000000 0.000000 0.000000 1.000000
0.952147 0.278575 -0.125750 6.663900 -0.298763 0.761500 -0.575203 12.707900 -0.064478 0.585248 0.808287 0.878100 0.000000 0.000000 0.000000 1.000000
0.950801 0.284388 -0.122887 6.663900 -0.302603 0.767495 -0.565140 12.707900 -0.066403 0.574521 0.815792 0.878100 0.000000 0.000000 0.000000 1.000000
0.949532 0.289808 -0.120002 6.663900 -0.306161 0.773086 -0.555521 12.707900 -0.068223 0.564225 0.822798 0.878100 0.000000 0.000000 0.000000 1.000000
0.948465 0.294304 -0.117467 6.663900 -0.309111 0.777705 -0.547381 12.707900 -0.069741 0.555482 0.828599 0.878100 0.000000 0.000000 0.000000 1.000000</float_array>
        <technique_common>
          <accessor source="#mixamorig_LeftHandPinky1-Matrix-animation-output-transform-array" count="25" stride="16">
            <param type="float4x4"/>
          </accessor>
        </technique_common>
      </source>
      <source id="mixamorig_LeftHandPinky1-Interpolations">
        <Name_array id="mixamorig_LeftHandPinky1-Interpolations-array" count="25">
 LINEAR LINEAR LINEAR LINEAR LINEAR LINEAR LINEAR LINEAR LINEAR LINEAR LINEAR
LINEAR LINEAR LINEAR LINEAR LINEAR LINEAR LINEAR LINEAR LINEAR LINEAR LINEAR LINEAR
LINEAR LINEAR</Name_array>
        <technique_common>
          <accessor source="#mixamorig_LeftHandPinky1-Interpolations-array" count="25">
            <param type="name"/>
          </accessor>
        </technique_common>
      </source>
      <sampler id="mixamorig_LeftHandPinky1-Matrix-animation-transform">
        <input semantic="INPUT" source="#mixamorig_LeftHandPinky1-Matrix-animation-input"/>
        <input semantic="OUTPUT" source="#mixamorig_LeftHandPinky1-Matrix-animation-output-transform"/>
        <input semantic="INTERPOLATION" source="#mixamorig_LeftHandPinky1-Interpolations"/>
      </sampler>
      <channel source="#mixamorig_LeftHandPinky1-Matrix-animation-transform" target="mixamorig_LeftHandPinky1/matrix"/>
    </animation>
    <animation id="mixamorig_LeftHandPinky2-anim" name="mixamorig_LeftHandPinky2">
      <source id="mixamorig_LeftHandPinky2-Matrix-animation-input">
        <float_array id="mixamorig_LeftHandPinky2-Matrix-animation-input-array" count="25">

0.000000 0.033333 0.066667 0.100000 0.133333 0.166667 0.200000 0.233333 0.266667 0.300000 0.333333 0.366667 0.400000 0.433333 0.466667 0.500000
0.533333 0.566667 0.600000 0.633333 0.666667 0.700000 0.733333 0.766667 0.800000</float_array>
        <technique_common>
          <accessor source="#mixamorig_LeftHandPinky2-Matrix-animation-input-array" count="25">
            <param name="TIME" type="float"/>
          </accessor>
        </technique_common>
      </source>
      <source id="mixamorig_LeftHandPinky2-Matrix-animation-output-transform">
        <float_array id="mixamorig_LeftHandPinky2-Matrix-animation-output-transform-array" count="400">

0.994758 -0.086416 0.054661 0.000000 0.101486 0.769090 -0.631032 3.376600 0.012492 0.633272 0.773828 0.000000 0.000000 0.000000 0.000000 1.000000
0.994771 -0.086608 0.054126 0.000000 0.101373 0.772955 -0.626309 3.376600 0.012406 0.628521 0.777693 0.000000 0.000000 0.000000 0.000000 1.000000
0.994801 -0.087032 0.052887 0.000000 0.101107 0.781746 -0.615346 3.376600 0.012211 0.617493 0.786481 0.000000 0.000000 0.000000 0.000000 1.000000
0.994840 -0.087555 0.051261 0.000000 0.100750 0.792972 -0.600870 3.376600 0.011961 0.602934 0.797701 0.000000 0.000000 0.000000 0.000000 1.000000
0.994881 -0.088050 0.049591 0.000000 0.100374 0.804129 -0.585919 3.376600 0.011712 0.587897 0.808851 0.000000 0.000000 0.000000 0.000000 1.000000
0.994914 -0.088405 0.048270 0.000000 0.100064 0.812675 -0.574061 3.376600 0.011522 0.575972 0.817389 -0.000000 0.000000 0.000000 0.000000 1.000000
0.994933 -0.088541 0.047632 -0.000000 0.099889 0.816639 -0.568440 3.376600 0.011432 0.570317 0.821345 0.000000 0.000000 0.000000 0.000000 1.000000
0.994929 -0.088386 0.048004 0.000000 0.099923 0.814081 -0.572091 3.376600 0.011486 0.573986 0.818784 0.000000 0.000000 0.000000 0.000000 1.000000
0.994901 -0.087922 0.049405 0.000000 0.100172 0.804697 -0.585174 3.376600 0.011693 0.587139 0.809401 0.000000 0.000000 0.000000 0.000000 1.000000
0.994860 -0.087240 0.051407 0.000000 0.100546 0.790934 -0.603585 3.376600 0.011997 0.605651 0.795640 0.000000 0.000000 0.000000 0.000000 1.000000
0.994812 -0.086414 0.053685 0.000000 0.100979 0.774658 -0.624267 3.376600 0.012358 0.626449 0.779365 0.000000 0.000000 0.000000 0.000000 1.000000
0.994764 -0.085560 0.055897 0.000000 0.101405 0.758220 -0.644065 3.376600 0.012724 0.646361 0.762926 -0.000000 0.000000 0.000000 0.000000 1.000000
0.994724 -0.084826 0.057693 -0.000000 0.101756 0.744417 -0.659916 3.376600 0.013030 0.662305 0.749121 0.000000 0.000000 0.000000 0.000000 1.000000
0.994699 -0.084361 0.058805 -0.000000 0.101980 0.735690 -0.669597 3.376600 0.013226 0.672044 0.740393 0.000000 0.000000 0.000000 0.000000 1.000000
0.994687 -0.084181 0.059262 0.000000 0.102085 0.732133 -0.673468 3.376600 0.013305 0.675940 0.736837 0.000000 0.000000 0.000000 0.000000 1.000000
0.994683 -0.084193 0.059303 0.000000 0.102118 0.731935 -0.673679 3.376600 0.013313 0.676153 0.736641 0.000000 0.000000 0.000000 0.000000 1.000000
0.994685 -0.084333 0.059065 0.000000 0.102102 0.734004 -0.671426 3.376600 0.013269 0.673889 0.738714 0.000000 0.000000 0.000000 0.000000 1.000000
0.994691 -0.084556 0.058646 0.000000 0.102054 0.737526 -0.667564 3.376600 0.013193 0.670005 0.742240 0.000000 0.000000 0.000000 0.000000 1.000000
0.994699 -0.084813 0.058148 0.000000 0.101994 0.741650 -0.662988 3.376600 0.013104 0.665404 0.746369 0.000000 0.000000 0.000000 0.000000 1.000000
0.994705 -0.085050 0.057690 0.000000 0.101941 0.745427 -0.658746 3.376600 0.013023 0.661139 0.750150 0.000000 0.000000 0.000000 0.000000 1.000000
0.994711 -0.085271 0.057258 0.000000 0.101893 0.748969 -0.654724 3.376600 0.012945 0.657096 0.753696 0.000000 0.000000 0.000000 0.000000 1.000000
0.994721 -0.085553 0.056665 -0.000000 0.101811 0.753715 -0.649267 3.376600 0.012838 0.651609 0.758447 0.000000 0.000000 0.000000 0.000000 1.000000
0.994734 -0.085865 0.055967 -0.000000 0.101703 0.759150 -0.642921 3.376600 0.012717 0.645227 0.763885 0.000000 0.000000 0.000000 0.000000 1.000000
0.994747 -0.086165 0.055270 -0.000000 0.101590 0.764496 -0.636573 3.376600 0.012596 0.638844 0.769233 0.000000 0.000000 0.000000 0.000000 1.000000
0.994758 -0.086417 0.054661 0.000000 0.101487 0.769089 -0.631033 3.376600 0.012492 0.633273 0.773828 0.000000 0.000000 0.000000 0.000000 1.000000</float_array>
        <technique_common>
          <accessor source="#mixamorig_LeftHandPinky2-Matrix-animation-output-transform-array" count="25" stride="16">
            <param type="float4x4"/>
          </accessor>
        </technique_common>
      </source>
      <source id="mixamorig_LeftHandPinky2-Interpolations">
        <Name_array id="mixamorig_LeftHandPinky2-Interpolations-array" count="25">
 LINEAR LINEAR LINEAR LINEAR LINEAR LINEAR LINEAR LINEAR LINEAR LINEAR LINEAR
LINEAR LINEAR LINEAR LINEAR LINEAR LINEAR LINEAR LINEAR LINEAR LINEAR LINEAR LINEAR
LINEAR LINEAR</Name_array>
        <technique_common>
          <accessor source="#mixamorig_LeftHandPinky2-Interpolations-array" count="25">
            <param type="name"/>
          </accessor>
        </technique_common>
      </source>
      <sampler id="mixamorig_LeftHandPinky2-Matrix-animation-transform">
        <input semantic="INPUT" source="#mixamorig_LeftHandPinky2-Matrix-animation-input"/>
        <input semantic="OUTPUT" source="#mixamorig_LeftHandPinky2-Matrix-animation-output-transform"/>
        <input semantic="INTERPOLATION" source="#mixamorig_LeftHandPinky2-Interpolations"/>
      </sampler>
      <channel source="#mixamorig_LeftHandPinky2-Matrix-animation-transform" target="mixamorig_LeftHandPinky2/matrix"/>
    </animation>
    <animation id="mixamorig_LeftHandPinky3-anim" name="mixamorig_LeftHandPinky3">
      <source id="mixamorig_LeftHandPinky3-Matrix-animation-input">
        <float_array id="mixamorig_LeftHandPinky3-Matrix-animation-input-array" count="25">

0.000000 0.033333 0.066667 0.100000 0.133333 0.166667 0.200000 0.233333 0.266667 0.300000 0.333333 0.366667 0.400000 0.433333 0.466667 0.500000
0.533333 0.566667 0.600000 0.633333 0.666667 0.700000 0.733333 0.766667 0.800000</float_array>
        <technique_common>
          <accessor source="#mixamorig_LeftHandPinky3-Matrix-animation-input-array" count="25">
            <param name="TIME" type="float"/>
          </accessor>
        </technique_common>
      </source>
      <source id="mixamorig_LeftHandPinky3-Matrix-animation-output-transform">
        <float_array id="mixamorig_LeftHandPinky3-Matrix-animation-output-transform-array" count="400">

1.000000 0.000000 0.000000 -0.000000 -0.000000 1.000000 0.000000 2.998500 -0.000000 -0.000000 1.000000 0.000000 0.000000 0.000000 0.000000 1.000000
1.000000 0.000000 0.000000 0.000000 -0.000000 1.000000 0.000000 2.998500 0.000000 -0.000000 1.000000 0.000000 0.000000 0.000000 0.000000 1.000000
1.000000 0.000000 0.000000 -0.000000 -0.000000 1.000000 0.000000 2.998500 -0.000000 -0.000000 1.000000 0.000000 0.000000 0.000000 0.000000 1.000000
1.000000 -0.000000 -0.000000 0.000000 0.000000 1.000000 -0.000000 2.998500 0.000000 0.000000 1.000000 0.000000 0.000000 0.000000 0.000000 1.000000
1.000000 0.000000 -0.000000 0.000000 -0.000000 1.000000 0.000000 2.998500 0.000000 -0.000000 1.000000 0.000000 0.000000 0.000000 0.000000 1.000000
1.000000 -0.000000 0.000000 0.000000 0.000000 1.000000 0.000000 2.998500 -0.000000 -0.000000 1.000000 0.000000 0.000000 0.000000 0.000000 1.000000
1.000000 0.000000 0.000000 -0.000000 -0.000000 1.000000 0.000000 2.998500 0.000000 -0.000000 1.000000 0.000000 0.000000 0.000000 0.000000 1.000000
1.000000 0.000000 -0.000000 -0.000000 -0.000000 1.000000 0.000000 2.998500 0.000000 -0.000000 1.000000 0.000000 0.000000 0.000000 0.000000 1.000000
1.000000 -0.000000 -0.000000 0.000000 0.000000 1.000000 0.000000 2.998500 0.000000 -0.000000 1.000000 0.000000 0.000000 0.000000 0.000000 1.000000
1.000000 -0.000000 0.000000 0.000000 0.000000 1.000000 0.000000 2.998500 -0.000000 -0.000000 1.000000 0.000000 0.000000 0.000000 0.000000 1.000000
1.000000 0.000000 -0.000000 -0.000000 -0.000000 1.000000 0.000000 2.998500 0.000000 -0.000000 1.000000 0.000000 0.000000 0.000000 0.000000 1.000000
1.000000 0.000000 0.000000 0.000000 -0.000000 1.000000 0.000000 2.998500 -0.000000 -0.000000 1.000000 0.000000 0.000000 0.000000 0.000000 1.000000
1.000000 0.000000 -0.000000 -0.000000 -0.000000 1.000000 0.000000 2.998500 0.000000 -0.000000 1.000000 0.000000 0.000000 0.000000 0.000000 1.000000
1.000000 0.000000 0.000000 0.000000 -0.000000 1.000000 0.000000 2.998500 -0.000000 -0.000000 1.000000 0.000000 0.000000 0.000000 0.000000 1.000000
1.000000 0.000000 0.000000 0.000000 -0.000000 1.000000 0.000000 2.998500 0.000000 -0.000000 1.000000 0.000000 0.000000 0.000000 0.000000 1.000000
1.000000 0.000000 0.000000 -0.000000 -0.000000 1.000000 0.000000 2.998500 -0.000000 -0.000000 1.000000 0.000000 0.000000 0.000000 0.000000 1.000000
1.000000 0.000000 0.000000 -0.000000 -0.000000 1.000000 0.000000 2.998500 0.000000 -0.000000 1.000000 0.000000 0.000000 0.000000 0.000000 1.000000
1.000000 0.000000 -0.000000 -0.000000 -0.000000 1.000000 -0.000000 2.998500 0.000000 0.000000 1.000000 0.000000 0.000000 0.000000 0.000000 1.000000
1.000000 0.000000 0.000000 -0.000000 -0.000000 1.000000 0.000000 2.998500 0.000000 -0.000000 1.000000 0.000000 0.000000 0.000000 0.000000 1.000000
1.000000 0.000000 0.000000 -0.000000 -0.000000 1.000000 0.000000 2.998500 0.000000 -0.000000 1.000000 0.000000 0.000000 0.000000 0.000000 1.000000
1.000000 0.000000 -0.000000 0.000000 -0.000000 1.000000 0.000000 2.998500 -0.000000 -0.000000 1.000000 0.000000 0.000000 0.000000 0.000000 1.000000
1.000000 -0.000000 -0.000000 -0.000000 0.000000 1.000000 0.000000 2.998500 0.000000 -0.000000 1.000000 0.000000 0.000000 0.000000 0.000000 1.000000
1.000000 -0.000000 -0.000000 0.000000 0.000000 1.000000 0.000000 2.998500 0.000000 -0.000000 1.000000 -0.000000 0.000000 0.000000 0.000000 1.000000
1.000000 0.000000 -0.000000 0.000000 -0.000000 1.000000 0.000000 2.998500 0.000000 -0.000000 1.000000 0.000000 0.000000 0.000000 0.000000 1.000000
1.000000 0.000000 0.000000 -0.000000 -0.000000 1.000000 0.000000 2.998500 -0.000000 -0.000000 1.000000 0.000000 0.000000 0.000000 0.000000 1.000000</float_array>
        <technique_common>
          <accessor source="#mixamorig_LeftHandPinky3-Matrix-animation-output-transform-array" count="25" stride="16">
            <param type="float4x4"/>
          </accessor>
        </technique_common>
      </source>
      <source id="mixamorig_LeftHandPinky3-Interpolations">
        <Name_array id="mixamorig_LeftHandPinky3-Interpolations-array" count="25">
 LINEAR LINEAR LINEAR LINEAR LINEAR LINEAR LINEAR LINEAR LINEAR LINEAR LINEAR
LINEAR LINEAR LINEAR LINEAR LINEAR LINEAR LINEAR LINEAR LINEAR LINEAR LINEAR LINEAR
LINEAR LINEAR</Name_array>
        <technique_common>
          <accessor source="#mixamorig_LeftHandPinky3-Interpolations-array" count="25">
            <param type="name"/>
          </accessor>
        </technique_common>
      </source>
      <sampler id="mixamorig_LeftHandPinky3-Matrix-animation-transform">
        <input semantic="INPUT" source="#mixamorig_LeftHandPinky3-Matrix-animation-input"/>
        <input semantic="OUTPUT" source="#mixamorig_LeftHandPinky3-Matrix-animation-output-transform"/>
        <input semantic="INTERPOLATION" source="#mixamorig_LeftHandPinky3-Interpolations"/>
      </sampler>
      <channel source="#mixamorig_LeftHandPinky3-Matrix-animation-transform" target="mixamorig_LeftHandPinky3/matrix"/>
    </animation>
    <animation id="mixamorig_RightShoulder-anim" name="mixamorig_RightShoulder">
      <source id="mixamorig_RightShoulder-Matrix-animation-input">
        <float_array id="mixamorig_RightShoulder-Matrix-animation-input-array" count="25">

0.000000 0.033333 0.066667 0.100000 0.133333 0.166667 0.200000 0.233333 0.266667 0.300000 0.333333 0.366667 0.400000 0.433333 0.466667 0.500000
0.533333 0.566667 0.600000 0.633333 0.666667 0.700000 0.733333 0.766667 0.800000</float_array>
        <technique_common>
          <accessor source="#mixamorig_RightShoulder-Matrix-animation-input-array" count="25">
            <param name="TIME" type="float"/>
          </accessor>
        </technique_common>
      </source>
      <source id="mixamorig_RightShoulder-Matrix-animation-output-transform">
        <float_array id="mixamorig_RightShoulder-Matrix-animation-output-transform-array" count="400">

-0.111050 -0.921707 0.371649 -12.584900 0.140118 -0.384748 -0.912325 11.394900 0.983888 -0.049239 0.171874 -1.453100 0.000000 0.000000 0.000000 1.000000
-0.110948 -0.921971 0.371026 -12.584900 0.140288 -0.384122 -0.912562 11.394900 0.983875 -0.049197 0.171959 -1.453100 0.000000 0.000000 0.000000 1.000000
-0.110669 -0.922691 0.369316 -12.584900 0.140751 -0.382404 -0.913212 11.394900 0.983840 -0.049083 0.172190 -1.453100 0.000000 0.000000 0.000000 1.000000
-0.110248 -0.923774 0.366724 -12.584900 0.141455 -0.379801 -0.914189 11.394900 0.983787 -0.048913 0.172545 -1.453100 0.000000 0.000000 0.000000 1.000000
-0.109717 -0.925140 0.363427 -12.584900 0.142346 -0.376490 -0.915420 11.394900 0.983717 -0.048704 0.172997 -1.453100 0.000000 0.000000 0.000000 1.000000
-0.109118 -0.926673 0.359681 -12.584900 0.143357 -0.372729 -0.916800 11.394900 0.983637 -0.048476 0.173517 -1.453100 0.000000 0.000000 0.000000 1.000000
-0.108490 -0.928274 0.355720 -12.584900 0.144424 -0.368753 -0.918239 11.394900 0.983551 -0.048245 0.174071 -1.453100 0.000000 0.000000 0.000000 1.000000
-0.107867 -0.929856 0.351755 -12.584900 0.145487 -0.364775 -0.919659 11.394900 0.983462 -0.048025 0.174629 -1.453100 0.000000 0.000000 0.000000 1.000000
-0.107290 -0.931318 0.348044 -12.584900 0.146481 -0.361052 -0.920970 11.394900 0.983378 -0.047829 0.175158 -1.453100 0.000000 0.000000 0.000000 1.000000
-0.106790 -0.932581 0.344801 -12.584900 0.147347 -0.357799 -0.922100 11.394900 0.983303 -0.047666 0.175623 -1.453100 0.000000 0.000000 0.000000 1.000000
-0.106397 -0.933571 0.342234 -12.584900 0.148031 -0.355224 -0.922986 11.394900 0.983243 -0.047541 0.175992 -1.453100 0.000000 0.000000 0.000000 1.000000
-0.106155 -0.934179 0.340646 -12.584900 0.148455 -0.353632 -0.923529 11.394900 0.983205 -0.047467 0.176223 -1.453100 0.000000 0.000000 0.000000 1.000000
-0.106089 -0.934347 0.340207 -12.584900 0.148571 -0.353192 -0.923678 11.394900 0.983195 -0.047448 0.176287 -1.453100 0.000000 0.000000 0.000000 1.000000
-0.106180 -0.934121 0.340799 -12.584900 0.148414 -0.353785 -0.923477 11.394900 0.983209 -0.047476 0.176202 -1.453100 0.000000 0.000000 0.000000 1.000000
-0.106404 -0.933564 0.342253 -12.584900 0.148027 -0.355244 -0.922979 11.394900 0.983243 -0.047546 0.175991 -1.453100 0.000000 0.000000 0.000000 1.000000
-0.106741 -0.932717 0.344448 -12.584900 0.147442 -0.357446 -0.922222 11.394900 0.983294 -0.047653 0.175676 -1.453100 0.000000 0.000000 0.000000 1.000000
-0.107163 -0.931654 0.347183 -12.584900 0.146712 -0.360189 -0.921270 11.394900 0.983357 -0.047790 0.175284 -1.453100 0.000000 0.000000 0.000000 1.000000
-0.107651 -0.930421 0.350326 -12.584900 0.145871 -0.363342 -0.920165 11.394900 0.983429 -0.047954 0.174836 -1.453100 0.000000 0.000000 0.000000 1.000000
-0.108187 -0.929062 0.353750 -12.584900 0.144953 -0.366778 -0.918946 11.394900 0.983506 -0.048141 0.174351 -1.453100 0.000000 0.000000 0.000000 1.000000
-0.108744 -0.927644 0.357284 -12.584900 0.144004 -0.370325 -0.917672 11.394900 0.983584 -0.048341 0.173855 -1.453100 0.000000 0.000000 0.000000 1.000000
-0.109300 -0.926220 0.360790 -12.584900 0.143059 -0.373844 -0.916392 11.394900 0.983660 -0.048547 0.173366 -1.453100 0.000000 0.000000 0.000000 1.000000
-0.109833 -0.924851 0.364125 -12.584900 0.142159 -0.377192 -0.915160 11.394900 0.983731 -0.048751 0.172904 -1.453100 0.000000 0.000000 0.000000 1.000000
-0.110317 -0.923605 0.367129 -12.584900 0.141345 -0.380209 -0.914037 11.394900 0.983795 -0.048942 0.172490 -1.453100 0.000000 0.000000 0.000000 1.000000
-0.110730 -0.922537 0.369681 -12.584900 0.140653 -0.382771 -0.913074 11.394900 0.983847 -0.049108 0.172142 -1.453100 0.000000 0.000000 0.000000 1.000000
-0.111050 -0.921707 0.371649 -12.584900 0.140118 -0.384748 -0.912325 11.394900 0.983888 -0.049239 0.171874 -1.453100 0.000000 0.000000 0.000000 1.000000</float_array>
        <technique_common>
          <accessor source="#mixamorig_RightShoulder-Matrix-animation-output-transform-array" count="25" stride="16">
            <param type="float4x4"/>
          </accessor>
        </technique_common>
      </source>
      <source id="mixamorig_RightShoulder-Interpolations">
        <Name_array id="mixamorig_RightShoulder-Interpolations-array" count="25">
 LINEAR LINEAR LINEAR LINEAR LINEAR LINEAR LINEAR LINEAR LINEAR LINEAR LINEAR
LINEAR LINEAR LINEAR LINEAR LINEAR LINEAR LINEAR LINEAR LINEAR LINEAR LINEAR LINEAR
LINEAR LINEAR</Name_array>
        <technique_common>
          <accessor source="#mixamorig_RightShoulder-Interpolations-array" count="25">
            <param type="name"/>
          </accessor>
        </technique_common>
      </source>
      <sampler id="mixamorig_RightShoulder-Matrix-animation-transform">
        <input semantic="INPUT" source="#mixamorig_RightShoulder-Matrix-animation-input"/>
        <input semantic="OUTPUT" source="#mixamorig_RightShoulder-Matrix-animation-output-transform"/>
        <input semantic="INTERPOLATION" source="#mixamorig_RightShoulder-Interpolations"/>
      </sampler>
      <channel source="#mixamorig_RightShoulder-Matrix-animation-transform" target="mixamorig_RightShoulder/matrix"/>
    </animation>
    <animation id="mixamorig_RightArm-anim" name="mixamorig_RightArm">
      <source id="mixamorig_RightArm-Matrix-animation-input">
        <float_array id="mixamorig_RightArm-Matrix-animation-input-array" count="25">

0.000000 0.033333 0.066667 0.100000 0.133333 0.166667 0.200000 0.233333 0.266667 0.300000 0.333333 0.366667 0.400000 0.433333 0.466667 0.500000
0.533333 0.566667 0.600000 0.633333 0.666667 0.700000 0.733333 0.766667 0.800000</float_array>
        <technique_common>
          <accessor source="#mixamorig_RightArm-Matrix-animation-input-array" count="25">
            <param name="TIME" type="float"/>
          </accessor>
        </technique_common>
      </source>
      <source id="mixamorig_RightArm-Matrix-animation-output-transform">
        <float_array id="mixamorig_RightArm-Matrix-animation-output-transform-array" count="400">

0.874737 -0.349138 0.336063 -0.000000 0.180620 0.878414 0.442454 15.319300 -0.449680 -0.326331 0.831442 -0.000000 0.000000 0.000000 0.000000 1.000000
0.874462 -0.351087 0.334744 -0.000000 0.180645 0.876114 0.446981 15.319300 -0.450203 -0.330398 0.829551 0.000000 0.000000 0.000000 0.000000 1.000000
0.873710 -0.353772 0.333880 0.000000 0.180769 0.873340 0.452328 15.319300 -0.451612 -0.334848 0.826997 0.000000 0.000000 0.000000 0.000000 1.000000
0.872595 -0.356969 0.333392 0.000000 0.181049 0.870319 0.458002 15.319300 -0.453650 -0.339290 0.824065 -0.000000 0.000000 0.000000 0.000000 1.000000
0.871223 -0.360460 0.333225 0.000000 0.181574 0.867311 0.463468 15.319300 -0.456072 -0.343279 0.821071 0.000000 0.000000 0.000000 0.000000 1.000000
0.869730 -0.363978 0.333301 -0.000000 0.182425 0.864609 0.468160 15.319300 -0.458575 -0.346370 0.818375 0.000000 0.000000 0.000000 0.000000 1.000000
0.868238 -0.367292 0.333557 0.000000 0.183672 0.862470 0.471604 15.319300 -0.460899 -0.348200 0.816290 0.000000 0.000000 0.000000 0.000000 1.000000
0.866792 -0.370324 0.333962 0.000000 0.185529 0.861120 0.473341 15.319300 -0.462871 -0.348328 0.815118 0.000000 0.000000 0.000000 0.000000 1.000000
0.865229 -0.373451 0.334533 0.000000 0.188430 0.860523 0.473281 15.319300 -0.464621 -0.346460 0.814919 0.000000 0.000000 0.000000 0.000000 1.000000
0.863644 -0.376461 0.335255 0.000000 0.191881 0.860491 0.471951 15.319300 -0.466155 -0.343269 0.815393 -0.000000 0.000000 0.000000 0.000000 1.000000
0.862167 -0.379071 0.336116 0.000000 0.195414 0.860928 0.469699 15.319300 -0.467421 -0.339277 0.816339 0.000000 0.000000 0.000000 0.000000 1.000000
0.860964 -0.380929 0.337098 0.000000 0.198487 0.861764 0.466868 15.319300 -0.468342 -0.335047 0.817557 -0.000000 0.000000 0.000000 0.000000 1.000000
0.860186 -0.381749 0.338154 0.000000 0.200583 0.862885 0.463893 15.319300 -0.468878 -0.331206 0.818814 0.000000 0.000000 0.000000 0.000000 1.000000
0.859964 -0.381269 0.339258 0.000000 0.201261 0.864230 0.461086 15.319300 -0.468994 -0.328238 0.819942 0.000000 0.000000 0.000000 0.000000 1.000000
0.860390 -0.379027 0.340686 0.000000 0.200228 0.866138 0.457946 15.319300 -0.468655 -0.325797 0.821108 0.000000 0.000000 0.000000 0.000000 1.000000
0.861369 -0.375178 0.342470 0.000000 0.197814 0.868698 0.454130 15.319300 -0.467882 -0.323428 0.822484 0.000000 0.000000 0.000000 0.000000 1.000000
0.862707 -0.370418 0.344277 0.000000 0.194616 0.871543 0.450041 15.319300 -0.466756 -0.321252 0.823976 0.000000 0.000000 0.000000 0.000000 1.000000
0.864269 -0.365290 0.345837 -0.000000 0.191093 0.874387 0.446017 15.319300 -0.465321 -0.319391 0.825509 -0.000000 0.000000 0.000000 0.000000 1.000000
0.865919 -0.360419 0.346818 0.000000 0.187767 0.876900 0.442482 15.319300 -0.463604 -0.318032 0.826999 0.000000 0.000000 0.000000 0.000000 1.000000
0.867510 -0.356419 0.346975 0.000000 0.185148 0.878800 0.439808 15.319300 -0.461678 -0.317296 0.828358 0.000000 0.000000 0.000000 0.000000 1.000000
0.869033 -0.353585 0.346062 0.000000 0.183425 0.879873 0.438382 15.319300 -0.459496 -0.317492 0.829495 0.000000 0.000000 0.000000 0.000000 1.000000
0.870629 -0.351624 0.344043 -0.000000 0.182226 0.880124 0.438379 15.319300 -0.456945 -0.318972 0.830336 -0.000000 0.000000 0.000000 0.000000 1.000000
0.872193 -0.350335 0.341386 0.000000 0.181412 0.879795 0.439376 15.319300 -0.454278 -0.321289 0.830906 0.000000 0.000000 0.000000 0.000000 1.000000
0.873600 -0.349547 0.338584 -0.000000 0.180898 0.879151 0.440872 15.319300 -0.451772 -0.323897 0.831260 0.000000 0.000000 0.000000 0.000000 1.000000
0.874737 -0.349138 0.336063 -0.000000 0.180620 0.878414 0.442454 15.319300 -0.449680 -0.326331 0.831442 -0.000000 0.000000 0.000000 0.000000 1.000000</float_array>
        <technique_common>
          <accessor source="#mixamorig_RightArm-Matrix-animation-output-transform-array" count="25" stride="16">
            <param type="float4x4"/>
          </accessor>
        </technique_common>
      </source>
      <source id="mixamorig_RightArm-Interpolations">
        <Name_array id="mixamorig_RightArm-Interpolations-array" count="25">
 LINEAR LINEAR LINEAR LINEAR LINEAR LINEAR LINEAR LINEAR LINEAR LINEAR LINEAR
LINEAR LINEAR LINEAR LINEAR LINEAR LINEAR LINEAR LINEAR LINEAR LINEAR LINEAR LINEAR
LINEAR LINEAR</Name_array>
        <technique_common>
          <accessor source="#mixamorig_RightArm-Interpolations-array" count="25">
            <param type="name"/>
          </accessor>
        </technique_common>
      </source>
      <sampler id="mixamorig_RightArm-Matrix-animation-transform">
        <input semantic="INPUT" source="#mixamorig_RightArm-Matrix-animation-input"/>
        <input semantic="OUTPUT" source="#mixamorig_RightArm-Matrix-animation-output-transform"/>
        <input semantic="INTERPOLATION" source="#mixamorig_RightArm-Interpolations"/>
      </sampler>
      <channel source="#mixamorig_RightArm-Matrix-animation-transform" target="mixamorig_RightArm/matrix"/>
    </animation>
    <animation id="mixamorig_RightForeArm-anim" name="mixamorig_RightForeArm">
      <source id="mixamorig_RightForeArm-Matrix-animation-input">
        <float_array id="mixamorig_RightForeArm-Matrix-animation-input-array" count="25">

0.000000 0.033333 0.066667 0.100000 0.133333 0.166667 0.200000 0.233333 0.266667 0.300000 0.333333 0.366667 0.400000 0.433333 0.466667 0.500000
0.533333 0.566667 0.600000 0.633333 0.666667 0.700000 0.733333 0.766667 0.800000</float_array>
        <technique_common>
          <accessor source="#mixamorig_RightForeArm-Matrix-animation-input-array" count="25">
            <param name="TIME" type="float"/>
          </accessor>
        </technique_common>
      </source>
      <source id="mixamorig_RightForeArm-Matrix-animation-output-transform">
        <float_array id="mixamorig_RightForeArm-Matrix-animation-output-transform-array" count="400">

0.881710 0.469208 0.049313 -0.000000 -0.466897 0.882800 -0.051691 34.109299 -0.067787 0.022552 0.997445 0.000000 0.000000 0.000000 0.000000 1.000000
0.880423 0.471589 0.049585 0.000000 -0.469279 0.881539 -0.051629 34.109299 -0.068059 0.022186 0.997435 -0.000000 0.000000 0.000000 0.000000 1.000000
0.878984 0.474188 0.050329 -0.000000 -0.471877 0.880161 -0.051458 34.109299 -0.068699 0.021482 0.997406 0.000000 0.000000 0.000000 0.000000 1.000000
0.877844 0.476174 0.051453 -0.000000 -0.473860 0.879111 -0.051201 34.109299 -0.069614 0.020565 0.997362 0.000000 0.000000 0.000000 0.000000 1.000000
0.877544 0.476572 0.052875 0.000000 -0.474253 0.878917 -0.050876 34.109299 -0.070719 0.019570 0.997304 0.000000 0.000000 0.000000 0.000000 1.000000
0.878610 0.474422 0.054480 0.000000 -0.472095 0.880100 -0.050509 34.109299 -0.071911 0.018658 0.997237 -0.000000 0.000000 0.000000 0.000000 1.000000
0.881439 0.468946 0.056165 0.000000 -0.466606 0.883044 -0.050125 34.109299 -0.073102 0.017975 0.997162 0.000000 0.000000 0.000000 0.000000 1.000000
0.886629 0.458851 0.057837 0.000000 -0.456490 0.888337 -0.049745 34.109299 -0.074204 0.017703 0.997086 0.000000 0.000000 0.000000 0.000000 1.000000
0.894722 0.442657 0.059384 0.000000 -0.440263 0.896509 -0.049391 34.109299 -0.075102 0.018047 0.997013 0.000000 0.000000 0.000000 0.000000 1.000000
0.904120 0.422943 0.060722 -0.000000 -0.420508 0.905961 -0.049074 34.109299 -0.075768 0.018835 0.996948 0.000000 0.000000 0.000000 0.000000 1.000000
0.913538 0.402037 0.061765 -0.000000 -0.399560 0.915407 -0.048807 34.109299 -0.076163 0.019909 0.996897 0.000000 0.000000 0.000000 0.000000 1.000000
0.921760 0.382710 0.062391 0.000000 -0.380195 0.923628 -0.048609 34.109299 -0.076229 0.021085 0.996867 -0.000000 0.000000 0.000000 0.000000 1.000000
0.927793 0.367819 0.062528 0.000000 -0.365281 0.929634 -0.048489 34.109299 -0.075963 0.022148 0.996865 0.000000 0.000000 0.000000 0.000000 1.000000
0.930976 0.359736 0.062241 0.000000 -0.357191 0.932773 -0.048458 34.109299 -0.075488 0.022881 0.996884 0.000000 0.000000 0.000000 0.000000 1.000000
0.931420 0.358694 0.061607 0.000000 -0.356156 0.933166 -0.048531 34.109299 -0.074898 0.023261 0.996920 -0.000000 0.000000 0.000000 0.000000 1.000000
0.929878 0.362830 0.060678 0.000000 -0.360308 0.931561 -0.048708 34.109299 -0.074198 0.023430 0.996968 0.000000 0.000000 0.000000 0.000000 1.000000
0.926877 0.370614 0.059531 -0.000000 -0.368114 0.928491 -0.048962 34.109299 -0.073420 0.023468 0.997025 0.000000 0.000000 0.000000 0.000000 1.000000
0.922758 0.380957 0.058219 0.000000 -0.378483 0.924296 -0.049277 34.109299 -0.072583 0.023436 0.997087 0.000000 0.000000 0.000000 0.000000 1.000000
0.917875 0.392784 0.056791 0.000000 -0.390337 0.919333 -0.049640 34.109299 -0.071708 0.023395 0.997151 0.000000 0.000000 0.000000 0.000000 1.000000
0.912743 0.404772 0.055318 0.000000 -0.402349 0.914118 -0.050028 34.109299 -0.070817 0.023406 0.997215 0.000000 0.000000 0.000000 0.000000 1.000000
0.907476 0.416637 0.053855 0.000000 -0.414239 0.908770 -0.050423 34.109299 -0.069950 0.023449 0.997275 0.000000 0.000000 0.000000 0.000000 1.000000
0.901560 0.429462 0.052462 0.000000 -0.427088 0.902782 -0.050806 34.109299 -0.069181 0.023398 0.997330 0.000000 0.000000 0.000000 0.000000 1.000000
0.895117 0.442881 0.051207 0.000000 -0.440529 0.896280 -0.051156 34.109299 -0.068551 0.023232 0.997377 -0.000000 0.000000 0.000000 0.000000 1.000000
0.888413 0.456298 0.050139 0.000000 -0.453968 0.889531 -0.051456 34.109299 -0.068079 0.022953 0.997416 0.000000 0.000000 0.000000 0.000000 1.000000
0.881710 0.469208 0.049313 -0.000000 -0.466897 0.882800 -0.051691 34.109299 -0.067787 0.022552 0.997445 0.000000 0.000000 0.000000 0.000000 1.000000</float_array>
        <technique_common>
          <accessor source="#mixamorig_RightForeArm-Matrix-animation-output-transform-array" count="25" stride="16">
            <param type="float4x4"/>
          </accessor>
        </technique_common>
      </source>
      <source id="mixamorig_RightForeArm-Interpolations">
        <Name_array id="mixamorig_RightForeArm-Interpolations-array" count="25">
 LINEAR LINEAR LINEAR LINEAR LINEAR LINEAR LINEAR LINEAR LINEAR LINEAR LINEAR
LINEAR LINEAR LINEAR LINEAR LINEAR LINEAR LINEAR LINEAR LINEAR LINEAR LINEAR LINEAR
LINEAR LINEAR</Name_array>
        <technique_common>
          <accessor source="#mixamorig_RightForeArm-Interpolations-array" count="25">
            <param type="name"/>
          </accessor>
        </technique_common>
      </source>
      <sampler id="mixamorig_RightForeArm-Matrix-animation-transform">
        <input semantic="INPUT" source="#mixamorig_RightForeArm-Matrix-animation-input"/>
        <input semantic="OUTPUT" source="#mixamorig_RightForeArm-Matrix-animation-output-transform"/>
        <input semantic="INTERPOLATION" source="#mixamorig_RightForeArm-Interpolations"/>
      </sampler>
      <channel source="#mixamorig_RightForeArm-Matrix-animation-transform" target="mixamorig_RightForeArm/matrix"/>
    </animation>
    <animation id="mixamorig_RightHand-anim" name="mixamorig_RightHand">
      <source id="mixamorig_RightHand-Matrix-animation-input">
        <float_array id="mixamorig_RightHand-Matrix-animation-input-array" count="25">

0.000000 0.033333 0.066667 0.100000 0.133333 0.166667 0.200000 0.233333 0.266667 0.300000 0.333333 0.366667 0.400000 0.433333 0.466667 0.500000
0.533333 0.566667 0.600000 0.633333 0.666667 0.700000 0.733333 0.766667 0.800000</float_array>
        <technique_common>
          <accessor source="#mixamorig_RightHand-Matrix-animation-input-array" count="25">
            <param name="TIME" type="float"/>
          </accessor>
        </technique_common>
      </source>
      <source id="mixamorig_RightHand-Matrix-animation-output-transform">
        <float_array id="mixamorig_RightHand-Matrix-animation-output-transform-array" count="400">

0.995071 0.091891 0.037282 0.000000 -0.095727 0.791943 0.603045 41.076000 0.025890 -0.603641 0.796836 0.000000 0.000000 0.000000 0.000000 1.000000
0.995203 0.081353 0.054331 0.000000 -0.097699 0.798022 0.594657 41.076000 0.005020 -0.597112 0.802142 0.000000 0.000000 0.000000 0.000000 1.000000
0.993883 0.054323 0.096155 0.000000 -0.100645 0.803974 0.586086 41.076000 -0.045468 -0.592178 0.804523 -0.000000 0.000000 0.000000 0.000000 1.000000
0.988029 0.017969 0.153221 -0.000000 -0.104310 0.809564 0.577690 41.076000 -0.113662 -0.586757 0.801747 -0.000000 0.000000 0.000000 0.000000 1.000000
0.976361 -0.020469 0.215177 0.000000 -0.108527 0.814501 0.569920 41.076000 -0.186928 -0.579800 0.793026 0.000000 0.000000 0.000000 0.000000 1.000000
0.961314 -0.053243 0.270261 0.000000 -0.113008 0.818541 0.563223 41.076000 -0.251208 -0.571975 0.780858 -0.000000 0.000000 0.000000 0.000000 1.000000
0.948177 -0.074226 0.308952 0.000000 -0.117493 0.821510 0.557957 41.076000 -0.295223 -0.565341 0.770216 0.000000 0.000000 0.000000 0.000000 1.000000
0.942570 -0.078998 0.324533 0.000000 -0.121830 0.823374 0.554267 41.076000 -0.310998 -0.561974 0.766463 0.000000 0.000000 0.000000 0.000000 1.000000
0.943953 -0.071285 0.322290 -0.000000 -0.125953 0.824732 0.551319 41.076000 -0.305104 -0.561012 0.769530 0.000000 0.000000 0.000000 0.000000 1.000000
0.949415 -0.056336 0.308928 0.000000 -0.129681 0.825630 0.549106 41.076000 -0.285995 -0.561392 0.776561 0.000000 0.000000 0.000000 0.000000 1.000000
0.956879 -0.037231 0.288090 0.000000 -0.132811 0.825956 0.547867 41.076000 -0.258347 -0.562504 0.785395 0.000000 0.000000 0.000000 0.000000 1.000000
0.964454 -0.017243 0.263689 -0.000000 -0.135053 0.825539 0.547947 41.076000 -0.227134 -0.564081 0.793865 0.000000 0.000000 0.000000 0.000000 1.000000
0.970644 0.000030 0.240520 0.000000 -0.136205 0.824272 0.549566 41.076000 -0.198237 -0.566194 0.800079 -0.000000 0.000000 0.000000 0.000000 1.000000
0.974879 0.011740 0.222426 0.000000 -0.136070 0.821996 0.552999 41.076000 -0.176341 -0.569372 0.802944 0.000000 0.000000 0.000000 0.000000 1.000000
0.977935 0.018237 0.208113 0.000000 -0.134322 0.817859 0.559521 41.076000 -0.160003 -0.575129 0.802263 -0.000000 0.000000 0.000000 0.000000 1.000000
0.980699 0.022170 0.194262 -0.000000 -0.131070 0.811797 0.569039 41.076000 -0.145086 -0.583518 0.799035 0.000000 0.000000 0.000000 0.000000 1.000000
0.983253 0.024840 0.180546 -0.000000 -0.126805 0.804789 0.579858 41.076000 -0.130898 -0.593041 0.794461 0.000000 0.000000 0.000000 0.000000 1.000000
0.985637 0.027205 0.166674 0.000000 -0.121897 0.797668 0.590650 41.076000 -0.116882 -0.602483 0.789527 0.000000 0.000000 0.000000 0.000000 1.000000
0.987871 0.030312 0.152292 0.000000 -0.116766 0.791525 0.599879 41.076000 -0.102359 -0.610385 0.785463 0.000000 0.000000 0.000000 0.000000 1.000000
0.989935 0.035067 0.137110 0.000000 -0.111856 0.787390 0.606222 41.076000 -0.086700 -0.615457 0.783388 0.000000 0.000000 0.000000 0.000000 1.000000
0.991866 0.042687 0.119914 0.000000 -0.107454 0.785802 0.609073 41.076000 -0.068229 -0.617004 0.783997 -0.000000 0.000000 0.000000 0.000000 1.000000
0.993605 0.054113 0.099105 0.000000 -0.103589 0.786127 0.609322 41.076000 -0.044937 -0.615691 0.786705 -0.000000 0.000000 0.000000 0.000000 1.000000
0.994765 0.067435 0.076781 -0.000000 -0.100315 0.787668 0.607878 41.076000 -0.019485 -0.612398 0.790309 0.000000 0.000000 0.000000 0.000000 1.000000
0.995206 0.080597 0.055405 0.000000 -0.097674 0.789784 0.605558 41.076000 0.005048 -0.608067 0.793870 0.000000 0.000000 0.000000 0.000000 1.000000
0.995071 0.091891 0.037281 0.000000 -0.095727 0.791943 0.603045 41.076000 0.025890 -0.603641 0.796836 0.000000 0.000000 0.000000 0.000000 1.000000</float_array>
        <technique_common>
          <accessor source="#mixamorig_RightHand-Matrix-animation-output-transform-array" count="25" stride="16">
            <param type="float4x4"/>
          </accessor>
        </technique_common>
      </source>
      <source id="mixamorig_RightHand-Interpolations">
        <Name_array id="mixamorig_RightHand-Interpolations-array" count="25">
 LINEAR LINEAR LINEAR LINEAR LINEAR LINEAR LINEAR LINEAR LINEAR LINEAR LINEAR
LINEAR LINEAR LINEAR LINEAR LINEAR LINEAR LINEAR LINEAR LINEAR LINEAR LINEAR LINEAR
LINEAR LINEAR</Name_array>
        <technique_common>
          <accessor source="#mixamorig_RightHand-Interpolations-array" count="25">
            <param type="name"/>
          </accessor>
        </technique_common>
      </source>
      <sampler id="mixamorig_RightHand-Matrix-animation-transform">
        <input semantic="INPUT" source="#mixamorig_RightHand-Matrix-animation-input"/>
        <input semantic="OUTPUT" source="#mixamorig_RightHand-Matrix-animation-output-transform"/>
        <input semantic="INTERPOLATION" source="#mixamorig_RightHand-Interpolations"/>
      </sampler>
      <channel source="#mixamorig_RightHand-Matrix-animation-transform" target="mixamorig_RightHand/matrix"/>
    </animation>
    <animation id="mixamorig_RightHandThumb1-anim" name="mixamorig_RightHandThumb1">
      <source id="mixamorig_RightHandThumb1-Matrix-animation-input">
        <float_array id="mixamorig_RightHandThumb1-Matrix-animation-input-array" count="25">

0.000000 0.033333 0.066667 0.100000 0.133333 0.166667 0.200000 0.233333 0.266667 0.300000 0.333333 0.366667 0.400000 0.433333 0.466667 0.500000
0.533333 0.566667 0.600000 0.633333 0.666667 0.700000 0.733333 0.766667 0.800000</float_array>
        <technique_common>
          <accessor source="#mixamorig_RightHandThumb1-Matrix-animation-input-array" count="25">
            <param name="TIME" type="float"/>
          </accessor>
        </technique_common>
      </source>
      <source id="mixamorig_RightHandThumb1-Matrix-animation-output-transform">
        <float_array id="mixamorig_RightHandThumb1-Matrix-animation-output-transform-array" count="400">

0.890646 0.449601 -0.067892 9.706200 -0.438050 0.808386 -0.393223 9.903700 -0.121910 0.379963 0.916933 7.214200 0.000000 0.000000 0.000000 1.000000
0.891653 0.447506 -0.068501 9.706200 -0.436267 0.808939 -0.394068 9.903700 -0.120934 0.381257 0.916525 7.214200 0.000000 0.000000 0.000000 1.000000
0.893730 0.443022 -0.070553 9.706200 -0.432663 0.809688 -0.396496 9.903700 -0.118531 0.384886 0.915321 7.214200 0.000000 0.000000 0.000000 1.000000
0.896503 0.436855 -0.073763 9.706200 -0.427842 0.810437 -0.400179 9.903700 -0.115040 0.390321 0.913464 7.214200 0.000000 0.000000 0.000000 1.000000
0.899600 0.429715 -0.077880 9.706200 -0.422427 0.810975 -0.404815 9.903700 -0.110796 0.397070 0.911076 7.214200 0.000000 0.000000 0.000000 1.000000
0.902609 0.422473 -0.082550 9.706200 -0.417141 0.811105 -0.410003 9.903700 -0.106258 0.404507 0.908341 7.214200 0.000000 0.000000 0.000000 1.000000
0.905191 0.415911 -0.087455 9.706200 -0.412618 0.810681 -0.415383 9.903700 -0.101864 0.412086 0.905433 7.214200 0.000000 0.000000 0.000000 1.000000
0.907263 0.410331 -0.092211 9.706200 -0.409008 0.809820 -0.420601 9.903700 -0.097911 0.419310 0.902548 7.214200 0.000000 0.000000 0.000000 1.000000
0.909448 0.404543 -0.096177 9.706200 -0.405014 0.809416 -0.425216 9.903700 -0.094171 0.425665 0.899967 7.214200 0.000000 0.000000 0.000000 1.000000
0.911480 0.399161 -0.099370 9.706200 -0.401185 0.809280 -0.429088 9.903700 -0.090857 0.430971 0.897780 7.214200 0.000000 0.000000 0.000000 1.000000
0.912998 0.395057 -0.101809 9.706200 -0.398290 0.809120 -0.432076 9.903700 -0.088319 0.435034 0.896072 7.214200 0.000000 0.000000 0.000000 1.000000
0.913549 0.393349 -0.103464 9.706200 -0.397307 0.808596 -0.433958 9.903700 -0.087037 0.437549 0.894973 7.214200 0.000000 0.000000 0.000000 1.000000
0.912758 0.394926 -0.104429 9.706200 -0.399052 0.807360 -0.434657 9.903700 -0.087346 0.438410 0.894521 7.214200 0.000000 0.000000 0.000000 1.000000
0.910264 0.400445 -0.105184 9.706200 -0.404279 0.804862 -0.434461 9.903700 -0.089319 0.437998 0.894528 7.214200 0.000000 0.000000 0.000000 1.000000
0.904910 0.412004 -0.106729 9.706200 -0.415229 0.799614 -0.433823 9.903700 -0.093395 0.436887 0.894655 7.214200 0.000000 0.000000 0.000000 1.000000
0.896652 0.429075 -0.109135 9.706200 -0.431464 0.791588 -0.432697 9.903700 -0.099269 0.435066 0.894910 7.214200 0.000000 0.000000 0.000000 1.000000
0.886829 0.448411 -0.111634 9.706200 -0.449808 0.782330 -0.430850 9.903700 -0.105863 0.432305 0.895492 7.214200 0.000000 0.000000 0.000000 1.000000
0.876697 0.467459 -0.113511 9.706200 -0.467734 0.773246 -0.428153 9.903700 -0.112372 0.428453 0.896549 7.214200 0.000000 0.000000 0.000000 1.000000
0.868058 0.483248 -0.113781 9.706200 -0.482244 0.766298 -0.424533 9.903700 -0.117965 0.423389 0.898235 7.214200 0.000000 0.000000 0.000000 1.000000
0.862687 0.493268 -0.111616 9.706200 -0.490788 0.763273 -0.420168 9.903700 -0.122062 0.417253 0.900556 7.214200 0.000000 0.000000 0.000000 1.000000
0.862187 0.495331 -0.106209 9.706200 -0.491103 0.765811 -0.415153 9.903700 -0.124302 0.410099 0.903531 7.214200 0.000000 0.000000 0.000000 1.000000
0.866767 0.489081 -0.097544 9.706200 -0.482842 0.774023 -0.409575 9.903700 -0.124814 0.402105 0.907046 7.214200 0.000000 0.000000 0.000000 1.000000
0.874379 0.477342 -0.087213 9.706200 -0.469070 0.785456 -0.403772 9.903700 -0.124235 0.393959 0.910693 7.214200 0.000000 0.000000 0.000000 1.000000
0.882887 0.463253 -0.076863 9.706200 -0.453154 0.797580 -0.398142 9.903700 -0.123136 0.386345 0.914098 7.214200 0.000000 0.000000 0.000000 1.000000
0.890646 0.449601 -0.067891 9.706200 -0.438050 0.808386 -0.393223 9.903700 -0.121911 0.379962 0.916933 7.214200 0.000000 0.000000 0.000000 1.000000</float_array>
        <technique_common>
          <accessor source="#mixamorig_RightHandThumb1-Matrix-animation-output-transform-array" count="25" stride="16">
            <param type="float4x4"/>
          </accessor>
        </technique_common>
      </source>
      <source id="mixamorig_RightHandThumb1-Interpolations">
        <Name_array id="mixamorig_RightHandThumb1-Interpolations-array" count="25">
 LINEAR LINEAR LINEAR LINEAR LINEAR LINEAR LINEAR LINEAR LINEAR LINEAR LINEAR
LINEAR LINEAR LINEAR LINEAR LINEAR LINEAR LINEAR LINEAR LINEAR LINEAR LINEAR LINEAR
LINEAR LINEAR</Name_array>
        <technique_common>
          <accessor source="#mixamorig_RightHandThumb1-Interpolations-array" count="25">
            <param type="name"/>
          </accessor>
        </technique_common>
      </source>
      <sampler id="mixamorig_RightHandThumb1-Matrix-animation-transform">
        <input semantic="INPUT" source="#mixamorig_RightHandThumb1-Matrix-animation-input"/>
        <input semantic="OUTPUT" source="#mixamorig_RightHandThumb1-Matrix-animation-output-transform"/>
        <input semantic="INTERPOLATION" source="#mixamorig_RightHandThumb1-Interpolations"/>
      </sampler>
      <channel source="#mixamorig_RightHandThumb1-Matrix-animation-transform" target="mixamorig_RightHandThumb1/matrix"/>
    </animation>
    <animation id="mixamorig_RightHandThumb2-anim" name="mixamorig_RightHandThumb2">
      <source id="mixamorig_RightHandThumb2-Matrix-animation-input">
        <float_array id="mixamorig_RightHandThumb2-Matrix-animation-input-array" count="25">

0.000000 0.033333 0.066667 0.100000 0.133333 0.166667 0.200000 0.233333 0.266667 0.300000 0.333333 0.366667 0.400000 0.433333 0.466667 0.500000
0.533333 0.566667 0.600000 0.633333 0.666667 0.700000 0.733333 0.766667 0.800000</float_array>
        <technique_common>
          <accessor source="#mixamorig_RightHandThumb2-Matrix-animation-input-array" count="25">
            <param name="TIME" type="float"/>
          </accessor>
        </technique_common>
      </source>
      <source id="mixamorig_RightHandThumb2-Matrix-animation-output-transform">
        <float_array id="mixamorig_RightHandThumb2-Matrix-animation-output-transform-array" count="400">

0.932988 -0.359851 0.006314 0.000000 0.359906 0.932858 -0.015601 2.369600 -0.000276 0.016828 0.999858 0.000000 0.000000 0.000000 0.000000 1.000000
0.932165 -0.361975 0.006486 0.000000 0.362033 0.932031 -0.015842 2.369600 -0.000311 0.017116 0.999853 -0.000000 0.000000 0.000000 0.000000 1.000000
0.930052 -0.367363 0.006940 -0.000000 0.367428 0.929906 -0.016456 2.369600 -0.000408 0.017855 0.999840 -0.000000 0.000000 0.000000 0.000000 1.000000
0.926932 -0.375152 0.007619 0.000000 0.375229 0.926770 -0.017346 2.369600 -0.000554 0.018937 0.999821 0.000000 0.000000 0.000000 0.000000 1.000000
0.923083 -0.384508 0.008469 0.000000 0.384601 0.922899 -0.018417 2.369600 -0.000735 0.020257 0.999795 -0.000000 0.000000 0.000000 0.000000 1.000000
0.918890 -0.394401 0.009419 0.000000 0.394512 0.918683 -0.019550 2.369600 -0.000942 0.021680 0.999765 0.000000 0.000000 0.000000 0.000000 1.000000
0.914734 -0.403923 0.010392 0.000000 0.404055 0.914501 -0.020646 2.369600 -0.001164 0.023085 0.999733 -0.000000 0.000000 0.000000 0.000000 1.000000
0.910806 -0.412680 0.011342 0.000000 0.412833 0.910549 -0.021657 2.369600 -0.001390 0.024407 0.999701 0.000000 0.000000 0.000000 0.000000 1.000000
0.906659 -0.421686 0.012286 0.000000 0.421862 0.906376 -0.022690 2.369600 -0.001568 0.025755 0.999667 0.000000 0.000000 0.000000 0.000000 1.000000
0.902589 -0.430301 0.013159 0.000000 0.430499 0.902280 -0.023675 2.369600 -0.001685 0.027034 0.999633 -0.000000 0.000000 0.000000 0.000000 1.000000
0.899020 -0.437688 0.013889 0.000000 0.437905 0.898687 -0.024516 2.369600 -0.001751 0.028122 0.999603 0.000000 0.000000 0.000000 0.000000 1.000000
0.896510 -0.442790 0.014375 0.000000 0.443020 0.896160 -0.025095 2.369600 -0.001770 0.028866 0.999582 0.000000 0.000000 0.000000 0.000000 1.000000
0.895524 -0.444775 0.014540 0.000000 0.445009 0.895168 -0.025318 2.369600 -0.001755 0.029143 0.999574 0.000000 0.000000 0.000000 0.000000 1.000000
0.896303 -0.443209 0.014375 0.000000 0.443439 0.895952 -0.025139 2.369600 -0.001737 0.028907 0.999581 0.000000 0.000000 0.000000 0.000000 1.000000
0.899182 -0.437356 0.013866 0.000000 0.437572 0.898850 -0.024480 2.369600 -0.001757 0.028079 0.999604 0.000000 0.000000 0.000000 0.000000 1.000000
0.903830 -0.427692 0.013065 0.000000 0.427888 0.903529 -0.023393 2.369600 -0.001800 0.026733 0.999641 0.000000 0.000000 0.000000 0.000000 1.000000
0.909371 -0.415811 0.012094 0.000000 0.415983 0.909105 -0.022056 2.369600 -0.001824 0.025088 0.999684 0.000000 0.000000 0.000000 0.000000 1.000000
0.915152 -0.402957 0.011044 0.000000 0.403105 0.914922 -0.020607 2.369600 -0.001800 0.023311 0.999727 0.000000 0.000000 0.000000 0.000000 1.000000
0.920507 -0.390598 0.010006 0.000000 0.390722 0.920308 -0.019208 2.369600 -0.001706 0.021591 0.999765 -0.000000 0.000000 0.000000 0.000000 1.000000
0.924862 -0.380195 0.009064 0.000000 0.380300 0.924688 -0.018022 2.369600 -0.001530 0.020115 0.999797 -0.000000 0.000000 0.000000 0.000000 1.000000
0.927981 -0.372535 0.008264 0.000000 0.372625 0.927824 -0.017137 2.369600 -0.001283 0.018982 0.999819 0.000000 0.000000 0.000000 0.000000 1.000000
0.930155 -0.367090 0.007593 -0.000000 0.367167 0.930009 -0.016496 2.369600 -0.001006 0.018131 0.999835 -0.000000 0.000000 0.000000 0.000000 1.000000
0.931599 -0.363418 0.007047 0.000000 0.363486 0.931461 -0.016053 2.369600 -0.000730 0.017517 0.999846 0.000000 0.000000 0.000000 0.000000 1.000000
0.932501 -0.361107 0.006621 0.000000 0.361168 0.932368 -0.015764 2.369600 -0.000481 0.017092 0.999854 0.000000 0.000000 0.000000 0.000000 1.000000
0.932988 -0.359852 0.006314 0.000000 0.359907 0.932858 -0.015601 2.369600 -0.000277 0.016828 0.999858 -0.000000 0.000000 0.000000 0.000000 1.000000</float_array>
        <technique_common>
          <accessor source="#mixamorig_RightHandThumb2-Matrix-animation-output-transform-array" count="25" stride="16">
            <param type="float4x4"/>
          </accessor>
        </technique_common>
      </source>
      <source id="mixamorig_RightHandThumb2-Interpolations">
        <Name_array id="mixamorig_RightHandThumb2-Interpolations-array" count="25">
 LINEAR LINEAR LINEAR LINEAR LINEAR LINEAR LINEAR LINEAR LINEAR LINEAR LINEAR
LINEAR LINEAR LINEAR LINEAR LINEAR LINEAR LINEAR LINEAR LINEAR LINEAR LINEAR LINEAR
LINEAR LINEAR</Name_array>
        <technique_common>
          <accessor source="#mixamorig_RightHandThumb2-Interpolations-array" count="25">
            <param type="name"/>
          </accessor>
        </technique_common>
      </source>
      <sampler id="mixamorig_RightHandThumb2-Matrix-animation-transform">
        <input semantic="INPUT" source="#mixamorig_RightHandThumb2-Matrix-animation-input"/>
        <input semantic="OUTPUT" source="#mixamorig_RightHandThumb2-Matrix-animation-output-transform"/>
        <input semantic="INTERPOLATION" source="#mixamorig_RightHandThumb2-Interpolations"/>
      </sampler>
      <channel source="#mixamorig_RightHandThumb2-Matrix-animation-transform" target="mixamorig_RightHandThumb2/matrix"/>
    </animation>
    <animation id="mixamorig_RightHandThumb3-anim" name="mixamorig_RightHandThumb3">
      <source id="mixamorig_RightHandThumb3-Matrix-animation-input">
        <float_array id="mixamorig_RightHandThumb3-Matrix-animation-input-array" count="25">

0.000000 0.033333 0.066667 0.100000 0.133333 0.166667 0.200000 0.233333 0.266667 0.300000 0.333333 0.366667 0.400000 0.433333 0.466667 0.500000
0.533333 0.566667 0.600000 0.633333 0.666667 0.700000 0.733333 0.766667 0.800000</float_array>
        <technique_common>
          <accessor source="#mixamorig_RightHandThumb3-Matrix-animation-input-array" count="25">
            <param name="TIME" type="float"/>
          </accessor>
        </technique_common>
      </source>
      <source id="mixamorig_RightHandThumb3-Matrix-animation-output-transform">
        <float_array id="mixamorig_RightHandThumb3-Matrix-animation-output-transform-array" count="400">

1.000000 0.000000 -0.000071 0.000000 -0.000000 1.000000 0.000000 2.785100 0.000071 -0.000000 1.000000 0.000000 0.000000 0.000000 0.000000 1.000000
1.000000 -0.000000 -0.000071 0.000000 0.000000 1.000000 -0.000000 2.785100 0.000071 0.000000 1.000000 0.000000 0.000000 0.000000 0.000000 1.000000
1.000000 0.000000 -0.000070 0.000000 -0.000000 1.000000 0.000000 2.785100 0.000070 -0.000000 1.000000 -0.000000 0.000000 0.000000 0.000000 1.000000
1.000000 -0.000000 -0.000071 -0.000000 0.000000 1.000000 0.000000 2.785100 0.000071 -0.000000 1.000000 -0.000000 0.000000 0.000000 0.000000 1.000000
1.000000 -0.000000 -0.000071 0.000000 0.000000 1.000000 -0.000000 2.785100 0.000071 0.000000 1.000000 -0.000000 0.000000 0.000000 0.000000 1.000000
1.000000 -0.000000 -0.000071 0.000000 0.000000 1.000000 -0.000000 2.785100 0.000071 0.000000 1.000000 0.000000 0.000000 0.000000 0.000000 1.000000
1.000000 0.000000 -0.000071 0.000000 -0.000000 1.000000 0.000000 2.785100 0.000071 -0.000000 1.000000 0.000000 0.000000 0.000000 0.000000 1.000000
1.000000 -0.000000 -0.000071 0.000000 0.000000 1.000000 -0.000000 2.785100 0.000071 0.000000 1.000000 -0.000000 0.000000 0.000000 0.000000 1.000000
1.000000 -0.000000 -0.000071 0.000000 0.000000 1.000000 -0.000000 2.785100 0.000071 0.000000 1.000000 -0.000000 0.000000 0.000000 0.000000 1.000000
1.000000 -0.000000 -0.000071 -0.000000 0.000000 1.000000 -0.000000 2.785100 0.000071 0.000000 1.000000 0.000000 0.000000 0.000000 0.000000 1.000000
1.000000 -0.000000 -0.000071 0.000000 0.000000 1.000000 0.000000 2.785100 0.000071 -0.000000 1.000000 -0.000000 0.000000 0.000000 0.000000 1.000000
1.000000 -0.000000 -0.000071 0.000000 0.000000 1.000000 -0.000000 2.785100 0.000071 0.000000 1.000000 -0.000000 0.000000 0.000000 0.000000 1.000000
1.000000 -0.000000 -0.000071 0.000000 0.000000 1.000000 0.000000 2.785100 0.000071 -0.000000 1.000000 0.000000 0.000000 0.000000 0.000000 1.000000
1.000000 0.000000 -0.000070 -0.000000 -0.000000 1.000000 0.000000 2.785100 0.000070 -0.000000 1.000000 0.000000 0.000000 0.000000 0.000000 1.000000
1.000000 -0.000000 -0.000071 0.000000 0.000000 1.000000 0.000000 2.785100 0.000071 -0.000000 1.000000 -0.000000 0.000000 0.000000 0.000000 1.000000
1.000000 0.000000 -0.000071 0.000000 -0.000000 1.000000 -0.000000 2.785100 0.000071 0.000000 1.000000 0.000000 0.000000 0.000000 0.000000 1.000000
1.000000 0.000000 -0.000071 0.000000 -0.000000 1.000000 -0.000000 2.785100 0.000071 0.000000 1.000000 0.000000 0.000000 0.000000 0.000000 1.000000
1.000000 -0.000000 -0.000071 0.000000 0.000000 1.000000 0.000000 2.785100 0.000071 -0.000000 1.000000 0.000000 0.000000 0.000000 0.000000 1.000000
1.000000 0.000000 -0.000071 0.000000 -0.000000 1.000000 0.000000 2.785100 0.000071 -0.000000 1.000000 0.000000 0.000000 0.000000 0.000000 1.000000
1.000000 0.000000 -0.000071 0.000000 -0.000000 1.000000 -0.000000 2.785100 0.000071 0.000000 1.000000 -0.000000 0.000000 0.000000 0.000000 1.000000
1.000000 -0.000000 -0.000070 0.000000 0.000000 1.000000 -0.000000 2.785100 0.000070 0.000000 1.000000 -0.000000 0.000000 0.000000 0.000000 1.000000
1.000000 -0.000000 -0.000071 0.000000 0.000000 1.000000 0.000000 2.785100 0.000071 -0.000000 1.000000 0.000000 0.000000 0.000000 0.000000 1.000000
1.000000 0.000000 -0.000071 -0.000000 -0.000000 1.000000 0.000000 2.785100 0.000071 -0.000000 1.000000 0.000000 0.000000 0.000000 0.000000 1.000000
1.000000 -0.000000 -0.000071 -0.000000 0.000000 1.000000 0.000000 2.785100 0.000071 -0.000000 1.000000 0.000000 0.000000 0.000000 0.000000 1.000000
1.000000 0.000000 -0.000071 -0.000000 -0.000000 1.000000 0.000000 2.785100 0.000071 -0.000000 1.000000 0.000000 0.000000 0.000000 0.000000 1.000000</float_array>
        <technique_common>
          <accessor source="#mixamorig_RightHandThumb3-Matrix-animation-output-transform-array" count="25" stride="16">
            <param type="float4x4"/>
          </accessor>
        </technique_common>
      </source>
      <source id="mixamorig_RightHandThumb3-Interpolations">
        <Name_array id="mixamorig_RightHandThumb3-Interpolations-array" count="25">
 LINEAR LINEAR LINEAR LINEAR LINEAR LINEAR LINEAR LINEAR LINEAR LINEAR LINEAR
LINEAR LINEAR LINEAR LINEAR LINEAR LINEAR LINEAR LINEAR LINEAR LINEAR LINEAR LINEAR
LINEAR LINEAR</Name_array>
        <technique_common>
          <accessor source="#mixamorig_RightHandThumb3-Interpolations-array" count="25">
            <param type="name"/>
          </accessor>
        </technique_common>
      </source>
      <sampler id="mixamorig_RightHandThumb3-Matrix-animation-transform">
        <input semantic="INPUT" source="#mixamorig_RightHandThumb3-Matrix-animation-input"/>
        <input semantic="OUTPUT" source="#mixamorig_RightHandThumb3-Matrix-animation-output-transform"/>
        <input semantic="INTERPOLATION" source="#mixamorig_RightHandThumb3-Interpolations"/>
      </sampler>
      <channel source="#mixamorig_RightHandThumb3-Matrix-animation-transform" target="mixamorig_RightHandThumb3/matrix"/>
    </animation>
    <animation id="mixamorig_RightHandIndex1-anim" name="mixamorig_RightHandIndex1">
      <source id="mixamorig_RightHandIndex1-Matrix-animation-input">
        <float_array id="mixamorig_RightHandIndex1-Matrix-animation-input-array" count="25">

0.000000 0.033333 0.066667 0.100000 0.133333 0.166667 0.200000 0.233333 0.266667 0.300000 0.333333 0.366667 0.400000 0.433333 0.466667 0.500000
0.533333 0.566667 0.600000 0.633333 0.666667 0.700000 0.733333 0.766667 0.800000</float_array>
        <technique_common>
          <accessor source="#mixamorig_RightHandIndex1-Matrix-animation-input-array" count="25">
            <param name="TIME" type="float"/>
          </accessor>
        </technique_common>
      </source>
      <source id="mixamorig_RightHandIndex1-Matrix-animation-output-transform">
        <float_array id="mixamorig_RightHandIndex1-Matrix-animation-output-transform-array" count="400">

0.999732 -0.011812 0.019931 4.736600 0.013408 0.996548 -0.081928 18.296400 -0.018895 0.082173 0.996439 0.973900 0.000000 0.000000 0.000000 1.000000
0.999732 -0.011582 0.020065 4.736600 0.013255 0.996263 -0.085348 18.296400 -0.019002 0.085591 0.996149 0.973900 0.000000 0.000000 0.000000 1.000000
0.999731 -0.011009 0.020423 4.736600 0.012885 0.995481 -0.094083 18.296400 -0.019295 0.094321 0.995355 0.973900 0.000000 0.000000 0.000000 1.000000
0.999729 -0.010185 0.020953 4.736600 0.012367 0.994206 -0.106776 18.296400 -0.019744 0.107007 0.994062 0.973900 0.000000 0.000000 0.000000 1.000000
0.999724 -0.009197 0.021605 4.736600 0.011770 0.992446 -0.122119 18.296400 -0.020319 0.122340 0.992280 0.973900 0.000000 0.000000 0.000000 1.000000
0.999718 -0.008159 0.022322 4.736600 0.011174 0.990304 -0.138470 18.296400 -0.020976 0.138681 0.990115 0.973900 0.000000 0.000000 0.000000 1.000000
0.999708 -0.007175 0.023053 4.736600 0.010651 0.987955 -0.154372 18.296400 -0.021668 0.154572 0.987744 0.973900 0.000000 0.000000 0.000000 1.000000
0.999698 -0.006284 0.023764 4.736600 0.010216 0.985540 -0.169134 18.296400 -0.022357 0.169325 0.985307 0.973900 0.000000 0.000000 0.000000 1.000000
0.999688 -0.005296 0.024423 4.736600 0.009707 0.982840 -0.184203 18.296400 -0.023029 0.184382 0.982585 0.973900 0.000000 0.000000 0.000000 1.000000
0.999678 -0.004289 0.024995 4.736600 0.009168 0.980053 -0.198525 18.296400 -0.023645 0.198690 0.979777 0.973900 0.000000 0.000000 0.000000 1.000000
0.999671 -0.003382 0.025440 4.736600 0.008670 0.977504 -0.210740 18.296400 -0.024155 0.210891 0.977211 0.973900 0.000000 0.000000 0.000000 1.000000
0.999666 -0.002726 0.025713 4.736600 0.008297 0.975663 -0.219117 18.296400 -0.024490 0.219257 0.975360 0.973900 0.000000 0.000000 0.000000 1.000000
0.999664 -0.002447 0.025791 4.736600 0.008122 0.974942 -0.222312 18.296400 -0.024601 0.222447 0.974634 0.973900 0.000000 0.000000 0.000000 1.000000
0.999666 -0.002636 0.025693 4.736600 0.008219 0.975533 -0.219700 18.296400 -0.024485 0.219838 0.975229 0.973900 0.000000 0.000000 0.000000 1.000000
0.999671 -0.003428 0.025437 4.736600 0.008702 0.977616 -0.210219 18.296400 -0.024146 0.210371 0.977323 0.973900 0.000000 0.000000 0.000000 1.000000
0.999675 -0.004745 0.025029 4.736600 0.009530 0.980824 -0.194661 18.296400 -0.023626 0.194836 0.980551 0.973900 0.000000 0.000000 0.000000 1.000000
0.999680 -0.006333 0.024499 4.736600 0.010538 0.984413 -0.175558 18.296400 -0.023005 0.175760 0.984164 0.973900 0.000000 0.000000 0.000000 1.000000
0.999683 -0.007994 0.023868 4.736600 0.011598 0.987866 -0.154873 18.296400 -0.022340 0.155101 0.987646 0.973900 0.000000 0.000000 0.000000 1.000000
0.999686 -0.009505 0.023173 4.736600 0.012547 0.990781 -0.134889 18.296400 -0.021677 0.135138 0.990590 0.973900 0.000000 0.000000 0.000000 1.000000
0.999691 -0.010663 0.022471 4.736600 0.013241 0.992941 -0.117869 18.296400 -0.021055 0.118130 0.992775 0.973900 0.000000 0.000000 0.000000 1.000000
0.999697 -0.011376 0.021808 4.736600 0.013607 0.994376 -0.105028 18.296400 -0.020490 0.105293 0.994230 0.973900 0.000000 0.000000 0.000000 1.000000
0.999706 -0.011756 0.021205 4.736600 0.013732 0.995325 -0.095599 18.296400 -0.019982 0.095862 0.995194 0.973900 0.000000 0.000000 0.000000 1.000000
0.999715 -0.011901 0.020683 4.736600 0.013697 0.995940 -0.088966 18.296400 -0.019541 0.089224 0.995820 0.973900 0.000000 0.000000 0.000000 1.000000
0.999724 -0.011897 0.020253 4.736600 0.013570 0.996327 -0.084545 18.296400 -0.019173 0.084797 0.996214 0.973900 0.000000 0.000000 0.000000 1.000000
0.999732 -0.011812 0.019931 4.736600 0.013408 0.996548 -0.081928 18.296400 -0.018894 0.082173 0.996439 0.973900 0.000000 0.000000 0.000000 1.000000</float_array>
        <technique_common>
          <accessor source="#mixamorig_RightHandIndex1-Matrix-animation-output-transform-array" count="25" stride="16">
            <param type="float4x4"/>
          </accessor>
        </technique_common>
      </source>
      <source id="mixamorig_RightHandIndex1-Interpolations">
        <Name_array id="mixamorig_RightHandIndex1-Interpolations-array" count="25">
 LINEAR LINEAR LINEAR LINEAR LINEAR LINEAR LINEAR LINEAR LINEAR LINEAR LINEAR
LINEAR LINEAR LINEAR LINEAR LINEAR LINEAR LINEAR LINEAR LINEAR LINEAR LINEAR LINEAR
LINEAR LINEAR</Name_array>
        <technique_common>
          <accessor source="#mixamorig_RightHandIndex1-Interpolations-array" count="25">
            <param type="name"/>
          </accessor>
        </technique_common>
      </source>
      <sampler id="mixamorig_RightHandIndex1-Matrix-animation-transform">
        <input semantic="INPUT" source="#mixamorig_RightHandIndex1-Matrix-animation-input"/>
        <input semantic="OUTPUT" source="#mixamorig_RightHandIndex1-Matrix-animation-output-transform"/>
        <input semantic="INTERPOLATION" source="#mixamorig_RightHandIndex1-Interpolations"/>
      </sampler>
      <channel source="#mixamorig_RightHandIndex1-Matrix-animation-transform" target="mixamorig_RightHandIndex1/matrix"/>
    </animation>
    <animation id="mixamorig_RightHandIndex2-anim" name="mixamorig_RightHandIndex2">
      <source id="mixamorig_RightHandIndex2-Matrix-animation-input">
        <float_array id="mixamorig_RightHandIndex2-Matrix-animation-input-array" count="25">

0.000000 0.033333 0.066667 0.100000 0.133333 0.166667 0.200000 0.233333 0.266667 0.300000 0.333333 0.366667 0.400000 0.433333 0.466667 0.500000
0.533333 0.566667 0.600000 0.633333 0.666667 0.700000 0.733333 0.766667 0.800000</float_array>
        <technique_common>
          <accessor source="#mixamorig_RightHandIndex2-Matrix-animation-input-array" count="25">
            <param name="TIME" type="float"/>
          </accessor>
        </technique_common>
      </source>
      <source id="mixamorig_RightHandIndex2-Matrix-animation-output-transform">
        <float_array id="mixamorig_RightHandIndex2-Matrix-animation-output-transform-array" count="400">

0.999813 -0.019055 0.003259 -0.000000 0.019177 0.956416 -0.291377 4.698000 0.002436 0.291385 0.956603 -0.000000 0.000000 0.000000 0.000000 1.000000
0.999816 -0.018914 0.003286 0.000000 0.019048 0.956072 -0.292512 4.698000 0.002391 0.292521 0.956256 -0.000000 0.000000 0.000000 0.000000 1.000000
0.999822 -0.018576 0.003352 -0.000000 0.018738 0.955257 -0.295184 4.698000 0.002281 0.295194 0.955435 -0.000000 0.000000 0.000000 0.000000 1.000000
0.999830 -0.018104 0.003445 -0.000000 0.018306 0.954119 -0.298867 4.698000 0.002124 0.298879 0.954289 -0.000000 0.000000 0.000000 0.000000 1.000000
0.999840 -0.017559 0.003550 -0.000000 0.017809 0.952816 -0.303024 4.698000 0.001938 0.303039 0.952976 -0.000000 0.000000 0.000000 0.000000 1.000000
0.999849 -0.017018 0.003654 0.000000 0.017317 0.951541 -0.307033 4.698000 0.001748 0.307049 0.951692 0.000000 0.000000 0.000000 0.000000 1.000000
0.999856 -0.016544 0.003746 0.000000 0.016889 0.950472 -0.310351 4.698000 0.001574 0.310369 0.950615 -0.000000 0.000000 0.000000 0.000000 1.000000
0.999862 -0.016151 0.003825 0.000000 0.016537 0.949637 -0.312914 4.698000 0.001422 0.312934 0.949774 -0.000000 0.000000 0.000000 0.000000 1.000000
0.999869 -0.015682 0.003913 0.000000 0.016115 0.948551 -0.316215 4.698000 0.001248 0.316237 0.948679 0.000000 0.000000 0.000000 0.000000 1.000000
0.999877 -0.015179 0.004003 0.000000 0.015662 0.947314 -0.319925 4.698000 0.001064 0.319948 0.947435 0.000000 0.000000 0.000000 0.000000 1.000000
0.999883 -0.014709 0.004083 -0.000000 0.015239 0.946106 -0.323498 4.698000 0.000895 0.323522 0.946220 0.000000 0.000000 0.000000 0.000000 1.000000
0.999888 -0.014352 0.004141 0.000000 0.014918 0.945154 -0.326285 4.698000 0.000769 0.326310 0.945263 0.000000 0.000000 0.000000 0.000000 1.000000
0.999891 -0.014183 0.004166 0.000000 0.014765 0.944676 -0.327672 4.698000 0.000712 0.327698 0.944782 0.000000 0.000000 0.000000 0.000000 1.000000
0.999889 -0.014275 0.004151 0.000000 0.014848 0.944915 -0.326980 4.698000 0.000745 0.327005 0.945022 0.000000 0.000000 0.000000 0.000000 1.000000
0.999883 -0.014741 0.004078 0.000000 0.015267 0.946216 -0.323174 4.698000 0.000905 0.323198 0.946331 0.000000 0.000000 0.000000 0.000000 1.000000
0.999872 -0.015537 0.003948 0.000000 0.015987 0.948431 -0.316580 4.698000 0.001174 0.316602 0.948558 0.000000 0.000000 0.000000 0.000000 1.000000
0.999857 -0.016498 0.003784 0.000000 0.016861 0.951044 -0.308594 4.698000 0.001493 0.308614 0.951186 0.000000 0.000000 0.000000 0.000000 1.000000
0.999840 -0.017499 0.003603 0.000000 0.017773 0.953670 -0.300328 4.698000 0.001820 0.300344 0.953829 0.000000 0.000000 0.000000 0.000000 1.000000
0.999825 -0.018385 0.003431 0.000000 0.018583 0.955894 -0.293124 4.698000 0.002110 0.293136 0.956068 0.000000 0.000000 0.000000 0.000000 1.000000
0.999814 -0.019021 0.003299 -0.000000 0.019165 0.957376 -0.288209 4.698000 0.002323 0.288219 0.957562 0.000000 0.000000 0.000000 0.000000 1.000000
0.999808 -0.019341 0.003227 0.000000 0.019455 0.957987 -0.286152 4.698000 0.002443 0.286160 0.958179 0.000000 0.000000 0.000000 0.000000 1.000000
0.999806 -0.019431 0.003200 -0.000000 0.019534 0.957990 -0.286135 4.698000 0.002494 0.286142 0.958184 -0.000000 0.000000 0.000000 0.000000 1.000000
0.999807 -0.019371 0.003205 0.000000 0.019474 0.957609 -0.287412 4.698000 0.002498 0.287419 0.957802 0.000000 0.000000 0.000000 0.000000 1.000000
0.999810 -0.019227 0.003227 0.000000 0.019338 0.957032 -0.289338 4.698000 0.002474 0.289346 0.957221 0.000000 0.000000 0.000000 0.000000 1.000000
0.999813 -0.019055 0.003258 0.000000 0.019177 0.956416 -0.291377 4.698000 0.002436 0.291385 0.956603 -0.000000 0.000000 0.000000 0.000000 1.000000</float_array>
        <technique_common>
          <accessor source="#mixamorig_RightHandIndex2-Matrix-animation-output-transform-array" count="25" stride="16">
            <param type="float4x4"/>
          </accessor>
        </technique_common>
      </source>
      <source id="mixamorig_RightHandIndex2-Interpolations">
        <Name_array id="mixamorig_RightHandIndex2-Interpolations-array" count="25">
 LINEAR LINEAR LINEAR LINEAR LINEAR LINEAR LINEAR LINEAR LINEAR LINEAR LINEAR
LINEAR LINEAR LINEAR LINEAR LINEAR LINEAR LINEAR LINEAR LINEAR LINEAR LINEAR LINEAR
LINEAR LINEAR</Name_array>
        <technique_common>
          <accessor source="#mixamorig_RightHandIndex2-Interpolations-array" count="25">
            <param type="name"/>
          </accessor>
        </technique_common>
      </source>
      <sampler id="mixamorig_RightHandIndex2-Matrix-animation-transform">
        <input semantic="INPUT" source="#mixamorig_RightHandIndex2-Matrix-animation-input"/>
        <input semantic="OUTPUT" source="#mixamorig_RightHandIndex2-Matrix-animation-output-transform"/>
        <input semantic="INTERPOLATION" source="#mixamorig_RightHandIndex2-Interpolations"/>
      </sampler>
      <channel source="#mixamorig_RightHandIndex2-Matrix-animation-transform" target="mixamorig_RightHandIndex2/matrix"/>
    </animation>
    <animation id="mixamorig_RightHandIndex3-anim" name="mixamorig_RightHandIndex3">
      <source id="mixamorig_RightHandIndex3-Matrix-animation-input">
        <float_array id="mixamorig_RightHandIndex3-Matrix-animation-input-array" count="25">

0.000000 0.033333 0.066667 0.100000 0.133333 0.166667 0.200000 0.233333 0.266667 0.300000 0.333333 0.366667 0.400000 0.433333 0.466667 0.500000
0.533333 0.566667 0.600000 0.633333 0.666667 0.700000 0.733333 0.766667 0.800000</float_array>
        <technique_common>
          <accessor source="#mixamorig_RightHandIndex3-Matrix-animation-input-array" count="25">
            <param name="TIME" type="float"/>
          </accessor>
        </technique_common>
      </source>
      <source id="mixamorig_RightHandIndex3-Matrix-animation-output-transform">
        <float_array id="mixamorig_RightHandIndex3-Matrix-animation-output-transform-array" count="400">

1.000000 -0.000000 0.000000 -0.000000 0.000000 1.000000 0.000000 2.894000 -0.000000 -0.000000 1.000000 0.000000 0.000000 0.000000 0.000000 1.000000
1.000000 -0.000000 -0.000000 -0.000000 0.000000 1.000000 0.000000 2.894000 0.000000 -0.000000 1.000000 0.000000 0.000000 0.000000 0.000000 1.000000
1.000000 -0.000000 -0.000000 0.000000 0.000000 1.000000 0.000000 2.894000 0.000000 -0.000000 1.000000 0.000000 0.000000 0.000000 0.000000 1.000000
1.000000 -0.000000 0.000000 0.000000 0.000000 1.000000 0.000000 2.894000 0.000000 -0.000000 1.000000 0.000000 0.000000 0.000000 0.000000 1.000000
1.000000 -0.000000 -0.000000 0.000000 0.000000 1.000000 0.000000 2.894000 -0.000000 -0.000000 1.000000 -0.000000 0.000000 0.000000 0.000000 1.000000
1.000000 -0.000000 -0.000000 -0.000000 0.000000 1.000000 0.000000 2.894000 0.000000 -0.000000 1.000000 -0.000000 0.000000 0.000000 0.000000 1.000000
1.000000 0.000000 0.000000 0.000000 -0.000000 1.000000 0.000000 2.894000 -0.000000 -0.000000 1.000000 -0.000000 0.000000 0.000000 0.000000 1.000000
1.000000 -0.000000 0.000000 -0.000000 0.000000 1.000000 0.000000 2.894000 -0.000000 -0.000000 1.000000 0.000000 0.000000 0.000000 0.000000 1.000000
1.000000 -0.000000 -0.000000 0.000000 0.000000 1.000000 -0.000000 2.894000 0.000000 0.000000 1.000000 0.000000 0.000000 0.000000 0.000000 1.000000
1.000000 -0.000000 0.000000 0.000000 0.000000 1.000000 0.000000 2.894000 -0.000000 -0.000000 1.000000 0.000000 0.000000 0.000000 0.000000 1.000000
1.000000 -0.000000 0.000000 -0.000000 0.000000 1.000000 0.000000 2.894000 0.000000 -0.000000 1.000000 0.000000 0.000000 0.000000 0.000000 1.000000
1.000000 -0.000000 0.000000 -0.000000 0.000000 1.000000 0.000000 2.894000 0.000000 -0.000000 1.000000 -0.000000 0.000000 0.000000 0.000000 1.000000
1.000000 0.000000 0.000000 0.000000 -0.000000 1.000000 0.000000 2.894000 -0.000000 -0.000000 1.000000 -0.000000 0.000000 0.000000 0.000000 1.000000
1.000000 -0.000000 0.000000 0.000000 0.000000 1.000000 -0.000000 2.894000 -0.000000 0.000000 1.000000 0.000000 0.000000 0.000000 0.000000 1.000000
1.000000 -0.000000 -0.000000 -0.000000 0.000000 1.000000 0.000000 2.894000 0.000000 -0.000000 1.000000 0.000000 0.000000 0.000000 0.000000 1.000000
1.000000 -0.000000 -0.000000 0.000000 0.000000 1.000000 -0.000000 2.894000 0.000000 0.000000 1.000000 -0.000000 0.000000 0.000000 0.000000 1.000000
1.000000 0.000000 0.000000 0.000000 -0.000000 1.000000 0.000000 2.894000 -0.000000 -0.000000 1.000000 0.000000 0.000000 0.000000 0.000000 1.000000
1.000000 0.000000 0.000000 0.000000 -0.000000 1.000000 0.000000 2.894000 -0.000000 -0.000000 1.000000 -0.000000 0.000000 0.000000 0.000000 1.000000
1.000000 -0.000000 0.000000 0.000000 0.000000 1.000000 0.000000 2.894000 0.000000 -0.000000 1.000000 -0.000000 0.000000 0.000000 0.000000 1.000000
1.000000 -0.000000 0.000000 -0.000000 0.000000 1.000000 0.000000 2.894000 0.000000 -0.000000 1.000000 -0.000000 0.000000 0.000000 0.000000 1.000000
1.000000 -0.000000 -0.000000 0.000000 0.000000 1.000000 0.000000 2.894000 0.000000 -0.000000 1.000000 0.000000 0.000000 0.000000 0.000000 1.000000
1.000000 -0.000000 -0.000000 0.000000 0.000000 1.000000 0.000000 2.894000 -0.000000 -0.000000 1.000000 0.000000 0.000000 0.000000 0.000000 1.000000
1.000000 -0.000000 -0.000000 0.000000 0.000000 1.000000 -0.000000 2.894000 0.000000 0.000000 1.000000 0.000000 0.000000 0.000000 0.000000 1.000000
1.000000 -0.000000 -0.000000 0.000000 0.000000 1.000000 -0.000000 2.894000 0.000000 0.000000 1.000000 -0.000000 0.000000 0.000000 0.000000 1.000000
1.000000 0.000000 0.000000 0.000000 -0.000000 1.000000 -0.000000 2.894000 -0.000000 0.000000 1.000000 -0.000000 0.000000 0.000000 0.000000 1.000000</float_array>
        <technique_common>
          <accessor source="#mixamorig_RightHandIndex3-Matrix-animation-output-transform-array" count="25" stride="16">
            <param type="float4x4"/>
          </accessor>
        </technique_common>
      </source>
      <source id="mixamorig_RightHandIndex3-Interpolations">
        <Name_array id="mixamorig_RightHandIndex3-Interpolations-array" count="25">
 LINEAR LINEAR LINEAR LINEAR LINEAR LINEAR LINEAR LINEAR LINEAR LINEAR LINEAR
LINEAR LINEAR LINEAR LINEAR LINEAR LINEAR LINEAR LINEAR LINEAR LINEAR LINEAR LINEAR
LINEAR LINEAR</Name_array>
        <technique_common>
          <accessor source="#mixamorig_RightHandIndex3-Interpolations-array" count="25">
            <param type="name"/>
          </accessor>
        </technique_common>
      </source>
      <sampler id="mixamorig_RightHandIndex3-Matrix-animation-transform">
        <input semantic="INPUT" source="#mixamorig_RightHandIndex3-Matrix-animation-input"/>
        <input semantic="OUTPUT" source="#mixamorig_RightHandIndex3-Matrix-animation-output-transform"/>
        <input semantic="INTERPOLATION" source="#mixamorig_RightHandIndex3-Interpolations"/>
      </sampler>
      <channel source="#mixamorig_RightHandIndex3-Matrix-animation-transform" target="mixamorig_RightHandIndex3/matrix"/>
    </animation>
    <animation id="mixamorig_RightHandMiddle1-anim" name="mixamorig_RightHandMiddle1">
      <source id="mixamorig_RightHandMiddle1-Matrix-animation-input">
        <float_array id="mixamorig_RightHandMiddle1-Matrix-animation-input-array" count="25">

0.000000 0.033333 0.066667 0.100000 0.133333 0.166667 0.200000 0.233333 0.266667 0.300000 0.333333 0.366667 0.400000 0.433333 0.466667 0.500000
0.533333 0.566667 0.600000 0.633333 0.666667 0.700000 0.733333 0.766667 0.800000</float_array>
        <technique_common>
          <accessor source="#mixamorig_RightHandMiddle1-Matrix-animation-input-array" count="25">
            <param name="TIME" type="float"/>
          </accessor>
        </technique_common>
      </source>
      <source id="mixamorig_RightHandMiddle1-Matrix-animation-output-transform">
        <float_array id="mixamorig_RightHandMiddle1-Matrix-animation-output-transform-array" count="400">

0.999022 -0.039057 0.020714 0.139500 0.042699 0.973854 -0.223125 17.923901 -0.011458 0.223792 0.974570 0.051600 0.000000 0.000000 0.000000 1.000000
0.999041 -0.038484 0.020871 0.139500 0.042212 0.973187 -0.226108 17.923901 -0.011610 0.226772 0.973879 0.051600 0.000000 0.000000 0.000000 1.000000
0.999076 -0.037353 0.021275 0.139500 0.041296 0.971436 -0.233682 17.923901 -0.011938 0.234344 0.972080 0.051600 0.000000 0.000000 0.000000 1.000000
0.999120 -0.035799 0.021852 0.139500 0.040062 0.968790 -0.244626 17.923901 -0.012412 0.245286 0.969371 0.051600 0.000000 0.000000 0.000000 1.000000
0.999169 -0.033950 0.022532 0.139500 0.038617 0.965438 -0.257755 17.923901 -0.013003 0.258411 0.965947 0.051600 0.000000 0.000000 0.000000 1.000000
0.999219 -0.031973 0.023239 0.139500 0.037089 0.961693 -0.271606 17.923901 -0.013665 0.272256 0.962128 0.051600 0.000000 0.000000 0.000000 1.000000
0.999263 -0.030021 0.023911 0.139500 0.035595 0.957900 -0.284889 17.923901 -0.014352 0.285530 0.958262 0.051600 0.000000 0.000000 0.000000 1.000000
0.999305 -0.028068 0.024523 0.139500 0.034092 0.954254 -0.297048 17.923901 -0.015063 0.297678 0.954547 0.051600 0.000000 0.000000 0.000000 1.000000
0.999356 -0.025633 0.025106 0.139500 0.032153 0.950323 -0.309602 17.923901 -0.015923 0.310209 0.950535 0.051600 0.000000 0.000000 0.000000 1.000000
0.999405 -0.023101 0.025628 0.139500 0.030124 0.946377 -0.321656 17.923901 -0.016823 0.322237 0.946510 0.051600 0.000000 0.000000 0.000000 1.000000
0.999442 -0.020918 0.026046 0.139500 0.028387 0.942839 -0.332036 17.923901 -0.017612 0.332590 0.942907 0.051600 0.000000 0.000000 0.000000 1.000000
0.999461 -0.019635 0.026317 0.139500 0.027405 0.940295 -0.339255 17.923901 -0.018084 0.339793 0.940326 0.051600 0.000000 0.000000 0.000000 1.000000
0.999456 -0.019726 0.026413 0.139500 0.027580 0.939244 -0.342139 17.923901 -0.018059 0.342682 0.939278 0.051600 0.000000 0.000000 0.000000 1.000000
0.999420 -0.021582 0.026329 0.139500 0.029256 0.939953 -0.340047 17.923901 -0.017409 0.340621 0.940040 0.051600 0.000000 0.000000 0.000000 1.000000
0.999320 -0.026102 0.026039 0.139500 0.033272 0.942717 -0.331930 17.923901 -0.015884 0.332570 0.942945 0.051600 0.000000 0.000000 0.000000 1.000000
0.999128 -0.033024 0.025555 0.139500 0.039450 0.947115 -0.318460 17.923901 -0.013686 0.319190 0.947592 0.051600 0.000000 0.000000 0.000000 1.000000
0.998849 -0.040984 0.024923 0.139500 0.046603 0.952206 -0.301882 17.923901 -0.011359 0.302696 0.953019 0.051600 0.000000 0.000000 0.000000 1.000000
0.998511 -0.048890 0.024186 0.139500 0.053752 0.957332 -0.283948 17.923901 -0.009272 0.284825 0.958535 0.051600 0.000000 0.000000 0.000000 1.000000
0.998188 -0.055420 0.023419 0.139500 0.059664 0.961927 -0.266716 17.923901 -0.007746 0.267630 0.963491 0.051600 0.000000 0.000000 0.000000 1.000000
0.997975 -0.059424 0.022702 0.139500 0.063234 0.965598 -0.252233 17.923901 -0.006932 0.253157 0.967400 0.051600 0.000000 0.000000 0.000000 1.000000
0.997959 -0.059914 0.022097 0.139500 0.063483 0.968308 -0.241555 17.923901 -0.006924 0.242465 0.970136 0.051600 0.000000 0.000000 0.000000 1.000000
0.998153 -0.056788 0.021598 0.139500 0.060270 0.970402 -0.233852 17.923901 -0.007679 0.234722 0.972032 0.051600 0.000000 0.000000 0.000000 1.000000
0.998455 -0.051359 0.021204 0.139500 0.054851 0.971988 -0.228541 17.923901 -0.008872 0.229351 0.973303 0.051600 0.000000 0.000000 0.000000 1.000000
0.998766 -0.045046 0.020910 0.139500 0.048602 0.973125 -0.225090 17.923901 -0.010209 0.225829 0.974114 0.051600 0.000000 0.000000 0.000000 1.000000
0.999022 -0.039057 0.020714 0.139500 0.042699 0.973854 -0.223125 17.923901 -0.011458 0.223791 0.974570 0.051600 0.000000 0.000000 0.000000 1.000000</float_array>
        <technique_common>
          <accessor source="#mixamorig_RightHandMiddle1-Matrix-animation-output-transform-array" count="25" stride="16">
            <param type="float4x4"/>
          </accessor>
        </technique_common>
      </source>
      <source id="mixamorig_RightHandMiddle1-Interpolations">
        <Name_array id="mixamorig_RightHandMiddle1-Interpolations-array" count="25">
 LINEAR LINEAR LINEAR LINEAR LINEAR LINEAR LINEAR LINEAR LINEAR LINEAR LINEAR
LINEAR LINEAR LINEAR LINEAR LINEAR LINEAR LINEAR LINEAR LINEAR LINEAR LINEAR LINEAR
LINEAR LINEAR</Name_array>
        <technique_common>
          <accessor source="#mixamorig_RightHandMiddle1-Interpolations-array" count="25">
            <param type="name"/>
          </accessor>
        </technique_common>
      </source>
      <sampler id="mixamorig_RightHandMiddle1-Matrix-animation-transform">
        <input semantic="INPUT" source="#mixamorig_RightHandMiddle1-Matrix-animation-input"/>
        <input semantic="OUTPUT" source="#mixamorig_RightHandMiddle1-Matrix-animation-output-transform"/>
        <input semantic="INTERPOLATION" source="#mixamorig_RightHandMiddle1-Interpolations"/>
      </sampler>
      <channel source="#mixamorig_RightHandMiddle1-Matrix-animation-transform" target="mixamorig_RightHandMiddle1/matrix"/>
    </animation>
    <animation id="mixamorig_RightHandMiddle2-anim" name="mixamorig_RightHandMiddle2">
      <source id="mixamorig_RightHandMiddle2-Matrix-animation-input">
        <float_array id="mixamorig_RightHandMiddle2-Matrix-animation-input-array" count="25">

0.000000 0.033333 0.066667 0.100000 0.133333 0.166667 0.200000 0.233333 0.266667 0.300000 0.333333 0.366667 0.400000 0.433333 0.466667 0.500000
0.533333 0.566667 0.600000 0.633333 0.666667 0.700000 0.733333 0.766667 0.800000</float_array>
        <technique_common>
          <accessor source="#mixamorig_RightHandMiddle2-Matrix-animation-input-array" count="25">
            <param name="TIME" type="float"/>
          </accessor>
        </technique_common>
      </source>
      <source id="mixamorig_RightHandMiddle2-Matrix-animation-output-transform">
        <float_array id="mixamorig_RightHandMiddle2-Matrix-animation-output-transform-array" count="400">

0.999415 0.033618 -0.006309 0.000000 -0.032155 0.860499 -0.508436 5.002000 -0.011664 0.508341 0.861077 0.000000 0.000000 0.000000 0.000000 1.000000
0.999407 0.033845 -0.006406 0.000000 -0.032369 0.859156 -0.510689 5.002000 -0.011780 0.510593 0.859742 0.000000 0.000000 0.000000 0.000000 1.000000
0.999389 0.034318 -0.006613 -0.000000 -0.032816 0.856350 -0.515352 5.002000 -0.012023 0.515254 0.856953 0.000000 0.000000 0.000000 0.000000 1.000000
0.999365 0.034952 -0.006895 0.000000 -0.033417 0.852566 -0.521550 5.002000 -0.012351 0.521450 0.853193 0.000000 0.000000 0.000000 0.000000 1.000000
0.999338 0.035657 -0.007219 0.000000 -0.034085 0.848317 -0.528391 5.002000 -0.012717 0.528287 0.848970 -0.000000 0.000000 0.000000 0.000000 1.000000
0.999311 0.036329 -0.007540 0.000000 -0.034727 0.844229 -0.534857 5.002000 -0.013065 0.534750 0.844909 -0.000000 0.000000 0.000000 0.000000 1.000000
0.999289 0.036885 -0.007814 0.000000 -0.035261 0.840875 -0.540079 5.002000 -0.013350 0.539970 0.841578 0.000000 0.000000 0.000000 0.000000 1.000000
0.999272 0.037305 -0.008029 0.000000 -0.035669 0.838386 -0.543908 5.002000 -0.013559 0.543798 0.839106 0.000000 0.000000 0.000000 0.000000 1.000000
0.999251 0.037791 -0.008277 0.000000 -0.036137 0.835406 -0.548445 5.002000 -0.013812 0.548333 0.836146 0.000000 0.000000 0.000000 0.000000 1.000000
0.999231 0.038284 -0.008525 0.000000 -0.036608 0.832318 -0.553088 5.002000 -0.014079 0.552975 0.833079 0.000000 0.000000 0.000000 0.000000 1.000000
0.999213 0.038690 -0.008731 0.000000 -0.036994 0.829752 -0.556905 5.002000 -0.014302 0.556790 0.830530 0.000000 0.000000 0.000000 0.000000 1.000000
0.999204 0.038889 -0.008835 -0.000000 -0.037186 0.828506 -0.558744 5.002000 -0.014409 0.558628 0.829293 -0.000000 0.000000 0.000000 0.000000 1.000000
0.999209 0.038784 -0.008786 0.000000 -0.037091 0.829281 -0.557600 5.002000 -0.014340 0.557485 0.830063 -0.000000 0.000000 0.000000 0.000000 1.000000
0.999231 0.038267 -0.008538 -0.000000 -0.036612 0.832780 -0.552392 5.002000 -0.014028 0.552280 0.833541 -0.000000 0.000000 0.000000 0.000000 1.000000
0.999281 0.037068 -0.007981 0.000000 -0.035501 0.840691 -0.540350 5.002000 -0.013320 0.540245 0.841402 -0.000000 0.000000 0.000000 0.000000 1.000000
0.999354 0.035226 -0.007167 0.000000 -0.033789 0.852405 -0.521790 5.002000 -0.012271 0.521695 0.853044 0.000000 0.000000 0.000000 0.000000 1.000000
0.999433 0.033092 -0.006283 0.000000 -0.031796 0.865313 -0.500223 5.002000 -0.011117 0.500139 0.865874 0.000000 0.000000 0.000000 0.000000 1.000000
0.999506 0.030958 -0.005457 0.000000 -0.029792 0.877515 -0.478622 5.002000 -0.010028 0.478549 0.878004 0.000000 0.000000 0.000000 0.000000 1.000000
0.999562 0.029194 -0.004817 0.000000 -0.028129 0.887051 -0.460813 5.002000 -0.009179 0.460747 0.887484 -0.000000 0.000000 0.000000 0.000000 1.000000
0.999594 0.028133 -0.004441 0.000000 -0.027119 0.892487 -0.450256 5.002000 -0.008704 0.450194 0.892888 0.000000 0.000000 0.000000 0.000000 1.000000
0.999597 0.028042 -0.004386 -0.000000 -0.027018 0.892745 -0.449752 5.002000 -0.008696 0.449689 0.893143 -0.000000 0.000000 0.000000 0.000000 1.000000
0.999571 0.028909 -0.004648 -0.000000 -0.027815 0.887937 -0.459124 5.002000 -0.009146 0.459057 0.888360 -0.000000 0.000000 0.000000 0.000000 1.000000
0.999526 0.030369 -0.005127 0.000000 -0.029164 0.879737 -0.474566 5.002000 -0.009902 0.474490 0.880205 0.000000 0.000000 0.000000 0.000000 1.000000
0.999470 0.032044 -0.005719 0.000000 -0.030709 0.869998 -0.492098 5.002000 -0.010794 0.492013 0.870521 0.000000 0.000000 0.000000 0.000000 1.000000
0.999415 0.033618 -0.006310 0.000000 -0.032155 0.860499 -0.508436 5.002000 -0.011663 0.508342 0.861077 0.000000 0.000000 0.000000 0.000000 1.000000</float_array>
        <technique_common>
          <accessor source="#mixamorig_RightHandMiddle2-Matrix-animation-output-transform-array" count="25" stride="16">
            <param type="float4x4"/>
          </accessor>
        </technique_common>
      </source>
      <source id="mixamorig_RightHandMiddle2-Interpolations">
        <Name_array id="mixamorig_RightHandMiddle2-Interpolations-array" count="25">
 LINEAR LINEAR LINEAR LINEAR LINEAR LINEAR LINEAR LINEAR LINEAR LINEAR LINEAR
LINEAR LINEAR LINEAR LINEAR LINEAR LINEAR LINEAR LINEAR LINEAR LINEAR LINEAR LINEAR
LINEAR LINEAR</Name_array>
        <technique_common>
          <accessor source="#mixamorig_RightHandMiddle2-Interpolations-array" count="25">
            <param type="name"/>
          </accessor>
        </technique_common>
      </source>
      <sampler id="mixamorig_RightHandMiddle2-Matrix-animation-transform">
        <input semantic="INPUT" source="#mixamorig_RightHandMiddle2-Matrix-animation-input"/>
        <input semantic="OUTPUT" source="#mixamorig_RightHandMiddle2-Matrix-animation-output-transform"/>
        <input semantic="INTERPOLATION" source="#mixamorig_RightHandMiddle2-Interpolations"/>
      </sampler>
      <channel source="#mixamorig_RightHandMiddle2-Matrix-animation-transform" target="mixamorig_RightHandMiddle2/matrix"/>
    </animation>
    <animation id="mixamorig_RightHandMiddle3-anim" name="mixamorig_RightHandMiddle3">
      <source id="mixamorig_RightHandMiddle3-Matrix-animation-input">
        <float_array id="mixamorig_RightHandMiddle3-Matrix-animation-input-array" count="25">

0.000000 0.033333 0.066667 0.100000 0.133333 0.166667 0.200000 0.233333 0.266667 0.300000 0.333333 0.366667 0.400000 0.433333 0.466667 0.500000
0.533333 0.566667 0.600000 0.633333 0.666667 0.700000 0.733333 0.766667 0.800000</float_array>
        <technique_common>
          <accessor source="#mixamorig_RightHandMiddle3-Matrix-animation-input-array" count="25">
            <param name="TIME" type="float"/>
          </accessor>
        </technique_common>
      </source>
      <source id="mixamorig_RightHandMiddle3-Matrix-animation-output-transform">
        <float_array id="mixamorig_RightHandMiddle3-Matrix-animation-output-transform-array" count="400">

1.000000 0.000000 0.000000 -0.000000 -0.000000 1.000000 -0.000000 3.279000 -0.000000 0.000000 1.000000 0.000000 0.000000 0.000000 0.000000 1.000000
1.000000 -0.000000 0.000000 -0.000000 0.000000 1.000000 -0.000000 3.279000 -0.000000 0.000000 1.000000 -0.000000 0.000000 0.000000 0.000000 1.000000
1.000000 0.000000 0.000000 0.000000 -0.000000 1.000000 -0.000000 3.279000 0.000000 0.000000 1.000000 0.000000 0.000000 0.000000 0.000000 1.000000
1.000000 -0.000000 0.000000 -0.000000 0.000000 1.000000 -0.000000 3.279000 -0.000000 0.000000 1.000000 0.000000 0.000000 0.000000 0.000000 1.000000
1.000000 0.000000 0.000000 0.000000 -0.000000 1.000000 -0.000000 3.279000 0.000000 0.000000 1.000000 0.000000 0.000000 0.000000 0.000000 1.000000
1.000000 0.000000 0.000000 -0.000000 -0.000000 1.000000 -0.000000 3.279000 -0.000000 0.000000 1.000000 0.000000 0.000000 0.000000 0.000000 1.000000
1.000000 0.000000 -0.000000 0.000000 -0.000000 1.000000 -0.000000 3.279000 -0.000000 0.000000 1.000000 -0.000000 0.000000 0.000000 0.000000 1.000000
1.000000 -0.000000 0.000000 -0.000000 0.000000 1.000000 -0.000000 3.279000 -0.000000 0.000000 1.000000 -0.000000 0.000000 0.000000 0.000000 1.000000
1.000000 0.000000 0.000000 0.000000 -0.000000 1.000000 -0.000000 3.279000 -0.000000 0.000000 1.000000 -0.000000 0.000000 0.000000 0.000000 1.000000
1.000000 0.000000 0.000000 -0.000000 -0.000000 1.000000 0.000000 3.279000 -0.000000 -0.000000 1.000000 0.000000 0.000000 0.000000 0.000000 1.000000
1.000000 -0.000000 0.000000 0.000000 0.000000 1.000000 -0.000000 3.279000 -0.000000 0.000000 1.000000 -0.000000 0.000000 0.000000 0.000000 1.000000
1.000000 -0.000000 -0.000000 0.000000 0.000000 1.000000 -0.000000 3.279000 0.000000 0.000000 1.000000 0.000000 0.000000 0.000000 0.000000 1.000000
1.000000 0.000000 -0.000000 0.000000 -0.000000 1.000000 -0.000000 3.279000 0.000000 0.000000 1.000000 0.000000 0.000000 0.000000 0.000000 1.000000
1.000000 0.000000 0.000000 0.000000 -0.000000 1.000000 -0.000000 3.279000 0.000000 0.000000 1.000000 -0.000000 0.000000 0.000000 0.000000 1.000000
1.000000 0.000000 -0.000000 0.000000 -0.000000 1.000000 -0.000000 3.279000 0.000000 0.000000 1.000000 0.000000 0.000000 0.000000 0.000000 1.000000
1.000000 0.000000 0.000000 0.000000 -0.000000 1.000000 -0.000000 3.279000 0.000000 0.000000 1.000000 0.000000 0.000000 0.000000 0.000000 1.000000
1.000000 0.000000 0.000000 0.000000 -0.000000 1.000000 -0.000000 3.279000 -0.000000 0.000000 1.000000 0.000000 0.000000 0.000000 0.000000 1.000000
1.000000 -0.000000 0.000000 0.000000 0.000000 1.000000 -0.000000 3.279000 -0.000000 0.000000 1.000000 0.000000 0.000000 0.000000 0.000000 1.000000
1.000000 0.000000 0.000000 0.000000 -0.000000 1.000000 -0.000000 3.279000 0.000000 0.000000 1.000000 0.000000 0.000000 0.000000 0.000000 1.000000
1.000000 0.000000 0.000000 0.000000 -0.000000 1.000000 -0.000000 3.279000 0.000000 0.000000 1.000000 0.000000 0.000000 0.000000 0.000000 1.000000
1.000000 0.000000 0.000000 0.000000 -0.000000 1.000000 0.000000 3.279000 -0.000000 -0.000000 1.000000 0.000000 0.000000 0.000000 0.000000 1.000000
1.000000 -0.000000 0.000000 0.000000 0.000000 1.000000 -0.000000 3.279000 -0.000000 0.000000 1.000000 0.000000 0.000000 0.000000 0.000000 1.000000
1.000000 0.000000 -0.000000 0.000000 -0.000000 1.000000 -0.000000 3.279000 0.000000 0.000000 1.000000 0.000000 0.000000 0.000000 0.000000 1.000000
1.000000 0.000000 0.000000 -0.000000 -0.000000 1.000000 -0.000000 3.279000 0.000000 0.000000 1.000000 -0.000000 0.000000 0.000000 0.000000 1.000000
1.000000 -0.000000 0.000000 -0.000000 0.000000 1.000000 -0.000000 3.279000 -0.000000 0.000000 1.000000 0.000000 0.000000 0.000000 0.000000 1.000000</float_array>
        <technique_common>
          <accessor source="#mixamorig_RightHandMiddle3-Matrix-animation-output-transform-array" count="25" stride="16">
            <param type="float4x4"/>
          </accessor>
        </technique_common>
      </source>
      <source id="mixamorig_RightHandMiddle3-Interpolations">
        <Name_array id="mixamorig_RightHandMiddle3-Interpolations-array" count="25">
 LINEAR LINEAR LINEAR LINEAR LINEAR LINEAR LINEAR LINEAR LINEAR LINEAR LINEAR
LINEAR LINEAR LINEAR LINEAR LINEAR LINEAR LINEAR LINEAR LINEAR LINEAR LINEAR LINEAR
LINEAR LINEAR</Name_array>
        <technique_common>
          <accessor source="#mixamorig_RightHandMiddle3-Interpolations-array" count="25">
            <param type="name"/>
          </accessor>
        </technique_common>
      </source>
      <sampler id="mixamorig_RightHandMiddle3-Matrix-animation-transform">
        <input semantic="INPUT" source="#mixamorig_RightHandMiddle3-Matrix-animation-input"/>
        <input semantic="OUTPUT" source="#mixamorig_RightHandMiddle3-Matrix-animation-output-transform"/>
        <input semantic="INTERPOLATION" source="#mixamorig_RightHandMiddle3-Interpolations"/>
      </sampler>
      <channel source="#mixamorig_RightHandMiddle3-Matrix-animation-transform" target="mixamorig_RightHandMiddle3/matrix"/>
    </animation>
    <animation id="mixamorig_RightHandRing1-anim" name="mixamorig_RightHandRing1">
      <source id="mixamorig_RightHandRing1-Matrix-animation-input">
        <float_array id="mixamorig_RightHandRing1-Matrix-animation-input-array" count="25">

0.000000 0.033333 0.066667 0.100000 0.133333 0.166667 0.200000 0.233333 0.266667 0.300000 0.333333 0.366667 0.400000 0.433333 0.466667 0.500000
0.533333 0.566667 0.600000 0.633333 0.666667 0.700000 0.733333 0.766667 0.800000</float_array>
        <technique_common>
          <accessor source="#mixamorig_RightHandRing1-Matrix-animation-input-array" count="25">
            <param name="TIME" type="float"/>
          </accessor>
        </technique_common>
      </source>
      <source id="mixamorig_RightHandRing1-Matrix-animation-output-transform">
        <float_array id="mixamorig_RightHandRing1-Matrix-animation-output-transform-array" count="400">

0.991794 -0.127725 0.005534 -3.988400 0.120669 0.920945 -0.370538 15.764000 0.042231 0.368165 0.928801 0.151600 0.000000 0.000000 0.000000 1.000000
0.991793 -0.127738 0.005415 -3.988400 0.120485 0.919630 -0.373849 15.764000 0.042775 0.371433 0.927474 0.151600 0.000000 0.000000 0.000000 1.000000
0.991772 -0.127879 0.005890 -3.988400 0.120466 0.916739 -0.380891 15.764000 0.043309 0.378467 0.924601 0.151600 0.000000 0.000000 0.000000 1.000000
0.991730 -0.128163 0.006776 -3.988400 0.120620 0.912724 -0.390365 15.764000 0.043845 0.387954 0.920635 0.151600 0.000000 0.000000 0.000000 1.000000
0.991663 -0.128615 0.007894 -3.988400 0.120966 0.908076 -0.400956 15.764000 0.044400 0.398569 0.916063 0.151600 0.000000 0.000000 0.000000 1.000000
0.991569 -0.129262 0.009020 -3.988400 0.121512 0.903433 -0.411148 15.764000 0.044997 0.408778 0.911524 0.151600 0.000000 0.000000 0.000000 1.000000
0.991447 -0.130133 0.009952 -3.988400 0.122266 0.899417 -0.419644 15.764000 0.045658 0.417271 0.907634 0.151600 0.000000 0.000000 0.000000 1.000000
0.991306 -0.131169 0.010347 -3.988400 0.123034 0.896205 -0.426238 15.764000 0.046636 0.423806 0.904552 0.151600 0.000000 0.000000 0.000000 1.000000
0.991209 -0.131953 0.009676 -3.988400 0.123042 0.892437 -0.434070 15.764000 0.048641 0.431445 0.900827 0.151600 0.000000 0.000000 0.000000 1.000000
0.991149 -0.132477 0.008544 -3.988400 0.122571 0.888517 -0.442170 15.764000 0.050986 0.439304 0.896891 0.151600 0.000000 0.000000 0.000000 1.000000
0.991115 -0.132791 0.007528 -3.988400 0.122002 0.885124 -0.449077 15.764000 0.052970 0.446006 0.893461 0.151600 0.000000 0.000000 0.000000 1.000000
0.991097 -0.132944 0.007311 -3.988400 0.121805 0.883143 -0.453015 15.764000 0.053768 0.449872 0.891473 0.151600 0.000000 0.000000 0.000000 1.000000
0.991077 -0.133015 0.008537 -3.988400 0.122454 0.883357 -0.452422 15.764000 0.052637 0.449430 0.891763 0.151600 0.000000 0.000000 0.000000 1.000000
0.991018 -0.133204 0.011877 -3.988400 0.124495 0.886489 -0.445689 15.764000 0.048839 0.443164 0.895109 0.151600 0.000000 0.000000 0.000000 1.000000
0.990820 -0.133845 0.019011 -3.988400 0.129005 0.894059 -0.428971 15.764000 0.040419 0.427485 0.903118 0.151600 0.000000 0.000000 0.000000 1.000000
0.990430 -0.134809 0.029587 -3.988400 0.135247 0.905246 -0.402788 15.764000 0.027516 0.402935 0.914815 0.151600 0.000000 0.000000 0.000000 1.000000
0.989881 -0.135738 0.041357 -3.988400 0.141341 0.917370 -0.372096 15.764000 0.012568 0.374176 0.927273 0.151600 0.000000 0.000000 0.000000 1.000000
0.989265 -0.136373 0.052509 -3.988400 0.146116 0.928597 -0.341112 15.764000 -0.002241 0.345123 0.938555 0.151600 0.000000 0.000000 0.000000 1.000000
0.988778 -0.136440 0.060838 -3.988400 0.148731 0.937286 -0.315236 15.764000 -0.014012 0.320747 0.947061 0.151600 0.000000 0.000000 0.000000 1.000000
0.988625 -0.135874 0.064493 -3.988400 0.149053 0.942423 -0.299370 15.764000 -0.020103 0.305577 0.951955 0.151600 0.000000 0.000000 0.000000 1.000000
0.988979 -0.134658 0.061551 -3.988400 0.146955 0.943418 -0.297264 15.764000 -0.018039 0.303033 0.952809 0.151600 0.000000 0.000000 0.000000 1.000000
0.989784 -0.133006 0.051352 -3.988400 0.142389 0.940551 -0.308364 15.764000 -0.007285 0.312526 0.949881 0.151600 0.000000 0.000000 0.000000 1.000000
0.990686 -0.131149 0.036632 -3.988400 0.135889 0.934988 -0.327614 15.764000 0.008716 0.329540 0.944101 0.151600 0.000000 0.000000 0.000000 1.000000
0.991392 -0.129319 0.020460 -3.988400 0.128270 0.928012 -0.349773 15.764000 0.026245 0.349387 0.936611 0.151600 0.000000 0.000000 0.000000 1.000000
0.991794 -0.127726 0.005534 -3.988400 0.120669 0.920945 -0.370539 15.764000 0.042231 0.368166 0.928801 0.151600 0.000000 0.000000 0.000000 1.000000</float_array>
        <technique_common>
          <accessor source="#mixamorig_RightHandRing1-Matrix-animation-output-transform-array" count="25" stride="16">
            <param type="float4x4"/>
          </accessor>
        </technique_common>
      </source>
      <source id="mixamorig_RightHandRing1-Interpolations">
        <Name_array id="mixamorig_RightHandRing1-Interpolations-array" count="25">
 LINEAR LINEAR LINEAR LINEAR LINEAR LINEAR LINEAR LINEAR LINEAR LINEAR LINEAR
LINEAR LINEAR LINEAR LINEAR LINEAR LINEAR LINEAR LINEAR LINEAR LINEAR LINEAR LINEAR
LINEAR LINEAR</Name_array>
        <technique_common>
          <accessor source="#mixamorig_RightHandRing1-Interpolations-array" count="25">
            <param type="name"/>
          </accessor>
        </technique_common>
      </source>
      <sampler id="mixamorig_RightHandRing1-Matrix-animation-transform">
        <input semantic="INPUT" source="#mixamorig_RightHandRing1-Matrix-animation-input"/>
        <input semantic="OUTPUT" source="#mixamorig_RightHandRing1-Matrix-animation-output-transform"/>
        <input semantic="INTERPOLATION" source="#mixamorig_RightHandRing1-Interpolations"/>
      </sampler>
      <channel source="#mixamorig_RightHandRing1-Matrix-animation-transform" target="mixamorig_RightHandRing1/matrix"/>
    </animation>
    <animation id="mixamorig_RightHandRing2-anim" name="mixamorig_RightHandRing2">
      <source id="mixamorig_RightHandRing2-Matrix-animation-input">
        <float_array id="mixamorig_RightHandRing2-Matrix-animation-input-array" count="25">

0.000000 0.033333 0.066667 0.100000 0.133333 0.166667 0.200000 0.233333 0.266667 0.300000 0.333333 0.366667 0.400000 0.433333 0.466667 0.500000
0.533333 0.566667 0.600000 0.633333 0.666667 0.700000 0.733333 0.766667 0.800000</float_array>
        <technique_common>
          <accessor source="#mixamorig_RightHandRing2-Matrix-animation-input-array" count="25">
            <param name="TIME" type="float"/>
          </accessor>
        </technique_common>
      </source>
      <source id="mixamorig_RightHandRing2-Matrix-animation-output-transform">
        <float_array id="mixamorig_RightHandRing2-Matrix-animation-output-transform-array" count="400">

0.997650 0.063234 -0.026384 0.000000 -0.066260 0.792373 -0.606427 3.498000 -0.017441 0.606750 0.794701 0.000000 0.000000 0.000000 0.000000 1.000000
0.997635 0.063390 -0.026564 0.000000 -0.066442 0.790565 -0.608763 3.498000 -0.017589 0.609088 0.792907 0.000000 0.000000 0.000000 0.000000 1.000000
0.997604 0.063712 -0.026949 -0.000000 -0.066820 0.786656 -0.613764 3.498000 -0.017905 0.614095 0.789029 0.000000 0.000000 0.000000 0.000000 1.000000
0.997563 0.064139 -0.027472 0.000000 -0.067322 0.781290 -0.620526 3.498000 -0.018336 0.620864 0.783704 0.000000 0.000000 0.000000 0.000000 1.000000
0.997516 0.064605 -0.028063 0.000000 -0.067874 0.775134 -0.628141 3.498000 -0.018828 0.628486 0.777593 0.000000 0.000000 0.000000 0.000000 1.000000
0.997471 0.065041 -0.028643 0.000000 -0.068395 0.769012 -0.635565 3.498000 -0.019311 0.635917 0.771516 0.000000 0.000000 0.000000 0.000000 1.000000
0.997434 0.065390 -0.029135 0.000000 -0.068816 0.763685 -0.641912 3.498000 -0.019725 0.642270 0.766225 0.000000 0.000000 0.000000 0.000000 1.000000
0.997406 0.065644 -0.029520 -0.000000 -0.069126 0.759376 -0.646969 3.498000 -0.020053 0.647332 0.761944 -0.000000 0.000000 0.000000 0.000000 1.000000
0.997374 0.065944 -0.029958 0.000000 -0.069490 0.754557 -0.652544 3.498000 -0.020426 0.652912 0.757158 0.000000 0.000000 0.000000 0.000000 1.000000
0.997340 0.066253 -0.030395 0.000000 -0.069860 0.749761 -0.658010 3.498000 -0.020806 0.658383 0.752395 0.000000 0.000000 0.000000 0.000000 1.000000
0.997312 0.066506 -0.030755 0.000000 -0.070164 0.745815 -0.662447 3.498000 -0.021120 0.662825 0.748477 0.000000 0.000000 0.000000 0.000000 1.000000
0.997298 0.066627 -0.030936 -0.000000 -0.070310 0.743779 -0.664717 3.498000 -0.021278 0.665096 0.746454 0.000000 0.000000 0.000000 0.000000 1.000000
0.997306 0.066551 -0.030854 0.000000 -0.070222 0.744554 -0.663859 3.498000 -0.021208 0.664237 0.747221 0.000000 0.000000 0.000000 0.000000 1.000000
0.997342 0.066201 -0.030426 0.000000 -0.069815 0.748941 -0.658949 3.498000 -0.020836 0.659321 0.751572 0.000000 0.000000 0.000000 0.000000 1.000000
0.997426 0.065384 -0.029450 -0.000000 -0.068868 0.758928 -0.647522 3.498000 -0.019987 0.647884 0.761477 0.000000 0.000000 0.000000 0.000000 1.000000
0.997550 0.064111 -0.027986 -0.000000 -0.067400 0.773796 -0.629839 3.498000 -0.018724 0.630182 0.776222 -0.000000 0.000000 0.000000 0.000000 1.000000
0.997690 0.062612 -0.026339 0.000000 -0.065682 0.790388 -0.609076 3.498000 -0.017317 0.609399 0.792675 0.000000 0.000000 0.000000 0.000000 1.000000
0.997826 0.061091 -0.024740 0.000000 -0.063946 0.806352 -0.587968 3.498000 -0.015970 0.588272 0.808505 -0.000000 0.000000 0.000000 0.000000 1.000000
0.997934 0.059823 -0.023449 0.000000 -0.062504 0.819194 -0.570100 3.498000 -0.014896 0.570387 0.821241 -0.000000 0.000000 0.000000 0.000000 1.000000
0.997997 0.059064 -0.022666 0.000000 -0.061636 0.827005 -0.558805 3.498000 -0.014261 0.559083 0.828989 0.000000 0.000000 0.000000 0.000000 1.000000
0.998001 0.059029 -0.022554 0.000000 -0.061578 0.828353 -0.556812 3.498000 -0.014186 0.557088 0.830332 -0.000000 0.000000 0.000000 0.000000 1.000000
0.997949 0.059708 -0.023102 0.000000 -0.062321 0.823380 -0.564058 3.498000 -0.014657 0.564340 0.825412 -0.000000 0.000000 0.000000 0.000000 1.000000
0.997858 0.060820 -0.024083 0.000000 -0.063554 0.814218 -0.577070 3.498000 -0.015489 0.577364 0.816340 -0.000000 0.000000 0.000000 0.000000 1.000000
0.997752 0.062073 -0.025252 0.000000 -0.064955 0.803176 -0.592190 3.498000 -0.016477 0.592499 0.805402 0.000000 0.000000 0.000000 0.000000 1.000000
0.997650 0.063233 -0.026384 0.000000 -0.066260 0.792373 -0.606427 3.498000 -0.017440 0.606750 0.794701 0.000000 0.000000 0.000000 0.000000 1.000000</float_array>
        <technique_common>
          <accessor source="#mixamorig_RightHandRing2-Matrix-animation-output-transform-array" count="25" stride="16">
            <param type="float4x4"/>
          </accessor>
        </technique_common>
      </source>
      <source id="mixamorig_RightHandRing2-Interpolations">
        <Name_array id="mixamorig_RightHandRing2-Interpolations-array" count="25">
 LINEAR LINEAR LINEAR LINEAR LINEAR LINEAR LINEAR LINEAR LINEAR LINEAR LINEAR
LINEAR LINEAR LINEAR LINEAR LINEAR LINEAR LINEAR LINEAR LINEAR LINEAR LINEAR LINEAR
LINEAR LINEAR</Name_array>
        <technique_common>
          <accessor source="#mixamorig_RightHandRing2-Interpolations-array" count="25">
            <param type="name"/>
          </accessor>
        </technique_common>
      </source>
      <sampler id="mixamorig_RightHandRing2-Matrix-animation-transform">
        <input semantic="INPUT" source="#mixamorig_RightHandRing2-Matrix-animation-input"/>
        <input semantic="OUTPUT" source="#mixamorig_RightHandRing2-Matrix-animation-output-transform"/>
        <input semantic="INTERPOLATION" source="#mixamorig_RightHandRing2-Interpolations"/>
      </sampler>
      <channel source="#mixamorig_RightHandRing2-Matrix-animation-transform" target="mixamorig_RightHandRing2/matrix"/>
    </animation>
    <animation id="mixamorig_RightHandRing3-anim" name="mixamorig_RightHandRing3">
      <source id="mixamorig_RightHandRing3-Matrix-animation-input">
        <float_array id="mixamorig_RightHandRing3-Matrix-animation-input-array" count="25">

0.000000 0.033333 0.066667 0.100000 0.133333 0.166667 0.200000 0.233333 0.266667 0.300000 0.333333 0.366667 0.400000 0.433333 0.466667 0.500000
0.533333 0.566667 0.600000 0.633333 0.666667 0.700000 0.733333 0.766667 0.800000</float_array>
        <technique_common>
          <accessor source="#mixamorig_RightHandRing3-Matrix-animation-input-array" count="25">
            <param name="TIME" type="float"/>
          </accessor>
        </technique_common>
      </source>
      <source id="mixamorig_RightHandRing3-Matrix-animation-output-transform">
        <float_array id="mixamorig_RightHandRing3-Matrix-animation-output-transform-array" count="400">

1.000000 -0.000000 -0.000000 0.000000 0.000000 1.000000 0.000000 2.984000 0.000000 -0.000000 1.000000 0.000000 0.000000 0.000000 0.000000 1.000000
1.000000 -0.000000 -0.000000 -0.000000 0.000000 1.000000 -0.000000 2.984000 0.000000 0.000000 1.000000 -0.000000 0.000000 0.000000 0.000000 1.000000
1.000000 0.000000 -0.000000 0.000000 -0.000000 1.000000 0.000000 2.984000 0.000000 -0.000000 1.000000 0.000000 0.000000 0.000000 0.000000 1.000000
1.000000 0.000000 -0.000000 0.000000 -0.000000 1.000000 0.000000 2.984000 0.000000 -0.000000 1.000000 0.000000 0.000000 0.000000 0.000000 1.000000
1.000000 0.000000 -0.000000 0.000000 -0.000000 1.000000 0.000000 2.984000 0.000000 -0.000000 1.000000 0.000000 0.000000 0.000000 0.000000 1.000000
1.000000 0.000000 -0.000000 -0.000000 -0.000000 1.000000 0.000000 2.984000 0.000000 -0.000000 1.000000 -0.000000 0.000000 0.000000 0.000000 1.000000
1.000000 0.000000 -0.000000 0.000000 -0.000000 1.000000 0.000000 2.984000 0.000000 -0.000000 1.000000 -0.000000 0.000000 0.000000 0.000000 1.000000
1.000000 -0.000000 -0.000000 0.000000 0.000000 1.000000 -0.000000 2.984000 0.000000 0.000000 1.000000 0.000000 0.000000 0.000000 0.000000 1.000000
1.000000 0.000000 -0.000000 0.000000 -0.000000 1.000000 0.000000 2.984000 0.000000 -0.000000 1.000000 0.000000 0.000000 0.000000 0.000000 1.000000
1.000000 0.000000 -0.000000 0.000000 -0.000000 1.000000 0.000000 2.984000 0.000000 -0.000000 1.000000 0.000000 0.000000 0.000000 0.000000 1.000000
1.000000 0.000000 -0.000000 0.000000 -0.000000 1.000000 0.000000 2.984000 0.000000 -0.000000 1.000000 0.000000 0.000000 0.000000 0.000000 1.000000
1.000000 -0.000000 -0.000000 0.000000 0.000000 1.000000 0.000000 2.984000 0.000000 -0.000000 1.000000 0.000000 0.000000 0.000000 0.000000 1.000000
1.000000 -0.000000 -0.000000 -0.000000 0.000000 1.000000 -0.000000 2.984000 0.000000 0.000000 1.000000 0.000000 0.000000 0.000000 0.000000 1.000000
1.000000 -0.000000 -0.000000 -0.000000 0.000000 1.000000 -0.000000 2.984000 0.000000 0.000000 1.000000 -0.000000 0.000000 0.000000 0.000000 1.000000
1.000000 -0.000000 -0.000000 -0.000000 0.000000 1.000000 0.000000 2.984000 0.000000 -0.000000 1.000000 0.000000 0.000000 0.000000 0.000000 1.000000
1.000000 -0.000000 -0.000000 -0.000000 0.000000 1.000000 0.000000 2.984000 0.000000 -0.000000 1.000000 0.000000 0.000000 0.000000 0.000000 1.000000
1.000000 0.000000 -0.000000 -0.000000 -0.000000 1.000000 0.000000 2.984000 0.000000 -0.000000 1.000000 0.000000 0.000000 0.000000 0.000000 1.000000
1.000000 -0.000000 -0.000000 0.000000 0.000000 1.000000 -0.000000 2.984000 0.000000 0.000000 1.000000 0.000000 0.000000 0.000000 0.000000 1.000000
1.000000 -0.000000 -0.000000 0.000000 0.000000 1.000000 -0.000000 2.984000 0.000000 0.000000 1.000000 0.000000 0.000000 0.000000 0.000000 1.000000
1.000000 0.000000 -0.000000 0.000000 -0.000000 1.000000 0.000000 2.984000 0.000000 -0.000000 1.000000 0.000000 0.000000 0.000000 0.000000 1.000000
1.000000 0.000000 -0.000000 0.000000 -0.000000 1.000000 0.000000 2.984000 0.000000 -0.000000 1.000000 0.000000 0.000000 0.000000 0.000000 1.000000
1.000000 -0.000000 -0.000000 0.000000 0.000000 1.000000 0.000000 2.984000 0.000000 -0.000000 1.000000 0.000000 0.000000 0.000000 0.000000 1.000000
1.000000 -0.000000 -0.000000 0.000000 0.000000 1.000000 -0.000000 2.984000 0.000000 0.000000 1.000000 0.000000 0.000000 0.000000 0.000000 1.000000
1.000000 0.000000 -0.000000 -0.000000 -0.000000 1.000000 0.000000 2.984000 0.000000 -0.000000 1.000000 -0.000000 0.000000 0.000000 0.000000 1.000000
1.000000 0.000000 -0.000000 -0.000000 -0.000000 1.000000 0.000000 2.984000 0.000000 -0.000000 1.000000 0.000000 0.000000 0.000000 0.000000 1.000000</float_array>
        <technique_common>
          <accessor source="#mixamorig_RightHandRing3-Matrix-animation-output-transform-array" count="25" stride="16">
            <param type="float4x4"/>
          </accessor>
        </technique_common>
      </source>
      <source id="mixamorig_RightHandRing3-Interpolations">
        <Name_array id="mixamorig_RightHandRing3-Interpolations-array" count="25">
 LINEAR LINEAR LINEAR LINEAR LINEAR LINEAR LINEAR LINEAR LINEAR LINEAR LINEAR
LINEAR LINEAR LINEAR LINEAR LINEAR LINEAR LINEAR LINEAR LINEAR LINEAR LINEAR LINEAR
LINEAR LINEAR</Name_array>
        <technique_common>
          <accessor source="#mixamorig_RightHandRing3-Interpolations-array" count="25">
            <param type="name"/>
          </accessor>
        </technique_common>
      </source>
      <sampler id="mixamorig_RightHandRing3-Matrix-animation-transform">
        <input semantic="INPUT" source="#mixamorig_RightHandRing3-Matrix-animation-input"/>
        <input semantic="OUTPUT" source="#mixamorig_RightHandRing3-Matrix-animation-output-transform"/>
        <input semantic="INTERPOLATION" source="#mixamorig_RightHandRing3-Interpolations"/>
      </sampler>
      <channel source="#mixamorig_RightHandRing3-Matrix-animation-transform" target="mixamorig_RightHandRing3/matrix"/>
    </animation>
    <animation id="mixamorig_RightHandPinky1-anim" name="mixamorig_RightHandPinky1">
      <source id="mixamorig_RightHandPinky1-Matrix-animation-input">
        <float_array id="mixamorig_RightHandPinky1-Matrix-animation-input-array" count="25">

0.000000 0.033333 0.066667 0.100000 0.133333 0.166667 0.200000 0.233333 0.266667 0.300000 0.333333 0.366667 0.400000 0.433333 0.466667 0.500000
0.533333 0.566667 0.600000 0.633333 0.666667 0.700000 0.733333 0.766667 0.800000</float_array>
        <technique_common>
          <accessor source="#mixamorig_RightHandPinky1-Matrix-animation-input-array" count="25">
            <param name="TIME" type="float"/>
          </accessor>
        </technique_common>
      </source>
      <source id="mixamorig_RightHandPinky1-Matrix-animation-output-transform">
        <float_array id="mixamorig_RightHandPinky1-Matrix-animation-output-transform-array" count="400">

0.984225 -0.176425 0.013212 -6.663900 0.166359 0.897484 -0.408468 12.707500 0.060207 0.404223 0.912677 0.878800 0.000000 0.000000 0.000000 1.000000
0.984295 -0.175995 0.013762 -6.663900 0.165902 0.895565 -0.412845 12.707500 0.060334 0.408644 0.910698 0.878800 0.000000 0.000000 0.000000 1.000000
0.984581 -0.174288 0.014975 -6.663900 0.164147 0.890902 -0.423497 12.707500 0.060469 0.419425 0.905774 0.878800 0.000000 0.000000 0.000000 1.000000
0.985048 -0.171484 0.016562 -6.663900 0.161277 0.884044 -0.438699 12.707500 0.060588 0.434810 0.898481 0.878800 0.000000 0.000000 0.000000 1.000000
0.985664 -0.167731 0.018224 -6.663900 0.157436 0.875536 -0.456783 12.707500 0.060660 0.453103 0.889392 0.878800 0.000000 0.000000 0.000000 1.000000
0.986386 -0.163269 0.019665 -6.663900 0.152862 0.866213 -0.475719 12.707500 0.060636 0.472249 0.879377 0.878800 0.000000 0.000000 0.000000 1.000000
0.987168 -0.158339 0.020683 -6.663900 0.147797 0.856952 -0.493750 12.707500 0.060456 0.490471 0.869358 0.878800 0.000000 0.000000 0.000000 1.000000
0.987967 -0.153197 0.021269 -6.663900 0.142509 0.848219 -0.510113 12.707500 0.060107 0.507006 0.859844 0.878800 0.000000 0.000000 0.000000 1.000000
0.988697 -0.148321 0.021895 -6.663900 0.137512 0.838906 -0.526618 12.707500 0.059741 0.523677 0.849820 0.878800 0.000000 0.000000 0.000000 1.000000
0.989339 -0.143884 0.022502 -6.663900 0.133006 0.829778 -0.542013 12.707500 0.059316 0.539227 0.840069 0.878800 0.000000 0.000000 0.000000 1.000000
0.989881 -0.140023 0.022991 -6.663900 0.129153 0.821957 -0.554712 12.707500 0.058775 0.552069 0.831725 0.878800 0.000000 0.000000 0.000000 1.000000
0.990307 -0.136934 0.023278 -6.663900 0.126191 0.816957 -0.562722 12.707500 0.058039 0.560205 0.826318 0.878800 0.000000 0.000000 0.000000 1.000000
0.990613 -0.134701 0.023280 -6.663900 0.124226 0.816015 -0.564524 12.707500 0.057045 0.562117 0.825088 0.878800 0.000000 0.000000 0.000000 1.000000
0.990849 -0.133036 0.022807 -6.663900 0.122943 0.819795 -0.559304 12.707500 0.055710 0.556990 0.828649 0.878800 0.000000 0.000000 0.000000 1.000000
0.991161 -0.130928 0.021400 -6.663900 0.121355 0.829613 -0.544990 12.707500 0.053601 0.542770 0.838169 0.878800 0.000000 0.000000 0.000000 1.000000
0.991563 -0.128227 0.018991 -6.663900 0.119201 0.844418 -0.522253 12.707500 0.050931 0.520111 0.852579 0.878800 0.000000 0.000000 0.000000 1.000000
0.991941 -0.125690 0.015975 -6.663900 0.117082 0.861130 -0.494720 12.707500 0.048425 0.492603 0.868906 0.878800 0.000000 0.000000 0.000000 1.000000
0.992201 -0.123998 0.012705 -6.663900 0.115626 0.877524 -0.465384 12.707500 0.046558 0.463223 0.885018 0.878800 0.000000 0.000000 0.000000 1.000000
0.992223 -0.124098 0.009696 -6.663900 0.115778 0.891474 -0.438030 12.707500 0.045715 0.435746 0.898908 0.878800 0.000000 0.000000 0.000000 1.000000
0.991909 -0.126723 0.007580 -6.663900 0.118348 0.901447 -0.416397 12.707500 0.045934 0.413925 0.909151 0.878800 0.000000 0.000000 0.000000 1.000000
0.991123 -0.132768 0.006851 -6.663900 0.124239 0.906645 -0.403186 12.707500 0.047319 0.400458 0.915093 0.878800 0.000000 0.000000 0.000000 1.000000
0.989764 -0.142517 0.007493 -6.663900 0.133691 0.907540 -0.398119 12.707500 0.049938 0.395045 0.917303 0.878800 0.000000 0.000000 0.000000 1.000000
0.987992 -0.154236 0.009089 -6.663900 0.145020 0.905455 -0.398899 12.707500 0.053294 0.395427 0.916950 0.878800 0.000000 0.000000 0.000000 1.000000
0.986050 -0.166073 0.011145 -6.663900 0.156425 0.901721 -0.403026 12.707500 0.056882 0.399147 0.915121 0.878800 0.000000 0.000000 0.000000 1.000000
0.984225 -0.176425 0.013211 -6.663900 0.166359 0.897484 -0.408468 12.707500 0.060207 0.404223 0.912677 0.878800 0.000000 0.000000 0.000000 1.000000</float_array>
        <technique_common>
          <accessor source="#mixamorig_RightHandPinky1-Matrix-animation-output-transform-array" count="25" stride="16">
            <param type="float4x4"/>
          </accessor>
        </technique_common>
      </source>
      <source id="mixamorig_RightHandPinky1-Interpolations">
        <Name_array id="mixamorig_RightHandPinky1-Interpolations-array" count="25">
 LINEAR LINEAR LINEAR LINEAR LINEAR LINEAR LINEAR LINEAR LINEAR LINEAR LINEAR
LINEAR LINEAR LINEAR LINEAR LINEAR LINEAR LINEAR LINEAR LINEAR LINEAR LINEAR LINEAR
LINEAR LINEAR</Name_array>
        <technique_common>
          <accessor source="#mixamorig_RightHandPinky1-Interpolations-array" count="25">
            <param type="name"/>
          </accessor>
        </technique_common>
      </source>
      <sampler id="mixamorig_RightHandPinky1-Matrix-animation-transform">
        <input semantic="INPUT" source="#mixamorig_RightHandPinky1-Matrix-animation-input"/>
        <input semantic="OUTPUT" source="#mixamorig_RightHandPinky1-Matrix-animation-output-transform"/>
        <input semantic="INTERPOLATION" source="#mixamorig_RightHandPinky1-Interpolations"/>
      </sampler>
      <channel source="#mixamorig_RightHandPinky1-Matrix-animation-transform" target="mixamorig_RightHandPinky1/matrix"/>
    </animation>
    <animation id="mixamorig_RightHandPinky2-anim" name="mixamorig_RightHandPinky2">
      <source id="mixamorig_RightHandPinky2-Matrix-animation-input">
        <float_array id="mixamorig_RightHandPinky2-Matrix-animation-input-array" count="25">

0.000000 0.033333 0.066667 0.100000 0.133333 0.166667 0.200000 0.233333 0.266667 0.300000 0.333333 0.366667 0.400000 0.433333 0.466667 0.500000
0.533333 0.566667 0.600000 0.633333 0.666667 0.700000 0.733333 0.766667 0.800000</float_array>
        <technique_common>
          <accessor source="#mixamorig_RightHandPinky2-Matrix-animation-input-array" count="25">
            <param name="TIME" type="float"/>
          </accessor>
        </technique_common>
      </source>
      <source id="mixamorig_RightHandPinky2-Matrix-animation-output-transform">
        <float_array id="mixamorig_RightHandPinky2-Matrix-animation-output-transform-array" count="400">

0.990159 0.120575 -0.071044 0.000000 -0.137615 0.746556 -0.650934 3.377000 -0.025448 0.654305 0.755802 0.000000 0.000000 0.000000 0.000000 1.000000
0.990139 0.120519 -0.071416 0.000000 -0.137727 0.744224 -0.653577 3.377000 -0.025619 0.656968 0.753483 -0.000000 0.000000 0.000000 0.000000 1.000000
0.990100 0.120356 -0.072223 0.000000 -0.137933 0.738953 -0.659487 3.377000 -0.026004 0.662920 0.748238 0.000000 0.000000 0.000000 0.000000 1.000000
0.990051 0.120095 -0.073320 0.000000 -0.138182 0.731547 -0.667641 3.377000 -0.026544 0.671131 0.740864 0.000000 0.000000 0.000000 0.000000 1.000000
0.990000 0.119749 -0.074561 0.000000 -0.138421 0.722818 -0.677033 3.377000 -0.027180 0.680583 0.732166 -0.000000 0.000000 0.000000 0.000000 1.000000
0.989957 0.119340 -0.075780 0.000000 -0.138600 0.713807 -0.686491 3.377000 -0.027834 0.690100 0.723179 0.000000 0.000000 0.000000 0.000000 1.000000
0.989930 0.118898 -0.076829 -0.000000 -0.138675 0.705483 -0.695028 3.377000 -0.028436 0.698683 0.714866 0.000000 0.000000 0.000000 0.000000 1.000000
0.989917 0.118452 -0.077670 0.000000 -0.138654 0.698229 -0.702318 3.377000 -0.028960 0.706006 0.707613 0.000000 0.000000 0.000000 0.000000 1.000000
0.989896 0.118029 -0.078582 -0.000000 -0.138689 0.690550 -0.709863 3.377000 -0.029519 0.713589 0.699942 -0.000000 0.000000 0.000000 0.000000 1.000000
0.989870 0.117655 -0.079467 -0.000000 -0.138758 0.683170 -0.716955 3.377000 -0.030064 0.720719 0.692575 0.000000 0.000000 0.000000 0.000000 1.000000
0.989848 0.117355 -0.080182 0.000000 -0.138818 0.677147 -0.722635 3.377000 -0.030509 0.726430 0.686563 0.000000 0.000000 0.000000 0.000000 1.000000
0.989840 0.117170 -0.080548 0.000000 -0.138820 0.673857 -0.725704 3.377000 -0.030753 0.729512 0.683276 0.000000 0.000000 0.000000 0.000000 1.000000
0.989856 0.117128 -0.080415 0.000000 -0.138718 0.674417 -0.725203 3.377000 -0.030708 0.729001 0.683823 -0.000000 0.000000 0.000000 0.000000 1.000000
0.989908 0.117215 -0.079641 -0.000000 -0.138431 0.679633 -0.720372 3.377000 -0.030312 0.724127 0.689001 0.000000 0.000000 0.000000 0.000000 1.000000
0.990028 0.117404 -0.077852 -0.000000 -0.137768 0.691584 -0.709036 3.377000 -0.029402 0.712691 0.700862 -0.000000 0.000000 0.000000 0.000000 1.000000
0.990212 0.117634 -0.075119 0.000000 -0.136727 0.709401 -0.691416 3.377000 -0.028045 0.694919 0.718541 0.000000 0.000000 0.000000 0.000000 1.000000
0.990422 0.117845 -0.071957 0.000000 -0.135506 0.729473 -0.670453 3.377000 -0.026519 0.673782 0.738455 0.000000 0.000000 0.000000 0.000000 1.000000
0.990627 0.118015 -0.068784 0.000000 -0.134284 0.749096 -0.648709 3.377000 -0.025031 0.651865 0.757922 0.000000 0.000000 0.000000 0.000000 1.000000
0.990789 0.118180 -0.066115 0.000000 -0.133309 0.765388 -0.629611 3.377000 -0.023804 0.632625 0.774092 0.000000 0.000000 0.000000 0.000000 1.000000
0.990874 0.118409 -0.064404 0.000000 -0.132812 0.776101 -0.616464 3.377000 -0.023010 0.619392 0.784745 0.000000 0.000000 0.000000 0.000000 1.000000
0.990856 0.118766 -0.064022 0.000000 -0.132986 0.779581 -0.612020 3.377000 -0.022777 0.614938 0.788247 0.000000 0.000000 0.000000 0.000000 1.000000
0.990736 0.119248 -0.064971 0.000000 -0.133821 0.775976 -0.616403 3.377000 -0.023089 0.619387 0.784746 -0.000000 0.000000 0.000000 0.000000 1.000000
0.990554 0.119763 -0.066782 0.000000 -0.135048 0.767643 -0.626487 3.377000 -0.023765 0.629588 0.776566 0.000000 0.000000 0.000000 0.000000 1.000000
0.990349 0.120223 -0.068952 0.000000 -0.136390 0.757093 -0.638911 3.377000 -0.024609 0.642150 0.766184 0.000000 0.000000 0.000000 0.000000 1.000000
0.990159 0.120574 -0.071044 0.000000 -0.137615 0.746556 -0.650935 3.377000 -0.025447 0.654306 0.755802 -0.000000 0.000000 0.000000 0.000000 1.000000</float_array>
        <technique_common>
          <accessor source="#mixamorig_RightHandPinky2-Matrix-animation-output-transform-array" count="25" stride="16">
            <param type="float4x4"/>
          </accessor>
        </technique_common>
      </source>
      <source id="mixamorig_RightHandPinky2-Interpolations">
        <Name_array id="mixamorig_RightHandPinky2-Interpolations-array" count="25">
 LINEAR LINEAR LINEAR LINEAR LINEAR LINEAR LINEAR LINEAR LINEAR LINEAR LINEAR
LINEAR LINEAR LINEAR LINEAR LINEAR LINEAR LINEAR LINEAR LINEAR LINEAR LINEAR LINEAR
LINEAR LINEAR</Name_array>
        <technique_common>
          <accessor source="#mixamorig_RightHandPinky2-Interpolations-array" count="25">
            <param type="name"/>
          </accessor>
        </technique_common>
      </source>
      <sampler id="mixamorig_RightHandPinky2-Matrix-animation-transform">
        <input semantic="INPUT" source="#mixamorig_RightHandPinky2-Matrix-animation-input"/>
        <input semantic="OUTPUT" source="#mixamorig_RightHandPinky2-Matrix-animation-output-transform"/>
        <input semantic="INTERPOLATION" source="#mixamorig_RightHandPinky2-Interpolations"/>
      </sampler>
      <channel source="#mixamorig_RightHandPinky2-Matrix-animation-transform" target="mixamorig_RightHandPinky2/matrix"/>
    </animation>
    <animation id="mixamorig_RightHandPinky3-anim" name="mixamorig_RightHandPinky3">
      <source id="mixamorig_RightHandPinky3-Matrix-animation-input">
        <float_array id="mixamorig_RightHandPinky3-Matrix-animation-input-array" count="25">

0.000000 0.033333 0.066667 0.100000 0.133333 0.166667 0.200000 0.233333 0.266667 0.300000 0.333333 0.366667 0.400000 0.433333 0.466667 0.500000
0.533333 0.566667 0.600000 0.633333 0.666667 0.700000 0.733333 0.766667 0.800000</float_array>
        <technique_common>
          <accessor source="#mixamorig_RightHandPinky3-Matrix-animation-input-array" count="25">
            <param name="TIME" type="float"/>
          </accessor>
        </technique_common>
      </source>
      <source id="mixamorig_RightHandPinky3-Matrix-animation-output-transform">
        <float_array id="mixamorig_RightHandPinky3-Matrix-animation-output-transform-array" count="400">

1.000000 0.000000 -0.000000 0.000000 -0.000000 1.000000 0.000000 2.998000 0.000000 -0.000000 1.000000 0.000000 0.000000 0.000000 0.000000 1.000000
1.000000 -0.000000 -0.000000 0.000000 0.000000 1.000000 0.000000 2.998000 0.000000 -0.000000 1.000000 0.000000 0.000000 0.000000 0.000000 1.000000
1.000000 -0.000000 -0.000000 0.000000 0.000000 1.000000 -0.000000 2.998000 0.000000 0.000000 1.000000 0.000000 0.000000 0.000000 0.000000 1.000000
1.000000 -0.000000 -0.000000 0.000000 0.000000 1.000000 -0.000000 2.998000 0.000000 0.000000 1.000000 0.000000 0.000000 0.000000 0.000000 1.000000
1.000000 0.000000 -0.000000 0.000000 -0.000000 1.000000 0.000000 2.998000 0.000000 -0.000000 1.000000 0.000000 0.000000 0.000000 0.000000 1.000000
1.000000 0.000000 -0.000000 0.000000 -0.000000 1.000000 0.000000 2.998000 0.000000 -0.000000 1.000000 0.000000 0.000000 0.000000 0.000000 1.000000
1.000000 0.000000 -0.000000 0.000000 -0.000000 1.000000 0.000000 2.998000 0.000000 -0.000000 1.000000 0.000000 0.000000 0.000000 0.000000 1.000000
1.000000 -0.000000 -0.000000 0.000000 0.000000 1.000000 -0.000000 2.998000 0.000000 0.000000 1.000000 0.000000 0.000000 0.000000 0.000000 1.000000
1.000000 -0.000000 -0.000000 -0.000000 0.000000 1.000000 -0.000000 2.998000 0.000000 0.000000 1.000000 0.000000 0.000000 0.000000 0.000000 1.000000
1.000000 0.000000 -0.000000 0.000000 -0.000000 1.000000 0.000000 2.998000 0.000000 -0.000000 1.000000 0.000000 0.000000 0.000000 0.000000 1.000000
1.000000 -0.000000 -0.000000 -0.000000 0.000000 1.000000 0.000000 2.998000 0.000000 -0.000000 1.000000 0.000000 0.000000 0.000000 0.000000 1.000000
1.000000 -0.000000 -0.000000 0.000000 0.000000 1.000000 0.000000 2.998000 0.000000 -0.000000 1.000000 0.000000 0.000000 0.000000 0.000000 1.000000
1.000000 -0.000000 -0.000000 0.000000 0.000000 1.000000 -0.000000 2.998000 0.000000 0.000000 1.000000 0.000000 0.000000 0.000000 0.000000 1.000000
1.000000 0.000000 -0.000000 0.000000 -0.000000 1.000000 -0.000000 2.998000 0.000000 0.000000 1.000000 0.000000 0.000000 0.000000 0.000000 1.000000
1.000000 0.000000 -0.000000 -0.000000 -0.000000 1.000000 0.000000 2.998000 0.000000 -0.000000 1.000000 0.000000 0.000000 0.000000 0.000000 1.000000
1.000000 0.000000 -0.000000 -0.000000 -0.000000 1.000000 0.000000 2.998000 0.000000 -0.000000 1.000000 0.000000 0.000000 0.000000 0.000000 1.000000
1.000000 -0.000000 -0.000000 0.000000 0.000000 1.000000 -0.000000 2.998000 0.000000 0.000000 1.000000 -0.000000 0.000000 0.000000 0.000000 1.000000
1.000000 -0.000000 -0.000000 0.000000 0.000000 1.000000 -0.000000 2.998000 0.000000 0.000000 1.000000 -0.000000 0.000000 0.000000 0.000000 1.000000
1.000000 0.000000 -0.000000 0.000000 -0.000000 1.000000 0.000000 2.998000 0.000000 -0.000000 1.000000 0.000000 0.000000 0.000000 0.000000 1.000000
1.000000 0.000000 -0.000000 0.000000 -0.000000 1.000000 0.000000 2.998000 0.000000 -0.000000 1.000000 0.000000 0.000000 0.000000 0.000000 1.000000
1.000000 -0.000000 -0.000000 0.000000 0.000000 1.000000 -0.000000 2.998000 0.000000 0.000000 1.000000 0.000000 0.000000 0.000000 0.000000 1.000000
1.000000 0.000000 -0.000000 0.000000 -0.000000 1.000000 0.000000 2.998000 0.000000 -0.000000 1.000000 0.000000 0.000000 0.000000 0.000000 1.000000
1.000000 -0.000000 -0.000000 -0.000000 0.000000 1.000000 0.000000 2.998000 0.000000 -0.000000 1.000000 0.000000 0.000000 0.000000 0.000000 1.000000
1.000000 -0.000000 -0.000000 -0.000000 0.000000 1.000000 -0.000000 2.998000 0.000000 0.000000 1.000000 -0.000000 0.000000 0.000000 0.000000 1.000000
1.000000 0.000000 -0.000000 -0.000000 -0.000000 1.000000 0.000000 2.998000 0.000000 -0.000000 1.000000 0.000000 0.000000 0.000000 0.000000 1.000000</float_array>
        <technique_common>
          <accessor source="#mixamorig_RightHandPinky3-Matrix-animation-output-transform-array" count="25" stride="16">
            <param type="float4x4"/>
          </accessor>
        </technique_common>
      </source>
      <source id="mixamorig_RightHandPinky3-Interpolations">
        <Name_array id="mixamorig_RightHandPinky3-Interpolations-array" count="25">
 LINEAR LINEAR LINEAR LINEAR LINEAR LINEAR LINEAR LINEAR LINEAR LINEAR LINEAR
LINEAR LINEAR LINEAR LINEAR LINEAR LINEAR LINEAR LINEAR LINEAR LINEAR LINEAR LINEAR
LINEAR LINEAR</Name_array>
        <technique_common>
          <accessor source="#mixamorig_RightHandPinky3-Interpolations-array" count="25">
            <param type="name"/>
          </accessor>
        </technique_common>
      </source>
      <sampler id="mixamorig_RightHandPinky3-Matrix-animation-transform">
        <input semantic="INPUT" source="#mixamorig_RightHandPinky3-Matrix-animation-input"/>
        <input semantic="OUTPUT" source="#mixamorig_RightHandPinky3-Matrix-animation-output-transform"/>
        <input semantic="INTERPOLATION" source="#mixamorig_RightHandPinky3-Interpolations"/>
      </sampler>
      <channel source="#mixamorig_RightHandPinky3-Matrix-animation-transform" target="mixamorig_RightHandPinky3/matrix"/>
    </animation>
    <animation id="mixamorig_L_horn1-anim" name="mixamorig_L_horn1">
      <source id="mixamorig_L_horn1-Matrix-animation-input">
        <float_array id="mixamorig_L_horn1-Matrix-animation-input-array" count="25">

0.000000 0.033333 0.066667 0.100000 0.133333 0.166667 0.200000 0.233333 0.266667 0.300000 0.333333 0.366667 0.400000 0.433333 0.466667 0.500000
0.533333 0.566667 0.600000 0.633333 0.666667 0.700000 0.733333 0.766667 0.800000</float_array>
        <technique_common>
          <accessor source="#mixamorig_L_horn1-Matrix-animation-input-array" count="25">
            <param name="TIME" type="float"/>
          </accessor>
        </technique_common>
      </source>
      <source id="mixamorig_L_horn1-Matrix-animation-output-transform">
        <float_array id="mixamorig_L_horn1-Matrix-animation-output-transform-array" count="400">

0.602488 0.000515 0.798128 1.847600 -0.698753 0.483576 0.527160 4.379700 -0.385684 -0.875302 0.291709 -10.115900 0.000000 0.000000 0.000000 1.000000
0.602488 0.000515 0.798128 1.847600 -0.698753 0.483576 0.527160 4.379700 -0.385684 -0.875302 0.291709 -10.115900 0.000000 0.000000 0.000000 1.000000
0.602488 0.000515 0.798128 1.847600 -0.698753 0.483576 0.527160 4.379700 -0.385684 -0.875302 0.291709 -10.115900 0.000000 0.000000 0.000000 1.000000
0.602488 0.000515 0.798128 1.847600 -0.698753 0.483576 0.527160 4.379700 -0.385684 -0.875302 0.291709 -10.115900 0.000000 0.000000 0.000000 1.000000
0.602488 0.000515 0.798128 1.847600 -0.698753 0.483576 0.527160 4.379700 -0.385684 -0.875302 0.291709 -10.115900 0.000000 0.000000 0.000000 1.000000
0.602488 0.000515 0.798128 1.847600 -0.698753 0.483576 0.527160 4.379700 -0.385684 -0.875302 0.291709 -10.115900 0.000000 0.000000 0.000000 1.000000
0.602488 0.000515 0.798128 1.847600 -0.698753 0.483576 0.527160 4.379700 -0.385684 -0.875302 0.291709 -10.115900 0.000000 0.000000 0.000000 1.000000
0.602488 0.000515 0.798128 1.847600 -0.698753 0.483576 0.527160 4.379700 -0.385684 -0.875302 0.291709 -10.115900 0.000000 0.000000 0.000000 1.000000
0.602488 0.000515 0.798128 1.847600 -0.698753 0.483576 0.527160 4.379700 -0.385684 -0.875302 0.291709 -10.115900 0.000000 0.000000 0.000000 1.000000
0.602488 0.000515 0.798128 1.847600 -0.698753 0.483576 0.527160 4.379700 -0.385684 -0.875302 0.291709 -10.115900 0.000000 0.000000 0.000000 1.000000
0.602488 0.000515 0.798128 1.847600 -0.698753 0.483576 0.527160 4.379700 -0.385684 -0.875302 0.291709 -10.115900 0.000000 0.000000 0.000000 1.000000
0.602488 0.000515 0.798128 1.847600 -0.698753 0.483576 0.527160 4.379700 -0.385684 -0.875302 0.291709 -10.115900 0.000000 0.000000 0.000000 1.000000
0.602488 0.000515 0.798128 1.847600 -0.698753 0.483576 0.527160 4.379700 -0.385684 -0.875302 0.291709 -10.115900 0.000000 0.000000 0.000000 1.000000
0.602488 0.000515 0.798128 1.847600 -0.698753 0.483576 0.527160 4.379700 -0.385684 -0.875302 0.291709 -10.115900 0.000000 0.000000 0.000000 1.000000
0.602488 0.000515 0.798128 1.847600 -0.698753 0.483576 0.527160 4.379700 -0.385684 -0.875302 0.291709 -10.115900 0.000000 0.000000 0.000000 1.000000
0.602488 0.000515 0.798128 1.847600 -0.698753 0.483576 0.527160 4.379700 -0.385684 -0.875302 0.291709 -10.115900 0.000000 0.000000 0.000000 1.000000
0.602488 0.000515 0.798128 1.847600 -0.698753 0.483576 0.527160 4.379700 -0.385684 -0.875302 0.291709 -10.115900 0.000000 0.000000 0.000000 1.000000
0.602488 0.000515 0.798128 1.847600 -0.698753 0.483576 0.527160 4.379700 -0.385684 -0.875302 0.291709 -10.115900 0.000000 0.000000 0.000000 1.000000
0.602488 0.000515 0.798128 1.847600 -0.698753 0.483576 0.527160 4.379700 -0.385684 -0.875302 0.291709 -10.115900 0.000000 0.000000 0.000000 1.000000
0.602488 0.000515 0.798128 1.847600 -0.698753 0.483576 0.527160 4.379700 -0.385684 -0.875302 0.291709 -10.115900 0.000000 0.000000 0.000000 1.000000
0.602488 0.000515 0.798128 1.847600 -0.698753 0.483576 0.527160 4.379700 -0.385684 -0.875302 0.291709 -10.115900 0.000000 0.000000 0.000000 1.000000
0.602488 0.000515 0.798128 1.847600 -0.698753 0.483576 0.527160 4.379700 -0.385684 -0.875302 0.291709 -10.115900 0.000000 0.000000 0.000000 1.000000
0.602488 0.000515 0.798128 1.847600 -0.698753 0.483576 0.527160 4.379700 -0.385684 -0.875302 0.291709 -10.115900 0.000000 0.000000 0.000000 1.000000
0.602488 0.000515 0.798128 1.847600 -0.698753 0.483576 0.527160 4.379700 -0.385684 -0.875302 0.291709 -10.115900 0.000000 0.000000 0.000000 1.000000
0.602488 0.000515 0.798128 1.847600 -0.698753 0.483576 0.527160 4.379700 -0.385684 -0.875302 0.291709 -10.115900 0.000000 0.000000 0.000000 1.000000</float_array>
        <technique_common>
          <accessor source="#mixamorig_L_horn1-Matrix-animation-output-transform-array" count="25" stride="16">
            <param type="float4x4"/>
          </accessor>
        </technique_common>
      </source>
      <source id="mixamorig_L_horn1-Interpolations">
        <Name_array id="mixamorig_L_horn1-Interpolations-array" count="25">
 LINEAR LINEAR LINEAR LINEAR LINEAR LINEAR LINEAR LINEAR LINEAR LINEAR LINEAR
LINEAR LINEAR LINEAR LINEAR LINEAR LINEAR LINEAR LINEAR LINEAR LINEAR LINEAR LINEAR
LINEAR LINEAR</Name_array>
        <technique_common>
          <accessor source="#mixamorig_L_horn1-Interpolations-array" count="25">
            <param type="name"/>
          </accessor>
        </technique_common>
      </source>
      <sampler id="mixamorig_L_horn1-Matrix-animation-transform">
        <input semantic="INPUT" source="#mixamorig_L_horn1-Matrix-animation-input"/>
        <input semantic="OUTPUT" source="#mixamorig_L_horn1-Matrix-animation-output-transform"/>
        <input semantic="INTERPOLATION" source="#mixamorig_L_horn1-Interpolations"/>
      </sampler>
      <channel source="#mixamorig_L_horn1-Matrix-animation-transform" target="mixamorig_L_horn1/matrix"/>
    </animation>
    <animation id="mixamorig_R_horn1-anim" name="mixamorig_R_horn1">
      <source id="mixamorig_R_horn1-Matrix-animation-input">
        <float_array id="mixamorig_R_horn1-Matrix-animation-input-array" count="25">

0.000000 0.033333 0.066667 0.100000 0.133333 0.166667 0.200000 0.233333 0.266667 0.300000 0.333333 0.366667 0.400000 0.433333 0.466667 0.500000
0.533333 0.566667 0.600000 0.633333 0.666667 0.700000 0.733333 0.766667 0.800000</float_array>
        <technique_common>
          <accessor source="#mixamorig_R_horn1-Matrix-animation-input-array" count="25">
            <param name="TIME" type="float"/>
          </accessor>
        </technique_common>
      </source>
      <source id="mixamorig_R_horn1-Matrix-animation-output-transform">
        <float_array id="mixamorig_R_horn1-Matrix-animation-output-transform-array" count="400">

-0.591028 -0.129171 0.796242 -3.147700 -0.778219 0.351067 -0.520699 4.536700 -0.212275 -0.927398 -0.308014 -10.290500 0.000000 0.000000 0.000000 1.000000
-0.591028 -0.129171 0.796242 -3.147700 -0.778219 0.351067 -0.520699 4.536700 -0.212275 -0.927398 -0.308014 -10.290500 0.000000 0.000000 0.000000 1.000000
-0.591028 -0.129171 0.796242 -3.147700 -0.778219 0.351067 -0.520699 4.536700 -0.212275 -0.927398 -0.308014 -10.290500 0.000000 0.000000 0.000000 1.000000
-0.591028 -0.129171 0.796242 -3.147700 -0.778219 0.351067 -0.520699 4.536700 -0.212275 -0.927398 -0.308014 -10.290500 0.000000 0.000000 0.000000 1.000000
-0.591028 -0.129171 0.796242 -3.147700 -0.778219 0.351067 -0.520699 4.536700 -0.212275 -0.927398 -0.308014 -10.290500 0.000000 0.000000 0.000000 1.000000
-0.591028 -0.129171 0.796242 -3.147700 -0.778219 0.351067 -0.520699 4.536700 -0.212275 -0.927398 -0.308014 -10.290500 0.000000 0.000000 0.000000 1.000000
-0.591028 -0.129171 0.796242 -3.147700 -0.778219 0.351067 -0.520699 4.536700 -0.212275 -0.927398 -0.308014 -10.290500 0.000000 0.000000 0.000000 1.000000
-0.591028 -0.129171 0.796242 -3.147700 -0.778219 0.351067 -0.520699 4.536700 -0.212275 -0.927398 -0.308014 -10.290500 0.000000 0.000000 0.000000 1.000000
-0.591028 -0.129171 0.796242 -3.147700 -0.778219 0.351067 -0.520699 4.536700 -0.212275 -0.927398 -0.308014 -10.290500 0.000000 0.000000 0.000000 1.000000
-0.591028 -0.129171 0.796242 -3.147700 -0.778219 0.351067 -0.520699 4.536700 -0.212275 -0.927398 -0.308014 -10.290500 0.000000 0.000000 0.000000 1.000000
-0.591028 -0.129171 0.796242 -3.147700 -0.778219 0.351067 -0.520699 4.536700 -0.212275 -0.927398 -0.308014 -10.290500 0.000000 0.000000 0.000000 1.000000
-0.591028 -0.129171 0.796242 -3.147700 -0.778219 0.351067 -0.520699 4.536700 -0.212275 -0.927398 -0.308014 -10.290500 0.000000 0.000000 0.000000 1.000000
-0.591028 -0.129171 0.796242 -3.147700 -0.778219 0.351067 -0.520699 4.536700 -0.212275 -0.927398 -0.308014 -10.290500 0.000000 0.000000 0.000000 1.000000
-0.591028 -0.129171 0.796242 -3.147700 -0.778219 0.351067 -0.520699 4.536700 -0.212275 -0.927398 -0.308014 -10.290500 0.000000 0.000000 0.000000 1.000000
-0.591028 -0.129171 0.796242 -3.147700 -0.778219 0.351067 -0.520699 4.536700 -0.212275 -0.927398 -0.308014 -10.290500 0.000000 0.000000 0.000000 1.000000
-0.591028 -0.129171 0.796242 -3.147700 -0.778219 0.351067 -0.520699 4.536700 -0.212275 -0.927398 -0.308014 -10.290500 0.000000 0.000000 0.000000 1.000000
-0.591028 -0.129171 0.796242 -3.147700 -0.778219 0.351067 -0.520699 4.536700 -0.212275 -0.927398 -0.308014 -10.290500 0.000000 0.000000 0.000000 1.000000
-0.591028 -0.129171 0.796242 -3.147700 -0.778219 0.351067 -0.520699 4.536700 -0.212275 -0.927398 -0.308014 -10.290500 0.000000 0.000000 0.000000 1.000000
-0.591028 -0.129171 0.796242 -3.147700 -0.778219 0.351067 -0.520699 4.536700 -0.212275 -0.927398 -0.308014 -10.290500 0.000000 0.000000 0.000000 1.000000
-0.591028 -0.129171 0.796242 -3.147700 -0.778219 0.351067 -0.520699 4.536700 -0.212275 -0.927398 -0.308014 -10.290500 0.000000 0.000000 0.000000 1.000000
-0.591028 -0.129171 0.796242 -3.147700 -0.778219 0.351067 -0.520699 4.536700 -0.212275 -0.927398 -0.308014 -10.290500 0.000000 0.000000 0.000000 1.000000
-0.591028 -0.129171 0.796242 -3.147700 -0.778219 0.351067 -0.520699 4.536700 -0.212275 -0.927398 -0.308014 -10.290500 0.000000 0.000000 0.000000 1.000000
-0.591028 -0.129171 0.796242 -3.147700 -0.778219 0.351067 -0.520699 4.536700 -0.212275 -0.927398 -0.308014 -10.290500 0.000000 0.000000 0.000000 1.000000
-0.591028 -0.129171 0.796242 -3.147700 -0.778219 0.351067 -0.520699 4.536700 -0.212275 -0.927398 -0.308014 -10.290500 0.000000 0.000000 0.000000 1.000000
-0.591028 -0.129171 0.796242 -3.147700 -0.778219 0.351067 -0.520699 4.536700 -0.212275 -0.927398 -0.308014 -10.290500 0.000000 0.000000 0.000000 1.000000</float_array>
        <technique_common>
          <accessor source="#mixamorig_R_horn1-Matrix-animation-output-transform-array" count="25" stride="16">
            <param type="float4x4"/>
          </accessor>
        </technique_common>
      </source>
      <source id="mixamorig_R_horn1-Interpolations">
        <Name_array id="mixamorig_R_horn1-Interpolations-array" count="25">
 LINEAR LINEAR LINEAR LINEAR LINEAR LINEAR LINEAR LINEAR LINEAR LINEAR LINEAR
LINEAR LINEAR LINEAR LINEAR LINEAR LINEAR LINEAR LINEAR LINEAR LINEAR LINEAR LINEAR
LINEAR LINEAR</Name_array>
        <technique_common>
          <accessor source="#mixamorig_R_horn1-Interpolations-array" count="25">
            <param type="name"/>
          </accessor>
        </technique_common>
      </source>
      <sampler id="mixamorig_R_horn1-Matrix-animation-transform">
        <input semantic="INPUT" source="#mixamorig_R_horn1-Matrix-animation-input"/>
        <input semantic="OUTPUT" source="#mixamorig_R_horn1-Matrix-animation-output-transform"/>
        <input semantic="INTERPOLATION" source="#mixamorig_R_horn1-Interpolations"/>
      </sampler>
      <channel source="#mixamorig_R_horn1-Matrix-animation-transform" target="mixamorig_R_horn1/matrix"/>
    </animation>
    <animation id="mixamorig_LeftUpLeg-anim" name="mixamorig_LeftUpLeg">
      <source id="mixamorig_LeftUpLeg-Matrix-animation-input">
        <float_array id="mixamorig_LeftUpLeg-Matrix-animation-input-array" count="25">

0.000000 0.033333 0.066667 0.100000 0.133333 0.166667 0.200000 0.233333 0.266667 0.300000 0.333333 0.366667 0.400000 0.433333 0.466667 0.500000
0.533333 0.566667 0.600000 0.633333 0.666667 0.700000 0.733333 0.766667 0.800000</float_array>
        <technique_common>
          <accessor source="#mixamorig_LeftUpLeg-Matrix-animation-input-array" count="25">
            <param name="TIME" type="float"/>
          </accessor>
        </technique_common>
      </source>
      <source id="mixamorig_LeftUpLeg-Matrix-animation-output-transform">
        <float_array id="mixamorig_LeftUpLeg-Matrix-animation-output-transform-array" count="400">

-0.940884 0.318101 -0.116398 13.026900 -0.040771 0.234782 0.971193 -6.336300 0.336265 0.918526 -0.207933 -1.092800 0.000000 0.000000 0.000000 1.000000
-0.941004 0.318753 -0.113616 13.026900 -0.036677 0.237699 0.970646 -6.336300 0.336403 0.917549 -0.211985 -1.092800 0.000000 0.000000 0.000000 1.000000
-0.941360 0.319432 -0.108649 13.026900 -0.029914 0.241733 0.969882 -6.336300 0.336076 0.916258 -0.218003 -1.092800 0.000000 0.000000 0.000000 1.000000
-0.941840 0.320133 -0.102232 13.026900 -0.021383 0.246505 0.968906 -6.336300 0.335379 0.914741 -0.225323 -1.092800 0.000000 0.000000 0.000000 1.000000
-0.942363 0.320802 -0.095067 13.026900 -0.011963 0.251641 0.967747 -6.336300 0.334378 0.913106 -0.233299 -1.092800 0.000000 0.000000 0.000000 1.000000
-0.942884 0.321324 -0.087872 13.026900 -0.002580 0.256730 0.966480 -6.336300 0.333112 0.911505 -0.241238 -1.092800 0.000000 0.000000 0.000000 1.000000
-0.943410 0.321559 -0.081107 13.026900 0.006126 0.261426 0.965204 -6.336300 0.331573 0.910086 -0.248602 -1.092800 0.000000 0.000000 0.000000 1.000000
-0.943986 0.321346 -0.075017 13.026900 0.013737 0.265404 0.964039 -6.336300 0.329700 0.909009 -0.254952 -1.092800 0.000000 0.000000 0.000000 1.000000
-0.944638 0.320656 -0.069564 13.026900 0.020214 0.268482 0.963073 -6.336300 0.327491 0.908349 -0.260100 -1.092800 0.000000 0.000000 0.000000 1.000000
-0.945291 0.319722 -0.064822 13.026900 0.025546 0.270639 0.962342 -6.336300 0.325226 0.908037 -0.264001 -1.092800 0.000000 0.000000 0.000000 1.000000
-0.945871 0.318732 -0.061136 13.026900 0.029374 0.271678 0.961940 -6.336300 0.323210 0.908075 -0.266335 -1.092800 0.000000 0.000000 0.000000 1.000000
-0.946295 0.317846 -0.059161 13.026900 0.030979 0.271291 0.961999 -6.336300 0.321817 0.908502 -0.266567 -1.092800 0.000000 0.000000 0.000000 1.000000
-0.946515 0.317141 -0.059428 13.026900 0.029833 0.269406 0.962564 -6.336300 0.321279 0.909308 -0.264458 -1.092800 0.000000 0.000000 0.000000 1.000000
-0.946539 0.316606 -0.061840 13.026900 0.026121 0.266292 0.963539 -6.336300 0.321530 0.910412 -0.260325 -1.092800 0.000000 0.000000 0.000000 1.000000
-0.946384 0.316228 -0.066018 13.026900 0.020335 0.262270 0.964780 -6.336300 0.322405 0.911710 -0.254638 -1.092800 0.000000 0.000000 0.000000 1.000000
-0.946098 0.315918 -0.071371 13.026900 0.013151 0.257651 0.966148 -6.336300 0.323613 0.913133 -0.247918 -1.092800 0.000000 0.000000 0.000000 1.000000
-0.945737 0.315599 -0.077325 13.026900 0.005254 0.252796 0.967505 -6.336300 0.324891 0.914599 -0.240737 -1.092800 0.000000 0.000000 0.000000 1.000000
-0.945315 0.315271 -0.083562 13.026900 -0.002925 0.247997 0.968756 -6.336300 0.326144 0.916025 -0.233514 -1.092800 0.000000 0.000000 0.000000 1.000000
-0.944820 0.315021 -0.089876 13.026900 -0.011030 0.243608 0.969811 -6.336300 0.327405 0.917288 -0.226691 -1.092800 0.000000 0.000000 0.000000 1.000000
-0.944209 0.314995 -0.096160 13.026900 -0.018818 0.239898 0.970616 -6.336300 0.328808 0.918274 -0.220586 -1.092800 0.000000 0.000000 0.000000 1.000000
-0.943466 0.315310 -0.102236 13.026900 -0.026008 0.237063 0.971146 -6.336300 0.330448 0.918902 -0.215461 -1.092800 0.000000 0.000000 0.000000 1.000000
-0.942658 0.315942 -0.107593 13.026900 -0.032058 0.235166 0.971426 -6.336300 0.332217 0.919172 -0.211553 -1.092800 0.000000 0.000000 0.000000 1.000000
-0.941906 0.316714 -0.111827 13.026900 -0.036587 0.234210 0.971497 -6.336300 0.333878 0.919151 -0.209016 -1.092800 0.000000 0.000000 0.000000 1.000000
-0.941298 0.317462 -0.114783 13.026900 -0.039497 0.234116 0.971406 -6.336300 0.335257 0.918916 -0.207835 -1.092800 0.000000 0.000000 0.000000 1.000000
-0.940884 0.318101 -0.116398 13.026900 -0.040770 0.234781 0.971193 -6.336300 0.336266 0.918526 -0.207933 -1.092800 0.000000 0.000000 0.000000 1.000000</float_array>
        <technique_common>
          <accessor source="#mixamorig_LeftUpLeg-Matrix-animation-output-transform-array" count="25" stride="16">
            <param type="float4x4"/>
          </accessor>
        </technique_common>
      </source>
      <source id="mixamorig_LeftUpLeg-Interpolations">
        <Name_array id="mixamorig_LeftUpLeg-Interpolations-array" count="25">
 LINEAR LINEAR LINEAR LINEAR LINEAR LINEAR LINEAR LINEAR LINEAR LINEAR LINEAR
LINEAR LINEAR LINEAR LINEAR LINEAR LINEAR LINEAR LINEAR LINEAR LINEAR LINEAR LINEAR
LINEAR LINEAR</Name_array>
        <technique_common>
          <accessor source="#mixamorig_LeftUpLeg-Interpolations-array" count="25">
            <param type="name"/>
          </accessor>
        </technique_common>
      </source>
      <sampler id="mixamorig_LeftUpLeg-Matrix-animation-transform">
        <input semantic="INPUT" source="#mixamorig_LeftUpLeg-Matrix-animation-input"/>
        <input semantic="OUTPUT" source="#mixamorig_LeftUpLeg-Matrix-animation-output-transform"/>
        <input semantic="INTERPOLATION" source="#mixamorig_LeftUpLeg-Interpolations"/>
      </sampler>
      <channel source="#mixamorig_LeftUpLeg-Matrix-animation-transform" target="mixamorig_LeftUpLeg/matrix"/>
    </animation>
    <animation id="mixamorig_LeftLeg-anim" name="mixamorig_LeftLeg">
      <source id="mixamorig_LeftLeg-Matrix-animation-input">
        <float_array id="mixamorig_LeftLeg-Matrix-animation-input-array" count="25">

0.000000 0.033333 0.066667 0.100000 0.133333 0.166667 0.200000 0.233333 0.266667 0.300000 0.333333 0.366667 0.400000 0.433333 0.466667 0.500000
0.533333 0.566667 0.600000 0.633333 0.666667 0.700000 0.733333 0.766667 0.800000</float_array>
        <technique_common>
          <accessor source="#mixamorig_LeftLeg-Matrix-animation-input-array" count="25">
            <param name="TIME" type="float"/>
          </accessor>
        </technique_common>
      </source>
      <source id="mixamorig_LeftLeg-Matrix-animation-output-transform">
        <float_array id="mixamorig_LeftLeg-Matrix-animation-output-transform-array" count="400">

0.999921 0.003654 -0.012053 -0.000000 0.009699 -0.833889 0.551848 46.951000 -0.008034 -0.551921 -0.833858 -0.000000 0.000000 0.000000 0.000000 1.000000
0.999809 0.005105 -0.018882 0.000000 0.014669 -0.834256 0.551182 46.951000 -0.012939 -0.551354 -0.834171 0.000000 0.000000 0.000000 0.000000 1.000000
0.999659 0.006101 -0.025390 -0.000000 0.019054 -0.835272 0.549506 46.951000 -0.017855 -0.549803 -0.835104 0.000000 0.000000 0.000000 0.000000 1.000000
0.999485 0.006701 -0.031388 -0.000000 0.022789 -0.836819 0.547005 46.951000 -0.022601 -0.547439 -0.836541 0.000000 0.000000 0.000000 0.000000 1.000000
0.999306 0.006916 -0.036595 0.000000 0.025720 -0.838797 0.543836 46.951000 -0.026934 -0.544400 -0.838393 0.000000 0.000000 0.000000 0.000000 1.000000
0.999156 0.006706 -0.040538 0.000000 0.027563 -0.841079 0.540210 46.951000 -0.030473 -0.540871 -0.840553 0.000000 0.000000 0.000000 0.000000 1.000000
0.999076 0.005954 -0.042572 -0.000000 0.027881 -0.843546 0.536332 46.951000 -0.032718 -0.537023 -0.842933 0.000000 0.000000 0.000000 0.000000 1.000000
0.999113 0.004478 -0.041876 0.000000 0.026107 -0.846095 0.532393 46.951000 -0.033046 -0.533014 -0.845461 0.000000 0.000000 0.000000 0.000000 1.000000
0.999260 0.002287 -0.038391 0.000000 0.022253 -0.848547 0.528652 46.951000 -0.031368 -0.529115 -0.847970 -0.000000 0.000000 0.000000 0.000000 1.000000
0.999457 -0.000386 -0.032955 0.000000 0.016991 -0.850760 0.525279 46.951000 -0.028239 -0.525554 -0.850292 0.000000 0.000000 0.000000 0.000000 1.000000
0.999653 -0.003286 -0.026136 -0.000000 0.010858 -0.852574 0.522494 46.951000 -0.024000 -0.522597 -0.852242 -0.000000 0.000000 0.000000 0.000000 1.000000
0.999811 -0.006041 -0.018475 -0.000000 0.004462 -0.853767 0.520636 46.951000 -0.018919 -0.520620 -0.853579 0.000000 0.000000 0.000000 0.000000 1.000000
0.999910 -0.008255 -0.010613 0.000000 -0.001534 -0.854209 0.519928 46.951000 -0.013358 -0.519865 -0.854144 0.000000 0.000000 0.000000 0.000000 1.000000
0.999947 -0.009797 -0.003004 0.000000 -0.006804 -0.853978 0.520264 46.951000 -0.007662 -0.520216 -0.854000 0.000000 0.000000 0.000000 0.000000 1.000000
0.999935 -0.010693 0.003921 0.000000 -0.011169 -0.853178 0.521501 46.951000 -0.002231 -0.521511 -0.853242 0.000000 0.000000 0.000000 0.000000 1.000000
0.999889 -0.011078 0.009931 0.000000 -0.014638 -0.851882 0.523530 46.951000 0.002660 -0.523617 -0.851950 0.000000 0.000000 0.000000 0.000000 1.000000
0.999828 -0.011079 0.014845 -0.000000 -0.017233 -0.850213 0.526156 46.951000 0.006792 -0.526322 -0.850258 0.000000 0.000000 0.000000 0.000000 1.000000
0.999774 -0.010714 0.018337 -0.000000 -0.018797 -0.848256 0.529253 46.951000 0.009884 -0.529479 -0.848266 0.000000 0.000000 0.000000 0.000000 1.000000
0.999754 -0.009886 0.019849 0.000000 -0.018943 -0.846089 0.532705 46.951000 0.011528 -0.532950 -0.846068 0.000000 0.000000 0.000000 0.000000 1.000000
0.999780 -0.008490 0.019168 0.000000 -0.017449 -0.843818 0.536346 46.951000 0.011621 -0.536562 -0.843781 0.000000 0.000000 0.000000 0.000000 1.000000
0.999853 -0.006419 0.015893 -0.000000 -0.013987 -0.841535 0.540021 46.951000 0.009908 -0.540164 -0.841501 0.000000 0.000000 0.000000 0.000000 1.000000
0.999945 -0.003802 0.009819 -0.000000 -0.008529 -0.839330 0.543555 46.951000 0.006175 -0.543609 -0.839316 0.000000 0.000000 0.000000 0.000000 1.000000
0.999997 -0.001055 0.002378 -0.000000 -0.002183 -0.837270 0.546785 46.951000 0.001414 -0.546788 -0.837270 0.000000 0.000000 0.000000 0.000000 1.000000
0.999986 0.001492 -0.005158 0.000000 0.004082 -0.835419 0.549599 46.951000 -0.003489 -0.549612 -0.835413 0.000000 0.000000 0.000000 0.000000 1.000000
0.999921 0.003654 -0.012053 0.000000 0.009699 -0.833889 0.551848 46.951000 -0.008034 -0.551921 -0.833858 0.000000 0.000000 0.000000 0.000000 1.000000</float_array>
        <technique_common>
          <accessor source="#mixamorig_LeftLeg-Matrix-animation-output-transform-array" count="25" stride="16">
            <param type="float4x4"/>
          </accessor>
        </technique_common>
      </source>
      <source id="mixamorig_LeftLeg-Interpolations">
        <Name_array id="mixamorig_LeftLeg-Interpolations-array" count="25">
 LINEAR LINEAR LINEAR LINEAR LINEAR LINEAR LINEAR LINEAR LINEAR LINEAR LINEAR
LINEAR LINEAR LINEAR LINEAR LINEAR LINEAR LINEAR LINEAR LINEAR LINEAR LINEAR LINEAR
LINEAR LINEAR</Name_array>
        <technique_common>
          <accessor source="#mixamorig_LeftLeg-Interpolations-array" count="25">
            <param type="name"/>
          </accessor>
        </technique_common>
      </source>
      <sampler id="mixamorig_LeftLeg-Matrix-animation-transform">
        <input semantic="INPUT" source="#mixamorig_LeftLeg-Matrix-animation-input"/>
        <input semantic="OUTPUT" source="#mixamorig_LeftLeg-Matrix-animation-output-transform"/>
        <input semantic="INTERPOLATION" source="#mixamorig_LeftLeg-Interpolations"/>
      </sampler>
      <channel source="#mixamorig_LeftLeg-Matrix-animation-transform" target="mixamorig_LeftLeg/matrix"/>
    </animation>
    <animation id="mixamorig_LeftFoot-anim" name="mixamorig_LeftFoot">
      <source id="mixamorig_LeftFoot-Matrix-animation-input">
        <float_array id="mixamorig_LeftFoot-Matrix-animation-input-array" count="25">

0.000000 0.033333 0.066667 0.100000 0.133333 0.166667 0.200000 0.233333 0.266667 0.300000 0.333333 0.366667 0.400000 0.433333 0.466667 0.500000
0.533333 0.566667 0.600000 0.633333 0.666667 0.700000 0.733333 0.766667 0.800000</float_array>
        <technique_common>
          <accessor source="#mixamorig_LeftFoot-Matrix-animation-input-array" count="25">
            <param name="TIME" type="float"/>
          </accessor>
        </technique_common>
      </source>
      <source id="mixamorig_LeftFoot-Matrix-animation-output-transform">
        <float_array id="mixamorig_LeftFoot-Matrix-animation-output-transform-array" count="400">

0.958631 0.219154 -0.181653 -0.000000 -0.284650 0.739535 -0.609969 55.112000 0.000661 0.636443 0.771324 -0.000000 0.000000 0.000000 0.000000 1.000000
0.960654 0.213938 -0.177130 -0.000000 -0.277745 0.743342 -0.608523 55.112000 0.001482 0.633777 0.773515 0.000000 0.000000 0.000000 0.000000 1.000000
0.962477 0.208987 -0.173095 -0.000000 -0.271339 0.749621 -0.603692 55.112000 0.003592 0.628007 0.778199 0.000000 0.000000 0.000000 0.000000 1.000000
0.963998 0.204956 -0.169412 -0.000000 -0.265836 0.757730 -0.595967 55.112000 0.006221 0.619547 0.784935 0.000000 0.000000 0.000000 0.000000 1.000000
0.965074 0.202647 -0.166031 0.000000 -0.261834 0.767055 -0.585722 55.112000 0.008661 0.608737 0.793325 -0.000000 0.000000 0.000000 0.000000 1.000000
0.965557 0.202671 -0.163167 -0.000000 -0.259978 0.776820 -0.573552 55.112000 0.010509 0.596217 0.802754 -0.000000 0.000000 0.000000 0.000000 1.000000
0.965308 0.205297 -0.161350 0.000000 -0.260843 0.786316 -0.560061 55.112000 0.011893 0.582719 0.812587 0.000000 0.000000 0.000000 0.000000 1.000000
0.964174 0.210527 -0.161392 0.000000 -0.264933 0.794922 -0.545811 55.112000 0.013386 0.569015 0.822218 -0.000000 0.000000 0.000000 0.000000 1.000000
0.962281 0.217291 -0.163704 -0.000000 -0.271597 0.802222 -0.531671 55.112000 0.015799 0.556079 0.830979 -0.000000 0.000000 0.000000 0.000000 1.000000
0.959894 0.224727 -0.167635 -0.000000 -0.279727 0.807946 -0.518629 55.112000 0.018890 0.544721 0.838405 0.000000 0.000000 0.000000 0.000000 1.000000
0.957204 0.232301 -0.172616 -0.000000 -0.288561 0.811788 -0.507673 55.112000 0.022195 0.535757 0.844080 0.000000 0.000000 0.000000 0.000000 1.000000
0.954458 0.239391 -0.178048 0.000000 -0.297287 0.813338 -0.500102 55.112000 0.025093 0.530258 0.847465 0.000000 0.000000 0.000000 0.000000 1.000000
0.951927 0.245442 -0.183285 0.000000 -0.305133 0.812502 -0.496724 55.112000 0.027003 0.528771 0.848335 0.000000 0.000000 0.000000 0.000000 1.000000
0.949717 0.250426 -0.187948 0.000000 -0.311884 0.809663 -0.497166 55.112000 0.027672 0.530785 0.847055 0.000000 0.000000 0.000000 0.000000 1.000000
0.947902 0.254328 -0.191832 -0.000000 -0.317410 0.805218 -0.500875 55.112000 0.027080 0.535670 0.843993 0.000000 0.000000 0.000000 0.000000 1.000000
0.946546 0.256820 -0.195180 0.000000 -0.321543 0.799463 -0.507415 55.112000 0.025725 0.543050 0.839306 0.000000 0.000000 0.000000 0.000000 1.000000
0.945656 0.257837 -0.198129 -0.000000 -0.324281 0.792794 -0.516061 55.112000 0.024016 0.552266 0.833322 -0.000000 0.000000 0.000000 0.000000 1.000000
0.945289 0.257347 -0.200505 0.000000 -0.325490 0.785504 -0.526345 55.112000 0.022044 0.562810 0.826292 -0.000000 0.000000 0.000000 0.000000 1.000000
0.945576 0.255263 -0.201808 0.000000 -0.324805 0.777923 -0.537901 55.112000 0.019685 0.574174 0.818496 0.000000 0.000000 0.000000 0.000000 1.000000
0.946561 0.251766 -0.201583 0.000000 -0.322087 0.770423 -0.550190 55.112000 0.016785 0.585716 0.810343 0.000000 0.000000 0.000000 0.000000 1.000000
0.948300 0.246963 -0.199341 -0.000000 -0.317106 0.763188 -0.563017 55.112000 0.013090 0.597121 0.802044 0.000000 0.000000 0.000000 0.000000 1.000000
0.950711 0.241026 -0.195076 -0.000000 -0.309958 0.756220 -0.576245 55.112000 0.008630 0.608308 0.793654 0.000000 0.000000 0.000000 0.000000 1.000000
0.953434 0.234136 -0.190113 0.000000 -0.301565 0.749771 -0.588984 55.112000 0.004639 0.618889 0.785465 -0.000000 0.000000 0.000000 0.000000 1.000000
0.956150 0.226652 -0.185489 0.000000 -0.292871 0.744114 -0.600434 55.112000 0.001936 0.628429 0.777864 -0.000000 0.000000 0.000000 0.000000 1.000000
0.958631 0.219154 -0.181653 0.000000 -0.284650 0.739535 -0.609969 55.112000 0.000661 0.636443 0.771324 0.000000 0.000000 0.000000 0.000000 1.000000</float_array>
        <technique_common>
          <accessor source="#mixamorig_LeftFoot-Matrix-animation-output-transform-array" count="25" stride="16">
            <param type="float4x4"/>
          </accessor>
        </technique_common>
      </source>
      <source id="mixamorig_LeftFoot-Interpolations">
        <Name_array id="mixamorig_LeftFoot-Interpolations-array" count="25">
 LINEAR LINEAR LINEAR LINEAR LINEAR LINEAR LINEAR LINEAR LINEAR LINEAR LINEAR
LINEAR LINEAR LINEAR LINEAR LINEAR LINEAR LINEAR LINEAR LINEAR LINEAR LINEAR LINEAR
LINEAR LINEAR</Name_array>
        <technique_common>
          <accessor source="#mixamorig_LeftFoot-Interpolations-array" count="25">
            <param type="name"/>
          </accessor>
        </technique_common>
      </source>
      <sampler id="mixamorig_LeftFoot-Matrix-animation-transform">
        <input semantic="INPUT" source="#mixamorig_LeftFoot-Matrix-animation-input"/>
        <input semantic="OUTPUT" source="#mixamorig_LeftFoot-Matrix-animation-output-transform"/>
        <input semantic="INTERPOLATION" source="#mixamorig_LeftFoot-Interpolations"/>
      </sampler>
      <channel source="#mixamorig_LeftFoot-Matrix-animation-transform" target="mixamorig_LeftFoot/matrix"/>
    </animation>
    <animation id="mixamorig_LeftToeBase-anim" name="mixamorig_LeftToeBase">
      <source id="mixamorig_LeftToeBase-Matrix-animation-input">
        <float_array id="mixamorig_LeftToeBase-Matrix-animation-input-array" count="25">

0.000000 0.033333 0.066667 0.100000 0.133333 0.166667 0.200000 0.233333 0.266667 0.300000 0.333333 0.366667 0.400000 0.433333 0.466667 0.500000
0.533333 0.566667 0.600000 0.633333 0.666667 0.700000 0.733333 0.766667 0.800000</float_array>
        <technique_common>
          <accessor source="#mixamorig_LeftToeBase-Matrix-animation-input-array" count="25">
            <param name="TIME" type="float"/>
          </accessor>
        </technique_common>
      </source>
      <source id="mixamorig_LeftToeBase-Matrix-animation-output-transform">
        <float_array id="mixamorig_LeftToeBase-Matrix-animation-output-transform-array" count="400">

1.000000 -0.000000 0.000002 -0.000000 0.000001 0.695798 -0.718237 22.799999 -0.000001 0.718237 0.695798 0.000000 0.000000 0.000000 0.000000 1.000000
1.000000 0.000000 0.000002 0.000000 0.000001 0.695816 -0.718220 22.799999 -0.000001 0.718220 0.695816 0.000000 0.000000 0.000000 0.000000 1.000000
1.000000 -0.000000 0.000002 0.000000 0.000001 0.695864 -0.718174 22.799999 -0.000001 0.718174 0.695864 0.000000 0.000000 0.000000 0.000000 1.000000
1.000000 0.000000 0.000002 -0.000000 0.000001 0.695936 -0.718104 22.799999 -0.000001 0.718104 0.695936 0.000000 0.000000 0.000000 0.000000 1.000000
1.000000 -0.000000 0.000002 0.000000 0.000001 0.696028 -0.718015 22.799999 -0.000001 0.718015 0.696028 -0.000000 0.000000 0.000000 0.000000 1.000000
1.000000 0.000000 0.000002 -0.000000 0.000001 0.696132 -0.717913 22.799999 -0.000001 0.717913 0.696132 0.000000 0.000000 0.000000 0.000000 1.000000
1.000000 0.000000 0.000002 0.000000 0.000001 0.696243 -0.717807 22.799999 -0.000001 0.717807 0.696243 0.000000 0.000000 0.000000 0.000000 1.000000
1.000000 0.000000 0.000002 0.000000 0.000001 0.696353 -0.717700 22.799999 -0.000001 0.717700 0.696353 -0.000000 0.000000 0.000000 0.000000 1.000000
1.000000 0.000000 0.000002 0.000000 0.000001 0.696455 -0.717600 22.799999 -0.000001 0.717600 0.696455 0.000000 0.000000 0.000000 0.000000 1.000000
1.000000 0.000000 0.000002 0.000000 0.000001 0.696545 -0.717513 22.799999 -0.000001 0.717513 0.696545 0.000000 0.000000 0.000000 0.000000 1.000000
1.000000 0.000000 0.000002 -0.000000 0.000001 0.696616 -0.717444 22.799999 -0.000001 0.717444 0.696616 0.000000 0.000000 0.000000 0.000000 1.000000
1.000000 -0.000000 0.000002 -0.000000 0.000001 0.696660 -0.717402 22.799999 -0.000001 0.717402 0.696660 0.000000 0.000000 0.000000 0.000000 1.000000
1.000000 0.000000 0.000002 0.000000 0.000001 0.696672 -0.717390 22.799999 -0.000001 0.717390 0.696672 -0.000000 0.000000 0.000000 0.000000 1.000000
1.000000 0.000000 0.000002 -0.000000 0.000001 0.696656 -0.717406 22.799999 -0.000001 0.717406 0.696656 0.000000 0.000000 0.000000 0.000000 1.000000
1.000000 0.000000 0.000002 0.000000 0.000001 0.696616 -0.717445 22.799999 -0.000001 0.717445 0.696616 -0.000000 0.000000 0.000000 0.000000 1.000000
1.000000 -0.000000 0.000002 0.000000 0.000001 0.696555 -0.717504 22.799999 -0.000001 0.717504 0.696555 0.000000 0.000000 0.000000 0.000000 1.000000
1.000000 0.000000 0.000002 -0.000000 0.000001 0.696479 -0.717577 22.799999 -0.000001 0.717577 0.696479 0.000000 0.000000 0.000000 0.000000 1.000000
1.000000 0.000000 0.000002 0.000000 0.000001 0.696392 -0.717661 22.799999 -0.000001 0.717661 0.696392 0.000000 0.000000 0.000000 0.000000 1.000000
1.000000 -0.000000 0.000002 -0.000000 0.000001 0.696297 -0.717753 22.799999 -0.000001 0.717753 0.696297 -0.000000 0.000000 0.000000 0.000000 1.000000
1.000000 -0.000000 0.000002 -0.000000 0.000001 0.696199 -0.717849 22.799999 -0.000001 0.717849 0.696199 -0.000000 0.000000 0.000000 0.000000 1.000000
1.000000 0.000000 0.000002 -0.000000 0.000001 0.696101 -0.717943 22.799999 -0.000001 0.717943 0.696101 0.000000 0.000000 0.000000 0.000000 1.000000
1.000000 -0.000000 0.000002 0.000000 0.000001 0.696008 -0.718034 22.799999 -0.000001 0.718034 0.696008 0.000000 0.000000 0.000000 0.000000 1.000000
1.000000 -0.000000 0.000002 0.000000 0.000001 0.695925 -0.718115 22.799999 -0.000001 0.718115 0.695925 0.000000 0.000000 0.000000 0.000000 1.000000
1.000000 0.000000 0.000002 -0.000000 0.000001 0.695854 -0.718184 22.799999 -0.000001 0.718184 0.695854 0.000000 0.000000 0.000000 0.000000 1.000000
1.000000 -0.000000 0.000002 0.000000 0.000001 0.695798 -0.718237 22.799999 -0.000001 0.718237 0.695798 0.000000 0.000000 0.000000 0.000000 1.000000</float_array>
        <technique_common>
          <accessor source="#mixamorig_LeftToeBase-Matrix-animation-output-transform-array" count="25" stride="16">
            <param type="float4x4"/>
          </accessor>
        </technique_common>
      </source>
      <source id="mixamorig_LeftToeBase-Interpolations">
        <Name_array id="mixamorig_LeftToeBase-Interpolations-array" count="25">
 LINEAR LINEAR LINEAR LINEAR LINEAR LINEAR LINEAR LINEAR LINEAR LINEAR LINEAR
LINEAR LINEAR LINEAR LINEAR LINEAR LINEAR LINEAR LINEAR LINEAR LINEAR LINEAR LINEAR
LINEAR LINEAR</Name_array>
        <technique_common>
          <accessor source="#mixamorig_LeftToeBase-Interpolations-array" count="25">
            <param type="name"/>
          </accessor>
        </technique_common>
      </source>
      <sampler id="mixamorig_LeftToeBase-Matrix-animation-transform">
        <input semantic="INPUT" source="#mixamorig_LeftToeBase-Matrix-animation-input"/>
        <input semantic="OUTPUT" source="#mixamorig_LeftToeBase-Matrix-animation-output-transform"/>
        <input semantic="INTERPOLATION" source="#mixamorig_LeftToeBase-Interpolations"/>
      </sampler>
      <channel source="#mixamorig_LeftToeBase-Matrix-animation-transform" target="mixamorig_LeftToeBase/matrix"/>
    </animation>
    <animation id="mixamorig_RightUpLeg-anim" name="mixamorig_RightUpLeg">
      <source id="mixamorig_RightUpLeg-Matrix-animation-input">
        <float_array id="mixamorig_RightUpLeg-Matrix-animation-input-array" count="25">

0.000000 0.033333 0.066667 0.100000 0.133333 0.166667 0.200000 0.233333 0.266667 0.300000 0.333333 0.366667 0.400000 0.433333 0.466667 0.500000
0.533333 0.566667 0.600000 0.633333 0.666667 0.700000 0.733333 0.766667 0.800000</float_array>
        <technique_common>
          <accessor source="#mixamorig_RightUpLeg-Matrix-animation-input-array" count="25">
            <param name="TIME" type="float"/>
          </accessor>
        </technique_common>
      </source>
      <source id="mixamorig_RightUpLeg-Matrix-animation-output-transform">
        <float_array id="mixamorig_RightUpLeg-Matrix-animation-output-transform-array" count="400">

-0.925054 -0.368116 0.093624 -12.883000 0.004650 0.235493 0.971865 -6.336200 -0.379807 0.899463 -0.216132 -1.092800 0.000000 0.000000 0.000000 1.000000
-0.923113 -0.371477 0.099333 -12.883000 0.015935 0.221147 0.975110 -6.336200 -0.384199 0.901720 -0.198224 -1.092800 0.000000 0.000000 0.000000 1.000000
-0.920545 -0.376067 0.105694 -12.883000 0.027535 0.207428 0.977863 -6.336200 -0.389666 0.903076 -0.180592 -1.092800 0.000000 0.000000 0.000000 1.000000
-0.917497 -0.381470 0.112608 -12.883000 0.038925 0.195641 0.979903 -6.336200 -0.395834 0.903441 -0.164651 -1.092800 0.000000 0.000000 0.000000 1.000000
-0.914121 -0.387235 0.120132 -12.883000 0.049613 0.187237 0.981061 -6.336200 -0.402395 0.902769 -0.151945 -1.092800 0.000000 0.000000 0.000000 1.000000
-0.910623 -0.392800 0.128353 -12.883000 0.059158 0.183488 0.981240 -6.336200 -0.408982 0.901133 -0.143851 -1.092800 0.000000 0.000000 0.000000 1.000000
-0.907190 -0.397654 0.137395 -12.883000 0.067240 0.185333 0.980373 -6.336200 -0.415313 0.898623 -0.141394 -1.092800 0.000000 0.000000 0.000000 1.000000
-0.903952 -0.401511 0.147173 -12.883000 0.073303 0.193577 0.978343 -6.336200 -0.421305 0.895163 -0.145552 -1.092800 0.000000 0.000000 0.000000 1.000000
-0.900903 -0.404564 0.157167 -12.883000 0.077149 0.207080 0.975277 -6.336200 -0.427108 0.890756 -0.155347 -1.092800 0.000000 0.000000 0.000000 1.000000
-0.898323 -0.406097 0.167630 -12.883000 0.080036 0.223899 0.971321 -6.336200 -0.431983 0.885976 -0.168631 -1.092800 0.000000 0.000000 0.000000 1.000000
-0.896390 -0.406148 0.177566 -12.883000 0.081487 0.242771 0.966655 -6.336200 -0.435713 0.880969 -0.184522 -1.092800 0.000000 0.000000 0.000000 1.000000
-0.895368 -0.404898 0.185404 -12.883000 0.080496 0.262322 0.961617 -6.336200 -0.437992 0.875925 -0.202282 -1.092800 0.000000 0.000000 0.000000 1.000000
-0.895549 -0.402343 0.190030 -12.883000 0.076726 0.281042 0.956624 -6.336200 -0.438297 0.871284 -0.220816 -1.092800 0.000000 0.000000 0.000000 1.000000
-0.896808 -0.398666 0.191835 -12.883000 0.070976 0.298344 0.951816 -6.336200 -0.436690 0.867212 -0.239262 -1.092800 0.000000 0.000000 0.000000 1.000000
-0.898901 -0.394154 0.191364 -12.883000 0.064101 0.313751 0.947339 -6.336200 -0.433438 0.863830 -0.256765 -1.092800 0.000000 0.000000 0.000000 1.000000
-0.901592 -0.389174 0.188880 -12.883000 0.056746 0.326455 0.943508 -6.336200 -0.428849 0.861377 -0.272246 -1.092800 0.000000 0.000000 0.000000 1.000000
-0.904620 -0.384056 0.184835 -12.883000 0.049547 0.335964 0.940571 -6.336200 -0.423330 0.860017 -0.284891 -1.092800 0.000000 0.000000 0.000000 1.000000
-0.907799 -0.379095 0.179412 -12.883000 0.042910 0.341580 0.938873 -6.336200 -0.417205 0.860006 -0.293819 -1.092800 0.000000 0.000000 0.000000 1.000000
-0.910950 -0.374690 0.172561 -12.883000 0.037164 0.342069 0.938940 -6.336200 -0.410839 0.861741 -0.297683 -1.092800 0.000000 0.000000 0.000000 1.000000
-0.913903 -0.371189 0.164315 -12.883000 0.032326 0.336950 0.940967 -6.336200 -0.404643 0.865265 -0.295941 -1.092800 0.000000 0.000000 0.000000 1.000000
-0.916732 -0.368716 0.153787 -12.883000 0.027277 0.326278 0.944880 -6.336200 -0.398570 0.870397 -0.289052 -1.092800 0.000000 0.000000 0.000000 1.000000
-0.919671 -0.367084 0.139483 -12.883000 0.020033 0.310878 0.950239 -6.336200 -0.392179 0.876701 -0.278552 -1.092800 0.000000 0.000000 0.000000 1.000000
-0.922264 -0.366440 0.123089 -12.883000 0.012423 0.290160 0.956897 -6.336200 -0.386361 0.884041 -0.263052 -1.092800 0.000000 0.000000 0.000000 1.000000
-0.924117 -0.366825 0.106990 -12.883000 0.006745 0.264294 0.964419 -6.336200 -0.382050 0.891957 -0.241764 -1.092800 0.000000 0.000000 0.000000 1.000000
-0.925054 -0.368116 0.093624 -12.883000 0.004650 0.235493 0.971865 -6.336200 -0.379807 0.899463 -0.216132 -1.092800 0.000000 0.000000 0.000000 1.000000</float_array>
        <technique_common>
          <accessor source="#mixamorig_RightUpLeg-Matrix-animation-output-transform-array" count="25" stride="16">
            <param type="float4x4"/>
          </accessor>
        </technique_common>
      </source>
      <source id="mixamorig_RightUpLeg-Interpolations">
        <Name_array id="mixamorig_RightUpLeg-Interpolations-array" count="25">
 LINEAR LINEAR LINEAR LINEAR LINEAR LINEAR LINEAR LINEAR LINEAR LINEAR LINEAR
LINEAR LINEAR LINEAR LINEAR LINEAR LINEAR LINEAR LINEAR LINEAR LINEAR LINEAR LINEAR
LINEAR LINEAR</Name_array>
        <technique_common>
          <accessor source="#mixamorig_RightUpLeg-Interpolations-array" count="25">
            <param type="name"/>
          </accessor>
        </technique_common>
      </source>
      <sampler id="mixamorig_RightUpLeg-Matrix-animation-transform">
        <input semantic="INPUT" source="#mixamorig_RightUpLeg-Matrix-animation-input"/>
        <input semantic="OUTPUT" source="#mixamorig_RightUpLeg-Matrix-animation-output-transform"/>
        <input semantic="INTERPOLATION" source="#mixamorig_RightUpLeg-Interpolations"/>
      </sampler>
      <channel source="#mixamorig_RightUpLeg-Matrix-animation-transform" target="mixamorig_RightUpLeg/matrix"/>
    </animation>
    <animation id="mixamorig_RightLeg-anim" name="mixamorig_RightLeg">
      <source id="mixamorig_RightLeg-Matrix-animation-input">
        <float_array id="mixamorig_RightLeg-Matrix-animation-input-array" count="25">

0.000000 0.033333 0.066667 0.100000 0.133333 0.166667 0.200000 0.233333 0.266667 0.300000 0.333333 0.366667 0.400000 0.433333 0.466667 0.500000
0.533333 0.566667 0.600000 0.633333 0.666667 0.700000 0.733333 0.766667 0.800000</float_array>
        <technique_common>
          <accessor source="#mixamorig_RightLeg-Matrix-animation-input-array" count="25">
            <param name="TIME" type="float"/>
          </accessor>
        </technique_common>
      </source>
      <source id="mixamorig_RightLeg-Matrix-animation-output-transform">
        <float_array id="mixamorig_RightLeg-Matrix-animation-output-transform-array" count="400">

0.983919 0.047063 -0.172303 -0.000000 0.119593 -0.890095 0.439804 46.951099 -0.132668 -0.453338 -0.881410 -0.000000 0.000000 0.000000 0.000000 1.000000
0.985139 0.043418 -0.166180 0.000000 0.114810 -0.886070 0.449108 46.951099 -0.127748 -0.461513 -0.877887 0.000000 0.000000 0.000000 0.000000 1.000000
0.985754 0.039864 -0.163401 -0.000000 0.111716 -0.881427 0.458918 46.951099 -0.125732 -0.470635 -0.873324 -0.000000 0.000000 0.000000 0.000000 1.000000
0.985927 0.036420 -0.163159 0.000000 0.109905 -0.876627 0.468450 46.951099 -0.125969 -0.479790 -0.868293 0.000000 0.000000 0.000000 0.000000 1.000000
0.985764 0.033105 -0.164846 0.000000 0.109024 -0.872230 0.476789 46.951099 -0.127999 -0.487973 -0.863422 -0.000000 0.000000 0.000000 0.000000 1.000000
0.985385 0.029952 -0.167690 0.000000 0.108606 -0.868857 0.483004 46.951099 -0.131232 -0.494156 -0.859411 0.000000 0.000000 0.000000 0.000000 1.000000
0.984897 0.026984 -0.171023 0.000000 0.108207 -0.867038 0.486349 46.951099 -0.135160 -0.497510 -0.856864 0.000000 0.000000 0.000000 0.000000 1.000000
0.984287 0.024346 -0.174888 0.000000 0.107825 -0.867212 0.486125 46.951099 -0.139829 -0.497344 -0.856211 0.000000 0.000000 0.000000 0.000000 1.000000
0.983568 0.022166 -0.179175 0.000000 0.107524 -0.869148 0.482721 46.951099 -0.145029 -0.494055 -0.857249 0.000000 0.000000 0.000000 0.000000 1.000000
0.983246 0.020053 -0.181178 0.000000 0.105745 -0.872342 0.477323 46.951099 -0.148478 -0.488484 -0.859847 0.000000 0.000000 0.000000 0.000000 1.000000
0.983219 0.018289 -0.181512 0.000000 0.103129 -0.876448 0.470323 46.951099 -0.150484 -0.481149 -0.863626 0.000000 0.000000 0.000000 0.000000 1.000000
0.983270 0.017353 -0.181327 0.000000 0.100748 -0.881141 0.461996 46.951099 -0.151758 -0.472535 -0.868148 0.000000 0.000000 0.000000 0.000000 1.000000
0.983355 0.017464 -0.180851 0.000000 0.099030 -0.886046 0.452897 46.951099 -0.152333 -0.463268 -0.873028 0.000000 0.000000 0.000000 0.000000 1.000000
0.983600 0.018330 -0.179429 -0.000000 0.097518 -0.890922 0.443562 46.951099 -0.151727 -0.453786 -0.878099 0.000000 0.000000 0.000000 0.000000 1.000000
0.984099 0.019635 -0.176534 -0.000000 0.095812 -0.895562 0.434499 46.951099 -0.149566 -0.444503 -0.883203 -0.000000 0.000000 0.000000 0.000000 1.000000
0.984865 0.021189 -0.172025 0.000000 0.093809 -0.899729 0.426248 46.951099 -0.145744 -0.435934 -0.888099 0.000000 0.000000 0.000000 0.000000 1.000000
0.985856 0.022822 -0.166035 0.000000 0.091514 -0.903261 0.419219 46.951099 -0.140405 -0.428483 -0.892574 0.000000 0.000000 0.000000 0.000000 1.000000
0.986985 0.024472 -0.158942 0.000000 0.089102 -0.905994 0.413806 46.951099 -0.133874 -0.422582 -0.896383 -0.000000 0.000000 0.000000 0.000000 1.000000
0.988111 0.026150 -0.151503 0.000000 0.086976 -0.907656 0.410604 46.951099 -0.126775 -0.418899 -0.899139 -0.000000 0.000000 0.000000 0.000000 1.000000
0.989059 0.027934 -0.144853 0.000000 0.085676 -0.908109 0.409875 46.951099 -0.120093 -0.417801 -0.900567 0.000000 0.000000 0.000000 0.000000 1.000000
0.989530 0.030325 -0.141106 0.000000 0.086483 -0.907303 0.411488 46.951099 -0.115547 -0.419383 -0.900426 0.000000 0.000000 0.000000 0.000000 1.000000
0.989106 0.034154 -0.143187 0.000000 0.091318 -0.905287 0.414870 46.951099 -0.115455 -0.423426 -0.898544 0.000000 0.000000 0.000000 0.000000 1.000000
0.987851 0.038817 -0.150475 0.000000 0.099504 -0.901772 0.420603 46.951099 -0.119368 -0.430466 -0.894679 0.000000 0.000000 0.000000 0.000000 1.000000
0.985979 0.043421 -0.161123 -0.000000 0.109600 -0.896600 0.429065 46.951099 -0.125833 -0.440708 -0.888787 0.000000 0.000000 0.000000 0.000000 1.000000
0.983919 0.047063 -0.172303 -0.000000 0.119593 -0.890095 0.439804 46.951099 -0.132668 -0.453338 -0.881410 -0.000000 0.000000 0.000000 0.000000 1.000000</float_array>
        <technique_common>
          <accessor source="#mixamorig_RightLeg-Matrix-animation-output-transform-array" count="25" stride="16">
            <param type="float4x4"/>
          </accessor>
        </technique_common>
      </source>
      <source id="mixamorig_RightLeg-Interpolations">
        <Name_array id="mixamorig_RightLeg-Interpolations-array" count="25">
 LINEAR LINEAR LINEAR LINEAR LINEAR LINEAR LINEAR LINEAR LINEAR LINEAR LINEAR
LINEAR LINEAR LINEAR LINEAR LINEAR LINEAR LINEAR LINEAR LINEAR LINEAR LINEAR LINEAR
LINEAR LINEAR</Name_array>
        <technique_common>
          <accessor source="#mixamorig_RightLeg-Interpolations-array" count="25">
            <param type="name"/>
          </accessor>
        </technique_common>
      </source>
      <sampler id="mixamorig_RightLeg-Matrix-animation-transform">
        <input semantic="INPUT" source="#mixamorig_RightLeg-Matrix-animation-input"/>
        <input semantic="OUTPUT" source="#mixamorig_RightLeg-Matrix-animation-output-transform"/>
        <input semantic="INTERPOLATION" source="#mixamorig_RightLeg-Interpolations"/>
      </sampler>
      <channel source="#mixamorig_RightLeg-Matrix-animation-transform" target="mixamorig_RightLeg/matrix"/>
    </animation>
    <animation id="mixamorig_RightFoot-anim" name="mixamorig_RightFoot">
      <source id="mixamorig_RightFoot-Matrix-animation-input">
        <float_array id="mixamorig_RightFoot-Matrix-animation-input-array" count="25">

0.000000 0.033333 0.066667 0.100000 0.133333 0.166667 0.200000 0.233333 0.266667 0.300000 0.333333 0.366667 0.400000 0.433333 0.466667 0.500000
0.533333 0.566667 0.600000 0.633333 0.666667 0.700000 0.733333 0.766667 0.800000</float_array>
        <technique_common>
          <accessor source="#mixamorig_RightFoot-Matrix-animation-input-array" count="25">
            <param name="TIME" type="float"/>
          </accessor>
        </technique_common>
      </source>
      <source id="mixamorig_RightFoot-Matrix-animation-output-transform">
        <float_array id="mixamorig_RightFoot-Matrix-animation-output-transform-array" count="400">

0.903562 -0.384659 0.188714 0.000000 0.406872 0.908367 -0.096561 55.112000 -0.134278 0.164031 0.977273 -0.000000 0.000000 0.000000 0.000000 1.000000
0.915150 -0.360565 0.180261 -0.000000 0.383642 0.916316 -0.114823 55.112000 -0.123775 0.174236 0.976894 0.000000 0.000000 0.000000 0.000000 1.000000
0.926512 -0.335158 0.171011 0.000000 0.358807 0.923834 -0.133371 55.112000 -0.113286 0.184929 0.976200 0.000000 0.000000 0.000000 0.000000 1.000000
0.937303 -0.309039 0.161116 0.000000 0.332889 0.930744 -0.151331 55.112000 -0.103191 0.195476 0.975264 0.000000 0.000000 0.000000 0.000000 1.000000
0.947228 -0.282862 0.150826 0.000000 0.306516 0.936956 -0.167814 55.112000 -0.093849 0.205189 0.974212 0.000000 0.000000 0.000000 0.000000 1.000000
0.956043 -0.257381 0.140492 0.000000 0.280467 0.942450 -0.182004 55.112000 -0.085562 0.213407 0.973209 0.000000 0.000000 0.000000 0.000000 1.000000
0.963626 -0.233246 0.130463 0.000000 0.255464 0.947296 -0.193309 55.112000 -0.078498 0.219606 0.972425 0.000000 0.000000 0.000000 0.000000 1.000000
0.969906 -0.210877 0.121713 0.000000 0.232153 0.951646 -0.201183 55.112000 -0.073403 0.223385 0.971963 0.000000 0.000000 0.000000 0.000000 1.000000
0.974876 -0.190987 0.114631 0.000000 0.211381 0.955511 -0.205709 55.112000 -0.070243 0.224772 0.971876 0.000000 0.000000 0.000000 0.000000 1.000000
0.978673 -0.175452 0.106847 0.000000 0.194528 0.958687 -0.207551 55.112000 -0.066018 0.223909 0.972371 -0.000000 0.000000 0.000000 0.000000 1.000000
0.981267 -0.164696 0.099950 0.000000 0.182412 0.961178 -0.207032 55.112000 -0.061972 0.221386 0.973215 -0.000000 0.000000 0.000000 0.000000 1.000000
0.982505 -0.159232 0.096584 0.000000 0.176154 0.962892 -0.204473 55.112000 -0.060441 0.217910 0.974096 0.000000 0.000000 0.000000 0.000000 1.000000
0.982321 -0.159474 0.098052 -0.000000 0.176461 0.963666 -0.200520 55.112000 -0.062511 0.214278 0.974770 -0.000000 0.000000 0.000000 0.000000 1.000000
0.980909 -0.164967 0.102968 -0.000000 0.182571 0.963563 -0.195487 55.112000 -0.066968 0.210554 0.975286 -0.000000 0.000000 0.000000 0.000000 1.000000
0.978428 -0.175021 0.109759 0.000000 0.193457 0.962625 -0.189546 55.112000 -0.072482 0.206690 0.975718 0.000000 0.000000 0.000000 0.000000 1.000000
0.974960 -0.188882 0.117376 0.000000 0.208174 0.960820 -0.182998 55.112000 -0.078212 0.202850 0.976081 0.000000 0.000000 0.000000 0.000000 1.000000
0.970669 -0.205453 0.124865 -0.000000 0.225476 0.958183 -0.176199 55.112000 -0.083443 0.199184 0.976403 0.000000 0.000000 0.000000 0.000000 1.000000
0.965666 -0.223866 0.131804 -0.000000 0.244467 0.954725 -0.169519 55.112000 -0.087887 0.195921 0.976673 0.000000 0.000000 0.000000 0.000000 1.000000
0.960105 -0.243136 0.138141 0.000000 0.264227 0.950503 -0.163488 55.112000 -0.091554 0.193466 0.976826 0.000000 0.000000 0.000000 0.000000 1.000000
0.954212 -0.262018 0.144311 -0.000000 0.283660 0.945737 -0.158489 55.112000 -0.094953 0.192167 0.976758 -0.000000 0.000000 0.000000 0.000000 1.000000
0.947184 -0.282583 0.151622 -0.000000 0.304827 0.940207 -0.151960 55.112000 -0.099615 0.190152 0.976688 0.000000 0.000000 0.000000 0.000000 1.000000
0.936939 -0.309911 0.161556 0.000000 0.332475 0.932860 -0.138685 55.112000 -0.107729 0.183653 0.977070 0.000000 0.000000 0.000000 0.000000 1.000000
0.924649 -0.339552 0.172421 0.000000 0.362171 0.924023 -0.122533 55.112000 -0.117715 0.175746 0.977372 0.000000 0.000000 0.000000 0.000000 1.000000
0.912573 -0.366104 0.182146 0.000000 0.388606 0.915091 -0.107677 55.112000 -0.127259 0.169046 0.977358 -0.000000 0.000000 0.000000 0.000000 1.000000
0.903562 -0.384659 0.188714 0.000000 0.406872 0.908367 -0.096561 55.112000 -0.134278 0.164031 0.977273 -0.000000 0.000000 0.000000 0.000000 1.000000</float_array>
        <technique_common>
          <accessor source="#mixamorig_RightFoot-Matrix-animation-output-transform-array" count="25" stride="16">
            <param type="float4x4"/>
          </accessor>
        </technique_common>
      </source>
      <source id="mixamorig_RightFoot-Interpolations">
        <Name_array id="mixamorig_RightFoot-Interpolations-array" count="25">
 LINEAR LINEAR LINEAR LINEAR LINEAR LINEAR LINEAR LINEAR LINEAR LINEAR LINEAR
LINEAR LINEAR LINEAR LINEAR LINEAR LINEAR LINEAR LINEAR LINEAR LINEAR LINEAR LINEAR
LINEAR LINEAR</Name_array>
        <technique_common>
          <accessor source="#mixamorig_RightFoot-Interpolations-array" count="25">
            <param type="name"/>
          </accessor>
        </technique_common>
      </source>
      <sampler id="mixamorig_RightFoot-Matrix-animation-transform">
        <input semantic="INPUT" source="#mixamorig_RightFoot-Matrix-animation-input"/>
        <input semantic="OUTPUT" source="#mixamorig_RightFoot-Matrix-animation-output-transform"/>
        <input semantic="INTERPOLATION" source="#mixamorig_RightFoot-Interpolations"/>
      </sampler>
      <channel source="#mixamorig_RightFoot-Matrix-animation-transform" target="mixamorig_RightFoot/matrix"/>
    </animation>
    <animation id="mixamorig_RightToeBase-anim" name="mixamorig_RightToeBase">
      <source id="mixamorig_RightToeBase-Matrix-animation-input">
        <float_array id="mixamorig_RightToeBase-Matrix-animation-input-array" count="25">

0.000000 0.033333 0.066667 0.100000 0.133333 0.166667 0.200000 0.233333 0.266667 0.300000 0.333333 0.366667 0.400000 0.433333 0.466667 0.500000
0.533333 0.566667 0.600000 0.633333 0.666667 0.700000 0.733333 0.766667 0.800000</float_array>
        <technique_common>
          <accessor source="#mixamorig_RightToeBase-Matrix-animation-input-array" count="25">
            <param name="TIME" type="float"/>
          </accessor>
        </technique_common>
      </source>
      <source id="mixamorig_RightToeBase-Matrix-animation-output-transform">
        <float_array id="mixamorig_RightToeBase-Matrix-animation-output-transform-array" count="400">

1.000000 -0.000001 0.000002 0.000000 0.000002 0.747453 -0.664314 22.799999 -0.000001 0.664314 0.747453 0.000000 0.000000 0.000000 0.000000 1.000000
1.000000 -0.000001 0.000000 0.000000 0.000001 0.747285 -0.664504 22.799999 0.000001 0.664504 0.747285 -0.000000 0.000000 0.000000 0.000000 1.000000
1.000000 -0.000002 0.000002 -0.000000 0.000002 0.746823 -0.665022 22.799999 -0.000000 0.665022 0.746823 -0.000000 0.000000 0.000000 0.000000 1.000000
1.000000 -0.000002 0.000002 0.000000 0.000002 0.746124 -0.665807 22.799999 0.000000 0.665807 0.746124 0.000000 0.000000 0.000000 0.000000 1.000000
1.000000 -0.000002 0.000001 -0.000000 0.000002 0.745236 -0.666801 22.799999 0.000000 0.666801 0.745236 0.000000 0.000000 0.000000 0.000000 1.000000
1.000000 -0.000002 0.000002 -0.000000 0.000003 0.744226 -0.667928 22.799999 0.000000 0.667928 0.744226 -0.000000 0.000000 0.000000 0.000000 1.000000
1.000000 -0.000002 0.000001 0.000000 0.000003 0.743158 -0.669116 22.799999 0.000001 0.669116 0.743158 0.000000 0.000000 0.000000 0.000000 1.000000
1.000000 -0.000002 0.000002 -0.000000 0.000003 0.742089 -0.670302 22.799999 0.000000 0.670302 0.742089 0.000000 0.000000 0.000000 0.000000 1.000000
1.000000 -0.000002 0.000001 0.000000 0.000002 0.741089 -0.671407 22.799999 0.000000 0.671407 0.741089 0.000000 0.000000 0.000000 0.000000 1.000000
1.000000 -0.000002 0.000001 0.000000 0.000002 0.740214 -0.672371 22.799999 0.000000 0.672371 0.740214 0.000000 0.000000 0.000000 0.000000 1.000000
1.000000 -0.000001 0.000001 0.000000 0.000002 0.739523 -0.673131 22.799999 0.000000 0.673131 0.739523 0.000000 0.000000 0.000000 0.000000 1.000000
1.000000 -0.000001 0.000001 -0.000000 0.000001 0.739095 -0.673601 22.799999 0.000000 0.673601 0.739095 -0.000000 0.000000 0.000000 0.000000 1.000000
1.000000 -0.000001 0.000002 0.000000 0.000002 0.738977 -0.673730 22.799999 -0.000000 0.673730 0.738977 0.000000 0.000000 0.000000 0.000000 1.000000
1.000000 -0.000001 0.000001 0.000000 0.000002 0.739136 -0.673556 22.799999 0.000000 0.673556 0.739136 0.000000 0.000000 0.000000 0.000000 1.000000
1.000000 -0.000001 0.000001 0.000000 0.000002 0.739528 -0.673125 22.799999 -0.000000 0.673125 0.739528 -0.000000 0.000000 0.000000 0.000000 1.000000
1.000000 -0.000001 0.000001 0.000000 0.000002 0.740120 -0.672475 22.799999 0.000000 0.672475 0.740120 0.000000 0.000000 0.000000 0.000000 1.000000
1.000000 -0.000001 0.000002 -0.000000 0.000002 0.740857 -0.671662 22.799999 -0.000000 0.671662 0.740857 0.000000 0.000000 0.000000 0.000000 1.000000
1.000000 -0.000002 0.000002 -0.000000 0.000002 0.741704 -0.670728 22.799999 0.000000 0.670728 0.741704 -0.000000 0.000000 0.000000 0.000000 1.000000
1.000000 -0.000002 0.000001 -0.000000 0.000002 0.742627 -0.669705 22.799999 0.000000 0.669705 0.742627 -0.000000 0.000000 0.000000 0.000000 1.000000
1.000000 -0.000002 0.000001 -0.000000 0.000003 0.743579 -0.668648 22.799999 0.000000 0.668648 0.743579 0.000000 0.000000 0.000000 0.000000 1.000000
1.000000 -0.000002 0.000001 0.000000 0.000002 0.744525 -0.667595 22.799999 0.000000 0.667595 0.744525 -0.000000 0.000000 0.000000 0.000000 1.000000
1.000000 -0.000002 0.000001 0.000000 0.000002 0.745424 -0.666591 22.799999 0.000001 0.666591 0.745424 0.000000 0.000000 0.000000 0.000000 1.000000
1.000000 -0.000002 0.000001 -0.000000 0.000002 0.746234 -0.665684 22.799999 0.000001 0.665684 0.746234 -0.000000 0.000000 0.000000 0.000000 1.000000
1.000000 -0.000002 0.000001 0.000000 0.000002 0.746922 -0.664912 22.799999 0.000000 0.664912 0.746922 0.000000 0.000000 0.000000 0.000000 1.000000
1.000000 -0.000001 0.000002 0.000000 0.000002 0.747453 -0.664314 22.799999 -0.000001 0.664314 0.747453 0.000000 0.000000 0.000000 0.000000 1.000000</float_array>
        <technique_common>
          <accessor source="#mixamorig_RightToeBase-Matrix-animation-output-transform-array" count="25" stride="16">
            <param type="float4x4"/>
          </accessor>
        </technique_common>
      </source>
      <source id="mixamorig_RightToeBase-Interpolations">
        <Name_array id="mixamorig_RightToeBase-Interpolations-array" count="25">
 LINEAR LINEAR LINEAR LINEAR LINEAR LINEAR LINEAR LINEAR LINEAR LINEAR LINEAR
LINEAR LINEAR LINEAR LINEAR LINEAR LINEAR LINEAR LINEAR LINEAR LINEAR LINEAR LINEAR
LINEAR LINEAR</Name_array>
        <technique_common>
          <accessor source="#mixamorig_RightToeBase-Interpolations-array" count="25">
            <param type="name"/>
          </accessor>
        </technique_common>
      </source>
      <sampler id="mixamorig_RightToeBase-Matrix-animation-transform">
        <input semantic="INPUT" source="#mixamorig_RightToeBase-Matrix-animation-input"/>
        <input semantic="OUTPUT" source="#mixamorig_RightToeBase-Matrix-animation-output-transform"/>
        <input semantic="INTERPOLATION" source="#mixamorig_RightToeBase-Interpolations"/>
      </sampler>
      <channel source="#mixamorig_RightToeBase-Matrix-animation-transform" target="mixamorig_RightToeBase/matrix"/>
    </animation>
    <animation id="mixamorig_L_C_skirt1-anim" name="mixamorig_L_C_skirt1">
      <source id="mixamorig_L_C_skirt1-Matrix-animation-input">
        <float_array id="mixamorig_L_C_skirt1-Matrix-animation-input-array" count="25">

0.000000 0.033333 0.066667 0.100000 0.133333 0.166667 0.200000 0.233333 0.266667 0.300000 0.333333 0.366667 0.400000 0.433333 0.466667 0.500000
0.533333 0.566667 0.600000 0.633333 0.666667 0.700000 0.733333 0.766667 0.800000</float_array>
        <technique_common>
          <accessor source="#mixamorig_L_C_skirt1-Matrix-animation-input-array" count="25">
            <param name="TIME" type="float"/>
          </accessor>
        </technique_common>
      </source>
      <source id="mixamorig_L_C_skirt1-Matrix-animation-output-transform">
        <float_array id="mixamorig_L_C_skirt1-Matrix-animation-output-transform-array" count="400">

0.035066 0.292039 0.955763 12.441200 -0.989026 0.147481 -0.008777 4.607000 -0.143520 -0.944967 0.294006 -11.833000 0.000000 0.000000 0.000000 1.000000
0.035066 0.292039 0.955763 12.441200 -0.989026 0.147481 -0.008777 4.607000 -0.143520 -0.944967 0.294006 -11.833000 0.000000 0.000000 0.000000 1.000000
0.035066 0.292039 0.955763 12.441200 -0.989026 0.147481 -0.008777 4.607000 -0.143520 -0.944967 0.294006 -11.833000 0.000000 0.000000 0.000000 1.000000
0.035066 0.292039 0.955763 12.441200 -0.989026 0.147481 -0.008777 4.607000 -0.143520 -0.944967 0.294006 -11.833000 0.000000 0.000000 0.000000 1.000000
0.035066 0.292039 0.955763 12.441200 -0.989026 0.147481 -0.008777 4.607000 -0.143520 -0.944967 0.294006 -11.833000 0.000000 0.000000 0.000000 1.000000
0.035066 0.292039 0.955763 12.441200 -0.989026 0.147481 -0.008777 4.607000 -0.143520 -0.944967 0.294006 -11.833000 0.000000 0.000000 0.000000 1.000000
0.035066 0.292039 0.955763 12.441200 -0.989026 0.147481 -0.008777 4.607000 -0.143520 -0.944967 0.294006 -11.833000 0.000000 0.000000 0.000000 1.000000
0.035066 0.292039 0.955763 12.441200 -0.989026 0.147481 -0.008777 4.607000 -0.143520 -0.944967 0.294006 -11.833000 0.000000 0.000000 0.000000 1.000000
0.035066 0.292039 0.955763 12.441200 -0.989026 0.147481 -0.008777 4.607000 -0.143520 -0.944967 0.294006 -11.833000 0.000000 0.000000 0.000000 1.000000
0.035066 0.292039 0.955763 12.441200 -0.989026 0.147481 -0.008777 4.607000 -0.143520 -0.944967 0.294006 -11.833000 0.000000 0.000000 0.000000 1.000000
0.035066 0.292039 0.955763 12.441200 -0.989026 0.147481 -0.008777 4.607000 -0.143520 -0.944967 0.294006 -11.833000 0.000000 0.000000 0.000000 1.000000
0.035066 0.292039 0.955763 12.441200 -0.989026 0.147481 -0.008777 4.607000 -0.143520 -0.944967 0.294006 -11.833000 0.000000 0.000000 0.000000 1.000000
0.035066 0.292039 0.955763 12.441200 -0.989026 0.147481 -0.008777 4.607000 -0.143520 -0.944967 0.294006 -11.833000 0.000000 0.000000 0.000000 1.000000
0.035066 0.292039 0.955763 12.441200 -0.989026 0.147481 -0.008777 4.607000 -0.143520 -0.944967 0.294006 -11.833000 0.000000 0.000000 0.000000 1.000000
0.035066 0.292039 0.955763 12.441200 -0.989026 0.147481 -0.008777 4.607000 -0.143520 -0.944967 0.294006 -11.833000 0.000000 0.000000 0.000000 1.000000
0.035066 0.292039 0.955763 12.441200 -0.989026 0.147481 -0.008777 4.607000 -0.143520 -0.944967 0.294006 -11.833000 0.000000 0.000000 0.000000 1.000000
0.035066 0.292039 0.955763 12.441200 -0.989026 0.147481 -0.008777 4.607000 -0.143520 -0.944967 0.294006 -11.833000 0.000000 0.000000 0.000000 1.000000
0.035066 0.292039 0.955763 12.441200 -0.989026 0.147481 -0.008777 4.607000 -0.143520 -0.944967 0.294006 -11.833000 0.000000 0.000000 0.000000 1.000000
0.035066 0.292039 0.955763 12.441200 -0.989026 0.147481 -0.008777 4.607000 -0.143520 -0.944967 0.294006 -11.833000 0.000000 0.000000 0.000000 1.000000
0.035066 0.292039 0.955763 12.441200 -0.989026 0.147481 -0.008777 4.607000 -0.143520 -0.944967 0.294006 -11.833000 0.000000 0.000000 0.000000 1.000000
0.035066 0.292039 0.955763 12.441200 -0.989026 0.147481 -0.008777 4.607000 -0.143520 -0.944967 0.294006 -11.833000 0.000000 0.000000 0.000000 1.000000
0.035066 0.292039 0.955763 12.441200 -0.989026 0.147481 -0.008777 4.607000 -0.143520 -0.944967 0.294006 -11.833000 0.000000 0.000000 0.000000 1.000000
0.035066 0.292039 0.955763 12.441200 -0.989026 0.147481 -0.008777 4.607000 -0.143520 -0.944967 0.294006 -11.833000 0.000000 0.000000 0.000000 1.000000
0.035066 0.292039 0.955763 12.441200 -0.989026 0.147481 -0.008777 4.607000 -0.143520 -0.944967 0.294006 -11.833000 0.000000 0.000000 0.000000 1.000000
0.035066 0.292039 0.955763 12.441200 -0.989026 0.147481 -0.008777 4.607000 -0.143520 -0.944967 0.294006 -11.833000 0.000000 0.000000 0.000000 1.000000</float_array>
        <technique_common>
          <accessor source="#mixamorig_L_C_skirt1-Matrix-animation-output-transform-array" count="25" stride="16">
            <param type="float4x4"/>
          </accessor>
        </technique_common>
      </source>
      <source id="mixamorig_L_C_skirt1-Interpolations">
        <Name_array id="mixamorig_L_C_skirt1-Interpolations-array" count="25">
 LINEAR LINEAR LINEAR LINEAR LINEAR LINEAR LINEAR LINEAR LINEAR LINEAR LINEAR
LINEAR LINEAR LINEAR LINEAR LINEAR LINEAR LINEAR LINEAR LINEAR LINEAR LINEAR LINEAR
LINEAR LINEAR</Name_array>
        <technique_common>
          <accessor source="#mixamorig_L_C_skirt1-Interpolations-array" count="25">
            <param type="name"/>
          </accessor>
        </technique_common>
      </source>
      <sampler id="mixamorig_L_C_skirt1-Matrix-animation-transform">
        <input semantic="INPUT" source="#mixamorig_L_C_skirt1-Matrix-animation-input"/>
        <input semantic="OUTPUT" source="#mixamorig_L_C_skirt1-Matrix-animation-output-transform"/>
        <input semantic="INTERPOLATION" source="#mixamorig_L_C_skirt1-Interpolations"/>
      </sampler>
      <channel source="#mixamorig_L_C_skirt1-Matrix-animation-transform" target="mixamorig_L_C_skirt1/matrix"/>
    </animation>
    <animation id="mixamorig_L_C_skirt2-anim" name="mixamorig_L_C_skirt2">
      <source id="mixamorig_L_C_skirt2-Matrix-animation-input">
        <float_array id="mixamorig_L_C_skirt2-Matrix-animation-input-array" count="25">

0.000000 0.033333 0.066667 0.100000 0.133333 0.166667 0.200000 0.233333 0.266667 0.300000 0.333333 0.366667 0.400000 0.433333 0.466667 0.500000
0.533333 0.566667 0.600000 0.633333 0.666667 0.700000 0.733333 0.766667 0.800000</float_array>
        <technique_common>
          <accessor source="#mixamorig_L_C_skirt2-Matrix-animation-input-array" count="25">
            <param name="TIME" type="float"/>
          </accessor>
        </technique_common>
      </source>
      <source id="mixamorig_L_C_skirt2-Matrix-animation-output-transform">
        <float_array id="mixamorig_L_C_skirt2-Matrix-animation-output-transform-array" count="400">

1.000000 -0.000000 -0.000000 27.657801 0.000000 1.000000 0.000000 0.000000 -0.000000 -0.000000 1.000000 0.000000 0.000000 0.000000 0.000000 1.000000
1.000000 0.000000 -0.000000 27.657801 0.000000 1.000000 0.000000 0.000000 -0.000000 -0.000000 1.000000 0.000000 0.000000 0.000000 0.000000 1.000000
1.000000 0.000000 0.000000 27.657801 0.000000 1.000000 0.000000 0.000000 0.000000 0.000000 1.000000 -0.000000 0.000000 0.000000 0.000000 1.000000
1.000000 0.000000 0.000000 27.657801 0.000000 1.000000 0.000000 0.000000 0.000000 -0.000000 1.000000 -0.000000 0.000000 0.000000 0.000000 1.000000
1.000000 0.000000 -0.000000 27.657801 0.000000 1.000000 0.000000 0.000000 0.000000 0.000000 1.000000 -0.000000 0.000000 0.000000 0.000000 1.000000
1.000000 -0.000000 -0.000000 27.657801 0.000000 1.000000 -0.000000 0.000000 0.000000 0.000000 1.000000 0.000000 0.000000 0.000000 0.000000 1.000000
1.000000 -0.000000 0.000000 27.657801 0.000000 1.000000 0.000000 0.000000 -0.000000 0.000000 1.000000 0.000000 0.000000 0.000000 0.000000 1.000000
1.000000 0.000000 0.000000 27.657801 -0.000000 1.000000 -0.000000 -0.000000 0.000000 -0.000000 1.000000 0.000000 0.000000 0.000000 0.000000 1.000000
1.000000 -0.000000 -0.000000 27.657801 -0.000000 1.000000 0.000000 0.000000 0.000000 0.000000 1.000000 0.000000 0.000000 0.000000 0.000000 1.000000
1.000000 -0.000000 0.000000 27.657801 0.000000 1.000000 0.000000 0.000000 0.000000 0.000000 1.000000 0.000000 0.000000 0.000000 0.000000 1.000000
1.000000 -0.000000 0.000000 27.657801 -0.000000 1.000000 0.000000 0.000000 0.000000 0.000000 1.000000 0.000000 0.000000 0.000000 0.000000 1.000000
1.000000 -0.000000 -0.000000 27.657801 -0.000000 1.000000 -0.000000 0.000000 0.000000 0.000000 1.000000 0.000000 0.000000 0.000000 0.000000 1.000000
1.000000 -0.000000 0.000000 27.657801 0.000000 1.000000 0.000000 0.000000 -0.000000 0.000000 1.000000 0.000000 0.000000 0.000000 0.000000 1.000000
1.000000 -0.000000 0.000000 27.657801 0.000000 1.000000 0.000000 0.000000 -0.000000 0.000000 1.000000 0.000000 0.000000 0.000000 0.000000 1.000000
1.000000 -0.000000 -0.000000 27.657801 -0.000000 1.000000 0.000000 0.000000 -0.000000 -0.000000 1.000000 0.000000 0.000000 0.000000 0.000000 1.000000
1.000000 -0.000000 -0.000000 27.657801 -0.000000 1.000000 -0.000000 0.000000 -0.000000 0.000000 1.000000 0.000000 0.000000 0.000000 0.000000 1.000000
1.000000 0.000000 -0.000000 27.657801 0.000000 1.000000 0.000000 0.000000 0.000000 0.000000 1.000000 -0.000000 0.000000 0.000000 0.000000 1.000000
1.000000 -0.000000 0.000000 27.657801 0.000000 1.000000 -0.000000 -0.000000 0.000000 0.000000 1.000000 0.000000 0.000000 0.000000 0.000000 1.000000
1.000000 -0.000000 0.000000 27.657801 0.000000 1.000000 0.000000 -0.000000 0.000000 -0.000000 1.000000 0.000000 0.000000 0.000000 0.000000 1.000000
1.000000 -0.000000 0.000000 27.657801 -0.000000 1.000000 0.000000 0.000000 0.000000 0.000000 1.000000 0.000000 0.000000 0.000000 0.000000 1.000000
1.000000 -0.000000 0.000000 27.657801 -0.000000 1.000000 -0.000000 0.000000 -0.000000 0.000000 1.000000 -0.000000 0.000000 0.000000 0.000000 1.000000
1.000000 -0.000000 0.000000 27.657801 0.000000 1.000000 -0.000000 0.000000 0.000000 0.000000 1.000000 0.000000 0.000000 0.000000 0.000000 1.000000
1.000000 -0.000000 0.000000 27.657801 0.000000 1.000000 0.000000 0.000000 0.000000 0.000000 1.000000 0.000000 0.000000 0.000000 0.000000 1.000000
1.000000 0.000000 0.000000 27.657801 -0.000000 1.000000 -0.000000 -0.000000 0.000000 0.000000 1.000000 -0.000000 0.000000 0.000000 0.000000 1.000000
1.000000 -0.000000 -0.000000 27.657801 0.000000 1.000000 0.000000 0.000000 -0.000000 -0.000000 1.000000 0.000000 0.000000 0.000000 0.000000 1.000000</float_array>
        <technique_common>
          <accessor source="#mixamorig_L_C_skirt2-Matrix-animation-output-transform-array" count="25" stride="16">
            <param type="float4x4"/>
          </accessor>
        </technique_common>
      </source>
      <source id="mixamorig_L_C_skirt2-Interpolations">
        <Name_array id="mixamorig_L_C_skirt2-Interpolations-array" count="25">
 LINEAR LINEAR LINEAR LINEAR LINEAR LINEAR LINEAR LINEAR LINEAR LINEAR LINEAR
LINEAR LINEAR LINEAR LINEAR LINEAR LINEAR LINEAR LINEAR LINEAR LINEAR LINEAR LINEAR
LINEAR LINEAR</Name_array>
        <technique_common>
          <accessor source="#mixamorig_L_C_skirt2-Interpolations-array" count="25">
            <param type="name"/>
          </accessor>
        </technique_common>
      </source>
      <sampler id="mixamorig_L_C_skirt2-Matrix-animation-transform">
        <input semantic="INPUT" source="#mixamorig_L_C_skirt2-Matrix-animation-input"/>
        <input semantic="OUTPUT" source="#mixamorig_L_C_skirt2-Matrix-animation-output-transform"/>
        <input semantic="INTERPOLATION" source="#mixamorig_L_C_skirt2-Interpolations"/>
      </sampler>
      <channel source="#mixamorig_L_C_skirt2-Matrix-animation-transform" target="mixamorig_L_C_skirt2/matrix"/>
    </animation>
    <animation id="mixamorig_L_C_skirt3-anim" name="mixamorig_L_C_skirt3">
      <source id="mixamorig_L_C_skirt3-Matrix-animation-input">
        <float_array id="mixamorig_L_C_skirt3-Matrix-animation-input-array" count="25">

0.000000 0.033333 0.066667 0.100000 0.133333 0.166667 0.200000 0.233333 0.266667 0.300000 0.333333 0.366667 0.400000 0.433333 0.466667 0.500000
0.533333 0.566667 0.600000 0.633333 0.666667 0.700000 0.733333 0.766667 0.800000</float_array>
        <technique_common>
          <accessor source="#mixamorig_L_C_skirt3-Matrix-animation-input-array" count="25">
            <param name="TIME" type="float"/>
          </accessor>
        </technique_common>
      </source>
      <source id="mixamorig_L_C_skirt3-Matrix-animation-output-transform">
        <float_array id="mixamorig_L_C_skirt3-Matrix-animation-output-transform-array" count="400">

1.000000 0.000000 0.000000 23.970100 0.000000 1.000000 0.000000 0.000000 -0.000000 -0.000000 1.000000 -0.000000 0.000000 0.000000 0.000000 1.000000
1.000000 0.000000 0.000000 23.970100 -0.000000 1.000000 0.000000 -0.000000 -0.000000 -0.000000 1.000000 0.000000 0.000000 0.000000 0.000000 1.000000
1.000000 -0.000000 0.000000 23.970100 0.000000 1.000000 0.000000 0.000000 -0.000000 0.000000 1.000000 0.000000 0.000000 0.000000 0.000000 1.000000
1.000000 -0.000000 -0.000000 23.970100 0.000000 1.000000 0.000000 0.000000 -0.000000 0.000000 1.000000 0.000000 0.000000 0.000000 0.000000 1.000000
1.000000 0.000000 0.000000 23.970100 -0.000000 1.000000 0.000000 -0.000000 0.000000 0.000000 1.000000 0.000000 0.000000 0.000000 0.000000 1.000000
1.000000 0.000000 0.000000 23.970100 0.000000 1.000000 -0.000000 0.000000 0.000000 0.000000 1.000000 0.000000 0.000000 0.000000 0.000000 1.000000
1.000000 0.000000 -0.000000 23.970100 -0.000000 1.000000 0.000000 0.000000 -0.000000 0.000000 1.000000 -0.000000 0.000000 0.000000 0.000000 1.000000
1.000000 -0.000000 0.000000 23.970100 -0.000000 1.000000 0.000000 0.000000 0.000000 -0.000000 1.000000 0.000000 0.000000 0.000000 0.000000 1.000000
1.000000 -0.000000 0.000000 23.970100 0.000000 1.000000 0.000000 0.000000 -0.000000 0.000000 1.000000 0.000000 0.000000 0.000000 0.000000 1.000000
1.000000 0.000000 0.000000 23.970100 0.000000 1.000000 0.000000 0.000000 0.000000 0.000000 1.000000 0.000000 0.000000 0.000000 0.000000 1.000000
1.000000 -0.000000 -0.000000 23.970100 -0.000000 1.000000 -0.000000 0.000000 0.000000 0.000000 1.000000 -0.000000 0.000000 0.000000 0.000000 1.000000
1.000000 0.000000 -0.000000 23.970100 -0.000000 1.000000 0.000000 0.000000 0.000000 0.000000 1.000000 0.000000 0.000000 0.000000 0.000000 1.000000
1.000000 0.000000 -0.000000 23.970100 -0.000000 1.000000 0.000000 0.000000 -0.000000 0.000000 1.000000 0.000000 0.000000 0.000000 0.000000 1.000000
1.000000 -0.000000 0.000000 23.970100 -0.000000 1.000000 0.000000 0.000000 -0.000000 0.000000 1.000000 0.000000 0.000000 0.000000 0.000000 1.000000
1.000000 0.000000 0.000000 23.970100 -0.000000 1.000000 0.000000 -0.000000 0.000000 0.000000 1.000000 0.000000 0.000000 0.000000 0.000000 1.000000
1.000000 -0.000000 -0.000000 23.970100 0.000000 1.000000 -0.000000 0.000000 0.000000 0.000000 1.000000 0.000000 0.000000 0.000000 0.000000 1.000000
1.000000 0.000000 0.000000 23.970100 0.000000 1.000000 0.000000 0.000000 0.000000 0.000000 1.000000 0.000000 0.000000 0.000000 0.000000 1.000000
1.000000 -0.000000 0.000000 23.970100 -0.000000 1.000000 0.000000 -0.000000 0.000000 0.000000 1.000000 0.000000 0.000000 0.000000 0.000000 1.000000
1.000000 -0.000000 0.000000 23.970100 0.000000 1.000000 0.000000 -0.000000 -0.000000 -0.000000 1.000000 -0.000000 0.000000 0.000000 0.000000 1.000000
1.000000 -0.000000 -0.000000 23.970100 -0.000000 1.000000 0.000000 -0.000000 0.000000 0.000000 1.000000 0.000000 0.000000 0.000000 0.000000 1.000000
1.000000 -0.000000 -0.000000 23.970100 -0.000000 1.000000 0.000000 0.000000 -0.000000 -0.000000 1.000000 0.000000 0.000000 0.000000 0.000000 1.000000
1.000000 -0.000000 0.000000 23.970100 0.000000 1.000000 -0.000000 0.000000 0.000000 0.000000 1.000000 0.000000 0.000000 0.000000 0.000000 1.000000
1.000000 0.000000 0.000000 23.970100 0.000000 1.000000 0.000000 0.000000 0.000000 0.000000 1.000000 0.000000 0.000000 0.000000 0.000000 1.000000
1.000000 0.000000 0.000000 23.970100 -0.000000 1.000000 -0.000000 0.000000 0.000000 0.000000 1.000000 0.000000 0.000000 0.000000 0.000000 1.000000
1.000000 0.000000 0.000000 23.970100 0.000000 1.000000 0.000000 0.000000 -0.000000 -0.000000 1.000000 -0.000000 0.000000 0.000000 0.000000 1.000000</float_array>
        <technique_common>
          <accessor source="#mixamorig_L_C_skirt3-Matrix-animation-output-transform-array" count="25" stride="16">
            <param type="float4x4"/>
          </accessor>
        </technique_common>
      </source>
      <source id="mixamorig_L_C_skirt3-Interpolations">
        <Name_array id="mixamorig_L_C_skirt3-Interpolations-array" count="25">
 LINEAR LINEAR LINEAR LINEAR LINEAR LINEAR LINEAR LINEAR LINEAR LINEAR LINEAR
LINEAR LINEAR LINEAR LINEAR LINEAR LINEAR LINEAR LINEAR LINEAR LINEAR LINEAR LINEAR
LINEAR LINEAR</Name_array>
        <technique_common>
          <accessor source="#mixamorig_L_C_skirt3-Interpolations-array" count="25">
            <param type="name"/>
          </accessor>
        </technique_common>
      </source>
      <sampler id="mixamorig_L_C_skirt3-Matrix-animation-transform">
        <input semantic="INPUT" source="#mixamorig_L_C_skirt3-Matrix-animation-input"/>
        <input semantic="OUTPUT" source="#mixamorig_L_C_skirt3-Matrix-animation-output-transform"/>
        <input semantic="INTERPOLATION" source="#mixamorig_L_C_skirt3-Interpolations"/>
      </sampler>
      <channel source="#mixamorig_L_C_skirt3-Matrix-animation-transform" target="mixamorig_L_C_skirt3/matrix"/>
    </animation>
    <animation id="mixamorig_L_A_skirt1-anim" name="mixamorig_L_A_skirt1">
      <source id="mixamorig_L_A_skirt1-Matrix-animation-input">
        <float_array id="mixamorig_L_A_skirt1-Matrix-animation-input-array" count="25">

0.000000 0.033333 0.066667 0.100000 0.133333 0.166667 0.200000 0.233333 0.266667 0.300000 0.333333 0.366667 0.400000 0.433333 0.466667 0.500000
0.533333 0.566667 0.600000 0.633333 0.666667 0.700000 0.733333 0.766667 0.800000</float_array>
        <technique_common>
          <accessor source="#mixamorig_L_A_skirt1-Matrix-animation-input-array" count="25">
            <param name="TIME" type="float"/>
          </accessor>
        </technique_common>
      </source>
      <source id="mixamorig_L_A_skirt1-Matrix-animation-output-transform">
        <float_array id="mixamorig_L_A_skirt1-Matrix-animation-output-transform-array" count="400">

0.142123 0.623442 -0.768844 18.178400 -0.988646 0.051128 -0.141295 3.981100 -0.048780 0.780196 0.623630 19.504801 0.000000 0.000000 0.000000 1.000000
0.142123 0.623442 -0.768844 18.178400 -0.988646 0.051128 -0.141295 3.981100 -0.048780 0.780196 0.623630 19.504801 0.000000 0.000000 0.000000 1.000000
0.142123 0.623442 -0.768844 18.178400 -0.988646 0.051128 -0.141295 3.981100 -0.048780 0.780196 0.623630 19.504801 0.000000 0.000000 0.000000 1.000000
0.142123 0.623442 -0.768844 18.178400 -0.988646 0.051128 -0.141295 3.981100 -0.048780 0.780196 0.623630 19.504801 0.000000 0.000000 0.000000 1.000000
0.142123 0.623442 -0.768844 18.178400 -0.988646 0.051128 -0.141295 3.981100 -0.048780 0.780196 0.623630 19.504801 0.000000 0.000000 0.000000 1.000000
0.142123 0.623442 -0.768844 18.178400 -0.988646 0.051128 -0.141295 3.981100 -0.048780 0.780196 0.623630 19.504801 0.000000 0.000000 0.000000 1.000000
0.142123 0.623442 -0.768844 18.178400 -0.988646 0.051128 -0.141295 3.981100 -0.048780 0.780196 0.623630 19.504801 0.000000 0.000000 0.000000 1.000000
0.142123 0.623442 -0.768844 18.178400 -0.988646 0.051128 -0.141295 3.981100 -0.048780 0.780196 0.623630 19.504801 0.000000 0.000000 0.000000 1.000000
0.142123 0.623442 -0.768844 18.178400 -0.988646 0.051128 -0.141295 3.981100 -0.048780 0.780196 0.623630 19.504801 0.000000 0.000000 0.000000 1.000000
0.142123 0.623442 -0.768844 18.178400 -0.988646 0.051128 -0.141295 3.981100 -0.048780 0.780196 0.623630 19.504801 0.000000 0.000000 0.000000 1.000000
0.142123 0.623442 -0.768844 18.178400 -0.988646 0.051128 -0.141295 3.981100 -0.048780 0.780196 0.623630 19.504801 0.000000 0.000000 0.000000 1.000000
0.142123 0.623442 -0.768844 18.178400 -0.988646 0.051128 -0.141295 3.981100 -0.048780 0.780196 0.623630 19.504801 0.000000 0.000000 0.000000 1.000000
0.142123 0.623442 -0.768844 18.178400 -0.988646 0.051128 -0.141295 3.981100 -0.048780 0.780196 0.623630 19.504801 0.000000 0.000000 0.000000 1.000000
0.142123 0.623442 -0.768844 18.178400 -0.988646 0.051128 -0.141295 3.981100 -0.048780 0.780196 0.623630 19.504801 0.000000 0.000000 0.000000 1.000000
0.142123 0.623442 -0.768844 18.178400 -0.988646 0.051128 -0.141295 3.981100 -0.048780 0.780196 0.623630 19.504801 0.000000 0.000000 0.000000 1.000000
0.142123 0.623442 -0.768844 18.178400 -0.988646 0.051128 -0.141295 3.981100 -0.048780 0.780196 0.623630 19.504801 0.000000 0.000000 0.000000 1.000000
0.142123 0.623442 -0.768844 18.178400 -0.988646 0.051128 -0.141295 3.981100 -0.048780 0.780196 0.623630 19.504801 0.000000 0.000000 0.000000 1.000000
0.142123 0.623442 -0.768844 18.178400 -0.988646 0.051128 -0.141295 3.981100 -0.048780 0.780196 0.623630 19.504801 0.000000 0.000000 0.000000 1.000000
0.142123 0.623442 -0.768844 18.178400 -0.988646 0.051128 -0.141295 3.981100 -0.048780 0.780196 0.623630 19.504801 0.000000 0.000000 0.000000 1.000000
0.142123 0.623442 -0.768844 18.178400 -0.988646 0.051128 -0.141295 3.981100 -0.048780 0.780196 0.623630 19.504801 0.000000 0.000000 0.000000 1.000000
0.142123 0.623442 -0.768844 18.178400 -0.988646 0.051128 -0.141295 3.981100 -0.048780 0.780196 0.623630 19.504801 0.000000 0.000000 0.000000 1.000000
0.142123 0.623442 -0.768844 18.178400 -0.988646 0.051128 -0.141295 3.981100 -0.048780 0.780196 0.623630 19.504801 0.000000 0.000000 0.000000 1.000000
0.142123 0.623442 -0.768844 18.178400 -0.988646 0.051128 -0.141295 3.981100 -0.048780 0.780196 0.623630 19.504801 0.000000 0.000000 0.000000 1.000000
0.142123 0.623442 -0.768844 18.178400 -0.988646 0.051128 -0.141295 3.981100 -0.048780 0.780196 0.623630 19.504801 0.000000 0.000000 0.000000 1.000000
0.142123 0.623442 -0.768844 18.178400 -0.988646 0.051128 -0.141295 3.981100 -0.048780 0.780196 0.623630 19.504801 0.000000 0.000000 0.000000 1.000000</float_array>
        <technique_common>
          <accessor source="#mixamorig_L_A_skirt1-Matrix-animation-output-transform-array" count="25" stride="16">
            <param type="float4x4"/>
          </accessor>
        </technique_common>
      </source>
      <source id="mixamorig_L_A_skirt1-Interpolations">
        <Name_array id="mixamorig_L_A_skirt1-Interpolations-array" count="25">
 LINEAR LINEAR LINEAR LINEAR LINEAR LINEAR LINEAR LINEAR LINEAR LINEAR LINEAR
LINEAR LINEAR LINEAR LINEAR LINEAR LINEAR LINEAR LINEAR LINEAR LINEAR LINEAR LINEAR
LINEAR LINEAR</Name_array>
        <technique_common>
          <accessor source="#mixamorig_L_A_skirt1-Interpolations-array" count="25">
            <param type="name"/>
          </accessor>
        </technique_common>
      </source>
      <sampler id="mixamorig_L_A_skirt1-Matrix-animation-transform">
        <input semantic="INPUT" source="#mixamorig_L_A_skirt1-Matrix-animation-input"/>
        <input semantic="OUTPUT" source="#mixamorig_L_A_skirt1-Matrix-animation-output-transform"/>
        <input semantic="INTERPOLATION" source="#mixamorig_L_A_skirt1-Interpolations"/>
      </sampler>
      <channel source="#mixamorig_L_A_skirt1-Matrix-animation-transform" target="mixamorig_L_A_skirt1/matrix"/>
    </animation>
    <animation id="mixamorig_L_A_skirt2-anim" name="mixamorig_L_A_skirt2">
      <source id="mixamorig_L_A_skirt2-Matrix-animation-input">
        <float_array id="mixamorig_L_A_skirt2-Matrix-animation-input-array" count="25">

0.000000 0.033333 0.066667 0.100000 0.133333 0.166667 0.200000 0.233333 0.266667 0.300000 0.333333 0.366667 0.400000 0.433333 0.466667 0.500000
0.533333 0.566667 0.600000 0.633333 0.666667 0.700000 0.733333 0.766667 0.800000</float_array>
        <technique_common>
          <accessor source="#mixamorig_L_A_skirt2-Matrix-animation-input-array" count="25">
            <param name="TIME" type="float"/>
          </accessor>
        </technique_common>
      </source>
      <source id="mixamorig_L_A_skirt2-Matrix-animation-output-transform">
        <float_array id="mixamorig_L_A_skirt2-Matrix-animation-output-transform-array" count="400">

1.000000 0.000000 -0.000000 27.335699 0.000000 1.000000 0.000000 0.000000 -0.000000 0.000000 1.000000 0.000000 0.000000 0.000000 0.000000 1.000000
1.000000 0.000000 -0.000000 27.335699 -0.000000 1.000000 0.000000 0.000000 -0.000000 0.000000 1.000000 0.000000 0.000000 0.000000 0.000000 1.000000
1.000000 0.000000 0.000000 27.335699 -0.000000 1.000000 -0.000000 0.000000 0.000000 -0.000000 1.000000 0.000000 0.000000 0.000000 0.000000 1.000000
1.000000 0.000000 -0.000000 27.335699 0.000000 1.000000 -0.000000 0.000000 -0.000000 0.000000 1.000000 0.000000 0.000000 0.000000 0.000000 1.000000
1.000000 0.000000 -0.000000 27.335699 0.000000 1.000000 0.000000 0.000000 0.000000 0.000000 1.000000 0.000000 0.000000 0.000000 0.000000 1.000000
1.000000 -0.000000 0.000000 27.335699 0.000000 1.000000 -0.000000 0.000000 0.000000 0.000000 1.000000 0.000000 0.000000 0.000000 0.000000 1.000000
1.000000 0.000000 -0.000000 27.335699 -0.000000 1.000000 0.000000 0.000000 -0.000000 0.000000 1.000000 -0.000000 0.000000 0.000000 0.000000 1.000000
1.000000 0.000000 0.000000 27.335699 0.000000 1.000000 -0.000000 -0.000000 -0.000000 0.000000 1.000000 0.000000 0.000000 0.000000 0.000000 1.000000
1.000000 0.000000 -0.000000 27.335699 0.000000 1.000000 -0.000000 0.000000 0.000000 -0.000000 1.000000 -0.000000 0.000000 0.000000 0.000000 1.000000
1.000000 0.000000 -0.000000 27.335699 0.000000 1.000000 -0.000000 0.000000 -0.000000 -0.000000 1.000000 0.000000 0.000000 0.000000 0.000000 1.000000
1.000000 0.000000 0.000000 27.335699 0.000000 1.000000 -0.000000 0.000000 0.000000 -0.000000 1.000000 -0.000000 0.000000 0.000000 0.000000 1.000000
1.000000 -0.000000 0.000000 27.335699 -0.000000 1.000000 -0.000000 0.000000 -0.000000 0.000000 1.000000 0.000000 0.000000 0.000000 0.000000 1.000000
1.000000 0.000000 0.000000 27.335699 0.000000 1.000000 0.000000 0.000000 -0.000000 -0.000000 1.000000 0.000000 0.000000 0.000000 0.000000 1.000000
1.000000 0.000000 -0.000000 27.335699 0.000000 1.000000 -0.000000 0.000000 -0.000000 0.000000 1.000000 -0.000000 0.000000 0.000000 0.000000 1.000000
1.000000 0.000000 0.000000 27.335699 0.000000 1.000000 0.000000 0.000000 0.000000 0.000000 1.000000 0.000000 0.000000 0.000000 0.000000 1.000000
1.000000 0.000000 0.000000 27.335699 0.000000 1.000000 -0.000000 0.000000 0.000000 0.000000 1.000000 0.000000 0.000000 0.000000 0.000000 1.000000
1.000000 0.000000 -0.000000 27.335699 0.000000 1.000000 -0.000000 0.000000 -0.000000 0.000000 1.000000 -0.000000 0.000000 0.000000 0.000000 1.000000
1.000000 -0.000000 0.000000 27.335699 -0.000000 1.000000 -0.000000 0.000000 0.000000 -0.000000 1.000000 0.000000 0.000000 0.000000 0.000000 1.000000
1.000000 -0.000000 0.000000 27.335699 0.000000 1.000000 0.000000 0.000000 -0.000000 0.000000 1.000000 0.000000 0.000000 0.000000 0.000000 1.000000
1.000000 -0.000000 -0.000000 27.335699 0.000000 1.000000 0.000000 0.000000 -0.000000 0.000000 1.000000 0.000000 0.000000 0.000000 0.000000 1.000000
1.000000 -0.000000 0.000000 27.335699 0.000000 1.000000 0.000000 0.000000 0.000000 0.000000 1.000000 0.000000 0.000000 0.000000 0.000000 1.000000
1.000000 0.000000 0.000000 27.335699 0.000000 1.000000 0.000000 0.000000 -0.000000 0.000000 1.000000 0.000000 0.000000 0.000000 0.000000 1.000000
1.000000 0.000000 -0.000000 27.335699 0.000000 1.000000 -0.000000 0.000000 -0.000000 0.000000 1.000000 0.000000 0.000000 0.000000 0.000000 1.000000
1.000000 -0.000000 0.000000 27.335699 -0.000000 1.000000 0.000000 0.000000 0.000000 -0.000000 1.000000 0.000000 0.000000 0.000000 0.000000 1.000000
1.000000 0.000000 -0.000000 27.335699 0.000000 1.000000 0.000000 0.000000 -0.000000 0.000000 1.000000 0.000000 0.000000 0.000000 0.000000 1.000000</float_array>
        <technique_common>
          <accessor source="#mixamorig_L_A_skirt2-Matrix-animation-output-transform-array" count="25" stride="16">
            <param type="float4x4"/>
          </accessor>
        </technique_common>
      </source>
      <source id="mixamorig_L_A_skirt2-Interpolations">
        <Name_array id="mixamorig_L_A_skirt2-Interpolations-array" count="25">
 LINEAR LINEAR LINEAR LINEAR LINEAR LINEAR LINEAR LINEAR LINEAR LINEAR LINEAR
LINEAR LINEAR LINEAR LINEAR LINEAR LINEAR LINEAR LINEAR LINEAR LINEAR LINEAR LINEAR
LINEAR LINEAR</Name_array>
        <technique_common>
          <accessor source="#mixamorig_L_A_skirt2-Interpolations-array" count="25">
            <param type="name"/>
          </accessor>
        </technique_common>
      </source>
      <sampler id="mixamorig_L_A_skirt2-Matrix-animation-transform">
        <input semantic="INPUT" source="#mixamorig_L_A_skirt2-Matrix-animation-input"/>
        <input semantic="OUTPUT" source="#mixamorig_L_A_skirt2-Matrix-animation-output-transform"/>
        <input semantic="INTERPOLATION" source="#mixamorig_L_A_skirt2-Interpolations"/>
      </sampler>
      <channel source="#mixamorig_L_A_skirt2-Matrix-animation-transform" target="mixamorig_L_A_skirt2/matrix"/>
    </animation>
    <animation id="mixamorig_L_A_skirt3-anim" name="mixamorig_L_A_skirt3">
      <source id="mixamorig_L_A_skirt3-Matrix-animation-input">
        <float_array id="mixamorig_L_A_skirt3-Matrix-animation-input-array" count="25">

0.000000 0.033333 0.066667 0.100000 0.133333 0.166667 0.200000 0.233333 0.266667 0.300000 0.333333 0.366667 0.400000 0.433333 0.466667 0.500000
0.533333 0.566667 0.600000 0.633333 0.666667 0.700000 0.733333 0.766667 0.800000</float_array>
        <technique_common>
          <accessor source="#mixamorig_L_A_skirt3-Matrix-animation-input-array" count="25">
            <param name="TIME" type="float"/>
          </accessor>
        </technique_common>
      </source>
      <source id="mixamorig_L_A_skirt3-Matrix-animation-output-transform">
        <float_array id="mixamorig_L_A_skirt3-Matrix-animation-output-transform-array" count="400">

1.000000 -0.000000 -0.000000 27.066099 0.000000 1.000000 0.000000 -0.000000 -0.000000 0.000000 1.000000 0.000000 0.000000 0.000000 0.000000 1.000000
1.000000 0.000000 -0.000000 27.066099 -0.000000 1.000000 0.000000 0.000000 0.000000 0.000000 1.000000 -0.000000 0.000000 0.000000 0.000000 1.000000
1.000000 0.000000 0.000000 27.066099 -0.000000 1.000000 0.000000 0.000000 0.000000 -0.000000 1.000000 -0.000000 0.000000 0.000000 0.000000 1.000000
1.000000 -0.000000 -0.000000 27.066099 0.000000 1.000000 -0.000000 0.000000 -0.000000 0.000000 1.000000 0.000000 0.000000 0.000000 0.000000 1.000000
1.000000 0.000000 -0.000000 27.066099 0.000000 1.000000 0.000000 0.000000 0.000000 0.000000 1.000000 0.000000 0.000000 0.000000 0.000000 1.000000
1.000000 -0.000000 0.000000 27.066099 0.000000 1.000000 0.000000 0.000000 0.000000 0.000000 1.000000 0.000000 0.000000 0.000000 0.000000 1.000000
1.000000 0.000000 -0.000000 27.066099 -0.000000 1.000000 0.000000 -0.000000 0.000000 0.000000 1.000000 0.000000 0.000000 0.000000 0.000000 1.000000
1.000000 0.000000 0.000000 27.066099 0.000000 1.000000 -0.000000 0.000000 -0.000000 0.000000 1.000000 -0.000000 0.000000 0.000000 0.000000 1.000000
1.000000 0.000000 -0.000000 27.066099 0.000000 1.000000 -0.000000 0.000000 0.000000 -0.000000 1.000000 -0.000000 0.000000 0.000000 0.000000 1.000000
1.000000 0.000000 -0.000000 27.066099 0.000000 1.000000 0.000000 0.000000 -0.000000 0.000000 1.000000 0.000000 0.000000 0.000000 0.000000 1.000000
1.000000 0.000000 0.000000 27.066099 0.000000 1.000000 -0.000000 -0.000000 0.000000 -0.000000 1.000000 0.000000 0.000000 0.000000 0.000000 1.000000
1.000000 -0.000000 -0.000000 27.066099 -0.000000 1.000000 -0.000000 0.000000 -0.000000 -0.000000 1.000000 0.000000 0.000000 0.000000 0.000000 1.000000
1.000000 0.000000 0.000000 27.066099 0.000000 1.000000 0.000000 0.000000 0.000000 0.000000 1.000000 0.000000 0.000000 0.000000 0.000000 1.000000
1.000000 0.000000 -0.000000 27.066099 0.000000 1.000000 -0.000000 0.000000 -0.000000 0.000000 1.000000 0.000000 0.000000 0.000000 0.000000 1.000000
1.000000 0.000000 -0.000000 27.066099 0.000000 1.000000 0.000000 0.000000 -0.000000 0.000000 1.000000 0.000000 0.000000 0.000000 0.000000 1.000000
1.000000 0.000000 0.000000 27.066099 0.000000 1.000000 -0.000000 0.000000 0.000000 0.000000 1.000000 -0.000000 0.000000 0.000000 0.000000 1.000000
1.000000 0.000000 -0.000000 27.066099 0.000000 1.000000 0.000000 0.000000 -0.000000 0.000000 1.000000 0.000000 0.000000 0.000000 0.000000 1.000000
1.000000 -0.000000 0.000000 27.066099 -0.000000 1.000000 0.000000 0.000000 0.000000 -0.000000 1.000000 0.000000 0.000000 0.000000 0.000000 1.000000
1.000000 -0.000000 0.000000 27.066099 -0.000000 1.000000 0.000000 -0.000000 -0.000000 -0.000000 1.000000 0.000000 0.000000 0.000000 0.000000 1.000000
1.000000 -0.000000 -0.000000 27.066099 0.000000 1.000000 0.000000 0.000000 -0.000000 0.000000 1.000000 0.000000 0.000000 0.000000 0.000000 1.000000
1.000000 -0.000000 0.000000 27.066099 -0.000000 1.000000 0.000000 -0.000000 0.000000 0.000000 1.000000 0.000000 0.000000 0.000000 0.000000 1.000000
1.000000 0.000000 0.000000 27.066099 0.000000 1.000000 0.000000 0.000000 -0.000000 0.000000 1.000000 -0.000000 0.000000 0.000000 0.000000 1.000000
1.000000 0.000000 -0.000000 27.066099 0.000000 1.000000 -0.000000 0.000000 0.000000 0.000000 1.000000 0.000000 0.000000 0.000000 0.000000 1.000000
1.000000 0.000000 -0.000000 27.066099 -0.000000 1.000000 0.000000 -0.000000 0.000000 0.000000 1.000000 0.000000 0.000000 0.000000 0.000000 1.000000
1.000000 -0.000000 -0.000000 27.066099 0.000000 1.000000 0.000000 -0.000000 -0.000000 0.000000 1.000000 0.000000 0.000000 0.000000 0.000000 1.000000</float_array>
        <technique_common>
          <accessor source="#mixamorig_L_A_skirt3-Matrix-animation-output-transform-array" count="25" stride="16">
            <param type="float4x4"/>
          </accessor>
        </technique_common>
      </source>
      <source id="mixamorig_L_A_skirt3-Interpolations">
        <Name_array id="mixamorig_L_A_skirt3-Interpolations-array" count="25">
 LINEAR LINEAR LINEAR LINEAR LINEAR LINEAR LINEAR LINEAR LINEAR LINEAR LINEAR
LINEAR LINEAR LINEAR LINEAR LINEAR LINEAR LINEAR LINEAR LINEAR LINEAR LINEAR LINEAR
LINEAR LINEAR</Name_array>
        <technique_common>
          <accessor source="#mixamorig_L_A_skirt3-Interpolations-array" count="25">
            <param type="name"/>
          </accessor>
        </technique_common>
      </source>
      <sampler id="mixamorig_L_A_skirt3-Matrix-animation-transform">
        <input semantic="INPUT" source="#mixamorig_L_A_skirt3-Matrix-animation-input"/>
        <input semantic="OUTPUT" source="#mixamorig_L_A_skirt3-Matrix-animation-output-transform"/>
        <input semantic="INTERPOLATION" source="#mixamorig_L_A_skirt3-Interpolations"/>
      </sampler>
      <channel source="#mixamorig_L_A_skirt3-Matrix-animation-transform" target="mixamorig_L_A_skirt3/matrix"/>
    </animation>
    <animation id="mixamorig_L_B_skirt1-anim" name="mixamorig_L_B_skirt1">
      <source id="mixamorig_L_B_skirt1-Matrix-animation-input">
        <float_array id="mixamorig_L_B_skirt1-Matrix-animation-input-array" count="25">

0.000000 0.033333 0.066667 0.100000 0.133333 0.166667 0.200000 0.233333 0.266667 0.300000 0.333333 0.366667 0.400000 0.433333 0.466667 0.500000
0.533333 0.566667 0.600000 0.633333 0.666667 0.700000 0.733333 0.766667 0.800000</float_array>
        <technique_common>
          <accessor source="#mixamorig_L_B_skirt1-Matrix-animation-input-array" count="25">
            <param name="TIME" type="float"/>
          </accessor>
        </technique_common>
      </source>
      <source id="mixamorig_L_B_skirt1-Matrix-animation-output-transform">
        <float_array id="mixamorig_L_B_skirt1-Matrix-animation-output-transform-array" count="400">

0.142186 0.942169 0.303482 22.933800 -0.985105 0.164643 -0.049605 6.145800 -0.096702 -0.291908 0.951545 0.309300 0.000000 0.000000 0.000000 1.000000
0.142186 0.942169 0.303482 22.933800 -0.985105 0.164643 -0.049605 6.145800 -0.096702 -0.291908 0.951545 0.309300 0.000000 0.000000 0.000000 1.000000
0.142186 0.942169 0.303482 22.933800 -0.985105 0.164643 -0.049605 6.145800 -0.096702 -0.291908 0.951545 0.309300 0.000000 0.000000 0.000000 1.000000
0.142186 0.942169 0.303482 22.933800 -0.985105 0.164643 -0.049605 6.145800 -0.096702 -0.291908 0.951545 0.309300 0.000000 0.000000 0.000000 1.000000
0.142186 0.942169 0.303482 22.933800 -0.985105 0.164643 -0.049605 6.145800 -0.096702 -0.291908 0.951545 0.309300 0.000000 0.000000 0.000000 1.000000
0.142186 0.942169 0.303482 22.933800 -0.985105 0.164643 -0.049605 6.145800 -0.096702 -0.291908 0.951545 0.309300 0.000000 0.000000 0.000000 1.000000
0.142186 0.942169 0.303482 22.933800 -0.985105 0.164643 -0.049605 6.145800 -0.096702 -0.291908 0.951545 0.309300 0.000000 0.000000 0.000000 1.000000
0.142186 0.942169 0.303482 22.933800 -0.985105 0.164643 -0.049605 6.145800 -0.096702 -0.291908 0.951545 0.309300 0.000000 0.000000 0.000000 1.000000
0.142186 0.942169 0.303482 22.933800 -0.985105 0.164643 -0.049605 6.145800 -0.096702 -0.291908 0.951545 0.309300 0.000000 0.000000 0.000000 1.000000
0.142186 0.942169 0.303482 22.933800 -0.985105 0.164643 -0.049605 6.145800 -0.096702 -0.291908 0.951545 0.309300 0.000000 0.000000 0.000000 1.000000
0.142186 0.942169 0.303482 22.933800 -0.985105 0.164643 -0.049605 6.145800 -0.096702 -0.291908 0.951545 0.309300 0.000000 0.000000 0.000000 1.000000
0.142186 0.942169 0.303482 22.933800 -0.985105 0.164643 -0.049605 6.145800 -0.096702 -0.291908 0.951545 0.309300 0.000000 0.000000 0.000000 1.000000
0.142186 0.942169 0.303482 22.933800 -0.985105 0.164643 -0.049605 6.145800 -0.096702 -0.291908 0.951545 0.309300 0.000000 0.000000 0.000000 1.000000
0.142186 0.942169 0.303482 22.933800 -0.985105 0.164643 -0.049605 6.145800 -0.096702 -0.291908 0.951545 0.309300 0.000000 0.000000 0.000000 1.000000
0.142186 0.942169 0.303482 22.933800 -0.985105 0.164643 -0.049605 6.145800 -0.096702 -0.291908 0.951545 0.309300 0.000000 0.000000 0.000000 1.000000
0.142186 0.942169 0.303482 22.933800 -0.985105 0.164643 -0.049605 6.145800 -0.096702 -0.291908 0.951545 0.309300 0.000000 0.000000 0.000000 1.000000
0.142186 0.942169 0.303482 22.933800 -0.985105 0.164643 -0.049605 6.145800 -0.096702 -0.291908 0.951545 0.309300 0.000000 0.000000 0.000000 1.000000
0.142186 0.942169 0.303482 22.933800 -0.985105 0.164643 -0.049605 6.145800 -0.096702 -0.291908 0.951545 0.309300 0.000000 0.000000 0.000000 1.000000
0.142186 0.942169 0.303482 22.933800 -0.985105 0.164643 -0.049605 6.145800 -0.096702 -0.291908 0.951545 0.309300 0.000000 0.000000 0.000000 1.000000
0.142186 0.942169 0.303482 22.933800 -0.985105 0.164643 -0.049605 6.145800 -0.096702 -0.291908 0.951545 0.309300 0.000000 0.000000 0.000000 1.000000
0.142186 0.942169 0.303482 22.933800 -0.985105 0.164643 -0.049605 6.145800 -0.096702 -0.291908 0.951545 0.309300 0.000000 0.000000 0.000000 1.000000
0.142186 0.942169 0.303482 22.933800 -0.985105 0.164643 -0.049605 6.145800 -0.096702 -0.291908 0.951545 0.309300 0.000000 0.000000 0.000000 1.000000
0.142186 0.942169 0.303482 22.933800 -0.985105 0.164643 -0.049605 6.145800 -0.096702 -0.291908 0.951545 0.309300 0.000000 0.000000 0.000000 1.000000
0.142186 0.942169 0.303482 22.933800 -0.985105 0.164643 -0.049605 6.145800 -0.096702 -0.291908 0.951545 0.309300 0.000000 0.000000 0.000000 1.000000
0.142186 0.942169 0.303482 22.933800 -0.985105 0.164643 -0.049605 6.145800 -0.096702 -0.291908 0.951545 0.309300 0.000000 0.000000 0.000000 1.000000</float_array>
        <technique_common>
          <accessor source="#mixamorig_L_B_skirt1-Matrix-animation-output-transform-array" count="25" stride="16">
            <param type="float4x4"/>
          </accessor>
        </technique_common>
      </source>
      <source id="mixamorig_L_B_skirt1-Interpolations">
        <Name_array id="mixamorig_L_B_skirt1-Interpolations-array" count="25">
 LINEAR LINEAR LINEAR LINEAR LINEAR LINEAR LINEAR LINEAR LINEAR LINEAR LINEAR
LINEAR LINEAR LINEAR LINEAR LINEAR LINEAR LINEAR LINEAR LINEAR LINEAR LINEAR LINEAR
LINEAR LINEAR</Name_array>
        <technique_common>
          <accessor source="#mixamorig_L_B_skirt1-Interpolations-array" count="25">
            <param type="name"/>
          </accessor>
        </technique_common>
      </source>
      <sampler id="mixamorig_L_B_skirt1-Matrix-animation-transform">
        <input semantic="INPUT" source="#mixamorig_L_B_skirt1-Matrix-animation-input"/>
        <input semantic="OUTPUT" source="#mixamorig_L_B_skirt1-Matrix-animation-output-transform"/>
        <input semantic="INTERPOLATION" source="#mixamorig_L_B_skirt1-Interpolations"/>
      </sampler>
      <channel source="#mixamorig_L_B_skirt1-Matrix-animation-transform" target="mixamorig_L_B_skirt1/matrix"/>
    </animation>
    <animation id="mixamorig_L_B_skirt2-anim" name="mixamorig_L_B_skirt2">
      <source id="mixamorig_L_B_skirt2-Matrix-animation-input">
        <float_array id="mixamorig_L_B_skirt2-Matrix-animation-input-array" count="25">

0.000000 0.033333 0.066667 0.100000 0.133333 0.166667 0.200000 0.233333 0.266667 0.300000 0.333333 0.366667 0.400000 0.433333 0.466667 0.500000
0.533333 0.566667 0.600000 0.633333 0.666667 0.700000 0.733333 0.766667 0.800000</float_array>
        <technique_common>
          <accessor source="#mixamorig_L_B_skirt2-Matrix-animation-input-array" count="25">
            <param name="TIME" type="float"/>
          </accessor>
        </technique_common>
      </source>
      <source id="mixamorig_L_B_skirt2-Matrix-animation-output-transform">
        <float_array id="mixamorig_L_B_skirt2-Matrix-animation-output-transform-array" count="400">

1.000000 0.000000 0.000000 27.083401 -0.000000 1.000000 0.000000 0.000000 0.000000 0.000000 1.000000 -0.000000 0.000000 0.000000 0.000000 1.000000
1.000000 0.000000 -0.000000 27.083401 0.000000 1.000000 0.000000 0.000000 -0.000000 -0.000000 1.000000 -0.000000 0.000000 0.000000 0.000000 1.000000
1.000000 0.000000 0.000000 27.083401 0.000000 1.000000 0.000000 0.000000 0.000000 0.000000 1.000000 0.000000 0.000000 0.000000 0.000000 1.000000
1.000000 0.000000 0.000000 27.083401 -0.000000 1.000000 0.000000 0.000000 0.000000 0.000000 1.000000 0.000000 0.000000 0.000000 0.000000 1.000000
1.000000 0.000000 -0.000000 27.083401 0.000000 1.000000 -0.000000 0.000000 0.000000 0.000000 1.000000 -0.000000 0.000000 0.000000 0.000000 1.000000
1.000000 0.000000 0.000000 27.083401 0.000000 1.000000 0.000000 0.000000 0.000000 0.000000 1.000000 0.000000 0.000000 0.000000 0.000000 1.000000
1.000000 0.000000 -0.000000 27.083401 0.000000 1.000000 0.000000 0.000000 0.000000 0.000000 1.000000 0.000000 0.000000 0.000000 0.000000 1.000000
1.000000 -0.000000 0.000000 27.083401 -0.000000 1.000000 0.000000 0.000000 0.000000 0.000000 1.000000 0.000000 0.000000 0.000000 0.000000 1.000000
1.000000 0.000000 0.000000 27.083401 0.000000 1.000000 0.000000 -0.000000 0.000000 0.000000 1.000000 -0.000000 0.000000 0.000000 0.000000 1.000000
1.000000 -0.000000 0.000000 27.083401 0.000000 1.000000 0.000000 0.000000 -0.000000 -0.000000 1.000000 0.000000 0.000000 0.000000 0.000000 1.000000
1.000000 -0.000000 0.000000 27.083401 0.000000 1.000000 -0.000000 0.000000 0.000000 -0.000000 1.000000 0.000000 0.000000 0.000000 0.000000 1.000000
1.000000 -0.000000 0.000000 27.083401 0.000000 1.000000 0.000000 0.000000 0.000000 0.000000 1.000000 -0.000000 0.000000 0.000000 0.000000 1.000000
1.000000 0.000000 -0.000000 27.083401 0.000000 1.000000 -0.000000 0.000000 -0.000000 0.000000 1.000000 0.000000 0.000000 0.000000 0.000000 1.000000
1.000000 -0.000000 -0.000000 27.083401 0.000000 1.000000 0.000000 -0.000000 0.000000 0.000000 1.000000 0.000000 0.000000 0.000000 0.000000 1.000000
1.000000 0.000000 -0.000000 27.083401 -0.000000 1.000000 0.000000 0.000000 -0.000000 -0.000000 1.000000 -0.000000 0.000000 0.000000 0.000000 1.000000
1.000000 -0.000000 0.000000 27.083401 0.000000 1.000000 -0.000000 0.000000 0.000000 0.000000 1.000000 0.000000 0.000000 0.000000 0.000000 1.000000
1.000000 0.000000 0.000000 27.083401 0.000000 1.000000 0.000000 0.000000 -0.000000 0.000000 1.000000 0.000000 0.000000 0.000000 0.000000 1.000000
1.000000 -0.000000 0.000000 27.083401 0.000000 1.000000 0.000000 0.000000 0.000000 0.000000 1.000000 0.000000 0.000000 0.000000 0.000000 1.000000
1.000000 -0.000000 0.000000 27.083401 -0.000000 1.000000 0.000000 0.000000 0.000000 0.000000 1.000000 0.000000 0.000000 0.000000 0.000000 1.000000
1.000000 -0.000000 -0.000000 27.083401 -0.000000 1.000000 -0.000000 0.000000 0.000000 0.000000 1.000000 -0.000000 0.000000 0.000000 0.000000 1.000000
1.000000 -0.000000 0.000000 27.083401 0.000000 1.000000 0.000000 0.000000 0.000000 0.000000 1.000000 0.000000 0.000000 0.000000 0.000000 1.000000
1.000000 0.000000 -0.000000 27.083401 0.000000 1.000000 -0.000000 0.000000 0.000000 0.000000 1.000000 0.000000 0.000000 0.000000 0.000000 1.000000
1.000000 -0.000000 0.000000 27.083401 0.000000 1.000000 -0.000000 0.000000 0.000000 0.000000 1.000000 -0.000000 0.000000 0.000000 0.000000 1.000000
1.000000 0.000000 0.000000 27.083401 0.000000 1.000000 0.000000 0.000000 0.000000 -0.000000 1.000000 0.000000 0.000000 0.000000 0.000000 1.000000
1.000000 0.000000 0.000000 27.083401 -0.000000 1.000000 0.000000 0.000000 0.000000 0.000000 1.000000 -0.000000 0.000000 0.000000 0.000000 1.000000</float_array>
        <technique_common>
          <accessor source="#mixamorig_L_B_skirt2-Matrix-animation-output-transform-array" count="25" stride="16">
            <param type="float4x4"/>
          </accessor>
        </technique_common>
      </source>
      <source id="mixamorig_L_B_skirt2-Interpolations">
        <Name_array id="mixamorig_L_B_skirt2-Interpolations-array" count="25">
 LINEAR LINEAR LINEAR LINEAR LINEAR LINEAR LINEAR LINEAR LINEAR LINEAR LINEAR
LINEAR LINEAR LINEAR LINEAR LINEAR LINEAR LINEAR LINEAR LINEAR LINEAR LINEAR LINEAR
LINEAR LINEAR</Name_array>
        <technique_common>
          <accessor source="#mixamorig_L_B_skirt2-Interpolations-array" count="25">
            <param type="name"/>
          </accessor>
        </technique_common>
      </source>
      <sampler id="mixamorig_L_B_skirt2-Matrix-animation-transform">
        <input semantic="INPUT" source="#mixamorig_L_B_skirt2-Matrix-animation-input"/>
        <input semantic="OUTPUT" source="#mixamorig_L_B_skirt2-Matrix-animation-output-transform"/>
        <input semantic="INTERPOLATION" source="#mixamorig_L_B_skirt2-Interpolations"/>
      </sampler>
      <channel source="#mixamorig_L_B_skirt2-Matrix-animation-transform" target="mixamorig_L_B_skirt2/matrix"/>
    </animation>
    <animation id="mixamorig_L_B_skirt3-anim" name="mixamorig_L_B_skirt3">
      <source id="mixamorig_L_B_skirt3-Matrix-animation-input">
        <float_array id="mixamorig_L_B_skirt3-Matrix-animation-input-array" count="25">

0.000000 0.033333 0.066667 0.100000 0.133333 0.166667 0.200000 0.233333 0.266667 0.300000 0.333333 0.366667 0.400000 0.433333 0.466667 0.500000
0.533333 0.566667 0.600000 0.633333 0.666667 0.700000 0.733333 0.766667 0.800000</float_array>
        <technique_common>
          <accessor source="#mixamorig_L_B_skirt3-Matrix-animation-input-array" count="25">
            <param name="TIME" type="float"/>
          </accessor>
        </technique_common>
      </source>
      <source id="mixamorig_L_B_skirt3-Matrix-animation-output-transform">
        <float_array id="mixamorig_L_B_skirt3-Matrix-animation-output-transform-array" count="400">

1.000000 0.000000 0.000000 26.734800 0.000000 1.000000 -0.000000 0.000000 0.000000 0.000000 1.000000 0.000000 0.000000 0.000000 0.000000 1.000000
1.000000 0.000000 -0.000000 26.734800 -0.000000 1.000000 0.000000 0.000000 -0.000000 -0.000000 1.000000 -0.000000 0.000000 0.000000 0.000000 1.000000
1.000000 0.000000 0.000000 26.734800 -0.000000 1.000000 0.000000 -0.000000 0.000000 0.000000 1.000000 0.000000 0.000000 0.000000 0.000000 1.000000
1.000000 -0.000000 -0.000000 26.734800 0.000000 1.000000 0.000000 0.000000 -0.000000 0.000000 1.000000 0.000000 0.000000 0.000000 0.000000 1.000000
1.000000 0.000000 0.000000 26.734800 0.000000 1.000000 -0.000000 -0.000000 0.000000 0.000000 1.000000 0.000000 0.000000 0.000000 0.000000 1.000000
1.000000 0.000000 0.000000 26.734800 0.000000 1.000000 0.000000 0.000000 0.000000 0.000000 1.000000 0.000000 0.000000 0.000000 0.000000 1.000000
1.000000 0.000000 0.000000 26.734800 0.000000 1.000000 -0.000000 0.000000 0.000000 0.000000 1.000000 0.000000 0.000000 0.000000 0.000000 1.000000
1.000000 0.000000 -0.000000 26.734800 -0.000000 1.000000 0.000000 0.000000 0.000000 0.000000 1.000000 0.000000 0.000000 0.000000 0.000000 1.000000
1.000000 -0.000000 -0.000000 26.734800 0.000000 1.000000 0.000000 0.000000 0.000000 0.000000 1.000000 0.000000 0.000000 0.000000 0.000000 1.000000
1.000000 -0.000000 0.000000 26.734800 -0.000000 1.000000 -0.000000 0.000000 0.000000 -0.000000 1.000000 0.000000 0.000000 0.000000 0.000000 1.000000
1.000000 0.000000 0.000000 26.734800 -0.000000 1.000000 -0.000000 -0.000000 -0.000000 -0.000000 1.000000 0.000000 0.000000 0.000000 0.000000 1.000000
1.000000 0.000000 -0.000000 26.734800 -0.000000 1.000000 0.000000 0.000000 0.000000 -0.000000 1.000000 0.000000 0.000000 0.000000 0.000000 1.000000
1.000000 0.000000 0.000000 26.734800 0.000000 1.000000 -0.000000 -0.000000 0.000000 0.000000 1.000000 0.000000 0.000000 0.000000 0.000000 1.000000
1.000000 -0.000000 0.000000 26.734800 -0.000000 1.000000 0.000000 0.000000 0.000000 0.000000 1.000000 0.000000 0.000000 0.000000 0.000000 1.000000
1.000000 -0.000000 0.000000 26.734800 -0.000000 1.000000 0.000000 0.000000 0.000000 -0.000000 1.000000 -0.000000 0.000000 0.000000 0.000000 1.000000
1.000000 0.000000 0.000000 26.734800 0.000000 1.000000 -0.000000 0.000000 0.000000 0.000000 1.000000 0.000000 0.000000 0.000000 0.000000 1.000000
1.000000 0.000000 0.000000 26.734800 0.000000 1.000000 0.000000 -0.000000 0.000000 0.000000 1.000000 0.000000 0.000000 0.000000 0.000000 1.000000
1.000000 -0.000000 0.000000 26.734800 0.000000 1.000000 0.000000 0.000000 0.000000 0.000000 1.000000 0.000000 0.000000 0.000000 0.000000 1.000000
1.000000 -0.000000 0.000000 26.734800 0.000000 1.000000 0.000000 0.000000 0.000000 0.000000 1.000000 0.000000 0.000000 0.000000 0.000000 1.000000
1.000000 0.000000 0.000000 26.734800 -0.000000 1.000000 0.000000 0.000000 0.000000 -0.000000 1.000000 -0.000000 0.000000 0.000000 0.000000 1.000000
1.000000 -0.000000 0.000000 26.734800 -0.000000 1.000000 -0.000000 0.000000 0.000000 0.000000 1.000000 0.000000 0.000000 0.000000 0.000000 1.000000
1.000000 0.000000 0.000000 26.734800 0.000000 1.000000 0.000000 0.000000 0.000000 0.000000 1.000000 0.000000 0.000000 0.000000 0.000000 1.000000
1.000000 0.000000 0.000000 26.734800 -0.000000 1.000000 0.000000 -0.000000 0.000000 -0.000000 1.000000 0.000000 0.000000 0.000000 0.000000 1.000000
1.000000 -0.000000 0.000000 26.734800 0.000000 1.000000 0.000000 0.000000 0.000000 -0.000000 1.000000 -0.000000 0.000000 0.000000 0.000000 1.000000
1.000000 0.000000 0.000000 26.734800 0.000000 1.000000 -0.000000 0.000000 0.000000 0.000000 1.000000 0.000000 0.000000 0.000000 0.000000 1.000000</float_array>
        <technique_common>
          <accessor source="#mixamorig_L_B_skirt3-Matrix-animation-output-transform-array" count="25" stride="16">
            <param type="float4x4"/>
          </accessor>
        </technique_common>
      </source>
      <source id="mixamorig_L_B_skirt3-Interpolations">
        <Name_array id="mixamorig_L_B_skirt3-Interpolations-array" count="25">
 LINEAR LINEAR LINEAR LINEAR LINEAR LINEAR LINEAR LINEAR LINEAR LINEAR LINEAR
LINEAR LINEAR LINEAR LINEAR LINEAR LINEAR LINEAR LINEAR LINEAR LINEAR LINEAR LINEAR
LINEAR LINEAR</Name_array>
        <technique_common>
          <accessor source="#mixamorig_L_B_skirt3-Interpolations-array" count="25">
            <param type="name"/>
          </accessor>
        </technique_common>
      </source>
      <sampler id="mixamorig_L_B_skirt3-Matrix-animation-transform">
        <input semantic="INPUT" source="#mixamorig_L_B_skirt3-Matrix-animation-input"/>
        <input semantic="OUTPUT" source="#mixamorig_L_B_skirt3-Matrix-animation-output-transform"/>
        <input semantic="INTERPOLATION" source="#mixamorig_L_B_skirt3-Interpolations"/>
      </sampler>
      <channel source="#mixamorig_L_B_skirt3-Matrix-animation-transform" target="mixamorig_L_B_skirt3/matrix"/>
    </animation>
    <animation id="mixamorig_R_C_skirt1-anim" name="mixamorig_R_C_skirt1">
      <source id="mixamorig_R_C_skirt1-Matrix-animation-input">
        <float_array id="mixamorig_R_C_skirt1-Matrix-animation-input-array" count="25">

0.000000 0.033333 0.066667 0.100000 0.133333 0.166667 0.200000 0.233333 0.266667 0.300000 0.333333 0.366667 0.400000 0.433333 0.466667 0.500000
0.533333 0.566667 0.600000 0.633333 0.666667 0.700000 0.733333 0.766667 0.800000</float_array>
        <technique_common>
          <accessor source="#mixamorig_R_C_skirt1-Matrix-animation-input-array" count="25">
            <param name="TIME" type="float"/>
          </accessor>
        </technique_common>
      </source>
      <source id="mixamorig_R_C_skirt1-Matrix-animation-output-transform">
        <float_array id="mixamorig_R_C_skirt1-Matrix-animation-output-transform-array" count="400">

-0.035070 -0.292039 0.955763 -12.297300 -0.989026 0.147482 0.008774 4.606800 -0.143520 -0.944967 -0.294006 -11.833000 0.000000 0.000000 0.000000 1.000000
-0.035070 -0.292039 0.955763 -12.297300 -0.989026 0.147482 0.008774 4.606800 -0.143520 -0.944967 -0.294006 -11.833000 0.000000 0.000000 0.000000 1.000000
-0.035070 -0.292039 0.955763 -12.297300 -0.989026 0.147482 0.008774 4.606800 -0.143520 -0.944967 -0.294006 -11.833000 0.000000 0.000000 0.000000 1.000000
-0.035070 -0.292039 0.955763 -12.297300 -0.989026 0.147482 0.008774 4.606800 -0.143520 -0.944967 -0.294006 -11.833000 0.000000 0.000000 0.000000 1.000000
-0.035070 -0.292039 0.955763 -12.297300 -0.989026 0.147482 0.008774 4.606800 -0.143520 -0.944967 -0.294006 -11.833000 0.000000 0.000000 0.000000 1.000000
-0.035070 -0.292039 0.955763 -12.297300 -0.989026 0.147482 0.008774 4.606800 -0.143520 -0.944967 -0.294006 -11.833000 0.000000 0.000000 0.000000 1.000000
-0.035070 -0.292039 0.955763 -12.297300 -0.989026 0.147482 0.008774 4.606800 -0.143520 -0.944967 -0.294006 -11.833000 0.000000 0.000000 0.000000 1.000000
-0.035070 -0.292039 0.955763 -12.297300 -0.989026 0.147482 0.008774 4.606800 -0.143520 -0.944967 -0.294006 -11.833000 0.000000 0.000000 0.000000 1.000000
-0.035070 -0.292039 0.955763 -12.297300 -0.989026 0.147482 0.008774 4.606800 -0.143520 -0.944967 -0.294006 -11.833000 0.000000 0.000000 0.000000 1.000000
-0.035070 -0.292039 0.955763 -12.297300 -0.989026 0.147482 0.008774 4.606800 -0.143520 -0.944967 -0.294006 -11.833000 0.000000 0.000000 0.000000 1.000000
-0.035070 -0.292039 0.955763 -12.297300 -0.989026 0.147482 0.008774 4.606800 -0.143520 -0.944967 -0.294006 -11.833000 0.000000 0.000000 0.000000 1.000000
-0.035070 -0.292039 0.955763 -12.297300 -0.989026 0.147482 0.008774 4.606800 -0.143520 -0.944967 -0.294006 -11.833000 0.000000 0.000000 0.000000 1.000000
-0.035070 -0.292039 0.955763 -12.297300 -0.989026 0.147482 0.008774 4.606800 -0.143520 -0.944967 -0.294006 -11.833000 0.000000 0.000000 0.000000 1.000000
-0.035070 -0.292039 0.955763 -12.297300 -0.989026 0.147482 0.008774 4.606800 -0.143520 -0.944967 -0.294006 -11.833000 0.000000 0.000000 0.000000 1.000000
-0.035070 -0.292039 0.955763 -12.297300 -0.989026 0.147482 0.008774 4.606800 -0.143520 -0.944967 -0.294006 -11.833000 0.000000 0.000000 0.000000 1.000000
-0.035070 -0.292039 0.955763 -12.297300 -0.989026 0.147482 0.008774 4.606800 -0.143520 -0.944967 -0.294006 -11.833000 0.000000 0.000000 0.000000 1.000000
-0.035070 -0.292039 0.955763 -12.297300 -0.989026 0.147482 0.008774 4.606800 -0.143520 -0.944967 -0.294006 -11.833000 0.000000 0.000000 0.000000 1.000000
-0.035070 -0.292039 0.955763 -12.297300 -0.989026 0.147482 0.008774 4.606800 -0.143520 -0.944967 -0.294006 -11.833000 0.000000 0.000000 0.000000 1.000000
-0.035070 -0.292039 0.955763 -12.297300 -0.989026 0.147482 0.008774 4.606800 -0.143520 -0.944967 -0.294006 -11.833000 0.000000 0.000000 0.000000 1.000000
-0.035070 -0.292039 0.955763 -12.297300 -0.989026 0.147482 0.008774 4.606800 -0.143520 -0.944967 -0.294006 -11.833000 0.000000 0.000000 0.000000 1.000000
-0.035070 -0.292039 0.955763 -12.297300 -0.989026 0.147482 0.008774 4.606800 -0.143520 -0.944967 -0.294006 -11.833000 0.000000 0.000000 0.000000 1.000000
-0.035070 -0.292039 0.955763 -12.297300 -0.989026 0.147482 0.008774 4.606800 -0.143520 -0.944967 -0.294006 -11.833000 0.000000 0.000000 0.000000 1.000000
-0.035070 -0.292039 0.955763 -12.297300 -0.989026 0.147482 0.008774 4.606800 -0.143520 -0.944967 -0.294006 -11.833000 0.000000 0.000000 0.000000 1.000000
-0.035070 -0.292039 0.955763 -12.297300 -0.989026 0.147482 0.008774 4.606800 -0.143520 -0.944967 -0.294006 -11.833000 0.000000 0.000000 0.000000 1.000000
-0.035070 -0.292039 0.955763 -12.297300 -0.989026 0.147482 0.008774 4.606800 -0.143520 -0.944967 -0.294006 -11.833000 0.000000 0.000000 0.000000 1.000000</float_array>
        <technique_common>
          <accessor source="#mixamorig_R_C_skirt1-Matrix-animation-output-transform-array" count="25" stride="16">
            <param type="float4x4"/>
          </accessor>
        </technique_common>
      </source>
      <source id="mixamorig_R_C_skirt1-Interpolations">
        <Name_array id="mixamorig_R_C_skirt1-Interpolations-array" count="25">
 LINEAR LINEAR LINEAR LINEAR LINEAR LINEAR LINEAR LINEAR LINEAR LINEAR LINEAR
LINEAR LINEAR LINEAR LINEAR LINEAR LINEAR LINEAR LINEAR LINEAR LINEAR LINEAR LINEAR
LINEAR LINEAR</Name_array>
        <technique_common>
          <accessor source="#mixamorig_R_C_skirt1-Interpolations-array" count="25">
            <param type="name"/>
          </accessor>
        </technique_common>
      </source>
      <sampler id="mixamorig_R_C_skirt1-Matrix-animation-transform">
        <input semantic="INPUT" source="#mixamorig_R_C_skirt1-Matrix-animation-input"/>
        <input semantic="OUTPUT" source="#mixamorig_R_C_skirt1-Matrix-animation-output-transform"/>
        <input semantic="INTERPOLATION" source="#mixamorig_R_C_skirt1-Interpolations"/>
      </sampler>
      <channel source="#mixamorig_R_C_skirt1-Matrix-animation-transform" target="mixamorig_R_C_skirt1/matrix"/>
    </animation>
    <animation id="mixamorig_R_C_skirt2-anim" name="mixamorig_R_C_skirt2">
      <source id="mixamorig_R_C_skirt2-Matrix-animation-input">
        <float_array id="mixamorig_R_C_skirt2-Matrix-animation-input-array" count="25">

0.000000 0.033333 0.066667 0.100000 0.133333 0.166667 0.200000 0.233333 0.266667 0.300000 0.333333 0.366667 0.400000 0.433333 0.466667 0.500000
0.533333 0.566667 0.600000 0.633333 0.666667 0.700000 0.733333 0.766667 0.800000</float_array>
        <technique_common>
          <accessor source="#mixamorig_R_C_skirt2-Matrix-animation-input-array" count="25">
            <param name="TIME" type="float"/>
          </accessor>
        </technique_common>
      </source>
      <source id="mixamorig_R_C_skirt2-Matrix-animation-output-transform">
        <float_array id="mixamorig_R_C_skirt2-Matrix-animation-output-transform-array" count="400">

1.000000 0.000000 0.000000 27.657600 0.000000 1.000000 0.000000 0.000100 -0.000000 -0.000000 1.000000 0.000000 0.000000 0.000000 0.000000 1.000000
1.000000 -0.000000 0.000000 27.657600 -0.000000 1.000000 -0.000000 0.000100 0.000000 0.000000 1.000000 0.000000 0.000000 0.000000 0.000000 1.000000
1.000000 -0.000000 0.000000 27.657600 -0.000000 1.000000 0.000000 0.000100 0.000000 0.000000 1.000000 0.000000 0.000000 0.000000 0.000000 1.000000
1.000000 -0.000000 -0.000000 27.657600 -0.000000 1.000000 0.000000 0.000100 -0.000000 -0.000000 1.000000 0.000000 0.000000 0.000000 0.000000 1.000000
1.000000 -0.000000 -0.000000 27.657600 -0.000000 1.000000 0.000000 0.000100 0.000000 -0.000000 1.000000 0.000000 0.000000 0.000000 0.000000 1.000000
1.000000 -0.000000 0.000000 27.657600 -0.000000 1.000000 0.000000 0.000100 0.000000 0.000000 1.000000 0.000000 0.000000 0.000000 0.000000 1.000000
1.000000 -0.000000 0.000000 27.657600 0.000000 1.000000 0.000000 0.000100 0.000000 0.000000 1.000000 0.000000 0.000000 0.000000 0.000000 1.000000
1.000000 0.000000 0.000000 27.657600 0.000000 1.000000 0.000000 0.000100 -0.000000 -0.000000 1.000000 0.000000 0.000000 0.000000 0.000000 1.000000
1.000000 0.000000 -0.000000 27.657600 0.000000 1.000000 0.000000 0.000100 0.000000 0.000000 1.000000 0.000000 0.000000 0.000000 0.000000 1.000000
1.000000 0.000000 0.000000 27.657600 -0.000000 1.000000 -0.000000 0.000100 0.000000 -0.000000 1.000000 0.000000 0.000000 0.000000 0.000000 1.000000
1.000000 -0.000000 0.000000 27.657600 0.000000 1.000000 0.000000 0.000100 -0.000000 0.000000 1.000000 -0.000000 0.000000 0.000000 0.000000 1.000000
1.000000 0.000000 0.000000 27.657600 -0.000000 1.000000 0.000000 0.000100 -0.000000 -0.000000 1.000000 0.000000 0.000000 0.000000 0.000000 1.000000
1.000000 0.000000 0.000000 27.657600 0.000000 1.000000 -0.000000 0.000100 0.000000 -0.000000 1.000000 0.000000 0.000000 0.000000 0.000000 1.000000
1.000000 0.000000 0.000000 27.657600 0.000000 1.000000 0.000000 0.000100 -0.000000 0.000000 1.000000 0.000000 0.000000 0.000000 0.000000 1.000000
1.000000 0.000000 -0.000000 27.657600 -0.000000 1.000000 0.000000 0.000100 0.000000 -0.000000 1.000000 0.000000 0.000000 0.000000 0.000000 1.000000
1.000000 0.000000 -0.000000 27.657600 0.000000 1.000000 -0.000000 0.000100 -0.000000 0.000000 1.000000 0.000000 0.000000 0.000000 0.000000 1.000000
1.000000 0.000000 0.000000 27.657600 0.000000 1.000000 0.000000 0.000100 0.000000 0.000000 1.000000 0.000000 0.000000 0.000000 0.000000 1.000000
1.000000 -0.000000 0.000000 27.657600 0.000000 1.000000 0.000000 0.000100 -0.000000 0.000000 1.000000 -0.000000 0.000000 0.000000 0.000000 1.000000
1.000000 -0.000000 0.000000 27.657600 -0.000000 1.000000 -0.000000 0.000100 0.000000 0.000000 1.000000 0.000000 0.000000 0.000000 0.000000 1.000000
1.000000 0.000000 -0.000000 27.657600 0.000000 1.000000 0.000000 0.000100 -0.000000 0.000000 1.000000 0.000000 0.000000 0.000000 0.000000 1.000000
1.000000 0.000000 0.000000 27.657600 -0.000000 1.000000 0.000000 0.000100 -0.000000 0.000000 1.000000 0.000000 0.000000 0.000000 0.000000 1.000000
1.000000 -0.000000 -0.000000 27.657600 -0.000000 1.000000 0.000000 0.000100 0.000000 -0.000000 1.000000 0.000000 0.000000 0.000000 0.000000 1.000000
1.000000 0.000000 -0.000000 27.657600 0.000000 1.000000 -0.000000 0.000100 0.000000 0.000000 1.000000 0.000000 0.000000 0.000000 0.000000 1.000000
1.000000 -0.000000 0.000000 27.657600 0.000000 1.000000 0.000000 0.000100 0.000000 0.000000 1.000000 0.000000 0.000000 0.000000 0.000000 1.000000
1.000000 0.000000 0.000000 27.657600 0.000000 1.000000 0.000000 0.000100 -0.000000 -0.000000 1.000000 0.000000 0.000000 0.000000 0.000000 1.000000</float_array>
        <technique_common>
          <accessor source="#mixamorig_R_C_skirt2-Matrix-animation-output-transform-array" count="25" stride="16">
            <param type="float4x4"/>
          </accessor>
        </technique_common>
      </source>
      <source id="mixamorig_R_C_skirt2-Interpolations">
        <Name_array id="mixamorig_R_C_skirt2-Interpolations-array" count="25">
 LINEAR LINEAR LINEAR LINEAR LINEAR LINEAR LINEAR LINEAR LINEAR LINEAR LINEAR
LINEAR LINEAR LINEAR LINEAR LINEAR LINEAR LINEAR LINEAR LINEAR LINEAR LINEAR LINEAR
LINEAR LINEAR</Name_array>
        <technique_common>
          <accessor source="#mixamorig_R_C_skirt2-Interpolations-array" count="25">
            <param type="name"/>
          </accessor>
        </technique_common>
      </source>
      <sampler id="mixamorig_R_C_skirt2-Matrix-animation-transform">
        <input semantic="INPUT" source="#mixamorig_R_C_skirt2-Matrix-animation-input"/>
        <input semantic="OUTPUT" source="#mixamorig_R_C_skirt2-Matrix-animation-output-transform"/>
        <input semantic="INTERPOLATION" source="#mixamorig_R_C_skirt2-Interpolations"/>
      </sampler>
      <channel source="#mixamorig_R_C_skirt2-Matrix-animation-transform" target="mixamorig_R_C_skirt2/matrix"/>
    </animation>
    <animation id="mixamorig_R_C_skirt3-anim" name="mixamorig_R_C_skirt3">
      <source id="mixamorig_R_C_skirt3-Matrix-animation-input">
        <float_array id="mixamorig_R_C_skirt3-Matrix-animation-input-array" count="25">

0.000000 0.033333 0.066667 0.100000 0.133333 0.166667 0.200000 0.233333 0.266667 0.300000 0.333333 0.366667 0.400000 0.433333 0.466667 0.500000
0.533333 0.566667 0.600000 0.633333 0.666667 0.700000 0.733333 0.766667 0.800000</float_array>
        <technique_common>
          <accessor source="#mixamorig_R_C_skirt3-Matrix-animation-input-array" count="25">
            <param name="TIME" type="float"/>
          </accessor>
        </technique_common>
      </source>
      <source id="mixamorig_R_C_skirt3-Matrix-animation-output-transform">
        <float_array id="mixamorig_R_C_skirt3-Matrix-animation-output-transform-array" count="400">

1.000000 0.000000 0.000000 23.969999 0.000000 1.000000 0.000000 0.000000 -0.000000 -0.000000 1.000000 0.000100 0.000000 0.000000 0.000000 1.000000
1.000000 0.000000 0.000000 23.969999 0.000000 1.000000 0.000000 -0.000000 0.000000 0.000000 1.000000 0.000100 0.000000 0.000000 0.000000 1.000000
1.000000 0.000000 0.000000 23.969999 -0.000000 1.000000 0.000000 0.000000 -0.000000 0.000000 1.000000 0.000100 0.000000 0.000000 0.000000 1.000000
1.000000 -0.000000 0.000000 23.969999 -0.000000 1.000000 0.000000 0.000000 0.000000 -0.000000 1.000000 0.000100 0.000000 0.000000 0.000000 1.000000
1.000000 0.000000 -0.000000 23.969999 -0.000000 1.000000 0.000000 0.000000 -0.000000 0.000000 1.000000 0.000100 0.000000 0.000000 0.000000 1.000000
1.000000 -0.000000 0.000000 23.969999 -0.000000 1.000000 0.000000 0.000000 0.000000 0.000000 1.000000 0.000100 0.000000 0.000000 0.000000 1.000000
1.000000 -0.000000 0.000000 23.969999 0.000000 1.000000 0.000000 0.000000 0.000000 0.000000 1.000000 0.000100 0.000000 0.000000 0.000000 1.000000
1.000000 0.000000 0.000000 23.969999 -0.000000 1.000000 0.000000 -0.000000 0.000000 -0.000000 1.000000 0.000100 0.000000 0.000000 0.000000 1.000000
1.000000 -0.000000 0.000000 23.969999 0.000000 1.000000 0.000000 0.000000 -0.000000 0.000000 1.000000 0.000100 0.000000 0.000000 0.000000 1.000000
1.000000 -0.000000 0.000000 23.969999 0.000000 1.000000 -0.000000 0.000000 -0.000000 -0.000000 1.000000 0.000100 0.000000 0.000000 0.000000 1.000000
1.000000 -0.000000 0.000000 23.969999 0.000000 1.000000 -0.000000 0.000000 0.000000 0.000000 1.000000 0.000100 0.000000 0.000000 0.000000 1.000000
1.000000 0.000000 0.000000 23.969999 -0.000000 1.000000 0.000000 0.000000 -0.000000 -0.000000 1.000000 0.000100 0.000000 0.000000 0.000000 1.000000
1.000000 0.000000 0.000000 23.969999 0.000000 1.000000 -0.000000 0.000000 -0.000000 0.000000 1.000000 0.000100 0.000000 0.000000 0.000000 1.000000
1.000000 -0.000000 0.000000 23.969999 -0.000000 1.000000 0.000000 0.000000 -0.000000 0.000000 1.000000 0.000100 0.000000 0.000000 0.000000 1.000000
1.000000 0.000000 -0.000000 23.969999 0.000000 1.000000 0.000000 0.000000 0.000000 -0.000000 1.000000 0.000100 0.000000 0.000000 0.000000 1.000000
1.000000 -0.000000 -0.000000 23.969999 -0.000000 1.000000 -0.000000 0.000000 0.000000 0.000000 1.000000 0.000100 0.000000 0.000000 0.000000 1.000000
1.000000 0.000000 0.000000 23.969999 0.000000 1.000000 0.000000 -0.000000 0.000000 0.000000 1.000000 0.000100 0.000000 0.000000 0.000000 1.000000
1.000000 0.000000 -0.000000 23.969999 0.000000 1.000000 0.000000 0.000000 0.000000 0.000000 1.000000 0.000100 0.000000 0.000000 0.000000 1.000000
1.000000 0.000000 -0.000000 23.969999 -0.000000 1.000000 0.000000 0.000000 -0.000000 0.000000 1.000000 0.000100 0.000000 0.000000 0.000000 1.000000
1.000000 0.000000 -0.000000 23.969999 -0.000000 1.000000 0.000000 0.000000 0.000000 -0.000000 1.000000 0.000100 0.000000 0.000000 0.000000 1.000000
1.000000 0.000000 -0.000000 23.969999 -0.000000 1.000000 0.000000 0.000000 0.000000 0.000000 1.000000 0.000100 0.000000 0.000000 0.000000 1.000000
1.000000 0.000000 -0.000000 23.969999 -0.000000 1.000000 -0.000000 -0.000000 0.000000 -0.000000 1.000000 0.000100 0.000000 0.000000 0.000000 1.000000
1.000000 0.000000 -0.000000 23.969999 0.000000 1.000000 0.000000 -0.000000 0.000000 0.000000 1.000000 0.000100 0.000000 0.000000 0.000000 1.000000
1.000000 -0.000000 0.000000 23.969999 0.000000 1.000000 0.000000 0.000000 0.000000 0.000000 1.000000 0.000100 0.000000 0.000000 0.000000 1.000000
1.000000 0.000000 0.000000 23.969999 0.000000 1.000000 0.000000 0.000000 -0.000000 -0.000000 1.000000 0.000100 0.000000 0.000000 0.000000 1.000000</float_array>
        <technique_common>
          <accessor source="#mixamorig_R_C_skirt3-Matrix-animation-output-transform-array" count="25" stride="16">
            <param type="float4x4"/>
          </accessor>
        </technique_common>
      </source>
      <source id="mixamorig_R_C_skirt3-Interpolations">
        <Name_array id="mixamorig_R_C_skirt3-Interpolations-array" count="25">
 LINEAR LINEAR LINEAR LINEAR LINEAR LINEAR LINEAR LINEAR LINEAR LINEAR LINEAR
LINEAR LINEAR LINEAR LINEAR LINEAR LINEAR LINEAR LINEAR LINEAR LINEAR LINEAR LINEAR
LINEAR LINEAR</Name_array>
        <technique_common>
          <accessor source="#mixamorig_R_C_skirt3-Interpolations-array" count="25">
            <param type="name"/>
          </accessor>
        </technique_common>
      </source>
      <sampler id="mixamorig_R_C_skirt3-Matrix-animation-transform">
        <input semantic="INPUT" source="#mixamorig_R_C_skirt3-Matrix-animation-input"/>
        <input semantic="OUTPUT" source="#mixamorig_R_C_skirt3-Matrix-animation-output-transform"/>
        <input semantic="INTERPOLATION" source="#mixamorig_R_C_skirt3-Interpolations"/>
      </sampler>
      <channel source="#mixamorig_R_C_skirt3-Matrix-animation-transform" target="mixamorig_R_C_skirt3/matrix"/>
    </animation>
    <animation id="mixamorig_R_A_skirt1-anim" name="mixamorig_R_A_skirt1">
      <source id="mixamorig_R_A_skirt1-Matrix-animation-input">
        <float_array id="mixamorig_R_A_skirt1-Matrix-animation-input-array" count="25">

0.000000 0.033333 0.066667 0.100000 0.133333 0.166667 0.200000 0.233333 0.266667 0.300000 0.333333 0.366667 0.400000 0.433333 0.466667 0.500000
0.533333 0.566667 0.600000 0.633333 0.666667 0.700000 0.733333 0.766667 0.800000</float_array>
        <technique_common>
          <accessor source="#mixamorig_R_A_skirt1-Matrix-animation-input-array" count="25">
            <param name="TIME" type="float"/>
          </accessor>
        </technique_common>
      </source>
      <source id="mixamorig_R_A_skirt1-Matrix-animation-output-transform">
        <float_array id="mixamorig_R_A_skirt1-Matrix-animation-output-transform-array" count="400">

-0.142126 -0.623440 -0.768845 -18.034500 -0.988646 0.051130 0.141298 3.980800 -0.048780 0.780197 -0.623629 19.504801 0.000000 0.000000 0.000000 1.000000
-0.142126 -0.623440 -0.768845 -18.034500 -0.988646 0.051130 0.141298 3.980800 -0.048780 0.780197 -0.623629 19.504801 0.000000 0.000000 0.000000 1.000000
-0.142126 -0.623440 -0.768845 -18.034500 -0.988646 0.051130 0.141298 3.980800 -0.048780 0.780197 -0.623629 19.504801 0.000000 0.000000 0.000000 1.000000
-0.142126 -0.623440 -0.768845 -18.034500 -0.988646 0.051130 0.141298 3.980800 -0.048780 0.780197 -0.623629 19.504801 0.000000 0.000000 0.000000 1.000000
-0.142126 -0.623440 -0.768845 -18.034500 -0.988646 0.051130 0.141298 3.980800 -0.048780 0.780197 -0.623629 19.504801 0.000000 0.000000 0.000000 1.000000
-0.142126 -0.623440 -0.768845 -18.034500 -0.988646 0.051130 0.141298 3.980800 -0.048780 0.780197 -0.623629 19.504801 0.000000 0.000000 0.000000 1.000000
-0.142126 -0.623440 -0.768845 -18.034500 -0.988646 0.051130 0.141298 3.980800 -0.048780 0.780197 -0.623629 19.504801 0.000000 0.000000 0.000000 1.000000
-0.142126 -0.623440 -0.768845 -18.034500 -0.988646 0.051130 0.141298 3.980800 -0.048780 0.780197 -0.623629 19.504801 0.000000 0.000000 0.000000 1.000000
-0.142126 -0.623440 -0.768845 -18.034500 -0.988646 0.051130 0.141298 3.980800 -0.048780 0.780197 -0.623629 19.504801 0.000000 0.000000 0.000000 1.000000
-0.142126 -0.623440 -0.768845 -18.034500 -0.988646 0.051130 0.141298 3.980800 -0.048780 0.780197 -0.623629 19.504801 0.000000 0.000000 0.000000 1.000000
-0.142126 -0.623440 -0.768845 -18.034500 -0.988646 0.051130 0.141298 3.980800 -0.048780 0.780197 -0.623629 19.504801 0.000000 0.000000 0.000000 1.000000
-0.142126 -0.623440 -0.768845 -18.034500 -0.988646 0.051130 0.141298 3.980800 -0.048780 0.780197 -0.623629 19.504801 0.000000 0.000000 0.000000 1.000000
-0.142126 -0.623440 -0.768845 -18.034500 -0.988646 0.051130 0.141298 3.980800 -0.048780 0.780197 -0.623629 19.504801 0.000000 0.000000 0.000000 1.000000
-0.142126 -0.623440 -0.768845 -18.034500 -0.988646 0.051130 0.141298 3.980800 -0.048780 0.780197 -0.623629 19.504801 0.000000 0.000000 0.000000 1.000000
-0.142126 -0.623440 -0.768845 -18.034500 -0.988646 0.051130 0.141298 3.980800 -0.048780 0.780197 -0.623629 19.504801 0.000000 0.000000 0.000000 1.000000
-0.142126 -0.623440 -0.768845 -18.034500 -0.988646 0.051130 0.141298 3.980800 -0.048780 0.780197 -0.623629 19.504801 0.000000 0.000000 0.000000 1.000000
-0.142126 -0.623440 -0.768845 -18.034500 -0.988646 0.051130 0.141298 3.980800 -0.048780 0.780197 -0.623629 19.504801 0.000000 0.000000 0.000000 1.000000
-0.142126 -0.623440 -0.768845 -18.034500 -0.988646 0.051130 0.141298 3.980800 -0.048780 0.780197 -0.623629 19.504801 0.000000 0.000000 0.000000 1.000000
-0.142126 -0.623440 -0.768845 -18.034500 -0.988646 0.051130 0.141298 3.980800 -0.048780 0.780197 -0.623629 19.504801 0.000000 0.000000 0.000000 1.000000
-0.142126 -0.623440 -0.768845 -18.034500 -0.988646 0.051130 0.141298 3.980800 -0.048780 0.780197 -0.623629 19.504801 0.000000 0.000000 0.000000 1.000000
-0.142126 -0.623440 -0.768845 -18.034500 -0.988646 0.051130 0.141298 3.980800 -0.048780 0.780197 -0.623629 19.504801 0.000000 0.000000 0.000000 1.000000
-0.142126 -0.623440 -0.768845 -18.034500 -0.988646 0.051130 0.141298 3.980800 -0.048780 0.780197 -0.623629 19.504801 0.000000 0.000000 0.000000 1.000000
-0.142126 -0.623440 -0.768845 -18.034500 -0.988646 0.051130 0.141298 3.980800 -0.048780 0.780197 -0.623629 19.504801 0.000000 0.000000 0.000000 1.000000
-0.142126 -0.623440 -0.768845 -18.034500 -0.988646 0.051130 0.141298 3.980800 -0.048780 0.780197 -0.623629 19.504801 0.000000 0.000000 0.000000 1.000000
-0.142126 -0.623440 -0.768845 -18.034500 -0.988646 0.051130 0.141298 3.980800 -0.048780 0.780197 -0.623629 19.504801 0.000000 0.000000 0.000000 1.000000</float_array>
        <technique_common>
          <accessor source="#mixamorig_R_A_skirt1-Matrix-animation-output-transform-array" count="25" stride="16">
            <param type="float4x4"/>
          </accessor>
        </technique_common>
      </source>
      <source id="mixamorig_R_A_skirt1-Interpolations">
        <Name_array id="mixamorig_R_A_skirt1-Interpolations-array" count="25">
 LINEAR LINEAR LINEAR LINEAR LINEAR LINEAR LINEAR LINEAR LINEAR LINEAR LINEAR
LINEAR LINEAR LINEAR LINEAR LINEAR LINEAR LINEAR LINEAR LINEAR LINEAR LINEAR LINEAR
LINEAR LINEAR</Name_array>
        <technique_common>
          <accessor source="#mixamorig_R_A_skirt1-Interpolations-array" count="25">
            <param type="name"/>
          </accessor>
        </technique_common>
      </source>
      <sampler id="mixamorig_R_A_skirt1-Matrix-animation-transform">
        <input semantic="INPUT" source="#mixamorig_R_A_skirt1-Matrix-animation-input"/>
        <input semantic="OUTPUT" source="#mixamorig_R_A_skirt1-Matrix-animation-output-transform"/>
        <input semantic="INTERPOLATION" source="#mixamorig_R_A_skirt1-Interpolations"/>
      </sampler>
      <channel source="#mixamorig_R_A_skirt1-Matrix-animation-transform" target="mixamorig_R_A_skirt1/matrix"/>
    </animation>
    <animation id="mixamorig_R_A_skirt2-anim" name="mixamorig_R_A_skirt2">
      <source id="mixamorig_R_A_skirt2-Matrix-animation-input">
        <float_array id="mixamorig_R_A_skirt2-Matrix-animation-input-array" count="25">

0.000000 0.033333 0.066667 0.100000 0.133333 0.166667 0.200000 0.233333 0.266667 0.300000 0.333333 0.366667 0.400000 0.433333 0.466667 0.500000
0.533333 0.566667 0.600000 0.633333 0.666667 0.700000 0.733333 0.766667 0.800000</float_array>
        <technique_common>
          <accessor source="#mixamorig_R_A_skirt2-Matrix-animation-input-array" count="25">
            <param name="TIME" type="float"/>
          </accessor>
        </technique_common>
      </source>
      <source id="mixamorig_R_A_skirt2-Matrix-animation-output-transform">
        <float_array id="mixamorig_R_A_skirt2-Matrix-animation-output-transform-array" count="400">

1.000000 -0.000000 0.000000 27.335400 -0.000000 1.000000 -0.000000 -0.000100 0.000000 0.000000 1.000000 0.000100 0.000000 0.000000 0.000000 1.000000
1.000000 0.000000 0.000000 27.335400 0.000000 1.000000 0.000000 -0.000100 0.000000 -0.000000 1.000000 0.000100 0.000000 0.000000 0.000000 1.000000
1.000000 -0.000000 -0.000000 27.335400 0.000000 1.000000 -0.000000 -0.000100 -0.000000 0.000000 1.000000 0.000100 0.000000 0.000000 0.000000 1.000000
1.000000 0.000000 0.000000 27.335400 0.000000 1.000000 -0.000000 -0.000100 0.000000 0.000000 1.000000 0.000100 0.000000 0.000000 0.000000 1.000000
1.000000 0.000000 0.000000 27.335400 0.000000 1.000000 0.000000 -0.000100 0.000000 -0.000000 1.000000 0.000100 0.000000 0.000000 0.000000 1.000000
1.000000 -0.000000 -0.000000 27.335400 0.000000 1.000000 0.000000 -0.000100 -0.000000 0.000000 1.000000 0.000100 0.000000 0.000000 0.000000 1.000000
1.000000 0.000000 0.000000 27.335400 0.000000 1.000000 0.000000 -0.000100 0.000000 -0.000000 1.000000 0.000100 0.000000 0.000000 0.000000 1.000000
1.000000 0.000000 -0.000000 27.335400 0.000000 1.000000 0.000000 -0.000100 -0.000000 0.000000 1.000000 0.000100 0.000000 0.000000 0.000000 1.000000
1.000000 0.000000 -0.000000 27.335400 0.000000 1.000000 0.000000 -0.000100 0.000000 -0.000000 1.000000 0.000100 0.000000 0.000000 0.000000 1.000000
1.000000 0.000000 -0.000000 27.335400 -0.000000 1.000000 -0.000000 -0.000100 -0.000000 0.000000 1.000000 0.000100 0.000000 0.000000 0.000000 1.000000
1.000000 0.000000 0.000000 27.335400 0.000000 1.000000 0.000000 -0.000100 -0.000000 0.000000 1.000000 0.000100 0.000000 0.000000 0.000000 1.000000
1.000000 0.000000 0.000000 27.335400 0.000000 1.000000 -0.000000 -0.000100 0.000000 0.000000 1.000000 0.000100 0.000000 0.000000 0.000000 1.000000
1.000000 -0.000000 0.000000 27.335400 -0.000000 1.000000 -0.000000 -0.000100 -0.000000 0.000000 1.000000 0.000100 0.000000 0.000000 0.000000 1.000000
1.000000 0.000000 0.000000 27.335400 0.000000 1.000000 0.000000 -0.000100 0.000000 0.000000 1.000000 0.000100 0.000000 0.000000 0.000000 1.000000
1.000000 -0.000000 -0.000000 27.335400 -0.000000 1.000000 0.000000 -0.000100 -0.000000 0.000000 1.000000 0.000100 0.000000 0.000000 0.000000 1.000000
1.000000 0.000000 0.000000 27.335400 0.000000 1.000000 0.000000 -0.000100 0.000000 0.000000 1.000000 0.000100 0.000000 0.000000 0.000000 1.000000
1.000000 -0.000000 0.000000 27.335400 -0.000000 1.000000 -0.000000 -0.000100 0.000000 -0.000000 1.000000 0.000100 0.000000 0.000000 0.000000 1.000000
1.000000 0.000000 0.000000 27.335400 -0.000000 1.000000 0.000000 -0.000100 0.000000 0.000000 1.000000 0.000100 0.000000 0.000000 0.000000 1.000000
1.000000 0.000000 0.000000 27.335400 0.000000 1.000000 0.000000 -0.000100 -0.000000 0.000000 1.000000 0.000100 0.000000 0.000000 0.000000 1.000000
1.000000 0.000000 0.000000 27.335400 0.000000 1.000000 0.000000 -0.000100 0.000000 0.000000 1.000000 0.000100 0.000000 0.000000 0.000000 1.000000
1.000000 0.000000 0.000000 27.335400 -0.000000 1.000000 0.000000 -0.000100 -0.000000 0.000000 1.000000 0.000100 0.000000 0.000000 0.000000 1.000000
1.000000 -0.000000 0.000000 27.335400 -0.000000 1.000000 0.000000 -0.000100 -0.000000 0.000000 1.000000 0.000100 0.000000 0.000000 0.000000 1.000000
1.000000 0.000000 -0.000000 27.335400 -0.000000 1.000000 0.000000 -0.000100 0.000000 0.000000 1.000000 0.000100 0.000000 0.000000 0.000000 1.000000
1.000000 0.000000 0.000000 27.335400 0.000000 1.000000 0.000000 -0.000100 0.000000 -0.000000 1.000000 0.000100 0.000000 0.000000 0.000000 1.000000
1.000000 -0.000000 0.000000 27.335400 -0.000000 1.000000 -0.000000 -0.000100 0.000000 0.000000 1.000000 0.000100 0.000000 0.000000 0.000000 1.000000</float_array>
        <technique_common>
          <accessor source="#mixamorig_R_A_skirt2-Matrix-animation-output-transform-array" count="25" stride="16">
            <param type="float4x4"/>
          </accessor>
        </technique_common>
      </source>
      <source id="mixamorig_R_A_skirt2-Interpolations">
        <Name_array id="mixamorig_R_A_skirt2-Interpolations-array" count="25">
 LINEAR LINEAR LINEAR LINEAR LINEAR LINEAR LINEAR LINEAR LINEAR LINEAR LINEAR
LINEAR LINEAR LINEAR LINEAR LINEAR LINEAR LINEAR LINEAR LINEAR LINEAR LINEAR LINEAR
LINEAR LINEAR</Name_array>
        <technique_common>
          <accessor source="#mixamorig_R_A_skirt2-Interpolations-array" count="25">
            <param type="name"/>
          </accessor>
        </technique_common>
      </source>
      <sampler id="mixamorig_R_A_skirt2-Matrix-animation-transform">
        <input semantic="INPUT" source="#mixamorig_R_A_skirt2-Matrix-animation-input"/>
        <input semantic="OUTPUT" source="#mixamorig_R_A_skirt2-Matrix-animation-output-transform"/>
        <input semantic="INTERPOLATION" source="#mixamorig_R_A_skirt2-Interpolations"/>
      </sampler>
      <channel source="#mixamorig_R_A_skirt2-Matrix-animation-transform" target="mixamorig_R_A_skirt2/matrix"/>
    </animation>
    <animation id="mixamorig_R_A_skirt3-anim" name="mixamorig_R_A_skirt3">
      <source id="mixamorig_R_A_skirt3-Matrix-animation-input">
        <float_array id="mixamorig_R_A_skirt3-Matrix-animation-input-array" count="25">

0.000000 0.033333 0.066667 0.100000 0.133333 0.166667 0.200000 0.233333 0.266667 0.300000 0.333333 0.366667 0.400000 0.433333 0.466667 0.500000
0.533333 0.566667 0.600000 0.633333 0.666667 0.700000 0.733333 0.766667 0.800000</float_array>
        <technique_common>
          <accessor source="#mixamorig_R_A_skirt3-Matrix-animation-input-array" count="25">
            <param name="TIME" type="float"/>
          </accessor>
        </technique_common>
      </source>
      <source id="mixamorig_R_A_skirt3-Matrix-animation-output-transform">
        <float_array id="mixamorig_R_A_skirt3-Matrix-animation-output-transform-array" count="400">

1.000000 -0.000000 -0.000000 27.066099 -0.000000 1.000000 -0.000000 0.000100 0.000000 0.000000 1.000000 0.000000 0.000000 0.000000 0.000000 1.000000
1.000000 0.000000 0.000000 27.066099 0.000000 1.000000 0.000000 0.000100 0.000000 0.000000 1.000000 -0.000000 0.000000 0.000000 0.000000 1.000000
1.000000 -0.000000 -0.000000 27.066099 0.000000 1.000000 0.000000 0.000100 -0.000000 0.000000 1.000000 0.000000 0.000000 0.000000 0.000000 1.000000
1.000000 0.000000 0.000000 27.066099 0.000000 1.000000 -0.000000 0.000100 0.000000 0.000000 1.000000 0.000000 0.000000 0.000000 0.000000 1.000000
1.000000 0.000000 0.000000 27.066099 0.000000 1.000000 0.000000 0.000100 0.000000 -0.000000 1.000000 0.000000 0.000000 0.000000 0.000000 1.000000
1.000000 -0.000000 -0.000000 27.066099 0.000000 1.000000 0.000000 0.000100 0.000000 -0.000000 1.000000 -0.000000 0.000000 0.000000 0.000000 1.000000
1.000000 0.000000 0.000000 27.066099 0.000000 1.000000 0.000000 0.000100 0.000000 -0.000000 1.000000 0.000000 0.000000 0.000000 0.000000 1.000000
1.000000 -0.000000 0.000000 27.066099 -0.000000 1.000000 -0.000000 0.000100 -0.000000 0.000000 1.000000 0.000000 0.000000 0.000000 0.000000 1.000000
1.000000 0.000000 0.000000 27.066099 0.000000 1.000000 0.000000 0.000100 -0.000000 0.000000 1.000000 -0.000000 0.000000 0.000000 0.000000 1.000000
1.000000 0.000000 0.000000 27.066099 0.000000 1.000000 0.000000 0.000100 -0.000000 -0.000000 1.000000 0.000000 0.000000 0.000000 0.000000 1.000000
1.000000 0.000000 -0.000000 27.066099 -0.000000 1.000000 0.000000 0.000100 -0.000000 0.000000 1.000000 -0.000000 0.000000 0.000000 0.000000 1.000000
1.000000 -0.000000 0.000000 27.066099 -0.000000 1.000000 -0.000000 0.000100 0.000000 0.000000 1.000000 0.000000 0.000000 0.000000 0.000000 1.000000
1.000000 0.000000 0.000000 27.066099 -0.000000 1.000000 -0.000000 0.000100 0.000000 0.000000 1.000000 0.000000 0.000000 0.000000 0.000000 1.000000
1.000000 0.000000 0.000000 27.066099 0.000000 1.000000 0.000000 0.000100 -0.000000 0.000000 1.000000 -0.000000 0.000000 0.000000 0.000000 1.000000
1.000000 -0.000000 0.000000 27.066099 -0.000000 1.000000 0.000000 0.000100 0.000000 0.000000 1.000000 -0.000000 0.000000 0.000000 0.000000 1.000000
1.000000 -0.000000 0.000000 27.066099 0.000000 1.000000 0.000000 0.000100 -0.000000 0.000000 1.000000 -0.000000 0.000000 0.000000 0.000000 1.000000
1.000000 0.000000 0.000000 27.066099 -0.000000 1.000000 -0.000000 0.000100 0.000000 -0.000000 1.000000 0.000000 0.000000 0.000000 0.000000 1.000000
1.000000 0.000000 0.000000 27.066099 -0.000000 1.000000 0.000000 0.000100 0.000000 0.000000 1.000000 0.000000 0.000000 0.000000 0.000000 1.000000
1.000000 0.000000 0.000000 27.066099 -0.000000 1.000000 -0.000000 0.000100 0.000000 0.000000 1.000000 0.000000 0.000000 0.000000 0.000000 1.000000
1.000000 0.000000 0.000000 27.066099 0.000000 1.000000 0.000000 0.000100 0.000000 -0.000000 1.000000 0.000000 0.000000 0.000000 0.000000 1.000000
1.000000 0.000000 0.000000 27.066099 0.000000 1.000000 0.000000 0.000100 -0.000000 0.000000 1.000000 -0.000000 0.000000 0.000000 0.000000 1.000000
1.000000 -0.000000 0.000000 27.066099 0.000000 1.000000 -0.000000 0.000100 -0.000000 0.000000 1.000000 -0.000000 0.000000 0.000000 0.000000 1.000000
1.000000 0.000000 0.000000 27.066099 -0.000000 1.000000 0.000000 0.000100 0.000000 0.000000 1.000000 0.000000 0.000000 0.000000 0.000000 1.000000
1.000000 0.000000 -0.000000 27.066099 0.000000 1.000000 0.000000 0.000100 -0.000000 -0.000000 1.000000 -0.000000 0.000000 0.000000 0.000000 1.000000
1.000000 -0.000000 -0.000000 27.066099 -0.000000 1.000000 -0.000000 0.000100 0.000000 0.000000 1.000000 0.000000 0.000000 0.000000 0.000000 1.000000</float_array>
        <technique_common>
          <accessor source="#mixamorig_R_A_skirt3-Matrix-animation-output-transform-array" count="25" stride="16">
            <param type="float4x4"/>
          </accessor>
        </technique_common>
      </source>
      <source id="mixamorig_R_A_skirt3-Interpolations">
        <Name_array id="mixamorig_R_A_skirt3-Interpolations-array" count="25">
 LINEAR LINEAR LINEAR LINEAR LINEAR LINEAR LINEAR LINEAR LINEAR LINEAR LINEAR
LINEAR LINEAR LINEAR LINEAR LINEAR LINEAR LINEAR LINEAR LINEAR LINEAR LINEAR LINEAR
LINEAR LINEAR</Name_array>
        <technique_common>
          <accessor source="#mixamorig_R_A_skirt3-Interpolations-array" count="25">
            <param type="name"/>
          </accessor>
        </technique_common>
      </source>
      <sampler id="mixamorig_R_A_skirt3-Matrix-animation-transform">
        <input semantic="INPUT" source="#mixamorig_R_A_skirt3-Matrix-animation-input"/>
        <input semantic="OUTPUT" source="#mixamorig_R_A_skirt3-Matrix-animation-output-transform"/>
        <input semantic="INTERPOLATION" source="#mixamorig_R_A_skirt3-Interpolations"/>
      </sampler>
      <channel source="#mixamorig_R_A_skirt3-Matrix-animation-transform" target="mixamorig_R_A_skirt3/matrix"/>
    </animation>
    <animation id="mixamorig_R_B_skirt1-anim" name="mixamorig_R_B_skirt1">
      <source id="mixamorig_R_B_skirt1-Matrix-animation-input">
        <float_array id="mixamorig_R_B_skirt1-Matrix-animation-input-array" count="25">

0.000000 0.033333 0.066667 0.100000 0.133333 0.166667 0.200000 0.233333 0.266667 0.300000 0.333333 0.366667 0.400000 0.433333 0.466667 0.500000
0.533333 0.566667 0.600000 0.633333 0.666667 0.700000 0.733333 0.766667 0.800000</float_array>
        <technique_common>
          <accessor source="#mixamorig_R_B_skirt1-Matrix-animation-input-array" count="25">
            <param name="TIME" type="float"/>
          </accessor>
        </technique_common>
      </source>
      <source id="mixamorig_R_B_skirt1-Matrix-animation-output-transform">
        <float_array id="mixamorig_R_B_skirt1-Matrix-animation-output-transform-array" count="400">

-0.142189 -0.942168 0.303482 -22.789900 -0.985105 0.164647 0.049604 6.145800 -0.096702 -0.291908 -0.951545 0.309300 0.000000 0.000000 0.000000 1.000000
-0.142189 -0.942168 0.303482 -22.789900 -0.985105 0.164647 0.049604 6.145800 -0.096702 -0.291908 -0.951545 0.309300 0.000000 0.000000 0.000000 1.000000
-0.142189 -0.942168 0.303482 -22.789900 -0.985105 0.164647 0.049604 6.145800 -0.096702 -0.291908 -0.951545 0.309300 0.000000 0.000000 0.000000 1.000000
-0.142189 -0.942168 0.303482 -22.789900 -0.985105 0.164647 0.049604 6.145800 -0.096702 -0.291908 -0.951545 0.309300 0.000000 0.000000 0.000000 1.000000
-0.142189 -0.942168 0.303482 -22.789900 -0.985105 0.164647 0.049604 6.145800 -0.096702 -0.291908 -0.951545 0.309300 0.000000 0.000000 0.000000 1.000000
-0.142189 -0.942168 0.303482 -22.789900 -0.985105 0.164647 0.049604 6.145800 -0.096702 -0.291908 -0.951545 0.309300 0.000000 0.000000 0.000000 1.000000
-0.142189 -0.942168 0.303482 -22.789900 -0.985105 0.164647 0.049604 6.145800 -0.096702 -0.291908 -0.951545 0.309300 0.000000 0.000000 0.000000 1.000000
-0.142189 -0.942168 0.303482 -22.789900 -0.985105 0.164647 0.049604 6.145800 -0.096702 -0.291908 -0.951545 0.309300 0.000000 0.000000 0.000000 1.000000
-0.142189 -0.942168 0.303482 -22.789900 -0.985105 0.164647 0.049604 6.145800 -0.096702 -0.291908 -0.951545 0.309300 0.000000 0.000000 0.000000 1.000000
-0.142189 -0.942168 0.303482 -22.789900 -0.985105 0.164647 0.049604 6.145800 -0.096702 -0.291908 -0.951545 0.309300 0.000000 0.000000 0.000000 1.000000
-0.142189 -0.942168 0.303482 -22.789900 -0.985105 0.164647 0.049604 6.145800 -0.096702 -0.291908 -0.951545 0.309300 0.000000 0.000000 0.000000 1.000000
-0.142189 -0.942168 0.303482 -22.789900 -0.985105 0.164647 0.049604 6.145800 -0.096702 -0.291908 -0.951545 0.309300 0.000000 0.000000 0.000000 1.000000
-0.142189 -0.942168 0.303482 -22.789900 -0.985105 0.164647 0.049604 6.145800 -0.096702 -0.291908 -0.951545 0.309300 0.000000 0.000000 0.000000 1.000000
-0.142189 -0.942168 0.303482 -22.789900 -0.985105 0.164647 0.049604 6.145800 -0.096702 -0.291908 -0.951545 0.309300 0.000000 0.000000 0.000000 1.000000
-0.142189 -0.942168 0.303482 -22.789900 -0.985105 0.164647 0.049604 6.145800 -0.096702 -0.291908 -0.951545 0.309300 0.000000 0.000000 0.000000 1.000000
-0.142189 -0.942168 0.303482 -22.789900 -0.985105 0.164647 0.049604 6.145800 -0.096702 -0.291908 -0.951545 0.309300 0.000000 0.000000 0.000000 1.000000
-0.142189 -0.942168 0.303482 -22.789900 -0.985105 0.164647 0.049604 6.145800 -0.096702 -0.291908 -0.951545 0.309300 0.000000 0.000000 0.000000 1.000000
-0.142189 -0.942168 0.303482 -22.789900 -0.985105 0.164647 0.049604 6.145800 -0.096702 -0.291908 -0.951545 0.309300 0.000000 0.000000 0.000000 1.000000
-0.142189 -0.942168 0.303482 -22.789900 -0.985105 0.164647 0.049604 6.145800 -0.096702 -0.291908 -0.951545 0.309300 0.000000 0.000000 0.000000 1.000000
-0.142189 -0.942168 0.303482 -22.789900 -0.985105 0.164647 0.049604 6.145800 -0.096702 -0.291908 -0.951545 0.309300 0.000000 0.000000 0.000000 1.000000
-0.142189 -0.942168 0.303482 -22.789900 -0.985105 0.164647 0.049604 6.145800 -0.096702 -0.291908 -0.951545 0.309300 0.000000 0.000000 0.000000 1.000000
-0.142189 -0.942168 0.303482 -22.789900 -0.985105 0.164647 0.049604 6.145800 -0.096702 -0.291908 -0.951545 0.309300 0.000000 0.000000 0.000000 1.000000
-0.142189 -0.942168 0.303482 -22.789900 -0.985105 0.164647 0.049604 6.145800 -0.096702 -0.291908 -0.951545 0.309300 0.000000 0.000000 0.000000 1.000000
-0.142189 -0.942168 0.303482 -22.789900 -0.985105 0.164647 0.049604 6.145800 -0.096702 -0.291908 -0.951545 0.309300 0.000000 0.000000 0.000000 1.000000
-0.142189 -0.942168 0.303482 -22.789900 -0.985105 0.164647 0.049604 6.145800 -0.096702 -0.291908 -0.951545 0.309300 0.000000 0.000000 0.000000 1.000000</float_array>
        <technique_common>
          <accessor source="#mixamorig_R_B_skirt1-Matrix-animation-output-transform-array" count="25" stride="16">
            <param type="float4x4"/>
          </accessor>
        </technique_common>
      </source>
      <source id="mixamorig_R_B_skirt1-Interpolations">
        <Name_array id="mixamorig_R_B_skirt1-Interpolations-array" count="25">
 LINEAR LINEAR LINEAR LINEAR LINEAR LINEAR LINEAR LINEAR LINEAR LINEAR LINEAR
LINEAR LINEAR LINEAR LINEAR LINEAR LINEAR LINEAR LINEAR LINEAR LINEAR LINEAR LINEAR
LINEAR LINEAR</Name_array>
        <technique_common>
          <accessor source="#mixamorig_R_B_skirt1-Interpolations-array" count="25">
            <param type="name"/>
          </accessor>
        </technique_common>
      </source>
      <sampler id="mixamorig_R_B_skirt1-Matrix-animation-transform">
        <input semantic="INPUT" source="#mixamorig_R_B_skirt1-Matrix-animation-input"/>
        <input semantic="OUTPUT" source="#mixamorig_R_B_skirt1-Matrix-animation-output-transform"/>
        <input semantic="INTERPOLATION" source="#mixamorig_R_B_skirt1-Interpolations"/>
      </sampler>
      <channel source="#mixamorig_R_B_skirt1-Matrix-animation-transform" target="mixamorig_R_B_skirt1/matrix"/>
    </animation>
    <animation id="mixamorig_R_B_skirt2-anim" name="mixamorig_R_B_skirt2">
      <source id="mixamorig_R_B_skirt2-Matrix-animation-input">
        <float_array id="mixamorig_R_B_skirt2-Matrix-animation-input-array" count="25">

0.000000 0.033333 0.066667 0.100000 0.133333 0.166667 0.200000 0.233333 0.266667 0.300000 0.333333 0.366667 0.400000 0.433333 0.466667 0.500000
0.533333 0.566667 0.600000 0.633333 0.666667 0.700000 0.733333 0.766667 0.800000</float_array>
        <technique_common>
          <accessor source="#mixamorig_R_B_skirt2-Matrix-animation-input-array" count="25">
            <param name="TIME" type="float"/>
          </accessor>
        </technique_common>
      </source>
      <source id="mixamorig_R_B_skirt2-Matrix-animation-output-transform">
        <float_array id="mixamorig_R_B_skirt2-Matrix-animation-output-transform-array" count="400">

1.000000 -0.000000 0.000000 27.083401 0.000000 1.000000 0.000000 0.000000 0.000000 0.000000 1.000000 0.000000 0.000000 0.000000 0.000000 1.000000
1.000000 0.000000 0.000000 27.083401 0.000000 1.000000 0.000000 0.000000 -0.000000 -0.000000 1.000000 0.000000 0.000000 0.000000 0.000000 1.000000
1.000000 -0.000000 0.000000 27.083401 -0.000000 1.000000 0.000000 0.000000 0.000000 -0.000000 1.000000 0.000000 0.000000 0.000000 0.000000 1.000000
1.000000 0.000000 0.000000 27.083401 0.000000 1.000000 0.000000 -0.000000 0.000000 0.000000 1.000000 -0.000000 0.000000 0.000000 0.000000 1.000000
1.000000 0.000000 -0.000000 27.083401 -0.000000 1.000000 -0.000000 0.000000 0.000000 -0.000000 1.000000 0.000000 0.000000 0.000000 0.000000 1.000000
1.000000 -0.000000 0.000000 27.083401 0.000000 1.000000 0.000000 0.000000 0.000000 0.000000 1.000000 0.000000 0.000000 0.000000 0.000000 1.000000
1.000000 0.000000 0.000000 27.083401 -0.000000 1.000000 -0.000000 0.000000 0.000000 0.000000 1.000000 0.000000 0.000000 0.000000 0.000000 1.000000
1.000000 -0.000000 -0.000000 27.083401 0.000000 1.000000 0.000000 0.000000 0.000000 -0.000000 1.000000 0.000000 0.000000 0.000000 0.000000 1.000000
1.000000 0.000000 0.000000 27.083401 0.000000 1.000000 0.000000 0.000000 -0.000000 -0.000000 1.000000 0.000000 0.000000 0.000000 0.000000 1.000000
1.000000 0.000000 0.000000 27.083401 0.000000 1.000000 0.000000 0.000000 0.000000 0.000000 1.000000 0.000000 0.000000 0.000000 0.000000 1.000000
1.000000 0.000000 0.000000 27.083401 0.000000 1.000000 0.000000 0.000000 0.000000 0.000000 1.000000 0.000000 0.000000 0.000000 0.000000 1.000000
1.000000 -0.000000 0.000000 27.083401 0.000000 1.000000 0.000000 0.000000 0.000000 0.000000 1.000000 -0.000000 0.000000 0.000000 0.000000 1.000000
1.000000 -0.000000 0.000000 27.083401 0.000000 1.000000 -0.000000 0.000000 0.000000 0.000000 1.000000 0.000000 0.000000 0.000000 0.000000 1.000000
1.000000 0.000000 0.000000 27.083401 0.000000 1.000000 0.000000 0.000000 -0.000000 0.000000 1.000000 -0.000000 0.000000 0.000000 0.000000 1.000000
1.000000 -0.000000 0.000000 27.083401 0.000000 1.000000 0.000000 0.000000 -0.000000 -0.000000 1.000000 0.000000 0.000000 0.000000 0.000000 1.000000
1.000000 0.000000 0.000000 27.083401 0.000000 1.000000 0.000000 -0.000000 0.000000 0.000000 1.000000 -0.000000 0.000000 0.000000 0.000000 1.000000
1.000000 0.000000 0.000000 27.083401 0.000000 1.000000 -0.000000 0.000000 0.000000 0.000000 1.000000 0.000000 0.000000 0.000000 0.000000 1.000000
1.000000 -0.000000 0.000000 27.083401 -0.000000 1.000000 0.000000 -0.000000 0.000000 -0.000000 1.000000 -0.000000 0.000000 0.000000 0.000000 1.000000
1.000000 0.000000 0.000000 27.083401 -0.000000 1.000000 -0.000000 0.000000 0.000000 0.000000 1.000000 0.000000 0.000000 0.000000 0.000000 1.000000
1.000000 0.000000 -0.000000 27.083401 -0.000000 1.000000 -0.000000 0.000000 0.000000 0.000000 1.000000 0.000000 0.000000 0.000000 0.000000 1.000000
1.000000 -0.000000 0.000000 27.083401 0.000000 1.000000 0.000000 0.000000 -0.000000 -0.000000 1.000000 -0.000000 0.000000 0.000000 0.000000 1.000000
1.000000 0.000000 0.000000 27.083401 -0.000000 1.000000 -0.000000 -0.000000 0.000000 -0.000000 1.000000 0.000000 0.000000 0.000000 0.000000 1.000000
1.000000 -0.000000 0.000000 27.083401 0.000000 1.000000 0.000000 0.000000 -0.000000 0.000000 1.000000 0.000000 0.000000 0.000000 0.000000 1.000000
1.000000 0.000000 -0.000000 27.083401 0.000000 1.000000 -0.000000 0.000000 -0.000000 0.000000 1.000000 0.000000 0.000000 0.000000 0.000000 1.000000
1.000000 -0.000000 0.000000 27.083401 0.000000 1.000000 0.000000 0.000000 0.000000 0.000000 1.000000 0.000000 0.000000 0.000000 0.000000 1.000000</float_array>
        <technique_common>
          <accessor source="#mixamorig_R_B_skirt2-Matrix-animation-output-transform-array" count="25" stride="16">
            <param type="float4x4"/>
          </accessor>
        </technique_common>
      </source>
      <source id="mixamorig_R_B_skirt2-Interpolations">
        <Name_array id="mixamorig_R_B_skirt2-Interpolations-array" count="25">
 LINEAR LINEAR LINEAR LINEAR LINEAR LINEAR LINEAR LINEAR LINEAR LINEAR LINEAR
LINEAR LINEAR LINEAR LINEAR LINEAR LINEAR LINEAR LINEAR LINEAR LINEAR LINEAR LINEAR
LINEAR LINEAR</Name_array>
        <technique_common>
          <accessor source="#mixamorig_R_B_skirt2-Interpolations-array" count="25">
            <param type="name"/>
          </accessor>
        </technique_common>
      </source>
      <sampler id="mixamorig_R_B_skirt2-Matrix-animation-transform">
        <input semantic="INPUT" source="#mixamorig_R_B_skirt2-Matrix-animation-input"/>
        <input semantic="OUTPUT" source="#mixamorig_R_B_skirt2-Matrix-animation-output-transform"/>
        <input semantic="INTERPOLATION" source="#mixamorig_R_B_skirt2-Interpolations"/>
      </sampler>
      <channel source="#mixamorig_R_B_skirt2-Matrix-animation-transform" target="mixamorig_R_B_skirt2/matrix"/>
    </animation>
    <animation id="mixamorig_R_B_skirt3-anim" name="mixamorig_R_B_skirt3">
      <source id="mixamorig_R_B_skirt3-Matrix-animation-input">
        <float_array id="mixamorig_R_B_skirt3-Matrix-animation-input-array" count="25">

0.000000 0.033333 0.066667 0.100000 0.133333 0.166667 0.200000 0.233333 0.266667 0.300000 0.333333 0.366667 0.400000 0.433333 0.466667 0.500000
0.533333 0.566667 0.600000 0.633333 0.666667 0.700000 0.733333 0.766667 0.800000</float_array>
        <technique_common>
          <accessor source="#mixamorig_R_B_skirt3-Matrix-animation-input-array" count="25">
            <param name="TIME" type="float"/>
          </accessor>
        </technique_common>
      </source>
      <source id="mixamorig_R_B_skirt3-Matrix-animation-output-transform">
        <float_array id="mixamorig_R_B_skirt3-Matrix-animation-output-transform-array" count="400">

1.000000 -0.000000 0.000000 26.734699 0.000000 1.000000 0.000000 0.000000 0.000000 0.000000 1.000000 -0.000000 0.000000 0.000000 0.000000 1.000000
1.000000 -0.000000 0.000000 26.734699 0.000000 1.000000 0.000000 0.000000 0.000000 -0.000000 1.000000 -0.000000 0.000000 0.000000 0.000000 1.000000
1.000000 -0.000000 0.000000 26.734699 -0.000000 1.000000 0.000000 0.000000 -0.000000 0.000000 1.000000 0.000000 0.000000 0.000000 0.000000 1.000000
1.000000 0.000000 0.000000 26.734699 -0.000000 1.000000 0.000000 0.000000 0.000000 0.000000 1.000000 -0.000000 0.000000 0.000000 0.000000 1.000000
1.000000 0.000000 -0.000000 26.734699 -0.000000 1.000000 0.000000 0.000000 -0.000000 -0.000000 1.000000 0.000000 0.000000 0.000000 0.000000 1.000000
1.000000 0.000000 0.000000 26.734699 0.000000 1.000000 0.000000 0.000000 0.000000 0.000000 1.000000 0.000000 0.000000 0.000000 0.000000 1.000000
1.000000 0.000000 -0.000000 26.734699 -0.000000 1.000000 -0.000000 0.000000 0.000000 0.000000 1.000000 0.000000 0.000000 0.000000 0.000000 1.000000
1.000000 0.000000 -0.000000 26.734699 -0.000000 1.000000 0.000000 0.000000 -0.000000 0.000000 1.000000 0.000000 0.000000 0.000000 0.000000 1.000000
1.000000 -0.000000 0.000000 26.734699 0.000000 1.000000 0.000000 0.000000 -0.000000 -0.000000 1.000000 0.000000 0.000000 0.000000 0.000000 1.000000
1.000000 0.000000 0.000000 26.734699 0.000000 1.000000 0.000000 0.000000 0.000000 0.000000 1.000000 -0.000000 0.000000 0.000000 0.000000 1.000000
1.000000 -0.000000 -0.000000 26.734699 0.000000 1.000000 0.000000 0.000000 -0.000000 0.000000 1.000000 0.000000 0.000000 0.000000 0.000000 1.000000
1.000000 0.000000 0.000000 26.734699 0.000000 1.000000 0.000000 0.000000 0.000000 0.000000 1.000000 0.000000 0.000000 0.000000 0.000000 1.000000
1.000000 0.000000 0.000000 26.734699 0.000000 1.000000 -0.000000 0.000000 0.000000 0.000000 1.000000 0.000000 0.000000 0.000000 0.000000 1.000000
1.000000 -0.000000 0.000000 26.734699 0.000000 1.000000 0.000000 0.000000 -0.000000 0.000000 1.000000 0.000000 0.000000 0.000000 0.000000 1.000000
1.000000 -0.000000 0.000000 26.734699 0.000000 1.000000 0.000000 -0.000000 -0.000000 0.000000 1.000000 0.000000 0.000000 0.000000 0.000000 1.000000
1.000000 0.000000 0.000000 26.734699 0.000000 1.000000 0.000000 0.000000 0.000000 -0.000000 1.000000 0.000000 0.000000 0.000000 0.000000 1.000000
1.000000 0.000000 0.000000 26.734699 0.000000 1.000000 0.000000 0.000000 -0.000000 -0.000000 1.000000 0.000000 0.000000 0.000000 0.000000 1.000000
1.000000 0.000000 0.000000 26.734699 -0.000000 1.000000 0.000000 0.000000 0.000000 -0.000000 1.000000 -0.000000 0.000000 0.000000 0.000000 1.000000
1.000000 0.000000 0.000000 26.734699 -0.000000 1.000000 -0.000000 0.000000 0.000000 0.000000 1.000000 -0.000000 0.000000 0.000000 0.000000 1.000000
1.000000 0.000000 -0.000000 26.734699 -0.000000 1.000000 -0.000000 0.000000 0.000000 0.000000 1.000000 0.000000 0.000000 0.000000 0.000000 1.000000
1.000000 -0.000000 0.000000 26.734699 -0.000000 1.000000 0.000000 0.000000 -0.000000 -0.000000 1.000000 0.000000 0.000000 0.000000 0.000000 1.000000
1.000000 0.000000 0.000000 26.734699 -0.000000 1.000000 -0.000000 -0.000000 -0.000000 0.000000 1.000000 -0.000000 0.000000 0.000000 0.000000 1.000000
1.000000 0.000000 0.000000 26.734699 0.000000 1.000000 0.000000 0.000000 0.000000 0.000000 1.000000 0.000000 0.000000 0.000000 0.000000 1.000000
1.000000 -0.000000 -0.000000 26.734699 0.000000 1.000000 -0.000000 0.000000 0.000000 0.000000 1.000000 0.000000 0.000000 0.000000 0.000000 1.000000
1.000000 -0.000000 0.000000 26.734699 0.000000 1.000000 0.000000 0.000000 0.000000 0.000000 1.000000 -0.000000 0.000000 0.000000 0.000000 1.000000</float_array>
        <technique_common>
          <accessor source="#mixamorig_R_B_skirt3-Matrix-animation-output-transform-array" count="25" stride="16">
            <param type="float4x4"/>
          </accessor>
        </technique_common>
      </source>
      <source id="mixamorig_R_B_skirt3-Interpolations">
        <Name_array id="mixamorig_R_B_skirt3-Interpolations-array" count="25">
 LINEAR LINEAR LINEAR LINEAR LINEAR LINEAR LINEAR LINEAR LINEAR LINEAR LINEAR
LINEAR LINEAR LINEAR LINEAR LINEAR LINEAR LINEAR LINEAR LINEAR LINEAR LINEAR LINEAR
LINEAR LINEAR</Name_array>
        <technique_common>
          <accessor source="#mixamorig_R_B_skirt3-Interpolations-array" count="25">
            <param type="name"/>
          </accessor>
        </technique_common>
      </source>
      <sampler id="mixamorig_R_B_skirt3-Matrix-animation-transform">
        <input semantic="INPUT" source="#mixamorig_R_B_skirt3-Matrix-animation-input"/>
        <input semantic="OUTPUT" source="#mixamorig_R_B_skirt3-Matrix-animation-output-transform"/>
        <input semantic="INTERPOLATION" source="#mixamorig_R_B_skirt3-Interpolations"/>
      </sampler>
      <channel source="#mixamorig_R_B_skirt3-Matrix-animation-transform" target="mixamorig_R_B_skirt3/matrix"/>
    </animation>
    <animation id="mixamorig_F_skirt1-anim" name="mixamorig_F_skirt1">
      <source id="mixamorig_F_skirt1-Matrix-animation-input">
        <float_array id="mixamorig_F_skirt1-Matrix-animation-input-array" count="25">

0.000000 0.033333 0.066667 0.100000 0.133333 0.166667 0.200000 0.233333 0.266667 0.300000 0.333333 0.366667 0.400000 0.433333 0.466667 0.500000
0.533333 0.566667 0.600000 0.633333 0.666667 0.700000 0.733333 0.766667 0.800000</float_array>
        <technique_common>
          <accessor source="#mixamorig_F_skirt1-Matrix-animation-input-array" count="25">
            <param name="TIME" type="float"/>
          </accessor>
        </technique_common>
      </source>
      <source id="mixamorig_F_skirt1-Matrix-animation-output-transform">
        <float_array id="mixamorig_F_skirt1-Matrix-animation-output-transform-array" count="400">

-0.000002 0.000000 -1.000000 -0.093700 -0.998606 0.052777 0.000002 -3.741800 0.052777 0.998606 0.000000 24.067699 0.000000 0.000000 0.000000 1.000000
-0.000002 0.000000 -1.000000 -0.093700 -0.998606 0.052777 0.000002 -3.741800 0.052777 0.998606 0.000000 24.067699 0.000000 0.000000 0.000000 1.000000
-0.000002 0.000000 -1.000000 -0.093700 -0.998606 0.052777 0.000002 -3.741800 0.052777 0.998606 0.000000 24.067699 0.000000 0.000000 0.000000 1.000000
-0.000002 0.000000 -1.000000 -0.093700 -0.998606 0.052777 0.000002 -3.741800 0.052777 0.998606 -0.000000 24.067699 0.000000 0.000000 0.000000 1.000000
-0.000002 0.000000 -1.000000 -0.093700 -0.998606 0.052777 0.000002 -3.741800 0.052777 0.998606 0.000000 24.067699 0.000000 0.000000 0.000000 1.000000
-0.000002 0.000000 -1.000000 -0.093700 -0.998606 0.052777 0.000002 -3.741800 0.052777 0.998606 0.000000 24.067699 0.000000 0.000000 0.000000 1.000000
-0.000002 0.000000 -1.000000 -0.093700 -0.998606 0.052777 0.000002 -3.741800 0.052777 0.998606 0.000000 24.067699 0.000000 0.000000 0.000000 1.000000
-0.000002 0.000000 -1.000000 -0.093700 -0.998606 0.052777 0.000002 -3.741800 0.052777 0.998606 -0.000000 24.067699 0.000000 0.000000 0.000000 1.000000
-0.000002 0.000000 -1.000000 -0.093700 -0.998606 0.052777 0.000002 -3.741800 0.052777 0.998606 0.000000 24.067699 0.000000 0.000000 0.000000 1.000000
-0.000002 0.000000 -1.000000 -0.093700 -0.998606 0.052777 0.000002 -3.741800 0.052777 0.998606 -0.000000 24.067699 0.000000 0.000000 0.000000 1.000000
-0.000002 0.000000 -1.000000 -0.093700 -0.998606 0.052777 0.000002 -3.741800 0.052777 0.998606 0.000000 24.067699 0.000000 0.000000 0.000000 1.000000
-0.000002 0.000000 -1.000000 -0.093700 -0.998606 0.052777 0.000002 -3.741800 0.052777 0.998606 0.000000 24.067699 0.000000 0.000000 0.000000 1.000000
-0.000002 0.000000 -1.000000 -0.093700 -0.998606 0.052777 0.000002 -3.741800 0.052777 0.998606 -0.000000 24.067699 0.000000 0.000000 0.000000 1.000000
-0.000002 0.000000 -1.000000 -0.093700 -0.998606 0.052777 0.000002 -3.741800 0.052777 0.998606 0.000000 24.067699 0.000000 0.000000 0.000000 1.000000
-0.000002 0.000000 -1.000000 -0.093700 -0.998606 0.052777 0.000002 -3.741800 0.052777 0.998606 0.000000 24.067699 0.000000 0.000000 0.000000 1.000000
-0.000002 0.000000 -1.000000 -0.093700 -0.998606 0.052777 0.000002 -3.741800 0.052777 0.998606 0.000000 24.067699 0.000000 0.000000 0.000000 1.000000
-0.000002 0.000000 -1.000000 -0.093700 -0.998606 0.052777 0.000002 -3.741800 0.052777 0.998606 0.000000 24.067699 0.000000 0.000000 0.000000 1.000000
-0.000002 0.000000 -1.000000 -0.093700 -0.998606 0.052777 0.000002 -3.741800 0.052777 0.998606 0.000000 24.067699 0.000000 0.000000 0.000000 1.000000
-0.000002 0.000000 -1.000000 -0.093700 -0.998606 0.052777 0.000002 -3.741800 0.052777 0.998606 -0.000000 24.067699 0.000000 0.000000 0.000000 1.000000
-0.000002 0.000000 -1.000000 -0.093700 -0.998606 0.052777 0.000002 -3.741800 0.052777 0.998606 0.000000 24.067699 0.000000 0.000000 0.000000 1.000000
-0.000002 0.000000 -1.000000 -0.093700 -0.998606 0.052777 0.000002 -3.741800 0.052777 0.998606 -0.000000 24.067699 0.000000 0.000000 0.000000 1.000000
-0.000002 0.000000 -1.000000 -0.093700 -0.998606 0.052777 0.000002 -3.741800 0.052777 0.998606 -0.000000 24.067699 0.000000 0.000000 0.000000 1.000000
-0.000002 0.000000 -1.000000 -0.093700 -0.998606 0.052777 0.000002 -3.741800 0.052777 0.998606 -0.000000 24.067699 0.000000 0.000000 0.000000 1.000000
-0.000002 0.000000 -1.000000 -0.093700 -0.998606 0.052777 0.000002 -3.741800 0.052777 0.998606 -0.000000 24.067699 0.000000 0.000000 0.000000 1.000000
-0.000002 0.000000 -1.000000 -0.093700 -0.998606 0.052777 0.000002 -3.741800 0.052777 0.998606 0.000000 24.067699 0.000000 0.000000 0.000000 1.000000</float_array>
        <technique_common>
          <accessor source="#mixamorig_F_skirt1-Matrix-animation-output-transform-array" count="25" stride="16">
            <param type="float4x4"/>
          </accessor>
        </technique_common>
      </source>
      <source id="mixamorig_F_skirt1-Interpolations">
        <Name_array id="mixamorig_F_skirt1-Interpolations-array" count="25">
 LINEAR LINEAR LINEAR LINEAR LINEAR LINEAR LINEAR LINEAR LINEAR LINEAR LINEAR
LINEAR LINEAR LINEAR LINEAR LINEAR LINEAR LINEAR LINEAR LINEAR LINEAR LINEAR LINEAR
LINEAR LINEAR</Name_array>
        <technique_common>
          <accessor source="#mixamorig_F_skirt1-Interpolations-array" count="25">
            <param type="name"/>
          </accessor>
        </technique_common>
      </source>
      <sampler id="mixamorig_F_skirt1-Matrix-animation-transform">
        <input semantic="INPUT" source="#mixamorig_F_skirt1-Matrix-animation-input"/>
        <input semantic="OUTPUT" source="#mixamorig_F_skirt1-Matrix-animation-output-transform"/>
        <input semantic="INTERPOLATION" source="#mixamorig_F_skirt1-Interpolations"/>
      </sampler>
      <channel source="#mixamorig_F_skirt1-Matrix-animation-transform" target="mixamorig_F_skirt1/matrix"/>
    </animation>
    <animation id="mixamorig_F_skirt2-anim" name="mixamorig_F_skirt2">
      <source id="mixamorig_F_skirt2-Matrix-animation-input">
        <float_array id="mixamorig_F_skirt2-Matrix-animation-input-array" count="25">

0.000000 0.033333 0.066667 0.100000 0.133333 0.166667 0.200000 0.233333 0.266667 0.300000 0.333333 0.366667 0.400000 0.433333 0.466667 0.500000
0.533333 0.566667 0.600000 0.633333 0.666667 0.700000 0.733333 0.766667 0.800000</float_array>
        <technique_common>
          <accessor source="#mixamorig_F_skirt2-Matrix-animation-input-array" count="25">
            <param name="TIME" type="float"/>
          </accessor>
        </technique_common>
      </source>
      <source id="mixamorig_F_skirt2-Matrix-animation-output-transform">
        <float_array id="mixamorig_F_skirt2-Matrix-animation-output-transform-array" count="400">

1.000000 0.000000 0.000000 23.567801 -0.000000 1.000000 -0.000000 0.000000 0.000000 0.000000 1.000000 -0.000000 0.000000 0.000000 0.000000 1.000000
1.000000 0.000000 -0.000000 23.567801 0.000000 1.000000 0.000000 0.000000 0.000000 -0.000000 1.000000 0.000000 0.000000 0.000000 0.000000 1.000000
1.000000 0.000000 0.000000 23.567801 -0.000000 1.000000 0.000000 0.000000 0.000000 0.000000 1.000000 0.000000 0.000000 0.000000 0.000000 1.000000
1.000000 -0.000000 0.000000 23.567801 0.000000 1.000000 0.000000 0.000000 -0.000000 0.000000 1.000000 -0.000000 0.000000 0.000000 0.000000 1.000000
1.000000 0.000000 0.000000 23.567801 0.000000 1.000000 -0.000000 0.000000 0.000000 -0.000000 1.000000 -0.000000 0.000000 0.000000 0.000000 1.000000
1.000000 0.000000 -0.000000 23.567801 0.000000 1.000000 0.000000 0.000000 0.000000 0.000000 1.000000 0.000000 0.000000 0.000000 0.000000 1.000000
1.000000 0.000000 0.000000 23.567801 -0.000000 1.000000 -0.000000 0.000000 -0.000000 0.000000 1.000000 0.000000 0.000000 0.000000 0.000000 1.000000
1.000000 0.000000 -0.000000 23.567801 -0.000000 1.000000 0.000000 0.000000 0.000000 -0.000000 1.000000 0.000000 0.000000 0.000000 0.000000 1.000000
1.000000 0.000000 0.000000 23.567801 -0.000000 1.000000 0.000000 0.000000 0.000000 -0.000000 1.000000 0.000000 0.000000 0.000000 0.000000 1.000000
1.000000 0.000000 0.000000 23.567801 0.000000 1.000000 -0.000000 0.000000 -0.000000 0.000000 1.000000 -0.000000 0.000000 0.000000 0.000000 1.000000
1.000000 -0.000000 0.000000 23.567801 0.000000 1.000000 -0.000000 -0.000000 0.000000 0.000000 1.000000 0.000000 0.000000 0.000000 0.000000 1.000000
1.000000 -0.000000 -0.000000 23.567801 -0.000000 1.000000 0.000000 -0.000000 0.000000 0.000000 1.000000 0.000000 0.000000 0.000000 0.000000 1.000000
1.000000 -0.000000 -0.000000 23.567801 -0.000000 1.000000 0.000000 0.000000 -0.000000 -0.000000 1.000000 0.000000 0.000000 0.000000 0.000000 1.000000
1.000000 -0.000000 -0.000000 23.567801 0.000000 1.000000 0.000000 0.000000 0.000000 0.000000 1.000000 -0.000000 0.000000 0.000000 0.000000 1.000000
1.000000 0.000000 -0.000000 23.567801 -0.000000 1.000000 0.000000 0.000000 0.000000 0.000000 1.000000 0.000000 0.000000 0.000000 0.000000 1.000000
1.000000 0.000000 0.000000 23.567801 -0.000000 1.000000 0.000000 0.000000 -0.000000 -0.000000 1.000000 0.000000 0.000000 0.000000 0.000000 1.000000
1.000000 0.000000 0.000000 23.567801 0.000000 1.000000 0.000000 0.000000 0.000000 0.000000 1.000000 -0.000000 0.000000 0.000000 0.000000 1.000000
1.000000 -0.000000 0.000000 23.567801 0.000000 1.000000 0.000000 0.000000 -0.000000 0.000000 1.000000 -0.000000 0.000000 0.000000 0.000000 1.000000
1.000000 0.000000 -0.000000 23.567801 -0.000000 1.000000 -0.000000 -0.000000 -0.000000 0.000000 1.000000 -0.000000 0.000000 0.000000 0.000000 1.000000
1.000000 0.000000 0.000000 23.567801 0.000000 1.000000 -0.000000 0.000000 -0.000000 -0.000000 1.000000 0.000000 0.000000 0.000000 0.000000 1.000000
1.000000 -0.000000 0.000000 23.567801 -0.000000 1.000000 0.000000 0.000000 -0.000000 0.000000 1.000000 0.000000 0.000000 0.000000 0.000000 1.000000
1.000000 -0.000000 -0.000000 23.567801 0.000000 1.000000 -0.000000 0.000000 0.000000 0.000000 1.000000 -0.000000 0.000000 0.000000 0.000000 1.000000
1.000000 0.000000 -0.000000 23.567801 -0.000000 1.000000 0.000000 0.000000 -0.000000 -0.000000 1.000000 -0.000000 0.000000 0.000000 0.000000 1.000000
1.000000 -0.000000 -0.000000 23.567801 -0.000000 1.000000 0.000000 0.000000 0.000000 0.000000 1.000000 0.000000 0.000000 0.000000 0.000000 1.000000
1.000000 0.000000 0.000000 23.567801 -0.000000 1.000000 -0.000000 0.000000 0.000000 0.000000 1.000000 -0.000000 0.000000 0.000000 0.000000 1.000000</float_array>
        <technique_common>
          <accessor source="#mixamorig_F_skirt2-Matrix-animation-output-transform-array" count="25" stride="16">
            <param type="float4x4"/>
          </accessor>
        </technique_common>
      </source>
      <source id="mixamorig_F_skirt2-Interpolations">
        <Name_array id="mixamorig_F_skirt2-Interpolations-array" count="25">
 LINEAR LINEAR LINEAR LINEAR LINEAR LINEAR LINEAR LINEAR LINEAR LINEAR LINEAR
LINEAR LINEAR LINEAR LINEAR LINEAR LINEAR LINEAR LINEAR LINEAR LINEAR LINEAR LINEAR
LINEAR LINEAR</Name_array>
        <technique_common>
          <accessor source="#mixamorig_F_skirt2-Interpolations-array" count="25">
            <param type="name"/>
          </accessor>
        </technique_common>
      </source>
      <sampler id="mixamorig_F_skirt2-Matrix-animation-transform">
        <input semantic="INPUT" source="#mixamorig_F_skirt2-Matrix-animation-input"/>
        <input semantic="OUTPUT" source="#mixamorig_F_skirt2-Matrix-animation-output-transform"/>
        <input semantic="INTERPOLATION" source="#mixamorig_F_skirt2-Interpolations"/>
      </sampler>
      <channel source="#mixamorig_F_skirt2-Matrix-animation-transform" target="mixamorig_F_skirt2/matrix"/>
    </animation>
    <animation id="mixamorig_F_skirt3-anim" name="mixamorig_F_skirt3">
      <source id="mixamorig_F_skirt3-Matrix-animation-input">
        <float_array id="mixamorig_F_skirt3-Matrix-animation-input-array" count="25">

0.000000 0.033333 0.066667 0.100000 0.133333 0.166667 0.200000 0.233333 0.266667 0.300000 0.333333 0.366667 0.400000 0.433333 0.466667 0.500000
0.533333 0.566667 0.600000 0.633333 0.666667 0.700000 0.733333 0.766667 0.800000</float_array>
        <technique_common>
          <accessor source="#mixamorig_F_skirt3-Matrix-animation-input-array" count="25">
            <param name="TIME" type="float"/>
          </accessor>
        </technique_common>
      </source>
      <source id="mixamorig_F_skirt3-Matrix-animation-output-transform">
        <float_array id="mixamorig_F_skirt3-Matrix-animation-output-transform-array" count="400">

1.000000 0.000000 0.000000 23.545500 -0.000000 1.000000 -0.000000 0.000000 0.000000 0.000000 1.000000 0.000000 0.000000 0.000000 0.000000 1.000000
1.000000 0.000000 -0.000000 23.545500 0.000000 1.000000 0.000000 0.000000 -0.000000 -0.000000 1.000000 0.000000 0.000000 0.000000 0.000000 1.000000
1.000000 0.000000 0.000000 23.545500 -0.000000 1.000000 0.000000 -0.000000 0.000000 0.000000 1.000000 0.000000 0.000000 0.000000 0.000000 1.000000
1.000000 0.000000 0.000000 23.545500 -0.000000 1.000000 0.000000 0.000000 0.000000 0.000000 1.000000 -0.000000 0.000000 0.000000 0.000000 1.000000
1.000000 0.000000 -0.000000 23.545500 0.000000 1.000000 0.000000 0.000000 0.000000 0.000000 1.000000 -0.000000 0.000000 0.000000 0.000000 1.000000
1.000000 0.000000 -0.000000 23.545500 -0.000000 1.000000 0.000000 0.000000 0.000000 0.000000 1.000000 -0.000000 0.000000 0.000000 0.000000 1.000000
1.000000 0.000000 0.000000 23.545500 -0.000000 1.000000 0.000000 0.000000 -0.000000 0.000000 1.000000 -0.000000 0.000000 0.000000 0.000000 1.000000
1.000000 0.000000 0.000000 23.545500 -0.000000 1.000000 0.000000 0.000000 0.000000 0.000000 1.000000 0.000000 0.000000 0.000000 0.000000 1.000000
1.000000 0.000000 -0.000000 23.545500 -0.000000 1.000000 0.000000 0.000000 -0.000000 0.000000 1.000000 -0.000000 0.000000 0.000000 0.000000 1.000000
1.000000 -0.000000 0.000000 23.545500 -0.000000 1.000000 0.000000 0.000000 0.000000 -0.000000 1.000000 -0.000000 0.000000 0.000000 0.000000 1.000000
1.000000 0.000000 0.000000 23.545500 0.000000 1.000000 -0.000000 0.000000 0.000000 0.000000 1.000000 -0.000000 0.000000 0.000000 0.000000 1.000000
1.000000 0.000000 -0.000000 23.545500 -0.000000 1.000000 0.000000 0.000000 0.000000 -0.000000 1.000000 0.000000 0.000000 0.000000 0.000000 1.000000
1.000000 -0.000000 0.000000 23.545500 -0.000000 1.000000 0.000000 0.000000 -0.000000 -0.000000 1.000000 0.000000 0.000000 0.000000 0.000000 1.000000
1.000000 0.000000 -0.000000 23.545500 0.000000 1.000000 0.000000 0.000000 0.000000 0.000000 1.000000 -0.000000 0.000000 0.000000 0.000000 1.000000
1.000000 0.000000 0.000000 23.545500 -0.000000 1.000000 0.000000 0.000000 0.000000 0.000000 1.000000 0.000000 0.000000 0.000000 0.000000 1.000000
1.000000 0.000000 0.000000 23.545500 0.000000 1.000000 0.000000 0.000000 0.000000 -0.000000 1.000000 0.000000 0.000000 0.000000 0.000000 1.000000
1.000000 0.000000 0.000000 23.545500 0.000000 1.000000 0.000000 0.000000 -0.000000 -0.000000 1.000000 0.000000 0.000000 0.000000 0.000000 1.000000
1.000000 -0.000000 0.000000 23.545500 0.000000 1.000000 0.000000 0.000000 0.000000 0.000000 1.000000 -0.000000 0.000000 0.000000 0.000000 1.000000
1.000000 -0.000000 0.000000 23.545500 -0.000000 1.000000 0.000000 -0.000000 0.000000 -0.000000 1.000000 -0.000000 0.000000 0.000000 0.000000 1.000000
1.000000 -0.000000 0.000000 23.545500 0.000000 1.000000 -0.000000 0.000000 -0.000000 -0.000000 1.000000 0.000000 0.000000 0.000000 0.000000 1.000000
1.000000 0.000000 0.000000 23.545500 -0.000000 1.000000 0.000000 0.000000 0.000000 -0.000000 1.000000 0.000000 0.000000 0.000000 0.000000 1.000000
1.000000 -0.000000 -0.000000 23.545500 0.000000 1.000000 -0.000000 0.000000 0.000000 0.000000 1.000000 0.000000 0.000000 0.000000 0.000000 1.000000
1.000000 0.000000 -0.000000 23.545500 -0.000000 1.000000 0.000000 0.000000 0.000000 -0.000000 1.000000 0.000000 0.000000 0.000000 0.000000 1.000000
1.000000 -0.000000 0.000000 23.545500 0.000000 1.000000 0.000000 0.000000 -0.000000 0.000000 1.000000 0.000000 0.000000 0.000000 0.000000 1.000000
1.000000 0.000000 0.000000 23.545500 -0.000000 1.000000 -0.000000 0.000000 0.000000 0.000000 1.000000 0.000000 0.000000 0.000000 0.000000 1.000000</float_array>
        <technique_common>
          <accessor source="#mixamorig_F_skirt3-Matrix-animation-output-transform-array" count="25" stride="16">
            <param type="float4x4"/>
          </accessor>
        </technique_common>
      </source>
      <source id="mixamorig_F_skirt3-Interpolations">
        <Name_array id="mixamorig_F_skirt3-Interpolations-array" count="25">
 LINEAR LINEAR LINEAR LINEAR LINEAR LINEAR LINEAR LINEAR LINEAR LINEAR LINEAR
LINEAR LINEAR LINEAR LINEAR LINEAR LINEAR LINEAR LINEAR LINEAR LINEAR LINEAR LINEAR
LINEAR LINEAR</Name_array>
        <technique_common>
          <accessor source="#mixamorig_F_skirt3-Interpolations-array" count="25">
            <param type="name"/>
          </accessor>
        </technique_common>
      </source>
      <sampler id="mixamorig_F_skirt3-Matrix-animation-transform">
        <input semantic="INPUT" source="#mixamorig_F_skirt3-Matrix-animation-input"/>
        <input semantic="OUTPUT" source="#mixamorig_F_skirt3-Matrix-animation-output-transform"/>
        <input semantic="INTERPOLATION" source="#mixamorig_F_skirt3-Interpolations"/>
      </sampler>
      <channel source="#mixamorig_F_skirt3-Matrix-animation-transform" target="mixamorig_F_skirt3/matrix"/>
    </animation>
  </library_animations>
  <library_visual_scenes>
    <visual_scene id="RootNode" name="RootNode">
      <node id="mixamorig_Hips" name="mixamorig_Hips" sid="mixamorig_Hips" type="JOINT">
        <matrix sid="matrix">0.728817 0.044352 -0.683270 -3.116735 0.011989 0.996920 0.077500 95.291794 0.684603 -0.064675 0.726041 2.917755 0.000000 0.000000 0.000000 1.000000</matrix>
        <node id="mixamorig_Spine" name="mixamorig_Spine" sid="mixamorig_Spine" type="JOINT">
          <matrix sid="matrix">0.997593 0.069325 -0.001215 0.072000 -0.068600 0.984315 -0.162537 7.257300 -0.010072 0.162229 0.986702 -0.789700 0.000000 0.000000 0.000000 1.000000</matrix>
          <node id="mixamorig_Spine1" name="mixamorig_Spine1" sid="mixamorig_Spine1" type="JOINT">
            <matrix sid="matrix">0.992710 0.119041 -0.018854 0.000000 -0.112807 0.862623 -0.493108 8.558700 -0.042436 0.491641 0.869764 0.000000 0.000000 0.000000 0.000000 1.000000</matrix>
            <node id="mixamorig_Spine2" name="mixamorig_Spine2" sid="mixamorig_Spine2" type="JOINT">
              <matrix sid="matrix">0.992710 0.116719 -0.030048 0.000000 -0.112807 0.812026 -0.572616 29.149500 -0.042435 0.571831 0.819273 1.721100 0.000000 0.000000 0.000000 1.000000</matrix>
              <node id="mixamorig_Neck" name="mixamorig_Neck" sid="mixamorig_Neck" type="JOINT">
                <matrix sid="matrix">0.990538 0.113187 0.077608 -0.000000 -0.110959 0.993295 -0.032457 13.857900 -0.080761 0.023539 0.996455 7.405300 0.000000 0.000000 0.000000 1.000000</matrix>
                <node id="mixamorig_Head" name="mixamorig_Head" sid="mixamorig_Head" type="JOINT">
                  <matrix sid="matrix">0.991466 -0.026911 0.127561 0.000000 0.031816 0.998824 -0.036572 8.198500 -0.126426 0.040319 0.991156 5.703100 0.000000 0.000000 0.000000 1.000000</matrix>
                  <node id="mixamorig_HeadTop_End" name="mixamorig_HeadTop_End" sid="mixamorig_HeadTop_End" type="JOINT">
                    <matrix sid="matrix">1.000000 0.000000 -0.000000 0.000000 -0.000000 1.000000 0.000000 17.760799 0.000000 -0.000000 1.000000 13.332700 0.000000 0.000000 0.000000 1.000000</matrix>
                  </node>
                  <node id="LeftEye" name="LeftEye" sid="LeftEye" type="JOINT">
                    <matrix sid="matrix">1.000000 0.000000 -0.000000 3.087900 -0.000000 1.000000 0.000000 3.070100 0.000000 -0.000000 1.000000 16.773399 0.000000 0.000000 0.000000 1.000000</matrix>
                  </node>
                  <node id="RightEye" name="RightEye" sid="RightEye" type="JOINT">
                    <matrix sid="matrix">1.000000 0.000000 -0.000000 -3.303100 -0.000000 1.000000 0.000000 3.070100 0.000000 -0.000000 1.000000 16.773399 0.000000 0.000000 0.000000 1.000000</matrix>
                  </node>
                </node>
              </node>
              <node id="mixamorig_LeftShoulder" name="mixamorig_LeftShoulder" sid="mixamorig_LeftShoulder" type="JOINT">
                <matrix sid="matrix">0.085020 0.915797 -0.392540 12.584900 -0.119945 -0.381694 -0.916473 11.395200 -0.989133 0.125002 0.077394 -1.453100 0.000000 0.000000 0.000000 1.000000</matrix>
                <node id="mixamorig_LeftArm" name="mixamorig_LeftArm" sid="mixamorig_LeftArm" type="JOINT">
                  <matrix sid="matrix">0.876751 0.281602 -0.389882 0.000000 -0.052495 0.861849 0.504441 15.319300 0.478071 -0.421803 0.770409 0.000000 0.000000 0.000000 0.000000 1.000000</matrix>
                  <node id="mixamorig_LeftForeArm" name="mixamorig_LeftForeArm" sid="mixamorig_LeftForeArm" type="JOINT">
                    <matrix sid="matrix">0.932160 -0.332444 -0.143385 -0.000000 0.309211 0.937034 -0.162344 34.109299 0.188327 0.106995 0.976261 0.000000 0.000000 0.000000 0.000000 1.000000</matrix>
                    <node id="mixamorig_LeftHand" name="mixamorig_LeftHand" sid="mixamorig_LeftHand" type="JOINT">
                      <matrix sid="matrix">0.959251 -0.188980 -0.210056 0.000000 0.275221 0.793200 0.543219 41.076000 0.063959 -0.578896 0.812889 0.000000 0.000000 0.000000 0.000000 1.000000</matrix>
                      <node id="mixamorig_LeftHandThumb1" name="mixamorig_LeftHandThumb1" sid="mixamorig_LeftHandThumb1" type="JOINT">
                        <matrix sid="matrix">0.889484 -0.303402 0.341710 -9.706200 0.442375 0.759171 -0.477456 9.904300 -0.114555 0.575854 0.809487 7.213800 0.000000 0.000000 0.000000 1.000000</matrix>
                        <node id="mixamorig_LeftHandThumb2" name="mixamorig_LeftHandThumb2" sid="mixamorig_LeftHandThumb2" type="JOINT">
                          <matrix sid="matrix">0.999998 0.001690 0.001278 0.000000 -0.001708 0.999890 0.014728 2.369000 -0.001253 -0.014730 0.999891 0.000000 0.000000 0.000000 0.000000 1.000000</matrix>
                          <node id="mixamorig_LeftHandThumb3" name="mixamorig_LeftHandThumb3" sid="mixamorig_LeftHandThumb3" type="JOINT">
                            <matrix sid="matrix">1.000000 0.000000 0.000067 0.000000 -0.000000 1.000000 -0.000000 2.785200 -0.000067 0.000000 1.000000 0.000000 0.000000 0.000000 0.000000 1.000000</matrix>
                            <node id="mixamorig_LeftHandThumb4" name="mixamorig_LeftHandThumb4" sid="mixamorig_LeftHandThumb4" type="JOINT">
                              <matrix sid="matrix">1.000000 -0.000000 -0.000000 0.000000 -0.000000 1.000000 0.000000 6.195100 0.000000 -0.000000 1.000000 -0.000000 0.000000 0.000000 0.000000 1.000000</matrix>
                            </node>
                          </node>
                        </node>
                      </node>
                      <node id="mixamorig_LeftHandIndex1" name="mixamorig_LeftHandIndex1" sid="mixamorig_LeftHandIndex1" type="JOINT">
                        <matrix sid="matrix">0.991479 -0.130070 -0.007114 -4.736600 0.129281 0.989226 -0.068692 18.296801 0.015972 0.067187 0.997613 0.973500 0.000000 0.000000 0.000000 1.000000</matrix>
                        <node id="mixamorig_LeftHandIndex2" name="mixamorig_LeftHandIndex2" sid="mixamorig_LeftHandIndex2" type="JOINT">
                          <matrix sid="matrix">0.999905 0.013347 -0.003364 0.000000 -0.013754 0.959125 -0.282647 4.697600 -0.000546 0.282666 0.959218 -0.000000 0.000000 0.000000 0.000000 1.000000</matrix>
                          <node id="mixamorig_LeftHandIndex3" name="mixamorig_LeftHandIndex3" sid="mixamorig_LeftHandIndex3" type="JOINT">
                            <matrix sid="matrix">1.000000 -0.000000 0.000000 0.000000 0.000000 1.000000 -0.000000 2.893900 -0.000000 0.000000 1.000000 0.000000 0.000000 0.000000 0.000000 1.000000</matrix>
                            <node id="mixamorig_LeftHandIndex4" name="mixamorig_LeftHandIndex4" sid="mixamorig_LeftHandIndex4" type="JOINT">
                              <matrix sid="matrix">1.000000 0.000000 -0.000000 0.000000 -0.000000 1.000000 -0.000000 6.140600 0.000000 0.000000 1.000000 0.000000 0.000000 0.000000 0.000000 1.000000</matrix>
                            </node>
                          </node>
                        </node>
                      </node>
                      <node id="mixamorig_LeftHandMiddle1" name="mixamorig_LeftHandMiddle1" sid="mixamorig_LeftHandMiddle1" type="JOINT">
                        <matrix sid="matrix">0.986503 0.163576 -0.007346 -0.139500 -0.160182 0.954785 -0.250455 17.924500 -0.033955 0.248252 0.968100 0.050800 0.000000 0.000000 0.000000 1.000000</matrix>
                        <node id="mixamorig_LeftHandMiddle2" name="mixamorig_LeftHandMiddle2" sid="mixamorig_LeftHandMiddle2" type="JOINT">
                          <matrix sid="matrix">0.999584 -0.028689 0.002861 0.000000 0.027690 0.927612 -0.372517 5.001900 0.008034 0.372441 0.928021 -0.000000 0.000000 0.000000 0.000000 1.000000</matrix>
                          <node id="mixamorig_LeftHandMiddle3" name="mixamorig_LeftHandMiddle3" sid="mixamorig_LeftHandMiddle3" type="JOINT">
                            <matrix sid="matrix">1.000000 -0.000000 0.000000 0.000000 0.000000 1.000000 0.000000 3.278600 -0.000000 -0.000000 1.000000 0.000000 0.000000 0.000000 0.000000 1.000000</matrix>
                            <node id="mixamorig_LeftHandMiddle4" name="mixamorig_LeftHandMiddle4" sid="mixamorig_LeftHandMiddle4" type="JOINT">
                              <matrix sid="matrix">1.000000 0.000000 0.000000 -0.000000 0.000000 1.000000 0.000000 4.422900 0.000000 0.000000 1.000000 0.000000 0.000000 0.000000 0.000000 1.000000</matrix>
                            </node>
                          </node>
                        </node>
                      </node>
                      <node id="mixamorig_LeftHandRing1" name="mixamorig_LeftHandRing1" sid="mixamorig_LeftHandRing1" type="JOINT">
                        <matrix sid="matrix">0.967496 0.236048 -0.090731 3.988400 -0.248930 0.825756 -0.506123 15.764500 -0.044547 0.512258 0.857675 0.151700 0.000000 0.000000 0.000000 1.000000</matrix>
                        <node id="mixamorig_LeftHandRing2" name="mixamorig_LeftHandRing2" sid="mixamorig_LeftHandRing2" type="JOINT">
                          <matrix sid="matrix">0.998802 -0.045988 0.016697 0.000000 0.047849 0.846990 -0.529452 3.497800 0.010206 0.529617 0.848176 0.000000 0.000000 0.000000 0.000000 1.000000</matrix>
                          <node id="mixamorig_LeftHandRing3" name="mixamorig_LeftHandRing3" sid="mixamorig_LeftHandRing3" type="JOINT">
                            <matrix sid="matrix">1.000000 0.000000 -0.000000 0.000000 -0.000000 1.000000 -0.000000 2.983800 0.000000 0.000000 1.000000 0.000000 0.000000 0.000000 0.000000 1.000000</matrix>
                            <node id="mixamorig_LeftHandRing4" name="mixamorig_LeftHandRing4" sid="mixamorig_LeftHandRing4" type="JOINT">
                              <matrix sid="matrix">1.000000 0.000000 0.000000 0.000000 -0.000000 1.000000 -0.000000 4.922500 -0.000000 -0.000000 1.000000 0.000000 0.000000 0.000000 0.000000 1.000000</matrix>
                            </node>
                          </node>
                        </node>
                      </node>
                      <node id="mixamorig_LeftHandPinky1" name="mixamorig_LeftHandPinky1" sid="mixamorig_LeftHandPinky1" type="JOINT">
                        <matrix sid="matrix">0.948465 0.294304 -0.117467 6.663900 -0.309111 0.777705 -0.547380 12.707900 -0.069742 0.555482 0.828599 0.878100 0.000000 0.000000 0.000000 1.000000</matrix>
                        <node id="mixamorig_LeftHandPinky2" name="mixamorig_LeftHandPinky2" sid="mixamorig_LeftHandPinky2" type="JOINT">
                          <matrix sid="matrix">0.994758 -0.086416 0.054661 0.000000 0.101486 0.769090 -0.631032 3.376600 0.012492 0.633272 0.773828 0.000000 0.000000 0.000000 0.000000 1.000000</matrix>
                          <node id="mixamorig_LeftHandPinky3" name="mixamorig_LeftHandPinky3" sid="mixamorig_LeftHandPinky3" type="JOINT">
                            <matrix sid="matrix">1.000000 0.000000 0.000000 -0.000000 -0.000000 1.000000 0.000000 2.998500 -0.000000 -0.000000 1.000000 0.000000 0.000000 0.000000 0.000000 1.000000</matrix>
                            <node id="mixamorig_LeftHandPinky4" name="mixamorig_LeftHandPinky4" sid="mixamorig_LeftHandPinky4" type="JOINT">
                              <matrix sid="matrix">1.000000 0.000000 0.000000 0.000000 0.000000 1.000000 -0.000000 5.798100 0.000000 -0.000000 1.000000 0.000000 0.000000 0.000000 0.000000 1.000000</matrix>
                            </node>
                          </node>
                        </node>
                      </node>
                    </node>
                  </node>
                </node>
              </node>
              <node id="mixamorig_RightShoulder" name="mixamorig_RightShoulder" sid="mixamorig_RightShoulder" type="JOINT">
                <matrix sid="matrix">-0.111050 -0.921707 0.371649 -12.584900 0.140118 -0.384748 -0.912325 11.394900 0.983888 -0.049239 0.171874 -1.453100 0.000000 0.000000 0.000000 1.000000</matrix>
                <node id="mixamorig_RightArm" name="mixamorig_RightArm" sid="mixamorig_RightArm" type="JOINT">
                  <matrix sid="matrix">0.874737 -0.349138 0.336063 -0.000000 0.180620 0.878414 0.442454 15.319300 -0.449680 -0.326331 0.831442 -0.000000 0.000000 0.000000 0.000000 1.000000</matrix>
                  <node id="mixamorig_RightForeArm" name="mixamorig_RightForeArm" sid="mixamorig_RightForeArm" type="JOINT">
                    <matrix sid="matrix">0.881710 0.469208 0.049313 -0.000000 -0.466897 0.882800 -0.051691 34.109299 -0.067787 0.022552 0.997445 0.000000 0.000000 0.000000 0.000000 1.000000</matrix>
                    <node id="mixamorig_RightHand" name="mixamorig_RightHand" sid="mixamorig_RightHand" type="JOINT">
                      <matrix sid="matrix">0.995071 0.091891 0.037282 0.000000 -0.095727 0.791943 0.603045 41.076000 0.025890 -0.603641 0.796836 0.000000 0.000000 0.000000 0.000000 1.000000</matrix>
                      <node id="mixamorig_RightHandThumb1" name="mixamorig_RightHandThumb1" sid="mixamorig_RightHandThumb1" type="JOINT">
                        <matrix sid="matrix">0.890646 0.449601 -0.067892 9.706200 -0.438050 0.808386 -0.393223 9.903700 -0.121910 0.379963 0.916933 7.214200 0.000000 0.000000 0.000000 1.000000</matrix>
                        <node id="mixamorig_RightHandThumb2" name="mixamorig_RightHandThumb2" sid="mixamorig_RightHandThumb2" type="JOINT">
                          <matrix sid="matrix">0.932988 -0.359851 0.006314 0.000000 0.359906 0.932858 -0.015601 2.369600 -0.000276 0.016828 0.999858 0.000000 0.000000 0.000000 0.000000 1.000000</matrix>
                          <node id="mixamorig_RightHandThumb3" name="mixamorig_RightHandThumb3" sid="mixamorig_RightHandThumb3" type="JOINT">
                            <matrix sid="matrix">1.000000 0.000000 -0.000071 0.000000 -0.000000 1.000000 0.000000 2.785100 0.000071 -0.000000 1.000000 0.000000 0.000000 0.000000 0.000000 1.000000</matrix>
                            <node id="mixamorig_RightHandThumb4" name="mixamorig_RightHandThumb4" sid="mixamorig_RightHandThumb4" type="JOINT">
                              <matrix sid="matrix">1.000000 0.000000 0.000000 0.000000 -0.000000 1.000000 0.000000 6.195100 0.000000 -0.000000 1.000000 0.000000 0.000000 0.000000 0.000000 1.000000</matrix>
                            </node>
                          </node>
                        </node>
                      </node>
                      <node id="mixamorig_RightHandIndex1" name="mixamorig_RightHandIndex1" sid="mixamorig_RightHandIndex1" type="JOINT">
                        <matrix sid="matrix">0.999732 -0.011812 0.019931 4.736600 0.013408 0.996548 -0.081928 18.296400 -0.018895 0.082173 0.996439 0.973900 0.000000 0.000000 0.000000 1.000000</matrix>
                        <node id="mixamorig_RightHandIndex2" name="mixamorig_RightHandIndex2" sid="mixamorig_RightHandIndex2" type="JOINT">
                          <matrix sid="matrix">0.999813 -0.019055 0.003259 -0.000000 0.019177 0.956416 -0.291377 4.698000 0.002436 0.291385 0.956603 -0.000000 0.000000 0.000000 0.000000 1.000000</matrix>
                          <node id="mixamorig_RightHandIndex3" name="mixamorig_RightHandIndex3" sid="mixamorig_RightHandIndex3" type="JOINT">
                            <matrix sid="matrix">1.000000 -0.000000 0.000000 -0.000000 0.000000 1.000000 0.000000 2.894000 -0.000000 -0.000000 1.000000 0.000000 0.000000 0.000000 0.000000 1.000000</matrix>
                            <node id="mixamorig_RightHandIndex4" name="mixamorig_RightHandIndex4" sid="mixamorig_RightHandIndex4" type="JOINT">
                              <matrix sid="matrix">1.000000 0.000000 0.000000 -0.000000 0.000000 1.000000 0.000000 6.140000 0.000000 0.000000 1.000000 0.000000 0.000000 0.000000 0.000000 1.000000</matrix>
                            </node>
                          </node>
                        </node>
                      </node>
                      <node id="mixamorig_RightHandMiddle1" name="mixamorig_RightHandMiddle1" sid="mixamorig_RightHandMiddle1" type="JOINT">
                        <matrix sid="matrix">0.999022 -0.039057 0.020714 0.139500 0.042699 0.973854 -0.223125 17.923901 -0.011458 0.223792 0.974570 0.051600 0.000000 0.000000 0.000000 1.000000</matrix>
                        <node id="mixamorig_RightHandMiddle2" name="mixamorig_RightHandMiddle2" sid="mixamorig_RightHandMiddle2" type="JOINT">
                          <matrix sid="matrix">0.999415 0.033618 -0.006309 0.000000 -0.032155 0.860499 -0.508436 5.002000 -0.011664 0.508341 0.861077 0.000000 0.000000 0.000000 0.000000 1.000000</matrix>
                          <node id="mixamorig_RightHandMiddle3" name="mixamorig_RightHandMiddle3" sid="mixamorig_RightHandMiddle3" type="JOINT">
                            <matrix sid="matrix">1.000000 0.000000 0.000000 -0.000000 -0.000000 1.000000 -0.000000 3.279000 -0.000000 0.000000 1.000000 0.000000 0.000000 0.000000 0.000000 1.000000</matrix>
                            <node id="mixamorig_RightHandMiddle4" name="mixamorig_RightHandMiddle4" sid="mixamorig_RightHandMiddle4" type="JOINT">
                              <matrix sid="matrix">1.000000 0.000000 0.000000 0.000000 -0.000000 1.000000 0.000000 4.423000 -0.000000 0.000000 1.000000 0.000000 0.000000 0.000000 0.000000 1.000000</matrix>
                            </node>
                          </node>
                        </node>
                      </node>
                      <node id="mixamorig_RightHandRing1" name="mixamorig_RightHandRing1" sid="mixamorig_RightHandRing1" type="JOINT">
                        <matrix sid="matrix">0.991794 -0.127725 0.005534 -3.988400 0.120669 0.920945 -0.370538 15.764000 0.042231 0.368165 0.928801 0.151600 0.000000 0.000000 0.000000 1.000000</matrix>
                        <node id="mixamorig_RightHandRing2" name="mixamorig_RightHandRing2" sid="mixamorig_RightHandRing2" type="JOINT">
                          <matrix sid="matrix">0.997650 0.063234 -0.026384 0.000000 -0.066260 0.792373 -0.606427 3.498000 -0.017441 0.606750 0.794701 0.000000 0.000000 0.000000 0.000000 1.000000</matrix>
                          <node id="mixamorig_RightHandRing3" name="mixamorig_RightHandRing3" sid="mixamorig_RightHandRing3" type="JOINT">
                            <matrix sid="matrix">1.000000 -0.000000 -0.000000 0.000000 0.000000 1.000000 0.000000 2.984000 0.000000 -0.000000 1.000000 0.000000 0.000000 0.000000 0.000000 1.000000</matrix>
                            <node id="mixamorig_RightHandRing4" name="mixamorig_RightHandRing4" sid="mixamorig_RightHandRing4" type="JOINT">
                              <matrix sid="matrix">1.000000 -0.000000 0.000000 -0.000000 0.000000 1.000000 0.000000 4.922000 0.000000 0.000000 1.000000 0.000000 0.000000 0.000000 0.000000 1.000000</matrix>
                            </node>
                          </node>
                        </node>
                      </node>
                      <node id="mixamorig_RightHandPinky1" name="mixamorig_RightHandPinky1" sid="mixamorig_RightHandPinky1" type="JOINT">
                        <matrix sid="matrix">0.984225 -0.176425 0.013212 -6.663900 0.166359 0.897484 -0.408468 12.707500 0.060207 0.404223 0.912677 0.878800 0.000000 0.000000 0.000000 1.000000</matrix>
                        <node id="mixamorig_RightHandPinky2" name="mixamorig_RightHandPinky2" sid="mixamorig_RightHandPinky2" type="JOINT">
                          <matrix sid="matrix">0.990159 0.120575 -0.071044 0.000000 -0.137615 0.746556 -0.650934 3.377000 -0.025448 0.654305 0.755802 0.000000 0.000000 0.000000 0.000000 1.000000</matrix>
                          <node id="mixamorig_RightHandPinky3" name="mixamorig_RightHandPinky3" sid="mixamorig_RightHandPinky3" type="JOINT">
                            <matrix sid="matrix">1.000000 0.000000 -0.000000 0.000000 -0.000000 1.000000 0.000000 2.998000 0.000000 -0.000000 1.000000 0.000000 0.000000 0.000000 0.000000 1.000000</matrix>
                            <node id="mixamorig_RightHandPinky4" name="mixamorig_RightHandPinky4" sid="mixamorig_RightHandPinky4" type="JOINT">
                              <matrix sid="matrix">1.000000 0.000000 -0.000000 0.000000 0.000000 1.000000 0.000000 5.798000 0.000000 -0.000000 1.000000 0.000000 0.000000 0.000000 0.000000 1.000000</matrix>
                            </node>
                          </node>
                        </node>
                      </node>
                    </node>
                  </node>
                </node>
              </node>
            </node>
            <node id="mixamorig_L_horn1" name="mixamorig_L_horn1" sid="mixamorig_L_horn1" type="JOINT">
              <matrix sid="matrix">0.602488 0.000515 0.798128 1.847600 -0.698753 0.483576 0.527160 4.379700 -0.385684 -0.875302 0.291709 -10.115900 0.000000 0.000000 0.000000 1.000000</matrix>
              <node id="mixamorig_L_horn2" name="mixamorig_L_horn2" sid="mixamorig_L_horn2" type="JOINT">
                <matrix sid="matrix">1.000000 -0.000000 0.000000 20.340599 -0.000000 1.000000 0.000000 0.000000 0.000000 0.000000 1.000000 0.000000 0.000000 0.000000 0.000000 1.000000</matrix>
              </node>
            </node>
            <node id="mixamorig_R_horn1" name="mixamorig_R_horn1" sid="mixamorig_R_horn1" type="JOINT">
              <matrix sid="matrix">-0.591028 -0.129171 0.796242 -3.147700 -0.778219 0.351067 -0.520699 4.536700 -0.212275 -0.927398 -0.308014 -10.290500 0.000000 0.000000 0.000000 1.000000</matrix>
              <node id="mixamorig_R_horn2" name="mixamorig_R_horn2" sid="mixamorig_R_horn2" type="JOINT">
                <matrix sid="matrix">1.000000 0.000000 -0.000000 21.374399 0.000000 1.000000 0.000000 0.000000 -0.000000 0.000000 1.000000 0.000000 0.000000 0.000000 0.000000 1.000000</matrix>
              </node>
            </node>
          </node>
        </node>
        <node id="mixamorig_LeftUpLeg" name="mixamorig_LeftUpLeg" sid="mixamorig_LeftUpLeg" type="JOINT">
          <matrix sid="matrix">-0.940884 0.318101 -0.116398 13.026900 -0.040771 0.234782 0.971193 -6.336300 0.336265 0.918526 -0.207933 -1.092800 0.000000 0.000000 0.000000 1.000000</matrix>
          <node id="mixamorig_LeftLeg" name="mixamorig_LeftLeg" sid="mixamorig_LeftLeg" type="JOINT">
            <matrix sid="matrix">0.999921 0.003654 -0.012053 -0.000000 0.009699 -0.833889 0.551848 46.951000 -0.008034 -0.551921 -0.833858 -0.000000 0.000000 0.000000 0.000000 1.000000</matrix>
            <node id="mixamorig_LeftFoot" name="mixamorig_LeftFoot" sid="mixamorig_LeftFoot" type="JOINT">
              <matrix sid="matrix">0.958631 0.219154 -0.181653 -0.000000 -0.284650 0.739535 -0.609969 55.112000 0.000661 0.636443 0.771324 -0.000000 0.000000 0.000000 0.000000 1.000000</matrix>
              <node id="mixamorig_LeftToeBase" name="mixamorig_LeftToeBase" sid="mixamorig_LeftToeBase" type="JOINT">
                <matrix sid="matrix">1.000000 -0.000000 0.000002 -0.000000 0.000001 0.695798 -0.718237 22.799999 -0.000001 0.718237 0.695798 0.000000 0.000000 0.000000 0.000000 1.000000</matrix>
                <node id="mixamorig_LeftToe_End" name="mixamorig_LeftToe_End" sid="mixamorig_LeftToe_End" type="JOINT">
                  <matrix sid="matrix">1.000000 -0.000000 0.000000 0.000000 0.000000 1.000000 0.000000 9.596000 0.000000 0.000000 1.000000 0.000000 0.000000 0.000000 0.000000 1.000000</matrix>
                </node>
              </node>
            </node>
          </node>
        </node>
        <node id="mixamorig_RightUpLeg" name="mixamorig_RightUpLeg" sid="mixamorig_RightUpLeg" type="JOINT">
          <matrix sid="matrix">-0.925054 -0.368116 0.093624 -12.883000 0.004650 0.235493 0.971865 -6.336200 -0.379807 0.899463 -0.216132 -1.092800 0.000000 0.000000 0.000000 1.000000</matrix>
          <node id="mixamorig_RightLeg" name="mixamorig_RightLeg" sid="mixamorig_RightLeg" type="JOINT">
            <matrix sid="matrix">0.983919 0.047063 -0.172303 -0.000000 0.119593 -0.890095 0.439804 46.951099 -0.132668 -0.453338 -0.881410 -0.000000 0.000000 0.000000 0.000000 1.000000</matrix>
            <node id="mixamorig_RightFoot" name="mixamorig_RightFoot" sid="mixamorig_RightFoot" type="JOINT">
              <matrix sid="matrix">0.903562 -0.384659 0.188714 0.000000 0.406872 0.908367 -0.096561 55.112000 -0.134278 0.164031 0.977273 -0.000000 0.000000 0.000000 0.000000 1.000000</matrix>
              <node id="mixamorig_RightToeBase" name="mixamorig_RightToeBase" sid="mixamorig_RightToeBase" type="JOINT">
                <matrix sid="matrix">1.000000 -0.000001 0.000002 0.000000 0.000002 0.747453 -0.664314 22.799999 -0.000001 0.664314 0.747453 0.000000 0.000000 0.000000 0.000000 1.000000</matrix>
                <node id="mixamorig_RightToe_End" name="mixamorig_RightToe_End" sid="mixamorig_RightToe_End" type="JOINT">
                  <matrix sid="matrix">1.000000 0.000000 0.000000 -0.000000 0.000000 1.000000 0.000000 9.596000 0.000000 0.000000 1.000000 -0.000000 0.000000 0.000000 0.000000 1.000000</matrix>
                </node>
              </node>
            </node>
          </node>
        </node>
        <node id="mixamorig_L_C_skirt1" name="mixamorig_L_C_skirt1" sid="mixamorig_L_C_skirt1" type="JOINT">
          <matrix sid="matrix">0.035066 0.292039 0.955763 12.441200 -0.989026 0.147481 -0.008777 4.607000 -0.143520 -0.944967 0.294006 -11.833000 0.000000 0.000000 0.000000 1.000000</matrix>
          <node id="mixamorig_L_C_skirt2" name="mixamorig_L_C_skirt2" sid="mixamorig_L_C_skirt2" type="JOINT">
            <matrix sid="matrix">1.000000 -0.000000 -0.000000 27.657801 0.000000 1.000000 0.000000 0.000000 -0.000000 -0.000000 1.000000 0.000000 0.000000 0.000000 0.000000 1.000000</matrix>
            <node id="mixamorig_L_C_skirt3" name="mixamorig_L_C_skirt3" sid="mixamorig_L_C_skirt3" type="JOINT">
              <matrix sid="matrix">1.000000 0.000000 0.000000 23.970100 0.000000 1.000000 0.000000 0.000000 -0.000000 -0.000000 1.000000 -0.000000 0.000000 0.000000 0.000000 1.000000</matrix>
              <node id="mixamorig_L_C_skirt4" name="mixamorig_L_C_skirt4" sid="mixamorig_L_C_skirt4" type="JOINT">
                <matrix sid="matrix">1.000000 0.000000 0.000000 30.792400 0.000000 1.000000 0.000000 0.000000 -0.000000 0.000000 1.000000 0.000000 0.000000 0.000000 0.000000 1.000000</matrix>
              </node>
            </node>
          </node>
        </node>
        <node id="mixamorig_L_A_skirt1" name="mixamorig_L_A_skirt1" sid="mixamorig_L_A_skirt1" type="JOINT">
          <matrix sid="matrix">0.142123 0.623442 -0.768844 18.178400 -0.988646 0.051128 -0.141295 3.981100 -0.048780 0.780196 0.623630 19.504801 0.000000 0.000000 0.000000 1.000000</matrix>
          <node id="mixamorig_L_A_skirt2" name="mixamorig_L_A_skirt2" sid="mixamorig_L_A_skirt2" type="JOINT">
            <matrix sid="matrix">1.000000 0.000000 -0.000000 27.335699 0.000000 1.000000 0.000000 0.000000 -0.000000 0.000000 1.000000 0.000000 0.000000 0.000000 0.000000 1.000000</matrix>
            <node id="mixamorig_L_A_skirt3" name="mixamorig_L_A_skirt3" sid="mixamorig_L_A_skirt3" type="JOINT">
              <matrix sid="matrix">1.000000 -0.000000 -0.000000 27.066099 0.000000 1.000000 0.000000 -0.000000 -0.000000 0.000000 1.000000 0.000000 0.000000 0.000000 0.000000 1.000000</matrix>
              <node id="mixamorig_L_A_skirt4" name="mixamorig_L_A_skirt4" sid="mixamorig_L_A_skirt4" type="JOINT">
                <matrix sid="matrix">1.000000 0.000000 0.000000 30.881599 0.000000 1.000000 0.000000 0.000000 0.000000 0.000000 1.000000 0.000000 0.000000 0.000000 0.000000 1.000000</matrix>
              </node>
            </node>
          </node>
        </node>
        <node id="mixamorig_L_B_skirt1" name="mixamorig_L_B_skirt1" sid="mixamorig_L_B_skirt1" type="JOINT">
          <matrix sid="matrix">0.142186 0.942169 0.303482 22.933800 -0.985105 0.164643 -0.049605 6.145800 -0.096702 -0.291908 0.951545 0.309300 0.000000 0.000000 0.000000 1.000000</matrix>
          <node id="mixamorig_L_B_skirt2" name="mixamorig_L_B_skirt2" sid="mixamorig_L_B_skirt2" type="JOINT">
            <matrix sid="matrix">1.000000 0.000000 0.000000 27.083401 -0.000000 1.000000 0.000000 0.000000 0.000000 0.000000 1.000000 -0.000000 0.000000 0.000000 0.000000 1.000000</matrix>
            <node id="mixamorig_L_B_skirt3" name="mixamorig_L_B_skirt3" sid="mixamorig_L_B_skirt3" type="JOINT">
              <matrix sid="matrix">1.000000 0.000000 0.000000 26.734800 0.000000 1.000000 -0.000000 0.000000 0.000000 0.000000 1.000000 0.000000 0.000000 0.000000 0.000000 1.000000</matrix>
              <node id="mixamorig_L_B_skirt4" name="mixamorig_L_B_skirt4" sid="mixamorig_L_B_skirt4" type="JOINT">
                <matrix sid="matrix">1.000000 0.000000 0.000000 29.821199 0.000000 1.000000 0.000000 0.000000 0.000000 0.000000 1.000000 0.000000 0.000000 0.000000 0.000000 1.000000</matrix>
              </node>
            </node>
          </node>
        </node>
        <node id="mixamorig_R_C_skirt1" name="mixamorig_R_C_skirt1" sid="mixamorig_R_C_skirt1" type="JOINT">
          <matrix sid="matrix">-0.035070 -0.292039 0.955763 -12.297300 -0.989026 0.147482 0.008774 4.606800 -0.143520 -0.944967 -0.294006 -11.833000 0.000000 0.000000 0.000000 1.000000</matrix>
          <node id="mixamorig_R_C_skirt2" name="mixamorig_R_C_skirt2" sid="mixamorig_R_C_skirt2" type="JOINT">
            <matrix sid="matrix">1.000000 0.000000 0.000000 27.657600 0.000000 1.000000 0.000000 0.000100 -0.000000 -0.000000 1.000000 0.000000 0.000000 0.000000 0.000000 1.000000</matrix>
            <node id="mixamorig_R_C_skirt3" name="mixamorig_R_C_skirt3" sid="mixamorig_R_C_skirt3" type="JOINT">
              <matrix sid="matrix">1.000000 0.000000 0.000000 23.969999 0.000000 1.000000 0.000000 0.000000 -0.000000 -0.000000 1.000000 0.000100 0.000000 0.000000 0.000000 1.000000</matrix>
              <node id="mixamorig_R_C_skirt4" name="mixamorig_R_C_skirt4" sid="mixamorig_R_C_skirt4" type="JOINT">
                <matrix sid="matrix">1.000000 -0.000000 0.000000 30.792400 0.000000 1.000000 0.000000 0.000000 -0.000000 -0.000000 1.000000 0.000000 0.000000 0.000000 0.000000 1.000000</matrix>
              </node>
            </node>
          </node>
        </node>
        <node id="mixamorig_R_A_skirt1" name="mixamorig_R_A_skirt1" sid="mixamorig_R_A_skirt1" type="JOINT">
          <matrix sid="matrix">-0.142126 -0.623440 -0.768845 -18.034500 -0.988646 0.051130 0.141298 3.980800 -0.048780 0.780197 -0.623629 19.504801 0.000000 0.000000 0.000000 1.000000</matrix>
          <node id="mixamorig_R_A_skirt2" name="mixamorig_R_A_skirt2" sid="mixamorig_R_A_skirt2" type="JOINT">
            <matrix sid="matrix">1.000000 -0.000000 0.000000 27.335400 -0.000000 1.000000 -0.000000 -0.000100 0.000000 0.000000 1.000000 0.000100 0.000000 0.000000 0.000000 1.000000</matrix>
            <node id="mixamorig_R_A_skirt3" name="mixamorig_R_A_skirt3" sid="mixamorig_R_A_skirt3" type="JOINT">
              <matrix sid="matrix">1.000000 -0.000000 -0.000000 27.066099 -0.000000 1.000000 -0.000000 0.000100 0.000000 0.000000 1.000000 0.000000 0.000000 0.000000 0.000000 1.000000</matrix>
              <node id="mixamorig_R_A_skirt4" name="mixamorig_R_A_skirt4" sid="mixamorig_R_A_skirt4" type="JOINT">
                <matrix sid="matrix">1.000000 -0.000000 0.000000 30.881599 -0.000000 1.000000 -0.000000 0.000000 -0.000000 0.000000 1.000000 -0.000000 0.000000 0.000000 0.000000 1.000000</matrix>
              </node>
            </node>
          </node>
        </node>
        <node id="mixamorig_R_B_skirt1" name="mixamorig_R_B_skirt1" sid="mixamorig_R_B_skirt1" type="JOINT">
          <matrix sid="matrix">-0.142189 -0.942168 0.303482 -22.789900 -0.985105 0.164647 0.049604 6.145800 -0.096702 -0.291908 -0.951545 0.309300 0.000000 0.000000 0.000000 1.000000</matrix>
          <node id="mixamorig_R_B_skirt2" name="mixamorig_R_B_skirt2" sid="mixamorig_R_B_skirt2" type="JOINT">
            <matrix sid="matrix">1.000000 -0.000000 0.000000 27.083401 0.000000 1.000000 0.000000 0.000000 0.000000 0.000000 1.000000 0.000000 0.000000 0.000000 0.000000 1.000000</matrix>
            <node id="mixamorig_R_B_skirt3" name="mixamorig_R_B_skirt3" sid="mixamorig_R_B_skirt3" type="JOINT">
              <matrix sid="matrix">1.000000 -0.000000 0.000000 26.734699 0.000000 1.000000 0.000000 0.000000 0.000000 0.000000 1.000000 -0.000000 0.000000 0.000000 0.000000 1.000000</matrix>
              <node id="mixamorig_R_B_skirt4" name="mixamorig_R_B_skirt4" sid="mixamorig_R_B_skirt4" type="JOINT">
                <matrix sid="matrix">1.000000 -0.000000 0.000000 29.821199 -0.000000 1.000000 0.000000 0.000000 0.000000 0.000000 1.000000 0.000000 0.000000 0.000000 0.000000 1.000000</matrix>
              </node>
            </node>
          </node>
        </node>
        <node id="mixamorig_F_skirt1" name="mixamorig_F_skirt1" sid="mixamorig_F_skirt1" type="JOINT">
          <matrix sid="matrix">-0.000002 0.000000 -1.000000 -0.093700 -0.998606 0.052777 0.000002 -3.741800 0.052777 0.998606 0.000000 24.067699 0.000000 0.000000 0.000000 1.000000</matrix>
          <node id="mixamorig_F_skirt2" name="mixamorig_F_skirt2" sid="mixamorig_F_skirt2" type="JOINT">
            <matrix sid="matrix">1.000000 0.000000 0.000000 23.567801 -0.000000 1.000000 -0.000000 0.000000 0.000000 0.000000 1.000000 -0.000000 0.000000 0.000000 0.000000 1.000000</matrix>
            <node id="mixamorig_F_skirt3" name="mixamorig_F_skirt3" sid="mixamorig_F_skirt3" type="JOINT">
              <matrix sid="matrix">1.000000 0.000000 0.000000 23.545500 -0.000000 1.000000 -0.000000 0.000000 0.000000 0.000000 1.000000 0.000000 0.000000 0.000000 0.000000 1.000000</matrix>
              <node id="mixamorig_F_skirt4" name="mixamorig_F_skirt4" sid="mixamorig_F_skirt4" type="JOINT">
                <matrix sid="matrix">1.000000 0.000000 0.000000 24.919500 -0.000000 1.000000 -0.000000 0.000000 -0.000000 0.000000 1.000000 -0.000000 0.000000 0.000000 0.000000 1.000000</matrix>
              </node>
            </node>
          </node>
        </node>
      </node>
    </visual_scene>
  </library_visual_scenes>
  <scene>
    <instance_visual_scene url="#RootNode"/>
  </scene>
</COLLADA>
