<?xml version="1.0" encoding="utf-8"?>
<COLLADA xmlns="http://www.collada.org/2005/11/COLLADASchema" version="1.4.1">
  <asset>
    <contributor>
      <author>Mixamo</author>
      <authoring_tool>COLLADA Mixamo exporter</authoring_tool>
      <comments/>
    </contributor>
    <created>2025-09-17T09:16:56Z</created>
    <modified>2025-09-17T09:16:56Z</modified>
    <revision/>
    <title/>
    <unit meter="0.010000"/>
    <up_axis>Y_UP</up_axis>
  </asset>
  <library_animations>
    <animation id="mixamorig_Hips-anim" name="mixamorig_Hips">
      <source id="mixamorig_Hips-Matrix-animation-input">
        <float_array id="mixamorig_Hips-Matrix-animation-input-array" count="22">

0.000000 0.033333 0.066667 0.100000 0.133333 0.166667 0.200000 0.233333 0.266667 0.300000 0.333333 0.366667 0.400000 0.433333 0.466667 0.500000
0.533333 0.566667 0.600000 0.633333 0.666667 0.700000</float_array>
        <technique_common>
          <accessor source="#mixamorig_Hips-Matrix-animation-input-array" count="22">
            <param name="TIME" type="float"/>
          </accessor>
        </technique_common>
      </source>
      <source id="mixamorig_Hips-Matrix-animation-output-transform">
        <float_array id="mixamorig_Hips-Matrix-animation-output-transform-array" count="352">

0.585703 -0.257001 -0.768702 11.213795 -0.037381 0.938825 -0.342360 62.269478 0.809663 0.229256 0.540266 -4.403619 0.000000 0.000000 0.000000 1.000000
0.581467 -0.261747 -0.770314 10.954975 -0.011672 0.944051 -0.329592 56.528591 0.813486 0.200638 0.545880 -4.125440 0.000000 0.000000 0.000000 1.000000
0.585153 -0.232894 -0.776760 10.369680 0.002441 0.958373 -0.285508 53.163380 0.810920 0.165170 0.561363 -3.858524 0.000000 0.000000 0.000000 1.000000
0.600170 -0.173234 -0.780888 9.594390 0.008455 0.977585 -0.210371 52.245201 0.799828 0.119656 0.588182 -3.638978 0.000000 0.000000 0.000000 1.000000
0.623650 -0.113523 -0.773416 8.546492 0.015977 0.991043 -0.132584 54.222145 0.781540 0.070329 0.619878 -3.645647 0.000000 0.000000 0.000000 1.000000
0.658065 -0.066690 -0.750002 7.031049 0.024937 0.997454 -0.066813 59.130066 0.752548 0.025265 0.658053 -4.212897 0.000000 0.000000 0.000000 1.000000
0.697887 -0.020172 -0.715923 5.098596 0.026404 0.999648 -0.002428 66.594276 0.715721 -0.017209 0.698175 -5.015622 0.000000 0.000000 0.000000 1.000000
0.730968 0.031018 -0.681706 2.502477 0.031679 0.996347 0.079302 76.795479 0.681676 -0.079562 0.727315 -5.307480 0.000000 0.000000 0.000000 1.000000
0.758335 0.073982 -0.647653 -0.982306 0.044493 0.985347 0.164655 90.208839 0.650345 -0.153679 0.743932 -4.538744 0.000000 0.000000 0.000000 1.000000
0.773385 0.096588 -0.626536 -5.446476 0.053161 0.974962 0.215923 106.661079 0.631704 -0.200299 0.748886 -3.155016 0.000000 0.000000 0.000000 1.000000
0.765234 0.099304 -0.636047 -9.724982 0.050285 0.975791 0.212845 121.040665 0.641785 -0.194860 0.741715 -2.099737 0.000000 0.000000 0.000000 1.000000
0.763883 0.058521 -0.642696 -11.138248 0.081815 0.979063 0.186392 133.841751 0.640147 -0.194964 0.743102 -2.619364 0.000000 0.000000 0.000000 1.000000
0.776758 -0.007704 -0.629752 -10.072291 0.134564 0.978865 0.154000 144.014511 0.615256 -0.204363 0.761378 -3.768515 0.000000 0.000000 0.000000 1.000000
0.774616 -0.074469 -0.628032 -8.199102 0.165756 0.982235 0.087975 151.082962 0.610324 -0.172247 0.773199 -4.451212 0.000000 0.000000 0.000000 1.000000
0.764367 -0.137809 -0.629882 -6.486860 0.194886 0.980580 0.021960 157.031906 0.614624 -0.139541 0.776380 -4.867876 0.000000 0.000000 0.000000 1.000000
0.756428 -0.183061 -0.627938 -5.755312 0.227943 0.973631 -0.009255 161.927094 0.613074 -0.136133 0.778209 -5.205697 0.000000 0.000000 0.000000 1.000000
0.750954 -0.184208 -0.634142 -5.788091 0.239431 0.970912 0.001501 165.723480 0.615419 -0.152960 0.773215 -5.239333 0.000000 0.000000 0.000000 1.000000
0.753558 -0.152339 -0.639486 -6.275959 0.241878 0.968789 0.054239 167.998138 0.611265 -0.195550 0.766887 -4.671447 0.000000 0.000000 0.000000 1.000000
0.766335 -0.114163 -0.632216 -7.167665 0.254998 0.957297 0.136229 168.573883 0.589666 -0.265611 0.762722 -3.660243 0.000000 0.000000 0.000000 1.000000
0.786162 -0.075136 -0.613437 -7.991149 0.264533 0.937970 0.224132 168.231674 0.558545 -0.338478 0.757272 -2.506963 0.000000 0.000000 0.000000 1.000000
0.807321 -0.037367 -0.588929 -8.361300 0.253839 0.922934 0.289411 167.884918 0.532728 -0.383140 0.754589 -1.673393 0.000000 0.000000 0.000000 1.000000
0.822911 -0.019933 -0.567821 -8.294502 0.236648 0.920597 0.310643 167.679489 0.516542 -0.390006 0.762286 -1.441050 0.000000 0.000000 0.000000 1.000000</float_array>
        <technique_common>
          <accessor source="#mixamorig_Hips-Matrix-animation-output-transform-array" count="22" stride="16">
            <param type="float4x4"/>
          </accessor>
        </technique_common>
      </source>
      <source id="mixamorig_Hips-Interpolations">
        <Name_array id="mixamorig_Hips-Interpolations-array" count="22">
 LINEAR LINEAR LINEAR LINEAR LINEAR LINEAR LINEAR LINEAR LINEAR LINEAR LINEAR
LINEAR LINEAR LINEAR LINEAR LINEAR LINEAR LINEAR LINEAR LINEAR LINEAR LINEAR</Name_array>
        <technique_common>
          <accessor source="#mixamorig_Hips-Interpolations-array" count="22">
            <param type="name"/>
          </accessor>
        </technique_common>
      </source>
      <sampler id="mixamorig_Hips-Matrix-animation-transform">
        <input semantic="INPUT" source="#mixamorig_Hips-Matrix-animation-input"/>
        <input semantic="OUTPUT" source="#mixamorig_Hips-Matrix-animation-output-transform"/>
        <input semantic="INTERPOLATION" source="#mixamorig_Hips-Interpolations"/>
      </sampler>
      <channel source="#mixamorig_Hips-Matrix-animation-transform" target="mixamorig_Hips/matrix"/>
    </animation>
    <animation id="mixamorig_Spine-anim" name="mixamorig_Spine">
      <source id="mixamorig_Spine-Matrix-animation-input">
        <float_array id="mixamorig_Spine-Matrix-animation-input-array" count="22">

0.000000 0.033333 0.066667 0.100000 0.133333 0.166667 0.200000 0.233333 0.266667 0.300000 0.333333 0.366667 0.400000 0.433333 0.466667 0.500000
0.533333 0.566667 0.600000 0.633333 0.666667 0.700000</float_array>
        <technique_common>
          <accessor source="#mixamorig_Spine-Matrix-animation-input-array" count="22">
            <param name="TIME" type="float"/>
          </accessor>
        </technique_common>
      </source>
      <source id="mixamorig_Spine-Matrix-animation-output-transform">
        <float_array id="mixamorig_Spine-Matrix-animation-output-transform-array" count="352">

0.999552 0.014357 0.026279 0.072000 -0.012988 0.998586 -0.051558 7.257300 -0.026982 0.051193 0.998324 -0.789700 0.000000 0.000000 0.000000 1.000000
0.999543 0.016230 0.025514 0.072000 -0.014736 0.998225 -0.057697 7.257300 -0.026405 0.057295 0.998008 -0.789700 0.000000 0.000000 0.000000 1.000000
0.999533 0.015966 0.026070 0.072000 -0.014326 0.997978 -0.061922 7.257300 -0.027006 0.061519 0.997740 -0.789700 0.000000 0.000000 0.000000 1.000000
0.999535 0.012233 0.027940 0.072000 -0.010384 0.997805 -0.065402 7.257300 -0.028679 0.065082 0.997468 -0.789700 0.000000 0.000000 0.000000 1.000000
0.999419 0.008876 0.032918 0.072000 -0.006855 0.998113 -0.061023 7.257300 -0.033397 0.060762 0.997593 -0.789700 0.000000 0.000000 0.000000 1.000000
0.999332 0.007531 0.035764 0.072000 -0.005767 0.998774 -0.049171 7.257300 -0.036090 0.048932 0.998150 -0.789700 0.000000 0.000000 0.000000 1.000000
0.999417 0.005274 0.033745 0.072000 -0.003998 0.999278 -0.037769 7.257300 -0.033920 0.037613 0.998717 -0.789700 0.000000 0.000000 0.000000 1.000000
0.999432 0.004067 0.033462 0.072000 -0.002992 0.999480 -0.032118 7.257300 -0.033575 0.032000 0.998924 -0.789700 0.000000 0.000000 0.000000 1.000000
0.999346 0.005915 0.035674 0.072000 -0.005027 0.999677 -0.024930 7.257300 -0.035810 0.024734 0.999052 -0.789700 0.000000 0.000000 0.000000 1.000000
0.999310 0.008017 0.036254 0.072000 -0.007665 0.999922 -0.009832 7.257300 -0.036330 0.009548 0.999294 -0.789700 0.000000 0.000000 0.000000 1.000000
0.999410 0.002704 0.034246 0.072000 -0.002881 0.999983 0.005100 7.257300 -0.034232 -0.005196 0.999400 -0.789700 0.000000 0.000000 0.000000 1.000000
0.999125 0.016051 0.038617 0.072000 -0.016323 0.999844 0.006738 7.257300 -0.038503 -0.007362 0.999231 -0.789700 0.000000 0.000000 0.000000 1.000000
0.998281 0.039147 0.043625 0.072000 -0.039141 0.999233 -0.000991 7.257300 -0.043630 -0.000719 0.999047 -0.789700 0.000000 0.000000 0.000000 1.000000
0.997988 0.047445 0.042051 0.072000 -0.047039 0.998837 -0.010586 7.257300 -0.042504 0.008586 0.999059 -0.789700 0.000000 0.000000 0.000000 1.000000
0.997951 0.052760 0.036189 0.072000 -0.051973 0.998398 -0.022366 7.257300 -0.037311 0.020439 0.999095 -0.789700 0.000000 0.000000 0.000000 1.000000
0.997876 0.059261 0.027052 0.072000 -0.058237 0.997609 -0.037213 7.257300 -0.029192 0.035559 0.998941 -0.789700 0.000000 0.000000 0.000000 1.000000
0.997782 0.064479 0.016534 0.072000 -0.063428 0.996317 -0.057701 7.257300 -0.020193 0.056525 0.998197 -0.789700 0.000000 0.000000 0.000000 1.000000
0.997503 0.070083 0.008746 0.072000 -0.069080 0.993923 -0.085706 7.257300 -0.014699 0.084888 0.996282 -0.789700 0.000000 0.000000 0.000000 1.000000
0.997081 0.076254 0.003850 0.072000 -0.075282 0.990273 -0.117012 7.257300 -0.012735 0.116380 0.993123 -0.789700 0.000000 0.000000 0.000000 1.000000
0.996926 0.078340 0.001130 0.072000 -0.077369 0.986638 -0.143387 7.257300 -0.012348 0.142858 0.989666 -0.789700 0.000000 0.000000 0.000000 1.000000
0.997152 0.075406 -0.001261 0.072000 -0.074642 0.984379 -0.159458 7.257300 -0.010783 0.159098 0.987204 -0.789700 0.000000 0.000000 0.000000 1.000000
0.997482 0.070820 -0.003812 0.072000 -0.070498 0.984212 -0.162348 7.257300 -0.007745 0.162208 0.986726 -0.789700 0.000000 0.000000 0.000000 1.000000</float_array>
        <technique_common>
          <accessor source="#mixamorig_Spine-Matrix-animation-output-transform-array" count="22" stride="16">
            <param type="float4x4"/>
          </accessor>
        </technique_common>
      </source>
      <source id="mixamorig_Spine-Interpolations">
        <Name_array id="mixamorig_Spine-Interpolations-array" count="22">
 LINEAR LINEAR LINEAR LINEAR LINEAR LINEAR LINEAR LINEAR LINEAR LINEAR LINEAR
LINEAR LINEAR LINEAR LINEAR LINEAR LINEAR LINEAR LINEAR LINEAR LINEAR LINEAR</Name_array>
        <technique_common>
          <accessor source="#mixamorig_Spine-Interpolations-array" count="22">
            <param type="name"/>
          </accessor>
        </technique_common>
      </source>
      <sampler id="mixamorig_Spine-Matrix-animation-transform">
        <input semantic="INPUT" source="#mixamorig_Spine-Matrix-animation-input"/>
        <input semantic="OUTPUT" source="#mixamorig_Spine-Matrix-animation-output-transform"/>
        <input semantic="INTERPOLATION" source="#mixamorig_Spine-Interpolations"/>
      </sampler>
      <channel source="#mixamorig_Spine-Matrix-animation-transform" target="mixamorig_Spine/matrix"/>
    </animation>
    <animation id="mixamorig_Spine1-anim" name="mixamorig_Spine1">
      <source id="mixamorig_Spine1-Matrix-animation-input">
        <float_array id="mixamorig_Spine1-Matrix-animation-input-array" count="22">

0.000000 0.033333 0.066667 0.100000 0.133333 0.166667 0.200000 0.233333 0.266667 0.300000 0.333333 0.366667 0.400000 0.433333 0.466667 0.500000
0.533333 0.566667 0.600000 0.633333 0.666667 0.700000</float_array>
        <technique_common>
          <accessor source="#mixamorig_Spine1-Matrix-animation-input-array" count="22">
            <param name="TIME" type="float"/>
          </accessor>
        </technique_common>
      </source>
      <source id="mixamorig_Spine1-Matrix-animation-output-transform">
        <float_array id="mixamorig_Spine1-Matrix-animation-output-transform-array" count="352">

0.999680 0.005803 0.024637 0.000000 0.001547 0.957540 -0.288295 8.558700 -0.025264 0.288241 0.957225 -0.000000 0.000000 0.000000 0.000000 1.000000
0.999840 0.005916 0.016901 0.000000 -0.000572 0.953915 -0.300075 8.558700 -0.017897 0.300017 0.953766 0.000000 0.000000 0.000000 0.000000 1.000000
0.999929 0.004038 0.011217 -0.000000 -0.000385 0.951334 -0.308163 8.558700 -0.011915 0.308136 0.951268 0.000000 0.000000 0.000000 0.000000 1.000000
0.999959 -0.002386 0.008707 -0.000000 0.005006 0.949144 -0.314803 8.558700 -0.007514 0.314834 0.949117 0.000000 0.000000 0.000000 0.000000 1.000000
0.999847 -0.004657 0.016874 0.000000 0.009605 0.951856 -0.306395 8.558700 -0.014635 0.306510 0.951755 0.000000 0.000000 0.000000 0.000000 1.000000
0.999717 -0.002871 0.023621 0.000000 0.009457 0.958865 -0.283705 8.558700 -0.021835 0.283848 0.958621 -0.000000 0.000000 0.000000 0.000000 1.000000
0.999712 -0.003733 0.023685 0.000000 0.009807 0.965065 -0.261828 8.558700 -0.021880 0.261985 0.964824 0.000000 0.000000 0.000000 0.000000 1.000000
0.999526 -0.001348 0.030742 0.000000 0.009023 0.967959 -0.250947 8.558700 -0.029418 0.251105 0.967513 0.000000 0.000000 0.000000 0.000000 1.000000
0.998955 0.008304 0.044952 0.000000 0.002594 0.971481 -0.237102 8.558700 -0.045639 0.236971 0.970444 0.000000 0.000000 0.000000 0.000000 1.000000
0.998059 0.021670 0.058381 0.000000 -0.009067 0.978078 -0.208043 8.558700 -0.061610 0.207110 0.976376 0.000000 0.000000 0.000000 0.000000 1.000000
0.997193 0.032752 0.067333 -0.000000 -0.020172 0.983522 -0.179659 8.558700 -0.072108 0.177797 0.981422 0.000000 0.000000 0.000000 0.000000 1.000000
0.996415 0.041819 0.073548 0.000000 -0.028304 0.983980 -0.176017 8.558700 -0.079731 0.173305 0.981636 0.000000 0.000000 0.000000 0.000000 1.000000
0.995597 0.054523 0.076246 -0.000000 -0.039168 0.980990 -0.190067 8.558700 -0.085160 0.186244 0.978806 0.000000 0.000000 0.000000 0.000000 1.000000
0.995275 0.063572 0.073391 0.000000 -0.047003 0.976843 -0.208729 8.558700 -0.084961 0.204293 0.975216 0.000000 0.000000 0.000000 0.000000 1.000000
0.995101 0.074684 0.064783 0.000000 -0.057771 0.970998 -0.232003 8.558700 -0.080231 0.227124 0.970555 0.000000 0.000000 0.000000 0.000000 1.000000
0.994800 0.089335 0.048916 0.000000 -0.073593 0.962492 -0.261139 8.558700 -0.070410 0.256182 0.964061 0.000000 0.000000 0.000000 0.000000 1.000000
0.994424 0.101547 0.028431 0.000000 -0.088379 0.949635 -0.300637 8.558700 -0.057528 0.296448 0.953315 0.000000 0.000000 0.000000 0.000000 1.000000
0.993494 0.113319 0.011340 0.000000 -0.102019 0.929815 -0.353606 8.558700 -0.050614 0.350148 0.935326 -0.000000 0.000000 0.000000 0.000000 1.000000
0.992289 0.123939 -0.001040 0.000000 -0.113382 0.904310 -0.411544 8.558700 -0.050065 0.408489 0.911389 -0.000000 0.000000 0.000000 0.000000 1.000000
0.991814 0.127337 -0.009541 0.000000 -0.117464 0.880511 -0.459241 8.558700 -0.050078 0.456602 0.888261 0.000000 0.000000 0.000000 0.000000 1.000000
0.992331 0.122501 -0.016496 -0.000000 -0.114939 0.865394 -0.487732 8.558700 -0.045472 0.485888 0.872837 -0.000000 0.000000 0.000000 0.000000 1.000000
0.993413 0.112647 -0.020991 -0.000000 -0.108315 0.863380 -0.492791 8.558700 -0.037388 0.491819 0.869894 0.000000 0.000000 0.000000 0.000000 1.000000</float_array>
        <technique_common>
          <accessor source="#mixamorig_Spine1-Matrix-animation-output-transform-array" count="22" stride="16">
            <param type="float4x4"/>
          </accessor>
        </technique_common>
      </source>
      <source id="mixamorig_Spine1-Interpolations">
        <Name_array id="mixamorig_Spine1-Interpolations-array" count="22">
 LINEAR LINEAR LINEAR LINEAR LINEAR LINEAR LINEAR LINEAR LINEAR LINEAR LINEAR
LINEAR LINEAR LINEAR LINEAR LINEAR LINEAR LINEAR LINEAR LINEAR LINEAR LINEAR</Name_array>
        <technique_common>
          <accessor source="#mixamorig_Spine1-Interpolations-array" count="22">
            <param type="name"/>
          </accessor>
        </technique_common>
      </source>
      <sampler id="mixamorig_Spine1-Matrix-animation-transform">
        <input semantic="INPUT" source="#mixamorig_Spine1-Matrix-animation-input"/>
        <input semantic="OUTPUT" source="#mixamorig_Spine1-Matrix-animation-output-transform"/>
        <input semantic="INTERPOLATION" source="#mixamorig_Spine1-Interpolations"/>
      </sampler>
      <channel source="#mixamorig_Spine1-Matrix-animation-transform" target="mixamorig_Spine1/matrix"/>
    </animation>
    <animation id="mixamorig_Spine2-anim" name="mixamorig_Spine2">
      <source id="mixamorig_Spine2-Matrix-animation-input">
        <float_array id="mixamorig_Spine2-Matrix-animation-input-array" count="22">

0.000000 0.033333 0.066667 0.100000 0.133333 0.166667 0.200000 0.233333 0.266667 0.300000 0.333333 0.366667 0.400000 0.433333 0.466667 0.500000
0.533333 0.566667 0.600000 0.633333 0.666667 0.700000</float_array>
        <technique_common>
          <accessor source="#mixamorig_Spine2-Matrix-animation-input-array" count="22">
            <param name="TIME" type="float"/>
          </accessor>
        </technique_common>
      </source>
      <source id="mixamorig_Spine2-Matrix-animation-output-transform">
        <float_array id="mixamorig_Spine2-Matrix-animation-output-transform-array" count="352">

0.999680 0.008111 0.023976 -0.000000 0.001547 0.925920 -0.377716 29.149500 -0.025264 0.377632 0.925611 1.721100 0.000000 0.000000 0.000000 1.000000
0.999840 0.007490 0.016264 -0.000000 -0.000572 0.921195 -0.389101 29.149500 -0.017897 0.389029 0.921052 1.721100 0.000000 0.000000 0.000000 1.000000
0.999929 0.005082 0.010784 0.000000 -0.000385 0.917859 -0.396907 29.149500 -0.011915 0.396874 0.917796 1.721100 0.000000 0.000000 0.000000 1.000000
0.999959 -0.001550 0.008894 -0.000000 0.005006 0.915050 -0.403310 29.149500 -0.007514 0.403338 0.915020 1.721100 0.000000 0.000000 0.000000 1.000000
0.999847 -0.003038 0.017239 0.000000 0.009605 0.918546 -0.395197 29.149500 -0.014635 0.395302 0.918435 1.721100 0.000000 0.000000 0.000000 1.000000
0.999717 -0.000620 0.023787 0.000000 0.009457 0.927674 -0.373272 29.149500 -0.021835 0.373392 0.927417 1.721100 0.000000 0.000000 0.000000 1.000000
0.999712 -0.001473 0.023932 0.000000 0.009807 0.935918 -0.352081 29.149500 -0.021880 0.352214 0.935664 1.721100 0.000000 0.000000 0.000000 1.000000
0.999526 0.001571 0.030731 0.000000 0.009024 0.939830 -0.341523 29.149500 -0.029418 0.341639 0.939371 1.721100 0.000000 0.000000 0.000000 1.000000
0.998955 0.012525 0.043962 0.000000 0.002594 0.944648 -0.328074 29.149500 -0.045638 0.327845 0.943628 1.721100 0.000000 0.000000 0.000000 1.000000
0.998059 0.027104 0.056066 0.000000 -0.009067 0.953968 -0.299771 29.149500 -0.061610 0.298681 0.952362 1.721100 0.000000 0.000000 0.000000 1.000000
0.997193 0.038984 0.063927 0.000000 -0.020172 0.962077 -0.272031 29.149500 -0.072108 0.269978 0.960163 1.721100 0.000000 0.000000 0.000000 1.000000
0.996415 0.048598 0.069255 0.000000 -0.028304 0.962878 -0.268449 29.149500 -0.079730 0.265526 0.960801 1.721100 0.000000 0.000000 0.000000 1.000000
0.995597 0.061502 0.070738 0.000000 -0.039168 0.958570 -0.282152 29.149500 -0.085160 0.278139 0.956758 1.721100 0.000000 0.000000 0.000000 1.000000
0.995275 0.070239 0.067038 0.000000 -0.047003 0.952674 -0.300337 29.149500 -0.084961 0.295767 0.951474 1.721100 0.000000 0.000000 0.000000 1.000000
0.995101 0.080485 0.057416 0.000000 -0.057771 0.944650 -0.322953 29.149500 -0.080231 0.318054 0.944672 1.721100 0.000000 0.000000 0.000000 1.000000
0.994800 0.093567 0.040233 -0.000000 -0.073593 0.933422 -0.351152 29.149500 -0.070410 0.346365 0.935454 1.721100 0.000000 0.000000 0.000000 1.000000
0.994424 0.103784 0.018682 0.000000 -0.088379 0.916881 -0.389254 29.149500 -0.057527 0.385433 0.920941 1.721100 0.000000 0.000000 0.000000 1.000000
0.993494 0.113883 0.000553 0.000000 -0.102019 0.892131 -0.440107 29.149500 -0.050614 0.437187 0.897945 1.721100 0.000000 0.000000 0.000000 1.000000
0.992289 0.123283 -0.012778 -0.000000 -0.113381 0.861252 -0.495368 29.149500 -0.050065 0.492997 0.868589 1.721100 0.000000 0.000000 0.000000 1.000000
0.991814 0.125860 -0.021562 -0.000000 -0.117464 0.833042 -0.540595 29.149500 -0.050078 0.538703 0.841006 1.721100 0.000000 0.000000 0.000000 1.000000
0.992331 0.120387 -0.028028 -0.000000 -0.114939 0.815293 -0.567527 29.149500 -0.045472 0.566396 0.822878 1.721100 0.000000 0.000000 0.000000 1.000000
0.993413 0.110151 -0.031569 0.000000 -0.108314 0.812809 -0.572372 29.149500 -0.037388 0.572021 0.819386 1.721100 0.000000 0.000000 0.000000 1.000000</float_array>
        <technique_common>
          <accessor source="#mixamorig_Spine2-Matrix-animation-output-transform-array" count="22" stride="16">
            <param type="float4x4"/>
          </accessor>
        </technique_common>
      </source>
      <source id="mixamorig_Spine2-Interpolations">
        <Name_array id="mixamorig_Spine2-Interpolations-array" count="22">
 LINEAR LINEAR LINEAR LINEAR LINEAR LINEAR LINEAR LINEAR LINEAR LINEAR LINEAR
LINEAR LINEAR LINEAR LINEAR LINEAR LINEAR LINEAR LINEAR LINEAR LINEAR LINEAR</Name_array>
        <technique_common>
          <accessor source="#mixamorig_Spine2-Interpolations-array" count="22">
            <param type="name"/>
          </accessor>
        </technique_common>
      </source>
      <sampler id="mixamorig_Spine2-Matrix-animation-transform">
        <input semantic="INPUT" source="#mixamorig_Spine2-Matrix-animation-input"/>
        <input semantic="OUTPUT" source="#mixamorig_Spine2-Matrix-animation-output-transform"/>
        <input semantic="INTERPOLATION" source="#mixamorig_Spine2-Interpolations"/>
      </sampler>
      <channel source="#mixamorig_Spine2-Matrix-animation-transform" target="mixamorig_Spine2/matrix"/>
    </animation>
    <animation id="mixamorig_Neck-anim" name="mixamorig_Neck">
      <source id="mixamorig_Neck-Matrix-animation-input">
        <float_array id="mixamorig_Neck-Matrix-animation-input-array" count="22">

0.000000 0.033333 0.066667 0.100000 0.133333 0.166667 0.200000 0.233333 0.266667 0.300000 0.333333 0.366667 0.400000 0.433333 0.466667 0.500000
0.533333 0.566667 0.600000 0.633333 0.666667 0.700000</float_array>
        <technique_common>
          <accessor source="#mixamorig_Neck-Matrix-animation-input-array" count="22">
            <param name="TIME" type="float"/>
          </accessor>
        </technique_common>
      </source>
      <source id="mixamorig_Neck-Matrix-animation-output-transform">
        <float_array id="mixamorig_Neck-Matrix-animation-output-transform-array" count="352">

0.986949 0.068802 0.145592 -0.000000 -0.096268 0.976867 0.190954 13.857900 -0.129086 -0.202477 0.970742 7.405300 0.000000 0.000000 0.000000 1.000000
0.988169 0.065620 0.138625 0.000000 -0.091190 0.978112 0.187034 13.857900 -0.123318 -0.197463 0.972523 7.405300 0.000000 0.000000 0.000000 1.000000
0.990215 0.052043 0.129481 0.000000 -0.076925 0.977721 0.195306 13.857900 -0.116432 -0.203355 0.972158 7.405300 0.000000 0.000000 0.000000 1.000000
0.991981 0.033844 0.121773 0.000000 -0.059392 0.975299 0.212756 13.857900 -0.111565 -0.218282 0.969488 7.405300 0.000000 0.000000 0.000000 1.000000
0.993131 0.013873 0.116181 0.000000 -0.040455 0.972421 0.229697 13.857900 -0.109790 -0.232820 0.966303 7.405300 0.000000 0.000000 0.000000 1.000000
0.993910 -0.007671 0.109932 0.000000 -0.018368 0.972087 0.233901 13.857900 -0.108658 -0.234496 0.966025 7.405300 0.000000 0.000000 0.000000 1.000000
0.994480 -0.030152 0.100505 0.000000 0.007810 0.976436 0.215665 13.857900 -0.104640 -0.213690 0.971281 7.405300 0.000000 0.000000 0.000000 1.000000
0.994901 -0.053062 0.085772 0.000000 0.038541 0.985896 0.162863 13.857900 -0.093204 -0.158727 0.982913 7.405300 0.000000 0.000000 0.000000 1.000000
0.994658 -0.077618 0.068044 -0.000000 0.072038 0.994113 0.080935 13.857900 -0.073926 -0.075601 0.994394 7.405300 0.000000 0.000000 0.000000 1.000000
0.993495 -0.101755 0.051116 -0.000000 0.102596 0.994623 -0.014098 13.857900 -0.049407 0.019250 0.998593 7.405300 0.000000 0.000000 0.000000 1.000000
0.992642 -0.114187 0.040279 0.000000 0.117528 0.988643 -0.093662 13.857900 -0.029127 0.097707 0.994789 7.405300 0.000000 0.000000 0.000000 1.000000
0.993468 -0.107499 0.038285 0.000000 0.112062 0.982392 -0.149490 13.857900 -0.021541 0.152804 0.988022 7.405300 0.000000 0.000000 0.000000 1.000000
0.995578 -0.082202 0.045472 0.000000 0.089508 0.976996 -0.193564 13.857900 -0.028514 0.196778 0.980033 7.405300 0.000000 0.000000 0.000000 1.000000
0.997223 -0.045034 0.059309 -0.000000 0.058056 0.968927 -0.240439 13.857900 -0.046638 0.243214 0.968851 7.405300 0.000000 0.000000 0.000000 1.000000
0.997411 -0.006980 0.071567 0.000000 0.026792 0.959685 -0.279797 13.857900 -0.066729 0.280990 0.957388 7.405300 0.000000 0.000000 0.000000 1.000000
0.996747 0.024236 0.076866 0.000000 -0.000950 0.957181 -0.289487 13.857900 -0.080591 0.288472 0.954091 7.405300 0.000000 0.000000 0.000000 1.000000
0.996417 0.041887 0.073477 0.000000 -0.022219 0.967877 -0.250442 13.857900 -0.081607 0.247912 0.965339 7.405300 0.000000 0.000000 0.000000 1.000000
0.996437 0.050909 0.067238 0.000000 -0.037893 0.982503 -0.182351 13.857900 -0.075345 0.179153 0.980932 7.405300 0.000000 0.000000 0.000000 1.000000
0.996140 0.060601 0.063506 0.000000 -0.053268 0.992345 -0.111418 13.857900 -0.069772 0.107605 0.991742 7.405300 0.000000 0.000000 0.000000 1.000000
0.994566 0.080083 0.066517 0.000000 -0.075887 0.995100 -0.063381 13.857900 -0.071267 0.057989 0.995770 7.405300 0.000000 0.000000 0.000000 1.000000
0.991795 0.104160 0.074115 0.000000 -0.101542 0.994095 -0.038272 13.857900 -0.077663 0.030432 0.996515 7.405300 0.000000 0.000000 0.000000 1.000000
0.989110 0.122186 0.082052 0.000000 -0.120407 0.992376 -0.026307 13.857900 -0.084641 0.016141 0.996281 7.405300 0.000000 0.000000 0.000000 1.000000</float_array>
        <technique_common>
          <accessor source="#mixamorig_Neck-Matrix-animation-output-transform-array" count="22" stride="16">
            <param type="float4x4"/>
          </accessor>
        </technique_common>
      </source>
      <source id="mixamorig_Neck-Interpolations">
        <Name_array id="mixamorig_Neck-Interpolations-array" count="22">
 LINEAR LINEAR LINEAR LINEAR LINEAR LINEAR LINEAR LINEAR LINEAR LINEAR LINEAR
LINEAR LINEAR LINEAR LINEAR LINEAR LINEAR LINEAR LINEAR LINEAR LINEAR LINEAR</Name_array>
        <technique_common>
          <accessor source="#mixamorig_Neck-Interpolations-array" count="22">
            <param type="name"/>
          </accessor>
        </technique_common>
      </source>
      <sampler id="mixamorig_Neck-Matrix-animation-transform">
        <input semantic="INPUT" source="#mixamorig_Neck-Matrix-animation-input"/>
        <input semantic="OUTPUT" source="#mixamorig_Neck-Matrix-animation-output-transform"/>
        <input semantic="INTERPOLATION" source="#mixamorig_Neck-Interpolations"/>
      </sampler>
      <channel source="#mixamorig_Neck-Matrix-animation-transform" target="mixamorig_Neck/matrix"/>
    </animation>
    <animation id="mixamorig_Head-anim" name="mixamorig_Head">
      <source id="mixamorig_Head-Matrix-animation-input">
        <float_array id="mixamorig_Head-Matrix-animation-input-array" count="22">

0.000000 0.033333 0.066667 0.100000 0.133333 0.166667 0.200000 0.233333 0.266667 0.300000 0.333333 0.366667 0.400000 0.433333 0.466667 0.500000
0.533333 0.566667 0.600000 0.633333 0.666667 0.700000</float_array>
        <technique_common>
          <accessor source="#mixamorig_Head-Matrix-animation-input-array" count="22">
            <param name="TIME" type="float"/>
          </accessor>
        </technique_common>
      </source>
      <source id="mixamorig_Head-Matrix-animation-output-transform">
        <float_array id="mixamorig_Head-Matrix-animation-output-transform-array" count="352">

0.904925 0.073256 0.419218 0.000000 -0.273163 0.855348 0.440184 8.198500 -0.326331 -0.512848 0.794037 5.703100 0.000000 0.000000 0.000000 1.000000
0.916825 0.071006 0.392925 -0.000000 -0.263684 0.846630 0.462265 8.198500 -0.299838 -0.527424 0.794935 5.703100 0.000000 0.000000 0.000000 1.000000
0.925086 0.069970 0.373255 0.000000 -0.249170 0.853564 0.457541 8.198500 -0.286583 -0.516269 0.807054 5.703100 0.000000 0.000000 0.000000 1.000000
0.929697 0.068368 0.361924 -0.000000 -0.231924 0.872023 0.431031 8.198500 -0.286138 -0.484667 0.826573 5.703100 0.000000 0.000000 0.000000 1.000000
0.931792 0.064594 0.357200 -0.000000 -0.209490 0.899319 0.383848 8.198500 -0.296442 -0.432497 0.851510 5.703100 0.000000 0.000000 0.000000 1.000000
0.933853 0.058215 0.352887 -0.000000 -0.179371 0.929841 0.321280 8.198500 -0.309425 -0.363326 0.878778 5.703100 0.000000 0.000000 0.000000 1.000000
0.937848 0.052592 0.343037 0.000000 -0.143475 0.958781 0.245263 8.198500 -0.315999 -0.279236 0.906737 5.703100 0.000000 0.000000 0.000000 1.000000
0.944685 0.057646 0.322874 0.000000 -0.111891 0.982019 0.152048 8.198500 -0.308303 -0.179764 0.934149 5.703100 0.000000 0.000000 0.000000 1.000000
0.951189 0.079291 0.298247 -0.000000 -0.096556 0.994373 0.043582 8.198500 -0.293113 -0.070252 0.953493 5.703100 0.000000 0.000000 0.000000 1.000000
0.953861 0.117610 0.276255 -0.000000 -0.103716 0.992518 -0.064430 8.198500 -0.281765 0.032805 0.958922 5.703100 0.000000 0.000000 0.000000 1.000000
0.950431 0.164180 0.264057 0.000000 -0.133200 0.982347 -0.131349 8.198500 -0.280960 0.089666 0.955521 5.703100 0.000000 0.000000 0.000000 1.000000
0.943121 0.201829 0.264173 -0.000000 -0.171473 0.976093 -0.133562 8.198500 -0.284814 0.080666 0.955183 5.703100 0.000000 0.000000 0.000000 1.000000
0.934554 0.218893 0.280524 -0.000000 -0.206117 0.975676 -0.074649 8.198500 -0.290041 0.011942 0.956940 5.703100 0.000000 0.000000 0.000000 1.000000
0.927746 0.209194 0.309072 -0.000000 -0.224617 0.974335 0.014764 8.198500 -0.298051 -0.083120 0.950924 5.703100 0.000000 0.000000 0.000000 1.000000
0.926653 0.183255 0.328226 0.000000 -0.223939 0.970398 0.090438 8.198500 -0.301936 -0.157307 0.940260 5.703100 0.000000 0.000000 0.000000 1.000000
0.935079 0.151748 0.320312 -0.000000 -0.202313 0.970545 0.130811 8.198500 -0.291027 -0.187122 0.938237 5.703100 0.000000 0.000000 0.000000 1.000000
0.952664 0.122082 0.278437 0.000000 -0.162558 0.978469 0.127173 8.198500 -0.256916 -0.166415 0.951998 5.703100 0.000000 0.000000 0.000000 1.000000
0.970659 0.092582 0.221924 0.000000 -0.116318 0.988526 0.096365 8.198500 -0.210456 -0.119351 0.970290 5.703100 0.000000 0.000000 0.000000 1.000000
0.983815 0.059224 0.169116 -0.000000 -0.068932 0.996259 0.052117 8.198500 -0.165397 -0.062931 0.984217 5.703100 0.000000 0.000000 0.000000 1.000000
0.990312 0.021822 0.137136 0.000000 -0.023082 0.999705 0.007609 8.198500 -0.136929 -0.010701 0.990523 5.703100 0.000000 0.000000 0.000000 1.000000
0.991809 -0.013963 0.126963 0.000000 0.017488 0.999491 -0.026695 8.198500 -0.126525 0.028697 0.991548 5.703100 0.000000 0.000000 0.000000 1.000000
0.990303 -0.040331 0.132938 0.000000 0.046703 0.997887 -0.045170 8.198500 -0.130836 0.050940 0.990095 5.703100 0.000000 0.000000 0.000000 1.000000</float_array>
        <technique_common>
          <accessor source="#mixamorig_Head-Matrix-animation-output-transform-array" count="22" stride="16">
            <param type="float4x4"/>
          </accessor>
        </technique_common>
      </source>
      <source id="mixamorig_Head-Interpolations">
        <Name_array id="mixamorig_Head-Interpolations-array" count="22">
 LINEAR LINEAR LINEAR LINEAR LINEAR LINEAR LINEAR LINEAR LINEAR LINEAR LINEAR
LINEAR LINEAR LINEAR LINEAR LINEAR LINEAR LINEAR LINEAR LINEAR LINEAR LINEAR</Name_array>
        <technique_common>
          <accessor source="#mixamorig_Head-Interpolations-array" count="22">
            <param type="name"/>
          </accessor>
        </technique_common>
      </source>
      <sampler id="mixamorig_Head-Matrix-animation-transform">
        <input semantic="INPUT" source="#mixamorig_Head-Matrix-animation-input"/>
        <input semantic="OUTPUT" source="#mixamorig_Head-Matrix-animation-output-transform"/>
        <input semantic="INTERPOLATION" source="#mixamorig_Head-Interpolations"/>
      </sampler>
      <channel source="#mixamorig_Head-Matrix-animation-transform" target="mixamorig_Head/matrix"/>
    </animation>
    <animation id="mixamorig_LeftShoulder-anim" name="mixamorig_LeftShoulder">
      <source id="mixamorig_LeftShoulder-Matrix-animation-input">
        <float_array id="mixamorig_LeftShoulder-Matrix-animation-input-array" count="22">

0.000000 0.033333 0.066667 0.100000 0.133333 0.166667 0.200000 0.233333 0.266667 0.300000 0.333333 0.366667 0.400000 0.433333 0.466667 0.500000
0.533333 0.566667 0.600000 0.633333 0.666667 0.700000</float_array>
        <technique_common>
          <accessor source="#mixamorig_LeftShoulder-Matrix-animation-input-array" count="22">
            <param name="TIME" type="float"/>
          </accessor>
        </technique_common>
      </source>
      <source id="mixamorig_LeftShoulder-Matrix-animation-output-transform">
        <float_array id="mixamorig_LeftShoulder-Matrix-animation-output-transform-array" count="352">

0.038432 0.665691 -0.745237 12.584900 -0.068776 -0.742257 -0.666577 11.395200 -0.996892 0.076872 0.017257 -1.453100 0.000000 0.000000 0.000000 1.000000
0.054187 0.656061 -0.752760 12.584900 -0.071715 -0.749364 -0.658264 11.395200 -0.995952 0.089653 0.006444 -1.453100 0.000000 0.000000 0.000000 1.000000
0.075263 0.664685 -0.743323 12.584900 -0.073638 -0.739697 -0.668899 11.395200 -0.994441 0.105080 -0.006726 -1.453100 0.000000 0.000000 0.000000 1.000000
0.094877 0.687025 -0.720413 12.584900 -0.072883 -0.716942 -0.693313 11.395200 -0.992817 0.118285 -0.017949 -1.453100 0.000000 0.000000 0.000000 1.000000
0.109887 0.719995 -0.685224 12.584900 -0.069919 -0.682091 -0.727917 11.395200 -0.991482 0.127899 -0.024611 -1.453100 0.000000 0.000000 0.000000 1.000000
0.122443 0.761866 -0.636056 12.584900 -0.066610 -0.633125 -0.771178 11.395200 -0.990238 0.136793 -0.026774 -1.453100 0.000000 0.000000 0.000000 1.000000
0.131472 0.813946 -0.565868 12.584900 -0.062320 -0.562908 -0.824167 11.395200 -0.989359 0.143620 -0.023282 -1.453100 0.000000 0.000000 0.000000 1.000000
0.125378 0.878371 -0.461243 12.584900 -0.052505 -0.458385 -0.887201 11.395200 -0.990719 0.135453 -0.011353 -1.453100 0.000000 0.000000 0.000000 1.000000
0.088413 0.942818 -0.321369 12.584900 -0.038082 -0.319197 -0.946923 11.395200 -0.995356 0.095959 0.007683 -1.453100 0.000000 0.000000 0.000000 1.000000
0.011521 0.986800 -0.161531 12.584900 -0.031939 -0.161096 -0.986422 11.395200 -0.999423 0.016523 0.029662 -1.453100 0.000000 0.000000 0.000000 1.000000
-0.094388 0.994996 -0.032763 12.584900 -0.050385 -0.037642 -0.998020 11.395200 -0.994260 -0.092551 0.053686 -1.453100 0.000000 0.000000 0.000000 1.000000
-0.194963 0.980604 0.020115 12.584900 -0.082879 0.003964 -0.996552 11.395200 -0.977303 -0.195958 0.080499 -1.453100 0.000000 0.000000 0.000000 1.000000
-0.271652 0.962278 -0.015039 12.584900 -0.106851 -0.045687 -0.993225 11.395200 -0.956446 -0.268204 0.115232 -1.453100 0.000000 0.000000 0.000000 1.000000
-0.310479 0.943657 -0.114519 12.584900 -0.111829 -0.155896 -0.981423 11.395200 -0.943979 -0.291905 0.153930 -1.453100 0.000000 0.000000 0.000000 1.000000
-0.310741 0.925628 -0.215991 12.584900 -0.109734 -0.260658 -0.959175 11.395200 -0.944139 -0.274353 0.182570 -1.453100 0.000000 0.000000 0.000000 1.000000
-0.272379 0.918615 -0.286281 12.584900 -0.110080 -0.325328 -0.939172 11.395200 -0.955873 -0.224297 0.189733 -1.453100 0.000000 0.000000 0.000000 1.000000
-0.200608 0.927081 -0.316667 12.584900 -0.111952 -0.342814 -0.932709 11.395200 -0.973254 -0.151658 0.172560 -1.453100 0.000000 0.000000 0.000000 1.000000
-0.115917 0.936817 -0.330055 12.584900 -0.111641 -0.342478 -0.932869 11.395200 -0.986965 -0.071287 0.144286 -1.453100 0.000000 0.000000 0.000000 1.000000
-0.033741 0.938804 -0.342796 12.584900 -0.110901 -0.344390 -0.932253 11.395200 -0.993259 0.006562 0.115734 -1.453100 0.000000 0.000000 0.000000 1.000000
0.030253 0.931308 -0.362975 12.584900 -0.113609 -0.357584 -0.926945 11.395200 -0.993065 0.069280 0.094987 -1.453100 0.000000 0.000000 0.000000 1.000000
0.072887 0.920162 -0.384693 12.584900 -0.118232 -0.375027 -0.919443 11.395200 -0.990307 0.112499 0.081458 -1.453100 0.000000 0.000000 0.000000 1.000000
0.098150 0.910567 -0.401539 12.584900 -0.121400 -0.389519 -0.912983 11.395200 -0.987739 0.138356 0.072311 -1.453100 0.000000 0.000000 0.000000 1.000000</float_array>
        <technique_common>
          <accessor source="#mixamorig_LeftShoulder-Matrix-animation-output-transform-array" count="22" stride="16">
            <param type="float4x4"/>
          </accessor>
        </technique_common>
      </source>
      <source id="mixamorig_LeftShoulder-Interpolations">
        <Name_array id="mixamorig_LeftShoulder-Interpolations-array" count="22">
 LINEAR LINEAR LINEAR LINEAR LINEAR LINEAR LINEAR LINEAR LINEAR LINEAR LINEAR
LINEAR LINEAR LINEAR LINEAR LINEAR LINEAR LINEAR LINEAR LINEAR LINEAR LINEAR</Name_array>
        <technique_common>
          <accessor source="#mixamorig_LeftShoulder-Interpolations-array" count="22">
            <param type="name"/>
          </accessor>
        </technique_common>
      </source>
      <sampler id="mixamorig_LeftShoulder-Matrix-animation-transform">
        <input semantic="INPUT" source="#mixamorig_LeftShoulder-Matrix-animation-input"/>
        <input semantic="OUTPUT" source="#mixamorig_LeftShoulder-Matrix-animation-output-transform"/>
        <input semantic="INTERPOLATION" source="#mixamorig_LeftShoulder-Interpolations"/>
      </sampler>
      <channel source="#mixamorig_LeftShoulder-Matrix-animation-transform" target="mixamorig_LeftShoulder/matrix"/>
    </animation>
    <animation id="mixamorig_LeftArm-anim" name="mixamorig_LeftArm">
      <source id="mixamorig_LeftArm-Matrix-animation-input">
        <float_array id="mixamorig_LeftArm-Matrix-animation-input-array" count="22">

0.000000 0.033333 0.066667 0.100000 0.133333 0.166667 0.200000 0.233333 0.266667 0.300000 0.333333 0.366667 0.400000 0.433333 0.466667 0.500000
0.533333 0.566667 0.600000 0.633333 0.666667 0.700000</float_array>
        <technique_common>
          <accessor source="#mixamorig_LeftArm-Matrix-animation-input-array" count="22">
            <param name="TIME" type="float"/>
          </accessor>
        </technique_common>
      </source>
      <source id="mixamorig_LeftArm-Matrix-animation-output-transform">
        <float_array id="mixamorig_LeftArm-Matrix-animation-output-transform-array" count="352">

0.933638 0.131747 -0.333111 0.000000 -0.309897 0.763488 -0.566612 15.319300 0.179677 0.632241 0.753649 0.000000 0.000000 0.000000 0.000000 1.000000
0.970072 -0.019498 -0.242035 -0.000000 -0.118282 0.832571 -0.541142 15.319300 0.212062 0.553575 0.805347 0.000000 0.000000 0.000000 0.000000 1.000000
0.961909 -0.204989 -0.180861 0.000000 0.088994 0.860371 -0.501838 15.319300 0.258479 0.466627 0.845841 0.000000 0.000000 0.000000 0.000000 1.000000
0.921476 -0.347035 -0.174496 0.000000 0.236478 0.857583 -0.456760 15.319300 0.308156 0.379629 0.872308 0.000000 0.000000 0.000000 0.000000 1.000000
0.883035 -0.413287 -0.222360 0.000000 0.308588 0.868294 -0.388381 15.319300 0.353586 0.274336 0.894269 0.000000 0.000000 0.000000 0.000000 1.000000
0.843639 -0.450051 -0.292791 0.000000 0.375799 0.884440 -0.276662 15.319300 0.383468 0.123373 0.915277 0.000000 0.000000 0.000000 0.000000 1.000000
0.796898 -0.481860 -0.364368 0.000000 0.476148 0.872195 -0.112069 15.319300 0.371801 -0.084185 0.924487 0.000000 0.000000 0.000000 0.000000 1.000000
0.756736 -0.500905 -0.420053 0.000000 0.584910 0.805763 0.092874 15.319300 0.291942 -0.315975 0.902735 0.000000 0.000000 0.000000 0.000000 1.000000
0.748965 -0.486262 -0.450111 0.000000 0.636855 0.715820 0.286387 15.319300 0.182939 -0.501150 0.845803 -0.000000 0.000000 0.000000 0.000000 1.000000
0.781489 -0.435978 -0.446317 0.000000 0.614411 0.662170 0.428987 15.319300 0.108509 -0.609470 0.785348 0.000000 0.000000 0.000000 0.000000 1.000000
0.840733 -0.339322 -0.421935 -0.000000 0.527928 0.686792 0.499609 15.319300 0.120253 -0.642789 0.756546 0.000000 0.000000 0.000000 0.000000 1.000000
0.896217 -0.185508 -0.402967 0.000000 0.394808 0.747761 0.533836 15.319300 0.202292 -0.637527 0.743396 0.000000 0.000000 0.000000 0.000000 1.000000
0.923234 0.021913 -0.383613 -0.000000 0.219784 0.788803 0.574008 15.319300 0.315173 -0.614256 0.723433 -0.000000 0.000000 0.000000 0.000000 1.000000
0.914656 0.245288 -0.321307 0.000000 0.014744 0.774083 0.632913 15.319300 0.403964 -0.583635 0.704403 0.000000 0.000000 0.000000 0.000000 1.000000
0.873114 0.433048 -0.223922 0.000000 -0.195047 0.731241 0.653639 15.319300 0.446798 -0.527026 0.722921 -0.000000 0.000000 0.000000 0.000000 1.000000
0.816548 0.555822 -0.155919 0.000000 -0.368839 0.710100 0.599764 15.319300 0.444080 -0.432227 0.784839 -0.000000 0.000000 0.000000 0.000000 1.000000
0.791914 0.586382 -0.170379 0.000000 -0.444486 0.744865 0.497602 15.319300 0.418694 -0.318327 0.850508 0.000000 0.000000 0.000000 0.000000 1.000000
0.808515 0.543193 -0.226373 0.000000 -0.423160 0.803972 0.417810 15.319300 0.408949 -0.242013 0.879881 0.000000 0.000000 0.000000 0.000000 1.000000
0.840926 0.457908 -0.288382 0.000000 -0.330732 0.856683 0.395866 15.319300 0.428322 -0.237517 0.871852 0.000000 0.000000 0.000000 0.000000 1.000000
0.864185 0.369949 -0.341060 0.000000 -0.205536 0.878227 0.431823 15.319300 0.459281 -0.303075 0.834989 0.000000 0.000000 0.000000 0.000000 1.000000
0.874665 0.302222 -0.378977 0.000000 -0.090987 0.870301 0.484042 15.319300 0.476112 -0.388893 0.788720 -0.000000 0.000000 0.000000 0.000000 1.000000
0.878723 0.259678 -0.400515 -0.000000 -0.008338 0.847294 0.531058 15.319300 0.477259 -0.463314 0.746702 0.000000 0.000000 0.000000 0.000000 1.000000</float_array>
        <technique_common>
          <accessor source="#mixamorig_LeftArm-Matrix-animation-output-transform-array" count="22" stride="16">
            <param type="float4x4"/>
          </accessor>
        </technique_common>
      </source>
      <source id="mixamorig_LeftArm-Interpolations">
        <Name_array id="mixamorig_LeftArm-Interpolations-array" count="22">
 LINEAR LINEAR LINEAR LINEAR LINEAR LINEAR LINEAR LINEAR LINEAR LINEAR LINEAR
LINEAR LINEAR LINEAR LINEAR LINEAR LINEAR LINEAR LINEAR LINEAR LINEAR LINEAR</Name_array>
        <technique_common>
          <accessor source="#mixamorig_LeftArm-Interpolations-array" count="22">
            <param type="name"/>
          </accessor>
        </technique_common>
      </source>
      <sampler id="mixamorig_LeftArm-Matrix-animation-transform">
        <input semantic="INPUT" source="#mixamorig_LeftArm-Matrix-animation-input"/>
        <input semantic="OUTPUT" source="#mixamorig_LeftArm-Matrix-animation-output-transform"/>
        <input semantic="INTERPOLATION" source="#mixamorig_LeftArm-Interpolations"/>
      </sampler>
      <channel source="#mixamorig_LeftArm-Matrix-animation-transform" target="mixamorig_LeftArm/matrix"/>
    </animation>
    <animation id="mixamorig_LeftForeArm-anim" name="mixamorig_LeftForeArm">
      <source id="mixamorig_LeftForeArm-Matrix-animation-input">
        <float_array id="mixamorig_LeftForeArm-Matrix-animation-input-array" count="22">

0.000000 0.033333 0.066667 0.100000 0.133333 0.166667 0.200000 0.233333 0.266667 0.300000 0.333333 0.366667 0.400000 0.433333 0.466667 0.500000
0.533333 0.566667 0.600000 0.633333 0.666667 0.700000</float_array>
        <technique_common>
          <accessor source="#mixamorig_LeftForeArm-Matrix-animation-input-array" count="22">
            <param name="TIME" type="float"/>
          </accessor>
        </technique_common>
      </source>
      <source id="mixamorig_LeftForeArm-Matrix-animation-output-transform">
        <float_array id="mixamorig_LeftForeArm-Matrix-animation-output-transform-array" count="352">

0.338188 -0.935325 -0.103903 -0.000000 0.935614 0.346050 -0.069830 34.109299 0.101269 -0.073598 0.992133 0.000000 0.000000 0.000000 0.000000 1.000000
0.687631 -0.724019 -0.054407 -0.000000 0.714765 0.688197 -0.124484 34.109299 0.127571 0.046711 0.990729 0.000000 0.000000 0.000000 0.000000 1.000000
0.909482 -0.415740 0.001403 0.000000 0.411718 0.900205 -0.141841 34.109299 0.057706 0.129580 0.989888 0.000000 0.000000 0.000000 0.000000 1.000000
0.969677 -0.236186 0.062787 -0.000000 0.243293 0.957229 -0.156591 34.109299 -0.023117 0.167119 0.985666 0.000000 0.000000 0.000000 0.000000 1.000000
0.946544 -0.306376 0.100934 0.000000 0.318977 0.935585 -0.151439 34.109299 -0.048036 0.175539 0.983300 0.000000 0.000000 0.000000 0.000000 1.000000
0.877118 -0.468803 0.104343 0.000000 0.478684 0.871001 -0.110542 34.109299 -0.039061 0.146906 0.988379 0.000000 0.000000 0.000000 0.000000 1.000000
0.806452 -0.583711 0.094431 0.000000 0.590452 0.803511 -0.075741 34.109299 -0.031666 0.116838 0.992646 -0.000000 0.000000 0.000000 0.000000 1.000000
0.802543 -0.582394 0.129390 -0.000000 0.594135 0.799883 -0.084796 34.109299 -0.054112 0.144928 0.987961 0.000000 0.000000 0.000000 0.000000 1.000000
0.836913 -0.506696 0.206967 -0.000000 0.534764 0.837556 -0.111926 34.109299 -0.116634 0.204351 0.971925 0.000000 0.000000 0.000000 0.000000 1.000000
0.860531 -0.424854 0.281042 0.000000 0.473114 0.871084 -0.131817 34.109299 -0.188808 0.246397 0.950600 0.000000 0.000000 0.000000 0.000000 1.000000
0.854902 -0.434670 0.283204 -0.000000 0.482970 0.866152 -0.128536 34.109299 -0.189427 0.246664 0.950407 0.000000 0.000000 0.000000 0.000000 1.000000
0.817049 -0.542570 0.195059 0.000000 0.569309 0.812705 -0.124085 34.109299 -0.091201 0.212432 0.972911 0.000000 0.000000 0.000000 0.000000 1.000000
0.719804 -0.691897 0.056220 -0.000000 0.690650 0.705640 -0.158353 34.109299 0.069893 0.152812 0.985781 0.000000 0.000000 0.000000 0.000000 1.000000
0.588707 -0.807782 -0.030201 -0.000000 0.780138 0.577550 -0.240461 34.109299 0.211682 0.118000 0.970189 0.000000 0.000000 0.000000 0.000000 1.000000
0.503040 -0.863046 -0.045846 0.000000 0.814179 0.491017 -0.309863 34.109299 0.289937 0.118546 0.949675 0.000000 0.000000 0.000000 0.000000 1.000000
0.501615 -0.863449 -0.053269 0.000000 0.807227 0.489317 -0.330081 34.109299 0.311074 0.122573 0.942448 -0.000000 0.000000 0.000000 0.000000 1.000000
0.583606 -0.804838 -0.107892 0.000000 0.750236 0.585250 -0.307618 34.109299 0.310726 0.098583 0.945373 0.000000 0.000000 0.000000 0.000000 1.000000
0.699283 -0.691403 -0.181562 0.000000 0.640424 0.718778 -0.270581 34.109299 0.317583 0.072936 0.945421 0.000000 0.000000 0.000000 0.000000 1.000000
0.806412 -0.544954 -0.229620 0.000000 0.499439 0.835542 -0.228979 34.109299 0.316640 0.069971 0.945962 0.000000 0.000000 0.000000 0.000000 1.000000
0.880621 -0.420037 -0.219262 0.000000 0.382825 0.903411 -0.193116 34.109299 0.279200 0.086123 0.956363 0.000000 0.000000 0.000000 0.000000 1.000000
0.922500 -0.347100 -0.168864 -0.000000 0.319862 0.932285 -0.168916 34.109299 0.216061 0.101811 0.971057 0.000000 0.000000 0.000000 0.000000 1.000000
0.938365 -0.329300 -0.105035 0.000000 0.311473 0.937350 -0.156076 34.109299 0.149850 0.113741 0.982144 -0.000000 0.000000 0.000000 0.000000 1.000000</float_array>
        <technique_common>
          <accessor source="#mixamorig_LeftForeArm-Matrix-animation-output-transform-array" count="22" stride="16">
            <param type="float4x4"/>
          </accessor>
        </technique_common>
      </source>
      <source id="mixamorig_LeftForeArm-Interpolations">
        <Name_array id="mixamorig_LeftForeArm-Interpolations-array" count="22">
 LINEAR LINEAR LINEAR LINEAR LINEAR LINEAR LINEAR LINEAR LINEAR LINEAR LINEAR
LINEAR LINEAR LINEAR LINEAR LINEAR LINEAR LINEAR LINEAR LINEAR LINEAR LINEAR</Name_array>
        <technique_common>
          <accessor source="#mixamorig_LeftForeArm-Interpolations-array" count="22">
            <param type="name"/>
          </accessor>
        </technique_common>
      </source>
      <sampler id="mixamorig_LeftForeArm-Matrix-animation-transform">
        <input semantic="INPUT" source="#mixamorig_LeftForeArm-Matrix-animation-input"/>
        <input semantic="OUTPUT" source="#mixamorig_LeftForeArm-Matrix-animation-output-transform"/>
        <input semantic="INTERPOLATION" source="#mixamorig_LeftForeArm-Interpolations"/>
      </sampler>
      <channel source="#mixamorig_LeftForeArm-Matrix-animation-transform" target="mixamorig_LeftForeArm/matrix"/>
    </animation>
    <animation id="mixamorig_LeftHand-anim" name="mixamorig_LeftHand">
      <source id="mixamorig_LeftHand-Matrix-animation-input">
        <float_array id="mixamorig_LeftHand-Matrix-animation-input-array" count="22">

0.000000 0.033333 0.066667 0.100000 0.133333 0.166667 0.200000 0.233333 0.266667 0.300000 0.333333 0.366667 0.400000 0.433333 0.466667 0.500000
0.533333 0.566667 0.600000 0.633333 0.666667 0.700000</float_array>
        <technique_common>
          <accessor source="#mixamorig_LeftHand-Matrix-animation-input-array" count="22">
            <param name="TIME" type="float"/>
          </accessor>
        </technique_common>
      </source>
      <source id="mixamorig_LeftHand-Matrix-animation-output-transform">
        <float_array id="mixamorig_LeftHand-Matrix-animation-output-transform-array" count="352">

0.933512 -0.353005 -0.062787 0.000000 0.330696 0.780029 0.531220 41.076000 -0.138548 -0.516664 0.844904 0.000000 0.000000 0.000000 0.000000 1.000000
0.945523 -0.303318 -0.118260 0.000000 0.324682 0.851957 0.410794 41.076000 -0.023849 -0.426812 0.904026 0.000000 0.000000 0.000000 0.000000 1.000000
0.949816 -0.295936 -0.101344 0.000000 0.312805 0.899958 0.303692 41.076000 0.001332 -0.320152 0.947365 0.000000 0.000000 0.000000 0.000000 1.000000
0.958720 -0.284073 -0.012578 0.000000 0.278403 0.928745 0.244796 41.076000 -0.057858 -0.238193 0.969493 -0.000000 0.000000 0.000000 0.000000 1.000000
0.970392 -0.227336 0.081590 0.000000 0.203085 0.950817 0.233890 41.076000 -0.130748 -0.210395 0.968834 0.000000 0.000000 0.000000 0.000000 1.000000
0.981017 -0.150082 0.122803 -0.000000 0.116784 0.962788 0.243723 41.076000 -0.154812 -0.224755 0.962039 0.000000 0.000000 0.000000 0.000000 1.000000
0.990950 -0.086372 0.102754 0.000000 0.056099 0.961911 0.267544 41.076000 -0.121948 -0.259358 0.958051 0.000000 0.000000 0.000000 0.000000 1.000000
0.997127 -0.064003 0.040503 0.000000 0.049295 0.954370 0.294529 41.076000 -0.057505 -0.291686 0.954784 0.000000 0.000000 0.000000 0.000000 1.000000
0.996774 -0.077525 -0.020769 0.000000 0.080175 0.949985 0.301829 41.076000 -0.003669 -0.302520 0.953136 0.000000 0.000000 0.000000 0.000000 1.000000
0.991517 -0.116553 -0.057533 0.000000 0.128273 0.948908 0.288306 41.076000 0.020991 -0.293240 0.955808 0.000000 0.000000 0.000000 0.000000 1.000000
0.985566 -0.148950 -0.080453 0.000000 0.166643 0.937305 0.306087 41.076000 0.029817 -0.315076 0.948598 -0.000000 0.000000 0.000000 0.000000 1.000000
0.981734 -0.136290 -0.132750 0.000000 0.179096 0.897475 0.403067 41.076000 0.064206 -0.419480 0.905491 0.000000 0.000000 0.000000 0.000000 1.000000
0.974599 -0.052633 -0.217683 -0.000000 0.168256 0.813567 0.556595 41.076000 0.147804 -0.579084 0.801758 0.000000 0.000000 0.000000 0.000000 1.000000
0.954559 0.078225 -0.287572 -0.000000 0.146490 0.717162 0.681337 41.076000 0.259533 -0.692503 0.673114 0.000000 0.000000 0.000000 0.000000 1.000000
0.933142 0.164476 -0.319678 0.000000 0.133189 0.667774 0.732352 41.076000 0.333927 -0.725966 0.601221 0.000000 0.000000 0.000000 0.000000 1.000000
0.930423 0.161386 -0.329040 0.000000 0.136101 0.681459 0.719090 41.076000 0.340278 -0.713840 0.612081 0.000000 0.000000 0.000000 0.000000 1.000000
0.942685 0.077506 -0.324559 0.000000 0.167346 0.731682 0.660785 41.076000 0.288689 -0.677226 0.676775 -0.000000 0.000000 0.000000 0.000000 1.000000
0.948118 -0.034914 -0.315995 -0.000000 0.223508 0.780054 0.584432 41.076000 0.226088 -0.624738 0.747387 0.000000 0.000000 0.000000 0.000000 1.000000
0.942608 -0.140006 -0.303131 0.000000 0.285224 0.809624 0.512987 41.076000 0.173601 -0.570006 0.803091 0.000000 0.000000 0.000000 0.000000 1.000000
0.941220 -0.195585 -0.275411 0.000000 0.312247 0.814797 0.488474 41.076000 0.128866 -0.545758 0.827974 -0.000000 0.000000 0.000000 0.000000 1.000000
0.952684 -0.197622 -0.230953 0.000000 0.292584 0.802151 0.520527 41.076000 0.082392 -0.563471 0.822017 0.000000 0.000000 0.000000 0.000000 1.000000
0.968525 -0.173758 -0.178235 0.000000 0.245934 0.778490 0.577468 41.076000 0.038415 -0.603126 0.796720 -0.000000 0.000000 0.000000 0.000000 1.000000</float_array>
        <technique_common>
          <accessor source="#mixamorig_LeftHand-Matrix-animation-output-transform-array" count="22" stride="16">
            <param type="float4x4"/>
          </accessor>
        </technique_common>
      </source>
      <source id="mixamorig_LeftHand-Interpolations">
        <Name_array id="mixamorig_LeftHand-Interpolations-array" count="22">
 LINEAR LINEAR LINEAR LINEAR LINEAR LINEAR LINEAR LINEAR LINEAR LINEAR LINEAR
LINEAR LINEAR LINEAR LINEAR LINEAR LINEAR LINEAR LINEAR LINEAR LINEAR LINEAR</Name_array>
        <technique_common>
          <accessor source="#mixamorig_LeftHand-Interpolations-array" count="22">
            <param type="name"/>
          </accessor>
        </technique_common>
      </source>
      <sampler id="mixamorig_LeftHand-Matrix-animation-transform">
        <input semantic="INPUT" source="#mixamorig_LeftHand-Matrix-animation-input"/>
        <input semantic="OUTPUT" source="#mixamorig_LeftHand-Matrix-animation-output-transform"/>
        <input semantic="INTERPOLATION" source="#mixamorig_LeftHand-Interpolations"/>
      </sampler>
      <channel source="#mixamorig_LeftHand-Matrix-animation-transform" target="mixamorig_LeftHand/matrix"/>
    </animation>
    <animation id="mixamorig_LeftHandThumb1-anim" name="mixamorig_LeftHandThumb1">
      <source id="mixamorig_LeftHandThumb1-Matrix-animation-input">
        <float_array id="mixamorig_LeftHandThumb1-Matrix-animation-input-array" count="22">

0.000000 0.033333 0.066667 0.100000 0.133333 0.166667 0.200000 0.233333 0.266667 0.300000 0.333333 0.366667 0.400000 0.433333 0.466667 0.500000
0.533333 0.566667 0.600000 0.633333 0.666667 0.700000</float_array>
        <technique_common>
          <accessor source="#mixamorig_LeftHandThumb1-Matrix-animation-input-array" count="22">
            <param name="TIME" type="float"/>
          </accessor>
        </technique_common>
      </source>
      <source id="mixamorig_LeftHandThumb1-Matrix-animation-output-transform">
        <float_array id="mixamorig_LeftHandThumb1-Matrix-animation-output-transform-array" count="352">

0.590610 -0.760992 0.268461 -9.706200 0.766768 0.425549 -0.480599 9.904300 0.251488 0.489694 0.834837 7.213800 0.000000 0.000000 0.000000 1.000000
0.558808 -0.777427 0.288688 -9.706200 0.783467 0.380784 -0.491104 9.904300 0.271870 0.500611 0.821873 7.213800 0.000000 0.000000 0.000000 1.000000
0.539852 -0.784338 0.305573 -9.706200 0.791955 0.350245 -0.500136 9.904300 0.285250 0.511999 0.810240 7.213800 0.000000 0.000000 0.000000 1.000000
0.533462 -0.785663 0.313291 -9.706200 0.794341 0.338108 -0.504683 9.904300 0.290585 0.518089 0.804453 7.213800 0.000000 0.000000 0.000000 1.000000
0.607741 -0.724741 0.324655 -9.706200 0.758225 0.408009 -0.508551 9.904300 0.236105 0.555229 0.797481 7.213800 0.000000 0.000000 0.000000 1.000000
0.731272 -0.587379 0.346737 -9.706200 0.669884 0.522748 -0.527248 9.904300 0.128439 0.617835 0.775747 7.213800 0.000000 0.000000 0.000000 1.000000
0.818462 -0.445585 0.362730 -9.706200 0.573729 0.599873 -0.557663 9.904300 0.030894 0.664535 0.746618 7.213800 0.000000 0.000000 0.000000 1.000000
0.834050 -0.414190 0.364428 -9.706200 0.551593 0.613761 -0.564838 9.904300 0.010278 0.672119 0.740372 7.213800 0.000000 0.000000 0.000000 1.000000
0.834560 -0.417613 0.359316 -9.706200 0.550836 0.621390 -0.557185 9.904300 0.009412 0.662929 0.748623 7.213800 0.000000 0.000000 0.000000 1.000000
0.835555 -0.424081 0.349291 -9.706200 0.549352 0.635855 -0.542126 9.904300 0.007807 0.644860 0.764261 7.213800 0.000000 0.000000 0.000000 1.000000
0.836763 -0.433929 0.333967 -9.706200 0.547533 0.656400 -0.518986 9.904300 0.005987 0.617126 0.786841 7.213800 0.000000 0.000000 0.000000 1.000000
0.837898 -0.446472 0.313989 -9.706200 0.545808 0.680582 -0.488777 9.904300 0.004530 0.580923 0.813946 7.213800 0.000000 0.000000 0.000000 1.000000
0.839196 -0.459640 0.290656 -9.706200 0.543820 0.706206 -0.453357 9.904300 0.003118 0.538520 0.842607 7.213800 0.000000 0.000000 0.000000 1.000000
0.842051 -0.467353 0.269315 -9.706200 0.539397 0.730245 -0.419277 9.904300 -0.000716 0.498321 0.866992 7.213800 0.000000 0.000000 0.000000 1.000000
0.847854 -0.463500 0.257511 -9.706200 0.530136 0.750143 -0.395274 9.904300 -0.009960 0.471650 0.881729 7.213800 0.000000 0.000000 0.000000 1.000000
0.856756 -0.445422 0.259938 -9.706200 0.515054 0.764642 -0.387353 9.904300 -0.026224 0.465749 0.884528 7.213800 0.000000 0.000000 0.000000 1.000000
0.867198 -0.414037 0.276660 -9.706200 0.495582 0.771859 -0.398286 9.904300 -0.048637 0.482501 0.874544 7.213800 0.000000 0.000000 0.000000 1.000000
0.876426 -0.377706 0.298691 -9.706200 0.476112 0.772551 -0.420099 9.904300 -0.072080 0.510396 0.856913 7.213800 0.000000 0.000000 0.000000 1.000000
0.883200 -0.343657 0.319152 -9.706200 0.459798 0.768587 -0.444814 9.904300 -0.092433 0.539605 0.836829 7.213800 0.000000 0.000000 0.000000 1.000000
0.887157 -0.319757 0.332728 -9.706200 0.449151 0.763787 -0.463565 9.904300 -0.105905 0.560701 0.821218 7.213800 0.000000 0.000000 0.000000 1.000000
0.889097 -0.306477 0.339970 -9.706200 0.443536 0.760336 -0.474516 9.904300 -0.113063 0.572679 0.811945 7.213800 0.000000 0.000000 0.000000 1.000000
0.888476 -0.305564 0.342404 -9.706200 0.444909 0.756477 -0.479373 9.904300 -0.112542 0.578250 0.808060 7.213800 0.000000 0.000000 0.000000 1.000000</float_array>
        <technique_common>
          <accessor source="#mixamorig_LeftHandThumb1-Matrix-animation-output-transform-array" count="22" stride="16">
            <param type="float4x4"/>
          </accessor>
        </technique_common>
      </source>
      <source id="mixamorig_LeftHandThumb1-Interpolations">
        <Name_array id="mixamorig_LeftHandThumb1-Interpolations-array" count="22">
 LINEAR LINEAR LINEAR LINEAR LINEAR LINEAR LINEAR LINEAR LINEAR LINEAR LINEAR
LINEAR LINEAR LINEAR LINEAR LINEAR LINEAR LINEAR LINEAR LINEAR LINEAR LINEAR</Name_array>
        <technique_common>
          <accessor source="#mixamorig_LeftHandThumb1-Interpolations-array" count="22">
            <param type="name"/>
          </accessor>
        </technique_common>
      </source>
      <sampler id="mixamorig_LeftHandThumb1-Matrix-animation-transform">
        <input semantic="INPUT" source="#mixamorig_LeftHandThumb1-Matrix-animation-input"/>
        <input semantic="OUTPUT" source="#mixamorig_LeftHandThumb1-Matrix-animation-output-transform"/>
        <input semantic="INTERPOLATION" source="#mixamorig_LeftHandThumb1-Interpolations"/>
      </sampler>
      <channel source="#mixamorig_LeftHandThumb1-Matrix-animation-transform" target="mixamorig_LeftHandThumb1/matrix"/>
    </animation>
    <animation id="mixamorig_LeftHandThumb2-anim" name="mixamorig_LeftHandThumb2">
      <source id="mixamorig_LeftHandThumb2-Matrix-animation-input">
        <float_array id="mixamorig_LeftHandThumb2-Matrix-animation-input-array" count="22">

0.000000 0.033333 0.066667 0.100000 0.133333 0.166667 0.200000 0.233333 0.266667 0.300000 0.333333 0.366667 0.400000 0.433333 0.466667 0.500000
0.533333 0.566667 0.600000 0.633333 0.666667 0.700000</float_array>
        <technique_common>
          <accessor source="#mixamorig_LeftHandThumb2-Matrix-animation-input-array" count="22">
            <param name="TIME" type="float"/>
          </accessor>
        </technique_common>
      </source>
      <source id="mixamorig_LeftHandThumb2-Matrix-animation-output-transform">
        <float_array id="mixamorig_LeftHandThumb2-Matrix-animation-output-transform-array" count="352">

0.999804 0.019812 0.000604 0.000000 -0.019820 0.999543 0.022811 2.369000 -0.000151 -0.022819 0.999740 -0.000000 0.000000 0.000000 0.000000 1.000000
0.999920 0.012620 0.000604 0.000000 -0.012631 0.999634 0.023924 2.369000 -0.000302 -0.023930 0.999714 0.000000 0.000000 0.000000 0.000000 1.000000
0.999981 0.006119 0.000596 0.000000 -0.006131 0.999675 0.024749 2.369000 -0.000444 -0.024752 0.999694 -0.000000 0.000000 0.000000 0.000000 1.000000
0.999996 0.002895 0.000580 0.000000 -0.002909 0.999680 0.025124 2.369000 -0.000507 -0.025126 0.999684 0.000000 0.000000 0.000000 0.000000 1.000000
0.999614 0.027766 0.000519 0.000000 -0.027770 0.999366 0.022271 2.369000 0.000099 -0.022277 0.999752 0.000000 0.000000 0.000000 0.000000 1.000000
0.997067 0.076535 0.000200 -0.000000 -0.076528 0.996928 0.016664 2.369000 0.001076 -0.016630 0.999861 0.000000 0.000000 0.000000 0.000000 1.000000
0.992716 0.120481 -0.000291 0.000000 -0.120469 0.992649 0.011632 2.369000 0.001691 -0.011512 0.999932 0.000000 0.000000 0.000000 0.000000 1.000000
0.991527 0.129902 -0.000454 0.000000 -0.129890 0.991472 0.010566 2.369000 0.001823 -0.010417 0.999944 0.000000 0.000000 0.000000 0.000000 1.000000
0.991548 0.129739 -0.000489 0.000000 -0.129727 0.991493 0.010620 2.369000 0.001863 -0.010466 0.999943 0.000000 0.000000 0.000000 0.000000 1.000000
0.991588 0.129434 -0.000491 0.000000 -0.129422 0.991532 0.010710 2.369000 0.001873 -0.010556 0.999943 0.000000 0.000000 0.000000 0.000000 1.000000
0.991587 0.129440 -0.000470 0.000000 -0.129427 0.991531 0.010732 2.369000 0.001855 -0.010581 0.999942 -0.000000 0.000000 0.000000 0.000000 1.000000
0.991500 0.130108 -0.000439 0.000000 -0.130096 0.991445 0.010598 2.369000 0.001814 -0.010451 0.999944 0.000000 0.000000 0.000000 0.000000 1.000000
0.991393 0.130920 -0.000397 0.000000 -0.130908 0.991340 0.010388 2.369000 0.001754 -0.010246 0.999946 0.000000 0.000000 0.000000 0.000000 1.000000
0.991633 0.129092 -0.000336 -0.000000 -0.129082 0.991580 0.010386 2.369000 0.001674 -0.010256 0.999946 0.000000 0.000000 0.000000 0.000000 1.000000
0.992620 0.121269 -0.000230 -0.000000 -0.121259 0.992564 0.010611 2.369000 0.001515 -0.010505 0.999944 0.000000 0.000000 0.000000 0.000000 1.000000
0.994416 0.105531 -0.000046 0.000000 -0.105524 0.994355 0.011127 2.369000 0.001220 -0.011060 0.999938 0.000000 0.000000 0.000000 0.000000 1.000000
0.996628 0.082055 0.000231 -0.000000 -0.082051 0.996557 0.011925 2.369000 0.000748 -0.011904 0.999929 0.000000 0.000000 0.000000 0.000000 1.000000
0.998443 0.055786 0.000565 0.000000 -0.055788 0.998360 0.012837 2.369000 0.000152 -0.012848 0.999917 0.000000 0.000000 0.000000 0.000000 1.000000
0.999511 0.031246 0.000912 -0.000000 -0.031255 0.999417 0.013703 2.369000 -0.000483 -0.013725 0.999906 0.000000 0.000000 0.000000 0.000000 1.000000
0.999906 0.013631 0.001155 -0.000000 -0.013646 0.999804 0.014309 2.369000 -0.000960 -0.014323 0.999897 0.000000 0.000000 0.000000 0.000000 1.000000
0.999992 0.003814 0.001254 0.000000 -0.003832 0.999886 0.014612 2.369000 -0.001199 -0.014617 0.999892 0.000000 0.000000 0.000000 0.000000 1.000000
0.999997 0.001974 0.001283 0.000000 -0.001993 0.999890 0.014692 2.369000 -0.001254 -0.014695 0.999891 0.000000 0.000000 0.000000 0.000000 1.000000</float_array>
        <technique_common>
          <accessor source="#mixamorig_LeftHandThumb2-Matrix-animation-output-transform-array" count="22" stride="16">
            <param type="float4x4"/>
          </accessor>
        </technique_common>
      </source>
      <source id="mixamorig_LeftHandThumb2-Interpolations">
        <Name_array id="mixamorig_LeftHandThumb2-Interpolations-array" count="22">
 LINEAR LINEAR LINEAR LINEAR LINEAR LINEAR LINEAR LINEAR LINEAR LINEAR LINEAR
LINEAR LINEAR LINEAR LINEAR LINEAR LINEAR LINEAR LINEAR LINEAR LINEAR LINEAR</Name_array>
        <technique_common>
          <accessor source="#mixamorig_LeftHandThumb2-Interpolations-array" count="22">
            <param type="name"/>
          </accessor>
        </technique_common>
      </source>
      <sampler id="mixamorig_LeftHandThumb2-Matrix-animation-transform">
        <input semantic="INPUT" source="#mixamorig_LeftHandThumb2-Matrix-animation-input"/>
        <input semantic="OUTPUT" source="#mixamorig_LeftHandThumb2-Matrix-animation-output-transform"/>
        <input semantic="INTERPOLATION" source="#mixamorig_LeftHandThumb2-Interpolations"/>
      </sampler>
      <channel source="#mixamorig_LeftHandThumb2-Matrix-animation-transform" target="mixamorig_LeftHandThumb2/matrix"/>
    </animation>
    <animation id="mixamorig_LeftHandThumb3-anim" name="mixamorig_LeftHandThumb3">
      <source id="mixamorig_LeftHandThumb3-Matrix-animation-input">
        <float_array id="mixamorig_LeftHandThumb3-Matrix-animation-input-array" count="22">

0.000000 0.033333 0.066667 0.100000 0.133333 0.166667 0.200000 0.233333 0.266667 0.300000 0.333333 0.366667 0.400000 0.433333 0.466667 0.500000
0.533333 0.566667 0.600000 0.633333 0.666667 0.700000</float_array>
        <technique_common>
          <accessor source="#mixamorig_LeftHandThumb3-Matrix-animation-input-array" count="22">
            <param name="TIME" type="float"/>
          </accessor>
        </technique_common>
      </source>
      <source id="mixamorig_LeftHandThumb3-Matrix-animation-output-transform">
        <float_array id="mixamorig_LeftHandThumb3-Matrix-animation-output-transform-array" count="352">

1.000000 -0.000000 0.000067 -0.000000 0.000000 1.000000 0.000000 2.785200 -0.000067 -0.000000 1.000000 0.000000 0.000000 0.000000 0.000000 1.000000
1.000000 0.000000 0.000067 0.000000 -0.000000 1.000000 0.000000 2.785200 -0.000067 -0.000000 1.000000 0.000000 0.000000 0.000000 0.000000 1.000000
1.000000 0.000000 0.000067 -0.000000 -0.000000 1.000000 0.000000 2.785200 -0.000067 -0.000000 1.000000 0.000000 0.000000 0.000000 0.000000 1.000000
1.000000 0.000000 0.000067 0.000000 -0.000000 1.000000 -0.000000 2.785200 -0.000067 0.000000 1.000000 0.000000 0.000000 0.000000 0.000000 1.000000
1.000000 0.000000 0.000067 -0.000000 -0.000000 1.000000 -0.000000 2.785200 -0.000067 0.000000 1.000000 0.000000 0.000000 0.000000 0.000000 1.000000
1.000000 0.000000 0.000067 0.000000 -0.000000 1.000000 0.000000 2.785200 -0.000067 -0.000000 1.000000 -0.000000 0.000000 0.000000 0.000000 1.000000
1.000000 -0.000000 0.000067 -0.000000 0.000000 1.000000 -0.000000 2.785200 -0.000067 0.000000 1.000000 0.000000 0.000000 0.000000 0.000000 1.000000
1.000000 -0.000000 0.000067 0.000000 0.000000 1.000000 -0.000000 2.785200 -0.000067 0.000000 1.000000 0.000000 0.000000 0.000000 0.000000 1.000000
1.000000 -0.000000 0.000067 -0.000000 0.000000 1.000000 0.000000 2.785200 -0.000067 -0.000000 1.000000 0.000000 0.000000 0.000000 0.000000 1.000000
1.000000 0.000000 0.000067 0.000000 -0.000000 1.000000 0.000000 2.785200 -0.000067 -0.000000 1.000000 0.000000 0.000000 0.000000 0.000000 1.000000
1.000000 0.000000 0.000067 0.000000 -0.000000 1.000000 -0.000000 2.785200 -0.000067 0.000000 1.000000 -0.000000 0.000000 0.000000 0.000000 1.000000
1.000000 -0.000000 0.000067 0.000000 0.000000 1.000000 -0.000000 2.785200 -0.000067 0.000000 1.000000 0.000000 0.000000 0.000000 0.000000 1.000000
1.000000 -0.000000 0.000067 0.000000 0.000000 1.000000 0.000000 2.785200 -0.000067 -0.000000 1.000000 0.000000 0.000000 0.000000 0.000000 1.000000
1.000000 -0.000000 0.000067 0.000000 0.000000 1.000000 -0.000000 2.785200 -0.000067 0.000000 1.000000 0.000000 0.000000 0.000000 0.000000 1.000000
1.000000 -0.000000 0.000067 0.000000 0.000000 1.000000 -0.000000 2.785200 -0.000067 0.000000 1.000000 0.000000 0.000000 0.000000 0.000000 1.000000
1.000000 0.000000 0.000067 0.000000 -0.000000 1.000000 -0.000000 2.785200 -0.000067 0.000000 1.000000 0.000000 0.000000 0.000000 0.000000 1.000000
1.000000 -0.000000 0.000067 0.000000 0.000000 1.000000 0.000000 2.785200 -0.000067 -0.000000 1.000000 0.000000 0.000000 0.000000 0.000000 1.000000
1.000000 0.000000 0.000067 0.000000 -0.000000 1.000000 0.000000 2.785200 -0.000067 -0.000000 1.000000 0.000000 0.000000 0.000000 0.000000 1.000000
1.000000 0.000000 0.000067 0.000000 -0.000000 1.000000 0.000000 2.785200 -0.000067 -0.000000 1.000000 0.000000 0.000000 0.000000 0.000000 1.000000
1.000000 -0.000000 0.000067 0.000000 0.000000 1.000000 -0.000000 2.785200 -0.000067 0.000000 1.000000 0.000000 0.000000 0.000000 0.000000 1.000000
1.000000 0.000000 0.000067 0.000000 -0.000000 1.000000 -0.000000 2.785200 -0.000067 0.000000 1.000000 -0.000000 0.000000 0.000000 0.000000 1.000000
1.000000 -0.000000 0.000067 -0.000000 0.000000 1.000000 0.000000 2.785200 -0.000067 -0.000000 1.000000 0.000000 0.000000 0.000000 0.000000 1.000000</float_array>
        <technique_common>
          <accessor source="#mixamorig_LeftHandThumb3-Matrix-animation-output-transform-array" count="22" stride="16">
            <param type="float4x4"/>
          </accessor>
        </technique_common>
      </source>
      <source id="mixamorig_LeftHandThumb3-Interpolations">
        <Name_array id="mixamorig_LeftHandThumb3-Interpolations-array" count="22">
 LINEAR LINEAR LINEAR LINEAR LINEAR LINEAR LINEAR LINEAR LINEAR LINEAR LINEAR
LINEAR LINEAR LINEAR LINEAR LINEAR LINEAR LINEAR LINEAR LINEAR LINEAR LINEAR</Name_array>
        <technique_common>
          <accessor source="#mixamorig_LeftHandThumb3-Interpolations-array" count="22">
            <param type="name"/>
          </accessor>
        </technique_common>
      </source>
      <sampler id="mixamorig_LeftHandThumb3-Matrix-animation-transform">
        <input semantic="INPUT" source="#mixamorig_LeftHandThumb3-Matrix-animation-input"/>
        <input semantic="OUTPUT" source="#mixamorig_LeftHandThumb3-Matrix-animation-output-transform"/>
        <input semantic="INTERPOLATION" source="#mixamorig_LeftHandThumb3-Interpolations"/>
      </sampler>
      <channel source="#mixamorig_LeftHandThumb3-Matrix-animation-transform" target="mixamorig_LeftHandThumb3/matrix"/>
    </animation>
    <animation id="mixamorig_LeftHandIndex1-anim" name="mixamorig_LeftHandIndex1">
      <source id="mixamorig_LeftHandIndex1-Matrix-animation-input">
        <float_array id="mixamorig_LeftHandIndex1-Matrix-animation-input-array" count="22">

0.000000 0.033333 0.066667 0.100000 0.133333 0.166667 0.200000 0.233333 0.266667 0.300000 0.333333 0.366667 0.400000 0.433333 0.466667 0.500000
0.533333 0.566667 0.600000 0.633333 0.666667 0.700000</float_array>
        <technique_common>
          <accessor source="#mixamorig_LeftHandIndex1-Matrix-animation-input-array" count="22">
            <param name="TIME" type="float"/>
          </accessor>
        </technique_common>
      </source>
      <source id="mixamorig_LeftHandIndex1-Matrix-animation-output-transform">
        <float_array id="mixamorig_LeftHandIndex1-Matrix-animation-output-transform-array" count="352">

0.993870 -0.105262 -0.033796 -4.736600 0.094033 0.965636 -0.242293 18.296801 0.058139 0.237629 0.969614 0.973500 0.000000 0.000000 0.000000 1.000000
0.993191 -0.110376 -0.037274 -4.736600 0.097466 0.962507 -0.253143 18.296801 0.063818 0.247786 0.966711 0.973500 0.000000 0.000000 0.000000 1.000000
0.992554 -0.115198 -0.039576 -4.736600 0.101133 0.960472 -0.259356 18.296801 0.067889 0.253423 0.964971 0.973500 0.000000 0.000000 0.000000 1.000000
0.992235 -0.117616 -0.040449 -4.736600 0.103105 0.959711 -0.261389 18.296801 0.069562 0.255188 0.964386 0.973500 0.000000 0.000000 0.000000 1.000000
0.990646 -0.133711 -0.027232 -4.736600 0.114318 0.922207 -0.369413 18.296801 0.074508 0.362844 0.928866 0.973500 0.000000 0.000000 0.000000 1.000000
0.986700 -0.162547 0.001600 -4.736600 0.135186 0.815067 -0.563374 18.296801 0.090270 0.556097 0.826201 0.973500 0.000000 0.000000 0.000000 1.000000
0.982130 -0.185644 0.030923 -4.736600 0.151624 0.683160 -0.714354 18.296801 0.111490 0.706278 0.699100 0.973500 0.000000 0.000000 0.000000 1.000000
0.981135 -0.189684 0.037340 -4.736600 0.154469 0.653041 -0.741402 18.296801 0.116248 0.733183 0.670022 0.973500 0.000000 0.000000 0.000000 1.000000
0.981920 -0.185820 0.036103 -4.736600 0.153020 0.666907 -0.729260 18.296801 0.111434 0.721599 0.683284 0.973500 0.000000 0.000000 0.000000 1.000000
0.983405 -0.178258 0.033731 -4.736600 0.149812 0.693042 -0.705159 18.296801 0.102323 0.698510 0.708247 0.973500 0.000000 0.000000 0.000000 1.000000
0.985519 -0.166857 0.030175 -4.736600 0.143917 0.729002 -0.669211 18.296801 0.089665 0.663863 0.742460 0.973500 0.000000 0.000000 0.000000 1.000000
0.988000 -0.152273 0.025845 -4.736600 0.134954 0.769727 -0.623945 18.296801 0.075116 0.619946 0.781041 0.973500 0.000000 0.000000 0.000000 1.000000
0.990561 -0.135398 0.021344 -4.736600 0.123299 0.812146 -0.570277 18.296801 0.059880 0.567526 0.821175 0.973500 0.000000 0.000000 0.000000 1.000000
0.992729 -0.119081 0.017589 -4.736600 0.111450 0.854065 -0.508086 18.296801 0.045481 0.506351 0.861127 0.973500 0.000000 0.000000 0.000000 1.000000
0.994127 -0.107164 0.015106 -4.736600 0.102919 0.892981 -0.438170 18.296801 0.033466 0.437151 0.898765 0.973500 0.000000 0.000000 0.000000 1.000000
0.994681 -0.102151 0.013251 -4.736600 0.100010 0.926912 -0.361706 18.296801 0.024666 0.361107 0.932198 0.973500 0.000000 0.000000 0.000000 1.000000
0.994422 -0.104944 0.010587 -4.736600 0.103647 0.953619 -0.282610 18.296801 0.019562 0.282131 0.959176 0.973500 0.000000 0.000000 0.000000 1.000000
0.993700 -0.111890 0.006435 -4.736600 0.110786 0.971975 -0.207342 18.296801 0.016945 0.206749 0.978247 0.973500 0.000000 0.000000 0.000000 1.000000
0.992803 -0.119756 0.001158 -4.736600 0.118699 0.982664 -0.142418 18.296801 0.015917 0.141531 0.989806 0.973500 0.000000 0.000000 0.000000 1.000000
0.992088 -0.125491 -0.003711 -4.736600 0.124547 0.987488 -0.096728 18.296801 0.015803 0.095501 0.995304 0.973500 0.000000 0.000000 0.000000 1.000000
0.991628 -0.128956 -0.006652 -4.736600 0.128140 0.989096 -0.072587 18.296801 0.015940 0.071127 0.997340 0.973500 0.000000 0.000000 0.000000 1.000000
0.991385 -0.130786 -0.007125 -4.736600 0.129994 0.989125 -0.068792 18.296801 0.016045 0.067273 0.997606 0.973500 0.000000 0.000000 0.000000 1.000000</float_array>
        <technique_common>
          <accessor source="#mixamorig_LeftHandIndex1-Matrix-animation-output-transform-array" count="22" stride="16">
            <param type="float4x4"/>
          </accessor>
        </technique_common>
      </source>
      <source id="mixamorig_LeftHandIndex1-Interpolations">
        <Name_array id="mixamorig_LeftHandIndex1-Interpolations-array" count="22">
 LINEAR LINEAR LINEAR LINEAR LINEAR LINEAR LINEAR LINEAR LINEAR LINEAR LINEAR
LINEAR LINEAR LINEAR LINEAR LINEAR LINEAR LINEAR LINEAR LINEAR LINEAR LINEAR</Name_array>
        <technique_common>
          <accessor source="#mixamorig_LeftHandIndex1-Interpolations-array" count="22">
            <param type="name"/>
          </accessor>
        </technique_common>
      </source>
      <sampler id="mixamorig_LeftHandIndex1-Matrix-animation-transform">
        <input semantic="INPUT" source="#mixamorig_LeftHandIndex1-Matrix-animation-input"/>
        <input semantic="OUTPUT" source="#mixamorig_LeftHandIndex1-Matrix-animation-output-transform"/>
        <input semantic="INTERPOLATION" source="#mixamorig_LeftHandIndex1-Interpolations"/>
      </sampler>
      <channel source="#mixamorig_LeftHandIndex1-Matrix-animation-transform" target="mixamorig_LeftHandIndex1/matrix"/>
    </animation>
    <animation id="mixamorig_LeftHandIndex2-anim" name="mixamorig_LeftHandIndex2">
      <source id="mixamorig_LeftHandIndex2-Matrix-animation-input">
        <float_array id="mixamorig_LeftHandIndex2-Matrix-animation-input-array" count="22">

0.000000 0.033333 0.066667 0.100000 0.133333 0.166667 0.200000 0.233333 0.266667 0.300000 0.333333 0.366667 0.400000 0.433333 0.466667 0.500000
0.533333 0.566667 0.600000 0.633333 0.666667 0.700000</float_array>
        <technique_common>
          <accessor source="#mixamorig_LeftHandIndex2-Matrix-animation-input-array" count="22">
            <param name="TIME" type="float"/>
          </accessor>
        </technique_common>
      </source>
      <source id="mixamorig_LeftHandIndex2-Matrix-animation-output-transform">
        <float_array id="mixamorig_LeftHandIndex2-Matrix-animation-output-transform-array" count="352">

0.999994 0.000475 -0.003500 0.000000 -0.001775 0.924346 -0.381551 4.697600 0.003054 0.381555 0.924341 -0.000000 0.000000 0.000000 0.000000 1.000000
0.999994 -0.000704 -0.003488 -0.000000 -0.000714 0.920663 -0.390359 4.697600 0.003486 0.390359 0.920656 0.000000 0.000000 0.000000 0.000000 1.000000
0.999993 -0.001469 -0.003472 -0.000000 -0.000026 0.918194 -0.396132 4.697600 0.003770 0.396129 0.918187 -0.000000 0.000000 0.000000 0.000000 1.000000
0.999992 -0.001748 -0.003462 0.000000 0.000224 0.917230 -0.398359 4.697600 0.003871 0.398355 0.917223 0.000000 0.000000 0.000000 0.000000 1.000000
0.999867 -0.016139 -0.002430 -0.000000 0.012757 0.865665 -0.500461 4.697600 0.010180 0.500363 0.865756 0.000000 0.000000 0.000000 0.000000 1.000000
0.999055 -0.043273 0.004177 -0.000000 0.034621 0.733808 -0.678474 4.697600 0.026295 0.677977 0.734612 0.000000 0.000000 0.000000 0.000000 1.000000
0.997706 -0.065976 0.015135 0.000000 0.050863 0.583158 -0.810765 4.697600 0.044665 0.809675 0.585177 -0.000000 0.000000 0.000000 0.000000 1.000000
0.997369 -0.070252 0.017875 0.000000 0.053659 0.549701 -0.833636 4.697600 0.048739 0.832402 0.552024 0.000000 0.000000 0.000000 0.000000 1.000000
0.997524 -0.068338 0.016610 0.000000 0.052408 0.564836 -0.823537 4.697600 0.046897 0.822369 0.567019 0.000000 0.000000 0.000000 0.000000 1.000000
0.997810 -0.064584 0.014273 0.000000 0.049908 0.593553 -0.803246 4.697600 0.043405 0.802200 0.595476 0.000000 0.000000 0.000000 0.000000 1.000000
0.998193 -0.059048 0.011145 0.000000 0.046103 0.633591 -0.772293 4.697600 0.038541 0.771412 0.635168 0.000000 0.000000 0.000000 0.000000 1.000000
0.998608 -0.052166 0.007742 0.000000 0.041187 0.679757 -0.732280 4.697600 0.032938 0.731580 0.680959 0.000000 0.000000 0.000000 0.000000 1.000000
0.999014 -0.044178 0.004409 0.000000 0.035244 0.728731 -0.683893 4.697600 0.027000 0.683374 0.729569 0.000000 0.000000 0.000000 0.000000 1.000000
0.999374 -0.035352 0.001433 -0.000000 0.028407 0.777576 -0.628147 4.697600 0.021092 0.627795 0.778093 0.000000 0.000000 0.000000 0.000000 1.000000
0.999658 -0.026141 -0.000943 0.000000 0.020989 0.823088 -0.567525 4.697600 0.015612 0.567311 0.823355 0.000000 0.000000 0.000000 0.000000 1.000000
0.999853 -0.016922 -0.002627 0.000000 0.013287 0.863362 -0.504410 4.697600 0.010803 0.504301 0.863461 -0.000000 0.000000 0.000000 0.000000 1.000000
0.999960 -0.008215 -0.003622 0.000000 0.005763 0.896675 -0.442652 4.697600 0.006884 0.442613 0.896686 0.000000 0.000000 0.000000 0.000000 1.000000
0.999992 -0.000417 -0.004036 0.000000 -0.001172 0.922610 -0.385731 4.697600 0.003884 0.385733 0.922602 -0.000000 0.000000 0.000000 0.000000 1.000000
0.999974 0.006072 -0.003956 -0.000000 -0.007050 0.941365 -0.337315 4.697600 0.001676 0.337334 0.941384 0.000000 0.000000 0.000000 0.000000 1.000000
0.999937 0.010643 -0.003661 -0.000000 -0.011252 0.952889 -0.303110 4.697600 0.000263 0.303132 0.952949 0.000000 0.000000 0.000000 0.000000 1.000000
0.999910 0.013012 -0.003416 0.000000 -0.013446 0.958378 -0.285185 4.697600 -0.000437 0.285205 0.958466 0.000000 0.000000 0.000000 0.000000 1.000000
0.999905 0.013344 -0.003357 0.000000 -0.013749 0.959124 -0.282652 4.697600 -0.000552 0.282671 0.959217 -0.000000 0.000000 0.000000 0.000000 1.000000</float_array>
        <technique_common>
          <accessor source="#mixamorig_LeftHandIndex2-Matrix-animation-output-transform-array" count="22" stride="16">
            <param type="float4x4"/>
          </accessor>
        </technique_common>
      </source>
      <source id="mixamorig_LeftHandIndex2-Interpolations">
        <Name_array id="mixamorig_LeftHandIndex2-Interpolations-array" count="22">
 LINEAR LINEAR LINEAR LINEAR LINEAR LINEAR LINEAR LINEAR LINEAR LINEAR LINEAR
LINEAR LINEAR LINEAR LINEAR LINEAR LINEAR LINEAR LINEAR LINEAR LINEAR LINEAR</Name_array>
        <technique_common>
          <accessor source="#mixamorig_LeftHandIndex2-Interpolations-array" count="22">
            <param type="name"/>
          </accessor>
        </technique_common>
      </source>
      <sampler id="mixamorig_LeftHandIndex2-Matrix-animation-transform">
        <input semantic="INPUT" source="#mixamorig_LeftHandIndex2-Matrix-animation-input"/>
        <input semantic="OUTPUT" source="#mixamorig_LeftHandIndex2-Matrix-animation-output-transform"/>
        <input semantic="INTERPOLATION" source="#mixamorig_LeftHandIndex2-Interpolations"/>
      </sampler>
      <channel source="#mixamorig_LeftHandIndex2-Matrix-animation-transform" target="mixamorig_LeftHandIndex2/matrix"/>
    </animation>
    <animation id="mixamorig_LeftHandIndex3-anim" name="mixamorig_LeftHandIndex3">
      <source id="mixamorig_LeftHandIndex3-Matrix-animation-input">
        <float_array id="mixamorig_LeftHandIndex3-Matrix-animation-input-array" count="22">

0.000000 0.033333 0.066667 0.100000 0.133333 0.166667 0.200000 0.233333 0.266667 0.300000 0.333333 0.366667 0.400000 0.433333 0.466667 0.500000
0.533333 0.566667 0.600000 0.633333 0.666667 0.700000</float_array>
        <technique_common>
          <accessor source="#mixamorig_LeftHandIndex3-Matrix-animation-input-array" count="22">
            <param name="TIME" type="float"/>
          </accessor>
        </technique_common>
      </source>
      <source id="mixamorig_LeftHandIndex3-Matrix-animation-output-transform">
        <float_array id="mixamorig_LeftHandIndex3-Matrix-animation-output-transform-array" count="352">

1.000000 -0.000000 -0.000000 -0.000000 0.000000 1.000000 0.000000 2.893900 0.000000 -0.000000 1.000000 0.000000 0.000000 0.000000 0.000000 1.000000
1.000000 0.000000 -0.000000 -0.000000 -0.000000 1.000000 -0.000000 2.893900 0.000000 0.000000 1.000000 0.000000 0.000000 0.000000 0.000000 1.000000
1.000000 0.000000 -0.000000 0.000000 -0.000000 1.000000 -0.000000 2.893900 0.000000 0.000000 1.000000 0.000000 0.000000 0.000000 0.000000 1.000000
1.000000 0.000000 0.000000 0.000000 -0.000000 1.000000 -0.000000 2.893900 -0.000000 0.000000 1.000000 0.000000 0.000000 0.000000 0.000000 1.000000
1.000000 0.000000 0.000000 -0.000000 -0.000000 1.000000 0.000000 2.893900 -0.000000 -0.000000 1.000000 0.000000 0.000000 0.000000 0.000000 1.000000
1.000000 0.000000 0.000000 -0.000000 -0.000000 1.000000 -0.000000 2.893900 0.000000 0.000000 1.000000 0.000000 0.000000 0.000000 0.000000 1.000000
1.000000 0.000000 -0.000000 0.000000 -0.000000 1.000000 -0.000000 2.893900 0.000000 0.000000 1.000000 0.000000 0.000000 0.000000 0.000000 1.000000
1.000000 0.000000 0.000000 0.000000 -0.000000 1.000000 -0.000000 2.893900 -0.000000 0.000000 1.000000 0.000000 0.000000 0.000000 0.000000 1.000000
1.000000 0.000000 0.000000 0.000000 -0.000000 1.000000 -0.000000 2.893900 0.000000 0.000000 1.000000 -0.000000 0.000000 0.000000 0.000000 1.000000
1.000000 -0.000000 -0.000000 0.000000 0.000000 1.000000 0.000000 2.893900 0.000000 -0.000000 1.000000 0.000000 0.000000 0.000000 0.000000 1.000000
1.000000 -0.000000 0.000000 0.000000 0.000000 1.000000 0.000000 2.893900 -0.000000 -0.000000 1.000000 0.000000 0.000000 0.000000 0.000000 1.000000
1.000000 -0.000000 -0.000000 0.000000 0.000000 1.000000 0.000000 2.893900 0.000000 -0.000000 1.000000 0.000000 0.000000 0.000000 0.000000 1.000000
1.000000 0.000000 0.000000 0.000000 -0.000000 1.000000 -0.000000 2.893900 0.000000 0.000000 1.000000 0.000000 0.000000 0.000000 0.000000 1.000000
1.000000 0.000000 0.000000 0.000000 -0.000000 1.000000 -0.000000 2.893900 0.000000 0.000000 1.000000 0.000000 0.000000 0.000000 0.000000 1.000000
1.000000 0.000000 0.000000 0.000000 -0.000000 1.000000 -0.000000 2.893900 -0.000000 0.000000 1.000000 0.000000 0.000000 0.000000 0.000000 1.000000
1.000000 0.000000 0.000000 -0.000000 -0.000000 1.000000 -0.000000 2.893900 -0.000000 0.000000 1.000000 0.000000 0.000000 0.000000 0.000000 1.000000
1.000000 0.000000 0.000000 0.000000 -0.000000 1.000000 -0.000000 2.893900 -0.000000 0.000000 1.000000 0.000000 0.000000 0.000000 0.000000 1.000000
1.000000 0.000000 0.000000 0.000000 -0.000000 1.000000 -0.000000 2.893900 0.000000 0.000000 1.000000 0.000000 0.000000 0.000000 0.000000 1.000000
1.000000 0.000000 0.000000 -0.000000 -0.000000 1.000000 -0.000000 2.893900 0.000000 0.000000 1.000000 0.000000 0.000000 0.000000 0.000000 1.000000
1.000000 0.000000 -0.000000 0.000000 -0.000000 1.000000 -0.000000 2.893900 0.000000 0.000000 1.000000 0.000000 0.000000 0.000000 0.000000 1.000000
1.000000 0.000000 0.000000 -0.000000 -0.000000 1.000000 -0.000000 2.893900 -0.000000 0.000000 1.000000 -0.000000 0.000000 0.000000 0.000000 1.000000
1.000000 0.000000 0.000000 0.000000 -0.000000 1.000000 -0.000000 2.893900 -0.000000 0.000000 1.000000 -0.000000 0.000000 0.000000 0.000000 1.000000</float_array>
        <technique_common>
          <accessor source="#mixamorig_LeftHandIndex3-Matrix-animation-output-transform-array" count="22" stride="16">
            <param type="float4x4"/>
          </accessor>
        </technique_common>
      </source>
      <source id="mixamorig_LeftHandIndex3-Interpolations">
        <Name_array id="mixamorig_LeftHandIndex3-Interpolations-array" count="22">
 LINEAR LINEAR LINEAR LINEAR LINEAR LINEAR LINEAR LINEAR LINEAR LINEAR LINEAR
LINEAR LINEAR LINEAR LINEAR LINEAR LINEAR LINEAR LINEAR LINEAR LINEAR LINEAR</Name_array>
        <technique_common>
          <accessor source="#mixamorig_LeftHandIndex3-Interpolations-array" count="22">
            <param type="name"/>
          </accessor>
        </technique_common>
      </source>
      <sampler id="mixamorig_LeftHandIndex3-Matrix-animation-transform">
        <input semantic="INPUT" source="#mixamorig_LeftHandIndex3-Matrix-animation-input"/>
        <input semantic="OUTPUT" source="#mixamorig_LeftHandIndex3-Matrix-animation-output-transform"/>
        <input semantic="INTERPOLATION" source="#mixamorig_LeftHandIndex3-Interpolations"/>
      </sampler>
      <channel source="#mixamorig_LeftHandIndex3-Matrix-animation-transform" target="mixamorig_LeftHandIndex3/matrix"/>
    </animation>
    <animation id="mixamorig_LeftHandMiddle1-anim" name="mixamorig_LeftHandMiddle1">
      <source id="mixamorig_LeftHandMiddle1-Matrix-animation-input">
        <float_array id="mixamorig_LeftHandMiddle1-Matrix-animation-input-array" count="22">

0.000000 0.033333 0.066667 0.100000 0.133333 0.166667 0.200000 0.233333 0.266667 0.300000 0.333333 0.366667 0.400000 0.433333 0.466667 0.500000
0.533333 0.566667 0.600000 0.633333 0.666667 0.700000</float_array>
        <technique_common>
          <accessor source="#mixamorig_LeftHandMiddle1-Matrix-animation-input-array" count="22">
            <param name="TIME" type="float"/>
          </accessor>
        </technique_common>
      </source>
      <source id="mixamorig_LeftHandMiddle1-Matrix-animation-output-transform">
        <float_array id="mixamorig_LeftHandMiddle1-Matrix-animation-output-transform-array" count="352">

0.999987 -0.004187 -0.003065 -0.139500 0.003031 0.950711 -0.310063 17.924500 0.004212 0.310050 0.950711 0.050800 0.000000 0.000000 0.000000 1.000000
0.999956 -0.009044 -0.002489 -0.139500 0.007782 0.948036 -0.318068 17.924500 0.005237 0.318035 0.948065 0.050800 0.000000 0.000000 0.000000 1.000000
0.999946 -0.010129 -0.002316 -0.139500 0.008833 0.946073 -0.323833 17.924500 0.005471 0.323795 0.946111 0.050800 0.000000 0.000000 0.000000 1.000000
0.999950 -0.009679 -0.002357 -0.139500 0.008381 0.945251 -0.326236 17.924500 0.005386 0.326200 0.945285 0.050800 0.000000 0.000000 0.000000 1.000000
0.999781 -0.020938 -0.000631 -0.139500 0.018608 0.901540 -0.432296 17.924500 0.009620 0.432189 0.901732 0.050800 0.000000 0.000000 0.000000 1.000000
0.999071 -0.042589 0.006530 -0.139500 0.037454 0.783510 -0.620250 17.924500 0.021300 0.619918 0.784377 0.050800 0.000000 0.000000 0.000000 1.000000
0.998024 -0.060467 0.017076 -0.139500 0.052043 0.643277 -0.763862 17.924500 0.035204 0.763242 0.645153 0.050800 0.000000 0.000000 0.000000 1.000000
0.997768 -0.063815 0.019654 -0.139500 0.054666 0.611649 -0.789238 17.924500 0.038344 0.788551 0.613773 0.050800 0.000000 0.000000 0.000000 1.000000
0.997895 -0.062197 0.018364 -0.139500 0.053333 0.625955 -0.778033 17.924500 0.036896 0.777375 0.627954 0.050800 0.000000 0.000000 0.000000 1.000000
0.998130 -0.059008 0.015970 -0.139500 0.050695 0.653002 -0.755657 17.924500 0.034161 0.755054 0.654773 0.050800 0.000000 0.000000 0.000000 1.000000
0.998415 -0.054738 0.013073 -0.139500 0.047311 0.690580 -0.721707 17.924500 0.030477 0.721181 0.692076 0.050800 0.000000 0.000000 0.000000 1.000000
0.998689 -0.050138 0.010317 -0.139500 0.043839 0.733688 -0.678071 17.924500 0.026428 0.677634 0.734924 0.050800 0.000000 0.000000 0.000000 1.000000
0.998965 -0.044865 0.007540 -0.139500 0.039708 0.778965 -0.625808 17.924500 0.022204 0.625460 0.779940 0.050800 0.000000 0.000000 0.000000 1.000000
0.999351 -0.035834 0.003539 -0.139500 0.031523 0.823139 -0.566964 17.924500 0.017404 0.566708 0.823735 0.050800 0.000000 0.000000 0.000000 1.000000
0.999816 -0.019091 -0.002106 -0.139500 0.015411 0.862785 -0.505336 17.924500 0.011464 0.505210 0.862920 0.050800 0.000000 0.000000 0.000000 1.000000
0.999934 0.007811 -0.008398 -0.139500 -0.010728 0.895888 -0.444150 17.924500 0.004055 0.444211 0.895913 0.050800 0.000000 0.000000 0.000000 1.000000
0.998924 0.044478 -0.013170 -0.139500 -0.046105 0.920742 -0.387438 17.924500 -0.005106 0.387628 0.921802 0.050800 0.000000 0.000000 0.000000 1.000000
0.996343 0.084176 -0.014654 -0.139500 -0.084177 0.937641 -0.337258 17.924500 -0.014648 0.337258 0.941298 0.050800 0.000000 0.000000 0.000000 1.000000
0.992619 0.120577 -0.012965 -0.139500 -0.118997 0.947795 -0.295844 17.924500 -0.023384 0.295203 0.955148 0.050800 0.000000 0.000000 0.000000 1.000000
0.989168 0.146458 -0.009811 -0.139500 -0.143737 0.952897 -0.267070 17.924500 -0.029766 0.265587 0.963627 0.050800 0.000000 0.000000 0.000000 1.000000
0.986982 0.160649 -0.007637 -0.139500 -0.157357 0.954761 -0.252330 17.924500 -0.033246 0.250247 0.967611 0.050800 0.000000 0.000000 0.000000 1.000000
0.986756 0.162060 -0.006991 -0.139500 -0.158696 0.955555 -0.248455 17.924500 -0.033584 0.246274 0.968618 0.050800 0.000000 0.000000 0.000000 1.000000</float_array>
        <technique_common>
          <accessor source="#mixamorig_LeftHandMiddle1-Matrix-animation-output-transform-array" count="22" stride="16">
            <param type="float4x4"/>
          </accessor>
        </technique_common>
      </source>
      <source id="mixamorig_LeftHandMiddle1-Interpolations">
        <Name_array id="mixamorig_LeftHandMiddle1-Interpolations-array" count="22">
 LINEAR LINEAR LINEAR LINEAR LINEAR LINEAR LINEAR LINEAR LINEAR LINEAR LINEAR
LINEAR LINEAR LINEAR LINEAR LINEAR LINEAR LINEAR LINEAR LINEAR LINEAR LINEAR</Name_array>
        <technique_common>
          <accessor source="#mixamorig_LeftHandMiddle1-Interpolations-array" count="22">
            <param type="name"/>
          </accessor>
        </technique_common>
      </source>
      <sampler id="mixamorig_LeftHandMiddle1-Matrix-animation-transform">
        <input semantic="INPUT" source="#mixamorig_LeftHandMiddle1-Matrix-animation-input"/>
        <input semantic="OUTPUT" source="#mixamorig_LeftHandMiddle1-Matrix-animation-output-transform"/>
        <input semantic="INTERPOLATION" source="#mixamorig_LeftHandMiddle1-Interpolations"/>
      </sampler>
      <channel source="#mixamorig_LeftHandMiddle1-Matrix-animation-transform" target="mixamorig_LeftHandMiddle1/matrix"/>
    </animation>
    <animation id="mixamorig_LeftHandMiddle2-anim" name="mixamorig_LeftHandMiddle2">
      <source id="mixamorig_LeftHandMiddle2-Matrix-animation-input">
        <float_array id="mixamorig_LeftHandMiddle2-Matrix-animation-input-array" count="22">

0.000000 0.033333 0.066667 0.100000 0.133333 0.166667 0.200000 0.233333 0.266667 0.300000 0.333333 0.366667 0.400000 0.433333 0.466667 0.500000
0.533333 0.566667 0.600000 0.633333 0.666667 0.700000</float_array>
        <technique_common>
          <accessor source="#mixamorig_LeftHandMiddle2-Matrix-animation-input-array" count="22">
            <param name="TIME" type="float"/>
          </accessor>
        </technique_common>
      </source>
      <source id="mixamorig_LeftHandMiddle2-Matrix-animation-output-transform">
        <float_array id="mixamorig_LeftHandMiddle2-Matrix-animation-output-transform-array" count="352">

0.999839 -0.017911 0.000805 -0.000000 0.017414 0.959462 -0.281301 5.001900 0.004266 0.281270 0.959619 0.000000 0.000000 0.000000 0.000000 1.000000
0.999831 -0.018355 0.000899 0.000000 0.017847 0.958164 -0.285664 5.001900 0.004382 0.285632 0.958329 0.000000 0.000000 0.000000 0.000000 1.000000
0.999821 -0.018913 0.000977 -0.000000 0.018378 0.956514 -0.291107 5.001900 0.004571 0.291073 0.956690 0.000000 0.000000 0.000000 0.000000 1.000000
0.999814 -0.019260 0.000960 0.000000 0.018690 0.955546 -0.294249 5.001900 0.004750 0.294212 0.955728 0.000000 0.000000 0.000000 0.000000 1.000000
0.999491 -0.031674 0.003885 0.000000 0.030564 0.915178 -0.401889 5.001900 0.009174 0.401803 0.915680 0.000000 0.000000 0.000000 0.000000 1.000000
0.998434 -0.054311 0.013447 0.000000 0.051689 0.803367 -0.593237 5.001900 0.021417 0.593002 0.804916 0.000000 0.000000 0.000000 0.000000 1.000000
0.997028 -0.072465 0.026160 0.000000 0.068000 0.668101 -0.740957 5.001900 0.036216 0.740533 0.671043 0.000000 0.000000 0.000000 0.000000 1.000000
0.996698 -0.075788 0.029141 0.000000 0.070901 0.637407 -0.767259 5.001900 0.039574 0.766791 0.640675 0.000000 0.000000 0.000000 0.000000 1.000000
0.996846 -0.074329 0.027796 0.000000 0.069626 0.651163 -0.755737 5.001900 0.038073 0.755289 0.654285 0.000000 0.000000 0.000000 0.000000 1.000000
0.997124 -0.071443 0.025275 0.000000 0.067092 0.677148 -0.732782 5.001900 0.035237 0.732370 0.679994 0.000000 0.000000 0.000000 0.000000 1.000000
0.997510 -0.067081 0.021779 -0.000000 0.063222 0.713626 -0.697668 5.001900 0.031258 0.697308 0.716090 0.000000 0.000000 0.000000 0.000000 1.000000
0.997949 -0.061493 0.017796 -0.000000 0.058208 0.755938 -0.652050 5.001900 0.026644 0.651749 0.757967 0.000000 0.000000 0.000000 0.000000 1.000000
0.998397 -0.054916 0.013733 0.000000 0.052230 0.800160 -0.597508 5.001900 0.021824 0.597267 0.801745 0.000000 0.000000 0.000000 0.000000 1.000000
0.998797 -0.047989 0.010096 0.000000 0.045855 0.840945 -0.539174 5.001900 0.017384 0.538988 0.842134 0.000000 0.000000 0.000000 0.000000 1.000000
0.999106 -0.041649 0.007285 0.000000 0.039953 0.873562 -0.485071 5.001900 0.013839 0.484928 0.874444 -0.000000 0.000000 0.000000 0.000000 1.000000
0.999316 -0.036580 0.005360 -0.000000 0.035190 0.896663 -0.441313 5.001900 0.011338 0.441200 0.897337 0.000000 0.000000 0.000000 0.000000 1.000000
0.999438 -0.033240 0.004229 0.000000 0.032028 0.910569 -0.412115 5.001900 0.009848 0.412019 0.911122 -0.000000 0.000000 0.000000 0.000000 1.000000
0.999509 -0.031141 0.003566 0.000000 0.030030 0.918791 -0.393600 5.001900 0.008981 0.393514 0.919275 0.000000 0.000000 0.000000 0.000000 1.000000
0.999550 -0.029816 0.003166 0.000000 0.028762 0.923642 -0.382176 5.001900 0.008471 0.382096 0.924084 0.000000 0.000000 0.000000 0.000000 1.000000
0.999576 -0.028982 0.002921 -0.000000 0.027963 0.926609 -0.374985 5.001900 0.008161 0.374908 0.927026 -0.000000 0.000000 0.000000 0.000000 1.000000
0.999586 -0.028636 0.002831 -0.000000 0.027633 0.927816 -0.372014 5.001900 0.008027 0.371938 0.928223 0.000000 0.000000 0.000000 0.000000 1.000000
0.999585 -0.028655 0.002860 0.000000 0.027661 0.927732 -0.372221 5.001900 0.008013 0.372146 0.928140 0.000000 0.000000 0.000000 0.000000 1.000000</float_array>
        <technique_common>
          <accessor source="#mixamorig_LeftHandMiddle2-Matrix-animation-output-transform-array" count="22" stride="16">
            <param type="float4x4"/>
          </accessor>
        </technique_common>
      </source>
      <source id="mixamorig_LeftHandMiddle2-Interpolations">
        <Name_array id="mixamorig_LeftHandMiddle2-Interpolations-array" count="22">
 LINEAR LINEAR LINEAR LINEAR LINEAR LINEAR LINEAR LINEAR LINEAR LINEAR LINEAR
LINEAR LINEAR LINEAR LINEAR LINEAR LINEAR LINEAR LINEAR LINEAR LINEAR LINEAR</Name_array>
        <technique_common>
          <accessor source="#mixamorig_LeftHandMiddle2-Interpolations-array" count="22">
            <param type="name"/>
          </accessor>
        </technique_common>
      </source>
      <sampler id="mixamorig_LeftHandMiddle2-Matrix-animation-transform">
        <input semantic="INPUT" source="#mixamorig_LeftHandMiddle2-Matrix-animation-input"/>
        <input semantic="OUTPUT" source="#mixamorig_LeftHandMiddle2-Matrix-animation-output-transform"/>
        <input semantic="INTERPOLATION" source="#mixamorig_LeftHandMiddle2-Interpolations"/>
      </sampler>
      <channel source="#mixamorig_LeftHandMiddle2-Matrix-animation-transform" target="mixamorig_LeftHandMiddle2/matrix"/>
    </animation>
    <animation id="mixamorig_LeftHandMiddle3-anim" name="mixamorig_LeftHandMiddle3">
      <source id="mixamorig_LeftHandMiddle3-Matrix-animation-input">
        <float_array id="mixamorig_LeftHandMiddle3-Matrix-animation-input-array" count="22">

0.000000 0.033333 0.066667 0.100000 0.133333 0.166667 0.200000 0.233333 0.266667 0.300000 0.333333 0.366667 0.400000 0.433333 0.466667 0.500000
0.533333 0.566667 0.600000 0.633333 0.666667 0.700000</float_array>
        <technique_common>
          <accessor source="#mixamorig_LeftHandMiddle3-Matrix-animation-input-array" count="22">
            <param name="TIME" type="float"/>
          </accessor>
        </technique_common>
      </source>
      <source id="mixamorig_LeftHandMiddle3-Matrix-animation-output-transform">
        <float_array id="mixamorig_LeftHandMiddle3-Matrix-animation-output-transform-array" count="352">

1.000000 -0.000000 0.000000 0.000000 0.000000 1.000000 0.000000 3.278600 -0.000000 -0.000000 1.000000 0.000000 0.000000 0.000000 0.000000 1.000000
1.000000 0.000000 0.000000 0.000000 -0.000000 1.000000 -0.000000 3.278600 -0.000000 0.000000 1.000000 0.000000 0.000000 0.000000 0.000000 1.000000
1.000000 -0.000000 0.000000 -0.000000 0.000000 1.000000 0.000000 3.278600 0.000000 -0.000000 1.000000 0.000000 0.000000 0.000000 0.000000 1.000000
1.000000 -0.000000 0.000000 0.000000 0.000000 1.000000 0.000000 3.278600 -0.000000 -0.000000 1.000000 0.000000 0.000000 0.000000 0.000000 1.000000
1.000000 0.000000 -0.000000 0.000000 -0.000000 1.000000 -0.000000 3.278600 0.000000 0.000000 1.000000 -0.000000 0.000000 0.000000 0.000000 1.000000
1.000000 -0.000000 0.000000 0.000000 0.000000 1.000000 -0.000000 3.278600 -0.000000 0.000000 1.000000 -0.000000 0.000000 0.000000 0.000000 1.000000
1.000000 -0.000000 0.000000 0.000000 0.000000 1.000000 0.000000 3.278600 -0.000000 -0.000000 1.000000 0.000000 0.000000 0.000000 0.000000 1.000000
1.000000 -0.000000 -0.000000 0.000000 0.000000 1.000000 -0.000000 3.278600 0.000000 0.000000 1.000000 0.000000 0.000000 0.000000 0.000000 1.000000
1.000000 -0.000000 0.000000 0.000000 0.000000 1.000000 0.000000 3.278600 -0.000000 -0.000000 1.000000 -0.000000 0.000000 0.000000 0.000000 1.000000
1.000000 -0.000000 0.000000 0.000000 0.000000 1.000000 0.000000 3.278600 -0.000000 -0.000000 1.000000 0.000000 0.000000 0.000000 0.000000 1.000000
1.000000 -0.000000 -0.000000 0.000000 0.000000 1.000000 -0.000000 3.278600 0.000000 0.000000 1.000000 0.000000 0.000000 0.000000 0.000000 1.000000
1.000000 -0.000000 0.000000 -0.000000 0.000000 1.000000 0.000000 3.278600 -0.000000 -0.000000 1.000000 0.000000 0.000000 0.000000 0.000000 1.000000
1.000000 0.000000 0.000000 0.000000 -0.000000 1.000000 -0.000000 3.278600 -0.000000 0.000000 1.000000 0.000000 0.000000 0.000000 0.000000 1.000000
1.000000 0.000000 -0.000000 0.000000 -0.000000 1.000000 0.000000 3.278600 0.000000 -0.000000 1.000000 0.000000 0.000000 0.000000 0.000000 1.000000
1.000000 0.000000 -0.000000 0.000000 -0.000000 1.000000 0.000000 3.278600 0.000000 -0.000000 1.000000 0.000000 0.000000 0.000000 0.000000 1.000000
1.000000 0.000000 0.000000 0.000000 -0.000000 1.000000 -0.000000 3.278600 -0.000000 0.000000 1.000000 -0.000000 0.000000 0.000000 0.000000 1.000000
1.000000 0.000000 -0.000000 -0.000000 -0.000000 1.000000 -0.000000 3.278600 0.000000 0.000000 1.000000 -0.000000 0.000000 0.000000 0.000000 1.000000
1.000000 -0.000000 0.000000 0.000000 0.000000 1.000000 0.000000 3.278600 -0.000000 -0.000000 1.000000 0.000000 0.000000 0.000000 0.000000 1.000000
1.000000 -0.000000 0.000000 0.000000 0.000000 1.000000 0.000000 3.278600 -0.000000 -0.000000 1.000000 -0.000000 0.000000 0.000000 0.000000 1.000000
1.000000 -0.000000 0.000000 0.000000 0.000000 1.000000 0.000000 3.278600 -0.000000 -0.000000 1.000000 0.000000 0.000000 0.000000 0.000000 1.000000
1.000000 -0.000000 0.000000 0.000000 0.000000 1.000000 0.000000 3.278600 -0.000000 -0.000000 1.000000 0.000000 0.000000 0.000000 0.000000 1.000000
1.000000 -0.000000 0.000000 0.000000 0.000000 1.000000 0.000000 3.278600 -0.000000 -0.000000 1.000000 0.000000 0.000000 0.000000 0.000000 1.000000</float_array>
        <technique_common>
          <accessor source="#mixamorig_LeftHandMiddle3-Matrix-animation-output-transform-array" count="22" stride="16">
            <param type="float4x4"/>
          </accessor>
        </technique_common>
      </source>
      <source id="mixamorig_LeftHandMiddle3-Interpolations">
        <Name_array id="mixamorig_LeftHandMiddle3-Interpolations-array" count="22">
 LINEAR LINEAR LINEAR LINEAR LINEAR LINEAR LINEAR LINEAR LINEAR LINEAR LINEAR
LINEAR LINEAR LINEAR LINEAR LINEAR LINEAR LINEAR LINEAR LINEAR LINEAR LINEAR</Name_array>
        <technique_common>
          <accessor source="#mixamorig_LeftHandMiddle3-Interpolations-array" count="22">
            <param type="name"/>
          </accessor>
        </technique_common>
      </source>
      <sampler id="mixamorig_LeftHandMiddle3-Matrix-animation-transform">
        <input semantic="INPUT" source="#mixamorig_LeftHandMiddle3-Matrix-animation-input"/>
        <input semantic="OUTPUT" source="#mixamorig_LeftHandMiddle3-Matrix-animation-output-transform"/>
        <input semantic="INTERPOLATION" source="#mixamorig_LeftHandMiddle3-Interpolations"/>
      </sampler>
      <channel source="#mixamorig_LeftHandMiddle3-Matrix-animation-transform" target="mixamorig_LeftHandMiddle3/matrix"/>
    </animation>
    <animation id="mixamorig_LeftHandRing1-anim" name="mixamorig_LeftHandRing1">
      <source id="mixamorig_LeftHandRing1-Matrix-animation-input">
        <float_array id="mixamorig_LeftHandRing1-Matrix-animation-input-array" count="22">

0.000000 0.033333 0.066667 0.100000 0.133333 0.166667 0.200000 0.233333 0.266667 0.300000 0.333333 0.366667 0.400000 0.433333 0.466667 0.500000
0.533333 0.566667 0.600000 0.633333 0.666667 0.700000</float_array>
        <technique_common>
          <accessor source="#mixamorig_LeftHandRing1-Matrix-animation-input-array" count="22">
            <param name="TIME" type="float"/>
          </accessor>
        </technique_common>
      </source>
      <source id="mixamorig_LeftHandRing1-Matrix-animation-output-transform">
        <float_array id="mixamorig_LeftHandRing1-Matrix-animation-output-transform-array" count="352">

0.989743 0.139248 -0.031921 3.988400 -0.140643 0.910540 -0.388763 15.764500 -0.025069 0.389265 0.920785 0.151700 0.000000 0.000000 0.000000 1.000000
0.989944 0.138344 -0.029539 3.988400 -0.138779 0.909283 -0.392358 15.764500 -0.027421 0.392512 0.919338 0.151700 0.000000 0.000000 0.000000 1.000000
0.989828 0.139317 -0.028845 3.988400 -0.139232 0.906871 -0.397743 15.764500 -0.029253 0.397713 0.917043 0.151700 0.000000 0.000000 0.000000 1.000000
0.989682 0.140333 -0.028924 3.988400 -0.140086 0.905281 -0.401050 15.764500 -0.030096 0.400964 0.915599 0.151700 0.000000 0.000000 0.000000 1.000000
0.990727 0.128561 -0.043959 3.988400 -0.133138 0.854070 -0.502830 15.764500 -0.027100 0.504020 0.863267 0.151700 0.000000 0.000000 0.000000 1.000000
0.992470 0.102015 -0.067793 3.988400 -0.120802 0.723733 -0.679425 15.764500 -0.020248 0.682498 0.730607 0.151700 0.000000 0.000000 0.000000 1.000000
0.993690 0.075418 -0.083026 3.988400 -0.111362 0.574915 -0.810599 15.764500 -0.013401 0.814730 0.579686 0.151700 0.000000 0.000000 0.000000 1.000000
0.993902 0.069766 -0.085395 3.988400 -0.109631 0.541933 -0.833241 15.764500 -0.011853 0.837521 0.546276 0.151700 0.000000 0.000000 0.000000 1.000000
0.993806 0.071374 -0.085179 3.988400 -0.110550 0.556789 -0.823265 15.764500 -0.011333 0.827582 0.561231 0.151700 0.000000 0.000000 0.000000 1.000000
0.993628 0.074472 -0.084607 3.988400 -0.112240 0.584989 -0.803237 15.764500 -0.010325 0.807615 0.589620 0.151700 0.000000 0.000000 0.000000 1.000000
0.993442 0.078649 -0.082991 3.988400 -0.113995 0.625078 -0.772194 15.764500 -0.008856 0.776590 0.629944 0.151700 0.000000 0.000000 0.000000 1.000000
0.993328 0.083150 -0.079911 3.988400 -0.115107 0.672383 -0.731199 15.764500 -0.007069 0.735518 0.677468 0.151700 0.000000 0.000000 0.000000 1.000000
0.993243 0.087898 -0.075771 3.988400 -0.115935 0.722613 -0.681462 15.764500 -0.005146 0.685642 0.727921 0.151700 0.000000 0.000000 0.000000 1.000000
0.992852 0.094632 -0.072732 3.988400 -0.119302 0.768901 -0.628139 15.764500 -0.003518 0.632326 0.774694 0.151700 0.000000 0.000000 0.000000 1.000000
0.991678 0.106086 -0.072939 3.988400 -0.128711 0.804628 -0.579661 15.764500 -0.002805 0.584225 0.811587 0.151700 0.000000 0.000000 0.000000 1.000000
0.989258 0.124379 -0.076803 3.988400 -0.146127 0.827165 -0.542628 15.764500 -0.003963 0.548022 0.836454 0.151700 0.000000 0.000000 0.000000 1.000000
0.985235 0.149868 -0.082776 3.988400 -0.170976 0.836078 -0.521287 15.764500 -0.008917 0.527743 0.849358 0.151700 0.000000 0.000000 0.000000 1.000000
0.980098 0.178041 -0.087801 3.988400 -0.197741 0.836613 -0.510859 15.764500 -0.017498 0.518054 0.855169 0.151700 0.000000 0.000000 0.000000 1.000000
0.974710 0.204340 -0.090477 3.988400 -0.221689 0.833051 -0.506834 15.764500 -0.028194 0.514074 0.857282 0.151700 0.000000 0.000000 0.000000 1.000000
0.970514 0.223333 -0.090687 3.988400 -0.238096 0.829568 -0.505102 15.764500 -0.037575 0.511801 0.858282 0.151700 0.000000 0.000000 0.000000 1.000000
0.968048 0.233860 -0.090517 3.988400 -0.247005 0.826955 -0.505108 15.764500 -0.043271 0.511327 0.858296 0.151700 0.000000 0.000000 0.000000 1.000000
0.967652 0.235649 -0.090106 3.988400 -0.248320 0.826515 -0.505183 15.764500 -0.044572 0.511216 0.858295 0.151700 0.000000 0.000000 0.000000 1.000000</float_array>
        <technique_common>
          <accessor source="#mixamorig_LeftHandRing1-Matrix-animation-output-transform-array" count="22" stride="16">
            <param type="float4x4"/>
          </accessor>
        </technique_common>
      </source>
      <source id="mixamorig_LeftHandRing1-Interpolations">
        <Name_array id="mixamorig_LeftHandRing1-Interpolations-array" count="22">
 LINEAR LINEAR LINEAR LINEAR LINEAR LINEAR LINEAR LINEAR LINEAR LINEAR LINEAR
LINEAR LINEAR LINEAR LINEAR LINEAR LINEAR LINEAR LINEAR LINEAR LINEAR LINEAR</Name_array>
        <technique_common>
          <accessor source="#mixamorig_LeftHandRing1-Interpolations-array" count="22">
            <param type="name"/>
          </accessor>
        </technique_common>
      </source>
      <sampler id="mixamorig_LeftHandRing1-Matrix-animation-transform">
        <input semantic="INPUT" source="#mixamorig_LeftHandRing1-Matrix-animation-input"/>
        <input semantic="OUTPUT" source="#mixamorig_LeftHandRing1-Matrix-animation-output-transform"/>
        <input semantic="INTERPOLATION" source="#mixamorig_LeftHandRing1-Interpolations"/>
      </sampler>
      <channel source="#mixamorig_LeftHandRing1-Matrix-animation-transform" target="mixamorig_LeftHandRing1/matrix"/>
    </animation>
    <animation id="mixamorig_LeftHandRing2-anim" name="mixamorig_LeftHandRing2">
      <source id="mixamorig_LeftHandRing2-Matrix-animation-input">
        <float_array id="mixamorig_LeftHandRing2-Matrix-animation-input-array" count="22">

0.000000 0.033333 0.066667 0.100000 0.133333 0.166667 0.200000 0.233333 0.266667 0.300000 0.333333 0.366667 0.400000 0.433333 0.466667 0.500000
0.533333 0.566667 0.600000 0.633333 0.666667 0.700000</float_array>
        <technique_common>
          <accessor source="#mixamorig_LeftHandRing2-Matrix-animation-input-array" count="22">
            <param name="TIME" type="float"/>
          </accessor>
        </technique_common>
      </source>
      <source id="mixamorig_LeftHandRing2-Matrix-animation-output-transform">
        <float_array id="mixamorig_LeftHandRing2-Matrix-animation-output-transform-array" count="352">

0.999368 -0.034740 0.007564 0.000000 0.035300 0.944142 -0.327644 3.497800 0.004241 0.327704 0.944771 0.000000 0.000000 0.000000 0.000000 1.000000
0.999365 -0.034801 0.007600 0.000000 0.035363 0.943676 -0.328976 3.497800 0.004276 0.329036 0.944308 0.000000 0.000000 0.000000 0.000000 1.000000
0.999353 -0.035101 0.007803 0.000000 0.035691 0.941895 -0.334005 3.497800 0.004374 0.334068 0.942539 0.000000 0.000000 0.000000 0.000000 1.000000
0.999344 -0.035315 0.008003 0.000000 0.035943 0.940591 -0.337634 3.497800 0.004395 0.337700 0.941244 0.000000 0.000000 0.000000 0.000000 1.000000
0.999069 -0.041307 0.012441 -0.000000 0.042535 0.895051 -0.443931 3.497800 0.007202 0.444047 0.895975 0.000000 0.000000 0.000000 0.000000 1.000000
0.998428 -0.051209 0.022790 -0.000000 0.054106 0.774323 -0.630473 3.497800 0.014638 0.630715 0.775876 -0.000000 0.000000 0.000000 0.000000 1.000000
0.997746 -0.057975 0.033803 -0.000000 0.062903 0.632373 -0.772106 3.497800 0.023387 0.772491 0.634595 0.000000 0.000000 0.000000 0.000000 1.000000
0.997598 -0.059072 0.036178 -0.000000 0.064463 0.600531 -0.796999 3.497800 0.025354 0.797417 0.602896 0.000000 0.000000 0.000000 0.000000 1.000000
0.997662 -0.058617 0.035134 0.000000 0.063802 0.614676 -0.786195 3.497800 0.024488 0.786599 0.616979 -0.000000 0.000000 0.000000 0.000000 1.000000
0.997786 -0.057661 0.033130 0.000000 0.062457 0.641466 -0.764605 3.497800 0.022836 0.764982 0.643647 0.000000 0.000000 0.000000 0.000000 1.000000
0.997967 -0.056104 0.030225 -0.000000 0.060348 0.679574 -0.731121 3.497800 0.020479 0.731459 0.681578 0.000000 0.000000 0.000000 0.000000 1.000000
0.998186 -0.053951 0.026728 0.000000 0.057550 0.724495 -0.686873 3.497800 0.017693 0.687165 0.726286 0.000000 0.000000 0.000000 0.000000 1.000000
0.998422 -0.051254 0.022954 -0.000000 0.054186 0.771775 -0.633583 3.497800 0.014759 0.633827 0.773334 -0.000000 0.000000 0.000000 0.000000 1.000000
0.998639 -0.048390 0.019480 -0.000000 0.050733 0.814117 -0.578480 3.497800 0.012134 0.578681 0.815464 0.000000 0.000000 0.000000 0.000000 1.000000
0.998800 -0.045968 0.016874 0.000000 0.047889 0.845029 -0.532571 3.497800 0.010222 0.532740 0.846217 0.000000 0.000000 0.000000 0.000000 1.000000
0.998892 -0.044470 0.015370 0.000000 0.046152 0.862506 -0.503939 3.497800 0.009153 0.504090 0.863603 0.000000 0.000000 0.000000 0.000000 1.000000
0.998913 -0.044130 0.015031 0.000000 0.045765 0.866770 -0.496604 3.497800 0.008886 0.496752 0.867847 0.000000 0.000000 0.000000 0.000000 1.000000
0.998892 -0.044501 0.015320 0.000000 0.046172 0.863523 -0.502191 3.497800 0.009119 0.502342 0.864621 0.000000 0.000000 0.000000 0.000000 1.000000
0.998856 -0.045113 0.015852 -0.000000 0.046852 0.857107 -0.513003 3.497800 0.009556 0.513159 0.858241 0.000000 0.000000 0.000000 0.000000 1.000000
0.998828 -0.045580 0.016277 0.000000 0.047374 0.851842 -0.521652 3.497800 0.009911 0.521812 0.853003 0.000000 0.000000 0.000000 0.000000 1.000000
0.998810 -0.045875 0.016580 -0.000000 0.047718 0.848360 -0.527265 3.497800 0.010122 0.527428 0.849539 0.000000 0.000000 0.000000 0.000000 1.000000
0.998804 -0.045973 0.016667 0.000000 0.047825 0.847241 -0.529051 3.497800 0.010201 0.529216 0.848426 0.000000 0.000000 0.000000 0.000000 1.000000</float_array>
        <technique_common>
          <accessor source="#mixamorig_LeftHandRing2-Matrix-animation-output-transform-array" count="22" stride="16">
            <param type="float4x4"/>
          </accessor>
        </technique_common>
      </source>
      <source id="mixamorig_LeftHandRing2-Interpolations">
        <Name_array id="mixamorig_LeftHandRing2-Interpolations-array" count="22">
 LINEAR LINEAR LINEAR LINEAR LINEAR LINEAR LINEAR LINEAR LINEAR LINEAR LINEAR
LINEAR LINEAR LINEAR LINEAR LINEAR LINEAR LINEAR LINEAR LINEAR LINEAR LINEAR</Name_array>
        <technique_common>
          <accessor source="#mixamorig_LeftHandRing2-Interpolations-array" count="22">
            <param type="name"/>
          </accessor>
        </technique_common>
      </source>
      <sampler id="mixamorig_LeftHandRing2-Matrix-animation-transform">
        <input semantic="INPUT" source="#mixamorig_LeftHandRing2-Matrix-animation-input"/>
        <input semantic="OUTPUT" source="#mixamorig_LeftHandRing2-Matrix-animation-output-transform"/>
        <input semantic="INTERPOLATION" source="#mixamorig_LeftHandRing2-Interpolations"/>
      </sampler>
      <channel source="#mixamorig_LeftHandRing2-Matrix-animation-transform" target="mixamorig_LeftHandRing2/matrix"/>
    </animation>
    <animation id="mixamorig_LeftHandRing3-anim" name="mixamorig_LeftHandRing3">
      <source id="mixamorig_LeftHandRing3-Matrix-animation-input">
        <float_array id="mixamorig_LeftHandRing3-Matrix-animation-input-array" count="22">

0.000000 0.033333 0.066667 0.100000 0.133333 0.166667 0.200000 0.233333 0.266667 0.300000 0.333333 0.366667 0.400000 0.433333 0.466667 0.500000
0.533333 0.566667 0.600000 0.633333 0.666667 0.700000</float_array>
        <technique_common>
          <accessor source="#mixamorig_LeftHandRing3-Matrix-animation-input-array" count="22">
            <param name="TIME" type="float"/>
          </accessor>
        </technique_common>
      </source>
      <source id="mixamorig_LeftHandRing3-Matrix-animation-output-transform">
        <float_array id="mixamorig_LeftHandRing3-Matrix-animation-output-transform-array" count="352">

1.000000 0.000000 -0.000000 0.000000 -0.000000 1.000000 -0.000000 2.983800 0.000000 0.000000 1.000000 0.000000 0.000000 0.000000 0.000000 1.000000
1.000000 0.000000 -0.000000 0.000000 -0.000000 1.000000 0.000000 2.983800 0.000000 -0.000000 1.000000 0.000000 0.000000 0.000000 0.000000 1.000000
1.000000 0.000000 -0.000000 0.000000 -0.000000 1.000000 -0.000000 2.983800 0.000000 0.000000 1.000000 0.000000 0.000000 0.000000 0.000000 1.000000
1.000000 0.000000 -0.000000 0.000000 -0.000000 1.000000 -0.000000 2.983800 0.000000 0.000000 1.000000 0.000000 0.000000 0.000000 0.000000 1.000000
1.000000 0.000000 -0.000000 0.000000 -0.000000 1.000000 -0.000000 2.983800 0.000000 0.000000 1.000000 -0.000000 0.000000 0.000000 0.000000 1.000000
1.000000 0.000000 -0.000000 -0.000000 -0.000000 1.000000 -0.000000 2.983800 0.000000 0.000000 1.000000 -0.000000 0.000000 0.000000 0.000000 1.000000
1.000000 0.000000 -0.000000 -0.000000 -0.000000 1.000000 -0.000000 2.983800 0.000000 0.000000 1.000000 0.000000 0.000000 0.000000 0.000000 1.000000
1.000000 0.000000 -0.000000 0.000000 -0.000000 1.000000 -0.000000 2.983800 0.000000 0.000000 1.000000 0.000000 0.000000 0.000000 0.000000 1.000000
1.000000 0.000000 -0.000000 0.000000 -0.000000 1.000000 -0.000000 2.983800 0.000000 0.000000 1.000000 -0.000000 0.000000 0.000000 0.000000 1.000000
1.000000 0.000000 -0.000000 -0.000000 -0.000000 1.000000 -0.000000 2.983800 0.000000 0.000000 1.000000 0.000000 0.000000 0.000000 0.000000 1.000000
1.000000 0.000000 -0.000000 0.000000 -0.000000 1.000000 -0.000000 2.983800 0.000000 0.000000 1.000000 0.000000 0.000000 0.000000 0.000000 1.000000
1.000000 0.000000 -0.000000 -0.000000 -0.000000 1.000000 -0.000000 2.983800 0.000000 0.000000 1.000000 0.000000 0.000000 0.000000 0.000000 1.000000
1.000000 0.000000 -0.000000 0.000000 -0.000000 1.000000 -0.000000 2.983800 0.000000 0.000000 1.000000 0.000000 0.000000 0.000000 0.000000 1.000000
1.000000 0.000000 -0.000000 0.000000 -0.000000 1.000000 -0.000000 2.983800 0.000000 0.000000 1.000000 -0.000000 0.000000 0.000000 0.000000 1.000000
1.000000 0.000000 0.000000 -0.000000 -0.000000 1.000000 -0.000000 2.983800 -0.000000 0.000000 1.000000 0.000000 0.000000 0.000000 0.000000 1.000000
1.000000 0.000000 -0.000000 0.000000 -0.000000 1.000000 -0.000000 2.983800 0.000000 0.000000 1.000000 0.000000 0.000000 0.000000 0.000000 1.000000
1.000000 0.000000 -0.000000 -0.000000 -0.000000 1.000000 -0.000000 2.983800 0.000000 0.000000 1.000000 -0.000000 0.000000 0.000000 0.000000 1.000000
1.000000 0.000000 -0.000000 0.000000 -0.000000 1.000000 -0.000000 2.983800 0.000000 0.000000 1.000000 0.000000 0.000000 0.000000 0.000000 1.000000
1.000000 0.000000 -0.000000 -0.000000 -0.000000 1.000000 -0.000000 2.983800 0.000000 0.000000 1.000000 0.000000 0.000000 0.000000 0.000000 1.000000
1.000000 0.000000 -0.000000 0.000000 -0.000000 1.000000 -0.000000 2.983800 0.000000 0.000000 1.000000 0.000000 0.000000 0.000000 0.000000 1.000000
1.000000 0.000000 -0.000000 -0.000000 -0.000000 1.000000 -0.000000 2.983800 0.000000 0.000000 1.000000 0.000000 0.000000 0.000000 0.000000 1.000000
1.000000 0.000000 0.000000 0.000000 -0.000000 1.000000 -0.000000 2.983800 -0.000000 0.000000 1.000000 0.000000 0.000000 0.000000 0.000000 1.000000</float_array>
        <technique_common>
          <accessor source="#mixamorig_LeftHandRing3-Matrix-animation-output-transform-array" count="22" stride="16">
            <param type="float4x4"/>
          </accessor>
        </technique_common>
      </source>
      <source id="mixamorig_LeftHandRing3-Interpolations">
        <Name_array id="mixamorig_LeftHandRing3-Interpolations-array" count="22">
 LINEAR LINEAR LINEAR LINEAR LINEAR LINEAR LINEAR LINEAR LINEAR LINEAR LINEAR
LINEAR LINEAR LINEAR LINEAR LINEAR LINEAR LINEAR LINEAR LINEAR LINEAR LINEAR</Name_array>
        <technique_common>
          <accessor source="#mixamorig_LeftHandRing3-Interpolations-array" count="22">
            <param type="name"/>
          </accessor>
        </technique_common>
      </source>
      <sampler id="mixamorig_LeftHandRing3-Matrix-animation-transform">
        <input semantic="INPUT" source="#mixamorig_LeftHandRing3-Matrix-animation-input"/>
        <input semantic="OUTPUT" source="#mixamorig_LeftHandRing3-Matrix-animation-output-transform"/>
        <input semantic="INTERPOLATION" source="#mixamorig_LeftHandRing3-Interpolations"/>
      </sampler>
      <channel source="#mixamorig_LeftHandRing3-Matrix-animation-transform" target="mixamorig_LeftHandRing3/matrix"/>
    </animation>
    <animation id="mixamorig_LeftHandPinky1-anim" name="mixamorig_LeftHandPinky1">
      <source id="mixamorig_LeftHandPinky1-Matrix-animation-input">
        <float_array id="mixamorig_LeftHandPinky1-Matrix-animation-input-array" count="22">

0.000000 0.033333 0.066667 0.100000 0.133333 0.166667 0.200000 0.233333 0.266667 0.300000 0.333333 0.366667 0.400000 0.433333 0.466667 0.500000
0.533333 0.566667 0.600000 0.633333 0.666667 0.700000</float_array>
        <technique_common>
          <accessor source="#mixamorig_LeftHandPinky1-Matrix-animation-input-array" count="22">
            <param name="TIME" type="float"/>
          </accessor>
        </technique_common>
      </source>
      <source id="mixamorig_LeftHandPinky1-Matrix-animation-output-transform">
        <float_array id="mixamorig_LeftHandPinky1-Matrix-animation-output-transform-array" count="352">

0.953893 0.299257 -0.023109 6.663900 -0.291048 0.903415 -0.314853 12.707900 -0.073344 0.307062 0.948859 0.878100 0.000000 0.000000 0.000000 1.000000
0.952300 0.304596 -0.018606 6.663900 -0.294574 0.901622 -0.316709 12.707900 -0.079692 0.307083 0.948340 0.878100 0.000000 0.000000 0.000000 1.000000
0.950844 0.309211 -0.016832 6.663900 -0.297861 0.898369 -0.322818 12.707900 -0.084698 0.311963 0.946311 0.878100 0.000000 0.000000 0.000000 1.000000
0.950123 0.311431 -0.016665 6.663900 -0.299511 0.896249 -0.327157 12.707900 -0.086951 0.315830 0.944823 0.878100 0.000000 0.000000 0.000000 1.000000
0.951823 0.302417 -0.050773 6.663900 -0.294210 0.853924 -0.429248 12.707900 -0.086456 0.423506 0.901758 0.878100 0.000000 0.000000 0.000000 1.000000
0.954350 0.277465 -0.110587 6.663900 -0.285694 0.739928 -0.609003 12.707900 -0.087151 0.612796 0.785421 0.878100 0.000000 0.000000 0.000000 1.000000
0.955976 0.248105 -0.156695 6.663900 -0.279153 0.604297 -0.746257 12.707900 -0.090460 0.757146 0.646953 0.878100 0.000000 0.000000 0.000000 1.000000
0.956300 0.241279 -0.165152 6.663900 -0.277829 0.573838 -0.770403 12.707900 -0.091112 0.782620 0.615795 0.878100 0.000000 0.000000 0.000000 1.000000
0.956511 0.241668 -0.163352 6.663900 -0.278281 0.588128 -0.759385 12.707900 -0.087448 0.771817 0.629803 0.878100 0.000000 0.000000 0.000000 1.000000
0.956963 0.242333 -0.159675 6.663900 -0.278831 0.615217 -0.737402 12.707900 -0.080462 0.750189 0.656310 0.878100 0.000000 0.000000 0.000000 1.000000
0.957820 0.242975 -0.153440 6.663900 -0.278576 0.654004 -0.703331 12.707900 -0.070542 0.716409 0.694105 0.878100 0.000000 0.000000 0.000000 1.000000
0.959160 0.243120 -0.144581 6.663900 -0.276678 0.700069 -0.658295 12.707900 -0.058828 0.671413 0.738745 0.878100 0.000000 0.000000 0.000000 1.000000
0.960886 0.242530 -0.133710 6.663900 -0.273026 0.748621 -0.604172 12.707900 -0.046432 0.617047 0.785556 0.878100 0.000000 0.000000 0.000000 1.000000
0.962386 0.242086 -0.123322 6.663900 -0.269376 0.791153 -0.549102 12.707900 -0.035363 0.561668 0.826606 0.878100 0.000000 0.000000 0.000000 1.000000
0.962824 0.243727 -0.116480 6.663900 -0.268711 0.820004 -0.505360 12.707900 -0.027656 0.517872 0.855011 0.878100 0.000000 0.000000 0.000000 1.000000
0.961681 0.249199 -0.114324 6.663900 -0.273037 0.832577 -0.481940 12.707900 -0.024915 0.494687 0.868714 0.878100 0.000000 0.000000 0.000000 1.000000
0.958894 0.259035 -0.115860 6.663900 -0.282270 0.828845 -0.483053 12.707900 -0.029098 0.495900 0.867892 0.878100 0.000000 0.000000 0.000000 1.000000
0.955444 0.270606 -0.117896 6.663900 -0.292623 0.815976 -0.498554 12.707900 -0.038712 0.510839 0.858804 0.878100 0.000000 0.000000 0.000000 1.000000
0.952207 0.281433 -0.118727 6.663900 -0.301151 0.799979 -0.518981 12.707900 -0.051079 0.529933 0.846500 0.878100 0.000000 0.000000 0.000000 1.000000
0.950029 0.289035 -0.117912 6.663900 -0.305999 0.787606 -0.534828 12.707900 -0.061716 0.544183 0.836694 0.878100 0.000000 0.000000 0.000000 1.000000
0.948800 0.293303 -0.117270 6.663900 -0.308426 0.780045 -0.544430 12.707900 -0.068207 0.552724 0.830569 0.878100 0.000000 0.000000 0.000000 1.000000
0.948600 0.294061 -0.116988 6.663900 -0.308662 0.777999 -0.547216 12.707900 -0.069899 0.555199 0.828775 0.878100 0.000000 0.000000 0.000000 1.000000</float_array>
        <technique_common>
          <accessor source="#mixamorig_LeftHandPinky1-Matrix-animation-output-transform-array" count="22" stride="16">
            <param type="float4x4"/>
          </accessor>
        </technique_common>
      </source>
      <source id="mixamorig_LeftHandPinky1-Interpolations">
        <Name_array id="mixamorig_LeftHandPinky1-Interpolations-array" count="22">
 LINEAR LINEAR LINEAR LINEAR LINEAR LINEAR LINEAR LINEAR LINEAR LINEAR LINEAR
LINEAR LINEAR LINEAR LINEAR LINEAR LINEAR LINEAR LINEAR LINEAR LINEAR LINEAR</Name_array>
        <technique_common>
          <accessor source="#mixamorig_LeftHandPinky1-Interpolations-array" count="22">
            <param type="name"/>
          </accessor>
        </technique_common>
      </source>
      <sampler id="mixamorig_LeftHandPinky1-Matrix-animation-transform">
        <input semantic="INPUT" source="#mixamorig_LeftHandPinky1-Matrix-animation-input"/>
        <input semantic="OUTPUT" source="#mixamorig_LeftHandPinky1-Matrix-animation-output-transform"/>
        <input semantic="INTERPOLATION" source="#mixamorig_LeftHandPinky1-Interpolations"/>
      </sampler>
      <channel source="#mixamorig_LeftHandPinky1-Matrix-animation-transform" target="mixamorig_LeftHandPinky1/matrix"/>
    </animation>
    <animation id="mixamorig_LeftHandPinky2-anim" name="mixamorig_LeftHandPinky2">
      <source id="mixamorig_LeftHandPinky2-Matrix-animation-input">
        <float_array id="mixamorig_LeftHandPinky2-Matrix-animation-input-array" count="22">

0.000000 0.033333 0.066667 0.100000 0.133333 0.166667 0.200000 0.233333 0.266667 0.300000 0.333333 0.366667 0.400000 0.433333 0.466667 0.500000
0.533333 0.566667 0.600000 0.633333 0.666667 0.700000</float_array>
        <technique_common>
          <accessor source="#mixamorig_LeftHandPinky2-Matrix-animation-input-array" count="22">
            <param name="TIME" type="float"/>
          </accessor>
        </technique_common>
      </source>
      <source id="mixamorig_LeftHandPinky2-Matrix-animation-output-transform">
        <float_array id="mixamorig_LeftHandPinky2-Matrix-animation-output-transform-array" count="352">

0.995139 -0.090840 0.038025 0.000000 0.097969 0.874029 -0.475894 3.376600 0.009995 0.477306 0.878680 0.000000 0.000000 0.000000 0.000000 1.000000
0.995134 -0.090809 0.038233 -0.000000 0.098019 0.872921 -0.477913 3.376600 0.010024 0.479335 0.877575 0.000000 0.000000 0.000000 0.000000 1.000000
0.995123 -0.090729 0.038703 0.000000 0.098120 0.870294 -0.482660 3.376600 0.010108 0.484103 0.874952 0.000000 0.000000 0.000000 0.000000 1.000000
0.995114 -0.090690 0.039022 0.000000 0.098203 0.868493 -0.485876 3.376600 0.010174 0.487334 0.873156 0.000000 0.000000 0.000000 0.000000 1.000000
0.994880 -0.088171 0.049387 0.000000 0.100394 0.806278 -0.582955 3.376600 0.011580 0.584929 0.811002 0.000000 0.000000 0.000000 0.000000 1.000000
0.994458 -0.079999 0.068210 0.000000 0.104065 0.656905 -0.746757 3.376600 0.014933 0.749717 0.661590 0.000000 0.000000 0.000000 0.000000 1.000000
0.994123 -0.069197 0.083251 0.000000 0.106647 0.494036 -0.862876 3.376600 0.018580 0.866684 0.498512 0.000000 0.000000 0.000000 0.000000 1.000000
0.994067 -0.066641 0.085964 -0.000000 0.107033 0.458624 -0.882161 3.376600 0.019363 0.886128 0.463036 0.000000 0.000000 0.000000 0.000000 1.000000
0.994099 -0.067733 0.084726 0.000000 0.106795 0.474348 -0.873836 3.376600 0.018998 0.877728 0.478782 -0.000000 0.000000 0.000000 0.000000 1.000000
0.994157 -0.069820 0.082320 -0.000000 0.106376 0.504310 -0.856945 3.376600 0.018318 0.860695 0.508791 0.000000 0.000000 0.000000 0.000000 1.000000
0.994241 -0.072761 0.078680 0.000000 0.105753 0.547269 -0.830249 3.376600 0.017350 0.833788 0.551812 -0.000000 0.000000 0.000000 0.000000 1.000000
0.994348 -0.076150 0.073984 0.000000 0.104929 0.598538 -0.794193 3.376600 0.016196 0.797467 0.603145 -0.000000 0.000000 0.000000 0.000000 1.000000
0.994473 -0.079616 0.068446 0.000000 0.103923 0.653599 -0.749672 3.376600 0.014950 0.752642 0.658260 0.000000 0.000000 0.000000 0.000000 1.000000
0.994601 -0.082648 0.062761 0.000000 0.102856 0.704681 -0.702029 3.376600 0.013795 0.704694 0.709377 0.000000 0.000000 0.000000 0.000000 1.000000
0.994707 -0.084857 0.057939 0.000000 0.101936 0.744136 -0.660205 3.376600 0.012908 0.662617 0.748847 -0.000000 0.000000 0.000000 0.000000 1.000000
0.994776 -0.086195 0.054689 -0.000000 0.101329 0.768890 -0.631301 3.376600 0.012365 0.633545 0.773607 0.000000 0.000000 0.000000 0.000000 1.000000
0.994799 -0.086755 0.053375 0.000000 0.101128 0.778523 -0.619415 3.376600 0.012184 0.621591 0.783247 0.000000 0.000000 0.000000 0.000000 1.000000
0.994792 -0.086880 0.053291 0.000000 0.101188 0.779262 -0.618475 3.376600 0.012205 0.620647 0.783995 0.000000 0.000000 0.000000 0.000000 1.000000
0.994779 -0.086756 0.053749 0.000000 0.101311 0.775884 -0.622688 3.376600 0.012319 0.624882 0.780622 -0.000000 0.000000 0.000000 0.000000 1.000000
0.994769 -0.086605 0.054165 0.000000 0.101392 0.772749 -0.626561 3.376600 0.012408 0.628775 0.777488 0.000000 0.000000 0.000000 0.000000 1.000000
0.994761 -0.086481 0.054504 0.000000 0.101462 0.770355 -0.629491 3.376600 0.012451 0.631723 0.775094 -0.000000 0.000000 0.000000 0.000000 1.000000
0.994760 -0.086454 0.054570 -0.000000 0.101471 0.769732 -0.630251 3.376600 0.012483 0.632486 0.774471 0.000000 0.000000 0.000000 0.000000 1.000000</float_array>
        <technique_common>
          <accessor source="#mixamorig_LeftHandPinky2-Matrix-animation-output-transform-array" count="22" stride="16">
            <param type="float4x4"/>
          </accessor>
        </technique_common>
      </source>
      <source id="mixamorig_LeftHandPinky2-Interpolations">
        <Name_array id="mixamorig_LeftHandPinky2-Interpolations-array" count="22">
 LINEAR LINEAR LINEAR LINEAR LINEAR LINEAR LINEAR LINEAR LINEAR LINEAR LINEAR
LINEAR LINEAR LINEAR LINEAR LINEAR LINEAR LINEAR LINEAR LINEAR LINEAR LINEAR</Name_array>
        <technique_common>
          <accessor source="#mixamorig_LeftHandPinky2-Interpolations-array" count="22">
            <param type="name"/>
          </accessor>
        </technique_common>
      </source>
      <sampler id="mixamorig_LeftHandPinky2-Matrix-animation-transform">
        <input semantic="INPUT" source="#mixamorig_LeftHandPinky2-Matrix-animation-input"/>
        <input semantic="OUTPUT" source="#mixamorig_LeftHandPinky2-Matrix-animation-output-transform"/>
        <input semantic="INTERPOLATION" source="#mixamorig_LeftHandPinky2-Interpolations"/>
      </sampler>
      <channel source="#mixamorig_LeftHandPinky2-Matrix-animation-transform" target="mixamorig_LeftHandPinky2/matrix"/>
    </animation>
    <animation id="mixamorig_LeftHandPinky3-anim" name="mixamorig_LeftHandPinky3">
      <source id="mixamorig_LeftHandPinky3-Matrix-animation-input">
        <float_array id="mixamorig_LeftHandPinky3-Matrix-animation-input-array" count="22">

0.000000 0.033333 0.066667 0.100000 0.133333 0.166667 0.200000 0.233333 0.266667 0.300000 0.333333 0.366667 0.400000 0.433333 0.466667 0.500000
0.533333 0.566667 0.600000 0.633333 0.666667 0.700000</float_array>
        <technique_common>
          <accessor source="#mixamorig_LeftHandPinky3-Matrix-animation-input-array" count="22">
            <param name="TIME" type="float"/>
          </accessor>
        </technique_common>
      </source>
      <source id="mixamorig_LeftHandPinky3-Matrix-animation-output-transform">
        <float_array id="mixamorig_LeftHandPinky3-Matrix-animation-output-transform-array" count="352">

1.000000 0.000000 -0.000000 0.000000 -0.000000 1.000000 0.000000 2.998500 -0.000000 -0.000000 1.000000 -0.000000 0.000000 0.000000 0.000000 1.000000
1.000000 -0.000000 0.000000 0.000000 0.000000 1.000000 0.000000 2.998500 -0.000000 -0.000000 1.000000 0.000000 0.000000 0.000000 0.000000 1.000000
1.000000 0.000000 0.000000 -0.000000 -0.000000 1.000000 -0.000000 2.998500 -0.000000 0.000000 1.000000 0.000000 0.000000 0.000000 0.000000 1.000000
1.000000 0.000000 0.000000 -0.000000 -0.000000 1.000000 0.000000 2.998500 0.000000 -0.000000 1.000000 0.000000 0.000000 0.000000 0.000000 1.000000
1.000000 0.000000 -0.000000 0.000000 -0.000000 1.000000 0.000000 2.998500 0.000000 -0.000000 1.000000 -0.000000 0.000000 0.000000 0.000000 1.000000
1.000000 0.000000 0.000000 0.000000 -0.000000 1.000000 0.000000 2.998500 -0.000000 -0.000000 1.000000 0.000000 0.000000 0.000000 0.000000 1.000000
1.000000 0.000000 0.000000 0.000000 -0.000000 1.000000 0.000000 2.998500 -0.000000 -0.000000 1.000000 0.000000 0.000000 0.000000 0.000000 1.000000
1.000000 0.000000 0.000000 -0.000000 -0.000000 1.000000 0.000000 2.998500 -0.000000 -0.000000 1.000000 0.000000 0.000000 0.000000 0.000000 1.000000
1.000000 0.000000 0.000000 0.000000 -0.000000 1.000000 0.000000 2.998500 -0.000000 -0.000000 1.000000 0.000000 0.000000 0.000000 0.000000 1.000000
1.000000 0.000000 0.000000 -0.000000 -0.000000 1.000000 -0.000000 2.998500 -0.000000 0.000000 1.000000 -0.000000 0.000000 0.000000 0.000000 1.000000
1.000000 0.000000 -0.000000 -0.000000 -0.000000 1.000000 0.000000 2.998500 0.000000 -0.000000 1.000000 0.000000 0.000000 0.000000 0.000000 1.000000
1.000000 -0.000000 0.000000 0.000000 0.000000 1.000000 0.000000 2.998500 -0.000000 -0.000000 1.000000 0.000000 0.000000 0.000000 0.000000 1.000000
1.000000 0.000000 0.000000 -0.000000 -0.000000 1.000000 0.000000 2.998500 -0.000000 -0.000000 1.000000 0.000000 0.000000 0.000000 0.000000 1.000000
1.000000 0.000000 -0.000000 0.000000 -0.000000 1.000000 0.000000 2.998500 -0.000000 -0.000000 1.000000 0.000000 0.000000 0.000000 0.000000 1.000000
1.000000 0.000000 0.000000 -0.000000 -0.000000 1.000000 0.000000 2.998500 -0.000000 -0.000000 1.000000 0.000000 0.000000 0.000000 0.000000 1.000000
1.000000 0.000000 0.000000 -0.000000 -0.000000 1.000000 0.000000 2.998500 -0.000000 -0.000000 1.000000 0.000000 0.000000 0.000000 0.000000 1.000000
1.000000 0.000000 -0.000000 0.000000 -0.000000 1.000000 -0.000000 2.998500 0.000000 0.000000 1.000000 0.000000 0.000000 0.000000 0.000000 1.000000
1.000000 0.000000 0.000000 0.000000 -0.000000 1.000000 0.000000 2.998500 -0.000000 -0.000000 1.000000 0.000000 0.000000 0.000000 0.000000 1.000000
1.000000 -0.000000 -0.000000 0.000000 0.000000 1.000000 -0.000000 2.998500 0.000000 0.000000 1.000000 0.000000 0.000000 0.000000 0.000000 1.000000
1.000000 0.000000 0.000000 0.000000 -0.000000 1.000000 0.000000 2.998500 0.000000 -0.000000 1.000000 0.000000 0.000000 0.000000 0.000000 1.000000
1.000000 0.000000 -0.000000 0.000000 -0.000000 1.000000 0.000000 2.998500 -0.000000 -0.000000 1.000000 0.000000 0.000000 0.000000 0.000000 1.000000
1.000000 0.000000 0.000000 0.000000 -0.000000 1.000000 0.000000 2.998500 -0.000000 -0.000000 1.000000 0.000000 0.000000 0.000000 0.000000 1.000000</float_array>
        <technique_common>
          <accessor source="#mixamorig_LeftHandPinky3-Matrix-animation-output-transform-array" count="22" stride="16">
            <param type="float4x4"/>
          </accessor>
        </technique_common>
      </source>
      <source id="mixamorig_LeftHandPinky3-Interpolations">
        <Name_array id="mixamorig_LeftHandPinky3-Interpolations-array" count="22">
 LINEAR LINEAR LINEAR LINEAR LINEAR LINEAR LINEAR LINEAR LINEAR LINEAR LINEAR
LINEAR LINEAR LINEAR LINEAR LINEAR LINEAR LINEAR LINEAR LINEAR LINEAR LINEAR</Name_array>
        <technique_common>
          <accessor source="#mixamorig_LeftHandPinky3-Interpolations-array" count="22">
            <param type="name"/>
          </accessor>
        </technique_common>
      </source>
      <sampler id="mixamorig_LeftHandPinky3-Matrix-animation-transform">
        <input semantic="INPUT" source="#mixamorig_LeftHandPinky3-Matrix-animation-input"/>
        <input semantic="OUTPUT" source="#mixamorig_LeftHandPinky3-Matrix-animation-output-transform"/>
        <input semantic="INTERPOLATION" source="#mixamorig_LeftHandPinky3-Interpolations"/>
      </sampler>
      <channel source="#mixamorig_LeftHandPinky3-Matrix-animation-transform" target="mixamorig_LeftHandPinky3/matrix"/>
    </animation>
    <animation id="mixamorig_RightShoulder-anim" name="mixamorig_RightShoulder">
      <source id="mixamorig_RightShoulder-Matrix-animation-input">
        <float_array id="mixamorig_RightShoulder-Matrix-animation-input-array" count="22">

0.000000 0.033333 0.066667 0.100000 0.133333 0.166667 0.200000 0.233333 0.266667 0.300000 0.333333 0.366667 0.400000 0.433333 0.466667 0.500000
0.533333 0.566667 0.600000 0.633333 0.666667 0.700000</float_array>
        <technique_common>
          <accessor source="#mixamorig_RightShoulder-Matrix-animation-input-array" count="22">
            <param name="TIME" type="float"/>
          </accessor>
        </technique_common>
      </source>
      <source id="mixamorig_RightShoulder-Matrix-animation-output-transform">
        <float_array id="mixamorig_RightShoulder-Matrix-animation-output-transform-array" count="352">

0.027274 -0.780809 0.624175 -12.584900 0.059267 -0.622045 -0.780735 11.394900 0.997869 0.058287 0.029311 -1.453100 0.000000 0.000000 0.000000 1.000000
0.042432 -0.767321 0.639858 -12.584900 0.061391 -0.637222 -0.768231 11.394900 0.997211 0.071879 0.020068 -1.453100 0.000000 0.000000 0.000000 1.000000
0.063362 -0.763485 0.642710 -12.584900 0.063169 -0.639644 -0.766071 11.394900 0.995989 0.089139 0.007699 -1.453100 0.000000 0.000000 0.000000 1.000000
0.081293 -0.768548 0.634607 -12.584900 0.063531 -0.631424 -0.772831 11.394900 0.994663 0.103143 -0.002504 -1.453100 0.000000 0.000000 0.000000 1.000000
0.092217 -0.779560 0.619502 -12.584900 0.062610 -0.616382 -0.784954 11.394900 0.993769 0.111173 -0.008033 -1.453100 0.000000 0.000000 0.000000 1.000000
0.099186 -0.795087 0.598330 -12.584900 0.061364 -0.595263 -0.801185 11.394900 0.993175 0.116182 -0.010251 -1.453100 0.000000 0.000000 0.000000 1.000000
0.104653 -0.818411 0.565023 -12.584900 0.059524 -0.561970 -0.825013 11.394900 0.992726 0.119972 -0.010096 -1.453100 0.000000 0.000000 0.000000 1.000000
0.108204 -0.854844 0.507478 -12.584900 0.054906 -0.504557 -0.861631 11.394900 0.992611 0.121096 -0.007659 -1.453100 0.000000 0.000000 0.000000 1.000000
0.105574 -0.897997 0.427147 -12.584900 0.046324 -0.424640 -0.904176 11.394900 0.993332 0.115245 -0.003232 -1.453100 0.000000 0.000000 0.000000 1.000000
0.090944 -0.937323 0.336386 -12.584900 0.035694 -0.334501 -0.941719 11.394900 0.995216 0.097651 0.003036 -1.453100 0.000000 0.000000 0.000000 1.000000
0.059067 -0.963640 0.260595 -12.584900 0.028301 -0.259330 -0.965374 11.394900 0.997853 0.064397 0.011954 -1.453100 0.000000 0.000000 0.000000 1.000000
0.016895 -0.975989 0.217163 -12.584900 0.027676 -0.216654 -0.975856 11.394900 0.999474 0.022497 0.023351 -1.453100 0.000000 0.000000 0.000000 1.000000
-0.026267 -0.976130 0.215591 -12.584900 0.033597 -0.216406 -0.975725 11.394900 0.999090 -0.018386 0.038479 -1.453100 0.000000 0.000000 0.000000 1.000000
-0.061276 -0.964169 0.258117 -12.584900 0.045183 -0.261017 -0.964276 11.394900 0.997098 -0.047424 0.059558 -1.453100 0.000000 0.000000 0.000000 1.000000
-0.086955 -0.944665 0.316301 -12.584900 0.060089 -0.321899 -0.944865 11.394900 0.994398 -0.063154 0.084754 -1.453100 0.000000 0.000000 0.000000 1.000000
-0.102937 -0.925757 0.363839 -12.584900 0.076710 -0.372081 -0.925025 11.394900 0.991726 -0.067309 0.109316 -1.453100 0.000000 0.000000 0.000000 1.000000
-0.107326 -0.916736 0.384807 -12.584900 0.093092 -0.394608 -0.914121 11.394900 0.989856 -0.062287 0.127693 -1.453100 0.000000 0.000000 0.000000 1.000000
-0.105367 -0.914478 0.390676 -12.584900 0.107996 -0.401062 -0.909663 11.394900 0.988552 -0.053657 0.141018 -1.453100 0.000000 0.000000 0.000000 1.000000
-0.103361 -0.914619 0.390882 -12.584900 0.121036 -0.401632 -0.907768 11.394900 0.987252 -0.046517 0.152214 -1.453100 0.000000 0.000000 0.000000 1.000000
-0.105658 -0.916161 0.386633 -12.584900 0.131326 -0.398259 -0.907823 11.394900 0.985693 -0.045144 0.162395 -1.453100 0.000000 0.000000 0.000000 1.000000
-0.109642 -0.919813 0.376726 -12.584900 0.138264 -0.389440 -0.910615 11.394900 0.984308 -0.047754 0.169876 -1.453100 0.000000 0.000000 0.000000 1.000000
-0.112100 -0.924578 0.364128 -12.584900 0.141556 -0.377559 -0.915102 11.394900 0.983563 -0.051039 0.173204 -1.453100 0.000000 0.000000 0.000000 1.000000</float_array>
        <technique_common>
          <accessor source="#mixamorig_RightShoulder-Matrix-animation-output-transform-array" count="22" stride="16">
            <param type="float4x4"/>
          </accessor>
        </technique_common>
      </source>
      <source id="mixamorig_RightShoulder-Interpolations">
        <Name_array id="mixamorig_RightShoulder-Interpolations-array" count="22">
 LINEAR LINEAR LINEAR LINEAR LINEAR LINEAR LINEAR LINEAR LINEAR LINEAR LINEAR
LINEAR LINEAR LINEAR LINEAR LINEAR LINEAR LINEAR LINEAR LINEAR LINEAR LINEAR</Name_array>
        <technique_common>
          <accessor source="#mixamorig_RightShoulder-Interpolations-array" count="22">
            <param type="name"/>
          </accessor>
        </technique_common>
      </source>
      <sampler id="mixamorig_RightShoulder-Matrix-animation-transform">
        <input semantic="INPUT" source="#mixamorig_RightShoulder-Matrix-animation-input"/>
        <input semantic="OUTPUT" source="#mixamorig_RightShoulder-Matrix-animation-output-transform"/>
        <input semantic="INTERPOLATION" source="#mixamorig_RightShoulder-Interpolations"/>
      </sampler>
      <channel source="#mixamorig_RightShoulder-Matrix-animation-transform" target="mixamorig_RightShoulder/matrix"/>
    </animation>
    <animation id="mixamorig_RightArm-anim" name="mixamorig_RightArm">
      <source id="mixamorig_RightArm-Matrix-animation-input">
        <float_array id="mixamorig_RightArm-Matrix-animation-input-array" count="22">

0.000000 0.033333 0.066667 0.100000 0.133333 0.166667 0.200000 0.233333 0.266667 0.300000 0.333333 0.366667 0.400000 0.433333 0.466667 0.500000
0.533333 0.566667 0.600000 0.633333 0.666667 0.700000</float_array>
        <technique_common>
          <accessor source="#mixamorig_RightArm-Matrix-animation-input-array" count="22">
            <param name="TIME" type="float"/>
          </accessor>
        </technique_common>
      </source>
      <source id="mixamorig_RightArm-Matrix-animation-output-transform">
        <float_array id="mixamorig_RightArm-Matrix-animation-output-transform-array" count="352">

0.926105 -0.224850 0.302939 0.000000 0.364239 0.742088 -0.562703 15.319300 -0.098284 0.631465 0.769151 0.000000 0.000000 0.000000 0.000000 1.000000
0.946281 -0.124105 0.298582 0.000000 0.284619 0.757902 -0.587007 15.319300 -0.153445 0.640455 0.752510 0.000000 0.000000 0.000000 0.000000 1.000000
0.961132 -0.005735 0.276029 0.000000 0.173560 0.790079 -0.587922 15.319300 -0.214712 0.612978 0.760366 -0.000000 0.000000 0.000000 0.000000 1.000000
0.959970 0.115504 0.255179 0.000000 0.050152 0.825420 -0.562286 15.319300 -0.275577 0.552576 0.786586 -0.000000 0.000000 0.000000 0.000000 1.000000
0.941701 0.207635 0.264739 0.000000 -0.054279 0.870308 -0.489507 15.319300 -0.332044 0.446599 0.830841 -0.000000 0.000000 0.000000 0.000000 1.000000
0.913423 0.263920 0.309846 0.000000 -0.147189 0.923942 -0.353080 15.319300 -0.379464 0.276906 0.882797 0.000000 0.000000 0.000000 0.000000 1.000000
0.882688 0.286813 0.372291 0.000000 -0.249865 0.957344 -0.145118 15.319300 -0.398033 0.035072 0.916701 0.000000 0.000000 0.000000 0.000000 1.000000
0.866068 0.285153 0.410625 0.000000 -0.356859 0.927856 0.108331 15.319300 -0.350110 -0.240357 0.905346 0.000000 0.000000 0.000000 0.000000 1.000000
0.864357 0.287059 0.412897 0.000000 -0.435024 0.838718 0.327576 15.319300 -0.252271 -0.462763 0.849830 -0.000000 0.000000 0.000000 0.000000 1.000000
0.860199 0.309431 0.405352 0.000000 -0.484352 0.744453 0.459557 15.319300 -0.159565 -0.591644 0.790251 0.000000 0.000000 0.000000 0.000000 1.000000
0.850690 0.322119 0.415410 0.000000 -0.509452 0.699969 0.500501 15.319300 -0.129553 -0.637403 0.759561 0.000000 0.000000 0.000000 0.000000 1.000000
0.859522 0.270768 0.433483 -0.000000 -0.482906 0.708033 0.515258 15.319300 -0.167404 -0.652207 0.739325 0.000000 0.000000 0.000000 0.000000 1.000000
0.884090 0.133510 0.447839 0.000000 -0.387389 0.745370 0.542544 15.319300 -0.261371 -0.653145 0.710694 0.000000 0.000000 0.000000 0.000000 1.000000
0.889850 -0.059015 0.452421 0.000000 -0.244757 0.775098 0.582510 15.319300 -0.385047 -0.629079 0.675276 0.000000 0.000000 0.000000 0.000000 1.000000
0.862416 -0.233023 0.449377 0.000000 -0.101980 0.789562 0.605138 15.319300 -0.495822 -0.567708 0.657167 -0.000000 0.000000 0.000000 0.000000 1.000000
0.825187 -0.351875 0.441871 0.000000 0.026843 0.805812 0.591563 15.319300 -0.564221 -0.476289 0.674391 0.000000 0.000000 0.000000 0.000000 1.000000
0.810494 -0.406419 0.421810 0.000000 0.134965 0.830322 0.540694 15.319300 -0.569986 -0.381300 0.727823 0.000000 0.000000 0.000000 0.000000 1.000000
0.819309 -0.423375 0.386634 0.000000 0.210595 0.849421 0.483873 15.319300 -0.533275 -0.315019 0.785099 -0.000000 0.000000 0.000000 0.000000 1.000000
0.839654 -0.418143 0.346609 -0.000000 0.244019 0.860579 0.447055 15.319300 -0.485217 -0.290792 0.824624 0.000000 0.000000 0.000000 0.000000 1.000000
0.858847 -0.395148 0.325946 0.000000 0.232823 0.867934 0.438730 15.319300 -0.456263 -0.300914 0.837422 0.000000 0.000000 0.000000 0.000000 1.000000
0.871586 -0.362560 0.329981 0.000000 0.197285 0.875586 0.440940 15.319300 -0.448794 -0.319217 0.834676 0.000000 0.000000 0.000000 0.000000 1.000000
0.877272 -0.332865 0.345824 -0.000000 0.158585 0.881018 0.445711 15.319300 -0.453039 -0.336167 0.825680 0.000000 0.000000 0.000000 0.000000 1.000000</float_array>
        <technique_common>
          <accessor source="#mixamorig_RightArm-Matrix-animation-output-transform-array" count="22" stride="16">
            <param type="float4x4"/>
          </accessor>
        </technique_common>
      </source>
      <source id="mixamorig_RightArm-Interpolations">
        <Name_array id="mixamorig_RightArm-Interpolations-array" count="22">
 LINEAR LINEAR LINEAR LINEAR LINEAR LINEAR LINEAR LINEAR LINEAR LINEAR LINEAR
LINEAR LINEAR LINEAR LINEAR LINEAR LINEAR LINEAR LINEAR LINEAR LINEAR LINEAR</Name_array>
        <technique_common>
          <accessor source="#mixamorig_RightArm-Interpolations-array" count="22">
            <param type="name"/>
          </accessor>
        </technique_common>
      </source>
      <sampler id="mixamorig_RightArm-Matrix-animation-transform">
        <input semantic="INPUT" source="#mixamorig_RightArm-Matrix-animation-input"/>
        <input semantic="OUTPUT" source="#mixamorig_RightArm-Matrix-animation-output-transform"/>
        <input semantic="INTERPOLATION" source="#mixamorig_RightArm-Interpolations"/>
      </sampler>
      <channel source="#mixamorig_RightArm-Matrix-animation-transform" target="mixamorig_RightArm/matrix"/>
    </animation>
    <animation id="mixamorig_RightForeArm-anim" name="mixamorig_RightForeArm">
      <source id="mixamorig_RightForeArm-Matrix-animation-input">
        <float_array id="mixamorig_RightForeArm-Matrix-animation-input-array" count="22">

0.000000 0.033333 0.066667 0.100000 0.133333 0.166667 0.200000 0.233333 0.266667 0.300000 0.333333 0.366667 0.400000 0.433333 0.466667 0.500000
0.533333 0.566667 0.600000 0.633333 0.666667 0.700000</float_array>
        <technique_common>
          <accessor source="#mixamorig_RightForeArm-Matrix-animation-input-array" count="22">
            <param name="TIME" type="float"/>
          </accessor>
        </technique_common>
      </source>
      <source id="mixamorig_RightForeArm-Matrix-animation-output-transform">
        <float_array id="mixamorig_RightForeArm-Matrix-animation-output-transform-array" count="352">

0.229706 0.973208 -0.010029 0.000000 -0.973244 0.229749 0.003303 34.109299 0.005519 0.009002 0.999944 -0.000000 0.000000 0.000000 0.000000 1.000000
0.408653 0.910460 0.063758 0.000000 -0.908192 0.412572 -0.070501 34.109299 -0.090494 -0.029094 0.995472 0.000000 0.000000 0.000000 0.000000 1.000000
0.572020 0.810304 0.127279 0.000000 -0.805529 0.584213 -0.099084 34.109299 -0.154646 -0.045848 0.986905 -0.000000 0.000000 0.000000 0.000000 1.000000
0.669662 0.728708 0.143310 -0.000000 -0.727028 0.682631 -0.073790 34.109299 -0.151600 -0.054776 0.986923 -0.000000 0.000000 0.000000 0.000000 1.000000
0.674239 0.727442 0.127395 0.000000 -0.730461 0.682295 -0.030022 34.109299 -0.108760 -0.072815 0.991398 0.000000 0.000000 0.000000 0.000000 1.000000
0.624663 0.770796 0.125179 0.000000 -0.776309 0.630310 -0.007264 34.109299 -0.084500 -0.092640 0.992108 -0.000000 0.000000 0.000000 0.000000 1.000000
0.578782 0.806243 0.122406 0.000000 -0.810099 0.585666 -0.027114 34.109299 -0.093550 -0.083467 0.992110 0.000000 0.000000 0.000000 0.000000 1.000000
0.615575 0.785136 0.068033 0.000000 -0.780430 0.619323 -0.085835 34.109299 -0.109527 -0.000257 0.993984 0.000000 0.000000 0.000000 0.000000 1.000000
0.732832 0.679968 -0.024497 0.000000 -0.676267 0.723931 -0.136335 34.109299 -0.074969 0.116477 0.990360 0.000000 0.000000 0.000000 0.000000 1.000000
0.859431 0.499335 -0.109741 -0.000000 -0.510937 0.846417 -0.150072 34.109299 0.017950 0.185048 0.982566 -0.000000 0.000000 0.000000 0.000000 1.000000
0.931351 0.338720 -0.133616 0.000000 -0.355129 0.926033 -0.127854 34.109299 0.080426 0.166528 0.982751 0.000000 0.000000 0.000000 0.000000 1.000000
0.960079 0.270608 -0.070846 0.000000 -0.276765 0.955707 -0.100130 34.109299 0.040612 0.115740 0.992449 0.000000 0.000000 0.000000 0.000000 1.000000
0.950518 0.298641 0.085617 0.000000 -0.291901 0.952846 -0.082940 34.109299 -0.106349 0.053844 0.992870 0.000000 0.000000 0.000000 0.000000 1.000000
0.875585 0.381790 0.295952 0.000000 -0.370287 0.923905 -0.096367 34.109299 -0.310224 -0.025210 0.950329 0.000000 0.000000 0.000000 0.000000 1.000000
0.761111 0.456787 0.460496 0.000000 -0.450615 0.883034 -0.131142 34.109299 -0.466537 -0.107692 0.877921 0.000000 0.000000 0.000000 0.000000 1.000000
0.684929 0.503207 0.526930 -0.000000 -0.504841 0.849223 -0.154773 34.109299 -0.525364 -0.160007 0.835698 0.000000 0.000000 0.000000 0.000000 1.000000
0.706828 0.516785 0.483039 -0.000000 -0.518814 0.842907 -0.142617 34.109299 -0.480860 -0.149802 0.863906 0.000000 0.000000 0.000000 0.000000 1.000000
0.778275 0.504270 0.374165 -0.000000 -0.500643 0.857985 -0.114970 34.109299 -0.379004 -0.097845 0.920208 0.000000 0.000000 0.000000 0.000000 1.000000
0.845296 0.475472 0.243725 -0.000000 -0.468118 0.878951 -0.091160 34.109299 -0.257566 -0.037035 0.965551 -0.000000 0.000000 0.000000 0.000000 1.000000
0.878283 0.457216 0.139901 0.000000 -0.450986 0.889350 -0.075281 34.109299 -0.158841 0.003024 0.987300 0.000000 0.000000 0.000000 0.000000 1.000000
0.884084 0.461993 0.070408 -0.000000 -0.458610 0.886654 -0.059350 34.109299 -0.089846 0.020181 0.995751 0.000000 0.000000 0.000000 0.000000 1.000000
0.874810 0.484004 0.021170 0.000000 -0.483085 0.874779 -0.037287 34.109299 -0.036566 0.022392 0.999080 0.000000 0.000000 0.000000 0.000000 1.000000</float_array>
        <technique_common>
          <accessor source="#mixamorig_RightForeArm-Matrix-animation-output-transform-array" count="22" stride="16">
            <param type="float4x4"/>
          </accessor>
        </technique_common>
      </source>
      <source id="mixamorig_RightForeArm-Interpolations">
        <Name_array id="mixamorig_RightForeArm-Interpolations-array" count="22">
 LINEAR LINEAR LINEAR LINEAR LINEAR LINEAR LINEAR LINEAR LINEAR LINEAR LINEAR
LINEAR LINEAR LINEAR LINEAR LINEAR LINEAR LINEAR LINEAR LINEAR LINEAR LINEAR</Name_array>
        <technique_common>
          <accessor source="#mixamorig_RightForeArm-Interpolations-array" count="22">
            <param type="name"/>
          </accessor>
        </technique_common>
      </source>
      <sampler id="mixamorig_RightForeArm-Matrix-animation-transform">
        <input semantic="INPUT" source="#mixamorig_RightForeArm-Matrix-animation-input"/>
        <input semantic="OUTPUT" source="#mixamorig_RightForeArm-Matrix-animation-output-transform"/>
        <input semantic="INTERPOLATION" source="#mixamorig_RightForeArm-Interpolations"/>
      </sampler>
      <channel source="#mixamorig_RightForeArm-Matrix-animation-transform" target="mixamorig_RightForeArm/matrix"/>
    </animation>
    <animation id="mixamorig_RightHand-anim" name="mixamorig_RightHand">
      <source id="mixamorig_RightHand-Matrix-animation-input">
        <float_array id="mixamorig_RightHand-Matrix-animation-input-array" count="22">

0.000000 0.033333 0.066667 0.100000 0.133333 0.166667 0.200000 0.233333 0.266667 0.300000 0.333333 0.366667 0.400000 0.433333 0.466667 0.500000
0.533333 0.566667 0.600000 0.633333 0.666667 0.700000</float_array>
        <technique_common>
          <accessor source="#mixamorig_RightHand-Matrix-animation-input-array" count="22">
            <param name="TIME" type="float"/>
          </accessor>
        </technique_common>
      </source>
      <source id="mixamorig_RightHand-Matrix-animation-output-transform">
        <float_array id="mixamorig_RightHand-Matrix-animation-output-transform-array" count="352">

0.865631 0.500154 0.022993 0.000000 -0.419106 0.698705 0.579794 41.076000 0.273921 -0.511524 0.814439 0.000000 0.000000 0.000000 0.000000 1.000000
0.920597 0.378219 0.097224 0.000000 -0.375762 0.790142 0.484230 41.076000 0.106324 -0.482314 0.869522 -0.000000 0.000000 0.000000 0.000000 1.000000
0.954920 0.265530 0.132748 0.000000 -0.293292 0.913008 0.283543 41.076000 -0.045911 -0.309695 0.949727 0.000000 0.000000 0.000000 0.000000 1.000000
0.973767 0.205075 0.098596 0.000000 -0.208153 0.977851 0.021907 41.076000 -0.091920 -0.041855 0.994886 0.000000 0.000000 0.000000 0.000000 1.000000
0.983999 0.176821 0.021894 0.000000 -0.170031 0.968643 -0.181165 41.076000 -0.053241 0.174544 0.983209 0.000000 0.000000 0.000000 0.000000 1.000000
0.984928 0.172570 -0.011705 -0.000000 -0.169373 0.948531 -0.267587 41.076000 -0.035075 0.265536 0.963463 -0.000000 0.000000 0.000000 0.000000 1.000000
0.977495 0.208625 0.031296 0.000000 -0.195348 0.951149 -0.239069 41.076000 -0.079643 0.227575 0.970498 0.000000 0.000000 0.000000 0.000000 1.000000
0.953719 0.266267 0.139725 -0.000000 -0.248248 0.959407 -0.133832 41.076000 -0.169688 0.092952 0.981105 0.000000 0.000000 0.000000 0.000000 1.000000
0.919576 0.313249 0.237181 0.000000 -0.308503 0.949461 -0.057869 41.076000 -0.243322 -0.019956 0.969740 0.000000 0.000000 0.000000 0.000000 1.000000
0.893464 0.359429 0.269320 -0.000000 -0.348765 0.933050 -0.088206 41.076000 -0.282992 -0.015120 0.959003 -0.000000 0.000000 0.000000 0.000000 1.000000
0.888228 0.394387 0.235606 0.000000 -0.346780 0.911969 -0.219217 41.076000 -0.301321 0.113011 0.946802 0.000000 0.000000 0.000000 0.000000 1.000000
0.888284 0.399840 0.226005 0.000000 -0.322702 0.893473 -0.312362 41.076000 -0.326825 0.204534 0.922687 -0.000000 0.000000 0.000000 0.000000 1.000000
0.872620 0.382336 0.303896 0.000000 -0.303150 0.911869 -0.276758 41.076000 -0.382928 0.149379 0.911621 0.000000 0.000000 0.000000 0.000000 1.000000
0.841304 0.308469 0.443908 0.000000 -0.297851 0.949820 -0.095530 41.076000 -0.451101 -0.051849 0.890965 0.000000 0.000000 0.000000 0.000000 1.000000
0.831515 0.184653 0.523914 0.000000 -0.288621 0.949453 0.123442 41.076000 -0.474637 -0.253857 0.842779 -0.000000 0.000000 0.000000 0.000000 1.000000
0.863694 0.082880 0.497155 0.000000 -0.258735 0.919407 0.296221 41.076000 -0.432537 -0.384476 0.815530 -0.000000 0.000000 0.000000 0.000000 1.000000
0.918996 0.049240 0.391180 0.000000 -0.215571 0.893485 0.393972 41.076000 -0.330114 -0.446385 0.831724 -0.000000 0.000000 0.000000 0.000000 1.000000
0.960626 0.049425 0.273415 0.000000 -0.175910 0.869896 0.460800 41.076000 -0.215068 -0.490753 0.844339 0.000000 0.000000 0.000000 0.000000 1.000000
0.981770 0.058210 0.180938 0.000000 -0.146333 0.839000 0.524085 41.076000 -0.121300 -0.541008 0.832224 -0.000000 0.000000 0.000000 0.000000 1.000000
0.990489 0.068028 0.119599 -0.000000 -0.125189 0.806239 0.578192 41.076000 -0.057092 -0.587665 0.807088 0.000000 0.000000 0.000000 0.000000 1.000000
0.994529 0.083691 0.062507 -0.000000 -0.104453 0.791319 0.602414 41.076000 0.000954 -0.605648 0.795732 0.000000 0.000000 0.000000 0.000000 1.000000
0.994243 0.106899 -0.007302 0.000000 -0.081793 0.801229 0.592741 41.076000 0.069214 -0.588731 0.805360 0.000000 0.000000 0.000000 0.000000 1.000000</float_array>
        <technique_common>
          <accessor source="#mixamorig_RightHand-Matrix-animation-output-transform-array" count="22" stride="16">
            <param type="float4x4"/>
          </accessor>
        </technique_common>
      </source>
      <source id="mixamorig_RightHand-Interpolations">
        <Name_array id="mixamorig_RightHand-Interpolations-array" count="22">
 LINEAR LINEAR LINEAR LINEAR LINEAR LINEAR LINEAR LINEAR LINEAR LINEAR LINEAR
LINEAR LINEAR LINEAR LINEAR LINEAR LINEAR LINEAR LINEAR LINEAR LINEAR LINEAR</Name_array>
        <technique_common>
          <accessor source="#mixamorig_RightHand-Interpolations-array" count="22">
            <param type="name"/>
          </accessor>
        </technique_common>
      </source>
      <sampler id="mixamorig_RightHand-Matrix-animation-transform">
        <input semantic="INPUT" source="#mixamorig_RightHand-Matrix-animation-input"/>
        <input semantic="OUTPUT" source="#mixamorig_RightHand-Matrix-animation-output-transform"/>
        <input semantic="INTERPOLATION" source="#mixamorig_RightHand-Interpolations"/>
      </sampler>
      <channel source="#mixamorig_RightHand-Matrix-animation-transform" target="mixamorig_RightHand/matrix"/>
    </animation>
    <animation id="mixamorig_RightHandThumb1-anim" name="mixamorig_RightHandThumb1">
      <source id="mixamorig_RightHandThumb1-Matrix-animation-input">
        <float_array id="mixamorig_RightHandThumb1-Matrix-animation-input-array" count="22">

0.000000 0.033333 0.066667 0.100000 0.133333 0.166667 0.200000 0.233333 0.266667 0.300000 0.333333 0.366667 0.400000 0.433333 0.466667 0.500000
0.533333 0.566667 0.600000 0.633333 0.666667 0.700000</float_array>
        <technique_common>
          <accessor source="#mixamorig_RightHandThumb1-Matrix-animation-input-array" count="22">
            <param name="TIME" type="float"/>
          </accessor>
        </technique_common>
      </source>
      <source id="mixamorig_RightHandThumb1-Matrix-animation-output-transform">
        <float_array id="mixamorig_RightHandThumb1-Matrix-animation-output-transform-array" count="352">

0.690311 0.722429 -0.039577 9.706200 -0.690328 0.641287 -0.334961 9.903700 -0.216605 0.258549 0.941401 7.214200 0.000000 0.000000 0.000000 1.000000
0.670136 0.741342 -0.036479 9.706200 -0.704841 0.620198 -0.344317 9.903700 -0.232633 0.256451 0.938144 7.214200 0.000000 0.000000 0.000000 1.000000
0.656960 0.753157 -0.034036 9.706200 -0.712899 0.605888 -0.353093 9.903700 -0.245312 0.256232 0.934969 7.214200 0.000000 0.000000 0.000000 1.000000
0.651970 0.757532 -0.032861 9.706200 -0.715461 0.600252 -0.357510 9.903700 -0.251100 0.256596 0.933331 7.214200 0.000000 0.000000 0.000000 1.000000
0.700233 0.699518 -0.142649 9.706200 -0.683136 0.598495 -0.418484 9.903700 -0.207362 0.390485 0.896951 7.214200 0.000000 0.000000 0.000000 1.000000
0.771406 0.545679 -0.327366 9.706200 -0.624480 0.550290 -0.554261 9.903700 -0.122303 0.631994 0.765262 7.214200 0.000000 0.000000 0.000000 1.000000
0.815952 0.363117 -0.449853 9.706200 -0.575838 0.441430 -0.688150 9.903700 -0.051300 0.820540 0.569282 7.214200 0.000000 0.000000 0.000000 1.000000
0.832117 0.279431 -0.479062 9.706200 -0.554022 0.379356 -0.741046 9.903700 -0.025336 0.882047 0.470479 7.214200 0.000000 0.000000 0.000000 1.000000
0.840866 0.244347 -0.482947 9.706200 -0.541130 0.361338 -0.759350 9.903700 -0.011038 0.899850 0.436061 7.214200 0.000000 0.000000 0.000000 1.000000
0.847228 0.231019 -0.478366 9.706200 -0.531228 0.369233 -0.762537 9.903700 0.000468 0.900165 0.435549 7.214200 0.000000 0.000000 0.000000 1.000000
0.851622 0.236745 -0.467645 9.706200 -0.524041 0.403297 -0.750155 9.903700 0.011004 0.883913 0.467521 7.214200 0.000000 0.000000 0.000000 1.000000
0.854652 0.255426 -0.452026 9.706200 -0.518771 0.455515 -0.723451 9.903700 0.021117 0.852797 0.521815 7.214200 0.000000 0.000000 0.000000 1.000000
0.856805 0.283988 -0.430390 9.706200 -0.514787 0.519115 -0.682286 9.903700 0.029661 0.806145 0.590974 7.214200 0.000000 0.000000 0.000000 1.000000
0.859004 0.319781 -0.399816 9.706200 -0.510931 0.585182 -0.629692 9.903700 0.032602 0.745186 0.666059 7.214200 0.000000 0.000000 0.000000 1.000000
0.862392 0.357085 -0.358845 9.706200 -0.505561 0.644214 -0.573932 9.903700 0.026231 0.676372 0.736093 7.214200 0.000000 0.000000 0.000000 1.000000
0.867368 0.391342 -0.307448 9.706200 -0.497594 0.692574 -0.522247 9.903700 0.008553 0.605965 0.795446 7.214200 0.000000 0.000000 0.000000 1.000000
0.873853 0.418037 -0.248248 9.706200 -0.485788 0.729940 -0.480831 9.903700 -0.019799 0.540771 0.840937 7.214200 0.000000 0.000000 0.000000 1.000000
0.880256 0.435688 -0.187949 9.706200 -0.471593 0.759540 -0.447994 9.903700 -0.052431 0.482985 0.874058 7.214200 0.000000 0.000000 0.000000 1.000000
0.885443 0.445247 -0.133216 9.706200 -0.457167 0.782886 -0.422004 9.903700 -0.083603 0.434562 0.896753 7.214200 0.000000 0.000000 0.000000 1.000000
0.888642 0.449055 -0.093088 9.706200 -0.446042 0.799129 -0.403038 9.903700 -0.106597 0.399678 0.910437 7.214200 0.000000 0.000000 0.000000 1.000000
0.890231 0.449878 -0.071404 9.706200 -0.439580 0.807388 -0.393566 9.903700 -0.119406 0.381753 0.916519 7.214200 0.000000 0.000000 0.000000 1.000000
0.889486 0.451879 -0.067973 9.706200 -0.440221 0.807469 -0.392682 9.903700 -0.122559 0.379208 0.917159 7.214200 0.000000 0.000000 0.000000 1.000000</float_array>
        <technique_common>
          <accessor source="#mixamorig_RightHandThumb1-Matrix-animation-output-transform-array" count="22" stride="16">
            <param type="float4x4"/>
          </accessor>
        </technique_common>
      </source>
      <source id="mixamorig_RightHandThumb1-Interpolations">
        <Name_array id="mixamorig_RightHandThumb1-Interpolations-array" count="22">
 LINEAR LINEAR LINEAR LINEAR LINEAR LINEAR LINEAR LINEAR LINEAR LINEAR LINEAR
LINEAR LINEAR LINEAR LINEAR LINEAR LINEAR LINEAR LINEAR LINEAR LINEAR LINEAR</Name_array>
        <technique_common>
          <accessor source="#mixamorig_RightHandThumb1-Interpolations-array" count="22">
            <param type="name"/>
          </accessor>
        </technique_common>
      </source>
      <sampler id="mixamorig_RightHandThumb1-Matrix-animation-transform">
        <input semantic="INPUT" source="#mixamorig_RightHandThumb1-Matrix-animation-input"/>
        <input semantic="OUTPUT" source="#mixamorig_RightHandThumb1-Matrix-animation-output-transform"/>
        <input semantic="INTERPOLATION" source="#mixamorig_RightHandThumb1-Interpolations"/>
      </sampler>
      <channel source="#mixamorig_RightHandThumb1-Matrix-animation-transform" target="mixamorig_RightHandThumb1/matrix"/>
    </animation>
    <animation id="mixamorig_RightHandThumb2-anim" name="mixamorig_RightHandThumb2">
      <source id="mixamorig_RightHandThumb2-Matrix-animation-input">
        <float_array id="mixamorig_RightHandThumb2-Matrix-animation-input-array" count="22">

0.000000 0.033333 0.066667 0.100000 0.133333 0.166667 0.200000 0.233333 0.266667 0.300000 0.333333 0.366667 0.400000 0.433333 0.466667 0.500000
0.533333 0.566667 0.600000 0.633333 0.666667 0.700000</float_array>
        <technique_common>
          <accessor source="#mixamorig_RightHandThumb2-Matrix-animation-input-array" count="22">
            <param name="TIME" type="float"/>
          </accessor>
        </technique_common>
      </source>
      <source id="mixamorig_RightHandThumb2-Matrix-animation-output-transform">
        <float_array id="mixamorig_RightHandThumb2-Matrix-animation-output-transform-array" count="352">

0.999608 -0.028007 -0.000339 0.000000 0.028007 0.999360 0.022235 2.369600 -0.000284 -0.022236 0.999753 0.000000 0.000000 0.000000 0.000000 1.000000
0.999929 -0.011937 -0.000291 -0.000000 0.011940 0.999639 0.024061 2.369600 0.000004 -0.024063 0.999710 0.000000 0.000000 0.000000 0.000000 1.000000
0.999990 -0.004401 -0.000254 0.000000 0.004406 0.999679 0.024933 2.369600 0.000144 -0.024934 0.999689 0.000000 0.000000 0.000000 0.000000 1.000000
0.999996 -0.002753 -0.000231 0.000000 0.002758 0.999680 0.025151 2.369600 0.000162 -0.025152 0.999684 0.000000 0.000000 0.000000 0.000000 1.000000
0.998811 -0.048752 -0.000076 0.000000 0.048744 0.998608 0.020138 2.369600 -0.000905 -0.020118 0.999797 -0.000000 0.000000 0.000000 0.000000 1.000000
0.990108 -0.140307 0.000899 0.000000 0.140291 0.990059 0.010121 2.369600 -0.002310 -0.009895 0.999948 0.000000 0.000000 0.000000 0.000000 1.000000
0.972898 -0.231218 0.002801 -0.000000 0.231218 0.972902 0.000164 2.369600 -0.002763 0.000488 0.999996 0.000000 0.000000 0.000000 0.000000 1.000000
0.961883 -0.273429 0.004109 -0.000000 0.273446 0.961877 -0.004449 2.369600 -0.002736 0.005403 0.999982 0.000000 0.000000 0.000000 0.000000 1.000000
0.956034 -0.293215 0.004833 0.000000 0.293242 0.956015 -0.006620 2.369600 -0.002680 0.007746 0.999966 0.000000 0.000000 0.000000 0.000000 1.000000
0.953027 -0.302841 0.005183 0.000000 0.302874 0.952999 -0.007708 2.369600 -0.002605 0.008916 0.999957 0.000000 0.000000 0.000000 0.000000 1.000000
0.953287 -0.302024 0.005100 0.000000 0.302057 0.953259 -0.007686 2.369600 -0.002540 0.008867 0.999957 0.000000 0.000000 0.000000 0.000000 1.000000
0.956173 -0.292765 0.004683 0.000000 0.292792 0.956152 -0.006743 2.369600 -0.002503 0.007819 0.999966 -0.000000 0.000000 0.000000 0.000000 1.000000
0.960777 -0.277292 0.004064 0.000000 0.277311 0.960767 -0.005103 2.369600 -0.002489 0.006029 0.999979 0.000000 0.000000 0.000000 0.000000 1.000000
0.965157 -0.261647 0.003476 0.000000 0.261659 0.965154 -0.003430 2.369600 -0.002457 0.004220 0.999988 0.000000 0.000000 0.000000 0.000000 1.000000
0.967202 -0.253991 0.003073 0.000000 0.253999 0.967201 -0.002677 2.369600 -0.002293 0.003370 0.999992 -0.000000 0.000000 0.000000 0.000000 1.000000
0.965832 -0.259152 0.002993 0.000000 0.259162 0.965828 -0.003415 2.369600 -0.002006 0.004074 0.999990 -0.000000 0.000000 0.000000 0.000000 1.000000
0.960493 -0.278284 0.003378 0.000000 0.278300 0.960477 -0.005785 2.369600 -0.001635 0.006496 0.999978 -0.000000 0.000000 0.000000 0.000000 1.000000
0.952693 -0.303907 0.004128 0.000000 0.303933 0.952652 -0.008903 2.369600 -0.001227 0.009736 0.999952 0.000000 0.000000 0.000000 0.000000 1.000000
0.944229 -0.329252 0.005037 0.000000 0.329290 0.944153 -0.011972 2.369600 -0.000814 0.012963 0.999916 0.000000 0.000000 0.000000 0.000000 1.000000
0.937749 -0.347267 0.005750 0.000000 0.347314 0.937642 -0.014174 2.369600 -0.000470 0.015289 0.999883 -0.000000 0.000000 0.000000 0.000000 1.000000
0.933956 -0.357335 0.006194 0.000000 0.357388 0.933830 -0.015322 2.369600 -0.000309 0.016523 0.999863 -0.000000 0.000000 0.000000 0.000000 1.000000
0.933179 -0.359356 0.006308 -0.000000 0.359411 0.933050 -0.015543 2.369600 -0.000301 0.016771 0.999859 0.000000 0.000000 0.000000 0.000000 1.000000</float_array>
        <technique_common>
          <accessor source="#mixamorig_RightHandThumb2-Matrix-animation-output-transform-array" count="22" stride="16">
            <param type="float4x4"/>
          </accessor>
        </technique_common>
      </source>
      <source id="mixamorig_RightHandThumb2-Interpolations">
        <Name_array id="mixamorig_RightHandThumb2-Interpolations-array" count="22">
 LINEAR LINEAR LINEAR LINEAR LINEAR LINEAR LINEAR LINEAR LINEAR LINEAR LINEAR
LINEAR LINEAR LINEAR LINEAR LINEAR LINEAR LINEAR LINEAR LINEAR LINEAR LINEAR</Name_array>
        <technique_common>
          <accessor source="#mixamorig_RightHandThumb2-Interpolations-array" count="22">
            <param type="name"/>
          </accessor>
        </technique_common>
      </source>
      <sampler id="mixamorig_RightHandThumb2-Matrix-animation-transform">
        <input semantic="INPUT" source="#mixamorig_RightHandThumb2-Matrix-animation-input"/>
        <input semantic="OUTPUT" source="#mixamorig_RightHandThumb2-Matrix-animation-output-transform"/>
        <input semantic="INTERPOLATION" source="#mixamorig_RightHandThumb2-Interpolations"/>
      </sampler>
      <channel source="#mixamorig_RightHandThumb2-Matrix-animation-transform" target="mixamorig_RightHandThumb2/matrix"/>
    </animation>
    <animation id="mixamorig_RightHandThumb3-anim" name="mixamorig_RightHandThumb3">
      <source id="mixamorig_RightHandThumb3-Matrix-animation-input">
        <float_array id="mixamorig_RightHandThumb3-Matrix-animation-input-array" count="22">

0.000000 0.033333 0.066667 0.100000 0.133333 0.166667 0.200000 0.233333 0.266667 0.300000 0.333333 0.366667 0.400000 0.433333 0.466667 0.500000
0.533333 0.566667 0.600000 0.633333 0.666667 0.700000</float_array>
        <technique_common>
          <accessor source="#mixamorig_RightHandThumb3-Matrix-animation-input-array" count="22">
            <param name="TIME" type="float"/>
          </accessor>
        </technique_common>
      </source>
      <source id="mixamorig_RightHandThumb3-Matrix-animation-output-transform">
        <float_array id="mixamorig_RightHandThumb3-Matrix-animation-output-transform-array" count="352">

1.000000 0.000000 -0.000071 0.000000 -0.000000 1.000000 0.000000 2.785100 0.000071 -0.000000 1.000000 0.000000 0.000000 0.000000 0.000000 1.000000
1.000000 -0.000000 -0.000071 0.000000 0.000000 1.000000 -0.000000 2.785100 0.000071 0.000000 1.000000 -0.000000 0.000000 0.000000 0.000000 1.000000
1.000000 0.000000 -0.000071 -0.000000 -0.000000 1.000000 -0.000000 2.785100 0.000071 0.000000 1.000000 0.000000 0.000000 0.000000 0.000000 1.000000
1.000000 -0.000000 -0.000071 0.000000 0.000000 1.000000 -0.000000 2.785100 0.000071 0.000000 1.000000 0.000000 0.000000 0.000000 0.000000 1.000000
1.000000 0.000000 -0.000071 0.000000 -0.000000 1.000000 0.000000 2.785100 0.000071 -0.000000 1.000000 0.000000 0.000000 0.000000 0.000000 1.000000
1.000000 0.000000 -0.000071 -0.000000 -0.000000 1.000000 -0.000000 2.785100 0.000071 0.000000 1.000000 -0.000000 0.000000 0.000000 0.000000 1.000000
1.000000 0.000000 -0.000070 0.000000 -0.000000 1.000000 -0.000000 2.785100 0.000070 0.000000 1.000000 0.000000 0.000000 0.000000 0.000000 1.000000
1.000000 -0.000000 -0.000071 0.000000 0.000000 1.000000 -0.000000 2.785100 0.000071 0.000000 1.000000 -0.000000 0.000000 0.000000 0.000000 1.000000
1.000000 -0.000000 -0.000071 -0.000000 0.000000 1.000000 0.000000 2.785100 0.000071 -0.000000 1.000000 0.000000 0.000000 0.000000 0.000000 1.000000
1.000000 -0.000000 -0.000071 0.000000 0.000000 1.000000 0.000000 2.785100 0.000071 -0.000000 1.000000 0.000000 0.000000 0.000000 0.000000 1.000000
1.000000 -0.000000 -0.000070 -0.000000 0.000000 1.000000 0.000000 2.785100 0.000070 -0.000000 1.000000 0.000000 0.000000 0.000000 0.000000 1.000000
1.000000 -0.000000 -0.000071 0.000000 0.000000 1.000000 0.000000 2.785100 0.000071 -0.000000 1.000000 0.000000 0.000000 0.000000 0.000000 1.000000
1.000000 -0.000000 -0.000070 -0.000000 0.000000 1.000000 -0.000000 2.785100 0.000070 0.000000 1.000000 -0.000000 0.000000 0.000000 0.000000 1.000000
1.000000 -0.000000 -0.000071 0.000000 0.000000 1.000000 0.000000 2.785100 0.000071 -0.000000 1.000000 -0.000000 0.000000 0.000000 0.000000 1.000000
1.000000 -0.000000 -0.000071 0.000000 0.000000 1.000000 0.000000 2.785100 0.000071 -0.000000 1.000000 0.000000 0.000000 0.000000 0.000000 1.000000
1.000000 0.000000 -0.000071 0.000000 -0.000000 1.000000 0.000000 2.785100 0.000071 -0.000000 1.000000 0.000000 0.000000 0.000000 0.000000 1.000000
1.000000 0.000000 -0.000071 0.000000 -0.000000 1.000000 0.000000 2.785100 0.000071 -0.000000 1.000000 0.000000 0.000000 0.000000 0.000000 1.000000
1.000000 -0.000000 -0.000071 -0.000000 0.000000 1.000000 -0.000000 2.785100 0.000071 0.000000 1.000000 -0.000000 0.000000 0.000000 0.000000 1.000000
1.000000 0.000000 -0.000071 0.000000 -0.000000 1.000000 0.000000 2.785100 0.000071 -0.000000 1.000000 -0.000000 0.000000 0.000000 0.000000 1.000000
1.000000 -0.000000 -0.000071 0.000000 0.000000 1.000000 0.000000 2.785100 0.000071 -0.000000 1.000000 0.000000 0.000000 0.000000 0.000000 1.000000
1.000000 -0.000000 -0.000070 0.000000 0.000000 1.000000 -0.000000 2.785100 0.000070 0.000000 1.000000 0.000000 0.000000 0.000000 0.000000 1.000000
1.000000 0.000000 -0.000071 -0.000000 -0.000000 1.000000 0.000000 2.785100 0.000071 -0.000000 1.000000 -0.000000 0.000000 0.000000 0.000000 1.000000</float_array>
        <technique_common>
          <accessor source="#mixamorig_RightHandThumb3-Matrix-animation-output-transform-array" count="22" stride="16">
            <param type="float4x4"/>
          </accessor>
        </technique_common>
      </source>
      <source id="mixamorig_RightHandThumb3-Interpolations">
        <Name_array id="mixamorig_RightHandThumb3-Interpolations-array" count="22">
 LINEAR LINEAR LINEAR LINEAR LINEAR LINEAR LINEAR LINEAR LINEAR LINEAR LINEAR
LINEAR LINEAR LINEAR LINEAR LINEAR LINEAR LINEAR LINEAR LINEAR LINEAR LINEAR</Name_array>
        <technique_common>
          <accessor source="#mixamorig_RightHandThumb3-Interpolations-array" count="22">
            <param type="name"/>
          </accessor>
        </technique_common>
      </source>
      <sampler id="mixamorig_RightHandThumb3-Matrix-animation-transform">
        <input semantic="INPUT" source="#mixamorig_RightHandThumb3-Matrix-animation-input"/>
        <input semantic="OUTPUT" source="#mixamorig_RightHandThumb3-Matrix-animation-output-transform"/>
        <input semantic="INTERPOLATION" source="#mixamorig_RightHandThumb3-Interpolations"/>
      </sampler>
      <channel source="#mixamorig_RightHandThumb3-Matrix-animation-transform" target="mixamorig_RightHandThumb3/matrix"/>
    </animation>
    <animation id="mixamorig_RightHandIndex1-anim" name="mixamorig_RightHandIndex1">
      <source id="mixamorig_RightHandIndex1-Matrix-animation-input">
        <float_array id="mixamorig_RightHandIndex1-Matrix-animation-input-array" count="22">

0.000000 0.033333 0.066667 0.100000 0.133333 0.166667 0.200000 0.233333 0.266667 0.300000 0.333333 0.366667 0.400000 0.433333 0.466667 0.500000
0.533333 0.566667 0.600000 0.633333 0.666667 0.700000</float_array>
        <technique_common>
          <accessor source="#mixamorig_RightHandIndex1-Matrix-animation-input-array" count="22">
            <param name="TIME" type="float"/>
          </accessor>
        </technique_common>
      </source>
      <source id="mixamorig_RightHandIndex1-Matrix-animation-output-transform">
        <float_array id="mixamorig_RightHandIndex1-Matrix-animation-output-transform-array" count="352">

0.991675 0.120840 0.044474 4.736600 -0.109346 0.972694 -0.204718 18.296400 -0.067998 0.198150 0.977810 0.973900 0.000000 0.000000 0.000000 1.000000
0.990240 0.131249 0.046885 4.736600 -0.118556 0.970109 -0.211739 18.296400 -0.073274 0.204114 0.976201 0.973900 0.000000 0.000000 0.000000 1.000000
0.989274 0.137781 0.048518 4.736600 -0.124326 0.968555 -0.215509 18.296400 -0.076685 0.207165 0.975296 0.973900 0.000000 0.000000 0.000000 1.000000
0.988904 0.140188 0.049159 4.736600 -0.126460 0.968030 -0.216624 18.296400 -0.077955 0.208004 0.975017 0.973900 0.000000 0.000000 0.000000 1.000000
0.987758 0.150204 0.042107 4.736600 -0.133339 0.953061 -0.271835 18.296400 -0.080961 0.262893 0.961422 0.973900 0.000000 0.000000 0.000000 1.000000
0.985179 0.169419 0.026843 4.736600 -0.146729 0.913397 -0.379705 18.296400 -0.088847 0.370139 0.924718 0.973900 0.000000 0.000000 0.000000 1.000000
0.982425 0.186381 0.010155 4.736600 -0.158634 0.862364 -0.480795 18.296400 -0.098368 0.470734 0.876774 0.973900 0.000000 0.000000 0.000000 1.000000
0.981815 0.189834 0.001800 4.736600 -0.161180 0.838556 -0.520427 18.296400 -0.100304 0.510673 0.853904 0.973900 0.000000 0.000000 0.000000 1.000000
0.982551 0.185979 -0.002295 4.736600 -0.158765 0.832220 -0.531229 18.296400 -0.096887 0.522324 0.847225 0.973900 0.000000 0.000000 0.000000 1.000000
0.984028 0.177962 -0.004401 4.736600 -0.153421 0.835275 -0.527994 18.296400 -0.090286 0.520236 0.849237 0.973900 0.000000 0.000000 0.000000 1.000000
0.986080 0.166209 -0.004646 4.736600 -0.145143 0.846800 -0.511726 18.296400 -0.081119 0.505277 0.859136 0.973900 0.000000 0.000000 0.000000 1.000000
0.988380 0.151958 -0.003615 4.736600 -0.134540 0.863526 -0.486027 18.296400 -0.070733 0.480866 0.873936 0.973900 0.000000 0.000000 0.000000 1.000000
0.990748 0.135707 -0.001573 4.736600 -0.121742 0.883550 -0.452236 18.296400 -0.059982 0.448243 0.891897 0.973900 0.000000 0.000000 0.000000 1.000000
0.993087 0.117370 0.001533 4.736600 -0.106414 0.905745 -0.410245 18.296400 -0.049539 0.407246 0.911974 0.973900 0.000000 0.000000 0.000000 1.000000
0.995272 0.096984 0.005297 4.736600 -0.088538 0.928322 -0.361082 18.296400 -0.039937 0.358906 0.932519 0.973900 0.000000 0.000000 0.000000 1.000000
0.997164 0.074681 0.009295 4.736600 -0.068278 0.949698 -0.305632 18.296400 -0.031652 0.304131 0.952104 0.973900 0.000000 0.000000 0.000000 1.000000
0.998591 0.051443 0.013048 4.736600 -0.046641 0.967963 -0.246724 18.296400 -0.025322 0.245768 0.968998 0.973900 0.000000 0.000000 0.000000 1.000000
0.999444 0.029261 0.015953 4.736600 -0.025708 0.981506 -0.189699 18.296400 -0.021209 0.189184 0.981713 0.973900 0.000000 0.000000 0.000000 1.000000
0.999788 0.010085 0.017933 4.736600 -0.007481 0.990158 -0.139754 18.296400 -0.019166 0.139590 0.990024 0.973900 0.000000 0.000000 0.000000 1.000000
0.999811 -0.003417 0.019133 4.736600 0.005391 0.994552 -0.104101 18.296400 -0.018673 0.104185 0.994383 0.973900 0.000000 0.000000 0.000000 1.000000
0.999748 -0.010603 0.019780 4.736600 0.012249 0.996301 -0.085051 18.296400 -0.018805 0.085272 0.996180 0.973900 0.000000 0.000000 0.000000 1.000000
0.999745 -0.010413 0.020054 4.736600 0.012025 0.996561 -0.081990 18.296400 -0.019131 0.082211 0.996431 0.973900 0.000000 0.000000 0.000000 1.000000</float_array>
        <technique_common>
          <accessor source="#mixamorig_RightHandIndex1-Matrix-animation-output-transform-array" count="22" stride="16">
            <param type="float4x4"/>
          </accessor>
        </technique_common>
      </source>
      <source id="mixamorig_RightHandIndex1-Interpolations">
        <Name_array id="mixamorig_RightHandIndex1-Interpolations-array" count="22">
 LINEAR LINEAR LINEAR LINEAR LINEAR LINEAR LINEAR LINEAR LINEAR LINEAR LINEAR
LINEAR LINEAR LINEAR LINEAR LINEAR LINEAR LINEAR LINEAR LINEAR LINEAR LINEAR</Name_array>
        <technique_common>
          <accessor source="#mixamorig_RightHandIndex1-Interpolations-array" count="22">
            <param type="name"/>
          </accessor>
        </technique_common>
      </source>
      <sampler id="mixamorig_RightHandIndex1-Matrix-animation-transform">
        <input semantic="INPUT" source="#mixamorig_RightHandIndex1-Matrix-animation-input"/>
        <input semantic="OUTPUT" source="#mixamorig_RightHandIndex1-Matrix-animation-output-transform"/>
        <input semantic="INTERPOLATION" source="#mixamorig_RightHandIndex1-Interpolations"/>
      </sampler>
      <channel source="#mixamorig_RightHandIndex1-Matrix-animation-transform" target="mixamorig_RightHandIndex1/matrix"/>
    </animation>
    <animation id="mixamorig_RightHandIndex2-anim" name="mixamorig_RightHandIndex2">
      <source id="mixamorig_RightHandIndex2-Matrix-animation-input">
        <float_array id="mixamorig_RightHandIndex2-Matrix-animation-input-array" count="22">

0.000000 0.033333 0.066667 0.100000 0.133333 0.166667 0.200000 0.233333 0.266667 0.300000 0.333333 0.366667 0.400000 0.433333 0.466667 0.500000
0.533333 0.566667 0.600000 0.633333 0.666667 0.700000</float_array>
        <technique_common>
          <accessor source="#mixamorig_RightHandIndex2-Matrix-animation-input-array" count="22">
            <param name="TIME" type="float"/>
          </accessor>
        </technique_common>
      </source>
      <source id="mixamorig_RightHandIndex2-Matrix-animation-output-transform">
        <float_array id="mixamorig_RightHandIndex2-Matrix-animation-output-transform-array" count="352">

0.999907 -0.012925 0.004354 -0.000000 0.013634 0.938190 -0.345852 4.698000 0.000385 0.345879 0.938279 0.000000 0.000000 0.000000 0.000000 1.000000
0.999914 -0.012338 0.004421 0.000000 0.013105 0.936245 -0.351104 4.698000 0.000193 0.351132 0.936326 -0.000000 0.000000 0.000000 0.000000 1.000000
0.999919 -0.011947 0.004467 0.000000 0.012755 0.934932 -0.354597 4.698000 0.000060 0.354625 0.935009 0.000000 0.000000 0.000000 0.000000 1.000000
0.999920 -0.011796 0.004487 0.000000 0.012621 0.934424 -0.355938 4.698000 0.000006 0.355966 0.934499 0.000000 0.000000 0.000000 0.000000 1.000000
0.999971 -0.005705 0.004988 -0.000000 0.007246 0.912498 -0.409018 4.698000 -0.002219 0.409042 0.912513 0.000000 0.000000 0.000000 0.000000 1.000000
0.999966 0.006546 0.004929 0.000000 -0.003106 0.859443 -0.511223 4.698000 -0.007583 0.511190 0.859434 -0.000000 0.000000 0.000000 0.000000 1.000000
0.999822 0.018524 0.003490 -0.000000 -0.012634 0.795930 -0.605256 4.698000 -0.013989 0.605105 0.796023 0.000000 0.000000 0.000000 0.000000 1.000000
0.999724 0.023363 0.002507 -0.000000 -0.016313 0.766904 -0.641555 4.698000 -0.016911 0.641337 0.767073 -0.000000 0.000000 0.000000 0.000000 1.000000
0.999693 0.024691 0.002191 0.000000 -0.017308 0.758565 -0.651368 4.698000 -0.017745 0.651130 0.758759 -0.000000 0.000000 0.000000 0.000000 1.000000
0.999703 0.024278 0.002279 0.000000 -0.017006 0.761136 -0.648369 4.698000 -0.017476 0.648138 0.761323 0.000000 0.000000 0.000000 0.000000 1.000000
0.999749 0.022224 0.002731 0.000000 -0.015472 0.773815 -0.633223 4.698000 -0.016186 0.633022 0.773965 -0.000000 0.000000 0.000000 0.000000 1.000000
0.999814 0.018984 0.003362 0.000000 -0.013012 0.793110 -0.608939 4.698000 -0.014227 0.608782 0.793210 0.000000 0.000000 0.000000 0.000000 1.000000
0.999882 0.014792 0.004029 0.000000 -0.009759 0.816796 -0.576843 4.698000 -0.011824 0.576736 0.816845 0.000000 0.000000 0.000000 0.000000 1.000000
0.999941 0.009851 0.004598 0.000000 -0.005829 0.842878 -0.538073 4.698000 -0.009176 0.538014 0.842886 -0.000000 0.000000 0.000000 0.000000 1.000000
0.999977 0.004539 0.004952 0.000000 -0.001491 0.868727 -0.495289 4.698000 -0.006550 0.495270 0.868714 0.000000 0.000000 0.000000 0.000000 1.000000
0.999987 -0.000876 0.005040 -0.000000 0.003052 0.892776 -0.450491 4.698000 -0.004104 0.450501 0.892767 0.000000 0.000000 0.000000 0.000000 1.000000
0.999970 -0.006061 0.004867 0.000000 0.007516 0.913624 -0.406491 4.698000 -0.001983 0.406515 0.913642 -0.000000 0.000000 0.000000 0.000000 1.000000
0.999932 -0.010739 0.004493 -0.000000 0.011638 0.930600 -0.365852 4.698000 -0.000252 0.365879 0.930662 0.000000 0.000000 0.000000 0.000000 1.000000
0.999884 -0.014660 0.004019 0.000000 0.015164 0.943473 -0.331104 4.698000 0.001062 0.331126 0.943586 -0.000000 0.000000 0.000000 0.000000 1.000000
0.999842 -0.017411 0.003595 0.000000 0.017675 0.951756 -0.306345 4.698000 0.001912 0.306360 0.951914 0.000000 0.000000 0.000000 0.000000 1.000000
0.999817 -0.018851 0.003311 0.000000 0.018993 0.955848 -0.293247 4.698000 0.002363 0.293256 0.956031 0.000000 0.000000 0.000000 0.000000 1.000000
0.999813 -0.019054 0.003235 -0.000000 0.019170 0.956415 -0.291382 4.698000 0.002458 0.291390 0.956601 -0.000000 0.000000 0.000000 0.000000 1.000000</float_array>
        <technique_common>
          <accessor source="#mixamorig_RightHandIndex2-Matrix-animation-output-transform-array" count="22" stride="16">
            <param type="float4x4"/>
          </accessor>
        </technique_common>
      </source>
      <source id="mixamorig_RightHandIndex2-Interpolations">
        <Name_array id="mixamorig_RightHandIndex2-Interpolations-array" count="22">
 LINEAR LINEAR LINEAR LINEAR LINEAR LINEAR LINEAR LINEAR LINEAR LINEAR LINEAR
LINEAR LINEAR LINEAR LINEAR LINEAR LINEAR LINEAR LINEAR LINEAR LINEAR LINEAR</Name_array>
        <technique_common>
          <accessor source="#mixamorig_RightHandIndex2-Interpolations-array" count="22">
            <param type="name"/>
          </accessor>
        </technique_common>
      </source>
      <sampler id="mixamorig_RightHandIndex2-Matrix-animation-transform">
        <input semantic="INPUT" source="#mixamorig_RightHandIndex2-Matrix-animation-input"/>
        <input semantic="OUTPUT" source="#mixamorig_RightHandIndex2-Matrix-animation-output-transform"/>
        <input semantic="INTERPOLATION" source="#mixamorig_RightHandIndex2-Interpolations"/>
      </sampler>
      <channel source="#mixamorig_RightHandIndex2-Matrix-animation-transform" target="mixamorig_RightHandIndex2/matrix"/>
    </animation>
    <animation id="mixamorig_RightHandIndex3-anim" name="mixamorig_RightHandIndex3">
      <source id="mixamorig_RightHandIndex3-Matrix-animation-input">
        <float_array id="mixamorig_RightHandIndex3-Matrix-animation-input-array" count="22">

0.000000 0.033333 0.066667 0.100000 0.133333 0.166667 0.200000 0.233333 0.266667 0.300000 0.333333 0.366667 0.400000 0.433333 0.466667 0.500000
0.533333 0.566667 0.600000 0.633333 0.666667 0.700000</float_array>
        <technique_common>
          <accessor source="#mixamorig_RightHandIndex3-Matrix-animation-input-array" count="22">
            <param name="TIME" type="float"/>
          </accessor>
        </technique_common>
      </source>
      <source id="mixamorig_RightHandIndex3-Matrix-animation-output-transform">
        <float_array id="mixamorig_RightHandIndex3-Matrix-animation-output-transform-array" count="352">

1.000000 -0.000000 0.000000 0.000000 0.000000 1.000000 -0.000000 2.894000 -0.000000 0.000000 1.000000 0.000000 0.000000 0.000000 0.000000 1.000000
1.000000 -0.000000 0.000000 -0.000000 0.000000 1.000000 -0.000000 2.894000 -0.000000 0.000000 1.000000 0.000000 0.000000 0.000000 0.000000 1.000000
1.000000 0.000000 -0.000000 0.000000 -0.000000 1.000000 -0.000000 2.894000 0.000000 0.000000 1.000000 0.000000 0.000000 0.000000 0.000000 1.000000
1.000000 -0.000000 0.000000 0.000000 0.000000 1.000000 0.000000 2.894000 -0.000000 -0.000000 1.000000 0.000000 0.000000 0.000000 0.000000 1.000000
1.000000 -0.000000 -0.000000 -0.000000 0.000000 1.000000 0.000000 2.894000 -0.000000 -0.000000 1.000000 0.000000 0.000000 0.000000 0.000000 1.000000
1.000000 -0.000000 0.000000 -0.000000 0.000000 1.000000 0.000000 2.894000 -0.000000 -0.000000 1.000000 0.000000 0.000000 0.000000 0.000000 1.000000
1.000000 -0.000000 -0.000000 0.000000 0.000000 1.000000 0.000000 2.894000 0.000000 -0.000000 1.000000 0.000000 0.000000 0.000000 0.000000 1.000000
1.000000 -0.000000 0.000000 0.000000 0.000000 1.000000 0.000000 2.894000 0.000000 -0.000000 1.000000 0.000000 0.000000 0.000000 0.000000 1.000000
1.000000 -0.000000 -0.000000 0.000000 0.000000 1.000000 0.000000 2.894000 0.000000 -0.000000 1.000000 0.000000 0.000000 0.000000 0.000000 1.000000
1.000000 -0.000000 0.000000 -0.000000 0.000000 1.000000 0.000000 2.894000 -0.000000 -0.000000 1.000000 0.000000 0.000000 0.000000 0.000000 1.000000
1.000000 -0.000000 0.000000 0.000000 0.000000 1.000000 0.000000 2.894000 -0.000000 -0.000000 1.000000 0.000000 0.000000 0.000000 0.000000 1.000000
1.000000 -0.000000 0.000000 0.000000 0.000000 1.000000 -0.000000 2.894000 -0.000000 0.000000 1.000000 -0.000000 0.000000 0.000000 0.000000 1.000000
1.000000 0.000000 -0.000000 0.000000 -0.000000 1.000000 0.000000 2.894000 0.000000 -0.000000 1.000000 0.000000 0.000000 0.000000 0.000000 1.000000
1.000000 -0.000000 -0.000000 0.000000 0.000000 1.000000 0.000000 2.894000 -0.000000 -0.000000 1.000000 0.000000 0.000000 0.000000 0.000000 1.000000
1.000000 0.000000 -0.000000 0.000000 -0.000000 1.000000 -0.000000 2.894000 0.000000 0.000000 1.000000 0.000000 0.000000 0.000000 0.000000 1.000000
1.000000 0.000000 -0.000000 -0.000000 -0.000000 1.000000 -0.000000 2.894000 0.000000 0.000000 1.000000 -0.000000 0.000000 0.000000 0.000000 1.000000
1.000000 -0.000000 -0.000000 0.000000 0.000000 1.000000 0.000000 2.894000 0.000000 -0.000000 1.000000 0.000000 0.000000 0.000000 0.000000 1.000000
1.000000 -0.000000 -0.000000 0.000000 0.000000 1.000000 0.000000 2.894000 -0.000000 -0.000000 1.000000 0.000000 0.000000 0.000000 0.000000 1.000000
1.000000 -0.000000 -0.000000 0.000000 0.000000 1.000000 0.000000 2.894000 0.000000 -0.000000 1.000000 -0.000000 0.000000 0.000000 0.000000 1.000000
1.000000 -0.000000 0.000000 0.000000 0.000000 1.000000 0.000000 2.894000 -0.000000 -0.000000 1.000000 -0.000000 0.000000 0.000000 0.000000 1.000000
1.000000 -0.000000 0.000000 0.000000 0.000000 1.000000 0.000000 2.894000 0.000000 -0.000000 1.000000 -0.000000 0.000000 0.000000 0.000000 1.000000
1.000000 -0.000000 0.000000 0.000000 0.000000 1.000000 -0.000000 2.894000 -0.000000 0.000000 1.000000 -0.000000 0.000000 0.000000 0.000000 1.000000</float_array>
        <technique_common>
          <accessor source="#mixamorig_RightHandIndex3-Matrix-animation-output-transform-array" count="22" stride="16">
            <param type="float4x4"/>
          </accessor>
        </technique_common>
      </source>
      <source id="mixamorig_RightHandIndex3-Interpolations">
        <Name_array id="mixamorig_RightHandIndex3-Interpolations-array" count="22">
 LINEAR LINEAR LINEAR LINEAR LINEAR LINEAR LINEAR LINEAR LINEAR LINEAR LINEAR
LINEAR LINEAR LINEAR LINEAR LINEAR LINEAR LINEAR LINEAR LINEAR LINEAR LINEAR</Name_array>
        <technique_common>
          <accessor source="#mixamorig_RightHandIndex3-Interpolations-array" count="22">
            <param type="name"/>
          </accessor>
        </technique_common>
      </source>
      <sampler id="mixamorig_RightHandIndex3-Matrix-animation-transform">
        <input semantic="INPUT" source="#mixamorig_RightHandIndex3-Matrix-animation-input"/>
        <input semantic="OUTPUT" source="#mixamorig_RightHandIndex3-Matrix-animation-output-transform"/>
        <input semantic="INTERPOLATION" source="#mixamorig_RightHandIndex3-Interpolations"/>
      </sampler>
      <channel source="#mixamorig_RightHandIndex3-Matrix-animation-transform" target="mixamorig_RightHandIndex3/matrix"/>
    </animation>
    <animation id="mixamorig_RightHandMiddle1-anim" name="mixamorig_RightHandMiddle1">
      <source id="mixamorig_RightHandMiddle1-Matrix-animation-input">
        <float_array id="mixamorig_RightHandMiddle1-Matrix-animation-input-array" count="22">

0.000000 0.033333 0.066667 0.100000 0.133333 0.166667 0.200000 0.233333 0.266667 0.300000 0.333333 0.366667 0.400000 0.433333 0.466667 0.500000
0.533333 0.566667 0.600000 0.633333 0.666667 0.700000</float_array>
        <technique_common>
          <accessor source="#mixamorig_RightHandMiddle1-Matrix-animation-input-array" count="22">
            <param name="TIME" type="float"/>
          </accessor>
        </technique_common>
      </source>
      <source id="mixamorig_RightHandMiddle1-Matrix-animation-output-transform">
        <float_array id="mixamorig_RightHandMiddle1-Matrix-animation-output-transform-array" count="352">

0.999738 0.002963 0.022686 0.139500 0.003336 0.962102 -0.272668 17.923901 -0.022635 0.272672 0.961841 0.051600 0.000000 0.000000 0.000000 1.000000
0.999733 0.004447 0.022678 0.139500 0.002031 0.960608 -0.277898 17.923901 -0.023021 0.277870 0.960343 0.051600 0.000000 0.000000 0.000000 1.000000
0.999730 0.004965 0.022682 0.139500 0.001621 0.959571 -0.281461 17.923901 -0.023162 0.281422 0.959305 0.051600 0.000000 0.000000 0.000000 1.000000
0.999729 0.004999 0.022722 0.139500 0.001633 0.959159 -0.282863 17.923901 -0.023208 0.282824 0.958891 0.051600 0.000000 0.000000 0.000000 1.000000
0.999692 0.010845 0.022311 0.139500 -0.002677 0.941286 -0.337600 17.923901 -0.024663 0.337436 0.941025 0.051600 0.000000 0.000000 0.000000 1.000000
0.999537 0.022567 0.020391 0.139500 -0.011178 0.896066 -0.443779 17.923901 -0.028286 0.443346 0.895904 0.051600 0.000000 0.000000 0.000000 1.000000
0.999280 0.033840 0.017167 0.139500 -0.019118 0.839796 -0.542566 17.923901 -0.032777 0.541847 0.839838 0.051600 0.000000 0.000000 0.000000 1.000000
0.999145 0.038333 0.015478 0.139500 -0.022212 0.813572 -0.581039 17.923901 -0.034866 0.580199 0.813728 0.051600 0.000000 0.000000 0.000000 1.000000
0.999107 0.039505 0.014976 0.139500 -0.023003 0.805988 -0.591485 17.923901 -0.035437 0.590612 0.806177 0.051600 0.000000 0.000000 0.000000 1.000000
0.999123 0.039037 0.015172 0.139500 -0.022649 0.808322 -0.588305 17.923901 -0.035230 0.587445 0.808497 0.051600 0.000000 0.000000 0.000000 1.000000
0.999184 0.037120 0.015918 0.139500 -0.021341 0.819832 -0.572206 17.923901 -0.034290 0.571399 0.819956 0.051600 0.000000 0.000000 0.000000 1.000000
0.999269 0.034269 0.016954 0.139500 -0.019443 0.837271 -0.546442 17.923901 -0.032921 0.545713 0.837325 0.051600 0.000000 0.000000 0.000000 1.000000
0.999368 0.030560 0.018164 0.139500 -0.016937 0.858504 -0.512527 17.923901 -0.031257 0.511896 0.858479 0.051600 0.000000 0.000000 0.000000 1.000000
0.999486 0.025394 0.019581 0.139500 -0.013153 0.881565 -0.471879 17.923901 -0.029244 0.471379 0.881446 0.051600 0.000000 0.000000 0.000000 1.000000
0.999613 0.018141 0.021087 0.139500 -0.007387 0.903978 -0.427515 17.923901 -0.026818 0.427194 0.903762 0.051600 0.000000 0.000000 0.000000 1.000000
0.999713 0.008460 0.022415 0.139500 0.000736 0.924303 -0.381660 17.923901 -0.023947 0.381567 0.924031 0.051600 0.000000 0.000000 0.000000 1.000000
0.999726 -0.003305 0.023158 0.139500 0.010924 0.941356 -0.337239 17.923901 -0.020685 0.337400 0.941134 0.051600 0.000000 0.000000 0.000000 1.000000
0.999614 -0.015424 0.023106 0.139500 0.021588 0.954745 -0.296642 17.923901 -0.017485 0.297026 0.954709 0.051600 0.000000 0.000000 0.000000 1.000000
0.999403 -0.026311 0.022391 0.139500 0.031266 0.964511 -0.262184 17.923901 -0.014698 0.262728 0.964758 0.051600 0.000000 0.000000 0.000000 1.000000
0.999190 -0.034046 0.021448 0.139500 0.038174 0.970584 -0.237719 17.923901 -0.012724 0.238345 0.971097 0.051600 0.000000 0.000000 0.000000 1.000000
0.999052 -0.038248 0.020812 0.139500 0.041954 0.973473 -0.224923 17.923901 -0.011657 0.225583 0.974154 0.051600 0.000000 0.000000 0.000000 1.000000
0.999022 -0.039113 0.020637 0.139500 0.042720 0.974166 -0.221757 17.923901 -0.011431 0.222422 0.974884 0.051600 0.000000 0.000000 0.000000 1.000000</float_array>
        <technique_common>
          <accessor source="#mixamorig_RightHandMiddle1-Matrix-animation-output-transform-array" count="22" stride="16">
            <param type="float4x4"/>
          </accessor>
        </technique_common>
      </source>
      <source id="mixamorig_RightHandMiddle1-Interpolations">
        <Name_array id="mixamorig_RightHandMiddle1-Interpolations-array" count="22">
 LINEAR LINEAR LINEAR LINEAR LINEAR LINEAR LINEAR LINEAR LINEAR LINEAR LINEAR
LINEAR LINEAR LINEAR LINEAR LINEAR LINEAR LINEAR LINEAR LINEAR LINEAR LINEAR</Name_array>
        <technique_common>
          <accessor source="#mixamorig_RightHandMiddle1-Interpolations-array" count="22">
            <param type="name"/>
          </accessor>
        </technique_common>
      </source>
      <sampler id="mixamorig_RightHandMiddle1-Matrix-animation-transform">
        <input semantic="INPUT" source="#mixamorig_RightHandMiddle1-Matrix-animation-input"/>
        <input semantic="OUTPUT" source="#mixamorig_RightHandMiddle1-Matrix-animation-output-transform"/>
        <input semantic="INTERPOLATION" source="#mixamorig_RightHandMiddle1-Interpolations"/>
      </sampler>
      <channel source="#mixamorig_RightHandMiddle1-Matrix-animation-transform" target="mixamorig_RightHandMiddle1/matrix"/>
    </animation>
    <animation id="mixamorig_RightHandMiddle2-anim" name="mixamorig_RightHandMiddle2">
      <source id="mixamorig_RightHandMiddle2-Matrix-animation-input">
        <float_array id="mixamorig_RightHandMiddle2-Matrix-animation-input-array" count="22">

0.000000 0.033333 0.066667 0.100000 0.133333 0.166667 0.200000 0.233333 0.266667 0.300000 0.333333 0.366667 0.400000 0.433333 0.466667 0.500000
0.533333 0.566667 0.600000 0.633333 0.666667 0.700000</float_array>
        <technique_common>
          <accessor source="#mixamorig_RightHandMiddle2-Matrix-animation-input-array" count="22">
            <param name="TIME" type="float"/>
          </accessor>
        </technique_common>
      </source>
      <source id="mixamorig_RightHandMiddle2-Matrix-animation-output-transform">
        <float_array id="mixamorig_RightHandMiddle2-Matrix-animation-output-transform-array" count="352">

0.999962 0.008727 -0.000022 0.000000 -0.008461 0.968785 -0.247757 5.002000 -0.002141 0.247748 0.968822 0.000000 0.000000 0.000000 0.000000 1.000000
0.999964 0.008479 -0.000001 0.000000 -0.008221 0.969480 -0.245032 5.002000 -0.002077 0.245023 0.969515 -0.000000 0.000000 0.000000 0.000000 1.000000
0.999962 0.008736 -0.000020 0.000000 -0.008468 0.968790 -0.247736 5.002000 -0.002145 0.247727 0.968827 0.000000 0.000000 0.000000 0.000000 1.000000
0.999959 0.009005 -0.000025 0.000000 -0.008724 0.968046 -0.250621 5.002000 -0.002233 0.250611 0.968085 0.000000 0.000000 0.000000 0.000000 1.000000
0.999898 0.014253 -0.000695 0.000000 -0.013780 0.951755 -0.306550 5.002000 -0.003707 0.306528 0.951854 0.000000 0.000000 0.000000 0.000000 1.000000
0.999697 0.024450 -0.002918 0.000000 -0.023466 0.910081 -0.413766 5.002000 -0.007461 0.413709 0.910378 0.000000 0.000000 0.000000 0.000000 1.000000
0.999398 0.034143 -0.006226 -0.000000 -0.032490 0.857352 -0.513705 5.002000 -0.012202 0.513597 0.857945 -0.000000 0.000000 0.000000 0.000000 1.000000
0.999247 0.037987 -0.007888 0.000000 -0.036013 0.832523 -0.552818 5.002000 -0.014433 0.552686 0.833265 0.000000 0.000000 0.000000 0.000000 1.000000
0.999201 0.039072 -0.008397 -0.000000 -0.037000 0.825030 -0.563876 5.002000 -0.015103 0.563736 0.825817 0.000000 0.000000 0.000000 0.000000 1.000000
0.999212 0.038808 -0.008269 0.000000 -0.036756 0.826776 -0.561329 5.002000 -0.014947 0.561191 0.827551 -0.000000 0.000000 0.000000 0.000000 1.000000
0.999281 0.037166 -0.007513 -0.000000 -0.035256 0.837776 -0.544874 5.002000 -0.013957 0.544747 0.838484 0.000000 0.000000 0.000000 0.000000 1.000000
0.999388 0.034409 -0.006331 0.000000 -0.032725 0.855361 -0.516998 5.002000 -0.012374 0.516889 0.855963 0.000000 0.000000 0.000000 0.000000 1.000000
0.999513 0.030822 -0.004949 -0.000000 -0.029409 0.876543 -0.480425 5.002000 -0.010470 0.480336 0.877022 0.000000 0.000000 0.000000 0.000000 1.000000
0.999622 0.027240 -0.003688 0.000000 -0.026050 0.895945 -0.443400 5.002000 -0.008774 0.443329 0.896316 0.000000 0.000000 0.000000 0.000000 1.000000
0.999689 0.024760 -0.002913 0.000000 -0.023714 0.908329 -0.417584 5.002000 -0.007693 0.417523 0.908634 0.000000 0.000000 0.000000 0.000000 1.000000
0.999706 0.024080 -0.002728 0.000000 -0.023078 0.911605 -0.410420 5.002000 -0.007397 0.410362 0.911893 -0.000000 0.000000 0.000000 0.000000 1.000000
0.999672 0.025428 -0.003194 -0.000000 -0.024380 0.905176 -0.424338 5.002000 -0.007899 0.424276 0.905498 0.000000 0.000000 0.000000 0.000000 1.000000
0.999604 0.027828 -0.004059 0.000000 -0.026686 0.893089 -0.449087 5.002000 -0.008872 0.449018 0.893479 0.000000 0.000000 0.000000 0.000000 1.000000
0.999525 0.030406 -0.005019 0.000000 -0.029134 0.879234 -0.475498 5.002000 -0.010045 0.475418 0.879702 0.000000 0.000000 0.000000 0.000000 1.000000
0.999463 0.032277 -0.005726 0.000000 -0.030884 0.868614 -0.494526 5.002000 -0.010988 0.494437 0.869144 0.000000 0.000000 0.000000 0.000000 1.000000
0.999425 0.033330 -0.006176 -0.000000 -0.031880 0.862288 -0.505413 5.002000 -0.011520 0.505320 0.862855 0.000000 0.000000 0.000000 0.000000 1.000000
0.999411 0.033725 -0.006367 -0.000000 -0.032261 0.859820 -0.509577 5.002000 -0.011711 0.509482 0.860402 0.000000 0.000000 0.000000 0.000000 1.000000</float_array>
        <technique_common>
          <accessor source="#mixamorig_RightHandMiddle2-Matrix-animation-output-transform-array" count="22" stride="16">
            <param type="float4x4"/>
          </accessor>
        </technique_common>
      </source>
      <source id="mixamorig_RightHandMiddle2-Interpolations">
        <Name_array id="mixamorig_RightHandMiddle2-Interpolations-array" count="22">
 LINEAR LINEAR LINEAR LINEAR LINEAR LINEAR LINEAR LINEAR LINEAR LINEAR LINEAR
LINEAR LINEAR LINEAR LINEAR LINEAR LINEAR LINEAR LINEAR LINEAR LINEAR LINEAR</Name_array>
        <technique_common>
          <accessor source="#mixamorig_RightHandMiddle2-Interpolations-array" count="22">
            <param type="name"/>
          </accessor>
        </technique_common>
      </source>
      <sampler id="mixamorig_RightHandMiddle2-Matrix-animation-transform">
        <input semantic="INPUT" source="#mixamorig_RightHandMiddle2-Matrix-animation-input"/>
        <input semantic="OUTPUT" source="#mixamorig_RightHandMiddle2-Matrix-animation-output-transform"/>
        <input semantic="INTERPOLATION" source="#mixamorig_RightHandMiddle2-Interpolations"/>
      </sampler>
      <channel source="#mixamorig_RightHandMiddle2-Matrix-animation-transform" target="mixamorig_RightHandMiddle2/matrix"/>
    </animation>
    <animation id="mixamorig_RightHandMiddle3-anim" name="mixamorig_RightHandMiddle3">
      <source id="mixamorig_RightHandMiddle3-Matrix-animation-input">
        <float_array id="mixamorig_RightHandMiddle3-Matrix-animation-input-array" count="22">

0.000000 0.033333 0.066667 0.100000 0.133333 0.166667 0.200000 0.233333 0.266667 0.300000 0.333333 0.366667 0.400000 0.433333 0.466667 0.500000
0.533333 0.566667 0.600000 0.633333 0.666667 0.700000</float_array>
        <technique_common>
          <accessor source="#mixamorig_RightHandMiddle3-Matrix-animation-input-array" count="22">
            <param name="TIME" type="float"/>
          </accessor>
        </technique_common>
      </source>
      <source id="mixamorig_RightHandMiddle3-Matrix-animation-output-transform">
        <float_array id="mixamorig_RightHandMiddle3-Matrix-animation-output-transform-array" count="352">

1.000000 0.000000 0.000000 0.000000 -0.000000 1.000000 -0.000000 3.279000 0.000000 0.000000 1.000000 0.000000 0.000000 0.000000 0.000000 1.000000
1.000000 -0.000000 0.000000 0.000000 0.000000 1.000000 0.000000 3.279000 -0.000000 -0.000000 1.000000 0.000000 0.000000 0.000000 0.000000 1.000000
1.000000 -0.000000 0.000000 -0.000000 0.000000 1.000000 0.000000 3.279000 -0.000000 -0.000000 1.000000 0.000000 0.000000 0.000000 0.000000 1.000000
1.000000 -0.000000 -0.000000 0.000000 0.000000 1.000000 -0.000000 3.279000 0.000000 0.000000 1.000000 -0.000000 0.000000 0.000000 0.000000 1.000000
1.000000 0.000000 0.000000 0.000000 -0.000000 1.000000 -0.000000 3.279000 0.000000 0.000000 1.000000 0.000000 0.000000 0.000000 0.000000 1.000000
1.000000 -0.000000 0.000000 -0.000000 0.000000 1.000000 0.000000 3.279000 -0.000000 -0.000000 1.000000 -0.000000 0.000000 0.000000 0.000000 1.000000
1.000000 0.000000 -0.000000 -0.000000 -0.000000 1.000000 -0.000000 3.279000 0.000000 0.000000 1.000000 0.000000 0.000000 0.000000 0.000000 1.000000
1.000000 0.000000 0.000000 -0.000000 -0.000000 1.000000 -0.000000 3.279000 -0.000000 0.000000 1.000000 0.000000 0.000000 0.000000 0.000000 1.000000
1.000000 0.000000 0.000000 0.000000 -0.000000 1.000000 -0.000000 3.279000 0.000000 0.000000 1.000000 0.000000 0.000000 0.000000 0.000000 1.000000
1.000000 0.000000 -0.000000 0.000000 -0.000000 1.000000 -0.000000 3.279000 0.000000 0.000000 1.000000 0.000000 0.000000 0.000000 0.000000 1.000000
1.000000 0.000000 0.000000 0.000000 -0.000000 1.000000 -0.000000 3.279000 0.000000 0.000000 1.000000 0.000000 0.000000 0.000000 0.000000 1.000000
1.000000 0.000000 -0.000000 -0.000000 -0.000000 1.000000 -0.000000 3.279000 0.000000 0.000000 1.000000 0.000000 0.000000 0.000000 0.000000 1.000000
1.000000 0.000000 -0.000000 -0.000000 -0.000000 1.000000 0.000000 3.279000 0.000000 -0.000000 1.000000 -0.000000 0.000000 0.000000 0.000000 1.000000
1.000000 0.000000 0.000000 0.000000 -0.000000 1.000000 -0.000000 3.279000 -0.000000 0.000000 1.000000 0.000000 0.000000 0.000000 0.000000 1.000000
1.000000 0.000000 0.000000 -0.000000 -0.000000 1.000000 0.000000 3.279000 -0.000000 -0.000000 1.000000 0.000000 0.000000 0.000000 0.000000 1.000000
1.000000 0.000000 0.000000 0.000000 -0.000000 1.000000 -0.000000 3.279000 0.000000 0.000000 1.000000 0.000000 0.000000 0.000000 0.000000 1.000000
1.000000 0.000000 0.000000 0.000000 -0.000000 1.000000 0.000000 3.279000 -0.000000 -0.000000 1.000000 0.000000 0.000000 0.000000 0.000000 1.000000
1.000000 0.000000 -0.000000 -0.000000 -0.000000 1.000000 0.000000 3.279000 0.000000 -0.000000 1.000000 0.000000 0.000000 0.000000 0.000000 1.000000
1.000000 0.000000 0.000000 -0.000000 -0.000000 1.000000 -0.000000 3.279000 -0.000000 0.000000 1.000000 -0.000000 0.000000 0.000000 0.000000 1.000000
1.000000 0.000000 0.000000 0.000000 -0.000000 1.000000 -0.000000 3.279000 0.000000 0.000000 1.000000 -0.000000 0.000000 0.000000 0.000000 1.000000
1.000000 0.000000 0.000000 0.000000 -0.000000 1.000000 -0.000000 3.279000 -0.000000 0.000000 1.000000 0.000000 0.000000 0.000000 0.000000 1.000000
1.000000 0.000000 -0.000000 0.000000 -0.000000 1.000000 -0.000000 3.279000 -0.000000 0.000000 1.000000 -0.000000 0.000000 0.000000 0.000000 1.000000</float_array>
        <technique_common>
          <accessor source="#mixamorig_RightHandMiddle3-Matrix-animation-output-transform-array" count="22" stride="16">
            <param type="float4x4"/>
          </accessor>
        </technique_common>
      </source>
      <source id="mixamorig_RightHandMiddle3-Interpolations">
        <Name_array id="mixamorig_RightHandMiddle3-Interpolations-array" count="22">
 LINEAR LINEAR LINEAR LINEAR LINEAR LINEAR LINEAR LINEAR LINEAR LINEAR LINEAR
LINEAR LINEAR LINEAR LINEAR LINEAR LINEAR LINEAR LINEAR LINEAR LINEAR LINEAR</Name_array>
        <technique_common>
          <accessor source="#mixamorig_RightHandMiddle3-Interpolations-array" count="22">
            <param type="name"/>
          </accessor>
        </technique_common>
      </source>
      <sampler id="mixamorig_RightHandMiddle3-Matrix-animation-transform">
        <input semantic="INPUT" source="#mixamorig_RightHandMiddle3-Matrix-animation-input"/>
        <input semantic="OUTPUT" source="#mixamorig_RightHandMiddle3-Matrix-animation-output-transform"/>
        <input semantic="INTERPOLATION" source="#mixamorig_RightHandMiddle3-Interpolations"/>
      </sampler>
      <channel source="#mixamorig_RightHandMiddle3-Matrix-animation-transform" target="mixamorig_RightHandMiddle3/matrix"/>
    </animation>
    <animation id="mixamorig_RightHandRing1-anim" name="mixamorig_RightHandRing1">
      <source id="mixamorig_RightHandRing1-Matrix-animation-input">
        <float_array id="mixamorig_RightHandRing1-Matrix-animation-input-array" count="22">

0.000000 0.033333 0.066667 0.100000 0.133333 0.166667 0.200000 0.233333 0.266667 0.300000 0.333333 0.366667 0.400000 0.433333 0.466667 0.500000
0.533333 0.566667 0.600000 0.633333 0.666667 0.700000</float_array>
        <technique_common>
          <accessor source="#mixamorig_RightHandRing1-Matrix-animation-input-array" count="22">
            <param name="TIME" type="float"/>
          </accessor>
        </technique_common>
      </source>
      <source id="mixamorig_RightHandRing1-Matrix-animation-output-transform">
        <float_array id="mixamorig_RightHandRing1-Matrix-animation-output-transform-array" count="352">

0.985850 -0.167619 0.002072 -3.988400 0.157378 0.921223 -0.355782 15.764000 0.057727 0.351074 0.934567 0.151600 0.000000 0.000000 0.000000 1.000000
0.985061 -0.172200 0.001323 -3.988400 0.161130 0.918976 -0.359889 15.764000 0.060757 0.354726 0.932994 0.151600 0.000000 0.000000 0.000000 1.000000
0.984498 -0.175396 0.000777 -3.988400 0.163667 0.917048 -0.363643 15.764000 0.063069 0.358133 0.931538 0.151600 0.000000 0.000000 0.000000 1.000000
0.984267 -0.176687 0.000553 -3.988400 0.164662 0.916134 -0.365492 15.764000 0.064071 0.359832 0.930814 0.151600 0.000000 0.000000 0.000000 1.000000
0.984921 -0.172725 0.009848 -3.988400 0.160974 0.894080 -0.417981 15.764000 0.063391 0.413263 0.908402 0.151600 0.000000 0.000000 0.000000 1.000000
0.986178 -0.163414 0.027378 -3.988400 0.153764 0.841047 -0.518649 15.764000 0.061729 0.515690 0.854549 0.151600 0.000000 0.000000 0.000000 1.000000
0.987393 -0.152273 0.043224 -3.988400 0.146709 0.777853 -0.611082 15.764000 0.059429 0.609719 0.790387 0.151600 0.000000 0.000000 0.000000 1.000000
0.988112 -0.145411 0.049893 -3.988400 0.142924 0.749372 -0.646541 15.764000 0.056626 0.645986 0.761246 0.151600 0.000000 0.000000 0.000000 1.000000
0.988667 -0.140570 0.052706 -3.988400 0.140418 0.741671 -0.655902 15.764000 0.053110 0.655869 0.753004 0.151600 0.000000 0.000000 0.000000 1.000000
0.989183 -0.136467 0.053803 -3.988400 0.138272 0.744972 -0.652608 15.764000 0.048977 0.652988 0.755783 0.151600 0.000000 0.000000 0.000000 1.000000
0.989676 -0.133067 0.053232 -3.988400 0.136272 0.758659 -0.637077 15.764000 0.044389 0.637754 0.768960 0.151600 0.000000 0.000000 0.000000 1.000000
0.990165 -0.130143 0.051345 -3.988400 0.134171 0.779326 -0.612086 15.764000 0.039644 0.612955 0.789123 0.151600 0.000000 0.000000 0.000000 1.000000
0.990647 -0.127623 0.048273 -3.988400 0.131860 0.804459 -0.579187 15.764000 0.035084 0.580136 0.813764 0.151600 0.000000 0.000000 0.000000 1.000000
0.991089 -0.125720 0.044004 -3.988400 0.129432 0.830977 -0.541040 15.764000 0.031453 0.541915 0.839845 0.151600 0.000000 0.000000 0.000000 1.000000
0.991448 -0.124604 0.038796 -3.988400 0.127148 0.855293 -0.502301 15.764000 0.029407 0.502939 0.863822 0.151600 0.000000 0.000000 0.000000 1.000000
0.991694 -0.124383 0.032752 -3.988400 0.125236 0.875701 -0.466331 15.764000 0.029323 0.466559 0.884004 0.151600 0.000000 0.000000 0.000000 1.000000
0.991814 -0.125000 0.026063 -3.988400 0.123798 0.891352 -0.436080 15.764000 0.031278 0.435737 0.899531 0.151600 0.000000 0.000000 0.000000 1.000000
0.991853 -0.125916 0.019306 -3.988400 0.122669 0.903217 -0.411279 15.764000 0.034350 0.410297 0.911305 0.151600 0.000000 0.000000 0.000000 1.000000
0.991845 -0.126774 0.013104 -3.988400 0.121746 0.912025 -0.391649 15.764000 0.037700 0.390050 0.920022 0.151600 0.000000 0.000000 0.000000 1.000000
0.991827 -0.127310 0.008460 -3.988400 0.121044 0.917897 -0.377907 15.764000 0.040346 0.375842 0.925805 0.151600 0.000000 0.000000 0.000000 1.000000
0.991806 -0.127616 0.005931 -3.988400 0.120690 0.920732 -0.371062 15.764000 0.041892 0.368738 0.928589 0.151600 0.000000 0.000000 0.000000 1.000000
0.991770 -0.127921 0.005266 -3.988400 0.120851 0.921800 -0.368346 15.764000 0.042265 0.365951 0.929674 0.151600 0.000000 0.000000 0.000000 1.000000</float_array>
        <technique_common>
          <accessor source="#mixamorig_RightHandRing1-Matrix-animation-output-transform-array" count="22" stride="16">
            <param type="float4x4"/>
          </accessor>
        </technique_common>
      </source>
      <source id="mixamorig_RightHandRing1-Interpolations">
        <Name_array id="mixamorig_RightHandRing1-Interpolations-array" count="22">
 LINEAR LINEAR LINEAR LINEAR LINEAR LINEAR LINEAR LINEAR LINEAR LINEAR LINEAR
LINEAR LINEAR LINEAR LINEAR LINEAR LINEAR LINEAR LINEAR LINEAR LINEAR LINEAR</Name_array>
        <technique_common>
          <accessor source="#mixamorig_RightHandRing1-Interpolations-array" count="22">
            <param type="name"/>
          </accessor>
        </technique_common>
      </source>
      <sampler id="mixamorig_RightHandRing1-Matrix-animation-transform">
        <input semantic="INPUT" source="#mixamorig_RightHandRing1-Matrix-animation-input"/>
        <input semantic="OUTPUT" source="#mixamorig_RightHandRing1-Matrix-animation-output-transform"/>
        <input semantic="INTERPOLATION" source="#mixamorig_RightHandRing1-Interpolations"/>
      </sampler>
      <channel source="#mixamorig_RightHandRing1-Matrix-animation-transform" target="mixamorig_RightHandRing1/matrix"/>
    </animation>
    <animation id="mixamorig_RightHandRing2-anim" name="mixamorig_RightHandRing2">
      <source id="mixamorig_RightHandRing2-Matrix-animation-input">
        <float_array id="mixamorig_RightHandRing2-Matrix-animation-input-array" count="22">

0.000000 0.033333 0.066667 0.100000 0.133333 0.166667 0.200000 0.233333 0.266667 0.300000 0.333333 0.366667 0.400000 0.433333 0.466667 0.500000
0.533333 0.566667 0.600000 0.633333 0.666667 0.700000</float_array>
        <technique_common>
          <accessor source="#mixamorig_RightHandRing2-Matrix-animation-input-array" count="22">
            <param name="TIME" type="float"/>
          </accessor>
        </technique_common>
      </source>
      <source id="mixamorig_RightHandRing2-Matrix-animation-output-transform">
        <float_array id="mixamorig_RightHandRing2-Matrix-animation-output-transform-array" count="352">

0.999237 0.038379 -0.007281 0.000000 -0.038832 0.955636 -0.291980 3.498000 -0.004247 0.292040 0.956397 0.000000 0.000000 0.000000 0.000000 1.000000
0.999251 0.038049 -0.007057 -0.000000 -0.038470 0.956988 -0.287565 3.498000 -0.004188 0.287621 0.957735 -0.000000 0.000000 0.000000 0.000000 1.000000
0.999241 0.038291 -0.007114 0.000000 -0.038708 0.956233 -0.290035 3.498000 -0.004303 0.290091 0.956989 0.000000 0.000000 0.000000 0.000000 1.000000
0.999229 0.038589 -0.007240 0.000000 -0.039015 0.955259 -0.293187 3.498000 -0.004398 0.293244 0.956028 0.000000 0.000000 0.000000 0.000000 1.000000
0.999020 0.043202 -0.009630 -0.000000 -0.043849 0.936302 -0.348448 3.498000 -0.006037 0.348529 0.937279 -0.000000 0.000000 0.000000 0.000000 1.000000
0.998543 0.051814 -0.015095 0.000000 -0.053020 0.889645 -0.453564 3.498000 -0.010071 0.453704 0.891096 -0.000000 0.000000 0.000000 0.000000 1.000000
0.997994 0.059590 -0.021391 0.000000 -0.061506 0.832341 -0.550840 3.498000 -0.015020 0.551051 0.834337 0.000000 0.000000 0.000000 0.000000 1.000000
0.997747 0.062562 -0.024220 -0.000000 -0.064813 0.805729 -0.588728 3.498000 -0.017318 0.588971 0.807968 0.000000 0.000000 0.000000 0.000000 1.000000
0.997673 0.063397 -0.025070 -0.000000 -0.065752 0.797664 -0.599507 3.498000 -0.018010 0.599760 0.799977 -0.000000 0.000000 0.000000 0.000000 1.000000
0.997690 0.063204 -0.024896 0.000000 -0.065546 0.799415 -0.597193 3.498000 -0.017843 0.597445 0.801711 -0.000000 0.000000 0.000000 0.000000 1.000000
0.997800 0.061937 -0.023664 -0.000000 -0.064138 0.811179 -0.581270 3.498000 -0.016806 0.581508 0.813367 0.000000 0.000000 0.000000 0.000000 1.000000
0.997979 0.059749 -0.021641 0.000000 -0.061720 0.830285 -0.553912 3.498000 -0.015127 0.554128 0.832294 0.000000 0.000000 0.000000 0.000000 1.000000
0.998199 0.056846 -0.019160 0.000000 -0.058542 0.853412 -0.517939 3.498000 -0.013091 0.518128 0.855203 0.000000 0.000000 0.000000 0.000000 1.000000
0.998399 0.053965 -0.016932 0.000000 -0.055428 0.873988 -0.482776 3.498000 -0.011254 0.482942 0.875580 -0.000000 0.000000 0.000000 0.000000 1.000000
0.998514 0.052177 -0.015721 0.000000 -0.053537 0.885456 -0.461629 3.498000 -0.010166 0.461785 0.886934 0.000000 0.000000 0.000000 0.000000 1.000000
0.998512 0.052174 -0.015883 0.000000 -0.053596 0.884840 -0.462802 3.498000 -0.010093 0.462965 0.886319 0.000000 0.000000 0.000000 0.000000 1.000000
0.998380 0.054114 -0.017569 -0.000000 -0.055797 0.870902 -0.488280 3.498000 -0.011122 0.488469 0.872510 -0.000000 0.000000 0.000000 0.000000 1.000000
0.998175 0.056941 -0.020120 -0.000000 -0.059015 0.848977 -0.525124 3.498000 -0.012820 0.525353 0.850788 0.000000 0.000000 0.000000 0.000000 1.000000
0.997951 0.059746 -0.022874 0.000000 -0.062260 0.824762 -0.562043 3.498000 -0.014715 0.562316 0.826792 0.000000 0.000000 0.000000 0.000000 1.000000
0.997777 0.061802 -0.024932 0.000000 -0.064630 0.806164 -0.588152 3.498000 -0.016250 0.588456 0.808366 0.000000 0.000000 0.000000 0.000000 1.000000
0.997676 0.062943 -0.026086 -0.000000 -0.065929 0.795226 -0.602718 3.498000 -0.017192 0.603038 0.797527 0.000000 0.000000 0.000000 0.000000 1.000000
0.997644 0.063301 -0.026458 -0.000000 -0.066339 0.791690 -0.607311 3.498000 -0.017497 0.607635 0.794024 0.000000 0.000000 0.000000 0.000000 1.000000</float_array>
        <technique_common>
          <accessor source="#mixamorig_RightHandRing2-Matrix-animation-output-transform-array" count="22" stride="16">
            <param type="float4x4"/>
          </accessor>
        </technique_common>
      </source>
      <source id="mixamorig_RightHandRing2-Interpolations">
        <Name_array id="mixamorig_RightHandRing2-Interpolations-array" count="22">
 LINEAR LINEAR LINEAR LINEAR LINEAR LINEAR LINEAR LINEAR LINEAR LINEAR LINEAR
LINEAR LINEAR LINEAR LINEAR LINEAR LINEAR LINEAR LINEAR LINEAR LINEAR LINEAR</Name_array>
        <technique_common>
          <accessor source="#mixamorig_RightHandRing2-Interpolations-array" count="22">
            <param type="name"/>
          </accessor>
        </technique_common>
      </source>
      <sampler id="mixamorig_RightHandRing2-Matrix-animation-transform">
        <input semantic="INPUT" source="#mixamorig_RightHandRing2-Matrix-animation-input"/>
        <input semantic="OUTPUT" source="#mixamorig_RightHandRing2-Matrix-animation-output-transform"/>
        <input semantic="INTERPOLATION" source="#mixamorig_RightHandRing2-Interpolations"/>
      </sampler>
      <channel source="#mixamorig_RightHandRing2-Matrix-animation-transform" target="mixamorig_RightHandRing2/matrix"/>
    </animation>
    <animation id="mixamorig_RightHandRing3-anim" name="mixamorig_RightHandRing3">
      <source id="mixamorig_RightHandRing3-Matrix-animation-input">
        <float_array id="mixamorig_RightHandRing3-Matrix-animation-input-array" count="22">

0.000000 0.033333 0.066667 0.100000 0.133333 0.166667 0.200000 0.233333 0.266667 0.300000 0.333333 0.366667 0.400000 0.433333 0.466667 0.500000
0.533333 0.566667 0.600000 0.633333 0.666667 0.700000</float_array>
        <technique_common>
          <accessor source="#mixamorig_RightHandRing3-Matrix-animation-input-array" count="22">
            <param name="TIME" type="float"/>
          </accessor>
        </technique_common>
      </source>
      <source id="mixamorig_RightHandRing3-Matrix-animation-output-transform">
        <float_array id="mixamorig_RightHandRing3-Matrix-animation-output-transform-array" count="352">

1.000000 0.000000 -0.000000 0.000000 -0.000000 1.000000 0.000000 2.984000 0.000000 -0.000000 1.000000 0.000000 0.000000 0.000000 0.000000 1.000000
1.000000 0.000000 -0.000000 0.000000 -0.000000 1.000000 -0.000000 2.984000 0.000000 0.000000 1.000000 0.000000 0.000000 0.000000 0.000000 1.000000
1.000000 -0.000000 0.000000 0.000000 0.000000 1.000000 -0.000000 2.984000 -0.000000 0.000000 1.000000 0.000000 0.000000 0.000000 0.000000 1.000000
1.000000 0.000000 -0.000000 0.000000 -0.000000 1.000000 0.000000 2.984000 0.000000 -0.000000 1.000000 0.000000 0.000000 0.000000 0.000000 1.000000
1.000000 0.000000 0.000000 0.000000 -0.000000 1.000000 0.000000 2.984000 -0.000000 -0.000000 1.000000 -0.000000 0.000000 0.000000 0.000000 1.000000
1.000000 0.000000 0.000000 -0.000000 -0.000000 1.000000 -0.000000 2.984000 -0.000000 0.000000 1.000000 0.000000 0.000000 0.000000 0.000000 1.000000
1.000000 -0.000000 0.000000 0.000000 0.000000 1.000000 0.000000 2.984000 -0.000000 -0.000000 1.000000 0.000000 0.000000 0.000000 0.000000 1.000000
1.000000 -0.000000 -0.000000 -0.000000 0.000000 1.000000 0.000000 2.984000 0.000000 -0.000000 1.000000 -0.000000 0.000000 0.000000 0.000000 1.000000
1.000000 -0.000000 -0.000000 0.000000 0.000000 1.000000 0.000000 2.984000 0.000000 -0.000000 1.000000 0.000000 0.000000 0.000000 0.000000 1.000000
1.000000 0.000000 -0.000000 0.000000 -0.000000 1.000000 0.000000 2.984000 0.000000 -0.000000 1.000000 0.000000 0.000000 0.000000 0.000000 1.000000
1.000000 -0.000000 -0.000000 0.000000 0.000000 1.000000 0.000000 2.984000 0.000000 -0.000000 1.000000 -0.000000 0.000000 0.000000 0.000000 1.000000
1.000000 0.000000 -0.000000 0.000000 -0.000000 1.000000 -0.000000 2.984000 0.000000 0.000000 1.000000 0.000000 0.000000 0.000000 0.000000 1.000000
1.000000 0.000000 -0.000000 -0.000000 -0.000000 1.000000 -0.000000 2.984000 0.000000 0.000000 1.000000 -0.000000 0.000000 0.000000 0.000000 1.000000
1.000000 -0.000000 -0.000000 0.000000 0.000000 1.000000 -0.000000 2.984000 0.000000 0.000000 1.000000 0.000000 0.000000 0.000000 0.000000 1.000000
1.000000 0.000000 -0.000000 0.000000 -0.000000 1.000000 -0.000000 2.984000 0.000000 0.000000 1.000000 0.000000 0.000000 0.000000 0.000000 1.000000
1.000000 0.000000 -0.000000 0.000000 -0.000000 1.000000 0.000000 2.984000 0.000000 -0.000000 1.000000 0.000000 0.000000 0.000000 0.000000 1.000000
1.000000 0.000000 0.000000 0.000000 -0.000000 1.000000 -0.000000 2.984000 -0.000000 0.000000 1.000000 -0.000000 0.000000 0.000000 0.000000 1.000000
1.000000 0.000000 -0.000000 0.000000 -0.000000 1.000000 0.000000 2.984000 0.000000 -0.000000 1.000000 0.000000 0.000000 0.000000 0.000000 1.000000
1.000000 0.000000 -0.000000 -0.000000 -0.000000 1.000000 0.000000 2.984000 0.000000 -0.000000 1.000000 -0.000000 0.000000 0.000000 0.000000 1.000000
1.000000 -0.000000 -0.000000 -0.000000 0.000000 1.000000 -0.000000 2.984000 0.000000 0.000000 1.000000 -0.000000 0.000000 0.000000 0.000000 1.000000
1.000000 0.000000 -0.000000 -0.000000 -0.000000 1.000000 0.000000 2.984000 0.000000 -0.000000 1.000000 0.000000 0.000000 0.000000 0.000000 1.000000
1.000000 -0.000000 -0.000000 0.000000 0.000000 1.000000 -0.000000 2.984000 0.000000 0.000000 1.000000 0.000000 0.000000 0.000000 0.000000 1.000000</float_array>
        <technique_common>
          <accessor source="#mixamorig_RightHandRing3-Matrix-animation-output-transform-array" count="22" stride="16">
            <param type="float4x4"/>
          </accessor>
        </technique_common>
      </source>
      <source id="mixamorig_RightHandRing3-Interpolations">
        <Name_array id="mixamorig_RightHandRing3-Interpolations-array" count="22">
 LINEAR LINEAR LINEAR LINEAR LINEAR LINEAR LINEAR LINEAR LINEAR LINEAR LINEAR
LINEAR LINEAR LINEAR LINEAR LINEAR LINEAR LINEAR LINEAR LINEAR LINEAR LINEAR</Name_array>
        <technique_common>
          <accessor source="#mixamorig_RightHandRing3-Interpolations-array" count="22">
            <param type="name"/>
          </accessor>
        </technique_common>
      </source>
      <sampler id="mixamorig_RightHandRing3-Matrix-animation-transform">
        <input semantic="INPUT" source="#mixamorig_RightHandRing3-Matrix-animation-input"/>
        <input semantic="OUTPUT" source="#mixamorig_RightHandRing3-Matrix-animation-output-transform"/>
        <input semantic="INTERPOLATION" source="#mixamorig_RightHandRing3-Interpolations"/>
      </sampler>
      <channel source="#mixamorig_RightHandRing3-Matrix-animation-transform" target="mixamorig_RightHandRing3/matrix"/>
    </animation>
    <animation id="mixamorig_RightHandPinky1-anim" name="mixamorig_RightHandPinky1">
      <source id="mixamorig_RightHandPinky1-Matrix-animation-input">
        <float_array id="mixamorig_RightHandPinky1-Matrix-animation-input-array" count="22">

0.000000 0.033333 0.066667 0.100000 0.133333 0.166667 0.200000 0.233333 0.266667 0.300000 0.333333 0.366667 0.400000 0.433333 0.466667 0.500000
0.533333 0.566667 0.600000 0.633333 0.666667 0.700000</float_array>
        <technique_common>
          <accessor source="#mixamorig_RightHandPinky1-Matrix-animation-input-array" count="22">
            <param name="TIME" type="float"/>
          </accessor>
        </technique_common>
      </source>
      <source id="mixamorig_RightHandPinky1-Matrix-animation-output-transform">
        <float_array id="mixamorig_RightHandPinky1-Matrix-animation-output-transform-array" count="352">

0.945143 -0.325853 -0.022901 -6.663900 0.305601 0.906808 -0.290358 12.707500 0.115381 0.267431 0.956644 0.878800 0.000000 0.000000 0.000000 1.000000
0.941220 -0.336890 -0.024711 -6.663900 0.315367 0.902584 -0.293064 12.707500 0.121034 0.268045 0.955773 0.878800 0.000000 0.000000 0.000000 1.000000
0.938717 -0.343737 -0.025601 -6.663900 0.321108 0.899081 -0.297563 12.707500 0.125300 0.271107 0.954359 0.878800 0.000000 0.000000 0.000000 1.000000
0.937798 -0.346221 -0.025807 -6.663900 0.323054 0.897438 -0.300401 12.707500 0.127166 0.273378 0.953464 0.878800 0.000000 0.000000 0.000000 1.000000
0.938714 -0.344621 -0.007266 -6.663900 0.320069 0.879274 -0.352751 12.707500 0.127954 0.328807 0.935689 0.878800 0.000000 0.000000 0.000000 1.000000
0.940408 -0.338838 0.028660 -6.663900 0.314360 0.834139 -0.453200 12.707500 0.129655 0.435202 0.890948 0.878800 0.000000 0.000000 0.000000 1.000000
0.942219 -0.329099 0.062584 -6.663900 0.308328 0.778895 -0.546129 12.707500 0.130984 0.533870 0.835360 0.878800 0.000000 0.000000 0.000000 1.000000
0.944080 -0.320572 0.077111 -6.663900 0.303746 0.754626 -0.581617 12.707500 0.128260 0.572515 0.809800 0.878800 0.000000 0.000000 0.000000 1.000000
0.946310 -0.312442 0.082937 -6.663900 0.299220 0.749517 -0.590501 12.707500 0.122335 0.583613 0.802764 0.878800 0.000000 0.000000 0.000000 1.000000
0.948904 -0.303970 0.084755 -6.663900 0.294148 0.754747 -0.586374 12.707500 0.114272 0.581343 0.805594 0.878800 0.000000 0.000000 0.000000 1.000000
0.951787 -0.295404 0.082692 -6.663900 0.288408 0.769885 -0.569295 12.707500 0.104509 0.565697 0.817964 0.878800 0.000000 0.000000 0.000000 1.000000
0.954805 -0.286910 0.077651 -6.663900 0.281980 0.791739 -0.541883 12.707500 0.093992 0.539288 0.836859 0.878800 0.000000 0.000000 0.000000 1.000000
0.957940 -0.278280 0.070079 -6.663900 0.274524 0.817521 -0.506257 12.707500 0.083590 0.504202 0.859531 0.878800 0.000000 0.000000 0.000000 1.000000
0.961347 -0.268621 0.060449 -6.663900 0.265014 0.843168 -0.467799 12.707500 0.074692 0.465737 0.881765 0.878800 0.000000 0.000000 0.000000 1.000000
0.965139 -0.256890 0.050149 -6.663900 0.252679 0.864494 -0.434515 12.707500 0.068269 0.432039 0.899267 0.878800 0.000000 0.000000 0.000000 1.000000
0.969290 -0.242614 0.040196 -6.663900 0.237304 0.879857 -0.411751 12.707500 0.064530 0.408645 0.910409 0.878800 0.000000 0.000000 0.000000 1.000000
0.973582 -0.226145 0.031566 -6.663900 0.219499 0.888820 -0.402267 12.707500 0.062914 0.398568 0.914978 0.878800 0.000000 0.000000 0.000000 1.000000
0.977528 -0.209376 0.024502 -6.663900 0.201460 0.893635 -0.401037 12.707500 0.062072 0.396962 0.915734 0.878800 0.000000 0.000000 0.000000 1.000000
0.980767 -0.194252 0.019016 -6.663900 0.185290 0.896017 -0.403511 12.707500 0.061344 0.399274 0.914777 0.878800 0.000000 0.000000 0.000000 1.000000
0.982922 -0.183387 0.015295 -6.663900 0.173741 0.897395 -0.405581 12.707500 0.060652 0.401311 0.913931 0.878800 0.000000 0.000000 0.000000 1.000000
0.984028 -0.177506 0.013409 -6.663900 0.167503 0.897808 -0.407287 12.707500 0.060257 0.403028 0.913202 0.878800 0.000000 0.000000 0.000000 1.000000
0.984042 -0.177469 0.012881 -6.663900 0.167209 0.897540 -0.408000 12.707500 0.060846 0.403642 0.912891 0.878800 0.000000 0.000000 0.000000 1.000000</float_array>
        <technique_common>
          <accessor source="#mixamorig_RightHandPinky1-Matrix-animation-output-transform-array" count="22" stride="16">
            <param type="float4x4"/>
          </accessor>
        </technique_common>
      </source>
      <source id="mixamorig_RightHandPinky1-Interpolations">
        <Name_array id="mixamorig_RightHandPinky1-Interpolations-array" count="22">
 LINEAR LINEAR LINEAR LINEAR LINEAR LINEAR LINEAR LINEAR LINEAR LINEAR LINEAR
LINEAR LINEAR LINEAR LINEAR LINEAR LINEAR LINEAR LINEAR LINEAR LINEAR LINEAR</Name_array>
        <technique_common>
          <accessor source="#mixamorig_RightHandPinky1-Interpolations-array" count="22">
            <param type="name"/>
          </accessor>
        </technique_common>
      </source>
      <sampler id="mixamorig_RightHandPinky1-Matrix-animation-transform">
        <input semantic="INPUT" source="#mixamorig_RightHandPinky1-Matrix-animation-input"/>
        <input semantic="OUTPUT" source="#mixamorig_RightHandPinky1-Matrix-animation-output-transform"/>
        <input semantic="INTERPOLATION" source="#mixamorig_RightHandPinky1-Interpolations"/>
      </sampler>
      <channel source="#mixamorig_RightHandPinky1-Matrix-animation-transform" target="mixamorig_RightHandPinky1/matrix"/>
    </animation>
    <animation id="mixamorig_RightHandPinky2-anim" name="mixamorig_RightHandPinky2">
      <source id="mixamorig_RightHandPinky2-Matrix-animation-input">
        <float_array id="mixamorig_RightHandPinky2-Matrix-animation-input-array" count="22">

0.000000 0.033333 0.066667 0.100000 0.133333 0.166667 0.200000 0.233333 0.266667 0.300000 0.333333 0.366667 0.400000 0.433333 0.466667 0.500000
0.533333 0.566667 0.600000 0.633333 0.666667 0.700000</float_array>
        <technique_common>
          <accessor source="#mixamorig_RightHandPinky2-Matrix-animation-input-array" count="22">
            <param name="TIME" type="float"/>
          </accessor>
        </technique_common>
      </source>
      <source id="mixamorig_RightHandPinky2-Matrix-animation-output-transform">
        <float_array id="mixamorig_RightHandPinky2-Matrix-animation-output-transform-array" count="352">

0.992536 0.115275 -0.039808 0.000000 -0.121051 0.891550 -0.436446 3.377000 -0.014821 0.438007 0.898849 0.000000 0.000000 0.000000 0.000000 1.000000
0.992556 0.115208 -0.039488 0.000000 -0.120884 0.892549 -0.434447 3.377000 -0.014807 0.435986 0.899832 0.000000 0.000000 0.000000 0.000000 1.000000
0.992531 0.115332 -0.039760 0.000000 -0.121072 0.891275 -0.437001 3.377000 -0.014963 0.438551 0.898582 0.000000 0.000000 0.000000 0.000000 1.000000
0.992503 0.115450 -0.040114 -0.000000 -0.121291 0.889986 -0.439561 3.377000 -0.015047 0.441131 0.897316 -0.000000 0.000000 0.000000 0.000000 1.000000
0.991975 0.117418 -0.046885 -0.000000 -0.125260 0.862321 -0.490624 3.377000 -0.017178 0.492560 0.870109 0.000000 0.000000 0.000000 0.000000 1.000000
0.990911 0.120109 -0.060579 0.000000 -0.132705 0.799064 -0.586418 3.377000 -0.022027 0.589127 0.807740 0.000000 0.000000 0.000000 0.000000 1.000000
0.989849 0.121189 -0.074249 0.000000 -0.139422 0.726562 -0.672807 3.377000 -0.027590 0.676329 0.736083 -0.000000 0.000000 0.000000 0.000000 1.000000
0.989412 0.121181 -0.079871 -0.000000 -0.141983 0.694102 -0.705736 3.377000 -0.030083 0.709604 0.703959 -0.000000 0.000000 0.000000 0.000000 1.000000
0.989286 0.121127 -0.081489 0.000000 -0.142697 0.684489 -0.714921 3.377000 -0.030818 0.718890 0.694441 0.000000 0.000000 0.000000 0.000000 1.000000
0.989316 0.121138 -0.081112 -0.000000 -0.142531 0.686770 -0.712763 3.377000 -0.030638 0.716709 0.696699 0.000000 0.000000 0.000000 0.000000 1.000000
0.989503 0.121189 -0.078722 0.000000 -0.141462 0.700961 -0.699029 3.377000 -0.029533 0.702828 0.710747 0.000000 0.000000 0.000000 0.000000 1.000000
0.989814 0.121158 -0.074766 0.000000 -0.139642 0.723893 -0.675632 3.377000 -0.027736 0.679190 0.733438 -0.000000 0.000000 0.000000 0.000000 1.000000
0.990212 0.120917 -0.069712 0.000000 -0.137223 0.752158 -0.644537 3.377000 -0.025501 0.647794 0.761388 0.000000 0.000000 0.000000 0.000000 1.000000
0.990611 0.120441 -0.064689 -0.000000 -0.134706 0.779105 -0.612250 3.377000 -0.023341 0.615215 0.788014 -0.000000 0.000000 0.000000 0.000000 1.000000
0.990896 0.119945 -0.061140 -0.000000 -0.132847 0.797492 -0.588522 3.377000 -0.021831 0.591286 0.806166 -0.000000 0.000000 0.000000 0.000000 1.000000
0.991002 0.119692 -0.059912 0.000000 -0.132153 0.803911 -0.579882 3.377000 -0.021244 0.582582 0.812495 0.000000 0.000000 0.000000 0.000000 1.000000
0.990906 0.119798 -0.061270 0.000000 -0.132800 0.797367 -0.588702 3.377000 -0.021671 0.591485 0.806025 0.000000 0.000000 0.000000 0.000000 1.000000
0.990703 0.120043 -0.064017 -0.000000 -0.134144 0.783555 -0.606669 3.377000 -0.022666 0.609616 0.792373 0.000000 0.000000 0.000000 0.000000 1.000000
0.990468 0.120301 -0.067089 0.000000 -0.135664 0.767679 -0.626310 3.377000 -0.023843 0.629442 0.776682 -0.000000 0.000000 0.000000 0.000000 1.000000
0.990292 0.120472 -0.069347 0.000000 -0.136784 0.755723 -0.640447 3.377000 -0.024749 0.643715 0.764865 0.000000 0.000000 0.000000 0.000000 1.000000
0.990189 0.120552 -0.070664 0.000000 -0.137429 0.748633 -0.648585 3.377000 -0.025287 0.651933 0.757855 0.000000 0.000000 0.000000 0.000000 1.000000
0.990173 0.120563 -0.070862 0.000000 -0.137526 0.747566 -0.649794 3.377000 -0.025367 0.653154 0.756800 0.000000 0.000000 0.000000 0.000000 1.000000</float_array>
        <technique_common>
          <accessor source="#mixamorig_RightHandPinky2-Matrix-animation-output-transform-array" count="22" stride="16">
            <param type="float4x4"/>
          </accessor>
        </technique_common>
      </source>
      <source id="mixamorig_RightHandPinky2-Interpolations">
        <Name_array id="mixamorig_RightHandPinky2-Interpolations-array" count="22">
 LINEAR LINEAR LINEAR LINEAR LINEAR LINEAR LINEAR LINEAR LINEAR LINEAR LINEAR
LINEAR LINEAR LINEAR LINEAR LINEAR LINEAR LINEAR LINEAR LINEAR LINEAR LINEAR</Name_array>
        <technique_common>
          <accessor source="#mixamorig_RightHandPinky2-Interpolations-array" count="22">
            <param type="name"/>
          </accessor>
        </technique_common>
      </source>
      <sampler id="mixamorig_RightHandPinky2-Matrix-animation-transform">
        <input semantic="INPUT" source="#mixamorig_RightHandPinky2-Matrix-animation-input"/>
        <input semantic="OUTPUT" source="#mixamorig_RightHandPinky2-Matrix-animation-output-transform"/>
        <input semantic="INTERPOLATION" source="#mixamorig_RightHandPinky2-Interpolations"/>
      </sampler>
      <channel source="#mixamorig_RightHandPinky2-Matrix-animation-transform" target="mixamorig_RightHandPinky2/matrix"/>
    </animation>
    <animation id="mixamorig_RightHandPinky3-anim" name="mixamorig_RightHandPinky3">
      <source id="mixamorig_RightHandPinky3-Matrix-animation-input">
        <float_array id="mixamorig_RightHandPinky3-Matrix-animation-input-array" count="22">

0.000000 0.033333 0.066667 0.100000 0.133333 0.166667 0.200000 0.233333 0.266667 0.300000 0.333333 0.366667 0.400000 0.433333 0.466667 0.500000
0.533333 0.566667 0.600000 0.633333 0.666667 0.700000</float_array>
        <technique_common>
          <accessor source="#mixamorig_RightHandPinky3-Matrix-animation-input-array" count="22">
            <param name="TIME" type="float"/>
          </accessor>
        </technique_common>
      </source>
      <source id="mixamorig_RightHandPinky3-Matrix-animation-output-transform">
        <float_array id="mixamorig_RightHandPinky3-Matrix-animation-output-transform-array" count="352">

1.000000 -0.000000 0.000000 0.000000 0.000000 1.000000 0.000000 2.998000 -0.000000 -0.000000 1.000000 0.000000 0.000000 0.000000 0.000000 1.000000
1.000000 0.000000 -0.000000 0.000000 -0.000000 1.000000 -0.000000 2.998000 0.000000 0.000000 1.000000 0.000000 0.000000 0.000000 0.000000 1.000000
1.000000 -0.000000 -0.000000 0.000000 0.000000 1.000000 0.000000 2.998000 0.000000 -0.000000 1.000000 -0.000000 0.000000 0.000000 0.000000 1.000000
1.000000 0.000000 -0.000000 -0.000000 -0.000000 1.000000 -0.000000 2.998000 0.000000 0.000000 1.000000 -0.000000 0.000000 0.000000 0.000000 1.000000
1.000000 0.000000 -0.000000 0.000000 -0.000000 1.000000 0.000000 2.998000 0.000000 -0.000000 1.000000 0.000000 0.000000 0.000000 0.000000 1.000000
1.000000 -0.000000 -0.000000 -0.000000 0.000000 1.000000 -0.000000 2.998000 0.000000 0.000000 1.000000 0.000000 0.000000 0.000000 0.000000 1.000000
1.000000 -0.000000 -0.000000 0.000000 0.000000 1.000000 0.000000 2.998000 0.000000 -0.000000 1.000000 0.000000 0.000000 0.000000 0.000000 1.000000
1.000000 -0.000000 -0.000000 0.000000 0.000000 1.000000 -0.000000 2.998000 0.000000 0.000000 1.000000 0.000000 0.000000 0.000000 0.000000 1.000000
1.000000 -0.000000 -0.000000 -0.000000 0.000000 1.000000 0.000000 2.998000 0.000000 -0.000000 1.000000 0.000000 0.000000 0.000000 0.000000 1.000000
1.000000 0.000000 -0.000000 0.000000 -0.000000 1.000000 0.000000 2.998000 0.000000 -0.000000 1.000000 0.000000 0.000000 0.000000 0.000000 1.000000
1.000000 -0.000000 0.000000 0.000000 0.000000 1.000000 -0.000000 2.998000 -0.000000 0.000000 1.000000 0.000000 0.000000 0.000000 0.000000 1.000000
1.000000 0.000000 -0.000000 -0.000000 -0.000000 1.000000 0.000000 2.998000 0.000000 -0.000000 1.000000 0.000000 0.000000 0.000000 0.000000 1.000000
1.000000 -0.000000 0.000000 -0.000000 0.000000 1.000000 -0.000000 2.998000 -0.000000 0.000000 1.000000 0.000000 0.000000 0.000000 0.000000 1.000000
1.000000 -0.000000 -0.000000 0.000000 0.000000 1.000000 0.000000 2.998000 0.000000 -0.000000 1.000000 0.000000 0.000000 0.000000 0.000000 1.000000
1.000000 0.000000 -0.000000 0.000000 -0.000000 1.000000 0.000000 2.998000 0.000000 -0.000000 1.000000 0.000000 0.000000 0.000000 0.000000 1.000000
1.000000 0.000000 -0.000000 0.000000 -0.000000 1.000000 0.000000 2.998000 0.000000 -0.000000 1.000000 -0.000000 0.000000 0.000000 0.000000 1.000000
1.000000 -0.000000 -0.000000 0.000000 0.000000 1.000000 -0.000000 2.998000 0.000000 0.000000 1.000000 0.000000 0.000000 0.000000 0.000000 1.000000
1.000000 -0.000000 0.000000 -0.000000 0.000000 1.000000 -0.000000 2.998000 -0.000000 0.000000 1.000000 0.000000 0.000000 0.000000 0.000000 1.000000
1.000000 0.000000 -0.000000 0.000000 -0.000000 1.000000 0.000000 2.998000 0.000000 -0.000000 1.000000 -0.000000 0.000000 0.000000 0.000000 1.000000
1.000000 -0.000000 -0.000000 0.000000 0.000000 1.000000 -0.000000 2.998000 0.000000 0.000000 1.000000 0.000000 0.000000 0.000000 0.000000 1.000000
1.000000 -0.000000 -0.000000 0.000000 0.000000 1.000000 -0.000000 2.998000 0.000000 0.000000 1.000000 0.000000 0.000000 0.000000 0.000000 1.000000
1.000000 0.000000 -0.000000 -0.000000 -0.000000 1.000000 0.000000 2.998000 0.000000 -0.000000 1.000000 0.000000 0.000000 0.000000 0.000000 1.000000</float_array>
        <technique_common>
          <accessor source="#mixamorig_RightHandPinky3-Matrix-animation-output-transform-array" count="22" stride="16">
            <param type="float4x4"/>
          </accessor>
        </technique_common>
      </source>
      <source id="mixamorig_RightHandPinky3-Interpolations">
        <Name_array id="mixamorig_RightHandPinky3-Interpolations-array" count="22">
 LINEAR LINEAR LINEAR LINEAR LINEAR LINEAR LINEAR LINEAR LINEAR LINEAR LINEAR
LINEAR LINEAR LINEAR LINEAR LINEAR LINEAR LINEAR LINEAR LINEAR LINEAR LINEAR</Name_array>
        <technique_common>
          <accessor source="#mixamorig_RightHandPinky3-Interpolations-array" count="22">
            <param type="name"/>
          </accessor>
        </technique_common>
      </source>
      <sampler id="mixamorig_RightHandPinky3-Matrix-animation-transform">
        <input semantic="INPUT" source="#mixamorig_RightHandPinky3-Matrix-animation-input"/>
        <input semantic="OUTPUT" source="#mixamorig_RightHandPinky3-Matrix-animation-output-transform"/>
        <input semantic="INTERPOLATION" source="#mixamorig_RightHandPinky3-Interpolations"/>
      </sampler>
      <channel source="#mixamorig_RightHandPinky3-Matrix-animation-transform" target="mixamorig_RightHandPinky3/matrix"/>
    </animation>
    <animation id="mixamorig_L_horn1-anim" name="mixamorig_L_horn1">
      <source id="mixamorig_L_horn1-Matrix-animation-input">
        <float_array id="mixamorig_L_horn1-Matrix-animation-input-array" count="22">

0.000000 0.033333 0.066667 0.100000 0.133333 0.166667 0.200000 0.233333 0.266667 0.300000 0.333333 0.366667 0.400000 0.433333 0.466667 0.500000
0.533333 0.566667 0.600000 0.633333 0.666667 0.700000</float_array>
        <technique_common>
          <accessor source="#mixamorig_L_horn1-Matrix-animation-input-array" count="22">
            <param name="TIME" type="float"/>
          </accessor>
        </technique_common>
      </source>
      <source id="mixamorig_L_horn1-Matrix-animation-output-transform">
        <float_array id="mixamorig_L_horn1-Matrix-animation-output-transform-array" count="352">

0.602488 0.000515 0.798128 1.847600 -0.698753 0.483576 0.527160 4.379700 -0.385684 -0.875302 0.291709 -10.115900 0.000000 0.000000 0.000000 1.000000
0.602488 0.000515 0.798128 1.847600 -0.698753 0.483576 0.527160 4.379700 -0.385684 -0.875302 0.291709 -10.115900 0.000000 0.000000 0.000000 1.000000
0.602488 0.000515 0.798128 1.847600 -0.698753 0.483576 0.527160 4.379700 -0.385684 -0.875302 0.291709 -10.115900 0.000000 0.000000 0.000000 1.000000
0.602488 0.000515 0.798128 1.847600 -0.698753 0.483576 0.527160 4.379700 -0.385684 -0.875302 0.291709 -10.115900 0.000000 0.000000 0.000000 1.000000
0.602488 0.000515 0.798128 1.847600 -0.698753 0.483576 0.527160 4.379700 -0.385684 -0.875302 0.291709 -10.115900 0.000000 0.000000 0.000000 1.000000
0.602488 0.000515 0.798128 1.847600 -0.698753 0.483576 0.527160 4.379700 -0.385684 -0.875302 0.291709 -10.115900 0.000000 0.000000 0.000000 1.000000
0.602488 0.000515 0.798128 1.847600 -0.698753 0.483576 0.527160 4.379700 -0.385684 -0.875302 0.291709 -10.115900 0.000000 0.000000 0.000000 1.000000
0.602488 0.000515 0.798128 1.847600 -0.698753 0.483576 0.527160 4.379700 -0.385684 -0.875302 0.291709 -10.115900 0.000000 0.000000 0.000000 1.000000
0.602488 0.000515 0.798128 1.847600 -0.698753 0.483576 0.527160 4.379700 -0.385684 -0.875302 0.291709 -10.115900 0.000000 0.000000 0.000000 1.000000
0.602488 0.000515 0.798128 1.847600 -0.698753 0.483576 0.527160 4.379700 -0.385684 -0.875302 0.291709 -10.115900 0.000000 0.000000 0.000000 1.000000
0.602488 0.000515 0.798128 1.847600 -0.698753 0.483576 0.527160 4.379700 -0.385684 -0.875302 0.291709 -10.115900 0.000000 0.000000 0.000000 1.000000
0.602488 0.000515 0.798128 1.847600 -0.698753 0.483576 0.527160 4.379700 -0.385684 -0.875302 0.291709 -10.115900 0.000000 0.000000 0.000000 1.000000
0.602488 0.000515 0.798128 1.847600 -0.698753 0.483576 0.527160 4.379700 -0.385684 -0.875302 0.291709 -10.115900 0.000000 0.000000 0.000000 1.000000
0.602488 0.000515 0.798128 1.847600 -0.698753 0.483576 0.527160 4.379700 -0.385684 -0.875302 0.291709 -10.115900 0.000000 0.000000 0.000000 1.000000
0.602488 0.000515 0.798128 1.847600 -0.698753 0.483576 0.527160 4.379700 -0.385684 -0.875302 0.291709 -10.115900 0.000000 0.000000 0.000000 1.000000
0.602488 0.000515 0.798128 1.847600 -0.698753 0.483576 0.527160 4.379700 -0.385684 -0.875302 0.291709 -10.115900 0.000000 0.000000 0.000000 1.000000
0.602488 0.000515 0.798128 1.847600 -0.698753 0.483576 0.527160 4.379700 -0.385684 -0.875302 0.291709 -10.115900 0.000000 0.000000 0.000000 1.000000
0.602488 0.000515 0.798128 1.847600 -0.698753 0.483576 0.527160 4.379700 -0.385684 -0.875302 0.291709 -10.115900 0.000000 0.000000 0.000000 1.000000
0.602488 0.000515 0.798128 1.847600 -0.698753 0.483576 0.527160 4.379700 -0.385684 -0.875302 0.291709 -10.115900 0.000000 0.000000 0.000000 1.000000
0.602488 0.000515 0.798128 1.847600 -0.698753 0.483576 0.527160 4.379700 -0.385684 -0.875302 0.291709 -10.115900 0.000000 0.000000 0.000000 1.000000
0.602488 0.000515 0.798128 1.847600 -0.698753 0.483576 0.527160 4.379700 -0.385684 -0.875302 0.291709 -10.115900 0.000000 0.000000 0.000000 1.000000
0.602488 0.000515 0.798128 1.847600 -0.698753 0.483576 0.527160 4.379700 -0.385684 -0.875302 0.291709 -10.115900 0.000000 0.000000 0.000000 1.000000</float_array>
        <technique_common>
          <accessor source="#mixamorig_L_horn1-Matrix-animation-output-transform-array" count="22" stride="16">
            <param type="float4x4"/>
          </accessor>
        </technique_common>
      </source>
      <source id="mixamorig_L_horn1-Interpolations">
        <Name_array id="mixamorig_L_horn1-Interpolations-array" count="22">
 LINEAR LINEAR LINEAR LINEAR LINEAR LINEAR LINEAR LINEAR LINEAR LINEAR LINEAR
LINEAR LINEAR LINEAR LINEAR LINEAR LINEAR LINEAR LINEAR LINEAR LINEAR LINEAR</Name_array>
        <technique_common>
          <accessor source="#mixamorig_L_horn1-Interpolations-array" count="22">
            <param type="name"/>
          </accessor>
        </technique_common>
      </source>
      <sampler id="mixamorig_L_horn1-Matrix-animation-transform">
        <input semantic="INPUT" source="#mixamorig_L_horn1-Matrix-animation-input"/>
        <input semantic="OUTPUT" source="#mixamorig_L_horn1-Matrix-animation-output-transform"/>
        <input semantic="INTERPOLATION" source="#mixamorig_L_horn1-Interpolations"/>
      </sampler>
      <channel source="#mixamorig_L_horn1-Matrix-animation-transform" target="mixamorig_L_horn1/matrix"/>
    </animation>
    <animation id="mixamorig_R_horn1-anim" name="mixamorig_R_horn1">
      <source id="mixamorig_R_horn1-Matrix-animation-input">
        <float_array id="mixamorig_R_horn1-Matrix-animation-input-array" count="22">

0.000000 0.033333 0.066667 0.100000 0.133333 0.166667 0.200000 0.233333 0.266667 0.300000 0.333333 0.366667 0.400000 0.433333 0.466667 0.500000
0.533333 0.566667 0.600000 0.633333 0.666667 0.700000</float_array>
        <technique_common>
          <accessor source="#mixamorig_R_horn1-Matrix-animation-input-array" count="22">
            <param name="TIME" type="float"/>
          </accessor>
        </technique_common>
      </source>
      <source id="mixamorig_R_horn1-Matrix-animation-output-transform">
        <float_array id="mixamorig_R_horn1-Matrix-animation-output-transform-array" count="352">

-0.591028 -0.129171 0.796242 -3.147700 -0.778219 0.351067 -0.520699 4.536700 -0.212275 -0.927398 -0.308014 -10.290500 0.000000 0.000000 0.000000 1.000000
-0.591028 -0.129171 0.796242 -3.147700 -0.778219 0.351067 -0.520699 4.536700 -0.212275 -0.927398 -0.308014 -10.290500 0.000000 0.000000 0.000000 1.000000
-0.591028 -0.129171 0.796242 -3.147700 -0.778219 0.351067 -0.520699 4.536700 -0.212275 -0.927398 -0.308014 -10.290500 0.000000 0.000000 0.000000 1.000000
-0.591028 -0.129171 0.796242 -3.147700 -0.778219 0.351067 -0.520699 4.536700 -0.212275 -0.927398 -0.308014 -10.290500 0.000000 0.000000 0.000000 1.000000
-0.591028 -0.129171 0.796242 -3.147700 -0.778219 0.351067 -0.520699 4.536700 -0.212275 -0.927398 -0.308014 -10.290500 0.000000 0.000000 0.000000 1.000000
-0.591028 -0.129171 0.796242 -3.147700 -0.778219 0.351067 -0.520699 4.536700 -0.212275 -0.927398 -0.308014 -10.290500 0.000000 0.000000 0.000000 1.000000
-0.591028 -0.129171 0.796242 -3.147700 -0.778219 0.351067 -0.520699 4.536700 -0.212275 -0.927398 -0.308014 -10.290500 0.000000 0.000000 0.000000 1.000000
-0.591028 -0.129171 0.796242 -3.147700 -0.778219 0.351067 -0.520699 4.536700 -0.212275 -0.927398 -0.308014 -10.290500 0.000000 0.000000 0.000000 1.000000
-0.591028 -0.129171 0.796242 -3.147700 -0.778219 0.351067 -0.520699 4.536700 -0.212275 -0.927398 -0.308014 -10.290500 0.000000 0.000000 0.000000 1.000000
-0.591028 -0.129171 0.796242 -3.147700 -0.778219 0.351067 -0.520699 4.536700 -0.212275 -0.927398 -0.308014 -10.290500 0.000000 0.000000 0.000000 1.000000
-0.591028 -0.129171 0.796242 -3.147700 -0.778219 0.351067 -0.520699 4.536700 -0.212275 -0.927398 -0.308014 -10.290500 0.000000 0.000000 0.000000 1.000000
-0.591028 -0.129171 0.796242 -3.147700 -0.778219 0.351067 -0.520699 4.536700 -0.212275 -0.927398 -0.308014 -10.290500 0.000000 0.000000 0.000000 1.000000
-0.591028 -0.129171 0.796242 -3.147700 -0.778219 0.351067 -0.520699 4.536700 -0.212275 -0.927398 -0.308014 -10.290500 0.000000 0.000000 0.000000 1.000000
-0.591028 -0.129171 0.796242 -3.147700 -0.778219 0.351067 -0.520699 4.536700 -0.212275 -0.927398 -0.308014 -10.290500 0.000000 0.000000 0.000000 1.000000
-0.591028 -0.129171 0.796242 -3.147700 -0.778219 0.351067 -0.520699 4.536700 -0.212275 -0.927398 -0.308014 -10.290500 0.000000 0.000000 0.000000 1.000000
-0.591028 -0.129171 0.796242 -3.147700 -0.778219 0.351067 -0.520699 4.536700 -0.212275 -0.927398 -0.308014 -10.290500 0.000000 0.000000 0.000000 1.000000
-0.591028 -0.129171 0.796242 -3.147700 -0.778219 0.351067 -0.520699 4.536700 -0.212275 -0.927398 -0.308014 -10.290500 0.000000 0.000000 0.000000 1.000000
-0.591028 -0.129171 0.796242 -3.147700 -0.778219 0.351067 -0.520699 4.536700 -0.212275 -0.927398 -0.308014 -10.290500 0.000000 0.000000 0.000000 1.000000
-0.591028 -0.129171 0.796242 -3.147700 -0.778219 0.351067 -0.520699 4.536700 -0.212275 -0.927398 -0.308014 -10.290500 0.000000 0.000000 0.000000 1.000000
-0.591028 -0.129171 0.796242 -3.147700 -0.778219 0.351067 -0.520699 4.536700 -0.212275 -0.927398 -0.308014 -10.290500 0.000000 0.000000 0.000000 1.000000
-0.591028 -0.129171 0.796242 -3.147700 -0.778219 0.351067 -0.520699 4.536700 -0.212275 -0.927398 -0.308014 -10.290500 0.000000 0.000000 0.000000 1.000000
-0.591028 -0.129171 0.796242 -3.147700 -0.778219 0.351067 -0.520699 4.536700 -0.212275 -0.927398 -0.308014 -10.290500 0.000000 0.000000 0.000000 1.000000</float_array>
        <technique_common>
          <accessor source="#mixamorig_R_horn1-Matrix-animation-output-transform-array" count="22" stride="16">
            <param type="float4x4"/>
          </accessor>
        </technique_common>
      </source>
      <source id="mixamorig_R_horn1-Interpolations">
        <Name_array id="mixamorig_R_horn1-Interpolations-array" count="22">
 LINEAR LINEAR LINEAR LINEAR LINEAR LINEAR LINEAR LINEAR LINEAR LINEAR LINEAR
LINEAR LINEAR LINEAR LINEAR LINEAR LINEAR LINEAR LINEAR LINEAR LINEAR LINEAR</Name_array>
        <technique_common>
          <accessor source="#mixamorig_R_horn1-Interpolations-array" count="22">
            <param type="name"/>
          </accessor>
        </technique_common>
      </source>
      <sampler id="mixamorig_R_horn1-Matrix-animation-transform">
        <input semantic="INPUT" source="#mixamorig_R_horn1-Matrix-animation-input"/>
        <input semantic="OUTPUT" source="#mixamorig_R_horn1-Matrix-animation-output-transform"/>
        <input semantic="INTERPOLATION" source="#mixamorig_R_horn1-Interpolations"/>
      </sampler>
      <channel source="#mixamorig_R_horn1-Matrix-animation-transform" target="mixamorig_R_horn1/matrix"/>
    </animation>
    <animation id="mixamorig_LeftUpLeg-anim" name="mixamorig_LeftUpLeg">
      <source id="mixamorig_LeftUpLeg-Matrix-animation-input">
        <float_array id="mixamorig_LeftUpLeg-Matrix-animation-input-array" count="22">

0.000000 0.033333 0.066667 0.100000 0.133333 0.166667 0.200000 0.233333 0.266667 0.300000 0.333333 0.366667 0.400000 0.433333 0.466667 0.500000
0.533333 0.566667 0.600000 0.633333 0.666667 0.700000</float_array>
        <technique_common>
          <accessor source="#mixamorig_LeftUpLeg-Matrix-animation-input-array" count="22">
            <param name="TIME" type="float"/>
          </accessor>
        </technique_common>
      </source>
      <source id="mixamorig_LeftUpLeg-Matrix-animation-output-transform">
        <float_array id="mixamorig_LeftUpLeg-Matrix-animation-output-transform-array" count="352">

-0.923294 0.215464 -0.317966 13.026900 -0.155825 0.546525 0.822818 -6.336300 0.351064 0.809250 -0.471029 -1.092800 0.000000 0.000000 0.000000 1.000000
-0.918467 0.189546 -0.347117 13.026900 -0.156966 0.630887 0.759831 -6.336300 0.363014 0.752365 -0.549697 -1.092800 0.000000 0.000000 0.000000 1.000000
-0.914646 0.165333 -0.368901 13.026900 -0.179606 0.651336 0.737226 -6.336300 0.362166 0.740558 -0.566047 -1.092800 0.000000 0.000000 0.000000 1.000000
-0.916211 0.141782 -0.374774 13.026900 -0.220002 0.603722 0.766237 -6.336300 0.334897 0.784486 -0.521944 -1.092800 0.000000 0.000000 0.000000 1.000000
-0.922603 0.135275 -0.361253 13.026900 -0.256440 0.484510 0.836354 -6.336300 0.288169 0.864263 -0.412320 -1.092800 0.000000 0.000000 0.000000 1.000000
-0.934480 0.142937 -0.326063 13.026900 -0.270162 0.311766 0.910941 -6.336300 0.231863 0.939346 -0.252723 -1.092800 0.000000 0.000000 0.000000 1.000000
-0.947358 0.159733 -0.277484 13.026900 -0.265551 0.092183 0.959680 -6.336300 0.178872 0.982847 -0.044913 -1.092800 0.000000 0.000000 0.000000 1.000000
-0.959706 0.187588 -0.209224 13.026900 -0.245608 -0.198203 0.948890 -6.336300 0.136531 0.962043 0.236290 -1.092800 0.000000 0.000000 0.000000 1.000000
-0.970167 0.213574 -0.114726 13.026900 -0.211843 -0.516691 0.829550 -6.336300 0.117893 0.829106 0.546521 -1.092800 0.000000 0.000000 0.000000 1.000000
-0.973994 0.226314 0.010814 13.026900 -0.173166 -0.774340 0.608614 -6.336300 0.146112 0.590914 0.793393 -1.092800 0.000000 0.000000 0.000000 1.000000
-0.967898 0.232554 0.095355 13.026900 -0.169478 -0.884010 0.435664 -6.336300 0.185610 0.405518 0.895044 -1.092800 0.000000 0.000000 0.000000 1.000000
-0.977049 0.172753 0.124625 13.026900 -0.116183 -0.922552 0.367966 -6.336300 0.178541 0.345041 0.921450 -1.092800 0.000000 0.000000 0.000000 1.000000
-0.986646 0.120245 0.109867 13.026900 -0.060998 -0.898224 0.435284 -6.336300 0.151026 0.422769 0.893564 -1.092800 0.000000 0.000000 0.000000 1.000000
-0.989196 0.115403 0.090402 13.026900 -0.029963 -0.762818 0.645918 -6.336300 0.143502 0.636231 0.758035 -1.092800 0.000000 0.000000 0.000000 1.000000
-0.990028 0.120711 0.072616 13.026900 -0.007060 -0.557352 0.830247 -6.336300 0.140692 0.821455 0.552646 -1.092800 0.000000 0.000000 0.000000 1.000000
-0.986444 0.148641 0.069529 13.026900 0.010939 -0.363200 0.931647 -6.336300 0.163734 0.919778 0.356650 -1.092800 0.000000 0.000000 0.000000 1.000000
-0.968590 0.240208 0.064294 13.026900 0.016002 -0.197811 0.980110 -6.336300 0.248148 0.950353 0.187754 -1.092800 0.000000 0.000000 0.000000 1.000000
-0.942532 0.332633 0.031434 13.026900 0.015057 -0.051698 0.998549 -6.336300 0.333775 0.941638 0.043719 -1.092800 0.000000 0.000000 0.000000 1.000000
-0.927846 0.372105 -0.025285 13.026900 0.002729 0.074568 0.997212 -6.336300 0.372953 0.925191 -0.070203 -1.092800 0.000000 0.000000 0.000000 1.000000
-0.931781 0.354841 -0.076625 13.026900 -0.015882 0.171029 0.985138 -6.336300 0.362673 0.919150 -0.153726 -1.092800 0.000000 0.000000 0.000000 1.000000
-0.939500 0.325142 -0.107810 13.026900 -0.032161 0.229613 0.972751 -6.336300 0.341037 0.917366 -0.205264 -1.092800 0.000000 0.000000 0.000000 1.000000
-0.941987 0.314254 -0.117921 13.026900 -0.042717 0.236223 0.970759 -6.336300 0.332921 0.919480 -0.209095 -1.092800 0.000000 0.000000 0.000000 1.000000</float_array>
        <technique_common>
          <accessor source="#mixamorig_LeftUpLeg-Matrix-animation-output-transform-array" count="22" stride="16">
            <param type="float4x4"/>
          </accessor>
        </technique_common>
      </source>
      <source id="mixamorig_LeftUpLeg-Interpolations">
        <Name_array id="mixamorig_LeftUpLeg-Interpolations-array" count="22">
 LINEAR LINEAR LINEAR LINEAR LINEAR LINEAR LINEAR LINEAR LINEAR LINEAR LINEAR
LINEAR LINEAR LINEAR LINEAR LINEAR LINEAR LINEAR LINEAR LINEAR LINEAR LINEAR</Name_array>
        <technique_common>
          <accessor source="#mixamorig_LeftUpLeg-Interpolations-array" count="22">
            <param type="name"/>
          </accessor>
        </technique_common>
      </source>
      <sampler id="mixamorig_LeftUpLeg-Matrix-animation-transform">
        <input semantic="INPUT" source="#mixamorig_LeftUpLeg-Matrix-animation-input"/>
        <input semantic="OUTPUT" source="#mixamorig_LeftUpLeg-Matrix-animation-output-transform"/>
        <input semantic="INTERPOLATION" source="#mixamorig_LeftUpLeg-Interpolations"/>
      </sampler>
      <channel source="#mixamorig_LeftUpLeg-Matrix-animation-transform" target="mixamorig_LeftUpLeg/matrix"/>
    </animation>
    <animation id="mixamorig_LeftLeg-anim" name="mixamorig_LeftLeg">
      <source id="mixamorig_LeftLeg-Matrix-animation-input">
        <float_array id="mixamorig_LeftLeg-Matrix-animation-input-array" count="22">

0.000000 0.033333 0.066667 0.100000 0.133333 0.166667 0.200000 0.233333 0.266667 0.300000 0.333333 0.366667 0.400000 0.433333 0.466667 0.500000
0.533333 0.566667 0.600000 0.633333 0.666667 0.700000</float_array>
        <technique_common>
          <accessor source="#mixamorig_LeftLeg-Matrix-animation-input-array" count="22">
            <param name="TIME" type="float"/>
          </accessor>
        </technique_common>
      </source>
      <source id="mixamorig_LeftLeg-Matrix-animation-output-transform">
        <float_array id="mixamorig_LeftLeg-Matrix-animation-output-transform-array" count="352">

0.986956 -0.014001 0.160378 0.000000 -0.144467 -0.516622 0.843938 46.951000 0.071039 -0.856099 -0.511906 0.000000 0.000000 0.000000 0.000000 1.000000
0.984490 -0.013218 0.174944 0.000000 -0.147553 -0.601824 0.784879 46.951000 0.094911 -0.798519 -0.594440 0.000000 0.000000 0.000000 0.000000 1.000000
0.981850 -0.015992 0.188983 -0.000000 -0.153669 -0.651092 0.743280 46.951000 0.111159 -0.758830 -0.641732 0.000000 0.000000 0.000000 0.000000 1.000000
0.980073 -0.019991 0.197631 0.000000 -0.159922 -0.669551 0.725345 46.951000 0.117823 -0.742497 -0.659406 0.000000 0.000000 0.000000 0.000000 1.000000
0.976644 -0.020646 0.213870 0.000000 -0.175691 -0.649744 0.739571 46.951000 0.123692 -0.759873 -0.638196 0.000000 0.000000 0.000000 0.000000 1.000000
0.973245 -0.015409 0.229255 0.000000 -0.194978 -0.583277 0.788525 46.951000 0.121568 -0.812127 -0.570676 -0.000000 0.000000 0.000000 0.000000 1.000000
0.970437 -0.012999 0.241003 -0.000000 -0.219493 -0.462797 0.858861 46.951000 0.100372 -0.886369 -0.451969 0.000000 0.000000 0.000000 0.000000 1.000000
0.964603 -0.022354 0.262757 0.000000 -0.259028 -0.267169 0.928184 46.951000 0.049452 -0.963390 -0.263503 0.000000 0.000000 0.000000 0.000000 1.000000
0.967582 -0.039130 0.249509 -0.000000 -0.247810 0.043587 0.967828 46.951000 -0.048746 -0.998283 0.032477 0.000000 0.000000 0.000000 0.000000 1.000000
0.982084 -0.070788 0.174642 0.000000 -0.120579 0.476139 0.871064 46.951000 -0.144815 -0.876516 0.459073 0.000000 0.000000 0.000000 0.000000 1.000000
0.962459 -0.108453 0.248819 0.000000 -0.082141 0.757340 0.647834 46.951000 -0.258700 -0.643951 0.720000 0.000000 0.000000 0.000000 0.000000 1.000000
0.908826 -0.125607 0.397816 -0.000000 -0.117989 0.837269 0.533910 46.951000 -0.400142 -0.532169 0.746112 0.000000 0.000000 0.000000 0.000000 1.000000
0.904407 -0.080084 0.419088 0.000000 -0.204938 0.779971 0.591309 46.951000 -0.374230 -0.620671 0.688999 -0.000000 0.000000 0.000000 0.000000 1.000000
0.927362 -0.044029 0.371567 -0.000000 -0.285586 0.558315 0.778926 46.951000 -0.241746 -0.828460 0.505186 0.000000 0.000000 0.000000 0.000000 1.000000
0.961978 0.000401 0.273127 0.000000 -0.262869 0.272843 0.925449 46.951000 -0.074150 -0.962058 0.262575 -0.000000 0.000000 0.000000 0.000000 1.000000
0.989303 0.063209 0.131472 0.000000 -0.132518 0.012623 0.991100 46.951000 0.060987 -0.997920 0.020864 0.000000 0.000000 0.000000 0.000000 1.000000
0.991875 0.099983 0.078656 0.000000 -0.054280 -0.226560 0.972484 46.951000 0.115052 -0.968852 -0.219292 0.000000 0.000000 0.000000 0.000000 1.000000
0.992772 0.100747 0.065220 0.000000 -0.012707 -0.452140 0.891857 46.951000 0.119341 -0.886239 -0.447591 0.000000 0.000000 0.000000 0.000000 1.000000
0.996170 0.083703 0.025290 0.000000 0.034019 -0.637441 0.769748 46.951000 0.080551 -0.765939 -0.637847 -0.000000 0.000000 0.000000 0.000000 1.000000
0.998916 0.046538 -0.000355 -0.000000 0.035609 -0.759377 0.649676 46.951000 0.029965 -0.648984 -0.760211 0.000000 0.000000 0.000000 0.000000 1.000000
0.999882 0.012044 -0.009571 0.000000 0.015348 -0.823372 0.567295 46.951000 -0.001048 -0.567375 -0.823459 0.000000 0.000000 0.000000 0.000000 1.000000
0.999954 -0.000526 -0.009538 0.000000 0.004745 -0.839222 0.543769 46.951000 -0.008291 -0.543789 -0.839181 0.000000 0.000000 0.000000 0.000000 1.000000</float_array>
        <technique_common>
          <accessor source="#mixamorig_LeftLeg-Matrix-animation-output-transform-array" count="22" stride="16">
            <param type="float4x4"/>
          </accessor>
        </technique_common>
      </source>
      <source id="mixamorig_LeftLeg-Interpolations">
        <Name_array id="mixamorig_LeftLeg-Interpolations-array" count="22">
 LINEAR LINEAR LINEAR LINEAR LINEAR LINEAR LINEAR LINEAR LINEAR LINEAR LINEAR
LINEAR LINEAR LINEAR LINEAR LINEAR LINEAR LINEAR LINEAR LINEAR LINEAR LINEAR</Name_array>
        <technique_common>
          <accessor source="#mixamorig_LeftLeg-Interpolations-array" count="22">
            <param type="name"/>
          </accessor>
        </technique_common>
      </source>
      <sampler id="mixamorig_LeftLeg-Matrix-animation-transform">
        <input semantic="INPUT" source="#mixamorig_LeftLeg-Matrix-animation-input"/>
        <input semantic="OUTPUT" source="#mixamorig_LeftLeg-Matrix-animation-output-transform"/>
        <input semantic="INTERPOLATION" source="#mixamorig_LeftLeg-Interpolations"/>
      </sampler>
      <channel source="#mixamorig_LeftLeg-Matrix-animation-transform" target="mixamorig_LeftLeg/matrix"/>
    </animation>
    <animation id="mixamorig_LeftFoot-anim" name="mixamorig_LeftFoot">
      <source id="mixamorig_LeftFoot-Matrix-animation-input">
        <float_array id="mixamorig_LeftFoot-Matrix-animation-input-array" count="22">

0.000000 0.033333 0.066667 0.100000 0.133333 0.166667 0.200000 0.233333 0.266667 0.300000 0.333333 0.366667 0.400000 0.433333 0.466667 0.500000
0.533333 0.566667 0.600000 0.633333 0.666667 0.700000</float_array>
        <technique_common>
          <accessor source="#mixamorig_LeftFoot-Matrix-animation-input-array" count="22">
            <param name="TIME" type="float"/>
          </accessor>
        </technique_common>
      </source>
      <source id="mixamorig_LeftFoot-Matrix-animation-output-transform">
        <float_array id="mixamorig_LeftFoot-Matrix-animation-output-transform-array" count="352">

0.980150 0.109723 -0.165125 0.000000 -0.196073 0.413219 -0.889273 55.112000 -0.029340 0.903997 0.426530 0.000000 0.000000 0.000000 0.000000 1.000000
0.974953 0.123096 -0.185241 0.000000 -0.220553 0.427668 -0.876617 55.112000 -0.028686 0.895515 0.444105 0.000000 0.000000 0.000000 0.000000 1.000000
0.969651 0.134020 -0.204490 0.000000 -0.242898 0.432655 -0.868222 55.112000 -0.027885 0.891543 0.452077 0.000000 0.000000 0.000000 0.000000 1.000000
0.965420 0.139086 -0.220499 0.000000 -0.259159 0.420176 -0.869649 55.112000 -0.028308 0.896720 0.441692 -0.000000 0.000000 0.000000 0.000000 1.000000
0.964439 0.132263 -0.228832 0.000000 -0.262594 0.381119 -0.886450 55.112000 -0.030032 0.915016 0.402297 0.000000 0.000000 0.000000 0.000000 1.000000
0.973310 0.104176 -0.204489 0.000000 -0.228223 0.345669 -0.910180 55.112000 -0.024134 0.932556 0.360219 0.000000 0.000000 0.000000 0.000000 1.000000
0.984352 0.071599 -0.161012 0.000000 -0.175681 0.327754 -0.928285 55.112000 -0.013692 0.942046 0.335203 0.000000 0.000000 0.000000 0.000000 1.000000
0.990400 0.053987 -0.127256 0.000000 -0.138010 0.333741 -0.932507 55.112000 -0.007872 0.941118 0.337988 0.000000 0.000000 0.000000 0.000000 1.000000
0.984399 0.093193 -0.149244 0.000000 -0.175161 0.438783 -0.881356 55.112000 -0.016650 0.893748 0.448261 0.000000 0.000000 0.000000 0.000000 1.000000
0.973839 0.169454 -0.151405 0.000000 -0.227184 0.711298 -0.665164 55.112000 -0.005021 0.682159 0.731186 0.000000 0.000000 0.000000 0.000000 1.000000
0.970626 0.208604 -0.119870 0.000000 -0.239117 0.891505 -0.384762 55.112000 0.026601 0.402123 0.915199 0.000000 0.000000 0.000000 0.000000 1.000000
0.955645 0.266844 -0.124647 0.000000 -0.290766 0.922166 -0.255078 55.112000 0.046879 0.280007 0.958853 0.000000 0.000000 0.000000 0.000000 1.000000
0.904103 0.392250 -0.169523 -0.000000 -0.418646 0.892582 -0.167432 55.112000 0.085638 0.222345 0.971200 0.000000 0.000000 0.000000 0.000000 1.000000
0.880285 0.423489 -0.213905 0.000000 -0.468020 0.849048 -0.245102 55.112000 0.077817 0.315872 0.945605 0.000000 0.000000 0.000000 0.000000 1.000000
0.907963 0.350251 -0.230059 0.000000 -0.417881 0.797757 -0.434694 55.112000 0.031279 0.490823 0.870697 0.000000 0.000000 0.000000 0.000000 1.000000
0.940000 0.268806 -0.210103 0.000000 -0.341154 0.747258 -0.570280 55.112000 0.003707 0.607740 0.794127 -0.000000 0.000000 0.000000 0.000000 1.000000
0.956211 0.223534 -0.188928 0.000000 -0.292649 0.721024 -0.628077 55.112000 -0.004175 0.655864 0.754868 -0.000000 0.000000 0.000000 0.000000 1.000000
0.968112 0.188113 -0.165447 0.000000 -0.250454 0.711773 -0.656241 55.112000 -0.005687 0.676752 0.736189 0.000000 0.000000 0.000000 0.000000 1.000000
0.970069 0.182739 -0.159915 0.000000 -0.242773 0.715656 -0.654903 55.112000 -0.005232 0.674124 0.738600 0.000000 0.000000 0.000000 0.000000 1.000000
0.958803 0.216579 -0.183822 -0.000000 -0.284051 0.723054 -0.629689 55.112000 -0.003464 0.655963 0.754785 -0.000000 0.000000 0.000000 0.000000 1.000000
0.955121 0.227740 -0.189413 0.000000 -0.296214 0.734799 -0.610186 55.112000 0.000217 0.638909 0.769282 0.000000 0.000000 0.000000 0.000000 1.000000
0.965427 0.201338 -0.165573 0.000000 -0.260672 0.748681 -0.609530 55.112000 0.001240 0.631617 0.775280 0.000000 0.000000 0.000000 0.000000 1.000000</float_array>
        <technique_common>
          <accessor source="#mixamorig_LeftFoot-Matrix-animation-output-transform-array" count="22" stride="16">
            <param type="float4x4"/>
          </accessor>
        </technique_common>
      </source>
      <source id="mixamorig_LeftFoot-Interpolations">
        <Name_array id="mixamorig_LeftFoot-Interpolations-array" count="22">
 LINEAR LINEAR LINEAR LINEAR LINEAR LINEAR LINEAR LINEAR LINEAR LINEAR LINEAR
LINEAR LINEAR LINEAR LINEAR LINEAR LINEAR LINEAR LINEAR LINEAR LINEAR LINEAR</Name_array>
        <technique_common>
          <accessor source="#mixamorig_LeftFoot-Interpolations-array" count="22">
            <param type="name"/>
          </accessor>
        </technique_common>
      </source>
      <sampler id="mixamorig_LeftFoot-Matrix-animation-transform">
        <input semantic="INPUT" source="#mixamorig_LeftFoot-Matrix-animation-input"/>
        <input semantic="OUTPUT" source="#mixamorig_LeftFoot-Matrix-animation-output-transform"/>
        <input semantic="INTERPOLATION" source="#mixamorig_LeftFoot-Interpolations"/>
      </sampler>
      <channel source="#mixamorig_LeftFoot-Matrix-animation-transform" target="mixamorig_LeftFoot/matrix"/>
    </animation>
    <animation id="mixamorig_LeftToeBase-anim" name="mixamorig_LeftToeBase">
      <source id="mixamorig_LeftToeBase-Matrix-animation-input">
        <float_array id="mixamorig_LeftToeBase-Matrix-animation-input-array" count="22">

0.000000 0.033333 0.066667 0.100000 0.133333 0.166667 0.200000 0.233333 0.266667 0.300000 0.333333 0.366667 0.400000 0.433333 0.466667 0.500000
0.533333 0.566667 0.600000 0.633333 0.666667 0.700000</float_array>
        <technique_common>
          <accessor source="#mixamorig_LeftToeBase-Matrix-animation-input-array" count="22">
            <param name="TIME" type="float"/>
          </accessor>
        </technique_common>
      </source>
      <source id="mixamorig_LeftToeBase-Matrix-animation-output-transform">
        <float_array id="mixamorig_LeftToeBase-Matrix-animation-output-transform-array" count="352">

1.000000 0.000607 -0.000047 0.000000 -0.000466 0.713573 -0.700581 22.799999 -0.000392 0.700581 0.713573 -0.000000 0.000000 0.000000 0.000000 1.000000
0.999999 0.001248 0.000732 0.000000 -0.000377 0.712951 -0.701214 22.799999 -0.001397 0.701213 0.712950 0.000000 0.000000 0.000000 0.000000 1.000000
0.999996 0.002713 -0.001276 -0.000000 -0.002828 0.712339 -0.701830 22.799999 -0.000995 0.701830 0.712344 0.000000 0.000000 0.000000 0.000000 1.000000
0.999978 0.004187 -0.005153 0.000000 -0.006601 0.711011 -0.703150 22.799999 0.000720 0.703168 0.711023 -0.000000 0.000000 0.000000 0.000000 1.000000
0.999944 0.005817 -0.008850 0.000000 -0.010366 0.708807 -0.705326 22.799999 0.002170 0.705378 0.708828 -0.000000 0.000000 0.000000 0.000000 1.000000
0.999411 0.006578 -0.033687 0.000000 -0.028209 0.716529 -0.696987 22.799999 0.019552 0.697527 0.716292 0.000000 0.000000 0.000000 0.000000 1.000000
0.997533 0.005000 -0.070015 0.000000 -0.052838 0.710115 -0.702100 22.799999 0.046208 0.704068 0.708628 0.000000 0.000000 0.000000 0.000000 1.000000
0.998595 -0.002246 -0.052942 0.000000 -0.038177 0.662381 -0.748193 22.799999 0.036748 0.749163 0.661365 0.000000 0.000000 0.000000 0.000000 1.000000
0.999801 -0.010843 -0.016748 0.000000 -0.007270 0.583738 -0.811909 22.799999 0.018580 0.811870 0.583543 -0.000000 0.000000 0.000000 0.000000 1.000000
0.999811 -0.004105 0.019029 0.000000 0.018752 0.465461 -0.884870 22.799999 -0.005224 0.885059 0.465450 0.000000 0.000000 0.000000 0.000000 1.000000
0.995118 0.010713 -0.098113 0.000000 -0.078536 0.688016 -0.721433 22.799999 0.059775 0.725617 0.685498 0.000000 0.000000 0.000000 0.000000 1.000000
0.987376 0.020313 -0.157088 0.000000 -0.120545 0.739723 -0.662026 22.799999 0.102754 0.672605 0.732833 0.000000 0.000000 0.000000 0.000000 1.000000
0.990728 0.016911 -0.134806 0.000000 -0.103543 0.736389 -0.668588 22.799999 0.087963 0.676347 0.731312 0.000000 0.000000 0.000000 0.000000 1.000000
0.993721 0.019291 -0.110212 -0.000000 -0.089551 0.727660 -0.680067 22.799999 0.067078 0.685667 0.724818 0.000000 0.000000 0.000000 0.000000 1.000000
0.995002 0.015187 -0.098697 0.000000 -0.078768 0.726869 -0.682244 22.799999 0.061379 0.686608 0.724432 0.000000 0.000000 0.000000 0.000000 1.000000
0.996487 0.007155 -0.083437 0.000000 -0.062498 0.726708 -0.684098 22.799999 0.055740 0.686909 0.724602 -0.000000 0.000000 0.000000 0.000000 1.000000
0.998480 0.004889 -0.054903 -0.000000 -0.041746 0.717504 -0.695302 22.799999 0.035994 0.696537 0.716618 0.000000 0.000000 0.000000 0.000000 1.000000
0.999213 0.006902 -0.039051 -0.000000 -0.032457 0.708138 -0.705328 22.799999 0.022785 0.706041 0.707805 0.000000 0.000000 0.000000 0.000000 1.000000
0.999506 0.006378 -0.030783 0.000000 -0.026376 0.702924 -0.710776 22.799999 0.017105 0.711237 0.702744 0.000000 0.000000 0.000000 0.000000 1.000000
0.999880 0.004951 -0.014699 0.000000 -0.013988 0.697306 -0.716638 22.799999 0.006701 0.716757 0.697291 0.000000 0.000000 0.000000 0.000000 1.000000
0.999996 0.001621 -0.002217 0.000000 -0.002720 0.695313 -0.718702 22.799999 0.000376 0.718705 0.695315 0.000000 0.000000 0.000000 0.000000 1.000000
0.999998 -0.001255 0.001409 0.000000 0.001885 0.696457 -0.717596 22.799999 -0.000081 0.717598 0.696458 0.000000 0.000000 0.000000 0.000000 1.000000</float_array>
        <technique_common>
          <accessor source="#mixamorig_LeftToeBase-Matrix-animation-output-transform-array" count="22" stride="16">
            <param type="float4x4"/>
          </accessor>
        </technique_common>
      </source>
      <source id="mixamorig_LeftToeBase-Interpolations">
        <Name_array id="mixamorig_LeftToeBase-Interpolations-array" count="22">
 LINEAR LINEAR LINEAR LINEAR LINEAR LINEAR LINEAR LINEAR LINEAR LINEAR LINEAR
LINEAR LINEAR LINEAR LINEAR LINEAR LINEAR LINEAR LINEAR LINEAR LINEAR LINEAR</Name_array>
        <technique_common>
          <accessor source="#mixamorig_LeftToeBase-Interpolations-array" count="22">
            <param type="name"/>
          </accessor>
        </technique_common>
      </source>
      <sampler id="mixamorig_LeftToeBase-Matrix-animation-transform">
        <input semantic="INPUT" source="#mixamorig_LeftToeBase-Matrix-animation-input"/>
        <input semantic="OUTPUT" source="#mixamorig_LeftToeBase-Matrix-animation-output-transform"/>
        <input semantic="INTERPOLATION" source="#mixamorig_LeftToeBase-Interpolations"/>
      </sampler>
      <channel source="#mixamorig_LeftToeBase-Matrix-animation-transform" target="mixamorig_LeftToeBase/matrix"/>
    </animation>
    <animation id="mixamorig_RightUpLeg-anim" name="mixamorig_RightUpLeg">
      <source id="mixamorig_RightUpLeg-Matrix-animation-input">
        <float_array id="mixamorig_RightUpLeg-Matrix-animation-input-array" count="22">

0.000000 0.033333 0.066667 0.100000 0.133333 0.166667 0.200000 0.233333 0.266667 0.300000 0.333333 0.366667 0.400000 0.433333 0.466667 0.500000
0.533333 0.566667 0.600000 0.633333 0.666667 0.700000</float_array>
        <technique_common>
          <accessor source="#mixamorig_RightUpLeg-Matrix-animation-input-array" count="22">
            <param name="TIME" type="float"/>
          </accessor>
        </technique_common>
      </source>
      <source id="mixamorig_RightUpLeg-Matrix-animation-output-transform">
        <float_array id="mixamorig_RightUpLeg-Matrix-animation-output-transform-array" count="352">

-0.866373 -0.306049 0.394628 -12.883000 0.380461 0.107373 0.918543 -6.336200 -0.323492 0.945941 0.023414 -1.092800 0.000000 0.000000 0.000000 1.000000
-0.825279 -0.284608 0.487762 -12.883000 0.447421 0.197476 0.872249 -6.336200 -0.344570 0.938084 -0.035634 -1.092800 0.000000 0.000000 0.000000 1.000000
-0.789656 -0.268298 0.551778 -12.883000 0.513032 0.204513 0.833650 -6.336200 -0.336512 0.941377 -0.023849 -1.092800 0.000000 0.000000 0.000000 1.000000
-0.763594 -0.280719 0.581482 -12.883000 0.570390 0.128808 0.811211 -6.336200 -0.302622 0.951107 0.061762 -1.092800 0.000000 0.000000 0.000000 1.000000
-0.752924 -0.328604 0.570197 -12.883000 0.605361 -0.005947 0.795929 -6.336200 -0.258155 0.944449 0.203402 -1.092800 0.000000 0.000000 0.000000 1.000000
-0.779656 -0.400467 0.481417 -12.883000 0.583407 -0.185179 0.790788 -6.336200 -0.227536 0.897405 0.378011 -1.092800 0.000000 0.000000 0.000000 1.000000
-0.833559 -0.452000 0.317608 -12.883000 0.508852 -0.404407 0.759950 -6.336200 -0.215055 0.795079 0.567098 -1.092800 0.000000 0.000000 0.000000 1.000000
-0.878610 -0.462279 0.119758 -12.883000 0.423573 -0.638607 0.642469 -6.336200 -0.220521 0.615206 0.756896 -1.092800 0.000000 0.000000 0.000000 1.000000
-0.897378 -0.433258 -0.083665 -12.883000 0.360557 -0.829256 0.427005 -6.336200 -0.254383 0.353019 0.900370 -1.092800 0.000000 0.000000 0.000000 1.000000
-0.907771 -0.338400 -0.247866 -12.883000 0.318486 -0.940588 0.117736 -6.336200 -0.272982 0.027936 0.961614 -1.092800 0.000000 0.000000 0.000000 1.000000
-0.927933 -0.244092 -0.281707 -12.883000 0.273010 -0.959619 -0.067800 -6.336200 -0.253782 -0.139822 0.957102 -1.092800 0.000000 0.000000 0.000000 1.000000
-0.918161 -0.300424 -0.258314 -12.883000 0.314366 -0.949207 -0.013446 -6.336200 -0.241154 -0.093551 0.965968 -1.092800 0.000000 0.000000 0.000000 1.000000
-0.877930 -0.432070 -0.206286 -12.883000 0.391481 -0.895842 0.210260 -6.336200 -0.275647 0.103837 0.955634 -1.092800 0.000000 0.000000 0.000000 1.000000
-0.819445 -0.564817 -0.097422 -12.883000 0.453371 -0.742746 0.492731 -6.336200 -0.350662 0.359598 0.864711 -1.092800 0.000000 0.000000 0.000000 1.000000
-0.769905 -0.637963 0.015800 -12.883000 0.444705 -0.518592 0.730274 -6.336200 -0.457694 0.569268 0.682972 -1.092800 0.000000 0.000000 0.000000 1.000000
-0.729123 -0.673976 0.118895 -12.883000 0.413478 -0.295375 0.861272 -6.336200 -0.545358 0.677134 0.494039 -1.092800 0.000000 0.000000 0.000000 1.000000
-0.727854 -0.658437 0.191542 -12.883000 0.362182 -0.131943 0.922722 -6.336200 -0.582282 0.740980 0.334509 -1.092800 0.000000 0.000000 0.000000 1.000000
-0.752626 -0.612320 0.242113 -12.883000 0.309090 -0.003876 0.951025 -6.336200 -0.581393 0.790601 0.192179 -1.092800 0.000000 0.000000 0.000000 1.000000
-0.797346 -0.542875 0.263677 -12.883000 0.240839 0.114392 0.963800 -6.336200 -0.553386 0.831986 0.039536 -1.092800 0.000000 0.000000 0.000000 1.000000
-0.864425 -0.452305 0.219522 -12.883000 0.142870 0.197640 0.969808 -6.336200 -0.482035 0.869689 -0.106224 -1.092800 0.000000 0.000000 0.000000 1.000000
-0.914360 -0.382810 0.131917 -12.883000 0.045202 0.227256 0.972785 -6.336200 -0.402371 0.895439 -0.190490 -1.092800 0.000000 0.000000 0.000000 1.000000
-0.929959 -0.359323 0.077862 -12.883000 0.000631 0.210217 0.977655 -6.336200 -0.367662 0.909228 -0.195266 -1.092800 0.000000 0.000000 0.000000 1.000000</float_array>
        <technique_common>
          <accessor source="#mixamorig_RightUpLeg-Matrix-animation-output-transform-array" count="22" stride="16">
            <param type="float4x4"/>
          </accessor>
        </technique_common>
      </source>
      <source id="mixamorig_RightUpLeg-Interpolations">
        <Name_array id="mixamorig_RightUpLeg-Interpolations-array" count="22">
 LINEAR LINEAR LINEAR LINEAR LINEAR LINEAR LINEAR LINEAR LINEAR LINEAR LINEAR
LINEAR LINEAR LINEAR LINEAR LINEAR LINEAR LINEAR LINEAR LINEAR LINEAR LINEAR</Name_array>
        <technique_common>
          <accessor source="#mixamorig_RightUpLeg-Interpolations-array" count="22">
            <param type="name"/>
          </accessor>
        </technique_common>
      </source>
      <sampler id="mixamorig_RightUpLeg-Matrix-animation-transform">
        <input semantic="INPUT" source="#mixamorig_RightUpLeg-Matrix-animation-input"/>
        <input semantic="OUTPUT" source="#mixamorig_RightUpLeg-Matrix-animation-output-transform"/>
        <input semantic="INTERPOLATION" source="#mixamorig_RightUpLeg-Interpolations"/>
      </sampler>
      <channel source="#mixamorig_RightUpLeg-Matrix-animation-transform" target="mixamorig_RightUpLeg/matrix"/>
    </animation>
    <animation id="mixamorig_RightLeg-anim" name="mixamorig_RightLeg">
      <source id="mixamorig_RightLeg-Matrix-animation-input">
        <float_array id="mixamorig_RightLeg-Matrix-animation-input-array" count="22">

0.000000 0.033333 0.066667 0.100000 0.133333 0.166667 0.200000 0.233333 0.266667 0.300000 0.333333 0.366667 0.400000 0.433333 0.466667 0.500000
0.533333 0.566667 0.600000 0.633333 0.666667 0.700000</float_array>
        <technique_common>
          <accessor source="#mixamorig_RightLeg-Matrix-animation-input-array" count="22">
            <param name="TIME" type="float"/>
          </accessor>
        </technique_common>
      </source>
      <source id="mixamorig_RightLeg-Matrix-animation-output-transform">
        <float_array id="mixamorig_RightLeg-Matrix-animation-output-transform-array" count="352">

0.992486 -0.013366 -0.121625 0.000000 0.090286 -0.590886 0.801687 46.951099 -0.082582 -0.806645 -0.585239 0.000000 0.000000 0.000000 0.000000 1.000000
0.989877 0.001875 -0.141912 0.000000 0.104676 -0.684879 0.721099 46.951099 -0.095841 -0.728654 -0.678143 -0.000000 0.000000 0.000000 0.000000 1.000000
0.990062 0.001013 -0.140630 0.000000 0.095320 -0.740074 0.665737 46.951099 -0.103402 -0.672525 -0.732815 -0.000000 0.000000 0.000000 0.000000 1.000000
0.992585 -0.016553 -0.120419 0.000000 0.065033 -0.764642 0.641165 46.951099 -0.102691 -0.644242 -0.757896 0.000000 0.000000 0.000000 0.000000 1.000000
0.993435 -0.047065 -0.104265 0.000000 0.033711 -0.750525 0.659982 46.951099 -0.109316 -0.659164 -0.744011 0.000000 0.000000 0.000000 0.000000 1.000000
0.993810 -0.066200 -0.089213 0.000000 0.019270 -0.688152 0.725310 46.951099 -0.109408 -0.722540 -0.682617 0.000000 0.000000 0.000000 0.000000 1.000000
0.995780 -0.063293 -0.066458 0.000000 0.019481 -0.561869 0.826997 46.951099 -0.089684 -0.824801 -0.558265 -0.000000 0.000000 0.000000 0.000000 1.000000
0.998925 -0.036122 -0.029038 0.000000 0.014836 -0.344355 0.938722 46.951099 -0.043908 -0.938144 -0.343449 0.000000 0.000000 0.000000 0.000000 1.000000
0.998188 -0.014157 0.058488 0.000000 -0.058708 -0.015650 0.998152 46.951099 -0.013216 -0.999777 -0.016453 0.000000 0.000000 0.000000 0.000000 1.000000
0.993564 -0.016705 0.112033 -0.000000 -0.091241 0.468068 0.878969 46.951099 -0.067122 -0.883534 0.463532 0.000000 0.000000 0.000000 0.000000 1.000000
0.998265 0.010023 0.058029 0.000000 -0.043059 0.796442 0.603180 46.951099 -0.040171 -0.604632 0.795491 0.000000 0.000000 0.000000 0.000000 1.000000
0.999204 0.030126 0.026164 0.000000 -0.039410 0.847667 0.529063 46.951099 -0.006240 -0.529673 0.848179 0.000000 0.000000 0.000000 0.000000 1.000000
0.999541 -0.024509 -0.017828 0.000000 0.029861 0.695928 0.717491 46.951099 -0.005178 -0.717694 0.696340 -0.000000 0.000000 0.000000 0.000000 1.000000
0.983201 -0.146329 -0.109105 -0.000000 0.159949 0.402743 0.901229 46.951099 -0.087935 -0.903541 0.419382 -0.000000 0.000000 0.000000 0.000000 1.000000
0.970164 -0.188111 -0.152959 -0.000000 0.174826 0.105658 0.978914 46.951099 -0.167983 -0.976448 0.135392 -0.000000 0.000000 0.000000 0.000000 1.000000
0.954760 -0.213645 -0.206856 -0.000000 0.178828 -0.143294 0.973390 46.951099 -0.237601 -0.966345 -0.098606 -0.000000 0.000000 0.000000 0.000000 1.000000
0.940012 -0.215156 -0.264736 0.000000 0.176891 -0.356138 0.917538 46.951099 -0.291696 -0.909326 -0.296715 -0.000000 0.000000 0.000000 0.000000 1.000000
0.930555 -0.178783 -0.319538 0.000000 0.174303 -0.551170 0.815984 46.951099 -0.322004 -0.815014 -0.481732 0.000000 0.000000 0.000000 0.000000 1.000000
0.931357 -0.095126 -0.351461 0.000000 0.180783 -0.717070 0.673148 46.951099 -0.316057 -0.690479 -0.650651 -0.000000 0.000000 0.000000 0.000000 1.000000
0.953760 -0.007508 -0.300475 0.000000 0.162776 -0.827498 0.537356 46.951099 -0.252677 -0.561419 -0.788013 -0.000000 0.000000 0.000000 0.000000 1.000000
0.976536 0.039575 -0.211688 0.000000 0.134672 -0.879278 0.456874 46.951099 -0.168051 -0.474662 -0.863976 0.000000 0.000000 0.000000 0.000000 1.000000
0.986470 0.048549 -0.156590 0.000000 0.113996 -0.889575 0.442337 46.951099 -0.117824 -0.454203 -0.883073 0.000000 0.000000 0.000000 0.000000 1.000000</float_array>
        <technique_common>
          <accessor source="#mixamorig_RightLeg-Matrix-animation-output-transform-array" count="22" stride="16">
            <param type="float4x4"/>
          </accessor>
        </technique_common>
      </source>
      <source id="mixamorig_RightLeg-Interpolations">
        <Name_array id="mixamorig_RightLeg-Interpolations-array" count="22">
 LINEAR LINEAR LINEAR LINEAR LINEAR LINEAR LINEAR LINEAR LINEAR LINEAR LINEAR
LINEAR LINEAR LINEAR LINEAR LINEAR LINEAR LINEAR LINEAR LINEAR LINEAR LINEAR</Name_array>
        <technique_common>
          <accessor source="#mixamorig_RightLeg-Interpolations-array" count="22">
            <param type="name"/>
          </accessor>
        </technique_common>
      </source>
      <sampler id="mixamorig_RightLeg-Matrix-animation-transform">
        <input semantic="INPUT" source="#mixamorig_RightLeg-Matrix-animation-input"/>
        <input semantic="OUTPUT" source="#mixamorig_RightLeg-Matrix-animation-output-transform"/>
        <input semantic="INTERPOLATION" source="#mixamorig_RightLeg-Interpolations"/>
      </sampler>
      <channel source="#mixamorig_RightLeg-Matrix-animation-transform" target="mixamorig_RightLeg/matrix"/>
    </animation>
    <animation id="mixamorig_RightFoot-anim" name="mixamorig_RightFoot">
      <source id="mixamorig_RightFoot-Matrix-animation-input">
        <float_array id="mixamorig_RightFoot-Matrix-animation-input-array" count="22">

0.000000 0.033333 0.066667 0.100000 0.133333 0.166667 0.200000 0.233333 0.266667 0.300000 0.333333 0.366667 0.400000 0.433333 0.466667 0.500000
0.533333 0.566667 0.600000 0.633333 0.666667 0.700000</float_array>
        <technique_common>
          <accessor source="#mixamorig_RightFoot-Matrix-animation-input-array" count="22">
            <param name="TIME" type="float"/>
          </accessor>
        </technique_common>
      </source>
      <source id="mixamorig_RightFoot-Matrix-animation-output-transform">
        <float_array id="mixamorig_RightFoot-Matrix-animation-output-transform-array" count="352">

0.922660 -0.138569 0.359856 0.000000 0.345090 -0.119723 -0.930902 55.112000 0.172077 0.983090 -0.062645 0.000000 0.000000 0.000000 0.000000 1.000000
0.919120 -0.137876 0.369065 -0.000000 0.349785 -0.145503 -0.925462 55.112000 0.181299 0.979704 -0.085507 0.000000 0.000000 0.000000 0.000000 1.000000
0.922021 -0.135618 0.362609 0.000000 0.340057 -0.163965 -0.926000 55.112000 0.185038 0.977099 -0.105062 -0.000000 0.000000 0.000000 0.000000 1.000000
0.932865 -0.129704 0.336066 0.000000 0.310635 -0.182735 -0.932799 55.112000 0.182398 0.974569 -0.130176 0.000000 0.000000 0.000000 0.000000 1.000000
0.942353 -0.124202 0.310715 0.000000 0.280822 -0.211390 -0.936191 55.112000 0.181959 0.969478 -0.164325 0.000000 0.000000 0.000000 0.000000 1.000000
0.943595 -0.123497 0.307208 0.000000 0.269394 -0.253071 -0.929183 55.112000 0.192497 0.959533 -0.205528 -0.000000 0.000000 0.000000 0.000000 1.000000
0.937257 -0.125830 0.325140 0.000000 0.280420 -0.282056 -0.917502 55.112000 0.207157 0.951111 -0.229073 -0.000000 0.000000 0.000000 0.000000 1.000000
0.930297 -0.127528 0.343924 -0.000000 0.302035 -0.265716 -0.915516 55.112000 0.208140 0.955579 -0.208676 -0.000000 0.000000 0.000000 0.000000 1.000000
0.941682 -0.126611 0.311776 0.000000 0.289860 -0.165417 -0.942665 55.112000 0.170925 0.978063 -0.119071 -0.000000 0.000000 0.000000 0.000000 1.000000
0.959703 -0.133528 0.247266 0.000000 0.258880 0.077788 -0.962772 55.112000 0.109323 0.987987 0.109221 0.000000 0.000000 0.000000 0.000000 1.000000
0.974729 -0.170030 0.144889 0.000000 0.218685 0.593863 -0.774276 55.112000 0.045606 0.786394 0.616039 0.000000 0.000000 0.000000 0.000000 1.000000
0.934715 -0.284144 0.213473 0.000000 0.355289 0.762050 -0.541341 55.112000 -0.008859 0.581844 0.813252 -0.000000 0.000000 0.000000 0.000000 1.000000
0.958018 -0.215737 0.188838 0.000000 0.285733 0.772722 -0.566796 55.112000 -0.023641 0.596958 0.801924 0.000000 0.000000 0.000000 0.000000 1.000000
0.982605 -0.110706 0.149105 0.000000 0.182416 0.725905 -0.663163 55.112000 -0.034821 0.678827 0.733473 -0.000000 0.000000 0.000000 0.000000 1.000000
0.991878 -0.057608 0.113403 -0.000000 0.121841 0.686299 -0.717042 55.112000 -0.036521 0.725035 0.687743 0.000000 0.000000 0.000000 0.000000 1.000000
0.996223 -0.034672 0.079604 0.000000 0.080454 0.713391 -0.696133 55.112000 -0.032653 0.699908 0.713486 0.000000 0.000000 0.000000 0.000000 1.000000
0.996325 -0.049768 0.069707 0.000000 0.082175 0.784906 -0.614141 55.112000 -0.024149 0.617612 0.786112 0.000000 0.000000 0.000000 0.000000 1.000000
0.989027 -0.115030 0.092707 0.000000 0.145829 0.860656 -0.487858 55.112000 -0.023670 0.496024 0.867986 0.000000 0.000000 0.000000 0.000000 1.000000
0.968606 -0.210900 0.131617 0.000000 0.244025 0.907696 -0.341379 55.112000 -0.047472 0.362780 0.930665 0.000000 0.000000 0.000000 0.000000 1.000000
0.935490 -0.308761 0.171829 -0.000000 0.342094 0.913165 -0.221588 55.112000 -0.088491 0.266075 0.959882 -0.000000 0.000000 0.000000 0.000000 1.000000
0.906939 -0.375091 0.191751 0.000000 0.402214 0.906351 -0.129432 55.112000 -0.125244 0.194512 0.972872 0.000000 0.000000 0.000000 0.000000 1.000000
0.900054 -0.390638 0.193146 0.000000 0.413004 0.906063 -0.092069 55.112000 -0.139036 0.162637 0.976841 0.000000 0.000000 0.000000 0.000000 1.000000</float_array>
        <technique_common>
          <accessor source="#mixamorig_RightFoot-Matrix-animation-output-transform-array" count="22" stride="16">
            <param type="float4x4"/>
          </accessor>
        </technique_common>
      </source>
      <source id="mixamorig_RightFoot-Interpolations">
        <Name_array id="mixamorig_RightFoot-Interpolations-array" count="22">
 LINEAR LINEAR LINEAR LINEAR LINEAR LINEAR LINEAR LINEAR LINEAR LINEAR LINEAR
LINEAR LINEAR LINEAR LINEAR LINEAR LINEAR LINEAR LINEAR LINEAR LINEAR LINEAR</Name_array>
        <technique_common>
          <accessor source="#mixamorig_RightFoot-Interpolations-array" count="22">
            <param type="name"/>
          </accessor>
        </technique_common>
      </source>
      <sampler id="mixamorig_RightFoot-Matrix-animation-transform">
        <input semantic="INPUT" source="#mixamorig_RightFoot-Matrix-animation-input"/>
        <input semantic="OUTPUT" source="#mixamorig_RightFoot-Matrix-animation-output-transform"/>
        <input semantic="INTERPOLATION" source="#mixamorig_RightFoot-Interpolations"/>
      </sampler>
      <channel source="#mixamorig_RightFoot-Matrix-animation-transform" target="mixamorig_RightFoot/matrix"/>
    </animation>
    <animation id="mixamorig_RightToeBase-anim" name="mixamorig_RightToeBase">
      <source id="mixamorig_RightToeBase-Matrix-animation-input">
        <float_array id="mixamorig_RightToeBase-Matrix-animation-input-array" count="22">

0.000000 0.033333 0.066667 0.100000 0.133333 0.166667 0.200000 0.233333 0.266667 0.300000 0.333333 0.366667 0.400000 0.433333 0.466667 0.500000
0.533333 0.566667 0.600000 0.633333 0.666667 0.700000</float_array>
        <technique_common>
          <accessor source="#mixamorig_RightToeBase-Matrix-animation-input-array" count="22">
            <param name="TIME" type="float"/>
          </accessor>
        </technique_common>
      </source>
      <source id="mixamorig_RightToeBase-Matrix-animation-output-transform">
        <float_array id="mixamorig_RightToeBase-Matrix-animation-output-transform-array" count="352">

0.998871 0.038927 0.027218 0.000000 -0.007200 0.690488 -0.723308 22.799999 -0.046950 0.722296 0.689989 0.000000 0.000000 0.000000 0.000000 1.000000
0.999044 0.041583 0.013516 0.000000 -0.019136 0.693757 -0.719954 22.799999 -0.039315 0.719007 0.693890 0.000000 0.000000 0.000000 0.000000 1.000000
0.999031 0.043742 0.004959 0.000000 -0.026839 0.694499 -0.718993 22.799999 -0.034894 0.718163 0.694999 -0.000000 0.000000 0.000000 0.000000 1.000000
0.998943 0.045968 -0.000055 0.000000 -0.031949 0.693430 -0.719816 22.799999 -0.033051 0.719056 0.694165 0.000000 0.000000 0.000000 0.000000 1.000000
0.998825 0.048330 -0.003530 0.000000 -0.035886 0.688768 -0.724093 22.799999 -0.032564 0.723369 0.689693 0.000000 0.000000 0.000000 0.000000 1.000000
0.998664 0.045372 -0.024733 -0.000000 -0.048652 0.664260 -0.745916 22.799999 -0.017415 0.746123 0.665580 0.000000 0.000000 0.000000 0.000000 1.000000
0.998797 0.040723 -0.027328 0.000000 -0.047091 0.640744 -0.766309 22.799999 -0.013696 0.766674 0.641891 0.000000 0.000000 0.000000 0.000000 1.000000
0.998883 0.045870 -0.011318 -0.000000 -0.037429 0.622099 -0.782043 22.799999 -0.028832 0.781594 0.623121 -0.000000 0.000000 0.000000 0.000000 1.000000
0.998452 0.055349 -0.005423 -0.000000 -0.037725 0.602421 -0.797287 22.799999 -0.040862 0.796257 0.603576 0.000000 0.000000 0.000000 0.000000 1.000000
0.998333 0.053694 -0.021149 -0.000000 -0.047479 0.555910 -0.829885 22.799999 -0.032803 0.829507 0.557533 0.000000 0.000000 0.000000 0.000000 1.000000
0.993594 -0.014394 -0.112091 0.000000 -0.102656 0.299800 -0.948463 22.799999 0.047257 0.953893 0.296402 0.000000 0.000000 0.000000 0.000000 1.000000
0.989218 -0.029884 -0.143369 0.000000 -0.103261 0.551871 -0.827512 22.799999 0.103851 0.833394 0.542835 0.000000 0.000000 0.000000 0.000000 1.000000
0.985228 -0.052300 -0.163068 0.000000 -0.107040 0.555216 -0.824789 22.799999 0.133674 0.830060 0.541416 0.000000 0.000000 0.000000 0.000000 1.000000
0.987418 -0.049178 -0.150290 0.000000 -0.096569 0.565073 -0.819370 22.799999 0.125219 0.823574 0.553214 0.000000 0.000000 0.000000 0.000000 1.000000
0.990449 -0.046408 -0.129838 -0.000000 -0.077851 0.588978 -0.804390 22.799999 0.113802 0.806815 0.579740 0.000000 0.000000 0.000000 0.000000 1.000000
0.993206 -0.048324 -0.105864 0.000000 -0.053028 0.621831 -0.781354 22.799999 0.103588 0.781659 0.615044 0.000000 0.000000 0.000000 0.000000 1.000000
0.995891 -0.042919 -0.079739 0.000000 -0.031971 0.657204 -0.753034 22.799999 0.084724 0.752490 0.653132 0.000000 0.000000 0.000000 0.000000 1.000000
0.998090 -0.030284 -0.053838 0.000000 -0.018234 0.688289 -0.725207 22.799999 0.059018 0.724804 0.686423 0.000000 0.000000 0.000000 0.000000 1.000000
0.999457 -0.014015 -0.029830 0.000000 -0.010905 0.713476 -0.700595 22.799999 0.031101 0.700540 0.712935 -0.000000 0.000000 0.000000 0.000000 1.000000
0.999922 -0.006026 -0.010970 -0.000000 -0.002996 0.735763 -0.677233 22.799999 0.012153 0.677213 0.735687 -0.000000 0.000000 0.000000 0.000000 1.000000
0.999998 -0.001483 -0.001254 0.000000 0.000273 0.746621 -0.665250 22.799999 0.001923 0.665248 0.746620 0.000000 0.000000 0.000000 0.000000 1.000000
1.000000 0.000954 0.000096 0.000000 -0.000650 0.747827 -0.663893 22.799999 -0.000705 0.663892 0.747828 0.000000 0.000000 0.000000 0.000000 1.000000</float_array>
        <technique_common>
          <accessor source="#mixamorig_RightToeBase-Matrix-animation-output-transform-array" count="22" stride="16">
            <param type="float4x4"/>
          </accessor>
        </technique_common>
      </source>
      <source id="mixamorig_RightToeBase-Interpolations">
        <Name_array id="mixamorig_RightToeBase-Interpolations-array" count="22">
 LINEAR LINEAR LINEAR LINEAR LINEAR LINEAR LINEAR LINEAR LINEAR LINEAR LINEAR
LINEAR LINEAR LINEAR LINEAR LINEAR LINEAR LINEAR LINEAR LINEAR LINEAR LINEAR</Name_array>
        <technique_common>
          <accessor source="#mixamorig_RightToeBase-Interpolations-array" count="22">
            <param type="name"/>
          </accessor>
        </technique_common>
      </source>
      <sampler id="mixamorig_RightToeBase-Matrix-animation-transform">
        <input semantic="INPUT" source="#mixamorig_RightToeBase-Matrix-animation-input"/>
        <input semantic="OUTPUT" source="#mixamorig_RightToeBase-Matrix-animation-output-transform"/>
        <input semantic="INTERPOLATION" source="#mixamorig_RightToeBase-Interpolations"/>
      </sampler>
      <channel source="#mixamorig_RightToeBase-Matrix-animation-transform" target="mixamorig_RightToeBase/matrix"/>
    </animation>
    <animation id="mixamorig_L_C_skirt1-anim" name="mixamorig_L_C_skirt1">
      <source id="mixamorig_L_C_skirt1-Matrix-animation-input">
        <float_array id="mixamorig_L_C_skirt1-Matrix-animation-input-array" count="22">

0.000000 0.033333 0.066667 0.100000 0.133333 0.166667 0.200000 0.233333 0.266667 0.300000 0.333333 0.366667 0.400000 0.433333 0.466667 0.500000
0.533333 0.566667 0.600000 0.633333 0.666667 0.700000</float_array>
        <technique_common>
          <accessor source="#mixamorig_L_C_skirt1-Matrix-animation-input-array" count="22">
            <param name="TIME" type="float"/>
          </accessor>
        </technique_common>
      </source>
      <source id="mixamorig_L_C_skirt1-Matrix-animation-output-transform">
        <float_array id="mixamorig_L_C_skirt1-Matrix-animation-output-transform-array" count="352">

0.035066 0.292039 0.955763 12.441200 -0.989026 0.147481 -0.008777 4.607000 -0.143520 -0.944967 0.294006 -11.833000 0.000000 0.000000 0.000000 1.000000
0.035066 0.292039 0.955763 12.441200 -0.989026 0.147481 -0.008777 4.607000 -0.143520 -0.944967 0.294006 -11.833000 0.000000 0.000000 0.000000 1.000000
0.035066 0.292039 0.955763 12.441200 -0.989026 0.147481 -0.008777 4.607000 -0.143520 -0.944967 0.294006 -11.833000 0.000000 0.000000 0.000000 1.000000
0.035066 0.292039 0.955763 12.441200 -0.989026 0.147481 -0.008777 4.607000 -0.143520 -0.944967 0.294006 -11.833000 0.000000 0.000000 0.000000 1.000000
0.035066 0.292039 0.955763 12.441200 -0.989026 0.147481 -0.008777 4.607000 -0.143520 -0.944967 0.294006 -11.833000 0.000000 0.000000 0.000000 1.000000
0.035066 0.292039 0.955763 12.441200 -0.989026 0.147481 -0.008777 4.607000 -0.143520 -0.944967 0.294006 -11.833000 0.000000 0.000000 0.000000 1.000000
0.035066 0.292039 0.955763 12.441200 -0.989026 0.147481 -0.008777 4.607000 -0.143520 -0.944967 0.294006 -11.833000 0.000000 0.000000 0.000000 1.000000
0.035066 0.292039 0.955763 12.441200 -0.989026 0.147481 -0.008777 4.607000 -0.143520 -0.944967 0.294006 -11.833000 0.000000 0.000000 0.000000 1.000000
0.035066 0.292039 0.955763 12.441200 -0.989026 0.147481 -0.008777 4.607000 -0.143520 -0.944967 0.294006 -11.833000 0.000000 0.000000 0.000000 1.000000
0.035066 0.292039 0.955763 12.441200 -0.989026 0.147481 -0.008777 4.607000 -0.143520 -0.944967 0.294006 -11.833000 0.000000 0.000000 0.000000 1.000000
0.035066 0.292039 0.955763 12.441200 -0.989026 0.147481 -0.008777 4.607000 -0.143520 -0.944967 0.294006 -11.833000 0.000000 0.000000 0.000000 1.000000
0.035066 0.292039 0.955763 12.441200 -0.989026 0.147481 -0.008777 4.607000 -0.143520 -0.944967 0.294006 -11.833000 0.000000 0.000000 0.000000 1.000000
0.035066 0.292039 0.955763 12.441200 -0.989026 0.147481 -0.008777 4.607000 -0.143520 -0.944967 0.294006 -11.833000 0.000000 0.000000 0.000000 1.000000
0.035066 0.292039 0.955763 12.441200 -0.989026 0.147481 -0.008777 4.607000 -0.143520 -0.944967 0.294006 -11.833000 0.000000 0.000000 0.000000 1.000000
0.035066 0.292039 0.955763 12.441200 -0.989026 0.147481 -0.008777 4.607000 -0.143520 -0.944967 0.294006 -11.833000 0.000000 0.000000 0.000000 1.000000
0.035066 0.292039 0.955763 12.441200 -0.989026 0.147481 -0.008777 4.607000 -0.143520 -0.944967 0.294006 -11.833000 0.000000 0.000000 0.000000 1.000000
0.035066 0.292039 0.955763 12.441200 -0.989026 0.147481 -0.008777 4.607000 -0.143520 -0.944967 0.294006 -11.833000 0.000000 0.000000 0.000000 1.000000
0.035066 0.292039 0.955763 12.441200 -0.989026 0.147481 -0.008777 4.607000 -0.143520 -0.944967 0.294006 -11.833000 0.000000 0.000000 0.000000 1.000000
0.035066 0.292039 0.955763 12.441200 -0.989026 0.147481 -0.008777 4.607000 -0.143520 -0.944967 0.294006 -11.833000 0.000000 0.000000 0.000000 1.000000
0.035066 0.292039 0.955763 12.441200 -0.989026 0.147481 -0.008777 4.607000 -0.143520 -0.944967 0.294006 -11.833000 0.000000 0.000000 0.000000 1.000000
0.035066 0.292039 0.955763 12.441200 -0.989026 0.147481 -0.008777 4.607000 -0.143520 -0.944967 0.294006 -11.833000 0.000000 0.000000 0.000000 1.000000
0.035066 0.292039 0.955763 12.441200 -0.989026 0.147481 -0.008777 4.607000 -0.143520 -0.944967 0.294006 -11.833000 0.000000 0.000000 0.000000 1.000000</float_array>
        <technique_common>
          <accessor source="#mixamorig_L_C_skirt1-Matrix-animation-output-transform-array" count="22" stride="16">
            <param type="float4x4"/>
          </accessor>
        </technique_common>
      </source>
      <source id="mixamorig_L_C_skirt1-Interpolations">
        <Name_array id="mixamorig_L_C_skirt1-Interpolations-array" count="22">
 LINEAR LINEAR LINEAR LINEAR LINEAR LINEAR LINEAR LINEAR LINEAR LINEAR LINEAR
LINEAR LINEAR LINEAR LINEAR LINEAR LINEAR LINEAR LINEAR LINEAR LINEAR LINEAR</Name_array>
        <technique_common>
          <accessor source="#mixamorig_L_C_skirt1-Interpolations-array" count="22">
            <param type="name"/>
          </accessor>
        </technique_common>
      </source>
      <sampler id="mixamorig_L_C_skirt1-Matrix-animation-transform">
        <input semantic="INPUT" source="#mixamorig_L_C_skirt1-Matrix-animation-input"/>
        <input semantic="OUTPUT" source="#mixamorig_L_C_skirt1-Matrix-animation-output-transform"/>
        <input semantic="INTERPOLATION" source="#mixamorig_L_C_skirt1-Interpolations"/>
      </sampler>
      <channel source="#mixamorig_L_C_skirt1-Matrix-animation-transform" target="mixamorig_L_C_skirt1/matrix"/>
    </animation>
    <animation id="mixamorig_L_C_skirt2-anim" name="mixamorig_L_C_skirt2">
      <source id="mixamorig_L_C_skirt2-Matrix-animation-input">
        <float_array id="mixamorig_L_C_skirt2-Matrix-animation-input-array" count="22">

0.000000 0.033333 0.066667 0.100000 0.133333 0.166667 0.200000 0.233333 0.266667 0.300000 0.333333 0.366667 0.400000 0.433333 0.466667 0.500000
0.533333 0.566667 0.600000 0.633333 0.666667 0.700000</float_array>
        <technique_common>
          <accessor source="#mixamorig_L_C_skirt2-Matrix-animation-input-array" count="22">
            <param name="TIME" type="float"/>
          </accessor>
        </technique_common>
      </source>
      <source id="mixamorig_L_C_skirt2-Matrix-animation-output-transform">
        <float_array id="mixamorig_L_C_skirt2-Matrix-animation-output-transform-array" count="352">

1.000000 -0.000000 0.000000 27.657801 0.000000 1.000000 0.000000 0.000000 0.000000 0.000000 1.000000 -0.000000 0.000000 0.000000 0.000000 1.000000
1.000000 -0.000000 0.000000 27.657801 -0.000000 1.000000 -0.000000 -0.000000 0.000000 0.000000 1.000000 -0.000000 0.000000 0.000000 0.000000 1.000000
1.000000 -0.000000 -0.000000 27.657801 -0.000000 1.000000 0.000000 -0.000000 0.000000 -0.000000 1.000000 -0.000000 0.000000 0.000000 0.000000 1.000000
1.000000 -0.000000 -0.000000 27.657801 0.000000 1.000000 -0.000000 0.000000 -0.000000 0.000000 1.000000 0.000000 0.000000 0.000000 0.000000 1.000000
1.000000 -0.000000 -0.000000 27.657801 0.000000 1.000000 0.000000 0.000000 -0.000000 -0.000000 1.000000 0.000000 0.000000 0.000000 0.000000 1.000000
1.000000 -0.000000 0.000000 27.657801 0.000000 1.000000 0.000000 0.000000 -0.000000 -0.000000 1.000000 -0.000000 0.000000 0.000000 0.000000 1.000000
1.000000 0.000000 -0.000000 27.657801 -0.000000 1.000000 0.000000 0.000000 0.000000 0.000000 1.000000 -0.000000 0.000000 0.000000 0.000000 1.000000
1.000000 -0.000000 -0.000000 27.657801 -0.000000 1.000000 -0.000000 -0.000000 0.000000 -0.000000 1.000000 0.000000 0.000000 0.000000 0.000000 1.000000
1.000000 -0.000000 0.000000 27.657801 0.000000 1.000000 0.000000 0.000000 -0.000000 -0.000000 1.000000 0.000000 0.000000 0.000000 0.000000 1.000000
1.000000 0.000000 -0.000000 27.657801 0.000000 1.000000 0.000000 0.000000 0.000000 0.000000 1.000000 -0.000000 0.000000 0.000000 0.000000 1.000000
1.000000 -0.000000 0.000000 27.657801 0.000000 1.000000 0.000000 0.000000 0.000000 0.000000 1.000000 0.000000 0.000000 0.000000 0.000000 1.000000
1.000000 0.000000 0.000000 27.657801 0.000000 1.000000 -0.000000 0.000000 0.000000 0.000000 1.000000 0.000000 0.000000 0.000000 0.000000 1.000000
1.000000 -0.000000 0.000000 27.657801 0.000000 1.000000 0.000000 0.000000 0.000000 0.000000 1.000000 0.000000 0.000000 0.000000 0.000000 1.000000
1.000000 0.000000 0.000000 27.657801 0.000000 1.000000 0.000000 0.000000 0.000000 0.000000 1.000000 -0.000000 0.000000 0.000000 0.000000 1.000000
1.000000 -0.000000 0.000000 27.657801 -0.000000 1.000000 -0.000000 -0.000000 0.000000 -0.000000 1.000000 0.000000 0.000000 0.000000 0.000000 1.000000
1.000000 0.000000 -0.000000 27.657801 -0.000000 1.000000 0.000000 0.000000 -0.000000 0.000000 1.000000 0.000000 0.000000 0.000000 0.000000 1.000000
1.000000 0.000000 0.000000 27.657801 0.000000 1.000000 0.000000 0.000000 0.000000 0.000000 1.000000 0.000000 0.000000 0.000000 0.000000 1.000000
1.000000 -0.000000 0.000000 27.657801 0.000000 1.000000 0.000000 0.000000 -0.000000 -0.000000 1.000000 0.000000 0.000000 0.000000 0.000000 1.000000
1.000000 0.000000 0.000000 27.657801 0.000000 1.000000 -0.000000 -0.000000 -0.000000 0.000000 1.000000 -0.000000 0.000000 0.000000 0.000000 1.000000
1.000000 0.000000 -0.000000 27.657801 0.000000 1.000000 0.000000 -0.000000 0.000000 -0.000000 1.000000 -0.000000 0.000000 0.000000 0.000000 1.000000
1.000000 -0.000000 -0.000000 27.657801 0.000000 1.000000 0.000000 -0.000000 -0.000000 0.000000 1.000000 0.000000 0.000000 0.000000 0.000000 1.000000
1.000000 -0.000000 0.000000 27.657801 0.000000 1.000000 0.000000 -0.000000 0.000000 0.000000 1.000000 -0.000000 0.000000 0.000000 0.000000 1.000000</float_array>
        <technique_common>
          <accessor source="#mixamorig_L_C_skirt2-Matrix-animation-output-transform-array" count="22" stride="16">
            <param type="float4x4"/>
          </accessor>
        </technique_common>
      </source>
      <source id="mixamorig_L_C_skirt2-Interpolations">
        <Name_array id="mixamorig_L_C_skirt2-Interpolations-array" count="22">
 LINEAR LINEAR LINEAR LINEAR LINEAR LINEAR LINEAR LINEAR LINEAR LINEAR LINEAR
LINEAR LINEAR LINEAR LINEAR LINEAR LINEAR LINEAR LINEAR LINEAR LINEAR LINEAR</Name_array>
        <technique_common>
          <accessor source="#mixamorig_L_C_skirt2-Interpolations-array" count="22">
            <param type="name"/>
          </accessor>
        </technique_common>
      </source>
      <sampler id="mixamorig_L_C_skirt2-Matrix-animation-transform">
        <input semantic="INPUT" source="#mixamorig_L_C_skirt2-Matrix-animation-input"/>
        <input semantic="OUTPUT" source="#mixamorig_L_C_skirt2-Matrix-animation-output-transform"/>
        <input semantic="INTERPOLATION" source="#mixamorig_L_C_skirt2-Interpolations"/>
      </sampler>
      <channel source="#mixamorig_L_C_skirt2-Matrix-animation-transform" target="mixamorig_L_C_skirt2/matrix"/>
    </animation>
    <animation id="mixamorig_L_C_skirt3-anim" name="mixamorig_L_C_skirt3">
      <source id="mixamorig_L_C_skirt3-Matrix-animation-input">
        <float_array id="mixamorig_L_C_skirt3-Matrix-animation-input-array" count="22">

0.000000 0.033333 0.066667 0.100000 0.133333 0.166667 0.200000 0.233333 0.266667 0.300000 0.333333 0.366667 0.400000 0.433333 0.466667 0.500000
0.533333 0.566667 0.600000 0.633333 0.666667 0.700000</float_array>
        <technique_common>
          <accessor source="#mixamorig_L_C_skirt3-Matrix-animation-input-array" count="22">
            <param name="TIME" type="float"/>
          </accessor>
        </technique_common>
      </source>
      <source id="mixamorig_L_C_skirt3-Matrix-animation-output-transform">
        <float_array id="mixamorig_L_C_skirt3-Matrix-animation-output-transform-array" count="352">

1.000000 -0.000000 0.000000 23.970100 0.000000 1.000000 0.000000 -0.000000 0.000000 0.000000 1.000000 0.000000 0.000000 0.000000 0.000000 1.000000
1.000000 -0.000000 0.000000 23.970100 0.000000 1.000000 -0.000000 0.000000 0.000000 -0.000000 1.000000 0.000000 0.000000 0.000000 0.000000 1.000000
1.000000 0.000000 0.000000 23.970100 0.000000 1.000000 0.000000 0.000000 -0.000000 0.000000 1.000000 0.000000 0.000000 0.000000 0.000000 1.000000
1.000000 -0.000000 0.000000 23.970100 -0.000000 1.000000 0.000000 0.000000 -0.000000 0.000000 1.000000 0.000000 0.000000 0.000000 0.000000 1.000000
1.000000 0.000000 0.000000 23.970100 0.000000 1.000000 0.000000 0.000000 0.000000 -0.000000 1.000000 -0.000000 0.000000 0.000000 0.000000 1.000000
1.000000 -0.000000 -0.000000 23.970100 0.000000 1.000000 0.000000 -0.000000 -0.000000 -0.000000 1.000000 0.000000 0.000000 0.000000 0.000000 1.000000
1.000000 0.000000 -0.000000 23.970100 -0.000000 1.000000 0.000000 -0.000000 0.000000 0.000000 1.000000 0.000000 0.000000 0.000000 0.000000 1.000000
1.000000 -0.000000 -0.000000 23.970100 0.000000 1.000000 -0.000000 -0.000000 0.000000 -0.000000 1.000000 0.000000 0.000000 0.000000 0.000000 1.000000
1.000000 0.000000 0.000000 23.970100 0.000000 1.000000 -0.000000 0.000000 -0.000000 0.000000 1.000000 0.000000 0.000000 0.000000 0.000000 1.000000
1.000000 0.000000 -0.000000 23.970100 0.000000 1.000000 0.000000 0.000000 0.000000 0.000000 1.000000 0.000000 0.000000 0.000000 0.000000 1.000000
1.000000 -0.000000 0.000000 23.970100 -0.000000 1.000000 -0.000000 -0.000000 -0.000000 0.000000 1.000000 -0.000000 0.000000 0.000000 0.000000 1.000000
1.000000 0.000000 0.000000 23.970100 0.000000 1.000000 0.000000 0.000000 0.000000 0.000000 1.000000 -0.000000 0.000000 0.000000 0.000000 1.000000
1.000000 0.000000 -0.000000 23.970100 0.000000 1.000000 0.000000 0.000000 0.000000 0.000000 1.000000 -0.000000 0.000000 0.000000 0.000000 1.000000
1.000000 0.000000 0.000000 23.970100 -0.000000 1.000000 -0.000000 0.000000 -0.000000 0.000000 1.000000 -0.000000 0.000000 0.000000 0.000000 1.000000
1.000000 0.000000 0.000000 23.970100 0.000000 1.000000 0.000000 0.000000 0.000000 0.000000 1.000000 -0.000000 0.000000 0.000000 0.000000 1.000000
1.000000 0.000000 0.000000 23.970100 0.000000 1.000000 0.000000 0.000000 -0.000000 0.000000 1.000000 -0.000000 0.000000 0.000000 0.000000 1.000000
1.000000 -0.000000 0.000000 23.970100 -0.000000 1.000000 -0.000000 0.000000 0.000000 0.000000 1.000000 0.000000 0.000000 0.000000 0.000000 1.000000
1.000000 0.000000 0.000000 23.970100 0.000000 1.000000 -0.000000 0.000000 0.000000 0.000000 1.000000 0.000000 0.000000 0.000000 0.000000 1.000000
1.000000 -0.000000 -0.000000 23.970100 -0.000000 1.000000 -0.000000 -0.000000 0.000000 0.000000 1.000000 0.000000 0.000000 0.000000 0.000000 1.000000
1.000000 -0.000000 0.000000 23.970100 0.000000 1.000000 0.000000 0.000000 0.000000 -0.000000 1.000000 0.000000 0.000000 0.000000 0.000000 1.000000
1.000000 -0.000000 0.000000 23.970100 0.000000 1.000000 0.000000 0.000000 -0.000000 0.000000 1.000000 0.000000 0.000000 0.000000 0.000000 1.000000
1.000000 0.000000 0.000000 23.970100 0.000000 1.000000 0.000000 0.000000 0.000000 -0.000000 1.000000 -0.000000 0.000000 0.000000 0.000000 1.000000</float_array>
        <technique_common>
          <accessor source="#mixamorig_L_C_skirt3-Matrix-animation-output-transform-array" count="22" stride="16">
            <param type="float4x4"/>
          </accessor>
        </technique_common>
      </source>
      <source id="mixamorig_L_C_skirt3-Interpolations">
        <Name_array id="mixamorig_L_C_skirt3-Interpolations-array" count="22">
 LINEAR LINEAR LINEAR LINEAR LINEAR LINEAR LINEAR LINEAR LINEAR LINEAR LINEAR
LINEAR LINEAR LINEAR LINEAR LINEAR LINEAR LINEAR LINEAR LINEAR LINEAR LINEAR</Name_array>
        <technique_common>
          <accessor source="#mixamorig_L_C_skirt3-Interpolations-array" count="22">
            <param type="name"/>
          </accessor>
        </technique_common>
      </source>
      <sampler id="mixamorig_L_C_skirt3-Matrix-animation-transform">
        <input semantic="INPUT" source="#mixamorig_L_C_skirt3-Matrix-animation-input"/>
        <input semantic="OUTPUT" source="#mixamorig_L_C_skirt3-Matrix-animation-output-transform"/>
        <input semantic="INTERPOLATION" source="#mixamorig_L_C_skirt3-Interpolations"/>
      </sampler>
      <channel source="#mixamorig_L_C_skirt3-Matrix-animation-transform" target="mixamorig_L_C_skirt3/matrix"/>
    </animation>
    <animation id="mixamorig_L_A_skirt1-anim" name="mixamorig_L_A_skirt1">
      <source id="mixamorig_L_A_skirt1-Matrix-animation-input">
        <float_array id="mixamorig_L_A_skirt1-Matrix-animation-input-array" count="22">

0.000000 0.033333 0.066667 0.100000 0.133333 0.166667 0.200000 0.233333 0.266667 0.300000 0.333333 0.366667 0.400000 0.433333 0.466667 0.500000
0.533333 0.566667 0.600000 0.633333 0.666667 0.700000</float_array>
        <technique_common>
          <accessor source="#mixamorig_L_A_skirt1-Matrix-animation-input-array" count="22">
            <param name="TIME" type="float"/>
          </accessor>
        </technique_common>
      </source>
      <source id="mixamorig_L_A_skirt1-Matrix-animation-output-transform">
        <float_array id="mixamorig_L_A_skirt1-Matrix-animation-output-transform-array" count="352">

0.142123 0.623442 -0.768844 18.178400 -0.988646 0.051128 -0.141295 3.981100 -0.048780 0.780196 0.623630 19.504801 0.000000 0.000000 0.000000 1.000000
0.142123 0.623442 -0.768844 18.178400 -0.988646 0.051128 -0.141295 3.981100 -0.048780 0.780196 0.623630 19.504801 0.000000 0.000000 0.000000 1.000000
0.142123 0.623442 -0.768844 18.178400 -0.988646 0.051128 -0.141295 3.981100 -0.048780 0.780196 0.623630 19.504801 0.000000 0.000000 0.000000 1.000000
0.142123 0.623442 -0.768844 18.178400 -0.988646 0.051128 -0.141295 3.981100 -0.048780 0.780196 0.623630 19.504801 0.000000 0.000000 0.000000 1.000000
0.142123 0.623442 -0.768844 18.178400 -0.988646 0.051128 -0.141295 3.981100 -0.048780 0.780196 0.623630 19.504801 0.000000 0.000000 0.000000 1.000000
0.142123 0.623442 -0.768844 18.178400 -0.988646 0.051128 -0.141295 3.981100 -0.048780 0.780196 0.623630 19.504801 0.000000 0.000000 0.000000 1.000000
0.142123 0.623442 -0.768844 18.178400 -0.988646 0.051128 -0.141295 3.981100 -0.048780 0.780196 0.623630 19.504801 0.000000 0.000000 0.000000 1.000000
0.142123 0.623442 -0.768844 18.178400 -0.988646 0.051128 -0.141295 3.981100 -0.048780 0.780196 0.623630 19.504801 0.000000 0.000000 0.000000 1.000000
0.142123 0.623442 -0.768844 18.178400 -0.988646 0.051128 -0.141295 3.981100 -0.048780 0.780196 0.623630 19.504801 0.000000 0.000000 0.000000 1.000000
0.142123 0.623442 -0.768844 18.178400 -0.988646 0.051128 -0.141295 3.981100 -0.048780 0.780196 0.623630 19.504801 0.000000 0.000000 0.000000 1.000000
0.142123 0.623442 -0.768844 18.178400 -0.988646 0.051128 -0.141295 3.981100 -0.048780 0.780196 0.623630 19.504801 0.000000 0.000000 0.000000 1.000000
0.142123 0.623442 -0.768844 18.178400 -0.988646 0.051128 -0.141295 3.981100 -0.048780 0.780196 0.623630 19.504801 0.000000 0.000000 0.000000 1.000000
0.142123 0.623442 -0.768844 18.178400 -0.988646 0.051128 -0.141295 3.981100 -0.048780 0.780196 0.623630 19.504801 0.000000 0.000000 0.000000 1.000000
0.142123 0.623442 -0.768844 18.178400 -0.988646 0.051128 -0.141295 3.981100 -0.048780 0.780196 0.623630 19.504801 0.000000 0.000000 0.000000 1.000000
0.142123 0.623442 -0.768844 18.178400 -0.988646 0.051128 -0.141295 3.981100 -0.048780 0.780196 0.623630 19.504801 0.000000 0.000000 0.000000 1.000000
0.142123 0.623442 -0.768844 18.178400 -0.988646 0.051128 -0.141295 3.981100 -0.048780 0.780196 0.623630 19.504801 0.000000 0.000000 0.000000 1.000000
0.142123 0.623442 -0.768844 18.178400 -0.988646 0.051128 -0.141295 3.981100 -0.048780 0.780196 0.623630 19.504801 0.000000 0.000000 0.000000 1.000000
0.142123 0.623442 -0.768844 18.178400 -0.988646 0.051128 -0.141295 3.981100 -0.048780 0.780196 0.623630 19.504801 0.000000 0.000000 0.000000 1.000000
0.142123 0.623442 -0.768844 18.178400 -0.988646 0.051128 -0.141295 3.981100 -0.048780 0.780196 0.623630 19.504801 0.000000 0.000000 0.000000 1.000000
0.142123 0.623442 -0.768844 18.178400 -0.988646 0.051128 -0.141295 3.981100 -0.048780 0.780196 0.623630 19.504801 0.000000 0.000000 0.000000 1.000000
0.142123 0.623442 -0.768844 18.178400 -0.988646 0.051128 -0.141295 3.981100 -0.048780 0.780196 0.623630 19.504801 0.000000 0.000000 0.000000 1.000000
0.142123 0.623442 -0.768844 18.178400 -0.988646 0.051128 -0.141295 3.981100 -0.048780 0.780196 0.623630 19.504801 0.000000 0.000000 0.000000 1.000000</float_array>
        <technique_common>
          <accessor source="#mixamorig_L_A_skirt1-Matrix-animation-output-transform-array" count="22" stride="16">
            <param type="float4x4"/>
          </accessor>
        </technique_common>
      </source>
      <source id="mixamorig_L_A_skirt1-Interpolations">
        <Name_array id="mixamorig_L_A_skirt1-Interpolations-array" count="22">
 LINEAR LINEAR LINEAR LINEAR LINEAR LINEAR LINEAR LINEAR LINEAR LINEAR LINEAR
LINEAR LINEAR LINEAR LINEAR LINEAR LINEAR LINEAR LINEAR LINEAR LINEAR LINEAR</Name_array>
        <technique_common>
          <accessor source="#mixamorig_L_A_skirt1-Interpolations-array" count="22">
            <param type="name"/>
          </accessor>
        </technique_common>
      </source>
      <sampler id="mixamorig_L_A_skirt1-Matrix-animation-transform">
        <input semantic="INPUT" source="#mixamorig_L_A_skirt1-Matrix-animation-input"/>
        <input semantic="OUTPUT" source="#mixamorig_L_A_skirt1-Matrix-animation-output-transform"/>
        <input semantic="INTERPOLATION" source="#mixamorig_L_A_skirt1-Interpolations"/>
      </sampler>
      <channel source="#mixamorig_L_A_skirt1-Matrix-animation-transform" target="mixamorig_L_A_skirt1/matrix"/>
    </animation>
    <animation id="mixamorig_L_A_skirt2-anim" name="mixamorig_L_A_skirt2">
      <source id="mixamorig_L_A_skirt2-Matrix-animation-input">
        <float_array id="mixamorig_L_A_skirt2-Matrix-animation-input-array" count="22">

0.000000 0.033333 0.066667 0.100000 0.133333 0.166667 0.200000 0.233333 0.266667 0.300000 0.333333 0.366667 0.400000 0.433333 0.466667 0.500000
0.533333 0.566667 0.600000 0.633333 0.666667 0.700000</float_array>
        <technique_common>
          <accessor source="#mixamorig_L_A_skirt2-Matrix-animation-input-array" count="22">
            <param name="TIME" type="float"/>
          </accessor>
        </technique_common>
      </source>
      <source id="mixamorig_L_A_skirt2-Matrix-animation-output-transform">
        <float_array id="mixamorig_L_A_skirt2-Matrix-animation-output-transform-array" count="352">

1.000000 -0.000000 -0.000000 27.335699 0.000000 1.000000 0.000000 0.000000 -0.000000 0.000000 1.000000 -0.000000 0.000000 0.000000 0.000000 1.000000
1.000000 0.000000 0.000000 27.335699 -0.000000 1.000000 -0.000000 0.000000 0.000000 -0.000000 1.000000 0.000000 0.000000 0.000000 0.000000 1.000000
1.000000 -0.000000 -0.000000 27.335699 -0.000000 1.000000 0.000000 0.000000 -0.000000 0.000000 1.000000 0.000000 0.000000 0.000000 0.000000 1.000000
1.000000 0.000000 -0.000000 27.335699 -0.000000 1.000000 -0.000000 0.000000 0.000000 0.000000 1.000000 0.000000 0.000000 0.000000 0.000000 1.000000
1.000000 -0.000000 -0.000000 27.335699 0.000000 1.000000 0.000000 0.000000 -0.000000 -0.000000 1.000000 -0.000000 0.000000 0.000000 0.000000 1.000000
1.000000 -0.000000 -0.000000 27.335699 -0.000000 1.000000 0.000000 0.000000 -0.000000 0.000000 1.000000 0.000000 0.000000 0.000000 0.000000 1.000000
1.000000 0.000000 0.000000 27.335699 0.000000 1.000000 -0.000000 0.000000 -0.000000 0.000000 1.000000 0.000000 0.000000 0.000000 0.000000 1.000000
1.000000 0.000000 -0.000000 27.335699 -0.000000 1.000000 0.000000 0.000000 0.000000 0.000000 1.000000 -0.000000 0.000000 0.000000 0.000000 1.000000
1.000000 0.000000 0.000000 27.335699 0.000000 1.000000 -0.000000 0.000000 -0.000000 0.000000 1.000000 0.000000 0.000000 0.000000 0.000000 1.000000
1.000000 0.000000 0.000000 27.335699 0.000000 1.000000 -0.000000 0.000000 -0.000000 0.000000 1.000000 -0.000000 0.000000 0.000000 0.000000 1.000000
1.000000 -0.000000 -0.000000 27.335699 0.000000 1.000000 0.000000 -0.000000 0.000000 0.000000 1.000000 0.000000 0.000000 0.000000 0.000000 1.000000
1.000000 0.000000 -0.000000 27.335699 0.000000 1.000000 0.000000 -0.000000 0.000000 -0.000000 1.000000 0.000000 0.000000 0.000000 0.000000 1.000000
1.000000 -0.000000 0.000000 27.335699 -0.000000 1.000000 0.000000 0.000000 0.000000 -0.000000 1.000000 0.000000 0.000000 0.000000 0.000000 1.000000
1.000000 0.000000 -0.000000 27.335699 -0.000000 1.000000 0.000000 0.000000 -0.000000 0.000000 1.000000 -0.000000 0.000000 0.000000 0.000000 1.000000
1.000000 0.000000 -0.000000 27.335699 0.000000 1.000000 0.000000 0.000000 0.000000 0.000000 1.000000 0.000000 0.000000 0.000000 0.000000 1.000000
1.000000 0.000000 -0.000000 27.335699 0.000000 1.000000 0.000000 0.000000 -0.000000 0.000000 1.000000 0.000000 0.000000 0.000000 0.000000 1.000000
1.000000 0.000000 0.000000 27.335699 0.000000 1.000000 -0.000000 0.000000 -0.000000 0.000000 1.000000 0.000000 0.000000 0.000000 0.000000 1.000000
1.000000 0.000000 0.000000 27.335699 0.000000 1.000000 0.000000 0.000000 -0.000000 0.000000 1.000000 -0.000000 0.000000 0.000000 0.000000 1.000000
1.000000 -0.000000 -0.000000 27.335699 0.000000 1.000000 0.000000 0.000000 -0.000000 0.000000 1.000000 -0.000000 0.000000 0.000000 0.000000 1.000000
1.000000 0.000000 0.000000 27.335699 0.000000 1.000000 0.000000 0.000000 0.000000 -0.000000 1.000000 0.000000 0.000000 0.000000 0.000000 1.000000
1.000000 0.000000 0.000000 27.335699 0.000000 1.000000 0.000000 -0.000000 0.000000 0.000000 1.000000 0.000000 0.000000 0.000000 0.000000 1.000000
1.000000 0.000000 -0.000000 27.335699 0.000000 1.000000 0.000000 -0.000000 -0.000000 0.000000 1.000000 -0.000000 0.000000 0.000000 0.000000 1.000000</float_array>
        <technique_common>
          <accessor source="#mixamorig_L_A_skirt2-Matrix-animation-output-transform-array" count="22" stride="16">
            <param type="float4x4"/>
          </accessor>
        </technique_common>
      </source>
      <source id="mixamorig_L_A_skirt2-Interpolations">
        <Name_array id="mixamorig_L_A_skirt2-Interpolations-array" count="22">
 LINEAR LINEAR LINEAR LINEAR LINEAR LINEAR LINEAR LINEAR LINEAR LINEAR LINEAR
LINEAR LINEAR LINEAR LINEAR LINEAR LINEAR LINEAR LINEAR LINEAR LINEAR LINEAR</Name_array>
        <technique_common>
          <accessor source="#mixamorig_L_A_skirt2-Interpolations-array" count="22">
            <param type="name"/>
          </accessor>
        </technique_common>
      </source>
      <sampler id="mixamorig_L_A_skirt2-Matrix-animation-transform">
        <input semantic="INPUT" source="#mixamorig_L_A_skirt2-Matrix-animation-input"/>
        <input semantic="OUTPUT" source="#mixamorig_L_A_skirt2-Matrix-animation-output-transform"/>
        <input semantic="INTERPOLATION" source="#mixamorig_L_A_skirt2-Interpolations"/>
      </sampler>
      <channel source="#mixamorig_L_A_skirt2-Matrix-animation-transform" target="mixamorig_L_A_skirt2/matrix"/>
    </animation>
    <animation id="mixamorig_L_A_skirt3-anim" name="mixamorig_L_A_skirt3">
      <source id="mixamorig_L_A_skirt3-Matrix-animation-input">
        <float_array id="mixamorig_L_A_skirt3-Matrix-animation-input-array" count="22">

0.000000 0.033333 0.066667 0.100000 0.133333 0.166667 0.200000 0.233333 0.266667 0.300000 0.333333 0.366667 0.400000 0.433333 0.466667 0.500000
0.533333 0.566667 0.600000 0.633333 0.666667 0.700000</float_array>
        <technique_common>
          <accessor source="#mixamorig_L_A_skirt3-Matrix-animation-input-array" count="22">
            <param name="TIME" type="float"/>
          </accessor>
        </technique_common>
      </source>
      <source id="mixamorig_L_A_skirt3-Matrix-animation-output-transform">
        <float_array id="mixamorig_L_A_skirt3-Matrix-animation-output-transform-array" count="352">

1.000000 -0.000000 -0.000000 27.066099 0.000000 1.000000 0.000000 0.000000 -0.000000 -0.000000 1.000000 0.000000 0.000000 0.000000 0.000000 1.000000
1.000000 0.000000 -0.000000 27.066099 0.000000 1.000000 -0.000000 -0.000000 0.000000 0.000000 1.000000 0.000000 0.000000 0.000000 0.000000 1.000000
1.000000 0.000000 0.000000 27.066099 0.000000 1.000000 0.000000 0.000000 -0.000000 -0.000000 1.000000 0.000000 0.000000 0.000000 0.000000 1.000000
1.000000 0.000000 -0.000000 27.066099 0.000000 1.000000 0.000000 -0.000000 0.000000 0.000000 1.000000 0.000000 0.000000 0.000000 0.000000 1.000000
1.000000 0.000000 -0.000000 27.066099 0.000000 1.000000 0.000000 -0.000000 -0.000000 -0.000000 1.000000 -0.000000 0.000000 0.000000 0.000000 1.000000
1.000000 0.000000 0.000000 27.066099 -0.000000 1.000000 0.000000 0.000000 0.000000 0.000000 1.000000 -0.000000 0.000000 0.000000 0.000000 1.000000
1.000000 0.000000 -0.000000 27.066099 0.000000 1.000000 -0.000000 0.000000 -0.000000 0.000000 1.000000 0.000000 0.000000 0.000000 0.000000 1.000000
1.000000 -0.000000 0.000000 27.066099 -0.000000 1.000000 0.000000 -0.000000 0.000000 -0.000000 1.000000 0.000000 0.000000 0.000000 0.000000 1.000000
1.000000 0.000000 -0.000000 27.066099 0.000000 1.000000 -0.000000 0.000000 -0.000000 0.000000 1.000000 0.000000 0.000000 0.000000 0.000000 1.000000
1.000000 0.000000 -0.000000 27.066099 0.000000 1.000000 0.000000 0.000000 -0.000000 -0.000000 1.000000 0.000000 0.000000 0.000000 0.000000 1.000000
1.000000 -0.000000 -0.000000 27.066099 0.000000 1.000000 0.000000 -0.000000 0.000000 -0.000000 1.000000 0.000000 0.000000 0.000000 0.000000 1.000000
1.000000 0.000000 -0.000000 27.066099 0.000000 1.000000 0.000000 0.000000 0.000000 -0.000000 1.000000 0.000000 0.000000 0.000000 0.000000 1.000000
1.000000 0.000000 0.000000 27.066099 -0.000000 1.000000 -0.000000 -0.000000 0.000000 -0.000000 1.000000 0.000000 0.000000 0.000000 0.000000 1.000000
1.000000 0.000000 -0.000000 27.066099 -0.000000 1.000000 0.000000 0.000000 0.000000 0.000000 1.000000 0.000000 0.000000 0.000000 0.000000 1.000000
1.000000 -0.000000 0.000000 27.066099 0.000000 1.000000 0.000000 0.000000 0.000000 0.000000 1.000000 0.000000 0.000000 0.000000 0.000000 1.000000
1.000000 0.000000 -0.000000 27.066099 0.000000 1.000000 0.000000 0.000000 -0.000000 0.000000 1.000000 0.000000 0.000000 0.000000 0.000000 1.000000
1.000000 0.000000 0.000000 27.066099 0.000000 1.000000 -0.000000 -0.000000 0.000000 -0.000000 1.000000 -0.000000 0.000000 0.000000 0.000000 1.000000
1.000000 0.000000 0.000000 27.066099 0.000000 1.000000 0.000000 -0.000000 -0.000000 0.000000 1.000000 0.000000 0.000000 0.000000 0.000000 1.000000
1.000000 0.000000 -0.000000 27.066099 0.000000 1.000000 0.000000 0.000000 -0.000000 -0.000000 1.000000 0.000000 0.000000 0.000000 0.000000 1.000000
1.000000 -0.000000 0.000000 27.066099 0.000000 1.000000 0.000000 0.000000 0.000000 0.000000 1.000000 0.000000 0.000000 0.000000 0.000000 1.000000
1.000000 -0.000000 -0.000000 27.066099 0.000000 1.000000 0.000000 0.000000 -0.000000 0.000000 1.000000 -0.000000 0.000000 0.000000 0.000000 1.000000
1.000000 0.000000 -0.000000 27.066099 0.000000 1.000000 -0.000000 -0.000000 -0.000000 0.000000 1.000000 0.000000 0.000000 0.000000 0.000000 1.000000</float_array>
        <technique_common>
          <accessor source="#mixamorig_L_A_skirt3-Matrix-animation-output-transform-array" count="22" stride="16">
            <param type="float4x4"/>
          </accessor>
        </technique_common>
      </source>
      <source id="mixamorig_L_A_skirt3-Interpolations">
        <Name_array id="mixamorig_L_A_skirt3-Interpolations-array" count="22">
 LINEAR LINEAR LINEAR LINEAR LINEAR LINEAR LINEAR LINEAR LINEAR LINEAR LINEAR
LINEAR LINEAR LINEAR LINEAR LINEAR LINEAR LINEAR LINEAR LINEAR LINEAR LINEAR</Name_array>
        <technique_common>
          <accessor source="#mixamorig_L_A_skirt3-Interpolations-array" count="22">
            <param type="name"/>
          </accessor>
        </technique_common>
      </source>
      <sampler id="mixamorig_L_A_skirt3-Matrix-animation-transform">
        <input semantic="INPUT" source="#mixamorig_L_A_skirt3-Matrix-animation-input"/>
        <input semantic="OUTPUT" source="#mixamorig_L_A_skirt3-Matrix-animation-output-transform"/>
        <input semantic="INTERPOLATION" source="#mixamorig_L_A_skirt3-Interpolations"/>
      </sampler>
      <channel source="#mixamorig_L_A_skirt3-Matrix-animation-transform" target="mixamorig_L_A_skirt3/matrix"/>
    </animation>
    <animation id="mixamorig_L_B_skirt1-anim" name="mixamorig_L_B_skirt1">
      <source id="mixamorig_L_B_skirt1-Matrix-animation-input">
        <float_array id="mixamorig_L_B_skirt1-Matrix-animation-input-array" count="22">

0.000000 0.033333 0.066667 0.100000 0.133333 0.166667 0.200000 0.233333 0.266667 0.300000 0.333333 0.366667 0.400000 0.433333 0.466667 0.500000
0.533333 0.566667 0.600000 0.633333 0.666667 0.700000</float_array>
        <technique_common>
          <accessor source="#mixamorig_L_B_skirt1-Matrix-animation-input-array" count="22">
            <param name="TIME" type="float"/>
          </accessor>
        </technique_common>
      </source>
      <source id="mixamorig_L_B_skirt1-Matrix-animation-output-transform">
        <float_array id="mixamorig_L_B_skirt1-Matrix-animation-output-transform-array" count="352">

0.142186 0.942169 0.303482 22.933800 -0.985105 0.164643 -0.049605 6.145800 -0.096702 -0.291908 0.951545 0.309300 0.000000 0.000000 0.000000 1.000000
0.142186 0.942169 0.303482 22.933800 -0.985105 0.164643 -0.049605 6.145800 -0.096702 -0.291908 0.951545 0.309300 0.000000 0.000000 0.000000 1.000000
0.142186 0.942169 0.303482 22.933800 -0.985105 0.164643 -0.049605 6.145800 -0.096702 -0.291908 0.951545 0.309300 0.000000 0.000000 0.000000 1.000000
0.142186 0.942169 0.303482 22.933800 -0.985105 0.164643 -0.049605 6.145800 -0.096702 -0.291908 0.951545 0.309300 0.000000 0.000000 0.000000 1.000000
0.142186 0.942169 0.303482 22.933800 -0.985105 0.164643 -0.049605 6.145800 -0.096702 -0.291908 0.951545 0.309300 0.000000 0.000000 0.000000 1.000000
0.142186 0.942169 0.303482 22.933800 -0.985105 0.164643 -0.049605 6.145800 -0.096702 -0.291908 0.951545 0.309300 0.000000 0.000000 0.000000 1.000000
0.142186 0.942169 0.303482 22.933800 -0.985105 0.164643 -0.049605 6.145800 -0.096702 -0.291908 0.951545 0.309300 0.000000 0.000000 0.000000 1.000000
0.142186 0.942169 0.303482 22.933800 -0.985105 0.164643 -0.049605 6.145800 -0.096702 -0.291908 0.951545 0.309300 0.000000 0.000000 0.000000 1.000000
0.142186 0.942169 0.303482 22.933800 -0.985105 0.164643 -0.049605 6.145800 -0.096702 -0.291908 0.951545 0.309300 0.000000 0.000000 0.000000 1.000000
0.142186 0.942169 0.303482 22.933800 -0.985105 0.164643 -0.049605 6.145800 -0.096702 -0.291908 0.951545 0.309300 0.000000 0.000000 0.000000 1.000000
0.142186 0.942169 0.303482 22.933800 -0.985105 0.164643 -0.049605 6.145800 -0.096702 -0.291908 0.951545 0.309300 0.000000 0.000000 0.000000 1.000000
0.142186 0.942169 0.303482 22.933800 -0.985105 0.164643 -0.049605 6.145800 -0.096702 -0.291908 0.951545 0.309300 0.000000 0.000000 0.000000 1.000000
0.142186 0.942169 0.303482 22.933800 -0.985105 0.164643 -0.049605 6.145800 -0.096702 -0.291908 0.951545 0.309300 0.000000 0.000000 0.000000 1.000000
0.142186 0.942169 0.303482 22.933800 -0.985105 0.164643 -0.049605 6.145800 -0.096702 -0.291908 0.951545 0.309300 0.000000 0.000000 0.000000 1.000000
0.142186 0.942169 0.303482 22.933800 -0.985105 0.164643 -0.049605 6.145800 -0.096702 -0.291908 0.951545 0.309300 0.000000 0.000000 0.000000 1.000000
0.142186 0.942169 0.303482 22.933800 -0.985105 0.164643 -0.049605 6.145800 -0.096702 -0.291908 0.951545 0.309300 0.000000 0.000000 0.000000 1.000000
0.142186 0.942169 0.303482 22.933800 -0.985105 0.164643 -0.049605 6.145800 -0.096702 -0.291908 0.951545 0.309300 0.000000 0.000000 0.000000 1.000000
0.142186 0.942169 0.303482 22.933800 -0.985105 0.164643 -0.049605 6.145800 -0.096702 -0.291908 0.951545 0.309300 0.000000 0.000000 0.000000 1.000000
0.142186 0.942169 0.303482 22.933800 -0.985105 0.164643 -0.049605 6.145800 -0.096702 -0.291908 0.951545 0.309300 0.000000 0.000000 0.000000 1.000000
0.142186 0.942169 0.303482 22.933800 -0.985105 0.164643 -0.049605 6.145800 -0.096702 -0.291908 0.951545 0.309300 0.000000 0.000000 0.000000 1.000000
0.142186 0.942169 0.303482 22.933800 -0.985105 0.164643 -0.049605 6.145800 -0.096702 -0.291908 0.951545 0.309300 0.000000 0.000000 0.000000 1.000000
0.142186 0.942169 0.303482 22.933800 -0.985105 0.164643 -0.049605 6.145800 -0.096702 -0.291908 0.951545 0.309300 0.000000 0.000000 0.000000 1.000000</float_array>
        <technique_common>
          <accessor source="#mixamorig_L_B_skirt1-Matrix-animation-output-transform-array" count="22" stride="16">
            <param type="float4x4"/>
          </accessor>
        </technique_common>
      </source>
      <source id="mixamorig_L_B_skirt1-Interpolations">
        <Name_array id="mixamorig_L_B_skirt1-Interpolations-array" count="22">
 LINEAR LINEAR LINEAR LINEAR LINEAR LINEAR LINEAR LINEAR LINEAR LINEAR LINEAR
LINEAR LINEAR LINEAR LINEAR LINEAR LINEAR LINEAR LINEAR LINEAR LINEAR LINEAR</Name_array>
        <technique_common>
          <accessor source="#mixamorig_L_B_skirt1-Interpolations-array" count="22">
            <param type="name"/>
          </accessor>
        </technique_common>
      </source>
      <sampler id="mixamorig_L_B_skirt1-Matrix-animation-transform">
        <input semantic="INPUT" source="#mixamorig_L_B_skirt1-Matrix-animation-input"/>
        <input semantic="OUTPUT" source="#mixamorig_L_B_skirt1-Matrix-animation-output-transform"/>
        <input semantic="INTERPOLATION" source="#mixamorig_L_B_skirt1-Interpolations"/>
      </sampler>
      <channel source="#mixamorig_L_B_skirt1-Matrix-animation-transform" target="mixamorig_L_B_skirt1/matrix"/>
    </animation>
    <animation id="mixamorig_L_B_skirt2-anim" name="mixamorig_L_B_skirt2">
      <source id="mixamorig_L_B_skirt2-Matrix-animation-input">
        <float_array id="mixamorig_L_B_skirt2-Matrix-animation-input-array" count="22">

0.000000 0.033333 0.066667 0.100000 0.133333 0.166667 0.200000 0.233333 0.266667 0.300000 0.333333 0.366667 0.400000 0.433333 0.466667 0.500000
0.533333 0.566667 0.600000 0.633333 0.666667 0.700000</float_array>
        <technique_common>
          <accessor source="#mixamorig_L_B_skirt2-Matrix-animation-input-array" count="22">
            <param name="TIME" type="float"/>
          </accessor>
        </technique_common>
      </source>
      <source id="mixamorig_L_B_skirt2-Matrix-animation-output-transform">
        <float_array id="mixamorig_L_B_skirt2-Matrix-animation-output-transform-array" count="352">

1.000000 0.000000 -0.000000 27.083401 -0.000000 1.000000 0.000000 0.000000 0.000000 0.000000 1.000000 0.000000 0.000000 0.000000 0.000000 1.000000
1.000000 0.000000 -0.000000 27.083401 0.000000 1.000000 -0.000000 0.000000 -0.000000 0.000000 1.000000 -0.000000 0.000000 0.000000 0.000000 1.000000
1.000000 -0.000000 0.000000 27.083401 0.000000 1.000000 0.000000 0.000000 -0.000000 -0.000000 1.000000 0.000000 0.000000 0.000000 0.000000 1.000000
1.000000 -0.000000 0.000000 27.083401 -0.000000 1.000000 -0.000000 0.000000 -0.000000 0.000000 1.000000 -0.000000 0.000000 0.000000 0.000000 1.000000
1.000000 0.000000 0.000000 27.083401 -0.000000 1.000000 0.000000 0.000000 -0.000000 -0.000000 1.000000 0.000000 0.000000 0.000000 0.000000 1.000000
1.000000 -0.000000 0.000000 27.083401 -0.000000 1.000000 0.000000 0.000000 0.000000 0.000000 1.000000 -0.000000 0.000000 0.000000 0.000000 1.000000
1.000000 0.000000 -0.000000 27.083401 -0.000000 1.000000 0.000000 0.000000 -0.000000 0.000000 1.000000 -0.000000 0.000000 0.000000 0.000000 1.000000
1.000000 0.000000 0.000000 27.083401 -0.000000 1.000000 0.000000 0.000000 0.000000 0.000000 1.000000 0.000000 0.000000 0.000000 0.000000 1.000000
1.000000 0.000000 0.000000 27.083401 0.000000 1.000000 -0.000000 0.000000 -0.000000 -0.000000 1.000000 0.000000 0.000000 0.000000 0.000000 1.000000
1.000000 0.000000 0.000000 27.083401 0.000000 1.000000 -0.000000 0.000000 0.000000 0.000000 1.000000 -0.000000 0.000000 0.000000 0.000000 1.000000
1.000000 0.000000 0.000000 27.083401 0.000000 1.000000 -0.000000 0.000000 -0.000000 0.000000 1.000000 0.000000 0.000000 0.000000 0.000000 1.000000
1.000000 -0.000000 -0.000000 27.083401 -0.000000 1.000000 0.000000 0.000000 0.000000 0.000000 1.000000 0.000000 0.000000 0.000000 0.000000 1.000000
1.000000 0.000000 -0.000000 27.083401 0.000000 1.000000 0.000000 0.000000 0.000000 -0.000000 1.000000 0.000000 0.000000 0.000000 0.000000 1.000000
1.000000 0.000000 -0.000000 27.083401 -0.000000 1.000000 -0.000000 -0.000000 -0.000000 -0.000000 1.000000 0.000000 0.000000 0.000000 0.000000 1.000000
1.000000 0.000000 -0.000000 27.083401 -0.000000 1.000000 0.000000 0.000000 0.000000 0.000000 1.000000 0.000000 0.000000 0.000000 0.000000 1.000000
1.000000 -0.000000 0.000000 27.083401 -0.000000 1.000000 0.000000 -0.000000 -0.000000 0.000000 1.000000 0.000000 0.000000 0.000000 0.000000 1.000000
1.000000 -0.000000 0.000000 27.083401 0.000000 1.000000 -0.000000 0.000000 -0.000000 -0.000000 1.000000 0.000000 0.000000 0.000000 0.000000 1.000000
1.000000 0.000000 0.000000 27.083401 0.000000 1.000000 0.000000 -0.000000 0.000000 -0.000000 1.000000 0.000000 0.000000 0.000000 0.000000 1.000000
1.000000 0.000000 0.000000 27.083401 0.000000 1.000000 -0.000000 0.000000 0.000000 0.000000 1.000000 0.000000 0.000000 0.000000 0.000000 1.000000
1.000000 -0.000000 0.000000 27.083401 0.000000 1.000000 0.000000 -0.000000 0.000000 -0.000000 1.000000 0.000000 0.000000 0.000000 0.000000 1.000000
1.000000 -0.000000 0.000000 27.083401 0.000000 1.000000 0.000000 -0.000000 0.000000 -0.000000 1.000000 0.000000 0.000000 0.000000 0.000000 1.000000
1.000000 -0.000000 0.000000 27.083401 -0.000000 1.000000 -0.000000 0.000000 -0.000000 0.000000 1.000000 0.000000 0.000000 0.000000 0.000000 1.000000</float_array>
        <technique_common>
          <accessor source="#mixamorig_L_B_skirt2-Matrix-animation-output-transform-array" count="22" stride="16">
            <param type="float4x4"/>
          </accessor>
        </technique_common>
      </source>
      <source id="mixamorig_L_B_skirt2-Interpolations">
        <Name_array id="mixamorig_L_B_skirt2-Interpolations-array" count="22">
 LINEAR LINEAR LINEAR LINEAR LINEAR LINEAR LINEAR LINEAR LINEAR LINEAR LINEAR
LINEAR LINEAR LINEAR LINEAR LINEAR LINEAR LINEAR LINEAR LINEAR LINEAR LINEAR</Name_array>
        <technique_common>
          <accessor source="#mixamorig_L_B_skirt2-Interpolations-array" count="22">
            <param type="name"/>
          </accessor>
        </technique_common>
      </source>
      <sampler id="mixamorig_L_B_skirt2-Matrix-animation-transform">
        <input semantic="INPUT" source="#mixamorig_L_B_skirt2-Matrix-animation-input"/>
        <input semantic="OUTPUT" source="#mixamorig_L_B_skirt2-Matrix-animation-output-transform"/>
        <input semantic="INTERPOLATION" source="#mixamorig_L_B_skirt2-Interpolations"/>
      </sampler>
      <channel source="#mixamorig_L_B_skirt2-Matrix-animation-transform" target="mixamorig_L_B_skirt2/matrix"/>
    </animation>
    <animation id="mixamorig_L_B_skirt3-anim" name="mixamorig_L_B_skirt3">
      <source id="mixamorig_L_B_skirt3-Matrix-animation-input">
        <float_array id="mixamorig_L_B_skirt3-Matrix-animation-input-array" count="22">

0.000000 0.033333 0.066667 0.100000 0.133333 0.166667 0.200000 0.233333 0.266667 0.300000 0.333333 0.366667 0.400000 0.433333 0.466667 0.500000
0.533333 0.566667 0.600000 0.633333 0.666667 0.700000</float_array>
        <technique_common>
          <accessor source="#mixamorig_L_B_skirt3-Matrix-animation-input-array" count="22">
            <param name="TIME" type="float"/>
          </accessor>
        </technique_common>
      </source>
      <source id="mixamorig_L_B_skirt3-Matrix-animation-output-transform">
        <float_array id="mixamorig_L_B_skirt3-Matrix-animation-output-transform-array" count="352">

1.000000 -0.000000 0.000000 26.734800 0.000000 1.000000 0.000000 -0.000000 -0.000000 0.000000 1.000000 -0.000000 0.000000 0.000000 0.000000 1.000000
1.000000 -0.000000 0.000000 26.734800 -0.000000 1.000000 0.000000 0.000000 0.000000 -0.000000 1.000000 0.000000 0.000000 0.000000 0.000000 1.000000
1.000000 -0.000000 0.000000 26.734800 0.000000 1.000000 0.000000 0.000000 0.000000 -0.000000 1.000000 0.000000 0.000000 0.000000 0.000000 1.000000
1.000000 -0.000000 0.000000 26.734800 -0.000000 1.000000 0.000000 0.000000 -0.000000 0.000000 1.000000 0.000000 0.000000 0.000000 0.000000 1.000000
1.000000 0.000000 -0.000000 26.734800 -0.000000 1.000000 0.000000 -0.000000 -0.000000 -0.000000 1.000000 -0.000000 0.000000 0.000000 0.000000 1.000000
1.000000 0.000000 -0.000000 26.734800 -0.000000 1.000000 0.000000 0.000000 0.000000 0.000000 1.000000 0.000000 0.000000 0.000000 0.000000 1.000000
1.000000 0.000000 0.000000 26.734800 0.000000 1.000000 0.000000 0.000000 -0.000000 0.000000 1.000000 0.000000 0.000000 0.000000 0.000000 1.000000
1.000000 0.000000 0.000000 26.734800 -0.000000 1.000000 0.000000 0.000000 0.000000 0.000000 1.000000 -0.000000 0.000000 0.000000 0.000000 1.000000
1.000000 -0.000000 -0.000000 26.734800 0.000000 1.000000 -0.000000 -0.000000 0.000000 -0.000000 1.000000 0.000000 0.000000 0.000000 0.000000 1.000000
1.000000 0.000000 0.000000 26.734800 0.000000 1.000000 -0.000000 0.000000 0.000000 0.000000 1.000000 0.000000 0.000000 0.000000 0.000000 1.000000
1.000000 -0.000000 -0.000000 26.734800 0.000000 1.000000 0.000000 0.000000 0.000000 -0.000000 1.000000 -0.000000 0.000000 0.000000 0.000000 1.000000
1.000000 0.000000 0.000000 26.734800 -0.000000 1.000000 -0.000000 0.000000 -0.000000 -0.000000 1.000000 0.000000 0.000000 0.000000 0.000000 1.000000
1.000000 -0.000000 0.000000 26.734800 0.000000 1.000000 0.000000 0.000000 0.000000 0.000000 1.000000 0.000000 0.000000 0.000000 0.000000 1.000000
1.000000 -0.000000 0.000000 26.734800 -0.000000 1.000000 -0.000000 0.000000 0.000000 0.000000 1.000000 0.000000 0.000000 0.000000 0.000000 1.000000
1.000000 0.000000 0.000000 26.734800 -0.000000 1.000000 0.000000 0.000000 -0.000000 0.000000 1.000000 0.000000 0.000000 0.000000 0.000000 1.000000
1.000000 -0.000000 0.000000 26.734800 -0.000000 1.000000 -0.000000 0.000000 0.000000 0.000000 1.000000 0.000000 0.000000 0.000000 0.000000 1.000000
1.000000 0.000000 0.000000 26.734800 0.000000 1.000000 -0.000000 0.000000 -0.000000 -0.000000 1.000000 0.000000 0.000000 0.000000 0.000000 1.000000
1.000000 0.000000 0.000000 26.734800 0.000000 1.000000 -0.000000 0.000000 0.000000 0.000000 1.000000 0.000000 0.000000 0.000000 0.000000 1.000000
1.000000 0.000000 0.000000 26.734800 -0.000000 1.000000 0.000000 0.000000 0.000000 -0.000000 1.000000 0.000000 0.000000 0.000000 0.000000 1.000000
1.000000 -0.000000 0.000000 26.734800 0.000000 1.000000 -0.000000 0.000000 -0.000000 -0.000000 1.000000 0.000000 0.000000 0.000000 0.000000 1.000000
1.000000 -0.000000 -0.000000 26.734800 -0.000000 1.000000 0.000000 -0.000000 -0.000000 0.000000 1.000000 -0.000000 0.000000 0.000000 0.000000 1.000000
1.000000 0.000000 0.000000 26.734800 -0.000000 1.000000 0.000000 0.000000 0.000000 -0.000000 1.000000 0.000000 0.000000 0.000000 0.000000 1.000000</float_array>
        <technique_common>
          <accessor source="#mixamorig_L_B_skirt3-Matrix-animation-output-transform-array" count="22" stride="16">
            <param type="float4x4"/>
          </accessor>
        </technique_common>
      </source>
      <source id="mixamorig_L_B_skirt3-Interpolations">
        <Name_array id="mixamorig_L_B_skirt3-Interpolations-array" count="22">
 LINEAR LINEAR LINEAR LINEAR LINEAR LINEAR LINEAR LINEAR LINEAR LINEAR LINEAR
LINEAR LINEAR LINEAR LINEAR LINEAR LINEAR LINEAR LINEAR LINEAR LINEAR LINEAR</Name_array>
        <technique_common>
          <accessor source="#mixamorig_L_B_skirt3-Interpolations-array" count="22">
            <param type="name"/>
          </accessor>
        </technique_common>
      </source>
      <sampler id="mixamorig_L_B_skirt3-Matrix-animation-transform">
        <input semantic="INPUT" source="#mixamorig_L_B_skirt3-Matrix-animation-input"/>
        <input semantic="OUTPUT" source="#mixamorig_L_B_skirt3-Matrix-animation-output-transform"/>
        <input semantic="INTERPOLATION" source="#mixamorig_L_B_skirt3-Interpolations"/>
      </sampler>
      <channel source="#mixamorig_L_B_skirt3-Matrix-animation-transform" target="mixamorig_L_B_skirt3/matrix"/>
    </animation>
    <animation id="mixamorig_R_C_skirt1-anim" name="mixamorig_R_C_skirt1">
      <source id="mixamorig_R_C_skirt1-Matrix-animation-input">
        <float_array id="mixamorig_R_C_skirt1-Matrix-animation-input-array" count="22">

0.000000 0.033333 0.066667 0.100000 0.133333 0.166667 0.200000 0.233333 0.266667 0.300000 0.333333 0.366667 0.400000 0.433333 0.466667 0.500000
0.533333 0.566667 0.600000 0.633333 0.666667 0.700000</float_array>
        <technique_common>
          <accessor source="#mixamorig_R_C_skirt1-Matrix-animation-input-array" count="22">
            <param name="TIME" type="float"/>
          </accessor>
        </technique_common>
      </source>
      <source id="mixamorig_R_C_skirt1-Matrix-animation-output-transform">
        <float_array id="mixamorig_R_C_skirt1-Matrix-animation-output-transform-array" count="352">

-0.035070 -0.292039 0.955763 -12.297300 -0.989026 0.147482 0.008774 4.606800 -0.143520 -0.944967 -0.294006 -11.833000 0.000000 0.000000 0.000000 1.000000
-0.035070 -0.292039 0.955763 -12.297300 -0.989026 0.147482 0.008774 4.606800 -0.143520 -0.944967 -0.294006 -11.833000 0.000000 0.000000 0.000000 1.000000
-0.035070 -0.292039 0.955763 -12.297300 -0.989026 0.147482 0.008774 4.606800 -0.143520 -0.944967 -0.294006 -11.833000 0.000000 0.000000 0.000000 1.000000
-0.035070 -0.292039 0.955763 -12.297300 -0.989026 0.147482 0.008774 4.606800 -0.143520 -0.944967 -0.294006 -11.833000 0.000000 0.000000 0.000000 1.000000
-0.035070 -0.292039 0.955763 -12.297300 -0.989026 0.147482 0.008774 4.606800 -0.143520 -0.944967 -0.294006 -11.833000 0.000000 0.000000 0.000000 1.000000
-0.035070 -0.292039 0.955763 -12.297300 -0.989026 0.147482 0.008774 4.606800 -0.143520 -0.944967 -0.294006 -11.833000 0.000000 0.000000 0.000000 1.000000
-0.035070 -0.292039 0.955763 -12.297300 -0.989026 0.147482 0.008774 4.606800 -0.143520 -0.944967 -0.294006 -11.833000 0.000000 0.000000 0.000000 1.000000
-0.035070 -0.292039 0.955763 -12.297300 -0.989026 0.147482 0.008774 4.606800 -0.143520 -0.944967 -0.294006 -11.833000 0.000000 0.000000 0.000000 1.000000
-0.035070 -0.292039 0.955763 -12.297300 -0.989026 0.147482 0.008774 4.606800 -0.143520 -0.944967 -0.294006 -11.833000 0.000000 0.000000 0.000000 1.000000
-0.035070 -0.292039 0.955763 -12.297300 -0.989026 0.147482 0.008774 4.606800 -0.143520 -0.944967 -0.294006 -11.833000 0.000000 0.000000 0.000000 1.000000
-0.035070 -0.292039 0.955763 -12.297300 -0.989026 0.147482 0.008774 4.606800 -0.143520 -0.944967 -0.294006 -11.833000 0.000000 0.000000 0.000000 1.000000
-0.035070 -0.292039 0.955763 -12.297300 -0.989026 0.147482 0.008774 4.606800 -0.143520 -0.944967 -0.294006 -11.833000 0.000000 0.000000 0.000000 1.000000
-0.035070 -0.292039 0.955763 -12.297300 -0.989026 0.147482 0.008774 4.606800 -0.143520 -0.944967 -0.294006 -11.833000 0.000000 0.000000 0.000000 1.000000
-0.035070 -0.292039 0.955763 -12.297300 -0.989026 0.147482 0.008774 4.606800 -0.143520 -0.944967 -0.294006 -11.833000 0.000000 0.000000 0.000000 1.000000
-0.035070 -0.292039 0.955763 -12.297300 -0.989026 0.147482 0.008774 4.606800 -0.143520 -0.944967 -0.294006 -11.833000 0.000000 0.000000 0.000000 1.000000
-0.035070 -0.292039 0.955763 -12.297300 -0.989026 0.147482 0.008774 4.606800 -0.143520 -0.944967 -0.294006 -11.833000 0.000000 0.000000 0.000000 1.000000
-0.035070 -0.292039 0.955763 -12.297300 -0.989026 0.147482 0.008774 4.606800 -0.143520 -0.944967 -0.294006 -11.833000 0.000000 0.000000 0.000000 1.000000
-0.035070 -0.292039 0.955763 -12.297300 -0.989026 0.147482 0.008774 4.606800 -0.143520 -0.944967 -0.294006 -11.833000 0.000000 0.000000 0.000000 1.000000
-0.035070 -0.292039 0.955763 -12.297300 -0.989026 0.147482 0.008774 4.606800 -0.143520 -0.944967 -0.294006 -11.833000 0.000000 0.000000 0.000000 1.000000
-0.035070 -0.292039 0.955763 -12.297300 -0.989026 0.147482 0.008774 4.606800 -0.143520 -0.944967 -0.294006 -11.833000 0.000000 0.000000 0.000000 1.000000
-0.035070 -0.292039 0.955763 -12.297300 -0.989026 0.147482 0.008774 4.606800 -0.143520 -0.944967 -0.294006 -11.833000 0.000000 0.000000 0.000000 1.000000
-0.035070 -0.292039 0.955763 -12.297300 -0.989026 0.147482 0.008774 4.606800 -0.143520 -0.944967 -0.294006 -11.833000 0.000000 0.000000 0.000000 1.000000</float_array>
        <technique_common>
          <accessor source="#mixamorig_R_C_skirt1-Matrix-animation-output-transform-array" count="22" stride="16">
            <param type="float4x4"/>
          </accessor>
        </technique_common>
      </source>
      <source id="mixamorig_R_C_skirt1-Interpolations">
        <Name_array id="mixamorig_R_C_skirt1-Interpolations-array" count="22">
 LINEAR LINEAR LINEAR LINEAR LINEAR LINEAR LINEAR LINEAR LINEAR LINEAR LINEAR
LINEAR LINEAR LINEAR LINEAR LINEAR LINEAR LINEAR LINEAR LINEAR LINEAR LINEAR</Name_array>
        <technique_common>
          <accessor source="#mixamorig_R_C_skirt1-Interpolations-array" count="22">
            <param type="name"/>
          </accessor>
        </technique_common>
      </source>
      <sampler id="mixamorig_R_C_skirt1-Matrix-animation-transform">
        <input semantic="INPUT" source="#mixamorig_R_C_skirt1-Matrix-animation-input"/>
        <input semantic="OUTPUT" source="#mixamorig_R_C_skirt1-Matrix-animation-output-transform"/>
        <input semantic="INTERPOLATION" source="#mixamorig_R_C_skirt1-Interpolations"/>
      </sampler>
      <channel source="#mixamorig_R_C_skirt1-Matrix-animation-transform" target="mixamorig_R_C_skirt1/matrix"/>
    </animation>
    <animation id="mixamorig_R_C_skirt2-anim" name="mixamorig_R_C_skirt2">
      <source id="mixamorig_R_C_skirt2-Matrix-animation-input">
        <float_array id="mixamorig_R_C_skirt2-Matrix-animation-input-array" count="22">

0.000000 0.033333 0.066667 0.100000 0.133333 0.166667 0.200000 0.233333 0.266667 0.300000 0.333333 0.366667 0.400000 0.433333 0.466667 0.500000
0.533333 0.566667 0.600000 0.633333 0.666667 0.700000</float_array>
        <technique_common>
          <accessor source="#mixamorig_R_C_skirt2-Matrix-animation-input-array" count="22">
            <param name="TIME" type="float"/>
          </accessor>
        </technique_common>
      </source>
      <source id="mixamorig_R_C_skirt2-Matrix-animation-output-transform">
        <float_array id="mixamorig_R_C_skirt2-Matrix-animation-output-transform-array" count="352">

1.000000 -0.000000 0.000000 27.657600 0.000000 1.000000 0.000000 0.000100 -0.000000 -0.000000 1.000000 -0.000000 0.000000 0.000000 0.000000 1.000000
1.000000 0.000000 -0.000000 27.657600 0.000000 1.000000 0.000000 0.000100 0.000000 0.000000 1.000000 0.000000 0.000000 0.000000 0.000000 1.000000
1.000000 0.000000 0.000000 27.657600 -0.000000 1.000000 0.000000 0.000100 0.000000 0.000000 1.000000 0.000000 0.000000 0.000000 0.000000 1.000000
1.000000 -0.000000 -0.000000 27.657600 -0.000000 1.000000 0.000000 0.000100 0.000000 0.000000 1.000000 0.000000 0.000000 0.000000 0.000000 1.000000
1.000000 -0.000000 0.000000 27.657600 0.000000 1.000000 -0.000000 0.000100 0.000000 0.000000 1.000000 0.000000 0.000000 0.000000 0.000000 1.000000
1.000000 0.000000 0.000000 27.657600 0.000000 1.000000 0.000000 0.000100 0.000000 0.000000 1.000000 -0.000000 0.000000 0.000000 0.000000 1.000000
1.000000 0.000000 0.000000 27.657600 -0.000000 1.000000 0.000000 0.000100 0.000000 0.000000 1.000000 -0.000000 0.000000 0.000000 0.000000 1.000000
1.000000 0.000000 0.000000 27.657600 -0.000000 1.000000 -0.000000 0.000100 0.000000 0.000000 1.000000 0.000000 0.000000 0.000000 0.000000 1.000000
1.000000 0.000000 0.000000 27.657600 0.000000 1.000000 -0.000000 0.000100 -0.000000 0.000000 1.000000 0.000000 0.000000 0.000000 0.000000 1.000000
1.000000 0.000000 -0.000000 27.657600 -0.000000 1.000000 0.000000 0.000100 0.000000 -0.000000 1.000000 0.000000 0.000000 0.000000 0.000000 1.000000
1.000000 -0.000000 0.000000 27.657600 -0.000000 1.000000 0.000000 0.000100 0.000000 -0.000000 1.000000 0.000000 0.000000 0.000000 0.000000 1.000000
1.000000 -0.000000 0.000000 27.657600 0.000000 1.000000 0.000000 0.000100 -0.000000 0.000000 1.000000 0.000000 0.000000 0.000000 0.000000 1.000000
1.000000 0.000000 -0.000000 27.657600 -0.000000 1.000000 -0.000000 0.000100 -0.000000 0.000000 1.000000 -0.000000 0.000000 0.000000 0.000000 1.000000
1.000000 0.000000 0.000000 27.657600 -0.000000 1.000000 -0.000000 0.000100 -0.000000 0.000000 1.000000 -0.000000 0.000000 0.000000 0.000000 1.000000
1.000000 -0.000000 -0.000000 27.657600 -0.000000 1.000000 0.000000 0.000100 -0.000000 -0.000000 1.000000 -0.000000 0.000000 0.000000 0.000000 1.000000
1.000000 0.000000 -0.000000 27.657600 0.000000 1.000000 -0.000000 0.000100 0.000000 0.000000 1.000000 0.000000 0.000000 0.000000 0.000000 1.000000
1.000000 -0.000000 -0.000000 27.657600 0.000000 1.000000 0.000000 0.000100 0.000000 -0.000000 1.000000 -0.000000 0.000000 0.000000 0.000000 1.000000
1.000000 0.000000 0.000000 27.657600 0.000000 1.000000 0.000000 0.000100 -0.000000 0.000000 1.000000 0.000000 0.000000 0.000000 0.000000 1.000000
1.000000 -0.000000 0.000000 27.657600 0.000000 1.000000 0.000000 0.000100 -0.000000 -0.000000 1.000000 -0.000000 0.000000 0.000000 0.000000 1.000000
1.000000 0.000000 0.000000 27.657600 0.000000 1.000000 0.000000 0.000100 0.000000 0.000000 1.000000 0.000000 0.000000 0.000000 0.000000 1.000000
1.000000 0.000000 -0.000000 27.657600 0.000000 1.000000 -0.000000 0.000100 0.000000 -0.000000 1.000000 0.000000 0.000000 0.000000 0.000000 1.000000
1.000000 0.000000 -0.000000 27.657600 0.000000 1.000000 -0.000000 0.000100 0.000000 0.000000 1.000000 0.000000 0.000000 0.000000 0.000000 1.000000</float_array>
        <technique_common>
          <accessor source="#mixamorig_R_C_skirt2-Matrix-animation-output-transform-array" count="22" stride="16">
            <param type="float4x4"/>
          </accessor>
        </technique_common>
      </source>
      <source id="mixamorig_R_C_skirt2-Interpolations">
        <Name_array id="mixamorig_R_C_skirt2-Interpolations-array" count="22">
 LINEAR LINEAR LINEAR LINEAR LINEAR LINEAR LINEAR LINEAR LINEAR LINEAR LINEAR
LINEAR LINEAR LINEAR LINEAR LINEAR LINEAR LINEAR LINEAR LINEAR LINEAR LINEAR</Name_array>
        <technique_common>
          <accessor source="#mixamorig_R_C_skirt2-Interpolations-array" count="22">
            <param type="name"/>
          </accessor>
        </technique_common>
      </source>
      <sampler id="mixamorig_R_C_skirt2-Matrix-animation-transform">
        <input semantic="INPUT" source="#mixamorig_R_C_skirt2-Matrix-animation-input"/>
        <input semantic="OUTPUT" source="#mixamorig_R_C_skirt2-Matrix-animation-output-transform"/>
        <input semantic="INTERPOLATION" source="#mixamorig_R_C_skirt2-Interpolations"/>
      </sampler>
      <channel source="#mixamorig_R_C_skirt2-Matrix-animation-transform" target="mixamorig_R_C_skirt2/matrix"/>
    </animation>
    <animation id="mixamorig_R_C_skirt3-anim" name="mixamorig_R_C_skirt3">
      <source id="mixamorig_R_C_skirt3-Matrix-animation-input">
        <float_array id="mixamorig_R_C_skirt3-Matrix-animation-input-array" count="22">

0.000000 0.033333 0.066667 0.100000 0.133333 0.166667 0.200000 0.233333 0.266667 0.300000 0.333333 0.366667 0.400000 0.433333 0.466667 0.500000
0.533333 0.566667 0.600000 0.633333 0.666667 0.700000</float_array>
        <technique_common>
          <accessor source="#mixamorig_R_C_skirt3-Matrix-animation-input-array" count="22">
            <param name="TIME" type="float"/>
          </accessor>
        </technique_common>
      </source>
      <source id="mixamorig_R_C_skirt3-Matrix-animation-output-transform">
        <float_array id="mixamorig_R_C_skirt3-Matrix-animation-output-transform-array" count="352">

1.000000 -0.000000 -0.000000 23.969999 -0.000000 1.000000 0.000000 0.000000 0.000000 0.000000 1.000000 0.000100 0.000000 0.000000 0.000000 1.000000
1.000000 -0.000000 -0.000000 23.969999 0.000000 1.000000 -0.000000 0.000000 0.000000 -0.000000 1.000000 0.000100 0.000000 0.000000 0.000000 1.000000
1.000000 -0.000000 0.000000 23.969999 0.000000 1.000000 0.000000 0.000000 -0.000000 -0.000000 1.000000 0.000100 0.000000 0.000000 0.000000 1.000000
1.000000 0.000000 -0.000000 23.969999 0.000000 1.000000 -0.000000 0.000000 -0.000000 0.000000 1.000000 0.000100 0.000000 0.000000 0.000000 1.000000
1.000000 -0.000000 0.000000 23.969999 -0.000000 1.000000 -0.000000 0.000000 0.000000 0.000000 1.000000 0.000100 0.000000 0.000000 0.000000 1.000000
1.000000 0.000000 0.000000 23.969999 0.000000 1.000000 0.000000 0.000000 0.000000 0.000000 1.000000 0.000100 0.000000 0.000000 0.000000 1.000000
1.000000 0.000000 0.000000 23.969999 0.000000 1.000000 0.000000 0.000000 0.000000 0.000000 1.000000 0.000100 0.000000 0.000000 0.000000 1.000000
1.000000 0.000000 0.000000 23.969999 -0.000000 1.000000 0.000000 0.000000 0.000000 0.000000 1.000000 0.000100 0.000000 0.000000 0.000000 1.000000
1.000000 0.000000 -0.000000 23.969999 -0.000000 1.000000 -0.000000 -0.000000 0.000000 0.000000 1.000000 0.000100 0.000000 0.000000 0.000000 1.000000
1.000000 0.000000 -0.000000 23.969999 -0.000000 1.000000 -0.000000 0.000000 0.000000 -0.000000 1.000000 0.000100 0.000000 0.000000 0.000000 1.000000
1.000000 0.000000 0.000000 23.969999 0.000000 1.000000 0.000000 0.000000 0.000000 0.000000 1.000000 0.000100 0.000000 0.000000 0.000000 1.000000
1.000000 -0.000000 0.000000 23.969999 0.000000 1.000000 0.000000 0.000000 -0.000000 -0.000000 1.000000 0.000100 0.000000 0.000000 0.000000 1.000000
1.000000 0.000000 -0.000000 23.969999 -0.000000 1.000000 -0.000000 0.000000 -0.000000 -0.000000 1.000000 0.000100 0.000000 0.000000 0.000000 1.000000
1.000000 0.000000 0.000000 23.969999 0.000000 1.000000 0.000000 -0.000000 -0.000000 -0.000000 1.000000 0.000100 0.000000 0.000000 0.000000 1.000000
1.000000 0.000000 0.000000 23.969999 0.000000 1.000000 0.000000 0.000000 0.000000 0.000000 1.000000 0.000100 0.000000 0.000000 0.000000 1.000000
1.000000 -0.000000 0.000000 23.969999 0.000000 1.000000 0.000000 0.000000 0.000000 -0.000000 1.000000 0.000100 0.000000 0.000000 0.000000 1.000000
1.000000 -0.000000 -0.000000 23.969999 -0.000000 1.000000 0.000000 0.000000 0.000000 0.000000 1.000000 0.000100 0.000000 0.000000 0.000000 1.000000
1.000000 0.000000 0.000000 23.969999 0.000000 1.000000 -0.000000 0.000000 -0.000000 0.000000 1.000000 0.000100 0.000000 0.000000 0.000000 1.000000
1.000000 -0.000000 0.000000 23.969999 0.000000 1.000000 0.000000 -0.000000 -0.000000 -0.000000 1.000000 0.000100 0.000000 0.000000 0.000000 1.000000
1.000000 -0.000000 -0.000000 23.969999 -0.000000 1.000000 0.000000 0.000000 0.000000 0.000000 1.000000 0.000100 0.000000 0.000000 0.000000 1.000000
1.000000 -0.000000 -0.000000 23.969999 0.000000 1.000000 -0.000000 -0.000000 0.000000 -0.000000 1.000000 0.000100 0.000000 0.000000 0.000000 1.000000
1.000000 0.000000 -0.000000 23.969999 0.000000 1.000000 0.000000 0.000000 0.000000 0.000000 1.000000 0.000100 0.000000 0.000000 0.000000 1.000000</float_array>
        <technique_common>
          <accessor source="#mixamorig_R_C_skirt3-Matrix-animation-output-transform-array" count="22" stride="16">
            <param type="float4x4"/>
          </accessor>
        </technique_common>
      </source>
      <source id="mixamorig_R_C_skirt3-Interpolations">
        <Name_array id="mixamorig_R_C_skirt3-Interpolations-array" count="22">
 LINEAR LINEAR LINEAR LINEAR LINEAR LINEAR LINEAR LINEAR LINEAR LINEAR LINEAR
LINEAR LINEAR LINEAR LINEAR LINEAR LINEAR LINEAR LINEAR LINEAR LINEAR LINEAR</Name_array>
        <technique_common>
          <accessor source="#mixamorig_R_C_skirt3-Interpolations-array" count="22">
            <param type="name"/>
          </accessor>
        </technique_common>
      </source>
      <sampler id="mixamorig_R_C_skirt3-Matrix-animation-transform">
        <input semantic="INPUT" source="#mixamorig_R_C_skirt3-Matrix-animation-input"/>
        <input semantic="OUTPUT" source="#mixamorig_R_C_skirt3-Matrix-animation-output-transform"/>
        <input semantic="INTERPOLATION" source="#mixamorig_R_C_skirt3-Interpolations"/>
      </sampler>
      <channel source="#mixamorig_R_C_skirt3-Matrix-animation-transform" target="mixamorig_R_C_skirt3/matrix"/>
    </animation>
    <animation id="mixamorig_R_A_skirt1-anim" name="mixamorig_R_A_skirt1">
      <source id="mixamorig_R_A_skirt1-Matrix-animation-input">
        <float_array id="mixamorig_R_A_skirt1-Matrix-animation-input-array" count="22">

0.000000 0.033333 0.066667 0.100000 0.133333 0.166667 0.200000 0.233333 0.266667 0.300000 0.333333 0.366667 0.400000 0.433333 0.466667 0.500000
0.533333 0.566667 0.600000 0.633333 0.666667 0.700000</float_array>
        <technique_common>
          <accessor source="#mixamorig_R_A_skirt1-Matrix-animation-input-array" count="22">
            <param name="TIME" type="float"/>
          </accessor>
        </technique_common>
      </source>
      <source id="mixamorig_R_A_skirt1-Matrix-animation-output-transform">
        <float_array id="mixamorig_R_A_skirt1-Matrix-animation-output-transform-array" count="352">

-0.142126 -0.623440 -0.768845 -18.034500 -0.988646 0.051130 0.141298 3.980800 -0.048780 0.780197 -0.623629 19.504801 0.000000 0.000000 0.000000 1.000000
-0.142126 -0.623440 -0.768845 -18.034500 -0.988646 0.051130 0.141298 3.980800 -0.048780 0.780197 -0.623629 19.504801 0.000000 0.000000 0.000000 1.000000
-0.142126 -0.623440 -0.768845 -18.034500 -0.988646 0.051130 0.141298 3.980800 -0.048780 0.780197 -0.623629 19.504801 0.000000 0.000000 0.000000 1.000000
-0.142126 -0.623440 -0.768845 -18.034500 -0.988646 0.051130 0.141298 3.980800 -0.048780 0.780197 -0.623629 19.504801 0.000000 0.000000 0.000000 1.000000
-0.142126 -0.623440 -0.768845 -18.034500 -0.988646 0.051130 0.141298 3.980800 -0.048780 0.780197 -0.623629 19.504801 0.000000 0.000000 0.000000 1.000000
-0.142126 -0.623440 -0.768845 -18.034500 -0.988646 0.051130 0.141298 3.980800 -0.048780 0.780197 -0.623629 19.504801 0.000000 0.000000 0.000000 1.000000
-0.142126 -0.623440 -0.768845 -18.034500 -0.988646 0.051130 0.141298 3.980800 -0.048780 0.780197 -0.623629 19.504801 0.000000 0.000000 0.000000 1.000000
-0.142126 -0.623440 -0.768845 -18.034500 -0.988646 0.051130 0.141298 3.980800 -0.048780 0.780197 -0.623629 19.504801 0.000000 0.000000 0.000000 1.000000
-0.142126 -0.623440 -0.768845 -18.034500 -0.988646 0.051130 0.141298 3.980800 -0.048780 0.780197 -0.623629 19.504801 0.000000 0.000000 0.000000 1.000000
-0.142126 -0.623440 -0.768845 -18.034500 -0.988646 0.051130 0.141298 3.980800 -0.048780 0.780197 -0.623629 19.504801 0.000000 0.000000 0.000000 1.000000
-0.142126 -0.623440 -0.768845 -18.034500 -0.988646 0.051130 0.141298 3.980800 -0.048780 0.780197 -0.623629 19.504801 0.000000 0.000000 0.000000 1.000000
-0.142126 -0.623440 -0.768845 -18.034500 -0.988646 0.051130 0.141298 3.980800 -0.048780 0.780197 -0.623629 19.504801 0.000000 0.000000 0.000000 1.000000
-0.142126 -0.623440 -0.768845 -18.034500 -0.988646 0.051130 0.141298 3.980800 -0.048780 0.780197 -0.623629 19.504801 0.000000 0.000000 0.000000 1.000000
-0.142126 -0.623440 -0.768845 -18.034500 -0.988646 0.051130 0.141298 3.980800 -0.048780 0.780197 -0.623629 19.504801 0.000000 0.000000 0.000000 1.000000
-0.142126 -0.623440 -0.768845 -18.034500 -0.988646 0.051130 0.141298 3.980800 -0.048780 0.780197 -0.623629 19.504801 0.000000 0.000000 0.000000 1.000000
-0.142126 -0.623440 -0.768845 -18.034500 -0.988646 0.051130 0.141298 3.980800 -0.048780 0.780197 -0.623629 19.504801 0.000000 0.000000 0.000000 1.000000
-0.142126 -0.623440 -0.768845 -18.034500 -0.988646 0.051130 0.141298 3.980800 -0.048780 0.780197 -0.623629 19.504801 0.000000 0.000000 0.000000 1.000000
-0.142126 -0.623440 -0.768845 -18.034500 -0.988646 0.051130 0.141298 3.980800 -0.048780 0.780197 -0.623629 19.504801 0.000000 0.000000 0.000000 1.000000
-0.142126 -0.623440 -0.768845 -18.034500 -0.988646 0.051130 0.141298 3.980800 -0.048780 0.780197 -0.623629 19.504801 0.000000 0.000000 0.000000 1.000000
-0.142126 -0.623440 -0.768845 -18.034500 -0.988646 0.051130 0.141298 3.980800 -0.048780 0.780197 -0.623629 19.504801 0.000000 0.000000 0.000000 1.000000
-0.142126 -0.623440 -0.768845 -18.034500 -0.988646 0.051130 0.141298 3.980800 -0.048780 0.780197 -0.623629 19.504801 0.000000 0.000000 0.000000 1.000000
-0.142126 -0.623440 -0.768845 -18.034500 -0.988646 0.051130 0.141298 3.980800 -0.048780 0.780197 -0.623629 19.504801 0.000000 0.000000 0.000000 1.000000</float_array>
        <technique_common>
          <accessor source="#mixamorig_R_A_skirt1-Matrix-animation-output-transform-array" count="22" stride="16">
            <param type="float4x4"/>
          </accessor>
        </technique_common>
      </source>
      <source id="mixamorig_R_A_skirt1-Interpolations">
        <Name_array id="mixamorig_R_A_skirt1-Interpolations-array" count="22">
 LINEAR LINEAR LINEAR LINEAR LINEAR LINEAR LINEAR LINEAR LINEAR LINEAR LINEAR
LINEAR LINEAR LINEAR LINEAR LINEAR LINEAR LINEAR LINEAR LINEAR LINEAR LINEAR</Name_array>
        <technique_common>
          <accessor source="#mixamorig_R_A_skirt1-Interpolations-array" count="22">
            <param type="name"/>
          </accessor>
        </technique_common>
      </source>
      <sampler id="mixamorig_R_A_skirt1-Matrix-animation-transform">
        <input semantic="INPUT" source="#mixamorig_R_A_skirt1-Matrix-animation-input"/>
        <input semantic="OUTPUT" source="#mixamorig_R_A_skirt1-Matrix-animation-output-transform"/>
        <input semantic="INTERPOLATION" source="#mixamorig_R_A_skirt1-Interpolations"/>
      </sampler>
      <channel source="#mixamorig_R_A_skirt1-Matrix-animation-transform" target="mixamorig_R_A_skirt1/matrix"/>
    </animation>
    <animation id="mixamorig_R_A_skirt2-anim" name="mixamorig_R_A_skirt2">
      <source id="mixamorig_R_A_skirt2-Matrix-animation-input">
        <float_array id="mixamorig_R_A_skirt2-Matrix-animation-input-array" count="22">

0.000000 0.033333 0.066667 0.100000 0.133333 0.166667 0.200000 0.233333 0.266667 0.300000 0.333333 0.366667 0.400000 0.433333 0.466667 0.500000
0.533333 0.566667 0.600000 0.633333 0.666667 0.700000</float_array>
        <technique_common>
          <accessor source="#mixamorig_R_A_skirt2-Matrix-animation-input-array" count="22">
            <param name="TIME" type="float"/>
          </accessor>
        </technique_common>
      </source>
      <source id="mixamorig_R_A_skirt2-Matrix-animation-output-transform">
        <float_array id="mixamorig_R_A_skirt2-Matrix-animation-output-transform-array" count="352">

1.000000 0.000000 0.000000 27.335400 0.000000 1.000000 0.000000 -0.000100 0.000000 0.000000 1.000000 0.000100 0.000000 0.000000 0.000000 1.000000
1.000000 -0.000000 0.000000 27.335400 0.000000 1.000000 0.000000 -0.000100 0.000000 0.000000 1.000000 0.000100 0.000000 0.000000 0.000000 1.000000
1.000000 -0.000000 0.000000 27.335400 0.000000 1.000000 0.000000 -0.000100 -0.000000 -0.000000 1.000000 0.000100 0.000000 0.000000 0.000000 1.000000
1.000000 -0.000000 0.000000 27.335400 0.000000 1.000000 0.000000 -0.000100 0.000000 0.000000 1.000000 0.000100 0.000000 0.000000 0.000000 1.000000
1.000000 0.000000 0.000000 27.335400 -0.000000 1.000000 0.000000 -0.000100 -0.000000 -0.000000 1.000000 0.000100 0.000000 0.000000 0.000000 1.000000
1.000000 -0.000000 -0.000000 27.335400 -0.000000 1.000000 0.000000 -0.000100 0.000000 0.000000 1.000000 0.000100 0.000000 0.000000 0.000000 1.000000
1.000000 -0.000000 0.000000 27.335400 0.000000 1.000000 0.000000 -0.000100 0.000000 -0.000000 1.000000 0.000100 0.000000 0.000000 0.000000 1.000000
1.000000 -0.000000 -0.000000 27.335400 0.000000 1.000000 0.000000 -0.000100 0.000000 0.000000 1.000000 0.000100 0.000000 0.000000 0.000000 1.000000
1.000000 -0.000000 0.000000 27.335400 0.000000 1.000000 0.000000 -0.000100 -0.000000 0.000000 1.000000 0.000100 0.000000 0.000000 0.000000 1.000000
1.000000 0.000000 -0.000000 27.335400 0.000000 1.000000 0.000000 -0.000100 0.000000 0.000000 1.000000 0.000100 0.000000 0.000000 0.000000 1.000000
1.000000 0.000000 0.000000 27.335400 -0.000000 1.000000 0.000000 -0.000100 0.000000 0.000000 1.000000 0.000100 0.000000 0.000000 0.000000 1.000000
1.000000 -0.000000 0.000000 27.335400 -0.000000 1.000000 0.000000 -0.000100 0.000000 0.000000 1.000000 0.000100 0.000000 0.000000 0.000000 1.000000
1.000000 -0.000000 0.000000 27.335400 0.000000 1.000000 0.000000 -0.000100 0.000000 -0.000000 1.000000 0.000100 0.000000 0.000000 0.000000 1.000000
1.000000 0.000000 -0.000000 27.335400 -0.000000 1.000000 0.000000 -0.000100 -0.000000 0.000000 1.000000 0.000100 0.000000 0.000000 0.000000 1.000000
1.000000 0.000000 0.000000 27.335400 0.000000 1.000000 0.000000 -0.000100 0.000000 0.000000 1.000000 0.000100 0.000000 0.000000 0.000000 1.000000
1.000000 -0.000000 -0.000000 27.335400 0.000000 1.000000 0.000000 -0.000100 0.000000 0.000000 1.000000 0.000100 0.000000 0.000000 0.000000 1.000000
1.000000 0.000000 0.000000 27.335400 -0.000000 1.000000 0.000000 -0.000100 -0.000000 -0.000000 1.000000 0.000100 0.000000 0.000000 0.000000 1.000000
1.000000 0.000000 0.000000 27.335400 0.000000 1.000000 0.000000 -0.000100 0.000000 0.000000 1.000000 0.000100 0.000000 0.000000 0.000000 1.000000
1.000000 -0.000000 0.000000 27.335400 -0.000000 1.000000 0.000000 -0.000100 0.000000 -0.000000 1.000000 0.000100 0.000000 0.000000 0.000000 1.000000
1.000000 0.000000 -0.000000 27.335400 -0.000000 1.000000 0.000000 -0.000100 -0.000000 0.000000 1.000000 0.000100 0.000000 0.000000 0.000000 1.000000
1.000000 0.000000 0.000000 27.335400 -0.000000 1.000000 -0.000000 -0.000100 -0.000000 0.000000 1.000000 0.000100 0.000000 0.000000 0.000000 1.000000
1.000000 -0.000000 0.000000 27.335400 0.000000 1.000000 0.000000 -0.000100 0.000000 -0.000000 1.000000 0.000100 0.000000 0.000000 0.000000 1.000000</float_array>
        <technique_common>
          <accessor source="#mixamorig_R_A_skirt2-Matrix-animation-output-transform-array" count="22" stride="16">
            <param type="float4x4"/>
          </accessor>
        </technique_common>
      </source>
      <source id="mixamorig_R_A_skirt2-Interpolations">
        <Name_array id="mixamorig_R_A_skirt2-Interpolations-array" count="22">
 LINEAR LINEAR LINEAR LINEAR LINEAR LINEAR LINEAR LINEAR LINEAR LINEAR LINEAR
LINEAR LINEAR LINEAR LINEAR LINEAR LINEAR LINEAR LINEAR LINEAR LINEAR LINEAR</Name_array>
        <technique_common>
          <accessor source="#mixamorig_R_A_skirt2-Interpolations-array" count="22">
            <param type="name"/>
          </accessor>
        </technique_common>
      </source>
      <sampler id="mixamorig_R_A_skirt2-Matrix-animation-transform">
        <input semantic="INPUT" source="#mixamorig_R_A_skirt2-Matrix-animation-input"/>
        <input semantic="OUTPUT" source="#mixamorig_R_A_skirt2-Matrix-animation-output-transform"/>
        <input semantic="INTERPOLATION" source="#mixamorig_R_A_skirt2-Interpolations"/>
      </sampler>
      <channel source="#mixamorig_R_A_skirt2-Matrix-animation-transform" target="mixamorig_R_A_skirt2/matrix"/>
    </animation>
    <animation id="mixamorig_R_A_skirt3-anim" name="mixamorig_R_A_skirt3">
      <source id="mixamorig_R_A_skirt3-Matrix-animation-input">
        <float_array id="mixamorig_R_A_skirt3-Matrix-animation-input-array" count="22">

0.000000 0.033333 0.066667 0.100000 0.133333 0.166667 0.200000 0.233333 0.266667 0.300000 0.333333 0.366667 0.400000 0.433333 0.466667 0.500000
0.533333 0.566667 0.600000 0.633333 0.666667 0.700000</float_array>
        <technique_common>
          <accessor source="#mixamorig_R_A_skirt3-Matrix-animation-input-array" count="22">
            <param name="TIME" type="float"/>
          </accessor>
        </technique_common>
      </source>
      <source id="mixamorig_R_A_skirt3-Matrix-animation-output-transform">
        <float_array id="mixamorig_R_A_skirt3-Matrix-animation-output-transform-array" count="352">

1.000000 0.000000 0.000000 27.066099 0.000000 1.000000 0.000000 0.000100 0.000000 -0.000000 1.000000 0.000000 0.000000 0.000000 0.000000 1.000000
1.000000 -0.000000 0.000000 27.066099 -0.000000 1.000000 0.000000 0.000100 0.000000 0.000000 1.000000 0.000000 0.000000 0.000000 0.000000 1.000000
1.000000 0.000000 0.000000 27.066099 0.000000 1.000000 0.000000 0.000100 -0.000000 -0.000000 1.000000 0.000000 0.000000 0.000000 0.000000 1.000000
1.000000 0.000000 0.000000 27.066099 0.000000 1.000000 0.000000 0.000100 0.000000 0.000000 1.000000 0.000000 0.000000 0.000000 0.000000 1.000000
1.000000 0.000000 0.000000 27.066099 -0.000000 1.000000 -0.000000 0.000100 -0.000000 -0.000000 1.000000 0.000000 0.000000 0.000000 0.000000 1.000000
1.000000 0.000000 -0.000000 27.066099 -0.000000 1.000000 0.000000 0.000100 0.000000 -0.000000 1.000000 0.000000 0.000000 0.000000 0.000000 1.000000
1.000000 -0.000000 -0.000000 27.066099 0.000000 1.000000 0.000000 0.000100 -0.000000 -0.000000 1.000000 0.000000 0.000000 0.000000 0.000000 1.000000
1.000000 0.000000 0.000000 27.066099 -0.000000 1.000000 -0.000000 0.000100 0.000000 0.000000 1.000000 0.000000 0.000000 0.000000 0.000000 1.000000
1.000000 -0.000000 -0.000000 27.066099 0.000000 1.000000 0.000000 0.000100 -0.000000 -0.000000 1.000000 0.000000 0.000000 0.000000 0.000000 1.000000
1.000000 0.000000 0.000000 27.066099 0.000000 1.000000 0.000000 0.000100 -0.000000 0.000000 1.000000 -0.000000 0.000000 0.000000 0.000000 1.000000
1.000000 0.000000 0.000000 27.066099 -0.000000 1.000000 -0.000000 0.000100 0.000000 0.000000 1.000000 0.000000 0.000000 0.000000 0.000000 1.000000
1.000000 -0.000000 0.000000 27.066099 -0.000000 1.000000 -0.000000 0.000100 0.000000 0.000000 1.000000 0.000000 0.000000 0.000000 0.000000 1.000000
1.000000 0.000000 -0.000000 27.066099 0.000000 1.000000 0.000000 0.000100 0.000000 0.000000 1.000000 -0.000000 0.000000 0.000000 0.000000 1.000000
1.000000 0.000000 -0.000000 27.066099 -0.000000 1.000000 0.000000 0.000100 0.000000 -0.000000 1.000000 -0.000000 0.000000 0.000000 0.000000 1.000000
1.000000 0.000000 0.000000 27.066099 0.000000 1.000000 0.000000 0.000100 0.000000 0.000000 1.000000 0.000000 0.000000 0.000000 0.000000 1.000000
1.000000 -0.000000 -0.000000 27.066099 0.000000 1.000000 0.000000 0.000100 0.000000 0.000000 1.000000 0.000000 0.000000 0.000000 0.000000 1.000000
1.000000 0.000000 -0.000000 27.066099 -0.000000 1.000000 0.000000 0.000100 -0.000000 -0.000000 1.000000 -0.000000 0.000000 0.000000 0.000000 1.000000
1.000000 0.000000 0.000000 27.066099 0.000000 1.000000 -0.000000 0.000100 0.000000 0.000000 1.000000 -0.000000 0.000000 0.000000 0.000000 1.000000
1.000000 -0.000000 0.000000 27.066099 -0.000000 1.000000 0.000000 0.000100 0.000000 0.000000 1.000000 0.000000 0.000000 0.000000 0.000000 1.000000
1.000000 0.000000 -0.000000 27.066099 -0.000000 1.000000 0.000000 0.000100 -0.000000 0.000000 1.000000 0.000000 0.000000 0.000000 0.000000 1.000000
1.000000 0.000000 -0.000000 27.066099 -0.000000 1.000000 0.000000 0.000100 0.000000 0.000000 1.000000 0.000000 0.000000 0.000000 0.000000 1.000000
1.000000 -0.000000 0.000000 27.066099 -0.000000 1.000000 -0.000000 0.000100 0.000000 -0.000000 1.000000 0.000000 0.000000 0.000000 0.000000 1.000000</float_array>
        <technique_common>
          <accessor source="#mixamorig_R_A_skirt3-Matrix-animation-output-transform-array" count="22" stride="16">
            <param type="float4x4"/>
          </accessor>
        </technique_common>
      </source>
      <source id="mixamorig_R_A_skirt3-Interpolations">
        <Name_array id="mixamorig_R_A_skirt3-Interpolations-array" count="22">
 LINEAR LINEAR LINEAR LINEAR LINEAR LINEAR LINEAR LINEAR LINEAR LINEAR LINEAR
LINEAR LINEAR LINEAR LINEAR LINEAR LINEAR LINEAR LINEAR LINEAR LINEAR LINEAR</Name_array>
        <technique_common>
          <accessor source="#mixamorig_R_A_skirt3-Interpolations-array" count="22">
            <param type="name"/>
          </accessor>
        </technique_common>
      </source>
      <sampler id="mixamorig_R_A_skirt3-Matrix-animation-transform">
        <input semantic="INPUT" source="#mixamorig_R_A_skirt3-Matrix-animation-input"/>
        <input semantic="OUTPUT" source="#mixamorig_R_A_skirt3-Matrix-animation-output-transform"/>
        <input semantic="INTERPOLATION" source="#mixamorig_R_A_skirt3-Interpolations"/>
      </sampler>
      <channel source="#mixamorig_R_A_skirt3-Matrix-animation-transform" target="mixamorig_R_A_skirt3/matrix"/>
    </animation>
    <animation id="mixamorig_R_B_skirt1-anim" name="mixamorig_R_B_skirt1">
      <source id="mixamorig_R_B_skirt1-Matrix-animation-input">
        <float_array id="mixamorig_R_B_skirt1-Matrix-animation-input-array" count="22">

0.000000 0.033333 0.066667 0.100000 0.133333 0.166667 0.200000 0.233333 0.266667 0.300000 0.333333 0.366667 0.400000 0.433333 0.466667 0.500000
0.533333 0.566667 0.600000 0.633333 0.666667 0.700000</float_array>
        <technique_common>
          <accessor source="#mixamorig_R_B_skirt1-Matrix-animation-input-array" count="22">
            <param name="TIME" type="float"/>
          </accessor>
        </technique_common>
      </source>
      <source id="mixamorig_R_B_skirt1-Matrix-animation-output-transform">
        <float_array id="mixamorig_R_B_skirt1-Matrix-animation-output-transform-array" count="352">

-0.142189 -0.942168 0.303482 -22.789900 -0.985105 0.164647 0.049604 6.145800 -0.096702 -0.291908 -0.951545 0.309300 0.000000 0.000000 0.000000 1.000000
-0.142189 -0.942168 0.303482 -22.789900 -0.985105 0.164647 0.049604 6.145800 -0.096702 -0.291908 -0.951545 0.309300 0.000000 0.000000 0.000000 1.000000
-0.142189 -0.942168 0.303482 -22.789900 -0.985105 0.164647 0.049604 6.145800 -0.096702 -0.291908 -0.951545 0.309300 0.000000 0.000000 0.000000 1.000000
-0.142189 -0.942168 0.303482 -22.789900 -0.985105 0.164647 0.049604 6.145800 -0.096702 -0.291908 -0.951545 0.309300 0.000000 0.000000 0.000000 1.000000
-0.142189 -0.942168 0.303482 -22.789900 -0.985105 0.164647 0.049604 6.145800 -0.096702 -0.291908 -0.951545 0.309300 0.000000 0.000000 0.000000 1.000000
-0.142189 -0.942168 0.303482 -22.789900 -0.985105 0.164647 0.049604 6.145800 -0.096702 -0.291908 -0.951545 0.309300 0.000000 0.000000 0.000000 1.000000
-0.142189 -0.942168 0.303482 -22.789900 -0.985105 0.164647 0.049604 6.145800 -0.096702 -0.291908 -0.951545 0.309300 0.000000 0.000000 0.000000 1.000000
-0.142189 -0.942168 0.303482 -22.789900 -0.985105 0.164647 0.049604 6.145800 -0.096702 -0.291908 -0.951545 0.309300 0.000000 0.000000 0.000000 1.000000
-0.142189 -0.942168 0.303482 -22.789900 -0.985105 0.164647 0.049604 6.145800 -0.096702 -0.291908 -0.951545 0.309300 0.000000 0.000000 0.000000 1.000000
-0.142189 -0.942168 0.303482 -22.789900 -0.985105 0.164647 0.049604 6.145800 -0.096702 -0.291908 -0.951545 0.309300 0.000000 0.000000 0.000000 1.000000
-0.142189 -0.942168 0.303482 -22.789900 -0.985105 0.164647 0.049604 6.145800 -0.096702 -0.291908 -0.951545 0.309300 0.000000 0.000000 0.000000 1.000000
-0.142189 -0.942168 0.303482 -22.789900 -0.985105 0.164647 0.049604 6.145800 -0.096702 -0.291908 -0.951545 0.309300 0.000000 0.000000 0.000000 1.000000
-0.142189 -0.942168 0.303482 -22.789900 -0.985105 0.164647 0.049604 6.145800 -0.096702 -0.291908 -0.951545 0.309300 0.000000 0.000000 0.000000 1.000000
-0.142189 -0.942168 0.303482 -22.789900 -0.985105 0.164647 0.049604 6.145800 -0.096702 -0.291908 -0.951545 0.309300 0.000000 0.000000 0.000000 1.000000
-0.142189 -0.942168 0.303482 -22.789900 -0.985105 0.164647 0.049604 6.145800 -0.096702 -0.291908 -0.951545 0.309300 0.000000 0.000000 0.000000 1.000000
-0.142189 -0.942168 0.303482 -22.789900 -0.985105 0.164647 0.049604 6.145800 -0.096702 -0.291908 -0.951545 0.309300 0.000000 0.000000 0.000000 1.000000
-0.142189 -0.942168 0.303482 -22.789900 -0.985105 0.164647 0.049604 6.145800 -0.096702 -0.291908 -0.951545 0.309300 0.000000 0.000000 0.000000 1.000000
-0.142189 -0.942168 0.303482 -22.789900 -0.985105 0.164647 0.049604 6.145800 -0.096702 -0.291908 -0.951545 0.309300 0.000000 0.000000 0.000000 1.000000
-0.142189 -0.942168 0.303482 -22.789900 -0.985105 0.164647 0.049604 6.145800 -0.096702 -0.291908 -0.951545 0.309300 0.000000 0.000000 0.000000 1.000000
-0.142189 -0.942168 0.303482 -22.789900 -0.985105 0.164647 0.049604 6.145800 -0.096702 -0.291908 -0.951545 0.309300 0.000000 0.000000 0.000000 1.000000
-0.142189 -0.942168 0.303482 -22.789900 -0.985105 0.164647 0.049604 6.145800 -0.096702 -0.291908 -0.951545 0.309300 0.000000 0.000000 0.000000 1.000000
-0.142189 -0.942168 0.303482 -22.789900 -0.985105 0.164647 0.049604 6.145800 -0.096702 -0.291908 -0.951545 0.309300 0.000000 0.000000 0.000000 1.000000</float_array>
        <technique_common>
          <accessor source="#mixamorig_R_B_skirt1-Matrix-animation-output-transform-array" count="22" stride="16">
            <param type="float4x4"/>
          </accessor>
        </technique_common>
      </source>
      <source id="mixamorig_R_B_skirt1-Interpolations">
        <Name_array id="mixamorig_R_B_skirt1-Interpolations-array" count="22">
 LINEAR LINEAR LINEAR LINEAR LINEAR LINEAR LINEAR LINEAR LINEAR LINEAR LINEAR
LINEAR LINEAR LINEAR LINEAR LINEAR LINEAR LINEAR LINEAR LINEAR LINEAR LINEAR</Name_array>
        <technique_common>
          <accessor source="#mixamorig_R_B_skirt1-Interpolations-array" count="22">
            <param type="name"/>
          </accessor>
        </technique_common>
      </source>
      <sampler id="mixamorig_R_B_skirt1-Matrix-animation-transform">
        <input semantic="INPUT" source="#mixamorig_R_B_skirt1-Matrix-animation-input"/>
        <input semantic="OUTPUT" source="#mixamorig_R_B_skirt1-Matrix-animation-output-transform"/>
        <input semantic="INTERPOLATION" source="#mixamorig_R_B_skirt1-Interpolations"/>
      </sampler>
      <channel source="#mixamorig_R_B_skirt1-Matrix-animation-transform" target="mixamorig_R_B_skirt1/matrix"/>
    </animation>
    <animation id="mixamorig_R_B_skirt2-anim" name="mixamorig_R_B_skirt2">
      <source id="mixamorig_R_B_skirt2-Matrix-animation-input">
        <float_array id="mixamorig_R_B_skirt2-Matrix-animation-input-array" count="22">

0.000000 0.033333 0.066667 0.100000 0.133333 0.166667 0.200000 0.233333 0.266667 0.300000 0.333333 0.366667 0.400000 0.433333 0.466667 0.500000
0.533333 0.566667 0.600000 0.633333 0.666667 0.700000</float_array>
        <technique_common>
          <accessor source="#mixamorig_R_B_skirt2-Matrix-animation-input-array" count="22">
            <param name="TIME" type="float"/>
          </accessor>
        </technique_common>
      </source>
      <source id="mixamorig_R_B_skirt2-Matrix-animation-output-transform">
        <float_array id="mixamorig_R_B_skirt2-Matrix-animation-output-transform-array" count="352">

1.000000 -0.000000 0.000000 27.083401 -0.000000 1.000000 -0.000000 0.000000 -0.000000 0.000000 1.000000 0.000000 0.000000 0.000000 0.000000 1.000000
1.000000 0.000000 0.000000 27.083401 0.000000 1.000000 -0.000000 0.000000 -0.000000 0.000000 1.000000 -0.000000 0.000000 0.000000 0.000000 1.000000
1.000000 -0.000000 -0.000000 27.083401 0.000000 1.000000 0.000000 0.000000 -0.000000 -0.000000 1.000000 -0.000000 0.000000 0.000000 0.000000 1.000000
1.000000 0.000000 0.000000 27.083401 -0.000000 1.000000 0.000000 -0.000000 0.000000 -0.000000 1.000000 0.000000 0.000000 0.000000 0.000000 1.000000
1.000000 0.000000 0.000000 27.083401 0.000000 1.000000 0.000000 0.000000 -0.000000 0.000000 1.000000 0.000000 0.000000 0.000000 0.000000 1.000000
1.000000 0.000000 -0.000000 27.083401 -0.000000 1.000000 0.000000 0.000000 0.000000 0.000000 1.000000 -0.000000 0.000000 0.000000 0.000000 1.000000
1.000000 0.000000 -0.000000 27.083401 0.000000 1.000000 0.000000 -0.000000 0.000000 0.000000 1.000000 0.000000 0.000000 0.000000 0.000000 1.000000
1.000000 0.000000 0.000000 27.083401 -0.000000 1.000000 0.000000 0.000000 -0.000000 0.000000 1.000000 0.000000 0.000000 0.000000 0.000000 1.000000
1.000000 -0.000000 0.000000 27.083401 0.000000 1.000000 0.000000 0.000000 0.000000 0.000000 1.000000 0.000000 0.000000 0.000000 0.000000 1.000000
1.000000 -0.000000 0.000000 27.083401 -0.000000 1.000000 0.000000 0.000000 -0.000000 0.000000 1.000000 -0.000000 0.000000 0.000000 0.000000 1.000000
1.000000 0.000000 -0.000000 27.083401 -0.000000 1.000000 0.000000 0.000000 -0.000000 0.000000 1.000000 0.000000 0.000000 0.000000 0.000000 1.000000
1.000000 0.000000 -0.000000 27.083401 0.000000 1.000000 0.000000 0.000000 0.000000 0.000000 1.000000 0.000000 0.000000 0.000000 0.000000 1.000000
1.000000 0.000000 0.000000 27.083401 0.000000 1.000000 -0.000000 0.000000 -0.000000 0.000000 1.000000 0.000000 0.000000 0.000000 0.000000 1.000000
1.000000 -0.000000 0.000000 27.083401 0.000000 1.000000 0.000000 0.000000 0.000000 -0.000000 1.000000 -0.000000 0.000000 0.000000 0.000000 1.000000
1.000000 0.000000 0.000000 27.083401 0.000000 1.000000 -0.000000 0.000000 0.000000 0.000000 1.000000 0.000000 0.000000 0.000000 0.000000 1.000000
1.000000 0.000000 0.000000 27.083401 0.000000 1.000000 0.000000 0.000000 -0.000000 0.000000 1.000000 -0.000000 0.000000 0.000000 0.000000 1.000000
1.000000 -0.000000 -0.000000 27.083401 0.000000 1.000000 0.000000 0.000000 -0.000000 0.000000 1.000000 0.000000 0.000000 0.000000 0.000000 1.000000
1.000000 0.000000 -0.000000 27.083401 -0.000000 1.000000 0.000000 0.000000 0.000000 0.000000 1.000000 -0.000000 0.000000 0.000000 0.000000 1.000000
1.000000 -0.000000 0.000000 27.083401 0.000000 1.000000 0.000000 0.000000 -0.000000 0.000000 1.000000 0.000000 0.000000 0.000000 0.000000 1.000000
1.000000 0.000000 0.000000 27.083401 0.000000 1.000000 0.000000 0.000000 0.000000 -0.000000 1.000000 0.000000 0.000000 0.000000 0.000000 1.000000
1.000000 -0.000000 0.000000 27.083401 -0.000000 1.000000 0.000000 0.000000 -0.000000 -0.000000 1.000000 0.000000 0.000000 0.000000 0.000000 1.000000
1.000000 -0.000000 0.000000 27.083401 0.000000 1.000000 0.000000 0.000000 0.000000 0.000000 1.000000 -0.000000 0.000000 0.000000 0.000000 1.000000</float_array>
        <technique_common>
          <accessor source="#mixamorig_R_B_skirt2-Matrix-animation-output-transform-array" count="22" stride="16">
            <param type="float4x4"/>
          </accessor>
        </technique_common>
      </source>
      <source id="mixamorig_R_B_skirt2-Interpolations">
        <Name_array id="mixamorig_R_B_skirt2-Interpolations-array" count="22">
 LINEAR LINEAR LINEAR LINEAR LINEAR LINEAR LINEAR LINEAR LINEAR LINEAR LINEAR
LINEAR LINEAR LINEAR LINEAR LINEAR LINEAR LINEAR LINEAR LINEAR LINEAR LINEAR</Name_array>
        <technique_common>
          <accessor source="#mixamorig_R_B_skirt2-Interpolations-array" count="22">
            <param type="name"/>
          </accessor>
        </technique_common>
      </source>
      <sampler id="mixamorig_R_B_skirt2-Matrix-animation-transform">
        <input semantic="INPUT" source="#mixamorig_R_B_skirt2-Matrix-animation-input"/>
        <input semantic="OUTPUT" source="#mixamorig_R_B_skirt2-Matrix-animation-output-transform"/>
        <input semantic="INTERPOLATION" source="#mixamorig_R_B_skirt2-Interpolations"/>
      </sampler>
      <channel source="#mixamorig_R_B_skirt2-Matrix-animation-transform" target="mixamorig_R_B_skirt2/matrix"/>
    </animation>
    <animation id="mixamorig_R_B_skirt3-anim" name="mixamorig_R_B_skirt3">
      <source id="mixamorig_R_B_skirt3-Matrix-animation-input">
        <float_array id="mixamorig_R_B_skirt3-Matrix-animation-input-array" count="22">

0.000000 0.033333 0.066667 0.100000 0.133333 0.166667 0.200000 0.233333 0.266667 0.300000 0.333333 0.366667 0.400000 0.433333 0.466667 0.500000
0.533333 0.566667 0.600000 0.633333 0.666667 0.700000</float_array>
        <technique_common>
          <accessor source="#mixamorig_R_B_skirt3-Matrix-animation-input-array" count="22">
            <param name="TIME" type="float"/>
          </accessor>
        </technique_common>
      </source>
      <source id="mixamorig_R_B_skirt3-Matrix-animation-output-transform">
        <float_array id="mixamorig_R_B_skirt3-Matrix-animation-output-transform-array" count="352">

1.000000 0.000000 0.000000 26.734699 0.000000 1.000000 0.000000 0.000000 0.000000 -0.000000 1.000000 0.000000 0.000000 0.000000 0.000000 1.000000
1.000000 -0.000000 -0.000000 26.734699 0.000000 1.000000 0.000000 0.000000 0.000000 -0.000000 1.000000 0.000000 0.000000 0.000000 0.000000 1.000000
1.000000 0.000000 0.000000 26.734699 -0.000000 1.000000 -0.000000 0.000000 0.000000 0.000000 1.000000 0.000000 0.000000 0.000000 0.000000 1.000000
1.000000 -0.000000 -0.000000 26.734699 -0.000000 1.000000 0.000000 0.000000 0.000000 0.000000 1.000000 0.000000 0.000000 0.000000 0.000000 1.000000
1.000000 0.000000 0.000000 26.734699 -0.000000 1.000000 0.000000 0.000000 -0.000000 0.000000 1.000000 0.000000 0.000000 0.000000 0.000000 1.000000
1.000000 0.000000 0.000000 26.734699 0.000000 1.000000 0.000000 0.000000 0.000000 0.000000 1.000000 -0.000000 0.000000 0.000000 0.000000 1.000000
1.000000 0.000000 0.000000 26.734699 0.000000 1.000000 0.000000 0.000000 0.000000 0.000000 1.000000 0.000000 0.000000 0.000000 0.000000 1.000000
1.000000 -0.000000 0.000000 26.734699 0.000000 1.000000 0.000000 0.000000 0.000000 0.000000 1.000000 -0.000000 0.000000 0.000000 0.000000 1.000000
1.000000 -0.000000 -0.000000 26.734699 0.000000 1.000000 -0.000000 0.000000 0.000000 0.000000 1.000000 -0.000000 0.000000 0.000000 0.000000 1.000000
1.000000 -0.000000 -0.000000 26.734699 -0.000000 1.000000 0.000000 -0.000000 -0.000000 -0.000000 1.000000 -0.000000 0.000000 0.000000 0.000000 1.000000
1.000000 0.000000 -0.000000 26.734699 -0.000000 1.000000 0.000000 -0.000000 0.000000 0.000000 1.000000 -0.000000 0.000000 0.000000 0.000000 1.000000
1.000000 0.000000 -0.000000 26.734699 0.000000 1.000000 -0.000000 0.000000 -0.000000 -0.000000 1.000000 0.000000 0.000000 0.000000 0.000000 1.000000
1.000000 0.000000 -0.000000 26.734699 0.000000 1.000000 -0.000000 0.000000 0.000000 0.000000 1.000000 0.000000 0.000000 0.000000 0.000000 1.000000
1.000000 0.000000 0.000000 26.734699 0.000000 1.000000 0.000000 0.000000 0.000000 -0.000000 1.000000 0.000000 0.000000 0.000000 0.000000 1.000000
1.000000 0.000000 0.000000 26.734699 -0.000000 1.000000 -0.000000 0.000000 0.000000 0.000000 1.000000 0.000000 0.000000 0.000000 0.000000 1.000000
1.000000 -0.000000 -0.000000 26.734699 0.000000 1.000000 0.000000 0.000000 -0.000000 -0.000000 1.000000 0.000000 0.000000 0.000000 0.000000 1.000000
1.000000 0.000000 -0.000000 26.734699 0.000000 1.000000 0.000000 -0.000000 0.000000 0.000000 1.000000 0.000000 0.000000 0.000000 0.000000 1.000000
1.000000 0.000000 0.000000 26.734699 -0.000000 1.000000 -0.000000 0.000000 -0.000000 0.000000 1.000000 0.000000 0.000000 0.000000 0.000000 1.000000
1.000000 -0.000000 0.000000 26.734699 0.000000 1.000000 0.000000 -0.000000 0.000000 0.000000 1.000000 0.000000 0.000000 0.000000 0.000000 1.000000
1.000000 0.000000 0.000000 26.734699 -0.000000 1.000000 0.000000 -0.000000 -0.000000 -0.000000 1.000000 0.000000 0.000000 0.000000 0.000000 1.000000
1.000000 0.000000 0.000000 26.734699 0.000000 1.000000 0.000000 -0.000000 0.000000 0.000000 1.000000 0.000000 0.000000 0.000000 0.000000 1.000000
1.000000 -0.000000 0.000000 26.734699 0.000000 1.000000 -0.000000 0.000000 0.000000 -0.000000 1.000000 0.000000 0.000000 0.000000 0.000000 1.000000</float_array>
        <technique_common>
          <accessor source="#mixamorig_R_B_skirt3-Matrix-animation-output-transform-array" count="22" stride="16">
            <param type="float4x4"/>
          </accessor>
        </technique_common>
      </source>
      <source id="mixamorig_R_B_skirt3-Interpolations">
        <Name_array id="mixamorig_R_B_skirt3-Interpolations-array" count="22">
 LINEAR LINEAR LINEAR LINEAR LINEAR LINEAR LINEAR LINEAR LINEAR LINEAR LINEAR
LINEAR LINEAR LINEAR LINEAR LINEAR LINEAR LINEAR LINEAR LINEAR LINEAR LINEAR</Name_array>
        <technique_common>
          <accessor source="#mixamorig_R_B_skirt3-Interpolations-array" count="22">
            <param type="name"/>
          </accessor>
        </technique_common>
      </source>
      <sampler id="mixamorig_R_B_skirt3-Matrix-animation-transform">
        <input semantic="INPUT" source="#mixamorig_R_B_skirt3-Matrix-animation-input"/>
        <input semantic="OUTPUT" source="#mixamorig_R_B_skirt3-Matrix-animation-output-transform"/>
        <input semantic="INTERPOLATION" source="#mixamorig_R_B_skirt3-Interpolations"/>
      </sampler>
      <channel source="#mixamorig_R_B_skirt3-Matrix-animation-transform" target="mixamorig_R_B_skirt3/matrix"/>
    </animation>
    <animation id="mixamorig_F_skirt1-anim" name="mixamorig_F_skirt1">
      <source id="mixamorig_F_skirt1-Matrix-animation-input">
        <float_array id="mixamorig_F_skirt1-Matrix-animation-input-array" count="22">

0.000000 0.033333 0.066667 0.100000 0.133333 0.166667 0.200000 0.233333 0.266667 0.300000 0.333333 0.366667 0.400000 0.433333 0.466667 0.500000
0.533333 0.566667 0.600000 0.633333 0.666667 0.700000</float_array>
        <technique_common>
          <accessor source="#mixamorig_F_skirt1-Matrix-animation-input-array" count="22">
            <param name="TIME" type="float"/>
          </accessor>
        </technique_common>
      </source>
      <source id="mixamorig_F_skirt1-Matrix-animation-output-transform">
        <float_array id="mixamorig_F_skirt1-Matrix-animation-output-transform-array" count="352">

-0.000002 0.000000 -1.000000 -0.093700 -0.998606 0.052777 0.000002 -3.741800 0.052777 0.998606 -0.000000 24.067699 0.000000 0.000000 0.000000 1.000000
-0.000002 0.000000 -1.000000 -0.093700 -0.998606 0.052777 0.000002 -3.741800 0.052777 0.998606 0.000000 24.067699 0.000000 0.000000 0.000000 1.000000
-0.000002 0.000000 -1.000000 -0.093700 -0.998606 0.052777 0.000002 -3.741800 0.052777 0.998606 -0.000000 24.067699 0.000000 0.000000 0.000000 1.000000
-0.000002 0.000000 -1.000000 -0.093700 -0.998606 0.052777 0.000002 -3.741800 0.052777 0.998606 0.000000 24.067699 0.000000 0.000000 0.000000 1.000000
-0.000002 0.000000 -1.000000 -0.093700 -0.998606 0.052777 0.000002 -3.741800 0.052777 0.998606 -0.000000 24.067699 0.000000 0.000000 0.000000 1.000000
-0.000002 0.000000 -1.000000 -0.093700 -0.998606 0.052777 0.000002 -3.741800 0.052777 0.998606 0.000000 24.067699 0.000000 0.000000 0.000000 1.000000
-0.000002 0.000000 -1.000000 -0.093700 -0.998606 0.052777 0.000002 -3.741800 0.052777 0.998606 -0.000000 24.067699 0.000000 0.000000 0.000000 1.000000
-0.000002 0.000000 -1.000000 -0.093700 -0.998606 0.052777 0.000002 -3.741800 0.052777 0.998606 -0.000000 24.067699 0.000000 0.000000 0.000000 1.000000
-0.000002 0.000000 -1.000000 -0.093700 -0.998606 0.052777 0.000002 -3.741800 0.052777 0.998606 0.000000 24.067699 0.000000 0.000000 0.000000 1.000000
-0.000002 0.000000 -1.000000 -0.093700 -0.998606 0.052777 0.000002 -3.741800 0.052777 0.998606 0.000000 24.067699 0.000000 0.000000 0.000000 1.000000
-0.000002 0.000000 -1.000000 -0.093700 -0.998606 0.052777 0.000002 -3.741800 0.052777 0.998606 -0.000000 24.067699 0.000000 0.000000 0.000000 1.000000
-0.000002 0.000000 -1.000000 -0.093700 -0.998606 0.052777 0.000002 -3.741800 0.052777 0.998606 -0.000000 24.067699 0.000000 0.000000 0.000000 1.000000
-0.000002 0.000000 -1.000000 -0.093700 -0.998606 0.052777 0.000002 -3.741800 0.052777 0.998606 0.000000 24.067699 0.000000 0.000000 0.000000 1.000000
-0.000002 0.000000 -1.000000 -0.093700 -0.998606 0.052777 0.000002 -3.741800 0.052777 0.998606 -0.000000 24.067699 0.000000 0.000000 0.000000 1.000000
-0.000002 0.000000 -1.000000 -0.093700 -0.998606 0.052777 0.000002 -3.741800 0.052777 0.998606 0.000000 24.067699 0.000000 0.000000 0.000000 1.000000
-0.000002 0.000000 -1.000000 -0.093700 -0.998606 0.052777 0.000002 -3.741800 0.052777 0.998606 0.000000 24.067699 0.000000 0.000000 0.000000 1.000000
-0.000002 0.000000 -1.000000 -0.093700 -0.998606 0.052777 0.000002 -3.741800 0.052777 0.998606 -0.000000 24.067699 0.000000 0.000000 0.000000 1.000000
-0.000002 0.000000 -1.000000 -0.093700 -0.998606 0.052777 0.000002 -3.741800 0.052777 0.998606 0.000000 24.067699 0.000000 0.000000 0.000000 1.000000
-0.000002 0.000000 -1.000000 -0.093700 -0.998606 0.052777 0.000002 -3.741800 0.052777 0.998606 -0.000000 24.067699 0.000000 0.000000 0.000000 1.000000
-0.000002 0.000000 -1.000000 -0.093700 -0.998606 0.052777 0.000002 -3.741800 0.052777 0.998606 0.000000 24.067699 0.000000 0.000000 0.000000 1.000000
-0.000002 0.000000 -1.000000 -0.093700 -0.998606 0.052777 0.000002 -3.741800 0.052777 0.998606 -0.000000 24.067699 0.000000 0.000000 0.000000 1.000000
-0.000002 0.000000 -1.000000 -0.093700 -0.998606 0.052777 0.000002 -3.741800 0.052777 0.998606 0.000000 24.067699 0.000000 0.000000 0.000000 1.000000</float_array>
        <technique_common>
          <accessor source="#mixamorig_F_skirt1-Matrix-animation-output-transform-array" count="22" stride="16">
            <param type="float4x4"/>
          </accessor>
        </technique_common>
      </source>
      <source id="mixamorig_F_skirt1-Interpolations">
        <Name_array id="mixamorig_F_skirt1-Interpolations-array" count="22">
 LINEAR LINEAR LINEAR LINEAR LINEAR LINEAR LINEAR LINEAR LINEAR LINEAR LINEAR
LINEAR LINEAR LINEAR LINEAR LINEAR LINEAR LINEAR LINEAR LINEAR LINEAR LINEAR</Name_array>
        <technique_common>
          <accessor source="#mixamorig_F_skirt1-Interpolations-array" count="22">
            <param type="name"/>
          </accessor>
        </technique_common>
      </source>
      <sampler id="mixamorig_F_skirt1-Matrix-animation-transform">
        <input semantic="INPUT" source="#mixamorig_F_skirt1-Matrix-animation-input"/>
        <input semantic="OUTPUT" source="#mixamorig_F_skirt1-Matrix-animation-output-transform"/>
        <input semantic="INTERPOLATION" source="#mixamorig_F_skirt1-Interpolations"/>
      </sampler>
      <channel source="#mixamorig_F_skirt1-Matrix-animation-transform" target="mixamorig_F_skirt1/matrix"/>
    </animation>
    <animation id="mixamorig_F_skirt2-anim" name="mixamorig_F_skirt2">
      <source id="mixamorig_F_skirt2-Matrix-animation-input">
        <float_array id="mixamorig_F_skirt2-Matrix-animation-input-array" count="22">

0.000000 0.033333 0.066667 0.100000 0.133333 0.166667 0.200000 0.233333 0.266667 0.300000 0.333333 0.366667 0.400000 0.433333 0.466667 0.500000
0.533333 0.566667 0.600000 0.633333 0.666667 0.700000</float_array>
        <technique_common>
          <accessor source="#mixamorig_F_skirt2-Matrix-animation-input-array" count="22">
            <param name="TIME" type="float"/>
          </accessor>
        </technique_common>
      </source>
      <source id="mixamorig_F_skirt2-Matrix-animation-output-transform">
        <float_array id="mixamorig_F_skirt2-Matrix-animation-output-transform-array" count="352">

1.000000 0.000000 -0.000000 23.567801 0.000000 1.000000 0.000000 0.000000 0.000000 0.000000 1.000000 -0.000000 0.000000 0.000000 0.000000 1.000000
1.000000 -0.000000 0.000000 23.567801 0.000000 1.000000 0.000000 -0.000000 0.000000 -0.000000 1.000000 0.000000 0.000000 0.000000 0.000000 1.000000
1.000000 0.000000 0.000000 23.567801 0.000000 1.000000 -0.000000 0.000000 -0.000000 0.000000 1.000000 -0.000000 0.000000 0.000000 0.000000 1.000000
1.000000 -0.000000 0.000000 23.567801 -0.000000 1.000000 -0.000000 0.000000 -0.000000 0.000000 1.000000 -0.000000 0.000000 0.000000 0.000000 1.000000
1.000000 0.000000 0.000000 23.567801 -0.000000 1.000000 0.000000 0.000000 -0.000000 0.000000 1.000000 0.000000 0.000000 0.000000 0.000000 1.000000
1.000000 0.000000 -0.000000 23.567801 0.000000 1.000000 0.000000 0.000000 -0.000000 -0.000000 1.000000 -0.000000 0.000000 0.000000 0.000000 1.000000
1.000000 0.000000 -0.000000 23.567801 -0.000000 1.000000 0.000000 0.000000 0.000000 0.000000 1.000000 0.000000 0.000000 0.000000 0.000000 1.000000
1.000000 0.000000 -0.000000 23.567801 0.000000 1.000000 -0.000000 0.000000 -0.000000 -0.000000 1.000000 0.000000 0.000000 0.000000 0.000000 1.000000
1.000000 0.000000 0.000000 23.567801 0.000000 1.000000 -0.000000 0.000000 0.000000 -0.000000 1.000000 -0.000000 0.000000 0.000000 0.000000 1.000000
1.000000 -0.000000 -0.000000 23.567801 0.000000 1.000000 0.000000 0.000000 0.000000 0.000000 1.000000 -0.000000 0.000000 0.000000 0.000000 1.000000
1.000000 0.000000 0.000000 23.567801 0.000000 1.000000 0.000000 -0.000000 0.000000 0.000000 1.000000 -0.000000 0.000000 0.000000 0.000000 1.000000
1.000000 -0.000000 0.000000 23.567801 -0.000000 1.000000 0.000000 0.000000 0.000000 0.000000 1.000000 -0.000000 0.000000 0.000000 0.000000 1.000000
1.000000 -0.000000 0.000000 23.567801 -0.000000 1.000000 0.000000 0.000000 -0.000000 -0.000000 1.000000 -0.000000 0.000000 0.000000 0.000000 1.000000
1.000000 -0.000000 0.000000 23.567801 -0.000000 1.000000 0.000000 -0.000000 -0.000000 0.000000 1.000000 0.000000 0.000000 0.000000 0.000000 1.000000
1.000000 0.000000 0.000000 23.567801 -0.000000 1.000000 0.000000 0.000000 0.000000 -0.000000 1.000000 -0.000000 0.000000 0.000000 0.000000 1.000000
1.000000 0.000000 0.000000 23.567801 -0.000000 1.000000 0.000000 0.000000 -0.000000 0.000000 1.000000 -0.000000 0.000000 0.000000 0.000000 1.000000
1.000000 -0.000000 0.000000 23.567801 0.000000 1.000000 -0.000000 0.000000 0.000000 0.000000 1.000000 -0.000000 0.000000 0.000000 0.000000 1.000000
1.000000 -0.000000 -0.000000 23.567801 -0.000000 1.000000 -0.000000 -0.000000 -0.000000 0.000000 1.000000 0.000000 0.000000 0.000000 0.000000 1.000000
1.000000 0.000000 -0.000000 23.567801 -0.000000 1.000000 0.000000 0.000000 0.000000 0.000000 1.000000 -0.000000 0.000000 0.000000 0.000000 1.000000
1.000000 0.000000 -0.000000 23.567801 0.000000 1.000000 -0.000000 0.000000 0.000000 -0.000000 1.000000 -0.000000 0.000000 0.000000 0.000000 1.000000
1.000000 0.000000 -0.000000 23.567801 0.000000 1.000000 0.000000 0.000000 0.000000 0.000000 1.000000 0.000000 0.000000 0.000000 0.000000 1.000000
1.000000 -0.000000 0.000000 23.567801 0.000000 1.000000 -0.000000 0.000000 -0.000000 0.000000 1.000000 0.000000 0.000000 0.000000 0.000000 1.000000</float_array>
        <technique_common>
          <accessor source="#mixamorig_F_skirt2-Matrix-animation-output-transform-array" count="22" stride="16">
            <param type="float4x4"/>
          </accessor>
        </technique_common>
      </source>
      <source id="mixamorig_F_skirt2-Interpolations">
        <Name_array id="mixamorig_F_skirt2-Interpolations-array" count="22">
 LINEAR LINEAR LINEAR LINEAR LINEAR LINEAR LINEAR LINEAR LINEAR LINEAR LINEAR
LINEAR LINEAR LINEAR LINEAR LINEAR LINEAR LINEAR LINEAR LINEAR LINEAR LINEAR</Name_array>
        <technique_common>
          <accessor source="#mixamorig_F_skirt2-Interpolations-array" count="22">
            <param type="name"/>
          </accessor>
        </technique_common>
      </source>
      <sampler id="mixamorig_F_skirt2-Matrix-animation-transform">
        <input semantic="INPUT" source="#mixamorig_F_skirt2-Matrix-animation-input"/>
        <input semantic="OUTPUT" source="#mixamorig_F_skirt2-Matrix-animation-output-transform"/>
        <input semantic="INTERPOLATION" source="#mixamorig_F_skirt2-Interpolations"/>
      </sampler>
      <channel source="#mixamorig_F_skirt2-Matrix-animation-transform" target="mixamorig_F_skirt2/matrix"/>
    </animation>
    <animation id="mixamorig_F_skirt3-anim" name="mixamorig_F_skirt3">
      <source id="mixamorig_F_skirt3-Matrix-animation-input">
        <float_array id="mixamorig_F_skirt3-Matrix-animation-input-array" count="22">

0.000000 0.033333 0.066667 0.100000 0.133333 0.166667 0.200000 0.233333 0.266667 0.300000 0.333333 0.366667 0.400000 0.433333 0.466667 0.500000
0.533333 0.566667 0.600000 0.633333 0.666667 0.700000</float_array>
        <technique_common>
          <accessor source="#mixamorig_F_skirt3-Matrix-animation-input-array" count="22">
            <param name="TIME" type="float"/>
          </accessor>
        </technique_common>
      </source>
      <source id="mixamorig_F_skirt3-Matrix-animation-output-transform">
        <float_array id="mixamorig_F_skirt3-Matrix-animation-output-transform-array" count="352">

1.000000 0.000000 -0.000000 23.545500 0.000000 1.000000 0.000000 0.000000 -0.000000 0.000000 1.000000 0.000000 0.000000 0.000000 0.000000 1.000000
1.000000 0.000000 -0.000000 23.545500 0.000000 1.000000 -0.000000 -0.000000 0.000000 0.000000 1.000000 0.000000 0.000000 0.000000 0.000000 1.000000
1.000000 -0.000000 0.000000 23.545500 0.000000 1.000000 -0.000000 -0.000000 0.000000 0.000000 1.000000 0.000000 0.000000 0.000000 0.000000 1.000000
1.000000 -0.000000 0.000000 23.545500 0.000000 1.000000 -0.000000 0.000000 -0.000000 0.000000 1.000000 0.000000 0.000000 0.000000 0.000000 1.000000
1.000000 0.000000 0.000000 23.545500 -0.000000 1.000000 -0.000000 0.000000 0.000000 0.000000 1.000000 -0.000000 0.000000 0.000000 0.000000 1.000000
1.000000 0.000000 -0.000000 23.545500 -0.000000 1.000000 0.000000 0.000000 -0.000000 -0.000000 1.000000 0.000000 0.000000 0.000000 0.000000 1.000000
1.000000 0.000000 0.000000 23.545500 0.000000 1.000000 0.000000 0.000000 0.000000 0.000000 1.000000 0.000000 0.000000 0.000000 0.000000 1.000000
1.000000 0.000000 0.000000 23.545500 0.000000 1.000000 -0.000000 0.000000 -0.000000 -0.000000 1.000000 0.000000 0.000000 0.000000 0.000000 1.000000
1.000000 -0.000000 0.000000 23.545500 0.000000 1.000000 -0.000000 0.000000 0.000000 0.000000 1.000000 -0.000000 0.000000 0.000000 0.000000 1.000000
1.000000 -0.000000 0.000000 23.545500 -0.000000 1.000000 0.000000 0.000000 0.000000 0.000000 1.000000 0.000000 0.000000 0.000000 0.000000 1.000000
1.000000 -0.000000 0.000000 23.545500 0.000000 1.000000 0.000000 0.000000 -0.000000 -0.000000 1.000000 0.000000 0.000000 0.000000 0.000000 1.000000
1.000000 -0.000000 0.000000 23.545500 -0.000000 1.000000 0.000000 0.000000 0.000000 0.000000 1.000000 -0.000000 0.000000 0.000000 0.000000 1.000000
1.000000 0.000000 0.000000 23.545500 0.000000 1.000000 0.000000 0.000000 0.000000 0.000000 1.000000 0.000000 0.000000 0.000000 0.000000 1.000000
1.000000 0.000000 0.000000 23.545500 0.000000 1.000000 -0.000000 0.000000 0.000000 -0.000000 1.000000 0.000000 0.000000 0.000000 0.000000 1.000000
1.000000 0.000000 0.000000 23.545500 -0.000000 1.000000 0.000000 0.000000 0.000000 0.000000 1.000000 0.000000 0.000000 0.000000 0.000000 1.000000
1.000000 0.000000 0.000000 23.545500 0.000000 1.000000 0.000000 -0.000000 -0.000000 0.000000 1.000000 -0.000000 0.000000 0.000000 0.000000 1.000000
1.000000 0.000000 0.000000 23.545500 -0.000000 1.000000 -0.000000 0.000000 0.000000 0.000000 1.000000 0.000000 0.000000 0.000000 0.000000 1.000000
1.000000 0.000000 -0.000000 23.545500 0.000000 1.000000 0.000000 -0.000000 -0.000000 -0.000000 1.000000 0.000000 0.000000 0.000000 0.000000 1.000000
1.000000 -0.000000 0.000000 23.545500 -0.000000 1.000000 0.000000 -0.000000 -0.000000 0.000000 1.000000 -0.000000 0.000000 0.000000 0.000000 1.000000
1.000000 0.000000 0.000000 23.545500 -0.000000 1.000000 0.000000 0.000000 0.000000 0.000000 1.000000 -0.000000 0.000000 0.000000 0.000000 1.000000
1.000000 0.000000 -0.000000 23.545500 0.000000 1.000000 0.000000 0.000000 0.000000 0.000000 1.000000 0.000000 0.000000 0.000000 0.000000 1.000000
1.000000 0.000000 0.000000 23.545500 -0.000000 1.000000 0.000000 0.000000 -0.000000 -0.000000 1.000000 0.000000 0.000000 0.000000 0.000000 1.000000</float_array>
        <technique_common>
          <accessor source="#mixamorig_F_skirt3-Matrix-animation-output-transform-array" count="22" stride="16">
            <param type="float4x4"/>
          </accessor>
        </technique_common>
      </source>
      <source id="mixamorig_F_skirt3-Interpolations">
        <Name_array id="mixamorig_F_skirt3-Interpolations-array" count="22">
 LINEAR LINEAR LINEAR LINEAR LINEAR LINEAR LINEAR LINEAR LINEAR LINEAR LINEAR
LINEAR LINEAR LINEAR LINEAR LINEAR LINEAR LINEAR LINEAR LINEAR LINEAR LINEAR</Name_array>
        <technique_common>
          <accessor source="#mixamorig_F_skirt3-Interpolations-array" count="22">
            <param type="name"/>
          </accessor>
        </technique_common>
      </source>
      <sampler id="mixamorig_F_skirt3-Matrix-animation-transform">
        <input semantic="INPUT" source="#mixamorig_F_skirt3-Matrix-animation-input"/>
        <input semantic="OUTPUT" source="#mixamorig_F_skirt3-Matrix-animation-output-transform"/>
        <input semantic="INTERPOLATION" source="#mixamorig_F_skirt3-Interpolations"/>
      </sampler>
      <channel source="#mixamorig_F_skirt3-Matrix-animation-transform" target="mixamorig_F_skirt3/matrix"/>
    </animation>
  </library_animations>
  <library_visual_scenes>
    <visual_scene id="RootNode" name="RootNode">
      <node id="mixamorig_Hips" name="mixamorig_Hips" sid="mixamorig_Hips" type="JOINT">
        <matrix sid="matrix">0.585703 -0.257001 -0.768702 11.213795 -0.037381 0.938825 -0.342360 62.269478 0.809663 0.229256 0.540266 -4.403619 0.000000 0.000000 0.000000 1.000000</matrix>
        <node id="mixamorig_Spine" name="mixamorig_Spine" sid="mixamorig_Spine" type="JOINT">
          <matrix sid="matrix">0.999552 0.014357 0.026279 0.072000 -0.012988 0.998586 -0.051558 7.257300 -0.026982 0.051193 0.998324 -0.789700 0.000000 0.000000 0.000000 1.000000</matrix>
          <node id="mixamorig_Spine1" name="mixamorig_Spine1" sid="mixamorig_Spine1" type="JOINT">
            <matrix sid="matrix">0.999680 0.005803 0.024637 0.000000 0.001547 0.957540 -0.288295 8.558700 -0.025264 0.288241 0.957225 -0.000000 0.000000 0.000000 0.000000 1.000000</matrix>
            <node id="mixamorig_Spine2" name="mixamorig_Spine2" sid="mixamorig_Spine2" type="JOINT">
              <matrix sid="matrix">0.999680 0.008111 0.023976 -0.000000 0.001547 0.925920 -0.377716 29.149500 -0.025264 0.377632 0.925611 1.721100 0.000000 0.000000 0.000000 1.000000</matrix>
              <node id="mixamorig_Neck" name="mixamorig_Neck" sid="mixamorig_Neck" type="JOINT">
                <matrix sid="matrix">0.986949 0.068802 0.145592 -0.000000 -0.096268 0.976867 0.190954 13.857900 -0.129086 -0.202477 0.970742 7.405300 0.000000 0.000000 0.000000 1.000000</matrix>
                <node id="mixamorig_Head" name="mixamorig_Head" sid="mixamorig_Head" type="JOINT">
                  <matrix sid="matrix">0.904925 0.073256 0.419218 0.000000 -0.273163 0.855348 0.440184 8.198500 -0.326331 -0.512848 0.794037 5.703100 0.000000 0.000000 0.000000 1.000000</matrix>
                  <node id="mixamorig_HeadTop_End" name="mixamorig_HeadTop_End" sid="mixamorig_HeadTop_End" type="JOINT">
                    <matrix sid="matrix">1.000000 0.000000 0.000000 0.000000 0.000000 1.000000 0.000000 17.760799 0.000000 -0.000000 1.000000 13.332700 0.000000 0.000000 0.000000 1.000000</matrix>
                  </node>
                  <node id="LeftEye" name="LeftEye" sid="LeftEye" type="JOINT">
                    <matrix sid="matrix">1.000000 0.000000 0.000000 3.087900 0.000000 1.000000 0.000000 3.070100 0.000000 -0.000000 1.000000 16.773399 0.000000 0.000000 0.000000 1.000000</matrix>
                  </node>
                  <node id="RightEye" name="RightEye" sid="RightEye" type="JOINT">
                    <matrix sid="matrix">1.000000 0.000000 0.000000 -3.303100 0.000000 1.000000 0.000000 3.070100 0.000000 -0.000000 1.000000 16.773399 0.000000 0.000000 0.000000 1.000000</matrix>
                  </node>
                </node>
              </node>
              <node id="mixamorig_LeftShoulder" name="mixamorig_LeftShoulder" sid="mixamorig_LeftShoulder" type="JOINT">
                <matrix sid="matrix">0.038432 0.665691 -0.745237 12.584900 -0.068776 -0.742257 -0.666577 11.395200 -0.996892 0.076872 0.017257 -1.453100 0.000000 0.000000 0.000000 1.000000</matrix>
                <node id="mixamorig_LeftArm" name="mixamorig_LeftArm" sid="mixamorig_LeftArm" type="JOINT">
                  <matrix sid="matrix">0.933638 0.131747 -0.333111 0.000000 -0.309897 0.763488 -0.566612 15.319300 0.179677 0.632241 0.753649 0.000000 0.000000 0.000000 0.000000 1.000000</matrix>
                  <node id="mixamorig_LeftForeArm" name="mixamorig_LeftForeArm" sid="mixamorig_LeftForeArm" type="JOINT">
                    <matrix sid="matrix">0.338188 -0.935325 -0.103903 -0.000000 0.935614 0.346050 -0.069830 34.109299 0.101269 -0.073598 0.992133 0.000000 0.000000 0.000000 0.000000 1.000000</matrix>
                    <node id="mixamorig_LeftHand" name="mixamorig_LeftHand" sid="mixamorig_LeftHand" type="JOINT">
                      <matrix sid="matrix">0.933512 -0.353005 -0.062787 0.000000 0.330696 0.780029 0.531220 41.076000 -0.138548 -0.516664 0.844904 0.000000 0.000000 0.000000 0.000000 1.000000</matrix>
                      <node id="mixamorig_LeftHandThumb1" name="mixamorig_LeftHandThumb1" sid="mixamorig_LeftHandThumb1" type="JOINT">
                        <matrix sid="matrix">0.590610 -0.760992 0.268461 -9.706200 0.766768 0.425549 -0.480599 9.904300 0.251488 0.489694 0.834837 7.213800 0.000000 0.000000 0.000000 1.000000</matrix>
                        <node id="mixamorig_LeftHandThumb2" name="mixamorig_LeftHandThumb2" sid="mixamorig_LeftHandThumb2" type="JOINT">
                          <matrix sid="matrix">0.999804 0.019812 0.000604 0.000000 -0.019820 0.999543 0.022811 2.369000 -0.000151 -0.022819 0.999740 -0.000000 0.000000 0.000000 0.000000 1.000000</matrix>
                          <node id="mixamorig_LeftHandThumb3" name="mixamorig_LeftHandThumb3" sid="mixamorig_LeftHandThumb3" type="JOINT">
                            <matrix sid="matrix">1.000000 -0.000000 0.000067 -0.000000 0.000000 1.000000 0.000000 2.785200 -0.000067 -0.000000 1.000000 0.000000 0.000000 0.000000 0.000000 1.000000</matrix>
                            <node id="mixamorig_LeftHandThumb4" name="mixamorig_LeftHandThumb4" sid="mixamorig_LeftHandThumb4" type="JOINT">
                              <matrix sid="matrix">1.000000 0.000000 -0.000000 0.000000 0.000000 1.000000 -0.000000 6.195100 0.000000 0.000000 1.000000 0.000000 0.000000 0.000000 0.000000 1.000000</matrix>
                            </node>
                          </node>
                        </node>
                      </node>
                      <node id="mixamorig_LeftHandIndex1" name="mixamorig_LeftHandIndex1" sid="mixamorig_LeftHandIndex1" type="JOINT">
                        <matrix sid="matrix">0.993870 -0.105262 -0.033796 -4.736600 0.094033 0.965636 -0.242293 18.296801 0.058139 0.237629 0.969614 0.973500 0.000000 0.000000 0.000000 1.000000</matrix>
                        <node id="mixamorig_LeftHandIndex2" name="mixamorig_LeftHandIndex2" sid="mixamorig_LeftHandIndex2" type="JOINT">
                          <matrix sid="matrix">0.999994 0.000475 -0.003500 0.000000 -0.001775 0.924346 -0.381551 4.697600 0.003054 0.381555 0.924341 -0.000000 0.000000 0.000000 0.000000 1.000000</matrix>
                          <node id="mixamorig_LeftHandIndex3" name="mixamorig_LeftHandIndex3" sid="mixamorig_LeftHandIndex3" type="JOINT">
                            <matrix sid="matrix">1.000000 -0.000000 -0.000000 -0.000000 0.000000 1.000000 0.000000 2.893900 0.000000 -0.000000 1.000000 0.000000 0.000000 0.000000 0.000000 1.000000</matrix>
                            <node id="mixamorig_LeftHandIndex4" name="mixamorig_LeftHandIndex4" sid="mixamorig_LeftHandIndex4" type="JOINT">
                              <matrix sid="matrix">1.000000 0.000000 -0.000000 0.000000 0.000000 1.000000 -0.000000 6.140600 -0.000000 0.000000 1.000000 0.000000 0.000000 0.000000 0.000000 1.000000</matrix>
                            </node>
                          </node>
                        </node>
                      </node>
                      <node id="mixamorig_LeftHandMiddle1" name="mixamorig_LeftHandMiddle1" sid="mixamorig_LeftHandMiddle1" type="JOINT">
                        <matrix sid="matrix">0.999987 -0.004187 -0.003065 -0.139500 0.003031 0.950711 -0.310063 17.924500 0.004212 0.310050 0.950711 0.050800 0.000000 0.000000 0.000000 1.000000</matrix>
                        <node id="mixamorig_LeftHandMiddle2" name="mixamorig_LeftHandMiddle2" sid="mixamorig_LeftHandMiddle2" type="JOINT">
                          <matrix sid="matrix">0.999839 -0.017911 0.000805 -0.000000 0.017414 0.959462 -0.281301 5.001900 0.004266 0.281270 0.959619 0.000000 0.000000 0.000000 0.000000 1.000000</matrix>
                          <node id="mixamorig_LeftHandMiddle3" name="mixamorig_LeftHandMiddle3" sid="mixamorig_LeftHandMiddle3" type="JOINT">
                            <matrix sid="matrix">1.000000 -0.000000 0.000000 0.000000 0.000000 1.000000 0.000000 3.278600 -0.000000 -0.000000 1.000000 0.000000 0.000000 0.000000 0.000000 1.000000</matrix>
                            <node id="mixamorig_LeftHandMiddle4" name="mixamorig_LeftHandMiddle4" sid="mixamorig_LeftHandMiddle4" type="JOINT">
                              <matrix sid="matrix">1.000000 0.000000 -0.000000 0.000000 -0.000000 1.000000 0.000000 4.422900 -0.000000 0.000000 1.000000 0.000000 0.000000 0.000000 0.000000 1.000000</matrix>
                            </node>
                          </node>
                        </node>
                      </node>
                      <node id="mixamorig_LeftHandRing1" name="mixamorig_LeftHandRing1" sid="mixamorig_LeftHandRing1" type="JOINT">
                        <matrix sid="matrix">0.989743 0.139248 -0.031921 3.988400 -0.140643 0.910540 -0.388763 15.764500 -0.025069 0.389265 0.920785 0.151700 0.000000 0.000000 0.000000 1.000000</matrix>
                        <node id="mixamorig_LeftHandRing2" name="mixamorig_LeftHandRing2" sid="mixamorig_LeftHandRing2" type="JOINT">
                          <matrix sid="matrix">0.999368 -0.034740 0.007564 0.000000 0.035300 0.944142 -0.327644 3.497800 0.004241 0.327704 0.944771 0.000000 0.000000 0.000000 0.000000 1.000000</matrix>
                          <node id="mixamorig_LeftHandRing3" name="mixamorig_LeftHandRing3" sid="mixamorig_LeftHandRing3" type="JOINT">
                            <matrix sid="matrix">1.000000 0.000000 -0.000000 0.000000 -0.000000 1.000000 -0.000000 2.983800 0.000000 0.000000 1.000000 0.000000 0.000000 0.000000 0.000000 1.000000</matrix>
                            <node id="mixamorig_LeftHandRing4" name="mixamorig_LeftHandRing4" sid="mixamorig_LeftHandRing4" type="JOINT">
                              <matrix sid="matrix">1.000000 -0.000000 0.000000 0.000000 0.000000 1.000000 0.000000 4.922500 -0.000000 0.000000 1.000000 0.000000 0.000000 0.000000 0.000000 1.000000</matrix>
                            </node>
                          </node>
                        </node>
                      </node>
                      <node id="mixamorig_LeftHandPinky1" name="mixamorig_LeftHandPinky1" sid="mixamorig_LeftHandPinky1" type="JOINT">
                        <matrix sid="matrix">0.953893 0.299257 -0.023109 6.663900 -0.291048 0.903415 -0.314853 12.707900 -0.073344 0.307062 0.948859 0.878100 0.000000 0.000000 0.000000 1.000000</matrix>
                        <node id="mixamorig_LeftHandPinky2" name="mixamorig_LeftHandPinky2" sid="mixamorig_LeftHandPinky2" type="JOINT">
                          <matrix sid="matrix">0.995139 -0.090840 0.038025 0.000000 0.097969 0.874029 -0.475894 3.376600 0.009995 0.477306 0.878680 0.000000 0.000000 0.000000 0.000000 1.000000</matrix>
                          <node id="mixamorig_LeftHandPinky3" name="mixamorig_LeftHandPinky3" sid="mixamorig_LeftHandPinky3" type="JOINT">
                            <matrix sid="matrix">1.000000 0.000000 -0.000000 0.000000 -0.000000 1.000000 0.000000 2.998500 -0.000000 -0.000000 1.000000 -0.000000 0.000000 0.000000 0.000000 1.000000</matrix>
                            <node id="mixamorig_LeftHandPinky4" name="mixamorig_LeftHandPinky4" sid="mixamorig_LeftHandPinky4" type="JOINT">
                              <matrix sid="matrix">1.000000 0.000000 -0.000000 0.000000 0.000000 1.000000 0.000000 5.798100 -0.000000 -0.000000 1.000000 0.000000 0.000000 0.000000 0.000000 1.000000</matrix>
                            </node>
                          </node>
                        </node>
                      </node>
                    </node>
                  </node>
                </node>
              </node>
              <node id="mixamorig_RightShoulder" name="mixamorig_RightShoulder" sid="mixamorig_RightShoulder" type="JOINT">
                <matrix sid="matrix">0.027274 -0.780809 0.624175 -12.584900 0.059267 -0.622045 -0.780735 11.394900 0.997869 0.058287 0.029311 -1.453100 0.000000 0.000000 0.000000 1.000000</matrix>
                <node id="mixamorig_RightArm" name="mixamorig_RightArm" sid="mixamorig_RightArm" type="JOINT">
                  <matrix sid="matrix">0.926105 -0.224850 0.302939 0.000000 0.364239 0.742088 -0.562703 15.319300 -0.098284 0.631465 0.769151 0.000000 0.000000 0.000000 0.000000 1.000000</matrix>
                  <node id="mixamorig_RightForeArm" name="mixamorig_RightForeArm" sid="mixamorig_RightForeArm" type="JOINT">
                    <matrix sid="matrix">0.229706 0.973208 -0.010029 0.000000 -0.973244 0.229749 0.003303 34.109299 0.005519 0.009002 0.999944 -0.000000 0.000000 0.000000 0.000000 1.000000</matrix>
                    <node id="mixamorig_RightHand" name="mixamorig_RightHand" sid="mixamorig_RightHand" type="JOINT">
                      <matrix sid="matrix">0.865631 0.500154 0.022993 0.000000 -0.419106 0.698705 0.579794 41.076000 0.273921 -0.511524 0.814439 0.000000 0.000000 0.000000 0.000000 1.000000</matrix>
                      <node id="mixamorig_RightHandThumb1" name="mixamorig_RightHandThumb1" sid="mixamorig_RightHandThumb1" type="JOINT">
                        <matrix sid="matrix">0.690311 0.722429 -0.039577 9.706200 -0.690328 0.641287 -0.334961 9.903700 -0.216605 0.258549 0.941401 7.214200 0.000000 0.000000 0.000000 1.000000</matrix>
                        <node id="mixamorig_RightHandThumb2" name="mixamorig_RightHandThumb2" sid="mixamorig_RightHandThumb2" type="JOINT">
                          <matrix sid="matrix">0.999608 -0.028007 -0.000339 0.000000 0.028007 0.999360 0.022235 2.369600 -0.000284 -0.022236 0.999753 0.000000 0.000000 0.000000 0.000000 1.000000</matrix>
                          <node id="mixamorig_RightHandThumb3" name="mixamorig_RightHandThumb3" sid="mixamorig_RightHandThumb3" type="JOINT">
                            <matrix sid="matrix">1.000000 0.000000 -0.000071 0.000000 -0.000000 1.000000 0.000000 2.785100 0.000071 -0.000000 1.000000 0.000000 0.000000 0.000000 0.000000 1.000000</matrix>
                            <node id="mixamorig_RightHandThumb4" name="mixamorig_RightHandThumb4" sid="mixamorig_RightHandThumb4" type="JOINT">
                              <matrix sid="matrix">1.000000 0.000000 0.000000 0.000000 -0.000000 1.000000 0.000000 6.195100 -0.000000 0.000000 1.000000 0.000000 0.000000 0.000000 0.000000 1.000000</matrix>
                            </node>
                          </node>
                        </node>
                      </node>
                      <node id="mixamorig_RightHandIndex1" name="mixamorig_RightHandIndex1" sid="mixamorig_RightHandIndex1" type="JOINT">
                        <matrix sid="matrix">0.991675 0.120840 0.044474 4.736600 -0.109346 0.972694 -0.204718 18.296400 -0.067998 0.198150 0.977810 0.973900 0.000000 0.000000 0.000000 1.000000</matrix>
                        <node id="mixamorig_RightHandIndex2" name="mixamorig_RightHandIndex2" sid="mixamorig_RightHandIndex2" type="JOINT">
                          <matrix sid="matrix">0.999907 -0.012925 0.004354 -0.000000 0.013634 0.938190 -0.345852 4.698000 0.000385 0.345879 0.938279 0.000000 0.000000 0.000000 0.000000 1.000000</matrix>
                          <node id="mixamorig_RightHandIndex3" name="mixamorig_RightHandIndex3" sid="mixamorig_RightHandIndex3" type="JOINT">
                            <matrix sid="matrix">1.000000 -0.000000 0.000000 0.000000 0.000000 1.000000 -0.000000 2.894000 -0.000000 0.000000 1.000000 0.000000 0.000000 0.000000 0.000000 1.000000</matrix>
                            <node id="mixamorig_RightHandIndex4" name="mixamorig_RightHandIndex4" sid="mixamorig_RightHandIndex4" type="JOINT">
                              <matrix sid="matrix">1.000000 0.000000 0.000000 0.000000 -0.000000 1.000000 -0.000000 6.140000 -0.000000 0.000000 1.000000 0.000000 0.000000 0.000000 0.000000 1.000000</matrix>
                            </node>
                          </node>
                        </node>
                      </node>
                      <node id="mixamorig_RightHandMiddle1" name="mixamorig_RightHandMiddle1" sid="mixamorig_RightHandMiddle1" type="JOINT">
                        <matrix sid="matrix">0.999738 0.002963 0.022686 0.139500 0.003336 0.962102 -0.272668 17.923901 -0.022635 0.272672 0.961841 0.051600 0.000000 0.000000 0.000000 1.000000</matrix>
                        <node id="mixamorig_RightHandMiddle2" name="mixamorig_RightHandMiddle2" sid="mixamorig_RightHandMiddle2" type="JOINT">
                          <matrix sid="matrix">0.999962 0.008727 -0.000022 0.000000 -0.008461 0.968785 -0.247757 5.002000 -0.002141 0.247748 0.968822 0.000000 0.000000 0.000000 0.000000 1.000000</matrix>
                          <node id="mixamorig_RightHandMiddle3" name="mixamorig_RightHandMiddle3" sid="mixamorig_RightHandMiddle3" type="JOINT">
                            <matrix sid="matrix">1.000000 0.000000 0.000000 0.000000 -0.000000 1.000000 -0.000000 3.279000 0.000000 0.000000 1.000000 0.000000 0.000000 0.000000 0.000000 1.000000</matrix>
                            <node id="mixamorig_RightHandMiddle4" name="mixamorig_RightHandMiddle4" sid="mixamorig_RightHandMiddle4" type="JOINT">
                              <matrix sid="matrix">1.000000 0.000000 0.000000 -0.000000 0.000000 1.000000 -0.000000 4.423000 0.000000 -0.000000 1.000000 0.000000 0.000000 0.000000 0.000000 1.000000</matrix>
                            </node>
                          </node>
                        </node>
                      </node>
                      <node id="mixamorig_RightHandRing1" name="mixamorig_RightHandRing1" sid="mixamorig_RightHandRing1" type="JOINT">
                        <matrix sid="matrix">0.985850 -0.167619 0.002072 -3.988400 0.157378 0.921223 -0.355782 15.764000 0.057727 0.351074 0.934567 0.151600 0.000000 0.000000 0.000000 1.000000</matrix>
                        <node id="mixamorig_RightHandRing2" name="mixamorig_RightHandRing2" sid="mixamorig_RightHandRing2" type="JOINT">
                          <matrix sid="matrix">0.999237 0.038379 -0.007281 0.000000 -0.038832 0.955636 -0.291980 3.498000 -0.004247 0.292040 0.956397 0.000000 0.000000 0.000000 0.000000 1.000000</matrix>
                          <node id="mixamorig_RightHandRing3" name="mixamorig_RightHandRing3" sid="mixamorig_RightHandRing3" type="JOINT">
                            <matrix sid="matrix">1.000000 0.000000 -0.000000 0.000000 -0.000000 1.000000 0.000000 2.984000 0.000000 -0.000000 1.000000 0.000000 0.000000 0.000000 0.000000 1.000000</matrix>
                            <node id="mixamorig_RightHandRing4" name="mixamorig_RightHandRing4" sid="mixamorig_RightHandRing4" type="JOINT">
                              <matrix sid="matrix">1.000000 0.000000 0.000000 0.000000 -0.000000 1.000000 -0.000000 4.922000 -0.000000 -0.000000 1.000000 0.000000 0.000000 0.000000 0.000000 1.000000</matrix>
                            </node>
                          </node>
                        </node>
                      </node>
                      <node id="mixamorig_RightHandPinky1" name="mixamorig_RightHandPinky1" sid="mixamorig_RightHandPinky1" type="JOINT">
                        <matrix sid="matrix">0.945143 -0.325853 -0.022901 -6.663900 0.305601 0.906808 -0.290358 12.707500 0.115381 0.267431 0.956644 0.878800 0.000000 0.000000 0.000000 1.000000</matrix>
                        <node id="mixamorig_RightHandPinky2" name="mixamorig_RightHandPinky2" sid="mixamorig_RightHandPinky2" type="JOINT">
                          <matrix sid="matrix">0.992536 0.115275 -0.039808 0.000000 -0.121051 0.891550 -0.436446 3.377000 -0.014821 0.438007 0.898849 0.000000 0.000000 0.000000 0.000000 1.000000</matrix>
                          <node id="mixamorig_RightHandPinky3" name="mixamorig_RightHandPinky3" sid="mixamorig_RightHandPinky3" type="JOINT">
                            <matrix sid="matrix">1.000000 -0.000000 0.000000 0.000000 0.000000 1.000000 0.000000 2.998000 -0.000000 -0.000000 1.000000 0.000000 0.000000 0.000000 0.000000 1.000000</matrix>
                            <node id="mixamorig_RightHandPinky4" name="mixamorig_RightHandPinky4" sid="mixamorig_RightHandPinky4" type="JOINT">
                              <matrix sid="matrix">1.000000 -0.000000 0.000000 0.000000 -0.000000 1.000000 0.000000 5.798000 0.000000 0.000000 1.000000 0.000000 0.000000 0.000000 0.000000 1.000000</matrix>
                            </node>
                          </node>
                        </node>
                      </node>
                    </node>
                  </node>
                </node>
              </node>
            </node>
            <node id="mixamorig_L_horn1" name="mixamorig_L_horn1" sid="mixamorig_L_horn1" type="JOINT">
              <matrix sid="matrix">0.602488 0.000515 0.798128 1.847600 -0.698753 0.483576 0.527160 4.379700 -0.385684 -0.875302 0.291709 -10.115900 0.000000 0.000000 0.000000 1.000000</matrix>
              <node id="mixamorig_L_horn2" name="mixamorig_L_horn2" sid="mixamorig_L_horn2" type="JOINT">
                <matrix sid="matrix">1.000000 -0.000000 0.000000 20.340599 -0.000000 1.000000 0.000000 0.000000 -0.000000 0.000000 1.000000 -0.000000 0.000000 0.000000 0.000000 1.000000</matrix>
              </node>
            </node>
            <node id="mixamorig_R_horn1" name="mixamorig_R_horn1" sid="mixamorig_R_horn1" type="JOINT">
              <matrix sid="matrix">-0.591028 -0.129171 0.796242 -3.147700 -0.778219 0.351067 -0.520699 4.536700 -0.212275 -0.927398 -0.308014 -10.290500 0.000000 0.000000 0.000000 1.000000</matrix>
              <node id="mixamorig_R_horn2" name="mixamorig_R_horn2" sid="mixamorig_R_horn2" type="JOINT">
                <matrix sid="matrix">1.000000 0.000000 -0.000000 21.374399 -0.000000 1.000000 0.000000 -0.000000 0.000000 -0.000000 1.000000 0.000000 0.000000 0.000000 0.000000 1.000000</matrix>
              </node>
            </node>
          </node>
        </node>
        <node id="mixamorig_LeftUpLeg" name="mixamorig_LeftUpLeg" sid="mixamorig_LeftUpLeg" type="JOINT">
          <matrix sid="matrix">-0.923294 0.215464 -0.317966 13.026900 -0.155825 0.546525 0.822818 -6.336300 0.351064 0.809250 -0.471029 -1.092800 0.000000 0.000000 0.000000 1.000000</matrix>
          <node id="mixamorig_LeftLeg" name="mixamorig_LeftLeg" sid="mixamorig_LeftLeg" type="JOINT">
            <matrix sid="matrix">0.986956 -0.014001 0.160378 0.000000 -0.144467 -0.516622 0.843938 46.951000 0.071039 -0.856099 -0.511906 0.000000 0.000000 0.000000 0.000000 1.000000</matrix>
            <node id="mixamorig_LeftFoot" name="mixamorig_LeftFoot" sid="mixamorig_LeftFoot" type="JOINT">
              <matrix sid="matrix">0.980150 0.109723 -0.165125 0.000000 -0.196073 0.413219 -0.889273 55.112000 -0.029340 0.903997 0.426530 0.000000 0.000000 0.000000 0.000000 1.000000</matrix>
              <node id="mixamorig_LeftToeBase" name="mixamorig_LeftToeBase" sid="mixamorig_LeftToeBase" type="JOINT">
                <matrix sid="matrix">1.000000 0.000607 -0.000047 0.000000 -0.000466 0.713573 -0.700581 22.799999 -0.000392 0.700581 0.713573 -0.000000 0.000000 0.000000 0.000000 1.000000</matrix>
                <node id="mixamorig_LeftToe_End" name="mixamorig_LeftToe_End" sid="mixamorig_LeftToe_End" type="JOINT">
                  <matrix sid="matrix">1.000000 0.000000 -0.000000 0.000000 -0.000000 1.000000 -0.000000 9.596000 0.000000 0.000000 1.000000 0.000000 0.000000 0.000000 0.000000 1.000000</matrix>
                </node>
              </node>
            </node>
          </node>
        </node>
        <node id="mixamorig_RightUpLeg" name="mixamorig_RightUpLeg" sid="mixamorig_RightUpLeg" type="JOINT">
          <matrix sid="matrix">-0.866373 -0.306049 0.394628 -12.883000 0.380461 0.107373 0.918543 -6.336200 -0.323492 0.945941 0.023414 -1.092800 0.000000 0.000000 0.000000 1.000000</matrix>
          <node id="mixamorig_RightLeg" name="mixamorig_RightLeg" sid="mixamorig_RightLeg" type="JOINT">
            <matrix sid="matrix">0.992486 -0.013366 -0.121625 0.000000 0.090286 -0.590886 0.801687 46.951099 -0.082582 -0.806645 -0.585239 0.000000 0.000000 0.000000 0.000000 1.000000</matrix>
            <node id="mixamorig_RightFoot" name="mixamorig_RightFoot" sid="mixamorig_RightFoot" type="JOINT">
              <matrix sid="matrix">0.922660 -0.138569 0.359856 0.000000 0.345090 -0.119723 -0.930902 55.112000 0.172077 0.983090 -0.062645 0.000000 0.000000 0.000000 0.000000 1.000000</matrix>
              <node id="mixamorig_RightToeBase" name="mixamorig_RightToeBase" sid="mixamorig_RightToeBase" type="JOINT">
                <matrix sid="matrix">0.998871 0.038927 0.027218 0.000000 -0.007200 0.690488 -0.723308 22.799999 -0.046950 0.722296 0.689989 0.000000 0.000000 0.000000 0.000000 1.000000</matrix>
                <node id="mixamorig_RightToe_End" name="mixamorig_RightToe_End" sid="mixamorig_RightToe_End" type="JOINT">
                  <matrix sid="matrix">1.000000 0.000000 -0.000000 0.000000 0.000000 1.000000 -0.000000 9.596000 0.000000 -0.000000 1.000000 0.000000 0.000000 0.000000 0.000000 1.000000</matrix>
                </node>
              </node>
            </node>
          </node>
        </node>
        <node id="mixamorig_L_C_skirt1" name="mixamorig_L_C_skirt1" sid="mixamorig_L_C_skirt1" type="JOINT">
          <matrix sid="matrix">0.035066 0.292039 0.955763 12.441200 -0.989026 0.147481 -0.008777 4.607000 -0.143520 -0.944967 0.294006 -11.833000 0.000000 0.000000 0.000000 1.000000</matrix>
          <node id="mixamorig_L_C_skirt2" name="mixamorig_L_C_skirt2" sid="mixamorig_L_C_skirt2" type="JOINT">
            <matrix sid="matrix">1.000000 -0.000000 0.000000 27.657801 0.000000 1.000000 0.000000 0.000000 0.000000 0.000000 1.000000 -0.000000 0.000000 0.000000 0.000000 1.000000</matrix>
            <node id="mixamorig_L_C_skirt3" name="mixamorig_L_C_skirt3" sid="mixamorig_L_C_skirt3" type="JOINT">
              <matrix sid="matrix">1.000000 -0.000000 0.000000 23.970100 0.000000 1.000000 0.000000 -0.000000 0.000000 0.000000 1.000000 0.000000 0.000000 0.000000 0.000000 1.000000</matrix>
              <node id="mixamorig_L_C_skirt4" name="mixamorig_L_C_skirt4" sid="mixamorig_L_C_skirt4" type="JOINT">
                <matrix sid="matrix">1.000000 -0.000000 0.000000 30.792400 0.000000 1.000000 0.000000 0.000000 -0.000000 -0.000000 1.000000 0.000000 0.000000 0.000000 0.000000 1.000000</matrix>
              </node>
            </node>
          </node>
        </node>
        <node id="mixamorig_L_A_skirt1" name="mixamorig_L_A_skirt1" sid="mixamorig_L_A_skirt1" type="JOINT">
          <matrix sid="matrix">0.142123 0.623442 -0.768844 18.178400 -0.988646 0.051128 -0.141295 3.981100 -0.048780 0.780196 0.623630 19.504801 0.000000 0.000000 0.000000 1.000000</matrix>
          <node id="mixamorig_L_A_skirt2" name="mixamorig_L_A_skirt2" sid="mixamorig_L_A_skirt2" type="JOINT">
            <matrix sid="matrix">1.000000 -0.000000 -0.000000 27.335699 0.000000 1.000000 0.000000 0.000000 -0.000000 0.000000 1.000000 -0.000000 0.000000 0.000000 0.000000 1.000000</matrix>
            <node id="mixamorig_L_A_skirt3" name="mixamorig_L_A_skirt3" sid="mixamorig_L_A_skirt3" type="JOINT">
              <matrix sid="matrix">1.000000 -0.000000 -0.000000 27.066099 0.000000 1.000000 0.000000 0.000000 -0.000000 -0.000000 1.000000 0.000000 0.000000 0.000000 0.000000 1.000000</matrix>
              <node id="mixamorig_L_A_skirt4" name="mixamorig_L_A_skirt4" sid="mixamorig_L_A_skirt4" type="JOINT">
                <matrix sid="matrix">1.000000 0.000000 -0.000000 30.881599 0.000000 1.000000 0.000000 -0.000000 -0.000000 0.000000 1.000000 -0.000000 0.000000 0.000000 0.000000 1.000000</matrix>
              </node>
            </node>
          </node>
        </node>
        <node id="mixamorig_L_B_skirt1" name="mixamorig_L_B_skirt1" sid="mixamorig_L_B_skirt1" type="JOINT">
          <matrix sid="matrix">0.142186 0.942169 0.303482 22.933800 -0.985105 0.164643 -0.049605 6.145800 -0.096702 -0.291908 0.951545 0.309300 0.000000 0.000000 0.000000 1.000000</matrix>
          <node id="mixamorig_L_B_skirt2" name="mixamorig_L_B_skirt2" sid="mixamorig_L_B_skirt2" type="JOINT">
            <matrix sid="matrix">1.000000 0.000000 -0.000000 27.083401 -0.000000 1.000000 0.000000 0.000000 0.000000 0.000000 1.000000 0.000000 0.000000 0.000000 0.000000 1.000000</matrix>
            <node id="mixamorig_L_B_skirt3" name="mixamorig_L_B_skirt3" sid="mixamorig_L_B_skirt3" type="JOINT">
              <matrix sid="matrix">1.000000 -0.000000 0.000000 26.734800 0.000000 1.000000 0.000000 -0.000000 -0.000000 0.000000 1.000000 -0.000000 0.000000 0.000000 0.000000 1.000000</matrix>
              <node id="mixamorig_L_B_skirt4" name="mixamorig_L_B_skirt4" sid="mixamorig_L_B_skirt4" type="JOINT">
                <matrix sid="matrix">1.000000 -0.000000 0.000000 29.821199 -0.000000 1.000000 0.000000 0.000000 0.000000 0.000000 1.000000 0.000000 0.000000 0.000000 0.000000 1.000000</matrix>
              </node>
            </node>
          </node>
        </node>
        <node id="mixamorig_R_C_skirt1" name="mixamorig_R_C_skirt1" sid="mixamorig_R_C_skirt1" type="JOINT">
          <matrix sid="matrix">-0.035070 -0.292039 0.955763 -12.297300 -0.989026 0.147482 0.008774 4.606800 -0.143520 -0.944967 -0.294006 -11.833000 0.000000 0.000000 0.000000 1.000000</matrix>
          <node id="mixamorig_R_C_skirt2" name="mixamorig_R_C_skirt2" sid="mixamorig_R_C_skirt2" type="JOINT">
            <matrix sid="matrix">1.000000 -0.000000 0.000000 27.657600 0.000000 1.000000 0.000000 0.000100 -0.000000 -0.000000 1.000000 -0.000000 0.000000 0.000000 0.000000 1.000000</matrix>
            <node id="mixamorig_R_C_skirt3" name="mixamorig_R_C_skirt3" sid="mixamorig_R_C_skirt3" type="JOINT">
              <matrix sid="matrix">1.000000 -0.000000 -0.000000 23.969999 -0.000000 1.000000 0.000000 0.000000 0.000000 0.000000 1.000000 0.000100 0.000000 0.000000 0.000000 1.000000</matrix>
              <node id="mixamorig_R_C_skirt4" name="mixamorig_R_C_skirt4" sid="mixamorig_R_C_skirt4" type="JOINT">
                <matrix sid="matrix">1.000000 -0.000000 -0.000000 30.792400 0.000000 1.000000 0.000000 0.000000 0.000000 0.000000 1.000000 0.000000 0.000000 0.000000 0.000000 1.000000</matrix>
              </node>
            </node>
          </node>
        </node>
        <node id="mixamorig_R_A_skirt1" name="mixamorig_R_A_skirt1" sid="mixamorig_R_A_skirt1" type="JOINT">
          <matrix sid="matrix">-0.142126 -0.623440 -0.768845 -18.034500 -0.988646 0.051130 0.141298 3.980800 -0.048780 0.780197 -0.623629 19.504801 0.000000 0.000000 0.000000 1.000000</matrix>
          <node id="mixamorig_R_A_skirt2" name="mixamorig_R_A_skirt2" sid="mixamorig_R_A_skirt2" type="JOINT">
            <matrix sid="matrix">1.000000 0.000000 0.000000 27.335400 0.000000 1.000000 0.000000 -0.000100 0.000000 0.000000 1.000000 0.000100 0.000000 0.000000 0.000000 1.000000</matrix>
            <node id="mixamorig_R_A_skirt3" name="mixamorig_R_A_skirt3" sid="mixamorig_R_A_skirt3" type="JOINT">
              <matrix sid="matrix">1.000000 0.000000 0.000000 27.066099 0.000000 1.000000 0.000000 0.000100 0.000000 -0.000000 1.000000 0.000000 0.000000 0.000000 0.000000 1.000000</matrix>
              <node id="mixamorig_R_A_skirt4" name="mixamorig_R_A_skirt4" sid="mixamorig_R_A_skirt4" type="JOINT">
                <matrix sid="matrix">1.000000 -0.000000 0.000000 30.881599 0.000000 1.000000 -0.000000 0.000000 0.000000 0.000000 1.000000 0.000000 0.000000 0.000000 0.000000 1.000000</matrix>
              </node>
            </node>
          </node>
        </node>
        <node id="mixamorig_R_B_skirt1" name="mixamorig_R_B_skirt1" sid="mixamorig_R_B_skirt1" type="JOINT">
          <matrix sid="matrix">-0.142189 -0.942168 0.303482 -22.789900 -0.985105 0.164647 0.049604 6.145800 -0.096702 -0.291908 -0.951545 0.309300 0.000000 0.000000 0.000000 1.000000</matrix>
          <node id="mixamorig_R_B_skirt2" name="mixamorig_R_B_skirt2" sid="mixamorig_R_B_skirt2" type="JOINT">
            <matrix sid="matrix">1.000000 -0.000000 0.000000 27.083401 -0.000000 1.000000 -0.000000 0.000000 -0.000000 0.000000 1.000000 0.000000 0.000000 0.000000 0.000000 1.000000</matrix>
            <node id="mixamorig_R_B_skirt3" name="mixamorig_R_B_skirt3" sid="mixamorig_R_B_skirt3" type="JOINT">
              <matrix sid="matrix">1.000000 0.000000 0.000000 26.734699 0.000000 1.000000 0.000000 0.000000 0.000000 -0.000000 1.000000 0.000000 0.000000 0.000000 0.000000 1.000000</matrix>
              <node id="mixamorig_R_B_skirt4" name="mixamorig_R_B_skirt4" sid="mixamorig_R_B_skirt4" type="JOINT">
                <matrix sid="matrix">1.000000 0.000000 -0.000000 29.821199 -0.000000 1.000000 0.000000 0.000000 0.000000 0.000000 1.000000 0.000000 0.000000 0.000000 0.000000 1.000000</matrix>
              </node>
            </node>
          </node>
        </node>
        <node id="mixamorig_F_skirt1" name="mixamorig_F_skirt1" sid="mixamorig_F_skirt1" type="JOINT">
          <matrix sid="matrix">-0.000002 0.000000 -1.000000 -0.093700 -0.998606 0.052777 0.000002 -3.741800 0.052777 0.998606 -0.000000 24.067699 0.000000 0.000000 0.000000 1.000000</matrix>
          <node id="mixamorig_F_skirt2" name="mixamorig_F_skirt2" sid="mixamorig_F_skirt2" type="JOINT">
            <matrix sid="matrix">1.000000 0.000000 -0.000000 23.567801 0.000000 1.000000 0.000000 0.000000 0.000000 0.000000 1.000000 -0.000000 0.000000 0.000000 0.000000 1.000000</matrix>
            <node id="mixamorig_F_skirt3" name="mixamorig_F_skirt3" sid="mixamorig_F_skirt3" type="JOINT">
              <matrix sid="matrix">1.000000 0.000000 -0.000000 23.545500 0.000000 1.000000 0.000000 0.000000 -0.000000 0.000000 1.000000 0.000000 0.000000 0.000000 0.000000 1.000000</matrix>
              <node id="mixamorig_F_skirt4" name="mixamorig_F_skirt4" sid="mixamorig_F_skirt4" type="JOINT">
                <matrix sid="matrix">1.000000 0.000000 0.000000 24.919500 -0.000000 1.000000 0.000000 0.000000 -0.000000 0.000000 1.000000 0.000000 0.000000 0.000000 0.000000 1.000000</matrix>
              </node>
            </node>
          </node>
        </node>
      </node>
    </visual_scene>
  </library_visual_scenes>
  <scene>
    <instance_visual_scene url="#RootNode"/>
  </scene>
</COLLADA>
