<?xml version="1.0" encoding="utf-8"?>
<COLLADA xmlns="http://www.collada.org/2005/11/COLLADASchema" version="1.4.1">
  <asset>
    <contributor>
      <author>Mixamo</author>
      <authoring_tool>COLLADA Mixamo exporter</authoring_tool>
      <comments/>
    </contributor>
    <created>2025-09-14T13:07:17Z</created>
    <modified>2025-09-14T13:07:17Z</modified>
    <revision/>
    <title/>
    <unit meter="0.010000"/>
    <up_axis>Y_UP</up_axis>
  </asset>
  <library_animations>
    <animation id="mixamorig_Hips-anim" name="mixamorig_Hips">
      <source id="mixamorig_Hips-Matrix-animation-input">
        <float_array id="mixamorig_Hips-Matrix-animation-input-array" count="25">

0.000000 0.033333 0.066667 0.100000 0.133333 0.166667 0.200000 0.233333 0.266667 0.300000 0.333333 0.366667 0.400000 0.433333 0.466667 0.500000
0.533333 0.566667 0.600000 0.633333 0.666667 0.700000 0.733333 0.766667 0.800000</float_array>
        <technique_common>
          <accessor source="#mixamorig_Hips-Matrix-animation-input-array" count="25">
            <param name="TIME" type="float"/>
          </accessor>
        </technique_common>
      </source>
      <source id="mixamorig_Hips-Matrix-animation-output-transform">
        <float_array id="mixamorig_Hips-Matrix-animation-output-transform-array" count="400">

0.250419 0.352772 0.901578 -5.251456 -0.155731 0.933801 -0.322125 96.436111 -0.955530 -0.059737 0.288779 1.087447 0.000000 0.000000 0.000000 1.000000
0.257351 0.351359 0.900176 -4.895227 -0.161787 0.934070 -0.318336 95.669548 -0.952678 -0.063712 0.297230 0.739880 0.000000 0.000000 0.000000 1.000000
0.266126 0.348000 0.898929 -3.653650 -0.145403 0.936381 -0.319452 96.621254 -0.952909 -0.045693 0.299795 0.336184 0.000000 0.000000 0.000000 1.000000
0.274488 0.337594 0.900382 -1.472956 -0.085145 0.941201 -0.326942 99.247505 -0.957814 0.013078 0.287093 -0.390131 0.000000 0.000000 0.000000 1.000000
0.269580 0.340734 0.900681 -0.865471 -0.035786 0.938207 -0.344219 101.702255 -0.962313 0.060563 0.265116 -0.547241 0.000000 0.000000 0.000000 1.000000
0.253224 0.344920 0.903829 -0.541603 -0.001913 0.934457 -0.356072 104.620399 -0.967406 0.088437 0.237287 -0.877423 0.000000 0.000000 0.000000 1.000000
0.240969 0.352920 0.904091 -2.502214 0.002798 0.931285 -0.364281 106.298363 -0.970529 0.090310 0.223424 -0.975317 0.000000 0.000000 0.000000 1.000000
0.231630 0.345025 0.909563 -5.047596 0.010908 0.934011 -0.357077 106.029648 -0.972743 0.092632 0.212581 -0.934023 0.000000 0.000000 0.000000 1.000000
0.221451 0.331025 0.917269 -6.648691 0.019747 0.938908 -0.343602 104.186264 -0.974972 0.094205 0.201385 -0.898831 0.000000 0.000000 0.000000 1.000000
0.201331 0.324142 0.924336 -7.272941 0.039725 0.940181 -0.338351 101.113197 -0.978717 0.104840 0.176411 -0.914456 0.000000 0.000000 0.000000 1.000000
0.197180 0.323563 0.925433 -8.657318 0.045820 0.939893 -0.338381 98.509590 -0.979296 0.109125 0.170502 -0.953062 0.000000 0.000000 0.000000 1.000000
0.186433 0.329873 0.925433 -10.048993 0.060518 0.936303 -0.345939 96.662369 -0.980602 0.120499 0.154595 -0.801306 0.000000 0.000000 0.000000 1.000000
0.170997 0.336682 0.925962 -8.851888 0.059835 0.934520 -0.350844 95.740036 -0.983453 0.115398 0.139655 -0.674098 0.000000 0.000000 0.000000 1.000000
0.145634 0.349528 0.925538 -7.339758 0.038623 0.932790 -0.358344 96.461258 -0.988584 0.087935 0.122346 -0.686288 0.000000 0.000000 0.000000 1.000000
0.124124 0.355153 0.926531 -3.903527 0.007622 0.933383 -0.358800 99.324181 -0.992237 0.051598 0.113149 -0.774146 0.000000 0.000000 0.000000 1.000000
0.121022 0.356186 0.926545 -0.827291 -0.023783 0.934178 -0.356014 102.181236 -0.992365 0.021049 0.121527 -1.170251 0.000000 0.000000 0.000000 1.000000
0.130215 0.355576 0.925532 0.184890 -0.076564 0.934299 -0.348172 104.322807 -0.988525 -0.025526 0.148884 -1.394651 0.000000 0.000000 0.000000 1.000000
0.151687 0.347595 0.925294 -0.267481 -0.083149 0.937295 -0.338473 105.257378 -0.984925 -0.025596 0.171077 -1.533991 0.000000 0.000000 0.000000 1.000000
0.169624 0.332465 0.927736 -0.567301 -0.062582 0.943112 -0.326533 105.205574 -0.983520 -0.002671 0.180781 -1.313432 0.000000 0.000000 0.000000 1.000000
0.200214 0.311237 0.929003 -1.099977 -0.056006 0.950287 -0.306297 105.477432 -0.978150 0.009295 0.207692 -0.969539 0.000000 0.000000 0.000000 1.000000
0.229611 0.295875 0.927220 -2.861937 -0.072604 0.955226 -0.286832 105.809807 -0.970571 -0.001460 0.240812 -0.609630 0.000000 0.000000 0.000000 1.000000
0.216796 0.296464 0.930112 -4.067987 -0.095923 0.954631 -0.281921 103.903580 -0.971493 -0.028100 0.235398 0.099191 0.000000 0.000000 0.000000 1.000000
0.206877 0.315856 0.925979 -5.290337 -0.106273 0.948108 -0.299662 99.062126 -0.972578 -0.036414 0.229708 0.589185 0.000000 0.000000 0.000000 1.000000
0.227694 0.357671 0.905664 -5.996375 -0.148568 0.931966 -0.330706 96.694511 -0.962332 -0.059253 0.265342 0.822625 0.000000 0.000000 0.000000 1.000000
0.250420 0.352771 0.901578 -5.251462 -0.155731 0.933801 -0.322124 96.436111 -0.955530 -0.059737 0.288779 1.087448 0.000000 0.000000 0.000000 1.000000</float_array>
        <technique_common>
          <accessor source="#mixamorig_Hips-Matrix-animation-output-transform-array" count="25" stride="16">
            <param type="float4x4"/>
          </accessor>
        </technique_common>
      </source>
      <source id="mixamorig_Hips-Interpolations">
        <Name_array id="mixamorig_Hips-Interpolations-array" count="25">
 LINEAR LINEAR LINEAR LINEAR LINEAR LINEAR LINEAR LINEAR LINEAR LINEAR LINEAR
LINEAR LINEAR LINEAR LINEAR LINEAR LINEAR LINEAR LINEAR LINEAR LINEAR LINEAR LINEAR
LINEAR LINEAR</Name_array>
        <technique_common>
          <accessor source="#mixamorig_Hips-Interpolations-array" count="25">
            <param type="name"/>
          </accessor>
        </technique_common>
      </source>
      <sampler id="mixamorig_Hips-Matrix-animation-transform">
        <input semantic="INPUT" source="#mixamorig_Hips-Matrix-animation-input"/>
        <input semantic="OUTPUT" source="#mixamorig_Hips-Matrix-animation-output-transform"/>
        <input semantic="INTERPOLATION" source="#mixamorig_Hips-Interpolations"/>
      </sampler>
      <channel source="#mixamorig_Hips-Matrix-animation-transform" target="mixamorig_Hips/matrix"/>
    </animation>
    <animation id="mixamorig_Spine-anim" name="mixamorig_Spine">
      <source id="mixamorig_Spine-Matrix-animation-input">
        <float_array id="mixamorig_Spine-Matrix-animation-input-array" count="25">

0.000000 0.033333 0.066667 0.100000 0.133333 0.166667 0.200000 0.233333 0.266667 0.300000 0.333333 0.366667 0.400000 0.433333 0.466667 0.500000
0.533333 0.566667 0.600000 0.633333 0.666667 0.700000 0.733333 0.766667 0.800000</float_array>
        <technique_common>
          <accessor source="#mixamorig_Spine-Matrix-animation-input-array" count="25">
            <param name="TIME" type="float"/>
          </accessor>
        </technique_common>
      </source>
      <source id="mixamorig_Spine-Matrix-animation-output-transform">
        <float_array id="mixamorig_Spine-Matrix-animation-output-transform-array" count="400">

0.976145 -0.160708 -0.145991 0.072000 0.151013 0.985660 -0.075299 7.257300 0.155998 0.051457 0.986416 -0.789700 0.000000 0.000000 0.000000 1.000000
0.981872 -0.155884 -0.107830 0.072000 0.148678 0.986264 -0.071962 7.257300 0.117566 0.054625 0.991561 -0.789700 0.000000 0.000000 0.000000 1.000000
0.989016 -0.125983 -0.077297 0.072000 0.121743 0.990905 -0.057328 7.257300 0.083816 0.047288 0.995359 -0.789700 0.000000 0.000000 0.000000 1.000000
0.995514 -0.080795 -0.049232 0.072000 0.078950 0.996141 -0.038346 7.257300 0.052140 0.034287 0.998051 -0.789700 0.000000 0.000000 0.000000 1.000000
0.999286 -0.031935 -0.020180 0.072000 0.031466 0.999237 -0.023144 7.257300 0.020904 0.022493 0.999528 -0.789700 0.000000 0.000000 0.000000 1.000000
0.999987 -0.004932 0.001589 0.072000 0.004959 0.999836 -0.017421 7.257300 -0.001503 0.017429 0.999847 -0.789700 0.000000 0.000000 0.000000 1.000000
0.999943 0.005722 0.009023 0.072000 -0.005540 0.999784 -0.020040 7.257300 -0.009136 0.019989 0.999758 -0.789700 0.000000 0.000000 0.000000 1.000000
0.999969 0.007829 -0.000432 0.072000 -0.007838 0.999633 -0.025931 7.257300 0.000229 0.025933 0.999664 -0.789700 0.000000 0.000000 0.000000 1.000000
0.999741 0.003720 -0.022465 0.072000 -0.004408 0.999520 -0.030651 7.257300 0.022340 0.030742 0.999278 -0.789700 0.000000 0.000000 0.000000 1.000000
0.998346 0.005354 -0.057238 0.072000 -0.007365 0.999361 -0.034979 7.257300 0.057014 0.035343 0.997748 -0.789700 0.000000 0.000000 0.000000 1.000000
0.994017 0.017588 -0.107796 0.072000 -0.022187 0.998887 -0.041618 7.257300 0.106944 0.043761 0.993302 -0.789700 0.000000 0.000000 0.000000 1.000000
0.986887 0.025476 -0.159388 0.072000 -0.033776 0.998199 -0.049585 7.257300 0.157838 0.054318 0.985970 -0.789700 0.000000 0.000000 0.000000 1.000000
0.978634 0.013724 -0.205154 0.072000 -0.025743 0.998097 -0.056031 7.257300 0.203995 0.060115 0.977125 -0.789700 0.000000 0.000000 0.000000 1.000000
0.968312 -0.021644 -0.248804 0.072000 0.007381 0.998282 -0.058119 7.257300 0.249635 0.054441 0.966808 -0.789700 0.000000 0.000000 0.000000 1.000000
0.953482 -0.064627 -0.294441 0.072000 0.049503 0.997057 -0.058539 7.257300 0.297358 0.041240 0.953875 -0.789700 0.000000 0.000000 0.000000 1.000000
0.935781 -0.108105 -0.335599 0.072000 0.092645 0.993780 -0.061790 7.257300 0.340191 0.026731 0.939976 -0.789700 0.000000 0.000000 0.000000 1.000000
0.920603 -0.143957 -0.362997 0.072000 0.127888 0.989451 -0.068056 7.257300 0.368965 0.016229 0.929302 -0.789700 0.000000 0.000000 0.000000 1.000000
0.912922 -0.156783 -0.376819 0.072000 0.141238 0.987587 -0.068727 7.257300 0.382917 0.009521 0.923734 -0.789700 0.000000 0.000000 0.000000 1.000000
0.912750 -0.142021 -0.383036 0.072000 0.128824 0.989849 -0.060034 7.257300 0.387674 0.005452 0.921781 -0.789700 0.000000 0.000000 0.000000 1.000000
0.922109 -0.125063 -0.366161 0.072000 0.113656 0.992125 -0.052641 7.257300 0.369861 0.006924 0.929061 -0.789700 0.000000 0.000000 0.000000 1.000000
0.935310 -0.130454 -0.328904 0.072000 0.118888 0.991376 -0.055130 7.257300 0.333259 0.012461 0.942753 -0.789700 0.000000 0.000000 0.000000 1.000000
0.947518 -0.148719 -0.283006 0.072000 0.136747 0.988682 -0.061714 7.257300 0.288981 0.019775 0.957131 -0.789700 0.000000 0.000000 0.000000 1.000000
0.959552 -0.156701 -0.233890 0.072000 0.145490 0.987251 -0.064555 7.257300 0.241024 0.027916 0.970118 -0.789700 0.000000 0.000000 0.000000 1.000000
0.970335 -0.166013 -0.175755 0.072000 0.156195 0.985355 -0.068394 7.257300 0.184535 0.038913 0.982055 -0.789700 0.000000 0.000000 0.000000 1.000000
0.976146 -0.160707 -0.145990 0.072000 0.151012 0.985660 -0.075299 7.257300 0.155997 0.051457 0.986416 -0.789700 0.000000 0.000000 0.000000 1.000000</float_array>
        <technique_common>
          <accessor source="#mixamorig_Spine-Matrix-animation-output-transform-array" count="25" stride="16">
            <param type="float4x4"/>
          </accessor>
        </technique_common>
      </source>
      <source id="mixamorig_Spine-Interpolations">
        <Name_array id="mixamorig_Spine-Interpolations-array" count="25">
 LINEAR LINEAR LINEAR LINEAR LINEAR LINEAR LINEAR LINEAR LINEAR LINEAR LINEAR
LINEAR LINEAR LINEAR LINEAR LINEAR LINEAR LINEAR LINEAR LINEAR LINEAR LINEAR LINEAR
LINEAR LINEAR</Name_array>
        <technique_common>
          <accessor source="#mixamorig_Spine-Interpolations-array" count="25">
            <param type="name"/>
          </accessor>
        </technique_common>
      </source>
      <sampler id="mixamorig_Spine-Matrix-animation-transform">
        <input semantic="INPUT" source="#mixamorig_Spine-Matrix-animation-input"/>
        <input semantic="OUTPUT" source="#mixamorig_Spine-Matrix-animation-output-transform"/>
        <input semantic="INTERPOLATION" source="#mixamorig_Spine-Interpolations"/>
      </sampler>
      <channel source="#mixamorig_Spine-Matrix-animation-transform" target="mixamorig_Spine/matrix"/>
    </animation>
    <animation id="mixamorig_Spine1-anim" name="mixamorig_Spine1">
      <source id="mixamorig_Spine1-Matrix-animation-input">
        <float_array id="mixamorig_Spine1-Matrix-animation-input-array" count="25">

0.000000 0.033333 0.066667 0.100000 0.133333 0.166667 0.200000 0.233333 0.266667 0.300000 0.333333 0.366667 0.400000 0.433333 0.466667 0.500000
0.533333 0.566667 0.600000 0.633333 0.666667 0.700000 0.733333 0.766667 0.800000</float_array>
        <technique_common>
          <accessor source="#mixamorig_Spine1-Matrix-animation-input-array" count="25">
            <param name="TIME" type="float"/>
          </accessor>
        </technique_common>
      </source>
      <source id="mixamorig_Spine1-Matrix-animation-output-transform">
        <float_array id="mixamorig_Spine1-Matrix-animation-output-transform-array" count="400">

0.997439 -0.037321 -0.061013 0.000000 0.033727 0.997694 -0.058906 8.558700 0.063071 0.056697 0.996397 0.000000 0.000000 0.000000 0.000000 1.000000
0.998186 -0.034224 -0.049532 0.000000 0.031292 0.997778 -0.058822 8.558700 0.051436 0.057165 0.997039 0.000000 0.000000 0.000000 0.000000 1.000000
0.998932 -0.025277 -0.038688 0.000000 0.023098 0.998177 -0.055752 8.558700 0.040027 0.054799 0.997695 0.000000 0.000000 0.000000 0.000000 1.000000
0.999515 -0.013136 -0.028243 0.000000 0.011658 0.998587 -0.051853 8.558700 0.028884 0.051499 0.998255 0.000000 0.000000 0.000000 0.000000 1.000000
0.999821 -0.003375 -0.018594 0.000000 0.002459 0.998793 -0.049050 8.558700 0.018737 0.048995 0.998623 0.000000 0.000000 0.000000 0.000000 1.000000
0.999937 -0.000502 -0.011250 0.000000 -0.000036 0.998857 -0.047796 8.558700 0.011261 0.047793 0.998794 0.000000 0.000000 0.000000 0.000000 1.000000
0.999955 -0.004131 -0.008502 0.000000 0.003722 0.998860 -0.047596 8.558700 0.008689 0.047562 0.998830 -0.000000 0.000000 0.000000 0.000000 1.000000
0.999865 -0.009753 -0.013186 0.000000 0.009110 0.998806 -0.047991 8.558700 0.013638 0.047865 0.998761 0.000000 0.000000 0.000000 0.000000 1.000000
0.999629 -0.012992 -0.023960 -0.000000 0.011806 0.998730 -0.048986 8.558700 0.024566 0.048685 0.998512 0.000000 0.000000 0.000000 0.000000 1.000000
0.999173 -0.013303 -0.038412 -0.000000 0.011330 0.998628 -0.051131 8.558700 0.039040 0.050654 0.997953 0.000000 0.000000 0.000000 0.000000 1.000000
0.998474 -0.012773 -0.053722 0.000000 0.009803 0.998428 -0.055190 8.558700 0.054343 0.054579 0.997030 0.000000 0.000000 0.000000 0.000000 1.000000
0.997517 -0.014624 -0.068895 0.000000 0.010505 0.998157 -0.059774 8.558700 0.069642 0.058902 0.995832 -0.000000 0.000000 0.000000 0.000000 1.000000
0.996198 -0.020701 -0.084626 0.000000 0.015423 0.997923 -0.062551 8.558700 0.085746 0.061008 0.994447 0.000000 0.000000 0.000000 0.000000 1.000000
0.994349 -0.031030 -0.101523 0.000000 0.024819 0.997775 -0.061879 8.558700 0.103217 0.059009 0.992907 0.000000 0.000000 0.000000 0.000000 1.000000
0.992133 -0.041725 -0.118026 -0.000000 0.034831 0.997597 -0.059885 8.558700 0.120241 0.055303 0.991203 0.000000 0.000000 0.000000 0.000000 1.000000
0.990070 -0.049171 -0.131697 -0.000000 0.041799 0.997431 -0.058175 8.558700 0.134219 0.052092 0.989582 0.000000 0.000000 0.000000 0.000000 1.000000
0.988916 -0.050532 -0.139614 0.000000 0.043043 0.997494 -0.056155 8.558700 0.142102 0.049524 0.988612 -0.000000 0.000000 0.000000 0.000000 1.000000
0.988694 -0.047679 -0.142167 0.000000 0.040577 0.997799 -0.052445 8.558700 0.144355 0.046083 0.988452 0.000000 0.000000 0.000000 0.000000 1.000000
0.989163 -0.043423 -0.140251 0.000000 0.037041 0.998170 -0.047799 8.558700 0.142070 0.042086 0.988962 0.000000 0.000000 0.000000 0.000000 1.000000
0.990139 -0.040882 -0.133988 0.000000 0.035077 0.998353 -0.045403 8.558700 0.135624 0.040255 0.989942 0.000000 0.000000 0.000000 0.000000 1.000000
0.991563 -0.040662 -0.123079 -0.000000 0.035165 0.998299 -0.046509 8.558700 0.124761 0.041789 0.991306 0.000000 0.000000 0.000000 0.000000 1.000000
0.993415 -0.041871 -0.106642 0.000000 0.036723 0.998084 -0.049791 8.558700 0.108522 0.045547 0.993050 -0.000000 0.000000 0.000000 0.000000 1.000000
0.995373 -0.042716 -0.086069 0.000000 0.038246 0.997866 -0.052929 8.558700 0.088146 0.049392 0.994882 -0.000000 0.000000 0.000000 0.000000 1.000000
0.996825 -0.041518 -0.067948 0.000000 0.037771 0.997742 -0.055527 8.558700 0.070099 0.052784 0.996143 0.000000 0.000000 0.000000 0.000000 1.000000
0.997439 -0.037321 -0.061014 0.000000 0.033727 0.997694 -0.058906 8.558700 0.063071 0.056697 0.996397 0.000000 0.000000 0.000000 0.000000 1.000000</float_array>
        <technique_common>
          <accessor source="#mixamorig_Spine1-Matrix-animation-output-transform-array" count="25" stride="16">
            <param type="float4x4"/>
          </accessor>
        </technique_common>
      </source>
      <source id="mixamorig_Spine1-Interpolations">
        <Name_array id="mixamorig_Spine1-Interpolations-array" count="25">
 LINEAR LINEAR LINEAR LINEAR LINEAR LINEAR LINEAR LINEAR LINEAR LINEAR LINEAR
LINEAR LINEAR LINEAR LINEAR LINEAR LINEAR LINEAR LINEAR LINEAR LINEAR LINEAR LINEAR
LINEAR LINEAR</Name_array>
        <technique_common>
          <accessor source="#mixamorig_Spine1-Interpolations-array" count="25">
            <param type="name"/>
          </accessor>
        </technique_common>
      </source>
      <sampler id="mixamorig_Spine1-Matrix-animation-transform">
        <input semantic="INPUT" source="#mixamorig_Spine1-Matrix-animation-input"/>
        <input semantic="OUTPUT" source="#mixamorig_Spine1-Matrix-animation-output-transform"/>
        <input semantic="INTERPOLATION" source="#mixamorig_Spine1-Interpolations"/>
      </sampler>
      <channel source="#mixamorig_Spine1-Matrix-animation-transform" target="mixamorig_Spine1/matrix"/>
    </animation>
    <animation id="mixamorig_Spine2-anim" name="mixamorig_Spine2">
      <source id="mixamorig_Spine2-Matrix-animation-input">
        <float_array id="mixamorig_Spine2-Matrix-animation-input-array" count="25">

0.000000 0.033333 0.066667 0.100000 0.133333 0.166667 0.200000 0.233333 0.266667 0.300000 0.333333 0.366667 0.400000 0.433333 0.466667 0.500000
0.533333 0.566667 0.600000 0.633333 0.666667 0.700000 0.733333 0.766667 0.800000</float_array>
        <technique_common>
          <accessor source="#mixamorig_Spine2-Matrix-animation-input-array" count="25">
            <param name="TIME" type="float"/>
          </accessor>
        </technique_common>
      </source>
      <source id="mixamorig_Spine2-Matrix-animation-output-transform">
        <float_array id="mixamorig_Spine2-Matrix-animation-output-transform-array" count="400">

0.997419 -0.043779 -0.056902 0.000000 0.034631 0.987643 -0.152844 29.149500 0.062891 0.150479 0.986611 1.721100 0.000000 0.000000 0.000000 1.000000
0.998168 -0.039438 -0.045887 -0.000000 0.032002 0.987739 -0.152801 29.149500 0.051351 0.151052 0.987191 1.721100 0.000000 0.000000 0.000000 1.000000
0.998916 -0.029299 -0.036164 -0.000000 0.023569 0.988436 -0.149794 29.149500 0.040134 0.148779 0.988056 1.721100 0.000000 0.000000 0.000000 1.000000
0.999503 -0.016024 -0.027154 -0.000000 0.011893 0.989217 -0.145976 29.149500 0.029201 0.145580 0.988915 1.721100 0.000000 0.000000 0.000000 1.000000
0.999813 -0.005257 -0.018614 -0.000000 0.002537 0.989682 -0.143261 29.149500 0.019175 0.143187 0.989510 1.721100 0.000000 0.000000 0.000000 1.000000
0.999932 -0.001653 -0.011582 -0.000000 -0.000010 0.989855 -0.142085 29.149500 0.011700 0.142075 0.989787 1.721100 0.000000 0.000000 0.000000 1.000000
0.999952 -0.005027 -0.008407 -0.000000 0.003783 0.989870 -0.141928 29.149500 0.009035 0.141889 0.989841 1.721100 0.000000 0.000000 0.000000 1.000000
0.999861 -0.011128 -0.012410 -0.000000 0.009250 0.989780 -0.142306 29.149500 0.013867 0.142171 0.989745 1.721100 0.000000 0.000000 0.000000 1.000000
0.999622 -0.015446 -0.022726 -0.000000 0.012035 0.989614 -0.143247 29.149500 0.024703 0.142919 0.989426 1.721100 0.000000 0.000000 0.000000 1.000000
0.999166 -0.017222 -0.037011 0.000000 0.011669 0.989313 -0.145336 29.149500 0.039119 0.144783 0.988690 1.721100 0.000000 0.000000 0.000000 1.000000
0.998467 -0.018313 -0.052226 0.000000 0.010322 0.988727 -0.149371 29.149500 0.054372 0.148603 0.987401 1.721100 0.000000 0.000000 0.000000 1.000000
0.997511 -0.021843 -0.067039 0.000000 0.011287 0.988012 -0.153965 29.149500 0.069599 0.152825 0.985799 1.721100 0.000000 0.000000 0.000000 1.000000
0.996192 -0.029670 -0.081977 0.000000 0.016512 0.987500 -0.156750 29.149500 0.085603 0.154800 0.984230 1.721100 0.000000 0.000000 0.000000 1.000000
0.994338 -0.041769 -0.097713 0.000000 0.026150 0.987415 -0.155973 29.149500 0.102998 0.152534 0.982916 1.721100 0.000000 0.000000 0.000000 1.000000
0.992108 -0.054074 -0.113127 0.000000 0.036294 0.987450 -0.153702 29.149500 0.120019 0.148383 0.981620 1.721100 0.000000 0.000000 0.000000 1.000000
0.990026 -0.062813 -0.126108 0.000000 0.043338 0.987487 -0.151627 29.149500 0.134054 0.144650 0.980360 1.721100 0.000000 0.000000 0.000000 1.000000
0.988859 -0.065064 -0.133882 0.000000 0.044761 0.987759 -0.149426 29.149500 0.141966 0.141768 0.979667 1.721100 0.000000 0.000000 0.000000 1.000000
0.988639 -0.062794 -0.136563 0.000000 0.042630 0.988386 -0.145864 29.149500 0.144136 0.138385 0.979834 1.721100 0.000000 0.000000 0.000000 1.000000
0.989125 -0.058779 -0.134820 0.000000 0.039478 0.989135 -0.141607 29.149500 0.141679 0.134745 0.980699 1.721100 0.000000 0.000000 0.000000 1.000000
0.990117 -0.055849 -0.128644 0.000000 0.037683 0.989498 -0.139552 29.149500 0.135087 0.133325 0.981823 1.721100 0.000000 0.000000 0.000000 1.000000
0.991545 -0.054432 -0.117796 0.000000 0.037587 0.989330 -0.140762 29.149500 0.124201 0.135145 0.983011 1.721100 0.000000 0.000000 0.000000 1.000000
0.993393 -0.053600 -0.101474 0.000000 0.038651 0.988832 -0.143936 29.149500 0.108055 0.139063 0.984371 1.721100 0.000000 0.000000 0.000000 1.000000
0.995350 -0.051936 -0.081126 0.000000 0.039597 0.988356 -0.146914 29.149500 0.087812 0.143018 0.985817 1.721100 0.000000 0.000000 0.000000 1.000000
0.996804 -0.048650 -0.063359 0.000000 0.038723 0.988013 -0.149435 29.149500 0.069870 0.146504 0.986739 1.721100 0.000000 0.000000 0.000000 1.000000
0.997419 -0.043779 -0.056902 0.000000 0.034631 0.987643 -0.152844 29.149500 0.062890 0.150479 0.986611 1.721100 0.000000 0.000000 0.000000 1.000000</float_array>
        <technique_common>
          <accessor source="#mixamorig_Spine2-Matrix-animation-output-transform-array" count="25" stride="16">
            <param type="float4x4"/>
          </accessor>
        </technique_common>
      </source>
      <source id="mixamorig_Spine2-Interpolations">
        <Name_array id="mixamorig_Spine2-Interpolations-array" count="25">
 LINEAR LINEAR LINEAR LINEAR LINEAR LINEAR LINEAR LINEAR LINEAR LINEAR LINEAR
LINEAR LINEAR LINEAR LINEAR LINEAR LINEAR LINEAR LINEAR LINEAR LINEAR LINEAR LINEAR
LINEAR LINEAR</Name_array>
        <technique_common>
          <accessor source="#mixamorig_Spine2-Interpolations-array" count="25">
            <param type="name"/>
          </accessor>
        </technique_common>
      </source>
      <sampler id="mixamorig_Spine2-Matrix-animation-transform">
        <input semantic="INPUT" source="#mixamorig_Spine2-Matrix-animation-input"/>
        <input semantic="OUTPUT" source="#mixamorig_Spine2-Matrix-animation-output-transform"/>
        <input semantic="INTERPOLATION" source="#mixamorig_Spine2-Interpolations"/>
      </sampler>
      <channel source="#mixamorig_Spine2-Matrix-animation-transform" target="mixamorig_Spine2/matrix"/>
    </animation>
    <animation id="mixamorig_Neck-anim" name="mixamorig_Neck">
      <source id="mixamorig_Neck-Matrix-animation-input">
        <float_array id="mixamorig_Neck-Matrix-animation-input-array" count="25">

0.000000 0.033333 0.066667 0.100000 0.133333 0.166667 0.200000 0.233333 0.266667 0.300000 0.333333 0.366667 0.400000 0.433333 0.466667 0.500000
0.533333 0.566667 0.600000 0.633333 0.666667 0.700000 0.733333 0.766667 0.800000</float_array>
        <technique_common>
          <accessor source="#mixamorig_Neck-Matrix-animation-input-array" count="25">
            <param name="TIME" type="float"/>
          </accessor>
        </technique_common>
      </source>
      <source id="mixamorig_Neck-Matrix-animation-output-transform">
        <float_array id="mixamorig_Neck-Matrix-animation-output-transform-array" count="400">

0.992070 0.039773 -0.119226 0.000000 -0.037691 0.999096 0.019665 13.857900 0.119900 -0.015015 0.992672 7.405300 0.000000 0.000000 0.000000 1.000000
0.990805 0.038718 -0.129637 -0.000000 -0.036613 0.999157 0.018581 13.857900 0.130247 -0.013664 0.991387 7.405300 0.000000 0.000000 0.000000 1.000000
0.989424 0.033310 -0.141177 0.000000 -0.031449 0.999387 0.015389 13.857900 0.141603 -0.010786 0.989865 7.405300 0.000000 0.000000 0.000000 1.000000
0.987733 0.024220 -0.154263 -0.000000 -0.022190 0.999643 0.014872 13.857900 0.154569 -0.011267 0.987918 7.405300 0.000000 0.000000 0.000000 1.000000
0.985715 0.015349 -0.167719 0.000000 -0.011885 0.999695 0.021637 13.857900 0.168000 -0.019334 0.985597 7.405300 0.000000 0.000000 0.000000 1.000000
0.983942 0.010596 -0.178175 -0.000000 -0.004929 0.999469 0.032218 13.857900 0.178422 -0.030823 0.983471 7.405300 0.000000 0.000000 0.000000 1.000000
0.983164 0.010090 -0.182445 0.000000 -0.002809 0.999191 0.040122 13.857900 0.182702 -0.038934 0.982397 7.405300 0.000000 0.000000 0.000000 1.000000
0.983954 0.011994 -0.178019 0.000000 -0.005062 0.999213 0.039346 13.857900 0.178351 -0.037813 0.983240 7.405300 0.000000 0.000000 0.000000 1.000000
0.985754 0.014873 -0.167532 0.000000 -0.009384 0.999394 0.033505 13.857900 0.167929 -0.031456 0.985297 7.405300 0.000000 0.000000 0.000000 1.000000
0.987903 0.018492 -0.153966 -0.000000 -0.014188 0.999478 0.029009 13.857900 0.154422 -0.026474 0.987650 7.405300 0.000000 0.000000 0.000000 1.000000
0.989819 0.022310 -0.140573 -0.000000 -0.017952 0.999320 0.032199 13.857900 0.141196 -0.029348 0.989547 7.405300 0.000000 0.000000 0.000000 1.000000
0.991354 0.026975 -0.128411 0.000000 -0.021988 0.998954 0.040103 13.857900 0.129358 -0.036933 0.990910 7.405300 0.000000 0.000000 0.000000 1.000000
0.992608 0.034642 -0.116314 -0.000000 -0.029506 0.998524 0.045590 13.857900 0.117721 -0.041821 0.992166 7.405300 0.000000 0.000000 0.000000 1.000000
0.993683 0.046506 -0.102130 0.000000 -0.042487 0.998248 0.041182 13.857900 0.103867 -0.036583 0.993918 7.405300 0.000000 0.000000 0.000000 1.000000
0.994587 0.058071 -0.086163 0.000000 -0.055749 0.998020 0.029109 13.857900 0.087683 -0.024147 0.995856 7.405300 0.000000 0.000000 0.000000 1.000000
0.995400 0.064717 -0.070649 -0.000000 -0.063901 0.997861 0.013751 13.857900 0.071388 -0.009173 0.997406 7.405300 0.000000 0.000000 0.000000 1.000000
0.996123 0.065010 -0.059271 0.000000 -0.065179 0.997873 -0.000921 13.857900 0.059085 0.004780 0.998242 7.405300 0.000000 0.000000 0.000000 1.000000
0.996499 0.064508 -0.053187 -0.000000 -0.065279 0.997784 -0.012876 13.857900 0.052238 0.016303 0.998502 7.405300 0.000000 0.000000 0.000000 1.000000
0.996368 0.067100 -0.052432 0.000000 -0.068225 0.997470 -0.019972 13.857900 0.050959 0.023477 0.998425 7.405300 0.000000 0.000000 0.000000 1.000000
0.995738 0.071683 -0.058031 -0.000000 -0.072845 0.997178 -0.018148 13.857900 0.056566 0.022298 0.998150 7.405300 0.000000 0.000000 0.000000 1.000000
0.994967 0.071251 -0.070451 0.000000 -0.071987 0.997374 -0.007958 13.857900 0.069699 0.012989 0.997484 7.405300 0.000000 0.000000 0.000000 1.000000
0.994108 0.061525 -0.089246 0.000000 -0.061180 0.998105 0.006605 13.857900 0.089483 -0.001106 0.995988 7.405300 0.000000 0.000000 0.000000 1.000000
0.993000 0.045416 -0.109032 0.000000 -0.043716 0.998883 0.017930 13.857900 0.109725 -0.013038 0.993876 7.405300 0.000000 0.000000 0.000000 1.000000
0.992026 0.034112 -0.121326 0.000000 -0.031667 0.999256 0.022032 13.857900 0.121987 -0.018014 0.992368 7.405300 0.000000 0.000000 0.000000 1.000000
0.992070 0.039773 -0.119226 0.000000 -0.037691 0.999096 0.019665 13.857900 0.119900 -0.015015 0.992672 7.405300 0.000000 0.000000 0.000000 1.000000</float_array>
        <technique_common>
          <accessor source="#mixamorig_Neck-Matrix-animation-output-transform-array" count="25" stride="16">
            <param type="float4x4"/>
          </accessor>
        </technique_common>
      </source>
      <source id="mixamorig_Neck-Interpolations">
        <Name_array id="mixamorig_Neck-Interpolations-array" count="25">
 LINEAR LINEAR LINEAR LINEAR LINEAR LINEAR LINEAR LINEAR LINEAR LINEAR LINEAR
LINEAR LINEAR LINEAR LINEAR LINEAR LINEAR LINEAR LINEAR LINEAR LINEAR LINEAR LINEAR
LINEAR LINEAR</Name_array>
        <technique_common>
          <accessor source="#mixamorig_Neck-Interpolations-array" count="25">
            <param type="name"/>
          </accessor>
        </technique_common>
      </source>
      <sampler id="mixamorig_Neck-Matrix-animation-transform">
        <input semantic="INPUT" source="#mixamorig_Neck-Matrix-animation-input"/>
        <input semantic="OUTPUT" source="#mixamorig_Neck-Matrix-animation-output-transform"/>
        <input semantic="INTERPOLATION" source="#mixamorig_Neck-Interpolations"/>
      </sampler>
      <channel source="#mixamorig_Neck-Matrix-animation-transform" target="mixamorig_Neck/matrix"/>
    </animation>
    <animation id="mixamorig_Head-anim" name="mixamorig_Head">
      <source id="mixamorig_Head-Matrix-animation-input">
        <float_array id="mixamorig_Head-Matrix-animation-input-array" count="25">

0.000000 0.033333 0.066667 0.100000 0.133333 0.166667 0.200000 0.233333 0.266667 0.300000 0.333333 0.366667 0.400000 0.433333 0.466667 0.500000
0.533333 0.566667 0.600000 0.633333 0.666667 0.700000 0.733333 0.766667 0.800000</float_array>
        <technique_common>
          <accessor source="#mixamorig_Head-Matrix-animation-input-array" count="25">
            <param name="TIME" type="float"/>
          </accessor>
        </technique_common>
      </source>
      <source id="mixamorig_Head-Matrix-animation-output-transform">
        <float_array id="mixamorig_Head-Matrix-animation-output-transform-array" count="400">

0.654083 -0.194416 -0.731011 0.000000 0.480878 0.852856 0.203452 8.198500 0.583893 -0.484602 0.651329 5.703100 0.000000 0.000000 0.000000 1.000000
0.635420 -0.178960 -0.751142 0.000000 0.467071 0.863712 0.189333 8.198500 0.614887 -0.471143 0.632406 5.703100 0.000000 0.000000 0.000000 1.000000
0.601986 -0.184499 -0.776899 0.000000 0.459741 0.875583 0.148299 8.198500 0.652878 -0.446447 0.611911 5.703100 0.000000 0.000000 0.000000 1.000000
0.557784 -0.198728 -0.805844 0.000000 0.459291 0.882611 0.100250 8.198500 0.691324 -0.426034 0.583580 5.703100 0.000000 0.000000 0.000000 1.000000
0.515087 -0.203829 -0.832550 -0.000000 0.463957 0.883019 0.070858 8.198500 0.720715 -0.422765 0.549400 5.703100 0.000000 0.000000 0.000000 1.000000
0.489321 -0.193783 -0.850302 0.000000 0.468168 0.880969 0.068644 8.198500 0.735788 -0.431673 0.521800 5.703100 0.000000 0.000000 0.000000 1.000000
0.487497 -0.176007 -0.855200 0.000000 0.468247 0.879409 0.085929 8.198500 0.736947 -0.442335 0.511125 5.703100 0.000000 0.000000 0.000000 1.000000
0.508395 -0.164026 -0.845358 0.000000 0.462935 0.879826 0.107694 8.198500 0.726103 -0.446097 0.523232 5.703100 0.000000 0.000000 0.000000 1.000000
0.538102 -0.163412 -0.826887 0.000000 0.459227 0.879475 0.125040 8.198500 0.706794 -0.447013 0.548290 5.703100 0.000000 0.000000 0.000000 1.000000
0.567145 -0.173893 -0.805052 0.000000 0.465108 0.874303 0.138809 8.198500 0.679722 -0.453161 0.576736 5.703100 0.000000 0.000000 0.000000 1.000000
0.590116 -0.191179 -0.784355 -0.000000 0.482820 0.862234 0.153092 8.198500 0.647030 -0.469045 0.601123 5.703100 0.000000 0.000000 0.000000 1.000000
0.610524 -0.206253 -0.764670 0.000000 0.497986 0.850730 0.168133 8.198500 0.615850 -0.483444 0.622102 5.703100 0.000000 0.000000 0.000000 1.000000
0.634097 -0.213348 -0.743239 0.000000 0.497787 0.848155 0.181224 8.198500 0.591718 -0.484888 0.644014 5.703100 0.000000 0.000000 0.000000 1.000000
0.665389 -0.211836 -0.715810 -0.000000 0.478130 0.857328 0.190735 8.198500 0.573279 -0.469163 0.671742 5.703100 0.000000 0.000000 0.000000 1.000000
0.700543 -0.209718 -0.682098 -0.000000 0.452691 0.869498 0.197596 8.198500 0.551644 -0.447204 0.704058 5.703100 0.000000 0.000000 0.000000 1.000000
0.733233 -0.213334 -0.645646 0.000000 0.432406 0.879082 0.200600 8.198500 0.524780 -0.426268 0.736818 5.703100 0.000000 0.000000 0.000000 1.000000
0.755738 -0.224275 -0.615273 -0.000000 0.421839 0.885361 0.195418 8.198500 0.500911 -0.407230 0.763709 5.703100 0.000000 0.000000 0.000000 1.000000
0.767039 -0.235102 -0.596975 0.000000 0.414537 0.891763 0.181433 8.198500 0.489705 -0.386634 0.781475 5.703100 0.000000 0.000000 0.000000 1.000000
0.768529 -0.239277 -0.593389 0.000000 0.405661 0.899425 0.162710 8.198500 0.494775 -0.365762 0.788299 5.703100 0.000000 0.000000 0.000000 1.000000
0.759741 -0.231661 -0.607558 0.000000 0.395953 0.905989 0.149680 8.198500 0.515766 -0.354283 0.780044 5.703100 0.000000 0.000000 0.000000 1.000000
0.740206 -0.215095 -0.637048 0.000000 0.392746 0.907333 0.149989 8.198500 0.545753 -0.361221 0.756091 5.703100 0.000000 0.000000 0.000000 1.000000
0.709949 -0.194776 -0.676782 0.000000 0.402731 0.900639 0.163267 8.198500 0.577736 -0.388473 0.717851 5.703100 0.000000 0.000000 0.000000 1.000000
0.677144 -0.180531 -0.713362 0.000000 0.427716 0.885415 0.181929 8.198500 0.598778 -0.428308 0.676770 5.703100 0.000000 0.000000 0.000000 1.000000
0.655945 -0.178782 -0.733330 0.000000 0.456613 0.867600 0.196912 8.198500 0.601033 -0.464012 0.650732 5.703100 0.000000 0.000000 0.000000 1.000000
0.654083 -0.194416 -0.731011 0.000000 0.480878 0.852856 0.203452 8.198500 0.583893 -0.484602 0.651329 5.703100 0.000000 0.000000 0.000000 1.000000</float_array>
        <technique_common>
          <accessor source="#mixamorig_Head-Matrix-animation-output-transform-array" count="25" stride="16">
            <param type="float4x4"/>
          </accessor>
        </technique_common>
      </source>
      <source id="mixamorig_Head-Interpolations">
        <Name_array id="mixamorig_Head-Interpolations-array" count="25">
 LINEAR LINEAR LINEAR LINEAR LINEAR LINEAR LINEAR LINEAR LINEAR LINEAR LINEAR
LINEAR LINEAR LINEAR LINEAR LINEAR LINEAR LINEAR LINEAR LINEAR LINEAR LINEAR LINEAR
LINEAR LINEAR</Name_array>
        <technique_common>
          <accessor source="#mixamorig_Head-Interpolations-array" count="25">
            <param type="name"/>
          </accessor>
        </technique_common>
      </source>
      <sampler id="mixamorig_Head-Matrix-animation-transform">
        <input semantic="INPUT" source="#mixamorig_Head-Matrix-animation-input"/>
        <input semantic="OUTPUT" source="#mixamorig_Head-Matrix-animation-output-transform"/>
        <input semantic="INTERPOLATION" source="#mixamorig_Head-Interpolations"/>
      </sampler>
      <channel source="#mixamorig_Head-Matrix-animation-transform" target="mixamorig_Head/matrix"/>
    </animation>
    <animation id="mixamorig_LeftShoulder-anim" name="mixamorig_LeftShoulder">
      <source id="mixamorig_LeftShoulder-Matrix-animation-input">
        <float_array id="mixamorig_LeftShoulder-Matrix-animation-input-array" count="25">

0.000000 0.033333 0.066667 0.100000 0.133333 0.166667 0.200000 0.233333 0.266667 0.300000 0.333333 0.366667 0.400000 0.433333 0.466667 0.500000
0.533333 0.566667 0.600000 0.633333 0.666667 0.700000 0.733333 0.766667 0.800000</float_array>
        <technique_common>
          <accessor source="#mixamorig_LeftShoulder-Matrix-animation-input-array" count="25">
            <param name="TIME" type="float"/>
          </accessor>
        </technique_common>
      </source>
      <source id="mixamorig_LeftShoulder-Matrix-animation-output-transform">
        <float_array id="mixamorig_LeftShoulder-Matrix-animation-output-transform-array" count="400">

0.304651 0.764455 -0.568152 12.584900 -0.064783 -0.578495 -0.813109 11.395200 -0.950258 0.284521 -0.126716 -1.453100 0.000000 0.000000 0.000000 1.000000
0.302415 0.768096 -0.564423 12.584900 -0.063819 -0.574504 -0.816010 11.395200 -0.951037 0.282795 -0.124720 -1.453100 0.000000 0.000000 0.000000 1.000000
0.297328 0.774529 -0.558301 12.584900 -0.062287 -0.567766 -0.820830 11.395200 -0.952742 0.278831 -0.120569 -1.453100 0.000000 0.000000 0.000000 1.000000
0.300695 0.779094 -0.550086 12.584900 -0.060696 -0.559977 -0.826282 11.395200 -0.951787 0.281847 -0.121094 -1.453100 0.000000 0.000000 0.000000 1.000000
0.316260 0.778575 -0.542033 12.584900 -0.059412 -0.553983 -0.830405 11.395200 -0.946810 0.294827 -0.128946 -1.453100 0.000000 0.000000 0.000000 1.000000
0.336079 0.773630 -0.537165 12.584900 -0.058853 -0.551975 -0.831781 11.395200 -0.939993 0.311158 -0.139977 -1.453100 0.000000 0.000000 0.000000 1.000000
0.352482 0.766574 -0.536769 12.584900 -0.059291 -0.554136 -0.830312 11.395200 -0.933938 0.324495 -0.149872 -1.453100 0.000000 0.000000 0.000000 1.000000
0.361214 0.759063 -0.541617 12.584900 -0.060848 -0.560408 -0.825979 11.395200 -0.930496 0.331311 -0.156240 -1.453100 0.000000 0.000000 0.000000 1.000000
0.364726 0.750312 -0.551368 12.584900 -0.063501 -0.570737 -0.818674 11.395200 -0.928947 0.333604 -0.160517 -1.453100 0.000000 0.000000 0.000000 1.000000
0.364668 0.739965 -0.565216 12.584900 -0.067086 -0.584560 -0.808572 11.395200 -0.928718 0.332778 -0.163529 -1.453100 0.000000 0.000000 0.000000 1.000000
0.363009 0.730341 -0.578642 12.584900 -0.070473 -0.597705 -0.798613 11.395200 -0.929117 0.330682 -0.165503 -1.453100 0.000000 0.000000 0.000000 1.000000
0.363596 0.725277 -0.584612 12.584900 -0.072076 -0.603780 -0.793886 11.395200 -0.928764 0.330790 -0.167257 -1.453100 0.000000 0.000000 0.000000 1.000000
0.368786 0.727282 -0.578841 12.584900 -0.070936 -0.598898 -0.797677 11.395200 -0.926804 0.335233 -0.169275 -1.453100 0.000000 0.000000 0.000000 1.000000
0.376679 0.736667 -0.561635 12.584900 -0.066759 -0.583128 -0.809632 11.395200 -0.923935 0.342466 -0.170473 -1.453100 0.000000 0.000000 0.000000 1.000000
0.379886 0.749669 -0.541925 12.584900 -0.061405 -0.564115 -0.823410 11.395200 -0.922993 0.346079 -0.168266 -1.453100 0.000000 0.000000 0.000000 1.000000
0.373496 0.763811 -0.526397 12.584900 -0.056830 -0.547556 -0.834837 11.395200 -0.925889 0.341724 -0.161103 -1.453100 0.000000 0.000000 0.000000 1.000000
0.357679 0.776030 -0.519465 12.584900 -0.054611 -0.537930 -0.841218 11.395200 -0.932247 0.329254 -0.150026 -1.453100 0.000000 0.000000 0.000000 1.000000
0.340869 0.783689 -0.519268 12.584900 -0.054312 -0.535009 -0.843099 11.395200 -0.938541 0.315589 -0.139804 -1.453100 0.000000 0.000000 0.000000 1.000000
0.329346 0.785555 -0.523865 12.584900 -0.055246 -0.537836 -0.841237 11.395200 -0.942592 0.306000 -0.133736 -1.453100 0.000000 0.000000 0.000000 1.000000
0.326676 0.781382 -0.531719 12.584900 -0.056984 -0.545278 -0.836316 11.395200 -0.943417 0.303504 -0.133603 -1.453100 0.000000 0.000000 0.000000 1.000000
0.330771 0.773596 -0.540499 12.584900 -0.059057 -0.554647 -0.829987 11.395200 -0.941862 0.306456 -0.137775 -1.453100 0.000000 0.000000 0.000000 1.000000
0.339202 0.764526 -0.548126 12.584900 -0.061065 -0.563546 -0.823824 11.395200 -0.938730 0.312914 -0.144470 -1.453100 0.000000 0.000000 0.000000 1.000000
0.344478 0.758338 -0.553406 12.584900 -0.062544 -0.569638 -0.819513 11.395200 -0.936709 0.316916 -0.148798 -1.453100 0.000000 0.000000 0.000000 1.000000
0.336567 0.758088 -0.558592 12.584900 -0.063582 -0.573551 -0.816699 11.395200 -0.939511 0.310390 -0.144837 -1.453100 0.000000 0.000000 0.000000 1.000000
0.304651 0.764455 -0.568152 12.584900 -0.064783 -0.578495 -0.813109 11.395200 -0.950258 0.284521 -0.126716 -1.453100 0.000000 0.000000 0.000000 1.000000</float_array>
        <technique_common>
          <accessor source="#mixamorig_LeftShoulder-Matrix-animation-output-transform-array" count="25" stride="16">
            <param type="float4x4"/>
          </accessor>
        </technique_common>
      </source>
      <source id="mixamorig_LeftShoulder-Interpolations">
        <Name_array id="mixamorig_LeftShoulder-Interpolations-array" count="25">
 LINEAR LINEAR LINEAR LINEAR LINEAR LINEAR LINEAR LINEAR LINEAR LINEAR LINEAR
LINEAR LINEAR LINEAR LINEAR LINEAR LINEAR LINEAR LINEAR LINEAR LINEAR LINEAR LINEAR
LINEAR LINEAR</Name_array>
        <technique_common>
          <accessor source="#mixamorig_LeftShoulder-Interpolations-array" count="25">
            <param type="name"/>
          </accessor>
        </technique_common>
      </source>
      <sampler id="mixamorig_LeftShoulder-Matrix-animation-transform">
        <input semantic="INPUT" source="#mixamorig_LeftShoulder-Matrix-animation-input"/>
        <input semantic="OUTPUT" source="#mixamorig_LeftShoulder-Matrix-animation-output-transform"/>
        <input semantic="INTERPOLATION" source="#mixamorig_LeftShoulder-Interpolations"/>
      </sampler>
      <channel source="#mixamorig_LeftShoulder-Matrix-animation-transform" target="mixamorig_LeftShoulder/matrix"/>
    </animation>
    <animation id="mixamorig_LeftArm-anim" name="mixamorig_LeftArm">
      <source id="mixamorig_LeftArm-Matrix-animation-input">
        <float_array id="mixamorig_LeftArm-Matrix-animation-input-array" count="25">

0.000000 0.033333 0.066667 0.100000 0.133333 0.166667 0.200000 0.233333 0.266667 0.300000 0.333333 0.366667 0.400000 0.433333 0.466667 0.500000
0.533333 0.566667 0.600000 0.633333 0.666667 0.700000 0.733333 0.766667 0.800000</float_array>
        <technique_common>
          <accessor source="#mixamorig_LeftArm-Matrix-animation-input-array" count="25">
            <param name="TIME" type="float"/>
          </accessor>
        </technique_common>
      </source>
      <source id="mixamorig_LeftArm-Matrix-animation-output-transform">
        <float_array id="mixamorig_LeftArm-Matrix-animation-output-transform-array" count="400">

0.857539 0.514171 -0.015960 0.000000 -0.430321 0.700002 -0.569931 15.319300 -0.281870 0.495606 0.821538 -0.000000 0.000000 0.000000 0.000000 1.000000
0.877284 0.475436 -0.065827 0.000000 -0.407112 0.664439 -0.626722 15.319300 -0.254228 0.576613 0.776457 0.000000 0.000000 0.000000 0.000000 1.000000
0.860351 0.494986 -0.121595 0.000000 -0.444678 0.612325 -0.653697 15.319300 -0.249115 0.616480 0.746923 0.000000 0.000000 0.000000 0.000000 1.000000
0.823330 0.537607 -0.181950 0.000000 -0.513553 0.569173 -0.642111 15.319300 -0.241642 0.622110 0.744707 0.000000 0.000000 0.000000 0.000000 1.000000
0.784038 0.574836 -0.234197 -0.000000 -0.583128 0.552826 -0.595269 15.319300 -0.212711 0.603280 0.768640 0.000000 0.000000 0.000000 0.000000 1.000000
0.765240 0.586491 -0.265396 0.000000 -0.620800 0.563245 -0.545309 15.319300 -0.170336 0.582050 0.795112 0.000000 0.000000 0.000000 0.000000 1.000000
0.774700 0.571526 -0.270550 0.000000 -0.617314 0.590895 -0.519391 15.319300 -0.136979 0.569387 0.810577 0.000000 0.000000 0.000000 0.000000 1.000000
0.805332 0.537631 -0.249787 0.000000 -0.578728 0.621651 -0.527849 15.319300 -0.128507 0.569652 0.811777 0.000000 0.000000 0.000000 0.000000 1.000000
0.842774 0.493056 -0.215936 0.000000 -0.523057 0.655476 -0.544759 15.319300 -0.127056 0.572055 0.810314 0.000000 0.000000 0.000000 0.000000 1.000000
0.881745 0.436299 -0.179356 0.000000 -0.458150 0.701495 -0.545897 15.319300 -0.112357 0.563514 0.818430 0.000000 0.000000 0.000000 0.000000 1.000000
0.920667 0.359649 -0.151736 0.000000 -0.384417 0.767871 -0.512442 15.319300 -0.067786 0.530119 0.845209 0.000000 0.000000 0.000000 0.000000 1.000000
0.955382 0.260229 -0.139738 0.000000 -0.295374 0.842336 -0.450804 15.319300 0.000395 0.471965 0.881617 0.000000 0.000000 0.000000 0.000000 1.000000
0.978283 0.146822 -0.146309 0.000000 -0.192203 0.906818 -0.375151 15.319300 0.077595 0.395125 0.915344 0.000000 0.000000 0.000000 0.000000 1.000000
0.983571 0.051227 -0.173100 0.000000 -0.102923 0.946905 -0.304594 15.319300 0.148306 0.317406 0.936621 -0.000000 0.000000 0.000000 0.000000 1.000000
0.974808 0.005749 -0.222973 0.000000 -0.061889 0.967386 -0.245630 15.319300 0.214289 0.253242 0.943371 0.000000 0.000000 0.000000 0.000000 1.000000
0.952996 0.028429 -0.301647 -0.000000 -0.090090 0.977147 -0.192530 15.319300 0.289280 0.210655 0.933778 0.000000 0.000000 0.000000 0.000000 1.000000
0.904976 0.115537 -0.409474 -0.000000 -0.186083 0.972974 -0.136728 15.319300 0.382611 0.199932 0.902018 0.000000 0.000000 0.000000 0.000000 1.000000
0.832438 0.213346 -0.511401 0.000000 -0.294603 0.952064 -0.082361 15.319300 0.469315 0.219221 0.855387 -0.000000 0.000000 0.000000 0.000000 1.000000
0.772375 0.285905 -0.567182 0.000000 -0.377655 0.924693 -0.048164 15.319300 0.510699 0.251400 0.822183 -0.000000 0.000000 0.000000 0.000000 1.000000
0.783576 0.325850 -0.528990 0.000000 -0.419921 0.905274 -0.064380 15.319300 0.457902 0.272581 0.846183 0.000000 0.000000 0.000000 0.000000 1.000000
0.848482 0.348141 -0.398593 0.000000 -0.431452 0.891202 -0.140032 15.319300 0.306476 0.290788 0.906374 0.000000 0.000000 0.000000 0.000000 1.000000
0.907411 0.363031 -0.211693 -0.000000 -0.410722 0.872739 -0.263884 15.319300 0.088955 0.326398 0.941037 0.000000 0.000000 0.000000 0.000000 1.000000
0.918648 0.390749 -0.058322 -0.000000 -0.380676 0.835970 -0.395273 15.319300 -0.105697 0.385318 0.916710 -0.000000 0.000000 0.000000 0.000000 1.000000
0.896473 0.442965 0.010864 0.000000 -0.378585 0.778459 -0.500674 15.319300 -0.230238 0.444728 0.865568 -0.000000 0.000000 0.000000 0.000000 1.000000
0.857539 0.514171 -0.015961 0.000000 -0.430321 0.700002 -0.569931 15.319300 -0.281870 0.495606 0.821537 0.000000 0.000000 0.000000 0.000000 1.000000</float_array>
        <technique_common>
          <accessor source="#mixamorig_LeftArm-Matrix-animation-output-transform-array" count="25" stride="16">
            <param type="float4x4"/>
          </accessor>
        </technique_common>
      </source>
      <source id="mixamorig_LeftArm-Interpolations">
        <Name_array id="mixamorig_LeftArm-Interpolations-array" count="25">
 LINEAR LINEAR LINEAR LINEAR LINEAR LINEAR LINEAR LINEAR LINEAR LINEAR LINEAR
LINEAR LINEAR LINEAR LINEAR LINEAR LINEAR LINEAR LINEAR LINEAR LINEAR LINEAR LINEAR
LINEAR LINEAR</Name_array>
        <technique_common>
          <accessor source="#mixamorig_LeftArm-Interpolations-array" count="25">
            <param type="name"/>
          </accessor>
        </technique_common>
      </source>
      <sampler id="mixamorig_LeftArm-Matrix-animation-transform">
        <input semantic="INPUT" source="#mixamorig_LeftArm-Matrix-animation-input"/>
        <input semantic="OUTPUT" source="#mixamorig_LeftArm-Matrix-animation-output-transform"/>
        <input semantic="INTERPOLATION" source="#mixamorig_LeftArm-Interpolations"/>
      </sampler>
      <channel source="#mixamorig_LeftArm-Matrix-animation-transform" target="mixamorig_LeftArm/matrix"/>
    </animation>
    <animation id="mixamorig_LeftForeArm-anim" name="mixamorig_LeftForeArm">
      <source id="mixamorig_LeftForeArm-Matrix-animation-input">
        <float_array id="mixamorig_LeftForeArm-Matrix-animation-input-array" count="25">

0.000000 0.033333 0.066667 0.100000 0.133333 0.166667 0.200000 0.233333 0.266667 0.300000 0.333333 0.366667 0.400000 0.433333 0.466667 0.500000
0.533333 0.566667 0.600000 0.633333 0.666667 0.700000 0.733333 0.766667 0.800000</float_array>
        <technique_common>
          <accessor source="#mixamorig_LeftForeArm-Matrix-animation-input-array" count="25">
            <param name="TIME" type="float"/>
          </accessor>
        </technique_common>
      </source>
      <source id="mixamorig_LeftForeArm-Matrix-animation-output-transform">
        <float_array id="mixamorig_LeftForeArm-Matrix-animation-output-transform-array" count="400">

0.033004 -0.999455 -0.000000 0.000000 0.999455 0.033004 -0.000000 34.109299 0.000000 -0.000000 1.000000 0.000000 0.000000 0.000000 0.000000 1.000000
0.547835 -0.836586 0.000000 0.000000 0.836586 0.547835 0.000000 34.109299 -0.000000 -0.000000 1.000000 0.000000 0.000000 0.000000 0.000000 1.000000
0.817940 -0.575304 -0.000000 0.000000 0.575304 0.817940 0.000000 34.109299 -0.000000 -0.000000 1.000000 0.000000 0.000000 0.000000 0.000000 1.000000
0.920668 -0.390347 0.000000 0.000000 0.390347 0.920668 0.000000 34.109299 -0.000000 0.000000 1.000000 0.000000 0.000000 0.000000 0.000000 1.000000
0.950107 -0.311923 0.000000 -0.000000 0.311923 0.950107 -0.000000 34.109299 0.000000 0.000000 1.000000 0.000000 0.000000 0.000000 0.000000 1.000000
0.961297 -0.275515 0.000000 0.000000 0.275515 0.961297 0.000000 34.109299 -0.000000 0.000000 1.000000 0.000000 0.000000 0.000000 0.000000 1.000000
0.966698 -0.255920 -0.000000 0.000000 0.255920 0.966698 0.000000 34.109299 0.000000 -0.000000 1.000000 -0.000000 0.000000 0.000000 0.000000 1.000000
0.962005 -0.273033 0.000000 -0.000000 0.273033 0.962005 0.000000 34.109299 -0.000000 0.000000 1.000000 0.000000 0.000000 0.000000 0.000000 1.000000
0.935459 -0.353435 0.000000 -0.000000 0.353435 0.935459 -0.000000 34.109299 -0.000000 0.000000 1.000000 0.000000 0.000000 0.000000 0.000000 1.000000
0.864280 -0.503012 -0.000000 -0.000000 0.503012 0.864280 0.000000 34.109299 0.000000 -0.000000 1.000000 0.000000 0.000000 0.000000 0.000000 1.000000
0.719672 -0.694315 0.000000 -0.000000 0.694315 0.719672 -0.000000 34.109299 -0.000000 0.000000 1.000000 0.000000 0.000000 0.000000 0.000000 1.000000
0.512651 -0.858597 -0.000000 0.000000 0.858597 0.512651 0.000000 34.109299 -0.000000 -0.000000 1.000000 0.000000 0.000000 0.000000 0.000000 1.000000
0.274452 -0.961601 0.000000 0.000000 0.961601 0.274452 -0.000000 34.109299 0.000000 0.000000 1.000000 -0.000000 0.000000 0.000000 0.000000 1.000000
0.029627 -0.999561 0.000000 -0.000000 0.999561 0.029627 -0.000000 34.109299 0.000000 0.000000 1.000000 0.000000 0.000000 0.000000 0.000000 1.000000
-0.211867 -0.977299 -0.000000 0.000000 0.977299 -0.211867 -0.000000 34.109299 -0.000000 -0.000000 1.000000 -0.000000 0.000000 0.000000 0.000000 1.000000
-0.429512 -0.903061 -0.000000 -0.000000 0.903061 -0.429512 -0.000000 34.109299 0.000000 -0.000000 1.000000 -0.000000 0.000000 0.000000 0.000000 1.000000
-0.594057 -0.804423 0.000000 0.000000 0.804423 -0.594057 0.000000 34.109299 -0.000000 0.000000 1.000000 0.000000 0.000000 0.000000 0.000000 1.000000
-0.702336 -0.711845 -0.000000 0.000000 0.711845 -0.702336 0.000000 34.109299 -0.000000 0.000000 1.000000 -0.000000 0.000000 0.000000 0.000000 1.000000
-0.764115 -0.645080 -0.000000 0.000000 0.645080 -0.764115 0.000000 34.109299 -0.000000 -0.000000 1.000000 0.000000 0.000000 0.000000 0.000000 1.000000
-0.782204 -0.623022 -0.000000 -0.000000 0.623022 -0.782204 -0.000000 34.109299 -0.000000 -0.000000 1.000000 -0.000000 0.000000 0.000000 0.000000 1.000000
-0.754720 -0.656047 -0.000000 -0.000000 0.656047 -0.754720 -0.000000 34.109299 -0.000000 -0.000000 1.000000 0.000000 0.000000 0.000000 0.000000 1.000000
-0.664540 -0.747253 0.000000 0.000000 0.747253 -0.664540 0.000000 34.109299 0.000000 0.000000 1.000000 0.000000 0.000000 0.000000 0.000000 1.000000
-0.488255 -0.872701 0.000000 -0.000000 0.872701 -0.488255 0.000000 34.109299 0.000000 0.000000 1.000000 0.000000 0.000000 0.000000 0.000000 1.000000
-0.244274 -0.969706 0.000000 0.000000 0.969706 -0.244274 0.000000 34.109299 -0.000000 0.000000 1.000000 0.000000 0.000000 0.000000 0.000000 1.000000
0.033003 -0.999455 -0.000000 0.000000 0.999455 0.033003 -0.000000 34.109299 0.000000 -0.000000 1.000000 -0.000000 0.000000 0.000000 0.000000 1.000000</float_array>
        <technique_common>
          <accessor source="#mixamorig_LeftForeArm-Matrix-animation-output-transform-array" count="25" stride="16">
            <param type="float4x4"/>
          </accessor>
        </technique_common>
      </source>
      <source id="mixamorig_LeftForeArm-Interpolations">
        <Name_array id="mixamorig_LeftForeArm-Interpolations-array" count="25">
 LINEAR LINEAR LINEAR LINEAR LINEAR LINEAR LINEAR LINEAR LINEAR LINEAR LINEAR
LINEAR LINEAR LINEAR LINEAR LINEAR LINEAR LINEAR LINEAR LINEAR LINEAR LINEAR LINEAR
LINEAR LINEAR</Name_array>
        <technique_common>
          <accessor source="#mixamorig_LeftForeArm-Interpolations-array" count="25">
            <param type="name"/>
          </accessor>
        </technique_common>
      </source>
      <sampler id="mixamorig_LeftForeArm-Matrix-animation-transform">
        <input semantic="INPUT" source="#mixamorig_LeftForeArm-Matrix-animation-input"/>
        <input semantic="OUTPUT" source="#mixamorig_LeftForeArm-Matrix-animation-output-transform"/>
        <input semantic="INTERPOLATION" source="#mixamorig_LeftForeArm-Interpolations"/>
      </sampler>
      <channel source="#mixamorig_LeftForeArm-Matrix-animation-transform" target="mixamorig_LeftForeArm/matrix"/>
    </animation>
    <animation id="mixamorig_LeftHand-anim" name="mixamorig_LeftHand">
      <source id="mixamorig_LeftHand-Matrix-animation-input">
        <float_array id="mixamorig_LeftHand-Matrix-animation-input-array" count="25">

0.000000 0.033333 0.066667 0.100000 0.133333 0.166667 0.200000 0.233333 0.266667 0.300000 0.333333 0.366667 0.400000 0.433333 0.466667 0.500000
0.533333 0.566667 0.600000 0.633333 0.666667 0.700000 0.733333 0.766667 0.800000</float_array>
        <technique_common>
          <accessor source="#mixamorig_LeftHand-Matrix-animation-input-array" count="25">
            <param name="TIME" type="float"/>
          </accessor>
        </technique_common>
      </source>
      <source id="mixamorig_LeftHand-Matrix-animation-output-transform">
        <float_array id="mixamorig_LeftHand-Matrix-animation-output-transform-array" count="400">

0.727930 -0.066979 0.682372 -0.000000 -0.333498 0.834972 0.437722 41.076000 -0.599080 -0.546201 0.585464 0.000000 0.000000 0.000000 0.000000 1.000000
0.681166 -0.247365 0.689074 -0.000000 -0.100820 0.900533 0.422938 41.076000 -0.725154 -0.357563 0.588473 0.000000 0.000000 0.000000 0.000000 1.000000
0.581834 -0.427629 0.691811 0.000000 0.108745 0.883881 0.454895 41.076000 -0.806005 -0.189443 0.560774 0.000000 0.000000 0.000000 0.000000 1.000000
0.491410 -0.512794 0.703960 0.000000 0.249212 0.857281 0.450513 41.076000 -0.834512 -0.045951 0.549071 0.000000 0.000000 0.000000 0.000000 1.000000
0.466047 -0.440039 0.767571 0.000000 0.314077 0.893328 0.321436 41.076000 -0.827137 0.091272 0.554539 0.000000 0.000000 0.000000 0.000000 1.000000
0.473841 -0.225285 0.851306 0.000000 0.323059 0.943791 0.069944 41.076000 -0.819212 0.241880 0.519987 0.000000 0.000000 0.000000 0.000000 1.000000
0.468601 0.064727 0.881035 0.000000 0.293980 0.929044 -0.224615 41.076000 -0.833060 0.364262 0.416323 -0.000000 0.000000 0.000000 0.000000 1.000000
0.461458 0.297708 0.835719 0.000000 0.243086 0.863532 -0.441840 41.076000 -0.853209 0.407042 0.326115 0.000000 0.000000 0.000000 0.000000 1.000000
0.502544 0.425722 0.752469 0.000000 0.154395 0.812174 -0.562615 41.076000 -0.850653 0.398916 0.342424 0.000000 0.000000 0.000000 0.000000 1.000000
0.601002 0.475171 0.642658 -0.000000 0.014045 0.797676 -0.602923 41.076000 -0.799124 0.371384 0.472731 -0.000000 0.000000 0.000000 0.000000 1.000000
0.718113 0.492134 0.492056 0.000000 -0.158670 0.804211 -0.572773 41.076000 -0.677597 0.333241 0.655601 0.000000 0.000000 0.000000 0.000000 1.000000
0.791712 0.516463 0.326281 -0.000000 -0.319007 0.805017 -0.500182 41.076000 -0.520987 0.291914 0.802097 0.000000 0.000000 0.000000 0.000000 1.000000
0.808403 0.554682 0.197009 0.000000 -0.441045 0.792436 -0.421337 41.076000 -0.389825 0.253720 0.885247 -0.000000 0.000000 0.000000 0.000000 1.000000
0.792350 0.588718 0.159977 -0.000000 -0.502830 0.778709 -0.375200 41.076000 -0.345462 0.216849 0.913035 -0.000000 0.000000 0.000000 0.000000 1.000000
0.782303 0.587346 0.207427 0.000000 -0.500833 0.791098 -0.351185 41.076000 -0.370362 0.170847 0.913040 0.000000 0.000000 0.000000 0.000000 1.000000
0.794988 0.518994 0.314069 0.000000 -0.434684 0.848497 -0.301831 41.076000 -0.423135 0.103432 0.900144 -0.000000 0.000000 0.000000 0.000000 1.000000
0.822325 0.355247 0.444500 0.000000 -0.308204 0.934734 -0.176868 41.076000 -0.478321 0.008446 0.878144 0.000000 0.000000 0.000000 0.000000 1.000000
0.818575 0.147549 0.555125 0.000000 -0.160517 0.986702 -0.025564 41.076000 -0.551515 -0.068181 0.831374 0.000000 0.000000 0.000000 0.000000 1.000000
0.766658 -0.008351 0.642001 0.000000 -0.053840 0.995557 0.077245 41.076000 -0.639794 -0.093786 0.762803 -0.000000 0.000000 0.000000 0.000000 1.000000
0.685412 -0.017138 0.727954 0.000000 -0.066549 0.994065 0.086062 41.076000 -0.725108 -0.107433 0.680203 0.000000 0.000000 0.000000 0.000000 1.000000
0.597669 0.070742 0.798616 -0.000000 -0.184809 0.981431 0.051371 41.076000 -0.780152 -0.178294 0.599645 0.000000 0.000000 0.000000 0.000000 1.000000
0.532841 0.160991 0.830760 -0.000000 -0.349166 0.936095 0.042548 41.076000 -0.770820 -0.312744 0.555002 -0.000000 0.000000 0.000000 0.000000 1.000000
0.541915 0.161196 0.824830 0.000000 -0.464290 0.875497 0.133942 41.076000 -0.700545 -0.455545 0.549287 0.000000 0.000000 0.000000 0.000000 1.000000
0.616480 0.075980 0.783696 0.000000 -0.470874 0.833307 0.289614 41.076000 -0.631055 -0.547563 0.549494 0.000000 0.000000 0.000000 0.000000 1.000000
0.727930 -0.066979 0.682372 0.000000 -0.333498 0.834972 0.437722 41.076000 -0.599080 -0.546201 0.585464 0.000000 0.000000 0.000000 0.000000 1.000000</float_array>
        <technique_common>
          <accessor source="#mixamorig_LeftHand-Matrix-animation-output-transform-array" count="25" stride="16">
            <param type="float4x4"/>
          </accessor>
        </technique_common>
      </source>
      <source id="mixamorig_LeftHand-Interpolations">
        <Name_array id="mixamorig_LeftHand-Interpolations-array" count="25">
 LINEAR LINEAR LINEAR LINEAR LINEAR LINEAR LINEAR LINEAR LINEAR LINEAR LINEAR
LINEAR LINEAR LINEAR LINEAR LINEAR LINEAR LINEAR LINEAR LINEAR LINEAR LINEAR LINEAR
LINEAR LINEAR</Name_array>
        <technique_common>
          <accessor source="#mixamorig_LeftHand-Interpolations-array" count="25">
            <param type="name"/>
          </accessor>
        </technique_common>
      </source>
      <sampler id="mixamorig_LeftHand-Matrix-animation-transform">
        <input semantic="INPUT" source="#mixamorig_LeftHand-Matrix-animation-input"/>
        <input semantic="OUTPUT" source="#mixamorig_LeftHand-Matrix-animation-output-transform"/>
        <input semantic="INTERPOLATION" source="#mixamorig_LeftHand-Interpolations"/>
      </sampler>
      <channel source="#mixamorig_LeftHand-Matrix-animation-transform" target="mixamorig_LeftHand/matrix"/>
    </animation>
    <animation id="mixamorig_LeftHandThumb1-anim" name="mixamorig_LeftHandThumb1">
      <source id="mixamorig_LeftHandThumb1-Matrix-animation-input">
        <float_array id="mixamorig_LeftHandThumb1-Matrix-animation-input-array" count="25">

0.000000 0.033333 0.066667 0.100000 0.133333 0.166667 0.200000 0.233333 0.266667 0.300000 0.333333 0.366667 0.400000 0.433333 0.466667 0.500000
0.533333 0.566667 0.600000 0.633333 0.666667 0.700000 0.733333 0.766667 0.800000</float_array>
        <technique_common>
          <accessor source="#mixamorig_LeftHandThumb1-Matrix-animation-input-array" count="25">
            <param name="TIME" type="float"/>
          </accessor>
        </technique_common>
      </source>
      <source id="mixamorig_LeftHandThumb1-Matrix-animation-output-transform">
        <float_array id="mixamorig_LeftHandThumb1-Matrix-animation-output-transform-array" count="400">

0.738661 -0.632388 0.233380 -9.706200 0.659175 0.605257 -0.446265 9.904300 0.140958 0.483477 0.863934 7.213800 0.000000 0.000000 0.000000 1.000000
0.740056 -0.630753 0.233382 -9.706200 0.657844 0.606739 -0.446217 9.904300 0.139851 0.483755 0.863958 7.213800 0.000000 0.000000 0.000000 1.000000
0.735878 -0.635562 0.233549 -9.706200 0.661807 0.602177 -0.446536 9.904300 0.143164 0.483160 0.863748 7.213800 0.000000 0.000000 0.000000 1.000000
0.731578 -0.640493 0.233584 -9.706200 0.665824 0.597594 -0.446721 9.904300 0.146533 0.482337 0.863643 7.213800 0.000000 0.000000 0.000000 1.000000
0.741306 -0.629429 0.232990 -9.706200 0.656649 0.608356 -0.445775 9.904300 0.138843 0.483448 0.864292 7.213800 0.000000 0.000000 0.000000 1.000000
0.774158 -0.589141 0.231501 -9.706200 0.623062 0.644695 -0.442902 9.904300 0.111684 0.487116 0.866167 7.213800 0.000000 0.000000 0.000000 1.000000
0.822888 -0.519928 0.229195 -9.706200 0.564223 0.700032 -0.437731 9.904300 0.067145 0.489520 0.869403 7.213800 0.000000 0.000000 0.000000 1.000000
0.865357 -0.446873 0.226850 -9.706200 0.500644 0.750398 -0.431578 9.904300 0.022633 0.487040 0.873087 7.213800 0.000000 0.000000 0.000000 1.000000
0.888152 -0.400367 0.225592 -9.706200 0.459528 0.778529 -0.427466 9.904300 -0.004486 0.483321 0.875432 7.213800 0.000000 0.000000 0.000000 1.000000
0.894118 -0.386959 0.225424 -9.706200 0.447667 0.785966 -0.426440 9.904300 -0.012161 0.482203 0.875975 7.213800 0.000000 0.000000 0.000000 1.000000
0.891477 -0.392841 0.225709 -9.706200 0.452980 0.782529 -0.427151 9.904300 -0.008821 0.483037 0.875556 7.213800 0.000000 0.000000 0.000000 1.000000
0.888960 -0.398417 0.225863 -9.706200 0.457950 0.779342 -0.427677 9.904300 -0.005630 0.483622 0.875259 7.213800 0.000000 0.000000 0.000000 1.000000
0.888775 -0.398852 0.225823 -9.706200 0.458312 0.779140 -0.427657 9.904300 -0.005376 0.483588 0.875279 7.213800 0.000000 0.000000 0.000000 1.000000
0.889682 -0.396873 0.225736 -9.706200 0.456533 0.780308 -0.427431 9.904300 -0.006508 0.483334 0.875412 7.213800 0.000000 0.000000 0.000000 1.000000
0.889871 -0.396460 0.225721 -9.706200 0.456163 0.780548 -0.427388 9.904300 -0.006744 0.483286 0.875437 7.213800 0.000000 0.000000 0.000000 1.000000
0.889374 -0.397543 0.225774 -9.706200 0.457140 0.779904 -0.427519 9.904300 -0.006124 0.483435 0.875359 7.213800 0.000000 0.000000 0.000000 1.000000
0.889602 -0.397014 0.225805 -9.706200 0.456691 0.780163 -0.427526 9.904300 -0.006430 0.483451 0.875348 7.213800 0.000000 0.000000 0.000000 1.000000
0.891032 -0.393834 0.225738 -9.706200 0.453866 0.781962 -0.427248 9.904300 -0.008254 0.483146 0.875501 7.213800 0.000000 0.000000 0.000000 1.000000
0.891645 -0.392508 0.225624 -9.706200 0.452645 0.782795 -0.427018 9.904300 -0.009009 0.482877 0.875642 7.213800 0.000000 0.000000 0.000000 1.000000
0.885291 -0.406541 0.225795 -9.706200 0.465036 0.774923 -0.428061 9.904300 -0.000950 0.483961 0.875089 7.213800 0.000000 0.000000 0.000000 1.000000
0.867075 -0.443646 0.226626 -9.706200 0.497747 0.752579 -0.431131 9.904300 0.020716 0.486625 0.873365 7.213800 0.000000 0.000000 0.000000 1.000000
0.835175 -0.500389 0.228242 -9.706200 0.547230 0.714574 -0.435801 9.904300 0.054974 0.488871 0.870622 7.213800 0.000000 0.000000 0.000000 1.000000
0.795206 -0.560922 0.230246 -9.706200 0.599137 0.668548 -0.440544 9.904300 0.093180 0.488272 0.867702 7.213800 0.000000 0.000000 0.000000 1.000000
0.759076 -0.608226 0.232088 -9.706200 0.639004 0.627996 -0.444179 9.904300 0.124411 0.485471 0.865355 7.213800 0.000000 0.000000 0.000000 1.000000
0.738661 -0.632388 0.233380 -9.706200 0.659175 0.605257 -0.446265 9.904300 0.140958 0.483477 0.863934 7.213800 0.000000 0.000000 0.000000 1.000000</float_array>
        <technique_common>
          <accessor source="#mixamorig_LeftHandThumb1-Matrix-animation-output-transform-array" count="25" stride="16">
            <param type="float4x4"/>
          </accessor>
        </technique_common>
      </source>
      <source id="mixamorig_LeftHandThumb1-Interpolations">
        <Name_array id="mixamorig_LeftHandThumb1-Interpolations-array" count="25">
 LINEAR LINEAR LINEAR LINEAR LINEAR LINEAR LINEAR LINEAR LINEAR LINEAR LINEAR
LINEAR LINEAR LINEAR LINEAR LINEAR LINEAR LINEAR LINEAR LINEAR LINEAR LINEAR LINEAR
LINEAR LINEAR</Name_array>
        <technique_common>
          <accessor source="#mixamorig_LeftHandThumb1-Interpolations-array" count="25">
            <param type="name"/>
          </accessor>
        </technique_common>
      </source>
      <sampler id="mixamorig_LeftHandThumb1-Matrix-animation-transform">
        <input semantic="INPUT" source="#mixamorig_LeftHandThumb1-Matrix-animation-input"/>
        <input semantic="OUTPUT" source="#mixamorig_LeftHandThumb1-Matrix-animation-output-transform"/>
        <input semantic="INTERPOLATION" source="#mixamorig_LeftHandThumb1-Interpolations"/>
      </sampler>
      <channel source="#mixamorig_LeftHandThumb1-Matrix-animation-transform" target="mixamorig_LeftHandThumb1/matrix"/>
    </animation>
    <animation id="mixamorig_LeftHandThumb2-anim" name="mixamorig_LeftHandThumb2">
      <source id="mixamorig_LeftHandThumb2-Matrix-animation-input">
        <float_array id="mixamorig_LeftHandThumb2-Matrix-animation-input-array" count="25">

0.000000 0.033333 0.066667 0.100000 0.133333 0.166667 0.200000 0.233333 0.266667 0.300000 0.333333 0.366667 0.400000 0.433333 0.466667 0.500000
0.533333 0.566667 0.600000 0.633333 0.666667 0.700000 0.733333 0.766667 0.800000</float_array>
        <technique_common>
          <accessor source="#mixamorig_LeftHandThumb2-Matrix-animation-input-array" count="25">
            <param name="TIME" type="float"/>
          </accessor>
        </technique_common>
      </source>
      <source id="mixamorig_LeftHandThumb2-Matrix-animation-output-transform">
        <float_array id="mixamorig_LeftHandThumb2-Matrix-animation-output-transform-array" count="400">

0.976573 0.139383 0.163946 -0.000000 -0.166267 0.972399 0.163691 2.369000 -0.136606 -0.187115 0.972793 -0.000000 0.000000 0.000000 0.000000 1.000000
0.976386 0.141276 0.163439 0.000000 -0.168070 0.972072 0.163794 2.369000 -0.135734 -0.187395 0.972861 0.000000 0.000000 0.000000 0.000000 1.000000
0.976932 0.135629 0.164953 -0.000000 -0.162693 0.973037 0.163491 2.369000 -0.138332 -0.186556 0.972657 0.000000 0.000000 0.000000 0.000000 1.000000
0.977454 0.129853 0.166501 -0.000000 -0.157191 0.973992 0.163189 2.369000 -0.140980 -0.185682 0.972444 0.000000 0.000000 0.000000 0.000000 1.000000
0.976216 0.142956 0.162989 0.000000 -0.169669 0.971779 0.163886 2.369000 -0.134961 -0.187643 0.972921 0.000000 0.000000 0.000000 0.000000 1.000000
0.970362 0.188929 0.150677 -0.000000 -0.213314 0.962658 0.166696 2.369000 -0.113557 -0.193896 0.974428 0.000000 0.000000 0.000000 0.000000 1.000000
0.955857 0.263085 0.130859 0.000000 -0.283267 0.943410 0.172442 2.369000 -0.078087 -0.201898 0.976289 0.000000 0.000000 0.000000 0.000000 1.000000
0.935284 0.335890 0.111454 0.000000 -0.351387 0.918841 0.179606 2.369000 -0.042081 -0.207146 0.977405 0.000000 0.000000 0.000000 0.000000 1.000000
0.919722 0.379671 0.099811 0.000000 -0.392070 0.901207 0.184680 2.369000 -0.019833 -0.208987 0.977717 0.000000 0.000000 0.000000 0.000000 1.000000
0.914924 0.391906 0.096561 0.000000 -0.403399 0.895878 0.186205 2.369000 -0.013532 -0.209316 0.977754 0.000000 0.000000 0.000000 0.000000 1.000000
0.917073 0.386488 0.098000 0.000000 -0.398385 0.898260 0.185524 2.369000 -0.016326 -0.209180 0.977741 0.000000 0.000000 0.000000 0.000000 1.000000
0.919069 0.381364 0.099361 0.000000 -0.393639 0.900480 0.184888 2.369000 -0.018963 -0.209037 0.977724 0.000000 0.000000 0.000000 0.000000 1.000000
0.919218 0.380980 0.099463 -0.000000 -0.393283 0.900646 0.184840 2.369000 -0.019160 -0.209025 0.977722 0.000000 0.000000 0.000000 0.000000 1.000000
0.918509 0.382812 0.098976 -0.000000 -0.394980 0.899856 0.185067 2.369000 -0.018219 -0.209079 0.977729 0.000000 0.000000 0.000000 0.000000 1.000000
0.918361 0.383194 0.098875 0.000000 -0.395334 0.899691 0.185114 2.369000 -0.018022 -0.209090 0.977730 -0.000000 0.000000 0.000000 0.000000 1.000000
0.918751 0.382189 0.099142 0.000000 -0.394403 0.900125 0.184990 2.369000 -0.018539 -0.209061 0.977727 0.000000 0.000000 0.000000 0.000000 1.000000
0.918568 0.382661 0.099016 0.000000 -0.394840 0.899921 0.185048 2.369000 -0.018296 -0.209074 0.977729 0.000000 0.000000 0.000000 0.000000 1.000000
0.917431 0.385577 0.098242 0.000000 -0.397541 0.898657 0.185410 2.369000 -0.016796 -0.209156 0.977738 -0.000000 0.000000 0.000000 0.000000 1.000000
0.916943 0.386819 0.097912 0.000000 -0.398691 0.898115 0.185565 2.369000 -0.016156 -0.209189 0.977742 0.000000 0.000000 0.000000 0.000000 1.000000
0.921896 0.373952 0.101330 0.000000 -0.386768 0.903637 0.183983 2.369000 -0.022765 -0.208804 0.977692 -0.000000 0.000000 0.000000 0.000000 1.000000
0.934248 0.339034 0.110617 -0.000000 -0.354316 0.917648 0.179950 2.369000 -0.040498 -0.207312 0.977436 -0.000000 0.000000 0.000000 0.000000 1.000000
0.950822 0.283174 0.125499 -0.000000 -0.302120 0.937206 0.174265 2.369000 -0.068271 -0.203611 0.976669 0.000000 0.000000 0.000000 0.000000 1.000000
0.965066 0.219945 0.142382 0.000000 -0.242640 0.955298 0.168914 2.369000 -0.098865 -0.197561 0.975292 0.000000 0.000000 0.000000 0.000000 1.000000
0.973389 0.167471 0.156421 0.000000 -0.192968 0.967179 0.165314 2.369000 -0.123602 -0.191099 0.973758 -0.000000 0.000000 0.000000 0.000000 1.000000
0.976573 0.139383 0.163947 0.000000 -0.166267 0.972399 0.163692 2.369000 -0.136606 -0.187116 0.972793 0.000000 0.000000 0.000000 0.000000 1.000000</float_array>
        <technique_common>
          <accessor source="#mixamorig_LeftHandThumb2-Matrix-animation-output-transform-array" count="25" stride="16">
            <param type="float4x4"/>
          </accessor>
        </technique_common>
      </source>
      <source id="mixamorig_LeftHandThumb2-Interpolations">
        <Name_array id="mixamorig_LeftHandThumb2-Interpolations-array" count="25">
 LINEAR LINEAR LINEAR LINEAR LINEAR LINEAR LINEAR LINEAR LINEAR LINEAR LINEAR
LINEAR LINEAR LINEAR LINEAR LINEAR LINEAR LINEAR LINEAR LINEAR LINEAR LINEAR LINEAR
LINEAR LINEAR</Name_array>
        <technique_common>
          <accessor source="#mixamorig_LeftHandThumb2-Interpolations-array" count="25">
            <param type="name"/>
          </accessor>
        </technique_common>
      </source>
      <sampler id="mixamorig_LeftHandThumb2-Matrix-animation-transform">
        <input semantic="INPUT" source="#mixamorig_LeftHandThumb2-Matrix-animation-input"/>
        <input semantic="OUTPUT" source="#mixamorig_LeftHandThumb2-Matrix-animation-output-transform"/>
        <input semantic="INTERPOLATION" source="#mixamorig_LeftHandThumb2-Interpolations"/>
      </sampler>
      <channel source="#mixamorig_LeftHandThumb2-Matrix-animation-transform" target="mixamorig_LeftHandThumb2/matrix"/>
    </animation>
    <animation id="mixamorig_LeftHandThumb3-anim" name="mixamorig_LeftHandThumb3">
      <source id="mixamorig_LeftHandThumb3-Matrix-animation-input">
        <float_array id="mixamorig_LeftHandThumb3-Matrix-animation-input-array" count="25">

0.000000 0.033333 0.066667 0.100000 0.133333 0.166667 0.200000 0.233333 0.266667 0.300000 0.333333 0.366667 0.400000 0.433333 0.466667 0.500000
0.533333 0.566667 0.600000 0.633333 0.666667 0.700000 0.733333 0.766667 0.800000</float_array>
        <technique_common>
          <accessor source="#mixamorig_LeftHandThumb3-Matrix-animation-input-array" count="25">
            <param name="TIME" type="float"/>
          </accessor>
        </technique_common>
      </source>
      <source id="mixamorig_LeftHandThumb3-Matrix-animation-output-transform">
        <float_array id="mixamorig_LeftHandThumb3-Matrix-animation-output-transform-array" count="400">

0.801363 -0.589387 -0.102175 0.000000 0.570588 0.701890 0.426357 2.785200 -0.179574 -0.399966 0.898766 0.000000 0.000000 0.000000 0.000000 1.000000
0.802209 -0.588235 -0.102180 0.000000 0.569579 0.702705 0.426362 2.785200 -0.178999 -0.400231 0.898763 0.000000 0.000000 0.000000 0.000000 1.000000
0.799683 -0.591667 -0.102165 0.000000 0.572583 0.700271 0.426345 2.785200 -0.180711 -0.399438 0.898773 0.000000 0.000000 0.000000 0.000000 1.000000
0.797085 -0.595164 -0.102150 -0.000000 0.575642 0.697769 0.426326 2.785200 -0.182457 -0.398620 0.898783 0.000000 0.000000 0.000000 0.000000 1.000000
0.802958 -0.587212 -0.102184 -0.000000 0.568683 0.703427 0.426368 2.785200 -0.178489 -0.400466 0.898760 0.000000 0.000000 0.000000 0.000000 1.000000
0.822995 -0.558761 -0.102303 0.000000 0.543746 0.722790 0.426516 2.785200 -0.164377 -0.406647 0.898676 0.000000 0.000000 0.000000 0.000000 1.000000
0.853476 -0.510956 -0.102483 0.000000 0.501711 0.752435 0.426764 2.785200 -0.140946 -0.415650 0.898537 -0.000000 0.000000 0.000000 0.000000 1.000000
0.881181 -0.461502 -0.102647 -0.000000 0.458063 0.779635 0.427022 2.785200 -0.117044 -0.423303 0.898396 -0.000000 0.000000 0.000000 0.000000 1.000000
0.896760 -0.430426 -0.102740 -0.000000 0.430558 0.795068 0.427185 2.785200 -0.102187 -0.427318 0.898308 -0.000000 0.000000 0.000000 0.000000 1.000000
0.900965 -0.421547 -0.102765 0.000000 0.422689 0.799254 0.427232 2.785200 -0.097964 -0.428359 0.898283 0.000000 0.000000 0.000000 0.000000 1.000000
0.899111 -0.425489 -0.102753 0.000000 0.426183 0.797407 0.427212 2.785200 -0.099838 -0.427902 0.898294 -0.000000 0.000000 0.000000 0.000000 1.000000
0.897346 -0.429202 -0.102743 0.000000 0.429473 0.795651 0.427192 2.785200 -0.101604 -0.427464 0.898305 -0.000000 0.000000 0.000000 0.000000 1.000000
0.897213 -0.429480 -0.102742 -0.000000 0.429720 0.795518 0.427190 2.785200 -0.101736 -0.427431 0.898305 -0.000000 0.000000 0.000000 0.000000 1.000000
0.897846 -0.428155 -0.102746 -0.000000 0.428545 0.796148 0.427197 2.785200 -0.101105 -0.427588 0.898302 0.000000 0.000000 0.000000 0.000000 1.000000
0.897977 -0.427878 -0.102747 0.000000 0.428300 0.796279 0.427199 2.785200 -0.100974 -0.427621 0.898301 0.000000 0.000000 0.000000 0.000000 1.000000
0.897631 -0.428606 -0.102745 -0.000000 0.428945 0.795934 0.427195 2.785200 -0.101320 -0.427535 0.898303 0.000000 0.000000 0.000000 0.000000 1.000000
0.897794 -0.428264 -0.102746 0.000000 0.428642 0.796096 0.427197 2.785200 -0.101158 -0.427576 0.898302 0.000000 0.000000 0.000000 0.000000 1.000000
0.898798 -0.426151 -0.102752 0.000000 0.426770 0.797096 0.427208 2.785200 -0.100152 -0.427825 0.898296 0.000000 0.000000 0.000000 0.000000 1.000000
0.899224 -0.425249 -0.102754 0.000000 0.425970 0.797520 0.427213 2.785200 -0.099723 -0.427930 0.898293 0.000000 0.000000 0.000000 0.000000 1.000000
0.894772 -0.434546 -0.102728 0.000000 0.434207 0.793092 0.427164 2.785200 -0.104149 -0.426819 0.898320 -0.000000 0.000000 0.000000 0.000000 1.000000
0.882327 -0.459305 -0.102654 -0.000000 0.456120 0.780767 0.427034 2.785200 -0.115990 -0.423607 0.898390 0.000000 0.000000 0.000000 0.000000 1.000000
0.861342 -0.497572 -0.102530 0.000000 0.489914 0.760130 0.426834 2.785200 -0.134445 -0.417881 0.898499 0.000000 0.000000 0.000000 0.000000 1.000000
0.836020 -0.539064 -0.102380 0.000000 0.526446 0.735427 0.426618 2.785200 -0.154681 -0.410558 0.898619 0.000000 0.000000 0.000000 0.000000 1.000000
0.813752 -0.572148 -0.102248 -0.000000 0.555488 0.713847 0.426446 2.785200 -0.171001 -0.403818 0.898715 -0.000000 0.000000 0.000000 0.000000 1.000000
0.801363 -0.589387 -0.102175 0.000000 0.570588 0.701890 0.426357 2.785200 -0.179574 -0.399966 0.898766 -0.000000 0.000000 0.000000 0.000000 1.000000</float_array>
        <technique_common>
          <accessor source="#mixamorig_LeftHandThumb3-Matrix-animation-output-transform-array" count="25" stride="16">
            <param type="float4x4"/>
          </accessor>
        </technique_common>
      </source>
      <source id="mixamorig_LeftHandThumb3-Interpolations">
        <Name_array id="mixamorig_LeftHandThumb3-Interpolations-array" count="25">
 LINEAR LINEAR LINEAR LINEAR LINEAR LINEAR LINEAR LINEAR LINEAR LINEAR LINEAR
LINEAR LINEAR LINEAR LINEAR LINEAR LINEAR LINEAR LINEAR LINEAR LINEAR LINEAR LINEAR
LINEAR LINEAR</Name_array>
        <technique_common>
          <accessor source="#mixamorig_LeftHandThumb3-Interpolations-array" count="25">
            <param type="name"/>
          </accessor>
        </technique_common>
      </source>
      <sampler id="mixamorig_LeftHandThumb3-Matrix-animation-transform">
        <input semantic="INPUT" source="#mixamorig_LeftHandThumb3-Matrix-animation-input"/>
        <input semantic="OUTPUT" source="#mixamorig_LeftHandThumb3-Matrix-animation-output-transform"/>
        <input semantic="INTERPOLATION" source="#mixamorig_LeftHandThumb3-Interpolations"/>
      </sampler>
      <channel source="#mixamorig_LeftHandThumb3-Matrix-animation-transform" target="mixamorig_LeftHandThumb3/matrix"/>
    </animation>
    <animation id="mixamorig_LeftHandIndex1-anim" name="mixamorig_LeftHandIndex1">
      <source id="mixamorig_LeftHandIndex1-Matrix-animation-input">
        <float_array id="mixamorig_LeftHandIndex1-Matrix-animation-input-array" count="25">

0.000000 0.033333 0.066667 0.100000 0.133333 0.166667 0.200000 0.233333 0.266667 0.300000 0.333333 0.366667 0.400000 0.433333 0.466667 0.500000
0.533333 0.566667 0.600000 0.633333 0.666667 0.700000 0.733333 0.766667 0.800000</float_array>
        <technique_common>
          <accessor source="#mixamorig_LeftHandIndex1-Matrix-animation-input-array" count="25">
            <param name="TIME" type="float"/>
          </accessor>
        </technique_common>
      </source>
      <source id="mixamorig_LeftHandIndex1-Matrix-animation-output-transform">
        <float_array id="mixamorig_LeftHandIndex1-Matrix-animation-output-transform-array" count="400">

0.998036 -0.061249 -0.013150 -4.736600 0.053588 0.943448 -0.327162 18.296801 0.032444 0.325815 0.944877 0.973500 0.000000 0.000000 0.000000 1.000000
0.998041 -0.061141 -0.013284 -4.736600 0.053377 0.942801 -0.329054 18.296801 0.032643 0.327700 0.944218 0.973500 0.000000 0.000000 0.000000 1.000000
0.998034 -0.061338 -0.012864 -4.736600 0.053893 0.944724 -0.323406 18.296801 0.031990 0.322077 0.946173 0.973500 0.000000 0.000000 0.000000 1.000000
0.998021 -0.061637 -0.012452 -4.736600 0.054502 0.946649 -0.317623 18.296801 0.031365 0.316316 0.948135 0.973500 0.000000 0.000000 0.000000 1.000000
0.998027 -0.061322 -0.013450 -4.736600 0.053435 0.942210 -0.330734 18.296801 0.032954 0.329363 0.943628 0.973500 0.000000 0.000000 0.000000 1.000000
0.998068 -0.059751 -0.017011 -4.736600 0.048973 0.925184 -0.376345 18.296801 0.038225 0.374785 0.926323 0.973500 0.000000 0.000000 0.000000 1.000000
0.998096 -0.057168 -0.023152 -4.736600 0.040729 0.892783 -0.448643 18.296801 0.046318 0.446846 0.893411 0.973500 0.000000 0.000000 0.000000 1.000000
0.998061 -0.054683 -0.029745 -4.736600 0.031395 0.854791 -0.518022 18.296801 0.053753 0.516083 0.854850 0.973500 0.000000 0.000000 0.000000 1.000000
0.998007 -0.053178 -0.033970 -4.736600 0.025138 0.828830 -0.558936 18.296801 0.057878 0.556968 0.828515 0.973500 0.000000 0.000000 0.000000 1.000000
0.997994 -0.052627 -0.035177 -4.736600 0.023201 0.821140 -0.570254 18.296801 0.058896 0.568295 0.820715 0.973500 0.000000 0.000000 0.000000 1.000000
0.998010 -0.052708 -0.034623 -4.736600 0.023939 0.824575 -0.565246 18.296801 0.058342 0.563292 0.824195 0.973500 0.000000 0.000000 0.000000 1.000000
0.998018 -0.052876 -0.034112 -4.736600 0.024699 0.827784 -0.560503 18.296801 0.057874 0.558549 0.827450 0.973500 0.000000 0.000000 0.000000 1.000000
0.998017 -0.052928 -0.034078 -4.736600 0.024786 0.828022 -0.560147 18.296801 0.057865 0.558191 0.827692 0.973500 0.000000 0.000000 0.000000 1.000000
0.998012 -0.052893 -0.034262 -4.736600 0.024534 0.826879 -0.561845 18.296801 0.058048 0.559887 0.826533 0.973500 0.000000 0.000000 0.000000 1.000000
0.998011 -0.052883 -0.034301 -4.736600 0.024480 0.826640 -0.562198 18.296801 0.058085 0.560240 0.826291 0.973500 0.000000 0.000000 0.000000 1.000000
0.998014 -0.052898 -0.034200 -4.736600 0.024614 0.827269 -0.561267 18.296801 0.057982 0.559311 0.826928 0.973500 0.000000 0.000000 0.000000 1.000000
0.998015 -0.052846 -0.034243 -4.736600 0.024517 0.826975 -0.561704 18.296801 0.058002 0.559750 0.826629 0.973500 0.000000 0.000000 0.000000 1.000000
0.998011 -0.052736 -0.034532 -4.736600 0.024074 0.825148 -0.564403 18.296801 0.058258 0.562450 0.824777 0.973500 0.000000 0.000000 0.000000 1.000000
0.998006 -0.052760 -0.034660 -4.736600 0.023939 0.824364 -0.565554 18.296801 0.058411 0.563596 0.823983 0.973500 0.000000 0.000000 0.000000 1.000000
0.998017 -0.053352 -0.033398 -4.736600 0.025969 0.832359 -0.553629 18.296801 0.057336 0.551664 0.832094 0.973500 0.000000 0.000000 0.000000 1.000000
0.998051 -0.054690 -0.030048 -4.736600 0.031056 0.853001 -0.520984 18.296801 0.054123 0.519035 0.853038 0.973500 0.000000 0.000000 0.000000 1.000000
0.998079 -0.056710 -0.024942 -4.736600 0.038472 0.882916 -0.467952 18.296801 0.048560 0.466094 0.883402 0.973500 0.000000 0.000000 0.000000 1.000000
0.998074 -0.058874 -0.019548 -4.736600 0.045852 0.912375 -0.406780 18.296801 0.041783 0.405100 0.913317 0.973500 0.000000 0.000000 0.000000 1.000000
0.998046 -0.060565 -0.015338 -4.736600 0.051185 0.933414 -0.355130 18.296801 0.035825 0.353651 0.934691 0.973500 0.000000 0.000000 0.000000 1.000000
0.998036 -0.061249 -0.013149 -4.736600 0.053588 0.943448 -0.327162 18.296801 0.032444 0.325814 0.944877 0.973500 0.000000 0.000000 0.000000 1.000000</float_array>
        <technique_common>
          <accessor source="#mixamorig_LeftHandIndex1-Matrix-animation-output-transform-array" count="25" stride="16">
            <param type="float4x4"/>
          </accessor>
        </technique_common>
      </source>
      <source id="mixamorig_LeftHandIndex1-Interpolations">
        <Name_array id="mixamorig_LeftHandIndex1-Interpolations-array" count="25">
 LINEAR LINEAR LINEAR LINEAR LINEAR LINEAR LINEAR LINEAR LINEAR LINEAR LINEAR
LINEAR LINEAR LINEAR LINEAR LINEAR LINEAR LINEAR LINEAR LINEAR LINEAR LINEAR LINEAR
LINEAR LINEAR</Name_array>
        <technique_common>
          <accessor source="#mixamorig_LeftHandIndex1-Interpolations-array" count="25">
            <param type="name"/>
          </accessor>
        </technique_common>
      </source>
      <sampler id="mixamorig_LeftHandIndex1-Matrix-animation-transform">
        <input semantic="INPUT" source="#mixamorig_LeftHandIndex1-Matrix-animation-input"/>
        <input semantic="OUTPUT" source="#mixamorig_LeftHandIndex1-Matrix-animation-output-transform"/>
        <input semantic="INTERPOLATION" source="#mixamorig_LeftHandIndex1-Interpolations"/>
      </sampler>
      <channel source="#mixamorig_LeftHandIndex1-Matrix-animation-transform" target="mixamorig_LeftHandIndex1/matrix"/>
    </animation>
    <animation id="mixamorig_LeftHandIndex2-anim" name="mixamorig_LeftHandIndex2">
      <source id="mixamorig_LeftHandIndex2-Matrix-animation-input">
        <float_array id="mixamorig_LeftHandIndex2-Matrix-animation-input-array" count="25">

0.000000 0.033333 0.066667 0.100000 0.133333 0.166667 0.200000 0.233333 0.266667 0.300000 0.333333 0.366667 0.400000 0.433333 0.466667 0.500000
0.533333 0.566667 0.600000 0.633333 0.666667 0.700000 0.733333 0.766667 0.800000</float_array>
        <technique_common>
          <accessor source="#mixamorig_LeftHandIndex2-Matrix-animation-input-array" count="25">
            <param name="TIME" type="float"/>
          </accessor>
        </technique_common>
      </source>
      <source id="mixamorig_LeftHandIndex2-Matrix-animation-output-transform">
        <float_array id="mixamorig_LeftHandIndex2-Matrix-animation-output-transform-array" count="400">

0.999964 0.008438 -0.000351 0.000000 -0.008438 0.996501 -0.083158 4.697600 -0.000351 0.083158 0.996536 0.000000 0.000000 0.000000 0.000000 1.000000
0.999963 0.008645 -0.000369 -0.000000 -0.008645 0.996326 -0.085199 4.697600 -0.000369 0.085199 0.996364 0.000000 0.000000 0.000000 0.000000 1.000000
0.999968 0.008028 -0.000318 0.000000 -0.008028 0.996833 -0.079114 4.697600 -0.000318 0.079114 0.996866 0.000000 0.000000 0.000000 0.000000 1.000000
0.999973 0.007396 -0.000270 0.000000 -0.007396 0.997312 -0.072891 4.697600 -0.000270 0.072891 0.997340 0.000000 0.000000 0.000000 0.000000 1.000000
0.999961 0.008829 -0.000385 0.000000 -0.008829 0.996168 -0.087009 4.697600 -0.000385 0.087009 0.996207 0.000000 0.000000 0.000000 0.000000 1.000000
0.999904 0.013855 -0.000951 0.000000 -0.013855 0.990537 -0.136547 4.697600 -0.000950 0.136547 0.990633 0.000000 0.000000 0.000000 0.000000 1.000000
0.999756 0.021965 -0.002406 0.000000 -0.021965 0.976042 -0.216472 4.697600 -0.002406 0.216472 0.976286 0.000000 0.000000 0.000000 0.000000 1.000000
0.999542 0.029927 -0.004515 0.000000 -0.029927 0.955046 -0.294943 4.697600 -0.004515 0.294943 0.955504 -0.000000 0.000000 0.000000 0.000000 1.000000
0.999379 0.034714 -0.006125 -0.000000 -0.034714 0.939014 -0.342122 4.697600 -0.006125 0.342122 0.939636 -0.000000 0.000000 0.000000 0.000000 1.000000
0.999328 0.036052 -0.006623 0.000000 -0.036052 0.934055 -0.355304 4.697600 -0.006623 0.355304 0.934727 0.000000 0.000000 0.000000 0.000000 1.000000
0.999351 0.035460 -0.006400 0.000000 -0.035460 0.936277 -0.349467 4.697600 -0.006400 0.349467 0.936927 0.000000 0.000000 0.000000 0.000000 1.000000
0.999372 0.034899 -0.006193 0.000000 -0.034899 0.938340 -0.343946 4.697600 -0.006193 0.343946 0.938969 0.000000 0.000000 0.000000 0.000000 1.000000
0.999373 0.034858 -0.006177 -0.000000 -0.034858 0.938494 -0.343532 4.697600 -0.006178 0.343532 0.939121 -0.000000 0.000000 0.000000 0.000000 1.000000
0.999366 0.035058 -0.006251 0.000000 -0.035058 0.937761 -0.345506 4.697600 -0.006251 0.345506 0.938396 0.000000 0.000000 0.000000 0.000000 1.000000
0.999364 0.035100 -0.006266 -0.000000 -0.035099 0.937608 -0.345917 4.697600 -0.006266 0.345917 0.938244 -0.000000 0.000000 0.000000 0.000000 1.000000
0.999368 0.034990 -0.006226 0.000000 -0.034990 0.938011 -0.344835 4.697600 -0.006226 0.344835 0.938643 0.000000 0.000000 0.000000 0.000000 1.000000
0.999366 0.035041 -0.006245 0.000000 -0.035041 0.937822 -0.345344 4.697600 -0.006245 0.345344 0.938455 0.000000 0.000000 0.000000 0.000000 1.000000
0.999354 0.035360 -0.006363 0.000000 -0.035360 0.936647 -0.348485 4.697600 -0.006363 0.348485 0.937293 -0.000000 0.000000 0.000000 0.000000 1.000000
0.999349 0.035496 -0.006414 0.000000 -0.035496 0.936143 -0.349824 4.697600 -0.006413 0.349824 0.936794 -0.000000 0.000000 0.000000 0.000000 1.000000
0.999401 0.034090 -0.005900 0.000000 -0.034090 0.941259 -0.335960 4.697600 -0.005900 0.335960 0.941858 -0.000000 0.000000 0.000000 0.000000 1.000000
0.999531 0.030271 -0.004622 0.000000 -0.030271 0.953982 -0.298332 4.697600 -0.004622 0.298332 0.954451 0.000000 0.000000 0.000000 0.000000 1.000000
0.999704 0.024162 -0.002919 0.000000 -0.024162 0.970934 -0.238126 4.697600 -0.002919 0.238126 0.971230 -0.000000 0.000000 0.000000 0.000000 1.000000
0.999850 0.017247 -0.001477 -0.000000 -0.017247 0.985297 -0.169975 4.697600 -0.001476 0.169975 0.985447 0.000000 0.000000 0.000000 0.000000 1.000000
0.999934 0.011509 -0.000655 0.000000 -0.011509 0.993480 -0.113423 4.697600 -0.000655 0.113423 0.993547 0.000000 0.000000 0.000000 0.000000 1.000000
0.999964 0.008438 -0.000352 0.000000 -0.008438 0.996501 -0.083159 4.697600 -0.000351 0.083159 0.996536 0.000000 0.000000 0.000000 0.000000 1.000000</float_array>
        <technique_common>
          <accessor source="#mixamorig_LeftHandIndex2-Matrix-animation-output-transform-array" count="25" stride="16">
            <param type="float4x4"/>
          </accessor>
        </technique_common>
      </source>
      <source id="mixamorig_LeftHandIndex2-Interpolations">
        <Name_array id="mixamorig_LeftHandIndex2-Interpolations-array" count="25">
 LINEAR LINEAR LINEAR LINEAR LINEAR LINEAR LINEAR LINEAR LINEAR LINEAR LINEAR
LINEAR LINEAR LINEAR LINEAR LINEAR LINEAR LINEAR LINEAR LINEAR LINEAR LINEAR LINEAR
LINEAR LINEAR</Name_array>
        <technique_common>
          <accessor source="#mixamorig_LeftHandIndex2-Interpolations-array" count="25">
            <param type="name"/>
          </accessor>
        </technique_common>
      </source>
      <sampler id="mixamorig_LeftHandIndex2-Matrix-animation-transform">
        <input semantic="INPUT" source="#mixamorig_LeftHandIndex2-Matrix-animation-input"/>
        <input semantic="OUTPUT" source="#mixamorig_LeftHandIndex2-Matrix-animation-output-transform"/>
        <input semantic="INTERPOLATION" source="#mixamorig_LeftHandIndex2-Interpolations"/>
      </sampler>
      <channel source="#mixamorig_LeftHandIndex2-Matrix-animation-transform" target="mixamorig_LeftHandIndex2/matrix"/>
    </animation>
    <animation id="mixamorig_LeftHandIndex3-anim" name="mixamorig_LeftHandIndex3">
      <source id="mixamorig_LeftHandIndex3-Matrix-animation-input">
        <float_array id="mixamorig_LeftHandIndex3-Matrix-animation-input-array" count="25">

0.000000 0.033333 0.066667 0.100000 0.133333 0.166667 0.200000 0.233333 0.266667 0.300000 0.333333 0.366667 0.400000 0.433333 0.466667 0.500000
0.533333 0.566667 0.600000 0.633333 0.666667 0.700000 0.733333 0.766667 0.800000</float_array>
        <technique_common>
          <accessor source="#mixamorig_LeftHandIndex3-Matrix-animation-input-array" count="25">
            <param name="TIME" type="float"/>
          </accessor>
        </technique_common>
      </source>
      <source id="mixamorig_LeftHandIndex3-Matrix-animation-output-transform">
        <float_array id="mixamorig_LeftHandIndex3-Matrix-animation-output-transform-array" count="400">

0.999777 -0.021003 -0.002198 0.000000 0.021003 0.978117 0.206995 2.893900 -0.002198 -0.206995 0.978340 -0.000000 0.000000 0.000000 0.000000 1.000000
0.999781 -0.020803 -0.002156 0.000000 0.020803 0.978537 0.205020 2.893900 -0.002156 -0.205020 0.978755 0.000000 0.000000 0.000000 0.000000 1.000000
0.999768 -0.021400 -0.002283 0.000000 0.021400 0.977272 0.210906 2.893900 -0.002283 -0.210906 0.977504 0.000000 0.000000 0.000000 0.000000 1.000000
0.999755 -0.022010 -0.002416 0.000000 0.022010 0.975943 0.216914 2.893900 -0.002416 -0.216914 0.976188 -0.000000 0.000000 0.000000 0.000000 1.000000
0.999785 -0.020625 -0.002119 0.000000 0.020625 0.978906 0.203268 2.893900 -0.002118 -0.203268 0.979121 0.000000 0.000000 0.000000 0.000000 1.000000
0.999876 -0.015720 -0.001225 0.000000 0.015720 0.987801 0.154925 2.893900 -0.001225 -0.154925 0.987926 -0.000000 0.000000 0.000000 0.000000 1.000000
0.999971 -0.007651 -0.000289 0.000000 0.007651 0.997124 0.075401 2.893900 -0.000289 -0.075401 0.997153 0.000000 0.000000 0.000000 0.000000 1.000000
1.000000 0.000467 -0.000001 0.000000 -0.000467 0.999989 -0.004598 2.893900 -0.000001 0.004598 0.999989 0.000000 0.000000 0.000000 0.000000 1.000000
0.999985 0.005446 -0.000146 0.000000 -0.005446 0.998544 -0.053672 2.893900 -0.000146 0.053672 0.998559 0.000000 0.000000 0.000000 0.000000 1.000000
0.999977 0.006851 -0.000231 0.000000 -0.006851 0.997694 -0.067521 2.893900 -0.000232 0.067521 0.997718 0.000000 0.000000 0.000000 0.000000 1.000000
0.999981 0.006228 -0.000191 -0.000000 -0.006228 0.998095 -0.061381 2.893900 -0.000191 0.061381 0.998114 0.000000 0.000000 0.000000 0.000000 1.000000
0.999984 0.005640 -0.000157 -0.000000 -0.005640 0.998438 -0.055585 2.893900 -0.000157 0.055585 0.998454 0.000000 0.000000 0.000000 0.000000 1.000000
0.999984 0.005596 -0.000154 -0.000000 -0.005596 0.998462 -0.055151 2.893900 -0.000154 0.055151 0.998478 0.000000 0.000000 0.000000 0.000000 1.000000
0.999983 0.005806 -0.000166 0.000000 -0.005806 0.998345 -0.057222 2.893900 -0.000166 0.057222 0.998361 -0.000000 0.000000 0.000000 0.000000 1.000000
0.999983 0.005850 -0.000169 0.000000 -0.005850 0.998320 -0.057653 2.893900 -0.000169 0.057653 0.998337 0.000000 0.000000 0.000000 0.000000 1.000000
0.999984 0.005735 -0.000162 0.000000 -0.005735 0.998385 -0.056517 2.893900 -0.000162 0.056517 0.998402 -0.000000 0.000000 0.000000 0.000000 1.000000
0.999983 0.005789 -0.000165 -0.000000 -0.005789 0.998354 -0.057051 2.893900 -0.000165 0.057051 0.998371 0.000000 0.000000 0.000000 0.000000 1.000000
0.999981 0.006123 -0.000185 0.000000 -0.006123 0.998159 -0.060350 2.893900 -0.000185 0.060350 0.998177 0.000000 0.000000 0.000000 0.000000 1.000000
0.999980 0.006266 -0.000194 0.000000 -0.006266 0.998072 -0.061756 2.893900 -0.000194 0.061756 0.998091 0.000000 0.000000 0.000000 0.000000 1.000000
0.999989 0.004791 -0.000113 0.000000 -0.004791 0.998873 -0.047219 2.893900 -0.000113 0.047219 0.998885 -0.000000 0.000000 0.000000 0.000000 1.000000
1.000000 0.000822 -0.000003 0.000000 -0.000822 0.999967 -0.008098 2.893900 -0.000003 0.008098 0.999967 -0.000000 0.000000 0.000000 0.000000 1.000000
0.999985 -0.005431 -0.000145 -0.000000 0.005431 0.998552 0.053521 2.893900 -0.000145 -0.053521 0.998567 0.000000 0.000000 0.000000 0.000000 1.000000
0.999923 -0.012369 -0.000757 0.000000 0.012369 0.992465 0.121899 2.893900 -0.000757 -0.121899 0.992542 0.000000 0.000000 0.000000 0.000000 1.000000
0.999836 -0.018019 -0.001613 -0.000000 0.018019 0.983942 0.177579 2.893900 -0.001613 -0.177579 0.984105 0.000000 0.000000 0.000000 0.000000 1.000000
0.999777 -0.021003 -0.002198 0.000000 0.021003 0.978116 0.206995 2.893900 -0.002198 -0.206995 0.978340 0.000000 0.000000 0.000000 0.000000 1.000000</float_array>
        <technique_common>
          <accessor source="#mixamorig_LeftHandIndex3-Matrix-animation-output-transform-array" count="25" stride="16">
            <param type="float4x4"/>
          </accessor>
        </technique_common>
      </source>
      <source id="mixamorig_LeftHandIndex3-Interpolations">
        <Name_array id="mixamorig_LeftHandIndex3-Interpolations-array" count="25">
 LINEAR LINEAR LINEAR LINEAR LINEAR LINEAR LINEAR LINEAR LINEAR LINEAR LINEAR
LINEAR LINEAR LINEAR LINEAR LINEAR LINEAR LINEAR LINEAR LINEAR LINEAR LINEAR LINEAR
LINEAR LINEAR</Name_array>
        <technique_common>
          <accessor source="#mixamorig_LeftHandIndex3-Interpolations-array" count="25">
            <param type="name"/>
          </accessor>
        </technique_common>
      </source>
      <sampler id="mixamorig_LeftHandIndex3-Matrix-animation-transform">
        <input semantic="INPUT" source="#mixamorig_LeftHandIndex3-Matrix-animation-input"/>
        <input semantic="OUTPUT" source="#mixamorig_LeftHandIndex3-Matrix-animation-output-transform"/>
        <input semantic="INTERPOLATION" source="#mixamorig_LeftHandIndex3-Interpolations"/>
      </sampler>
      <channel source="#mixamorig_LeftHandIndex3-Matrix-animation-transform" target="mixamorig_LeftHandIndex3/matrix"/>
    </animation>
    <animation id="mixamorig_LeftHandMiddle1-anim" name="mixamorig_LeftHandMiddle1">
      <source id="mixamorig_LeftHandMiddle1-Matrix-animation-input">
        <float_array id="mixamorig_LeftHandMiddle1-Matrix-animation-input-array" count="25">

0.000000 0.033333 0.066667 0.100000 0.133333 0.166667 0.200000 0.233333 0.266667 0.300000 0.333333 0.366667 0.400000 0.433333 0.466667 0.500000
0.533333 0.566667 0.600000 0.633333 0.666667 0.700000 0.733333 0.766667 0.800000</float_array>
        <technique_common>
          <accessor source="#mixamorig_LeftHandMiddle1-Matrix-animation-input-array" count="25">
            <param name="TIME" type="float"/>
          </accessor>
        </technique_common>
      </source>
      <source id="mixamorig_LeftHandMiddle1-Matrix-animation-output-transform">
        <float_array id="mixamorig_LeftHandMiddle1-Matrix-animation-output-transform-array" count="400">

0.999456 -0.024022 -0.022606 -0.139500 0.011951 0.902458 -0.430612 17.924500 0.030745 0.430107 0.902254 0.050800 0.000000 0.000000 0.000000 1.000000
0.999454 -0.023918 -0.022781 -0.139500 0.011709 0.901438 -0.432750 17.924500 0.030887 0.432247 0.901226 0.050800 0.000000 0.000000 0.000000 1.000000
0.999462 -0.024083 -0.022260 -0.139500 0.012298 0.904468 -0.426364 17.924500 0.030402 0.425861 0.904278 0.050800 0.000000 0.000000 0.000000 1.000000
0.999467 -0.024364 -0.021730 -0.139500 0.012995 0.907516 -0.419817 17.924500 0.029949 0.419311 0.907348 0.050800 0.000000 0.000000 0.000000 1.000000
0.999445 -0.024145 -0.022937 -0.139500 0.011780 0.900522 -0.434650 17.924500 0.031150 0.434139 0.900307 0.050800 0.000000 0.000000 0.000000 1.000000
0.999364 -0.022889 -0.027360 -0.139500 0.006716 0.874002 -0.485876 17.924500 0.035034 0.485383 0.873600 0.050800 0.000000 0.000000 0.000000 1.000000
0.999165 -0.020976 -0.035052 -0.139500 -0.002534 0.824604 -0.565705 17.924500 0.040770 0.565322 0.823862 0.050800 0.000000 0.000000 0.000000 1.000000
0.998872 -0.019387 -0.043354 -0.139500 -0.012891 0.767938 -0.640395 17.924500 0.045709 0.640231 0.766821 0.050800 0.000000 0.000000 0.000000 1.000000
0.998642 -0.018540 -0.048684 -0.139500 -0.019766 0.729806 -0.683369 17.924500 0.048199 0.683403 0.728448 0.050800 0.000000 0.000000 0.000000 1.000000
0.998573 -0.018172 -0.050226 -0.139500 -0.021885 0.718585 -0.695094 17.924500 0.048723 0.695201 0.717162 0.050800 0.000000 0.000000 0.000000 1.000000
0.998607 -0.018146 -0.049542 -0.139500 -0.021079 0.723584 -0.689914 17.924500 0.048367 0.689997 0.722194 0.050800 0.000000 0.000000 0.000000 1.000000
0.998637 -0.018229 -0.048898 -0.139500 -0.020247 0.728267 -0.684994 17.924500 0.048097 0.685051 0.726906 0.050800 0.000000 0.000000 0.000000 1.000000
0.998639 -0.018280 -0.048849 -0.139500 -0.020151 0.728617 -0.684625 17.924500 0.048107 0.684677 0.727257 0.050800 0.000000 0.000000 0.000000 1.000000
0.998628 -0.018279 -0.049078 -0.139500 -0.020427 0.726948 -0.686388 17.924500 0.048224 0.686449 0.725577 0.050800 0.000000 0.000000 0.000000 1.000000
0.998625 -0.018276 -0.049126 -0.139500 -0.020487 0.726601 -0.686755 17.924500 0.048246 0.686817 0.725227 0.050800 0.000000 0.000000 0.000000 1.000000
0.998632 -0.018271 -0.049000 -0.139500 -0.020339 0.727517 -0.685788 17.924500 0.048179 0.685847 0.726150 0.050800 0.000000 0.000000 0.000000 1.000000
0.998630 -0.018223 -0.049060 -0.139500 -0.020445 0.727086 -0.686242 17.924500 0.048176 0.686304 0.725717 0.050800 0.000000 0.000000 0.000000 1.000000
0.998613 -0.018159 -0.049427 -0.139500 -0.020932 0.724421 -0.689040 17.924500 0.048318 0.689119 0.723036 0.050800 0.000000 0.000000 0.000000 1.000000
0.998604 -0.018212 -0.049583 -0.139500 -0.021080 0.723280 -0.690233 17.924500 0.048433 0.690314 0.721887 0.050800 0.000000 0.000000 0.000000 1.000000
0.998675 -0.018619 -0.047971 -0.139500 -0.018858 0.734964 -0.677844 17.924500 0.047878 0.677851 0.733639 0.050800 0.000000 0.000000 0.000000 1.000000
0.998854 -0.019455 -0.043722 -0.139500 -0.013264 0.765301 -0.643536 17.924500 0.045981 0.643379 0.764166 0.050800 0.000000 0.000000 0.000000 1.000000
0.999089 -0.020775 -0.037265 -0.139500 -0.005045 0.809787 -0.586703 17.924500 0.042365 0.586356 0.808945 0.050800 0.000000 0.000000 0.000000 1.000000
0.999286 -0.022296 -0.030489 -0.139500 0.003205 0.854341 -0.519704 17.924500 0.037636 0.519235 0.853802 0.050800 0.000000 0.000000 0.000000 1.000000
0.999403 -0.023559 -0.025257 -0.139500 0.009225 0.886766 -0.462126 17.924500 0.033284 0.461617 0.886455 0.050800 0.000000 0.000000 0.000000 1.000000
0.999456 -0.024022 -0.022606 -0.139500 0.011951 0.902458 -0.430612 17.924500 0.030745 0.430107 0.902254 0.050800 0.000000 0.000000 0.000000 1.000000</float_array>
        <technique_common>
          <accessor source="#mixamorig_LeftHandMiddle1-Matrix-animation-output-transform-array" count="25" stride="16">
            <param type="float4x4"/>
          </accessor>
        </technique_common>
      </source>
      <source id="mixamorig_LeftHandMiddle1-Interpolations">
        <Name_array id="mixamorig_LeftHandMiddle1-Interpolations-array" count="25">
 LINEAR LINEAR LINEAR LINEAR LINEAR LINEAR LINEAR LINEAR LINEAR LINEAR LINEAR
LINEAR LINEAR LINEAR LINEAR LINEAR LINEAR LINEAR LINEAR LINEAR LINEAR LINEAR LINEAR
LINEAR LINEAR</Name_array>
        <technique_common>
          <accessor source="#mixamorig_LeftHandMiddle1-Interpolations-array" count="25">
            <param type="name"/>
          </accessor>
        </technique_common>
      </source>
      <sampler id="mixamorig_LeftHandMiddle1-Matrix-animation-transform">
        <input semantic="INPUT" source="#mixamorig_LeftHandMiddle1-Matrix-animation-input"/>
        <input semantic="OUTPUT" source="#mixamorig_LeftHandMiddle1-Matrix-animation-output-transform"/>
        <input semantic="INTERPOLATION" source="#mixamorig_LeftHandMiddle1-Interpolations"/>
      </sampler>
      <channel source="#mixamorig_LeftHandMiddle1-Matrix-animation-transform" target="mixamorig_LeftHandMiddle1/matrix"/>
    </animation>
    <animation id="mixamorig_LeftHandMiddle2-anim" name="mixamorig_LeftHandMiddle2">
      <source id="mixamorig_LeftHandMiddle2-Matrix-animation-input">
        <float_array id="mixamorig_LeftHandMiddle2-Matrix-animation-input-array" count="25">

0.000000 0.033333 0.066667 0.100000 0.133333 0.166667 0.200000 0.233333 0.266667 0.300000 0.333333 0.366667 0.400000 0.433333 0.466667 0.500000
0.533333 0.566667 0.600000 0.633333 0.666667 0.700000 0.733333 0.766667 0.800000</float_array>
        <technique_common>
          <accessor source="#mixamorig_LeftHandMiddle2-Matrix-animation-input-array" count="25">
            <param name="TIME" type="float"/>
          </accessor>
        </technique_common>
      </source>
      <source id="mixamorig_LeftHandMiddle2-Matrix-animation-output-transform">
        <float_array id="mixamorig_LeftHandMiddle2-Matrix-animation-output-transform-array" count="400">

0.999001 0.043586 -0.009844 0.000000 -0.043586 0.901990 -0.429551 5.001900 -0.009843 0.429551 0.902989 0.000000 0.000000 0.000000 0.000000 1.000000
0.998991 0.043805 -0.009948 0.000000 -0.043805 0.900946 -0.431714 5.001900 -0.009948 0.431714 0.901956 0.000000 0.000000 0.000000 0.000000 1.000000
0.999022 0.043150 -0.009637 0.000000 -0.043150 0.904043 -0.425259 5.001900 -0.009637 0.425259 0.905020 -0.000000 0.000000 0.000000 0.000000 1.000000
0.999054 0.042478 -0.009324 0.000000 -0.042478 0.907160 -0.418637 5.001900 -0.009324 0.418637 0.908106 0.000000 0.000000 0.000000 0.000000 1.000000
0.998981 0.043999 -0.010042 -0.000000 -0.043999 0.900019 -0.433625 5.001900 -0.010041 0.433625 0.901038 0.000000 0.000000 0.000000 0.000000 1.000000
0.998705 0.049254 -0.012766 0.000000 -0.049254 0.872897 -0.485413 5.001900 -0.012765 0.485413 0.874192 -0.000000 0.000000 0.000000 0.000000 1.000000
0.998189 0.057445 -0.017847 0.000000 -0.057445 0.822305 -0.566140 5.001900 -0.017847 0.566140 0.824116 -0.000000 0.000000 0.000000 0.000000 1.000000
0.997597 0.065111 -0.023683 0.000000 -0.065111 0.764200 -0.641685 5.001900 -0.023682 0.641685 0.766603 -0.000000 0.000000 0.000000 0.000000 1.000000
0.997198 0.069521 -0.027612 0.000000 -0.069521 0.725075 -0.685152 5.001900 -0.027612 0.685152 0.727876 0.000000 0.000000 0.000000 0.000000 1.000000
0.997081 0.070725 -0.028769 0.000000 -0.070725 0.713558 -0.697017 5.001900 -0.028768 0.697017 0.716477 0.000000 0.000000 0.000000 0.000000 1.000000
0.997133 0.070194 -0.028253 0.000000 -0.070194 0.718688 -0.691781 5.001900 -0.028253 0.691781 0.721554 0.000000 0.000000 0.000000 0.000000 1.000000
0.997182 0.069689 -0.027771 0.000000 -0.069689 0.723493 -0.686805 5.001900 -0.027771 0.686805 0.726311 0.000000 0.000000 0.000000 0.000000 1.000000
0.997186 0.069651 -0.027735 0.000000 -0.069651 0.723852 -0.686430 5.001900 -0.027734 0.686430 0.726667 0.000000 0.000000 0.000000 0.000000 1.000000
0.997168 0.069832 -0.027907 0.000000 -0.069832 0.722141 -0.688212 5.001900 -0.027906 0.688212 0.724972 0.000000 0.000000 0.000000 0.000000 1.000000
0.997165 0.069869 -0.027942 0.000000 -0.069869 0.721783 -0.688583 5.001900 -0.027943 0.688583 0.724619 -0.000000 0.000000 0.000000 0.000000 1.000000
0.997174 0.069770 -0.027848 0.000000 -0.069770 0.722723 -0.687607 5.001900 -0.027848 0.687607 0.725549 0.000000 0.000000 0.000000 0.000000 1.000000
0.997170 0.069817 -0.027892 0.000000 -0.069817 0.722281 -0.688066 5.001900 -0.027892 0.688066 0.725112 0.000000 0.000000 0.000000 0.000000 1.000000
0.997142 0.070104 -0.028167 -0.000000 -0.070104 0.719545 -0.690898 5.001900 -0.028167 0.690898 0.722403 0.000000 0.000000 0.000000 0.000000 1.000000
0.997130 0.070226 -0.028285 0.000000 -0.070226 0.718376 -0.692101 5.001900 -0.028285 0.692101 0.721246 0.000000 0.000000 0.000000 0.000000 1.000000
0.997252 0.068954 -0.027080 0.000000 -0.068954 0.730368 -0.679565 5.001900 -0.027080 0.679565 0.733116 0.000000 0.000000 0.000000 0.000000 1.000000
0.997569 0.065432 -0.023954 -0.000000 -0.065432 0.761497 -0.644857 5.001900 -0.023954 0.644857 0.763928 0.000000 0.000000 0.000000 0.000000 1.000000
0.998034 0.059599 -0.019372 0.000000 -0.059599 0.807123 -0.587367 5.001900 -0.019371 0.587367 0.809089 0.000000 0.000000 0.000000 0.000000 1.000000
0.998500 0.052724 -0.014786 0.000000 -0.052724 0.852775 -0.519611 5.001900 -0.014787 0.519611 0.854275 0.000000 0.000000 0.000000 0.000000 1.000000
0.998838 0.046817 -0.011454 0.000000 -0.046817 0.885957 -0.461398 5.001900 -0.011454 0.461398 0.887120 0.000000 0.000000 0.000000 0.000000 1.000000
0.999001 0.043586 -0.009844 0.000000 -0.043586 0.901990 -0.429551 5.001900 -0.009843 0.429551 0.902989 0.000000 0.000000 0.000000 0.000000 1.000000</float_array>
        <technique_common>
          <accessor source="#mixamorig_LeftHandMiddle2-Matrix-animation-output-transform-array" count="25" stride="16">
            <param type="float4x4"/>
          </accessor>
        </technique_common>
      </source>
      <source id="mixamorig_LeftHandMiddle2-Interpolations">
        <Name_array id="mixamorig_LeftHandMiddle2-Interpolations-array" count="25">
 LINEAR LINEAR LINEAR LINEAR LINEAR LINEAR LINEAR LINEAR LINEAR LINEAR LINEAR
LINEAR LINEAR LINEAR LINEAR LINEAR LINEAR LINEAR LINEAR LINEAR LINEAR LINEAR LINEAR
LINEAR LINEAR</Name_array>
        <technique_common>
          <accessor source="#mixamorig_LeftHandMiddle2-Interpolations-array" count="25">
            <param type="name"/>
          </accessor>
        </technique_common>
      </source>
      <sampler id="mixamorig_LeftHandMiddle2-Matrix-animation-transform">
        <input semantic="INPUT" source="#mixamorig_LeftHandMiddle2-Matrix-animation-input"/>
        <input semantic="OUTPUT" source="#mixamorig_LeftHandMiddle2-Matrix-animation-output-transform"/>
        <input semantic="INTERPOLATION" source="#mixamorig_LeftHandMiddle2-Interpolations"/>
      </sampler>
      <channel source="#mixamorig_LeftHandMiddle2-Matrix-animation-transform" target="mixamorig_LeftHandMiddle2/matrix"/>
    </animation>
    <animation id="mixamorig_LeftHandMiddle3-anim" name="mixamorig_LeftHandMiddle3">
      <source id="mixamorig_LeftHandMiddle3-Matrix-animation-input">
        <float_array id="mixamorig_LeftHandMiddle3-Matrix-animation-input-array" count="25">

0.000000 0.033333 0.066667 0.100000 0.133333 0.166667 0.200000 0.233333 0.266667 0.300000 0.333333 0.366667 0.400000 0.433333 0.466667 0.500000
0.533333 0.566667 0.600000 0.633333 0.666667 0.700000 0.733333 0.766667 0.800000</float_array>
        <technique_common>
          <accessor source="#mixamorig_LeftHandMiddle3-Matrix-animation-input-array" count="25">
            <param name="TIME" type="float"/>
          </accessor>
        </technique_common>
      </source>
      <source id="mixamorig_LeftHandMiddle3-Matrix-animation-output-transform">
        <float_array id="mixamorig_LeftHandMiddle3-Matrix-animation-output-transform-array" count="400">

0.999653 -0.026128 -0.003422 0.000000 0.026128 0.965926 0.257497 3.278600 -0.003422 -0.257497 0.966273 0.000000 0.000000 0.000000 0.000000 1.000000
0.999658 -0.025944 -0.003374 0.000000 0.025944 0.966411 0.255690 3.278600 -0.003373 -0.255690 0.966753 -0.000000 0.000000 0.000000 0.000000 1.000000
0.999643 -0.026491 -0.003520 0.000000 0.026491 0.964955 0.261076 3.278600 -0.003520 -0.261076 0.965312 -0.000000 0.000000 0.000000 0.000000 1.000000
0.999627 -0.027049 -0.003672 0.000000 0.027049 0.963435 0.266572 3.278600 -0.003672 -0.266572 0.963808 0.000000 0.000000 0.000000 0.000000 1.000000
0.999662 -0.025782 -0.003331 0.000000 0.025782 0.966838 0.254086 3.278600 -0.003331 -0.254086 0.967176 0.000000 0.000000 0.000000 0.000000 1.000000
0.999771 -0.021288 -0.002258 0.000000 0.021288 0.977512 0.209801 3.278600 -0.002259 -0.209801 0.977742 0.000000 0.000000 0.000000 0.000000 1.000000
0.999903 -0.013875 -0.000953 0.000000 0.013875 0.990509 0.136746 3.278600 -0.000953 -0.136746 0.990606 -0.000000 0.000000 0.000000 0.000000 1.000000
0.999980 -0.006387 -0.000201 0.000000 0.006387 0.997997 0.062943 3.278600 -0.000201 -0.062943 0.998017 0.000000 0.000000 0.000000 0.000000 1.000000
0.999998 -0.001774 -0.000016 0.000000 0.001774 0.999846 0.017488 3.278600 -0.000015 -0.017488 0.999847 -0.000000 0.000000 0.000000 0.000000 1.000000
1.000000 -0.000470 -0.000001 0.000000 0.000470 0.999989 0.004632 3.278600 -0.000001 -0.004632 0.999989 -0.000000 0.000000 0.000000 0.000000 1.000000
0.999999 -0.001048 -0.000005 0.000000 0.001048 0.999946 0.010333 3.278600 -0.000005 -0.010333 0.999947 0.000000 0.000000 0.000000 0.000000 1.000000
0.999999 -0.001594 -0.000012 0.000000 0.001594 0.999875 0.015713 3.278600 -0.000013 -0.015713 0.999877 0.000000 0.000000 0.000000 0.000000 1.000000
0.999999 -0.001635 -0.000013 0.000000 0.001635 0.999869 0.016115 3.278600 -0.000013 -0.016115 0.999870 0.000000 0.000000 0.000000 0.000000 1.000000
0.999999 -0.001440 -0.000010 0.000000 0.001440 0.999898 0.014193 3.278600 -0.000010 -0.014193 0.999899 0.000000 0.000000 0.000000 0.000000 1.000000
0.999999 -0.001400 -0.000010 0.000000 0.001400 0.999904 0.013793 3.278600 -0.000009 -0.013793 0.999905 0.000000 0.000000 0.000000 0.000000 1.000000
0.999999 -0.001506 -0.000011 0.000000 0.001506 0.999889 0.014847 3.278600 -0.000011 -0.014847 0.999890 -0.000000 0.000000 0.000000 0.000000 1.000000
0.999999 -0.001456 -0.000011 0.000000 0.001456 0.999896 0.014352 3.278600 -0.000010 -0.014352 0.999897 0.000000 0.000000 0.000000 0.000000 1.000000
0.999999 -0.001146 -0.000006 0.000000 0.001146 0.999936 0.011291 3.278600 -0.000006 -0.011291 0.999936 0.000000 0.000000 0.000000 0.000000 1.000000
0.999999 -0.001013 -0.000005 0.000000 0.001013 0.999950 0.009985 3.278600 -0.000005 -0.009985 0.999950 0.000000 0.000000 0.000000 0.000000 1.000000
0.999997 -0.002382 -0.000028 0.000000 0.002382 0.999722 0.023473 3.278600 -0.000028 -0.023473 0.999724 -0.000000 0.000000 0.000000 0.000000 1.000000
0.999982 -0.006058 -0.000181 0.000000 0.006058 0.998198 0.059706 3.278600 -0.000181 -0.059706 0.998216 0.000000 0.000000 0.000000 0.000000 1.000000
0.999930 -0.011831 -0.000692 -0.000000 0.011831 0.993109 0.116595 3.278600 -0.000692 -0.116595 0.993179 0.000000 0.000000 0.000000 0.000000 1.000000
0.999833 -0.018213 -0.001648 0.000000 0.018213 0.983590 0.179495 3.278600 -0.001648 -0.179495 0.983757 0.000000 0.000000 0.000000 0.000000 1.000000
0.999723 -0.023395 -0.002734 0.000000 0.023395 0.972776 0.230564 3.278600 -0.002734 -0.230564 0.973053 0.000000 0.000000 0.000000 0.000000 1.000000
0.999653 -0.026128 -0.003422 -0.000000 0.026128 0.965926 0.257497 3.278600 -0.003422 -0.257497 0.966273 -0.000000 0.000000 0.000000 0.000000 1.000000</float_array>
        <technique_common>
          <accessor source="#mixamorig_LeftHandMiddle3-Matrix-animation-output-transform-array" count="25" stride="16">
            <param type="float4x4"/>
          </accessor>
        </technique_common>
      </source>
      <source id="mixamorig_LeftHandMiddle3-Interpolations">
        <Name_array id="mixamorig_LeftHandMiddle3-Interpolations-array" count="25">
 LINEAR LINEAR LINEAR LINEAR LINEAR LINEAR LINEAR LINEAR LINEAR LINEAR LINEAR
LINEAR LINEAR LINEAR LINEAR LINEAR LINEAR LINEAR LINEAR LINEAR LINEAR LINEAR LINEAR
LINEAR LINEAR</Name_array>
        <technique_common>
          <accessor source="#mixamorig_LeftHandMiddle3-Interpolations-array" count="25">
            <param type="name"/>
          </accessor>
        </technique_common>
      </source>
      <sampler id="mixamorig_LeftHandMiddle3-Matrix-animation-transform">
        <input semantic="INPUT" source="#mixamorig_LeftHandMiddle3-Matrix-animation-input"/>
        <input semantic="OUTPUT" source="#mixamorig_LeftHandMiddle3-Matrix-animation-output-transform"/>
        <input semantic="INTERPOLATION" source="#mixamorig_LeftHandMiddle3-Interpolations"/>
      </sampler>
      <channel source="#mixamorig_LeftHandMiddle3-Matrix-animation-transform" target="mixamorig_LeftHandMiddle3/matrix"/>
    </animation>
    <animation id="mixamorig_LeftHandRing1-anim" name="mixamorig_LeftHandRing1">
      <source id="mixamorig_LeftHandRing1-Matrix-animation-input">
        <float_array id="mixamorig_LeftHandRing1-Matrix-animation-input-array" count="25">

0.000000 0.033333 0.066667 0.100000 0.133333 0.166667 0.200000 0.233333 0.266667 0.300000 0.333333 0.366667 0.400000 0.433333 0.466667 0.500000
0.533333 0.566667 0.600000 0.633333 0.666667 0.700000 0.733333 0.766667 0.800000</float_array>
        <technique_common>
          <accessor source="#mixamorig_LeftHandRing1-Matrix-animation-input-array" count="25">
            <param name="TIME" type="float"/>
          </accessor>
        </technique_common>
      </source>
      <source id="mixamorig_LeftHandRing1-Matrix-animation-output-transform">
        <float_array id="mixamorig_LeftHandRing1-Matrix-animation-output-transform-array" count="400">

0.999231 0.033688 -0.020065 3.988400 -0.038868 0.918469 -0.393578 15.764500 0.005170 0.394055 0.919072 0.151700 0.000000 0.000000 0.000000 1.000000
0.999219 0.033904 -0.020278 3.988400 -0.039167 0.917278 -0.396318 15.764500 0.005163 0.396803 0.917889 0.151700 0.000000 0.000000 0.000000 1.000000
0.999251 0.033343 -0.019647 3.988400 -0.038357 0.920806 -0.388131 15.764500 0.005149 0.388593 0.921395 0.151700 0.000000 0.000000 0.000000 1.000000
0.999284 0.032699 -0.019009 3.988400 -0.037470 0.924336 -0.379735 15.764500 0.005153 0.380176 0.924900 0.151700 0.000000 0.000000 0.000000 1.000000
0.999215 0.033905 -0.020468 3.988400 -0.039257 0.916215 -0.398760 15.764500 0.005233 0.399250 0.916827 0.151700 0.000000 0.000000 0.000000 1.000000
0.998932 0.038291 -0.025878 3.988400 -0.045931 0.884505 -0.464264 15.764500 0.005112 0.464956 0.885319 0.151700 0.000000 0.000000 0.000000 1.000000
0.998364 0.044807 -0.035514 3.988400 -0.057042 0.822809 -0.565448 15.764500 0.003886 0.566549 0.824019 0.151700 0.000000 0.000000 0.000000 1.000000
0.997667 0.050374 -0.046083 3.988400 -0.068260 0.749473 -0.658506 15.764500 0.001366 0.660116 0.751163 0.151700 0.000000 0.000000 0.000000 1.000000
0.997173 0.053309 -0.052946 3.988400 -0.075129 0.699183 -0.710984 15.764500 -0.000883 0.712952 0.701212 0.151700 0.000000 0.000000 0.000000 1.000000
0.997020 0.054158 -0.054934 3.988400 -0.077123 0.684283 -0.725126 15.764500 -0.001681 0.727202 0.686421 0.151700 0.000000 0.000000 0.000000 1.000000
0.997083 0.053899 -0.054050 3.988400 -0.076318 0.690925 -0.718887 15.764500 -0.001403 0.720914 0.693023 0.151700 0.000000 0.000000 0.000000 1.000000
0.997144 0.053585 -0.053219 3.988400 -0.075514 0.697141 -0.712947 15.764500 -0.001102 0.714929 0.699196 0.151700 0.000000 0.000000 0.000000 1.000000
0.997150 0.053534 -0.053157 3.988400 -0.075435 0.697605 -0.712501 15.764500 -0.001061 0.714480 0.699655 0.151700 0.000000 0.000000 0.000000 1.000000
0.997129 0.053630 -0.053453 3.988400 -0.075710 0.695392 -0.714631 15.764500 -0.001155 0.716627 0.697456 0.151700 0.000000 0.000000 0.000000 1.000000
0.997125 0.053651 -0.053515 3.988400 -0.075769 0.694930 -0.715075 15.764500 -0.001176 0.717073 0.696997 0.151700 0.000000 0.000000 0.000000 1.000000
0.997136 0.053602 -0.053352 3.988400 -0.075620 0.696145 -0.713907 15.764500 -0.001126 0.715897 0.698205 0.151700 0.000000 0.000000 0.000000 1.000000
0.997129 0.053656 -0.053428 3.988400 -0.075711 0.695574 -0.714454 15.764500 -0.001171 0.716448 0.697639 0.151700 0.000000 0.000000 0.000000 1.000000
0.997094 0.053844 -0.053901 3.988400 -0.076176 0.692035 -0.717833 15.764500 -0.001350 0.719853 0.694126 0.151700 0.000000 0.000000 0.000000 1.000000
0.997081 0.053875 -0.054104 3.988400 -0.076340 0.690522 -0.719271 15.764500 -0.001391 0.721302 0.692619 0.151700 0.000000 0.000000 0.000000 1.000000
0.997240 0.052960 -0.052027 3.988400 -0.074238 0.706019 -0.704291 15.764500 -0.000567 0.706210 0.708002 0.151700 0.000000 0.000000 0.000000 1.000000
0.997637 0.050517 -0.046561 3.988400 -0.068690 0.746018 -0.662373 15.764500 0.001275 0.664007 0.747726 0.151700 0.000000 0.000000 0.000000 1.000000
0.998194 0.046268 -0.038322 3.988400 -0.059980 0.803846 -0.591805 15.764500 0.003423 0.593035 0.805169 0.151700 0.000000 0.000000 0.000000 1.000000
0.998717 0.040969 -0.029772 3.988400 -0.050413 0.860289 -0.507308 15.764500 0.004829 0.508158 0.861250 0.151700 0.000000 0.000000 0.000000 1.000000
0.999072 0.036222 -0.023296 3.988400 -0.042745 0.899929 -0.433937 15.764500 0.005247 0.434530 0.900642 0.151700 0.000000 0.000000 0.000000 1.000000
0.999231 0.033688 -0.020065 3.988400 -0.038869 0.918469 -0.393578 15.764500 0.005170 0.394055 0.919072 0.151700 0.000000 0.000000 0.000000 1.000000</float_array>
        <technique_common>
          <accessor source="#mixamorig_LeftHandRing1-Matrix-animation-output-transform-array" count="25" stride="16">
            <param type="float4x4"/>
          </accessor>
        </technique_common>
      </source>
      <source id="mixamorig_LeftHandRing1-Interpolations">
        <Name_array id="mixamorig_LeftHandRing1-Interpolations-array" count="25">
 LINEAR LINEAR LINEAR LINEAR LINEAR LINEAR LINEAR LINEAR LINEAR LINEAR LINEAR
LINEAR LINEAR LINEAR LINEAR LINEAR LINEAR LINEAR LINEAR LINEAR LINEAR LINEAR LINEAR
LINEAR LINEAR</Name_array>
        <technique_common>
          <accessor source="#mixamorig_LeftHandRing1-Interpolations-array" count="25">
            <param type="name"/>
          </accessor>
        </technique_common>
      </source>
      <sampler id="mixamorig_LeftHandRing1-Matrix-animation-transform">
        <input semantic="INPUT" source="#mixamorig_LeftHandRing1-Matrix-animation-input"/>
        <input semantic="OUTPUT" source="#mixamorig_LeftHandRing1-Matrix-animation-output-transform"/>
        <input semantic="INTERPOLATION" source="#mixamorig_LeftHandRing1-Interpolations"/>
      </sampler>
      <channel source="#mixamorig_LeftHandRing1-Matrix-animation-transform" target="mixamorig_LeftHandRing1/matrix"/>
    </animation>
    <animation id="mixamorig_LeftHandRing2-anim" name="mixamorig_LeftHandRing2">
      <source id="mixamorig_LeftHandRing2-Matrix-animation-input">
        <float_array id="mixamorig_LeftHandRing2-Matrix-animation-input-array" count="25">

0.000000 0.033333 0.066667 0.100000 0.133333 0.166667 0.200000 0.233333 0.266667 0.300000 0.333333 0.366667 0.400000 0.433333 0.466667 0.500000
0.533333 0.566667 0.600000 0.633333 0.666667 0.700000 0.733333 0.766667 0.800000</float_array>
        <technique_common>
          <accessor source="#mixamorig_LeftHandRing2-Matrix-animation-input-array" count="25">
            <param name="TIME" type="float"/>
          </accessor>
        </technique_common>
      </source>
      <source id="mixamorig_LeftHandRing2-Matrix-animation-output-transform">
        <float_array id="mixamorig_LeftHandRing2-Matrix-animation-output-transform-array" count="400">

0.997515 0.066066 -0.024495 0.000000 -0.066066 0.756112 -0.651099 3.497800 -0.024495 0.651099 0.758597 -0.000000 0.000000 0.000000 0.000000 1.000000
0.997494 0.066295 -0.024693 0.000000 -0.066295 0.754139 -0.653361 3.497800 -0.024693 0.653361 0.756644 -0.000000 0.000000 0.000000 0.000000 1.000000
0.997554 0.065610 -0.024104 0.000000 -0.065610 0.760002 -0.646601 3.497800 -0.024104 0.646601 0.762448 0.000000 0.000000 0.000000 0.000000 1.000000
0.997615 0.064903 -0.023509 0.000000 -0.064903 0.765931 -0.639638 3.497800 -0.023508 0.639638 0.768317 0.000000 0.000000 0.000000 0.000000 1.000000
0.997477 0.066498 -0.024869 0.000000 -0.066498 0.752383 -0.655360 3.497800 -0.024869 0.655360 0.754907 0.000000 0.000000 0.000000 0.000000 1.000000
0.996964 0.071881 -0.029916 0.000000 -0.071881 0.702132 -0.708409 3.497800 -0.029916 0.708409 0.705168 0.000000 0.000000 0.000000 0.000000 1.000000
0.996049 0.079813 -0.038937 0.000000 -0.079813 0.612310 -0.786579 3.497800 -0.038937 0.786579 0.616261 0.000000 0.000000 0.000000 0.000000 1.000000
0.995045 0.086607 -0.048833 0.000000 -0.086607 0.513782 -0.853538 3.497800 -0.048833 0.853538 0.518737 0.000000 0.000000 0.000000 0.000000 1.000000
0.994391 0.090169 -0.055274 0.000000 -0.090169 0.449651 -0.888641 3.497800 -0.055274 0.888641 0.455260 0.000000 0.000000 0.000000 0.000000 1.000000
0.994202 0.091089 -0.057140 0.000000 -0.091089 0.431077 -0.897706 3.497800 -0.057139 0.897706 0.436874 0.000000 0.000000 0.000000 0.000000 1.000000
0.994286 0.090686 -0.056310 0.000000 -0.090686 0.439336 -0.893734 3.497800 -0.056310 0.893734 0.445050 0.000000 0.000000 0.000000 0.000000 1.000000
0.994365 0.090298 -0.055531 0.000000 -0.090298 0.447097 -0.889916 3.497800 -0.055530 0.889916 0.452731 -0.000000 0.000000 0.000000 0.000000 1.000000
0.994371 0.090269 -0.055472 0.000000 -0.090269 0.447677 -0.889627 3.497800 -0.055472 0.889627 0.453306 0.000000 0.000000 0.000000 0.000000 1.000000
0.994343 0.090408 -0.055750 -0.000000 -0.090408 0.444909 -0.891001 3.497800 -0.055750 0.891001 0.450566 0.000000 0.000000 0.000000 0.000000 1.000000
0.994337 0.090437 -0.055808 -0.000000 -0.090437 0.444332 -0.891286 3.497800 -0.055808 0.891286 0.449995 -0.000000 0.000000 0.000000 0.000000 1.000000
0.994353 0.090361 -0.055656 0.000000 -0.090361 0.445851 -0.890535 3.497800 -0.055656 0.890535 0.451498 0.000000 0.000000 0.000000 0.000000 1.000000
0.994345 0.090397 -0.055727 0.000000 -0.090397 0.445137 -0.890888 3.497800 -0.055727 0.890888 0.450792 0.000000 0.000000 0.000000 0.000000 1.000000
0.994300 0.090617 -0.056171 -0.000000 -0.090617 0.440720 -0.893059 3.497800 -0.056171 0.893059 0.446419 0.000000 0.000000 0.000000 0.000000 1.000000
0.994281 0.090710 -0.056360 0.000000 -0.090711 0.438833 -0.893978 3.497800 -0.056360 0.893978 0.444552 -0.000000 0.000000 0.000000 0.000000 1.000000
0.994479 0.089727 -0.054412 0.000000 -0.089728 0.458235 -0.884290 3.497800 -0.054411 0.884290 0.463756 0.000000 0.000000 0.000000 0.000000 1.000000
0.994999 0.086877 -0.049283 0.000000 -0.086877 0.509298 -0.856194 3.497800 -0.049283 0.856194 0.514299 -0.000000 0.000000 0.000000 0.000000 1.000000
0.995782 0.081791 -0.041566 0.000000 -0.081791 0.586141 -0.806070 3.497800 -0.041566 0.806070 0.590358 0.000000 0.000000 0.000000 0.000000 1.000000
0.996595 0.075316 -0.033558 0.000000 -0.075316 0.665871 -0.742256 3.497800 -0.033558 0.742256 0.669276 0.000000 0.000000 0.000000 0.000000 1.000000
0.997209 0.069411 -0.027508 0.000000 -0.069411 0.726111 -0.684065 3.497800 -0.027508 0.684065 0.728902 0.000000 0.000000 0.000000 0.000000 1.000000
0.997515 0.066066 -0.024495 0.000000 -0.066066 0.756112 -0.651099 3.497800 -0.024495 0.651099 0.758597 0.000000 0.000000 0.000000 0.000000 1.000000</float_array>
        <technique_common>
          <accessor source="#mixamorig_LeftHandRing2-Matrix-animation-output-transform-array" count="25" stride="16">
            <param type="float4x4"/>
          </accessor>
        </technique_common>
      </source>
      <source id="mixamorig_LeftHandRing2-Interpolations">
        <Name_array id="mixamorig_LeftHandRing2-Interpolations-array" count="25">
 LINEAR LINEAR LINEAR LINEAR LINEAR LINEAR LINEAR LINEAR LINEAR LINEAR LINEAR
LINEAR LINEAR LINEAR LINEAR LINEAR LINEAR LINEAR LINEAR LINEAR LINEAR LINEAR LINEAR
LINEAR LINEAR</Name_array>
        <technique_common>
          <accessor source="#mixamorig_LeftHandRing2-Interpolations-array" count="25">
            <param type="name"/>
          </accessor>
        </technique_common>
      </source>
      <sampler id="mixamorig_LeftHandRing2-Matrix-animation-transform">
        <input semantic="INPUT" source="#mixamorig_LeftHandRing2-Matrix-animation-input"/>
        <input semantic="OUTPUT" source="#mixamorig_LeftHandRing2-Matrix-animation-output-transform"/>
        <input semantic="INTERPOLATION" source="#mixamorig_LeftHandRing2-Interpolations"/>
      </sampler>
      <channel source="#mixamorig_LeftHandRing2-Matrix-animation-transform" target="mixamorig_LeftHandRing2/matrix"/>
    </animation>
    <animation id="mixamorig_LeftHandRing3-anim" name="mixamorig_LeftHandRing3">
      <source id="mixamorig_LeftHandRing3-Matrix-animation-input">
        <float_array id="mixamorig_LeftHandRing3-Matrix-animation-input-array" count="25">

0.000000 0.033333 0.066667 0.100000 0.133333 0.166667 0.200000 0.233333 0.266667 0.300000 0.333333 0.366667 0.400000 0.433333 0.466667 0.500000
0.533333 0.566667 0.600000 0.633333 0.666667 0.700000 0.733333 0.766667 0.800000</float_array>
        <technique_common>
          <accessor source="#mixamorig_LeftHandRing3-Matrix-animation-input-array" count="25">
            <param name="TIME" type="float"/>
          </accessor>
        </technique_common>
      </source>
      <source id="mixamorig_LeftHandRing3-Matrix-animation-output-transform">
        <float_array id="mixamorig_LeftHandRing3-Matrix-animation-output-transform-array" count="400">

0.999781 -0.020811 -0.002157 0.000000 0.020811 0.978521 0.205096 2.983800 -0.002157 -0.205096 0.978739 0.000000 0.000000 0.000000 0.000000 1.000000
0.999787 -0.020514 -0.002096 0.000000 0.020514 0.979136 0.202168 2.983800 -0.002095 -0.202168 0.979349 0.000000 0.000000 0.000000 0.000000 1.000000
0.999768 -0.021399 -0.002282 -0.000000 0.021399 0.977275 0.210892 2.983800 -0.002282 -0.210892 0.977507 0.000000 0.000000 0.000000 0.000000 1.000000
0.999748 -0.022302 -0.002481 0.000000 0.022302 0.975292 0.219792 2.983800 -0.002482 -0.219792 0.975544 -0.000000 0.000000 0.000000 0.000000 1.000000
0.999793 -0.020250 -0.002041 0.000000 0.020250 0.979674 0.199569 2.983800 -0.002041 -0.199569 0.979882 0.000000 0.000000 0.000000 0.000000 1.000000
0.999916 -0.012963 -0.000831 -0.000000 0.012963 0.991722 0.127750 2.983800 -0.000831 -0.127750 0.991806 -0.000000 0.000000 0.000000 0.000000 1.000000
1.000000 -0.000958 -0.000005 0.000000 0.000958 0.999955 0.009439 2.983800 -0.000004 -0.009439 0.999955 -0.000000 0.000000 0.000000 0.000000 1.000000
0.999939 0.011059 -0.000605 0.000000 -0.011059 0.993982 -0.108986 2.983800 -0.000604 0.108986 0.994043 0.000000 0.000000 0.000000 0.000000 1.000000
0.999830 0.018360 -0.001675 0.000000 -0.018360 0.983322 -0.180946 2.983800 -0.001675 0.180946 0.983492 0.000000 0.000000 0.000000 0.000000 1.000000
0.999790 0.020408 -0.002074 0.000000 -0.020408 0.979354 -0.201122 2.983800 -0.002074 0.201122 0.979564 0.000000 0.000000 0.000000 0.000000 1.000000
0.999808 0.019501 -0.001892 0.000000 -0.019501 0.981165 -0.192185 2.983800 -0.001891 0.192185 0.981357 -0.000000 0.000000 0.000000 0.000000 1.000000
0.999825 0.018643 -0.001727 0.000000 -0.018643 0.982799 -0.183737 2.983800 -0.001728 0.183737 0.982974 -0.000000 0.000000 0.000000 0.000000 1.000000
0.999826 0.018579 -0.001716 -0.000000 -0.018579 0.982918 -0.183103 2.983800 -0.001716 0.183103 0.983092 -0.000000 0.000000 0.000000 0.000000 1.000000
0.999820 0.018886 -0.001773 0.000000 -0.018886 0.982345 -0.186124 2.983800 -0.001773 0.186124 0.982525 0.000000 0.000000 0.000000 0.000000 1.000000
0.999819 0.018949 -0.001785 0.000000 -0.018949 0.982224 -0.186752 2.983800 -0.001785 0.186752 0.982405 0.000000 0.000000 0.000000 0.000000 1.000000
0.999822 0.018782 -0.001753 0.000000 -0.018782 0.982541 -0.185097 2.983800 -0.001754 0.185097 0.982719 -0.000000 0.000000 0.000000 0.000000 1.000000
0.999821 0.018861 -0.001768 -0.000000 -0.018861 0.982392 -0.185875 2.983800 -0.001769 0.185875 0.982572 0.000000 0.000000 0.000000 0.000000 1.000000
0.999811 0.019348 -0.001862 0.000000 -0.019348 0.981461 -0.190682 2.983800 -0.001862 0.190682 0.981650 0.000000 0.000000 0.000000 0.000000 1.000000
0.999807 0.019556 -0.001902 0.000000 -0.019556 0.981057 -0.192731 2.983800 -0.001903 0.192731 0.981250 0.000000 0.000000 0.000000 0.000000 1.000000
0.999847 0.017404 -0.001504 -0.000000 -0.017404 0.985026 -0.171523 2.983800 -0.001504 0.171523 0.985179 0.000000 0.000000 0.000000 0.000000 1.000000
0.999933 0.011582 -0.000663 0.000000 -0.011582 0.993397 -0.114140 2.983800 -0.000663 0.114140 0.993464 -0.000000 0.000000 0.000000 0.000000 1.000000
0.999997 0.002339 -0.000027 0.000000 -0.002339 0.999732 -0.023047 2.983800 -0.000027 0.023047 0.999734 0.000000 0.000000 0.000000 0.000000 1.000000
0.999968 -0.007976 -0.000314 0.000000 0.007976 0.996874 0.078602 2.983800 -0.000314 -0.078602 0.996906 0.000000 0.000000 0.000000 0.000000 1.000000
0.999865 -0.016380 -0.001331 0.000000 0.016380 0.986748 0.161434 2.983800 -0.001331 -0.161434 0.986883 0.000000 0.000000 0.000000 0.000000 1.000000
0.999781 -0.020811 -0.002157 0.000000 0.020811 0.978521 0.205096 2.983800 -0.002157 -0.205096 0.978740 -0.000000 0.000000 0.000000 0.000000 1.000000</float_array>
        <technique_common>
          <accessor source="#mixamorig_LeftHandRing3-Matrix-animation-output-transform-array" count="25" stride="16">
            <param type="float4x4"/>
          </accessor>
        </technique_common>
      </source>
      <source id="mixamorig_LeftHandRing3-Interpolations">
        <Name_array id="mixamorig_LeftHandRing3-Interpolations-array" count="25">
 LINEAR LINEAR LINEAR LINEAR LINEAR LINEAR LINEAR LINEAR LINEAR LINEAR LINEAR
LINEAR LINEAR LINEAR LINEAR LINEAR LINEAR LINEAR LINEAR LINEAR LINEAR LINEAR LINEAR
LINEAR LINEAR</Name_array>
        <technique_common>
          <accessor source="#mixamorig_LeftHandRing3-Interpolations-array" count="25">
            <param type="name"/>
          </accessor>
        </technique_common>
      </source>
      <sampler id="mixamorig_LeftHandRing3-Matrix-animation-transform">
        <input semantic="INPUT" source="#mixamorig_LeftHandRing3-Matrix-animation-input"/>
        <input semantic="OUTPUT" source="#mixamorig_LeftHandRing3-Matrix-animation-output-transform"/>
        <input semantic="INTERPOLATION" source="#mixamorig_LeftHandRing3-Interpolations"/>
      </sampler>
      <channel source="#mixamorig_LeftHandRing3-Matrix-animation-transform" target="mixamorig_LeftHandRing3/matrix"/>
    </animation>
    <animation id="mixamorig_LeftHandPinky1-anim" name="mixamorig_LeftHandPinky1">
      <source id="mixamorig_LeftHandPinky1-Matrix-animation-input">
        <float_array id="mixamorig_LeftHandPinky1-Matrix-animation-input-array" count="25">

0.000000 0.033333 0.066667 0.100000 0.133333 0.166667 0.200000 0.233333 0.266667 0.300000 0.333333 0.366667 0.400000 0.433333 0.466667 0.500000
0.533333 0.566667 0.600000 0.633333 0.666667 0.700000 0.733333 0.766667 0.800000</float_array>
        <technique_common>
          <accessor source="#mixamorig_LeftHandPinky1-Matrix-animation-input-array" count="25">
            <param name="TIME" type="float"/>
          </accessor>
        </technique_common>
      </source>
      <source id="mixamorig_LeftHandPinky1-Matrix-animation-output-transform">
        <float_array id="mixamorig_LeftHandPinky1-Matrix-animation-output-transform-array" count="400">

0.997553 0.055430 -0.042619 6.663900 -0.068386 0.900450 -0.429549 12.707900 0.014566 0.431413 0.902037 0.878100 0.000000 0.000000 0.000000 1.000000
0.997527 0.055725 -0.042824 6.663900 -0.068803 0.898576 -0.433390 12.707900 0.014330 0.435264 0.900189 0.878100 0.000000 0.000000 0.000000 1.000000
0.997600 0.054937 -0.042155 6.663900 -0.067617 0.904113 -0.421909 12.707900 0.014934 0.423747 0.905658 0.878100 0.000000 0.000000 0.000000 1.000000
0.997674 0.054047 -0.041531 6.663900 -0.066349 0.909620 -0.410109 12.707900 0.015613 0.411910 0.911091 0.878100 0.000000 0.000000 0.000000 1.000000
0.997511 0.055773 -0.043148 6.663900 -0.069042 0.896904 -0.436803 12.707900 0.014338 0.438694 0.898522 0.878100 0.000000 0.000000 0.000000 1.000000
0.996884 0.061734 -0.049095 6.663900 -0.078364 0.845919 -0.527523 12.707900 0.008964 0.529727 0.848121 0.878100 0.000000 0.000000 0.000000 1.000000
0.995745 0.069832 -0.060134 6.663900 -0.092142 0.743348 -0.662528 12.707900 -0.001565 0.665250 0.746619 0.878100 0.000000 0.000000 0.000000 1.000000
0.994501 0.075494 -0.072588 6.663900 -0.103817 0.619282 -0.778275 12.707900 -0.013802 0.781531 0.623714 0.878100 0.000000 0.000000 0.000000 1.000000
0.993703 0.077756 -0.080675 6.663900 -0.109847 0.534091 -0.838261 12.707900 -0.022092 0.841844 0.539269 0.878100 0.000000 0.000000 0.000000 1.000000
0.993471 0.078317 -0.082951 6.663900 -0.111389 0.508918 -0.853578 12.707900 -0.024634 0.857245 0.514319 0.878100 0.000000 0.000000 0.000000 1.000000
0.993570 0.078210 -0.081871 6.663900 -0.110726 0.520135 -0.846876 12.707900 -0.023650 0.850496 0.525450 0.878100 0.000000 0.000000 0.000000 1.000000
0.993664 0.078022 -0.080893 6.663900 -0.110083 0.530638 -0.840419 12.707900 -0.022646 0.844000 0.535865 0.878100 0.000000 0.000000 0.000000 1.000000
0.993673 0.077976 -0.080836 6.663900 -0.110031 0.531423 -0.839930 12.707900 -0.022536 0.843510 0.536640 0.878100 0.000000 0.000000 0.000000 1.000000
0.993639 0.078025 -0.081196 6.663900 -0.110261 0.527682 -0.842256 12.707900 -0.022872 0.845851 0.532929 0.878100 0.000000 0.000000 0.000000 1.000000
0.993632 0.078037 -0.081270 6.663900 -0.110309 0.526901 -0.842738 12.707900 -0.022944 0.846337 0.532154 0.878100 0.000000 0.000000 0.000000 1.000000
0.993650 0.078015 -0.081071 6.663900 -0.110185 0.528956 -0.841466 12.707900 -0.022764 0.845056 0.534193 0.878100 0.000000 0.000000 0.000000 1.000000
0.993641 0.078061 -0.081147 6.663900 -0.110247 0.527990 -0.842064 12.707900 -0.022888 0.845656 0.533238 0.878100 0.000000 0.000000 0.000000 1.000000
0.993586 0.078179 -0.081696 6.663900 -0.110613 0.522010 -0.845736 12.707900 -0.023473 0.849349 0.527310 0.878100 0.000000 0.000000 0.000000 1.000000
0.993566 0.078170 -0.081957 6.663900 -0.110759 0.519454 -0.847290 12.707900 -0.023660 0.850916 0.524769 0.878100 0.000000 0.000000 0.000000 1.000000
0.993809 0.077532 -0.079576 6.663900 -0.109100 0.545654 -0.830879 12.707900 -0.020999 0.834417 0.550734 0.878100 0.000000 0.000000 0.000000 1.000000
0.994448 0.075601 -0.073194 6.663900 -0.104254 0.613424 -0.782843 12.707900 -0.014285 0.786127 0.617900 0.878100 0.000000 0.000000 0.000000 1.000000
0.995419 0.071453 -0.063528 6.663900 -0.095502 0.711375 -0.696294 12.707900 -0.004560 0.699171 0.714940 0.878100 0.000000 0.000000 0.000000 1.000000
0.996431 0.065214 -0.053603 6.663900 -0.084268 0.806025 -0.585852 12.707900 0.004999 0.588278 0.808643 0.878100 0.000000 0.000000 0.000000 1.000000
0.997186 0.058986 -0.046269 6.663900 -0.074058 0.870941 -0.485775 12.707900 0.011644 0.487835 0.872858 0.878100 0.000000 0.000000 0.000000 1.000000
0.997553 0.055430 -0.042618 6.663900 -0.068386 0.900450 -0.429549 12.707900 0.014566 0.431413 0.902037 0.878100 0.000000 0.000000 0.000000 1.000000</float_array>
        <technique_common>
          <accessor source="#mixamorig_LeftHandPinky1-Matrix-animation-output-transform-array" count="25" stride="16">
            <param type="float4x4"/>
          </accessor>
        </technique_common>
      </source>
      <source id="mixamorig_LeftHandPinky1-Interpolations">
        <Name_array id="mixamorig_LeftHandPinky1-Interpolations-array" count="25">
 LINEAR LINEAR LINEAR LINEAR LINEAR LINEAR LINEAR LINEAR LINEAR LINEAR LINEAR
LINEAR LINEAR LINEAR LINEAR LINEAR LINEAR LINEAR LINEAR LINEAR LINEAR LINEAR LINEAR
LINEAR LINEAR</Name_array>
        <technique_common>
          <accessor source="#mixamorig_LeftHandPinky1-Interpolations-array" count="25">
            <param type="name"/>
          </accessor>
        </technique_common>
      </source>
      <sampler id="mixamorig_LeftHandPinky1-Matrix-animation-transform">
        <input semantic="INPUT" source="#mixamorig_LeftHandPinky1-Matrix-animation-input"/>
        <input semantic="OUTPUT" source="#mixamorig_LeftHandPinky1-Matrix-animation-output-transform"/>
        <input semantic="INTERPOLATION" source="#mixamorig_LeftHandPinky1-Interpolations"/>
      </sampler>
      <channel source="#mixamorig_LeftHandPinky1-Matrix-animation-transform" target="mixamorig_LeftHandPinky1/matrix"/>
    </animation>
    <animation id="mixamorig_LeftHandPinky2-anim" name="mixamorig_LeftHandPinky2">
      <source id="mixamorig_LeftHandPinky2-Matrix-animation-input">
        <float_array id="mixamorig_LeftHandPinky2-Matrix-animation-input-array" count="25">

0.000000 0.033333 0.066667 0.100000 0.133333 0.166667 0.200000 0.233333 0.266667 0.300000 0.333333 0.366667 0.400000 0.433333 0.466667 0.500000
0.533333 0.566667 0.600000 0.633333 0.666667 0.700000 0.733333 0.766667 0.800000</float_array>
        <technique_common>
          <accessor source="#mixamorig_LeftHandPinky2-Matrix-animation-input-array" count="25">
            <param name="TIME" type="float"/>
          </accessor>
        </technique_common>
      </source>
      <source id="mixamorig_LeftHandPinky2-Matrix-animation-output-transform">
        <float_array id="mixamorig_LeftHandPinky2-Matrix-animation-output-transform-array" count="400">

0.996427 0.076772 -0.035217 0.000000 -0.076771 0.649346 -0.756608 3.376600 -0.035218 0.756608 0.652919 0.000000 0.000000 0.000000 0.000000 1.000000
0.996393 0.077052 -0.035546 0.000000 -0.077052 0.646075 -0.759375 3.376600 -0.035546 0.759375 0.649681 0.000000 0.000000 0.000000 0.000000 1.000000
0.996492 0.076211 -0.034570 0.000000 -0.076211 0.655794 -0.751083 3.376600 -0.034570 0.751083 0.659302 0.000000 0.000000 0.000000 0.000000 1.000000
0.996592 0.075338 -0.033583 0.000000 -0.075338 0.665618 -0.742480 3.376600 -0.033583 0.742480 0.669025 -0.000000 0.000000 0.000000 0.000000 1.000000
0.996364 0.077300 -0.035839 0.000000 -0.077300 0.643162 -0.761818 3.376600 -0.035838 0.761818 0.646798 0.000000 0.000000 0.000000 0.000000 1.000000
0.995513 0.083654 -0.044218 0.000000 -0.083654 0.559731 -0.824441 3.376600 -0.044218 0.824441 0.564218 0.000000 0.000000 0.000000 0.000000 1.000000
0.993999 0.092023 -0.059142 0.000000 -0.092023 0.411134 -0.906918 3.376600 -0.059142 0.906918 0.417135 0.000000 0.000000 0.000000 0.000000 1.000000
0.992364 0.097727 -0.075259 0.000000 -0.097727 0.250659 -0.963130 3.376600 -0.075259 0.963130 0.258296 -0.000000 0.000000 0.000000 0.000000 1.000000
0.991321 0.099832 -0.085533 0.000000 -0.099832 0.148362 -0.983881 3.376600 -0.085533 0.983881 0.157041 0.000000 0.000000 0.000000 0.000000 1.000000
0.991023 0.100231 -0.088471 -0.000000 -0.100231 0.119112 -0.987809 3.376600 -0.088471 0.987809 0.128089 0.000000 0.000000 0.000000 0.000000 1.000000
0.991155 0.100065 -0.087167 0.000000 -0.100065 0.132097 -0.986173 3.376600 -0.087167 0.986173 0.140941 0.000000 0.000000 0.000000 0.000000 1.000000
0.991280 0.099893 -0.085938 0.000000 -0.099893 0.144329 -0.984475 3.376600 -0.085938 0.984475 0.153049 -0.000000 0.000000 0.000000 0.000000 1.000000
0.991289 0.099879 -0.085846 0.000000 -0.099879 0.145244 -0.984342 3.376600 -0.085847 0.984342 0.153955 -0.000000 0.000000 0.000000 0.000000 1.000000
0.991245 0.099943 -0.086285 0.000000 -0.099943 0.140877 -0.984970 3.376600 -0.086285 0.984970 0.149633 -0.000000 0.000000 0.000000 0.000000 1.000000
0.991236 0.099956 -0.086376 0.000000 -0.099956 0.139967 -0.985098 3.376600 -0.086376 0.985098 0.148732 -0.000000 0.000000 0.000000 0.000000 1.000000
0.991260 0.099922 -0.086136 -0.000000 -0.099921 0.142363 -0.984758 3.376600 -0.086136 0.984758 0.151103 -0.000000 0.000000 0.000000 0.000000 1.000000
0.991248 0.099938 -0.086249 0.000000 -0.099937 0.141238 -0.984918 3.376600 -0.086249 0.984918 0.149989 -0.000000 0.000000 0.000000 0.000000 1.000000
0.991178 0.100035 -0.086948 0.000000 -0.100035 0.134275 -0.985882 3.376600 -0.086948 0.985882 0.143098 0.000000 0.000000 0.000000 0.000000 1.000000
0.991147 0.100076 -0.087246 0.000000 -0.100076 0.131305 -0.986278 3.376600 -0.087247 0.986278 0.140157 0.000000 0.000000 0.000000 0.000000 1.000000
0.991459 0.099617 -0.084170 0.000000 -0.099617 0.161939 -0.981760 3.376600 -0.084170 0.981760 0.170480 0.000000 0.000000 0.000000 0.000000 1.000000
0.992290 0.097913 -0.075984 0.000000 -0.097913 0.243444 -0.964960 3.376600 -0.075984 0.964960 0.251154 -0.000000 0.000000 0.000000 0.000000 1.000000
0.993561 0.093858 -0.063456 0.000000 -0.093858 0.368183 -0.925004 3.376600 -0.063456 0.925004 0.374622 0.000000 0.000000 0.000000 0.000000 1.000000
0.994900 0.087450 -0.050259 0.000000 -0.087449 0.499578 -0.861844 3.376600 -0.050259 0.861844 0.504677 0.000000 0.000000 0.000000 0.000000 1.000000
0.995919 0.080793 -0.040219 0.000000 -0.080794 0.599552 -0.796247 3.376600 -0.040218 0.796247 0.603633 0.000000 0.000000 0.000000 0.000000 1.000000
0.996427 0.076772 -0.035218 -0.000000 -0.076772 0.649346 -0.756608 3.376600 -0.035218 0.756608 0.652919 0.000000 0.000000 0.000000 0.000000 1.000000</float_array>
        <technique_common>
          <accessor source="#mixamorig_LeftHandPinky2-Matrix-animation-output-transform-array" count="25" stride="16">
            <param type="float4x4"/>
          </accessor>
        </technique_common>
      </source>
      <source id="mixamorig_LeftHandPinky2-Interpolations">
        <Name_array id="mixamorig_LeftHandPinky2-Interpolations-array" count="25">
 LINEAR LINEAR LINEAR LINEAR LINEAR LINEAR LINEAR LINEAR LINEAR LINEAR LINEAR
LINEAR LINEAR LINEAR LINEAR LINEAR LINEAR LINEAR LINEAR LINEAR LINEAR LINEAR LINEAR
LINEAR LINEAR</Name_array>
        <technique_common>
          <accessor source="#mixamorig_LeftHandPinky2-Interpolations-array" count="25">
            <param type="name"/>
          </accessor>
        </technique_common>
      </source>
      <sampler id="mixamorig_LeftHandPinky2-Matrix-animation-transform">
        <input semantic="INPUT" source="#mixamorig_LeftHandPinky2-Matrix-animation-input"/>
        <input semantic="OUTPUT" source="#mixamorig_LeftHandPinky2-Matrix-animation-output-transform"/>
        <input semantic="INTERPOLATION" source="#mixamorig_LeftHandPinky2-Interpolations"/>
      </sampler>
      <channel source="#mixamorig_LeftHandPinky2-Matrix-animation-transform" target="mixamorig_LeftHandPinky2/matrix"/>
    </animation>
    <animation id="mixamorig_LeftHandPinky3-anim" name="mixamorig_LeftHandPinky3">
      <source id="mixamorig_LeftHandPinky3-Matrix-animation-input">
        <float_array id="mixamorig_LeftHandPinky3-Matrix-animation-input-array" count="25">

0.000000 0.033333 0.066667 0.100000 0.133333 0.166667 0.200000 0.233333 0.266667 0.300000 0.333333 0.366667 0.400000 0.433333 0.466667 0.500000
0.533333 0.566667 0.600000 0.633333 0.666667 0.700000 0.733333 0.766667 0.800000</float_array>
        <technique_common>
          <accessor source="#mixamorig_LeftHandPinky3-Matrix-animation-input-array" count="25">
            <param name="TIME" type="float"/>
          </accessor>
        </technique_common>
      </source>
      <source id="mixamorig_LeftHandPinky3-Matrix-animation-output-transform">
        <float_array id="mixamorig_LeftHandPinky3-Matrix-animation-output-transform-array" count="400">

0.999998 -0.002099 -0.000022 0.000000 0.002099 0.999784 0.020690 2.998500 -0.000021 -0.020690 0.999786 0.000000 0.000000 0.000000 0.000000 1.000000
0.999999 -0.001666 -0.000014 0.000000 0.001666 0.999864 0.016418 2.998500 -0.000014 -0.016418 0.999865 0.000000 0.000000 0.000000 0.000000 1.000000
0.999996 -0.002958 -0.000043 0.000000 0.002958 0.999571 0.029154 2.998500 -0.000043 -0.029154 0.999575 0.000000 0.000000 0.000000 0.000000 1.000000
0.999991 -0.004278 -0.000090 0.000000 0.004278 0.999101 0.042165 2.998500 -0.000090 -0.042165 0.999111 0.000000 0.000000 0.000000 0.000000 1.000000
0.999999 -0.001281 -0.000008 0.000000 0.001281 0.999919 0.012628 2.998500 -0.000008 -0.012628 0.999920 0.000000 0.000000 0.000000 0.000000 1.000000
0.999957 0.009261 -0.000423 0.000000 -0.009261 0.995783 -0.091268 2.998500 -0.000424 0.091268 0.995826 0.000000 0.000000 0.000000 0.000000 1.000000
0.999652 0.026170 -0.003433 -0.000000 -0.026170 0.965814 -0.257910 2.998500 -0.003433 0.257910 0.966163 0.000000 0.000000 0.000000 0.000000 1.000000
0.999061 0.042318 -0.009251 0.000000 -0.042318 0.907893 -0.417060 2.998500 -0.009251 0.417060 0.908832 0.000000 0.000000 0.000000 0.000000 1.000000
0.998566 0.051643 -0.014137 0.000000 -0.051643 0.859239 -0.508961 2.998500 -0.014137 0.508961 0.860674 -0.000000 0.000000 0.000000 0.000000 1.000000
0.998408 0.054180 -0.015691 0.000000 -0.054180 0.843767 -0.533967 2.998500 -0.015691 0.533967 0.845360 0.000000 0.000000 0.000000 0.000000 1.000000
0.998479 0.053061 -0.014993 0.000000 -0.053061 0.850720 -0.522934 2.998500 -0.014993 0.522934 0.852241 0.000000 0.000000 0.000000 0.000000 1.000000
0.998544 0.051996 -0.014347 0.000000 -0.051996 0.857147 -0.512441 2.998500 -0.014347 0.512441 0.858603 -0.000000 0.000000 0.000000 0.000000 1.000000
0.998549 0.051916 -0.014299 0.000000 -0.051916 0.857623 -0.511652 2.998500 -0.014299 0.511652 0.859074 0.000000 0.000000 0.000000 0.000000 1.000000
0.998526 0.052298 -0.014528 0.000000 -0.052298 0.855345 -0.515412 2.998500 -0.014528 0.515412 0.856819 -0.000000 0.000000 0.000000 0.000000 1.000000
0.998521 0.052377 -0.014576 -0.000000 -0.052377 0.854869 -0.516194 2.998500 -0.014576 0.516194 0.856348 0.000000 0.000000 0.000000 0.000000 1.000000
0.998534 0.052168 -0.014450 0.000000 -0.052168 0.856122 -0.514134 2.998500 -0.014450 0.514134 0.857588 -0.000000 0.000000 0.000000 0.000000 1.000000
0.998528 0.052266 -0.014509 0.000000 -0.052266 0.855534 -0.515102 2.998500 -0.014509 0.515102 0.857006 0.000000 0.000000 0.000000 0.000000 1.000000
0.998490 0.052872 -0.014877 0.000000 -0.052872 0.851873 -0.521073 2.998500 -0.014877 0.521073 0.853383 0.000000 0.000000 0.000000 0.000000 1.000000
0.998474 0.053130 -0.015035 -0.000000 -0.053130 0.850300 -0.523610 2.998500 -0.015035 0.523610 0.851825 -0.000000 0.000000 0.000000 0.000000 1.000000
0.998636 0.050446 -0.013439 0.000000 -0.050446 0.866189 -0.497164 2.998500 -0.013439 0.497164 0.867553 0.000000 0.000000 0.000000 0.000000 1.000000
0.999029 0.042999 -0.009567 0.000000 -0.042999 0.904747 -0.423774 2.998500 -0.009566 0.423774 0.905717 -0.000000 0.000000 0.000000 0.000000 1.000000
0.999518 0.030687 -0.004753 0.000000 -0.030687 0.952677 -0.302432 2.998500 -0.004753 0.302432 0.953159 0.000000 0.000000 0.000000 0.000000 1.000000
0.999865 0.016364 -0.001328 0.000000 -0.016364 0.986775 -0.161269 2.998500 -0.001328 0.161269 0.986910 -0.000000 0.000000 0.000000 0.000000 1.000000
0.999991 0.004338 -0.000093 0.000000 -0.004338 0.999076 -0.042752 2.998500 -0.000093 0.042752 0.999086 0.000000 0.000000 0.000000 0.000000 1.000000
0.999998 -0.002099 -0.000022 0.000000 0.002099 0.999784 0.020690 2.998500 -0.000022 -0.020690 0.999786 0.000000 0.000000 0.000000 0.000000 1.000000</float_array>
        <technique_common>
          <accessor source="#mixamorig_LeftHandPinky3-Matrix-animation-output-transform-array" count="25" stride="16">
            <param type="float4x4"/>
          </accessor>
        </technique_common>
      </source>
      <source id="mixamorig_LeftHandPinky3-Interpolations">
        <Name_array id="mixamorig_LeftHandPinky3-Interpolations-array" count="25">
 LINEAR LINEAR LINEAR LINEAR LINEAR LINEAR LINEAR LINEAR LINEAR LINEAR LINEAR
LINEAR LINEAR LINEAR LINEAR LINEAR LINEAR LINEAR LINEAR LINEAR LINEAR LINEAR LINEAR
LINEAR LINEAR</Name_array>
        <technique_common>
          <accessor source="#mixamorig_LeftHandPinky3-Interpolations-array" count="25">
            <param type="name"/>
          </accessor>
        </technique_common>
      </source>
      <sampler id="mixamorig_LeftHandPinky3-Matrix-animation-transform">
        <input semantic="INPUT" source="#mixamorig_LeftHandPinky3-Matrix-animation-input"/>
        <input semantic="OUTPUT" source="#mixamorig_LeftHandPinky3-Matrix-animation-output-transform"/>
        <input semantic="INTERPOLATION" source="#mixamorig_LeftHandPinky3-Interpolations"/>
      </sampler>
      <channel source="#mixamorig_LeftHandPinky3-Matrix-animation-transform" target="mixamorig_LeftHandPinky3/matrix"/>
    </animation>
    <animation id="mixamorig_RightShoulder-anim" name="mixamorig_RightShoulder">
      <source id="mixamorig_RightShoulder-Matrix-animation-input">
        <float_array id="mixamorig_RightShoulder-Matrix-animation-input-array" count="25">

0.000000 0.033333 0.066667 0.100000 0.133333 0.166667 0.200000 0.233333 0.266667 0.300000 0.333333 0.366667 0.400000 0.433333 0.466667 0.500000
0.533333 0.566667 0.600000 0.633333 0.666667 0.700000 0.733333 0.766667 0.800000</float_array>
        <technique_common>
          <accessor source="#mixamorig_RightShoulder-Matrix-animation-input-array" count="25">
            <param name="TIME" type="float"/>
          </accessor>
        </technique_common>
      </source>
      <source id="mixamorig_RightShoulder-Matrix-animation-output-transform">
        <float_array id="mixamorig_RightShoulder-Matrix-animation-output-transform-array" count="400">

0.181336 -0.732974 0.655642 -12.584900 0.073448 -0.654738 -0.752279 11.394900 0.980675 0.184571 -0.064892 -1.453100 0.000000 0.000000 0.000000 1.000000
0.204910 -0.728213 0.654001 -12.584900 0.075317 -0.654467 -0.752330 11.394900 0.975879 0.203418 -0.079260 -1.453100 0.000000 0.000000 0.000000 1.000000
0.218602 -0.741738 0.634065 -12.584900 0.073088 -0.635509 -0.768626 11.394900 0.973073 0.214365 -0.084712 -1.453100 0.000000 0.000000 0.000000 1.000000
0.213413 -0.765310 0.607253 -12.584900 0.067988 -0.608432 -0.790689 11.394900 0.974593 0.210029 -0.077816 -1.453100 0.000000 0.000000 0.000000 1.000000
0.184350 -0.790182 0.584489 -12.584900 0.063429 -0.583877 -0.809361 11.394900 0.980812 0.186279 -0.057518 -1.453100 0.000000 0.000000 0.000000 1.000000
0.148604 -0.806799 0.571832 -12.584900 0.061492 -0.569594 -0.819623 11.394900 0.986983 0.156962 -0.035032 -1.453100 0.000000 0.000000 0.000000 1.000000
0.122581 -0.812471 0.569969 -12.584900 0.061255 -0.567011 -0.821429 11.394900 0.990566 0.135605 -0.019737 -1.453100 0.000000 0.000000 0.000000 1.000000
0.114139 -0.810178 0.574964 -12.584900 0.061505 -0.571873 -0.818033 11.394900 0.991559 0.128732 -0.015443 -1.453100 0.000000 0.000000 0.000000 1.000000
0.112661 -0.806712 0.580106 -12.584900 0.061769 -0.577008 -0.814400 11.394900 0.991712 0.127584 -0.015177 -1.453100 0.000000 0.000000 0.000000 1.000000
0.109475 -0.804677 0.583532 -12.584900 0.061955 -0.580395 -0.811975 11.394900 0.992057 0.125044 -0.013685 -1.453100 0.000000 0.000000 0.000000 1.000000
0.098032 -0.803860 0.586684 -12.584900 0.062165 -0.583426 -0.809784 11.394900 0.993240 0.115856 -0.007222 -1.453100 0.000000 0.000000 0.000000 1.000000
0.075775 -0.804598 0.588966 -12.584900 0.062061 -0.585713 -0.808139 11.394900 0.995192 0.097788 0.005552 -1.453100 0.000000 0.000000 0.000000 1.000000
0.041476 -0.810900 0.583713 -12.584900 0.060913 -0.581077 -0.811566 11.394900 0.997281 0.069216 0.025294 -1.453100 0.000000 0.000000 0.000000 1.000000
-0.003191 -0.830449 0.557086 -12.584900 0.059169 -0.556269 -0.828893 11.394900 0.998243 0.030317 0.050912 -1.453100 0.000000 0.000000 0.000000 1.000000
-0.047644 -0.860938 0.506474 -12.584900 0.060166 -0.508603 -0.858896 11.394900 0.997051 -0.010449 0.076031 -1.453100 0.000000 0.000000 0.000000 1.000000
-0.080146 -0.894389 0.440051 -12.584900 0.065411 -0.445239 -0.893019 11.394900 0.994635 -0.042788 0.094188 -1.453100 0.000000 0.000000 0.000000 1.000000
-0.090151 -0.921352 0.378132 -12.584900 0.071464 -0.384684 -0.920278 11.394900 0.993361 -0.055941 0.100523 -1.453100 0.000000 0.000000 0.000000 1.000000
-0.084105 -0.938314 0.335401 -12.584900 0.074732 -0.341585 -0.936875 11.394900 0.993651 -0.053731 0.098851 -1.453100 0.000000 0.000000 0.000000 1.000000
-0.070748 -0.945710 0.317218 -12.584900 0.075232 -0.322168 -0.943689 11.394900 0.994653 -0.042899 0.093940 -1.453100 0.000000 0.000000 0.000000 1.000000
-0.055354 -0.942081 0.330785 -12.584900 0.073762 -0.334246 -0.939595 11.394900 0.995738 -0.027611 0.087991 -1.453100 0.000000 0.000000 0.000000 1.000000
-0.035516 -0.925435 0.377238 -12.584900 0.070170 -0.378854 -0.922792 11.394900 0.996903 -0.006303 0.078393 -1.453100 0.000000 0.000000 0.000000 1.000000
-0.007745 -0.890839 0.454253 -12.584900 0.065202 -0.453750 -0.888740 11.394900 0.997842 0.022735 0.061599 -1.453100 0.000000 0.000000 0.000000 1.000000
0.033562 -0.837662 0.545157 -12.584900 0.061793 -0.542682 -0.837662 11.394900 0.997525 0.061801 0.033548 -1.453100 0.000000 0.000000 0.000000 1.000000
0.094611 -0.778197 0.620853 -12.584900 0.064516 -0.617546 -0.783884 11.394900 0.993422 0.114219 -0.008220 -1.453100 0.000000 0.000000 0.000000 1.000000
0.181336 -0.732974 0.655642 -12.584900 0.073448 -0.654738 -0.752279 11.394900 0.980674 0.184571 -0.064892 -1.453100 0.000000 0.000000 0.000000 1.000000</float_array>
        <technique_common>
          <accessor source="#mixamorig_RightShoulder-Matrix-animation-output-transform-array" count="25" stride="16">
            <param type="float4x4"/>
          </accessor>
        </technique_common>
      </source>
      <source id="mixamorig_RightShoulder-Interpolations">
        <Name_array id="mixamorig_RightShoulder-Interpolations-array" count="25">
 LINEAR LINEAR LINEAR LINEAR LINEAR LINEAR LINEAR LINEAR LINEAR LINEAR LINEAR
LINEAR LINEAR LINEAR LINEAR LINEAR LINEAR LINEAR LINEAR LINEAR LINEAR LINEAR LINEAR
LINEAR LINEAR</Name_array>
        <technique_common>
          <accessor source="#mixamorig_RightShoulder-Interpolations-array" count="25">
            <param type="name"/>
          </accessor>
        </technique_common>
      </source>
      <sampler id="mixamorig_RightShoulder-Matrix-animation-transform">
        <input semantic="INPUT" source="#mixamorig_RightShoulder-Matrix-animation-input"/>
        <input semantic="OUTPUT" source="#mixamorig_RightShoulder-Matrix-animation-output-transform"/>
        <input semantic="INTERPOLATION" source="#mixamorig_RightShoulder-Interpolations"/>
      </sampler>
      <channel source="#mixamorig_RightShoulder-Matrix-animation-transform" target="mixamorig_RightShoulder/matrix"/>
    </animation>
    <animation id="mixamorig_RightArm-anim" name="mixamorig_RightArm">
      <source id="mixamorig_RightArm-Matrix-animation-input">
        <float_array id="mixamorig_RightArm-Matrix-animation-input-array" count="25">

0.000000 0.033333 0.066667 0.100000 0.133333 0.166667 0.200000 0.233333 0.266667 0.300000 0.333333 0.366667 0.400000 0.433333 0.466667 0.500000
0.533333 0.566667 0.600000 0.633333 0.666667 0.700000 0.733333 0.766667 0.800000</float_array>
        <technique_common>
          <accessor source="#mixamorig_RightArm-Matrix-animation-input-array" count="25">
            <param name="TIME" type="float"/>
          </accessor>
        </technique_common>
      </source>
      <source id="mixamorig_RightArm-Matrix-animation-output-transform">
        <float_array id="mixamorig_RightArm-Matrix-animation-output-transform-array" count="400">

0.966929 -0.230639 -0.108878 0.000000 0.186310 0.930274 -0.316035 15.319300 0.174177 0.285299 0.942479 0.000000 0.000000 0.000000 0.000000 1.000000
0.982651 -0.074145 -0.169996 -0.000000 0.032766 0.971595 -0.234369 15.319300 0.182545 0.224733 0.957169 0.000000 0.000000 0.000000 0.000000 1.000000
0.976234 0.045511 -0.211886 -0.000000 -0.081671 0.982876 -0.165178 15.319300 0.200740 0.178557 0.963234 0.000000 0.000000 0.000000 0.000000 1.000000
0.964138 0.133186 -0.229563 0.000000 -0.160838 0.981250 -0.106206 15.319300 0.211113 0.139320 0.967482 0.000000 0.000000 0.000000 0.000000 1.000000
0.955970 0.196473 -0.217988 0.000000 -0.213432 0.975296 -0.056953 15.319300 0.201413 0.100971 0.974288 0.000000 0.000000 0.000000 0.000000 1.000000
0.952958 0.238310 -0.187296 0.000000 -0.247283 0.968601 -0.025751 15.319300 0.175278 0.070854 0.981966 0.000000 0.000000 0.000000 0.000000 1.000000
0.956816 0.246568 -0.153970 0.000000 -0.253590 0.966922 -0.027458 15.319300 0.142107 0.065318 0.987694 0.000000 0.000000 0.000000 0.000000 1.000000
0.968558 0.203599 -0.142976 -0.000000 -0.215752 0.973546 -0.075231 15.319300 0.123877 0.103713 0.986863 -0.000000 0.000000 0.000000 0.000000 1.000000
0.980050 0.121423 -0.157349 0.000000 -0.145505 0.977634 -0.151855 15.319300 0.135391 0.171720 0.975798 0.000000 0.000000 0.000000 0.000000 1.000000
0.983364 0.019956 -0.180547 0.000000 -0.063446 0.969079 -0.238453 15.319300 0.170205 0.245941 0.954224 -0.000000 0.000000 0.000000 0.000000 1.000000
0.979518 -0.074952 -0.186885 0.000000 0.012361 0.948770 -0.315726 15.319300 0.200976 0.306950 0.930264 0.000000 0.000000 0.000000 0.000000 1.000000
0.972125 -0.159488 -0.171861 0.000000 0.084804 0.922550 -0.376443 15.319300 0.218589 0.351375 0.910360 0.000000 0.000000 0.000000 0.000000 1.000000
0.957056 -0.247925 -0.150256 0.000000 0.164578 0.891329 -0.422430 15.319300 0.238659 0.379560 0.893855 0.000000 0.000000 0.000000 0.000000 1.000000
0.922964 -0.357387 -0.142872 0.000000 0.256653 0.848110 -0.463506 15.319300 0.286822 0.391131 0.874500 0.000000 0.000000 0.000000 0.000000 1.000000
0.866584 -0.476670 -0.147708 0.000000 0.347189 0.788501 -0.507666 15.319300 0.358457 0.388653 0.848798 0.000000 0.000000 0.000000 0.000000 1.000000
0.796476 -0.585525 -0.150953 0.000000 0.423391 0.718268 -0.552115 15.319300 0.431701 0.375834 0.819989 -0.000000 0.000000 0.000000 0.000000 1.000000
0.735384 -0.663206 -0.139170 -0.000000 0.478746 0.653806 -0.585952 15.319300 0.479597 0.364272 0.798306 0.000000 0.000000 0.000000 0.000000 1.000000
0.697384 -0.707068 -0.117095 0.000000 0.514820 0.607881 -0.604517 15.319300 0.498614 0.361297 0.787939 0.000000 0.000000 0.000000 0.000000 1.000000
0.686154 -0.721145 -0.095616 -0.000000 0.531750 0.586904 -0.610562 15.319300 0.496421 0.368096 0.786175 0.000000 0.000000 0.000000 0.000000 1.000000
0.698335 -0.711270 -0.080143 0.000000 0.530299 0.589330 -0.609486 15.319300 0.480740 0.383126 0.788736 0.000000 0.000000 0.000000 0.000000 1.000000
0.725950 -0.684742 -0.064230 0.000000 0.520014 0.607621 -0.600318 15.319300 0.450091 0.402401 0.797178 0.000000 0.000000 0.000000 0.000000 1.000000
0.771273 -0.634737 -0.047394 -0.000000 0.499621 0.649859 -0.572767 15.319300 0.394356 0.418081 0.818347 0.000000 0.000000 0.000000 0.000000 1.000000
0.840122 -0.540592 -0.044224 0.000000 0.445691 0.734500 -0.511731 15.319300 0.309120 0.410206 0.858007 0.000000 0.000000 0.000000 0.000000 1.000000
0.913512 -0.401760 -0.063916 0.000000 0.340256 0.840686 -0.421275 15.319300 0.222985 0.363091 0.904678 0.000000 0.000000 0.000000 0.000000 1.000000
0.966929 -0.230640 -0.108878 0.000000 0.186310 0.930274 -0.316035 15.319300 0.174177 0.285298 0.942479 -0.000000 0.000000 0.000000 0.000000 1.000000</float_array>
        <technique_common>
          <accessor source="#mixamorig_RightArm-Matrix-animation-output-transform-array" count="25" stride="16">
            <param type="float4x4"/>
          </accessor>
        </technique_common>
      </source>
      <source id="mixamorig_RightArm-Interpolations">
        <Name_array id="mixamorig_RightArm-Interpolations-array" count="25">
 LINEAR LINEAR LINEAR LINEAR LINEAR LINEAR LINEAR LINEAR LINEAR LINEAR LINEAR
LINEAR LINEAR LINEAR LINEAR LINEAR LINEAR LINEAR LINEAR LINEAR LINEAR LINEAR LINEAR
LINEAR LINEAR</Name_array>
        <technique_common>
          <accessor source="#mixamorig_RightArm-Interpolations-array" count="25">
            <param type="name"/>
          </accessor>
        </technique_common>
      </source>
      <sampler id="mixamorig_RightArm-Matrix-animation-transform">
        <input semantic="INPUT" source="#mixamorig_RightArm-Matrix-animation-input"/>
        <input semantic="OUTPUT" source="#mixamorig_RightArm-Matrix-animation-output-transform"/>
        <input semantic="INTERPOLATION" source="#mixamorig_RightArm-Interpolations"/>
      </sampler>
      <channel source="#mixamorig_RightArm-Matrix-animation-transform" target="mixamorig_RightArm/matrix"/>
    </animation>
    <animation id="mixamorig_RightForeArm-anim" name="mixamorig_RightForeArm">
      <source id="mixamorig_RightForeArm-Matrix-animation-input">
        <float_array id="mixamorig_RightForeArm-Matrix-animation-input-array" count="25">

0.000000 0.033333 0.066667 0.100000 0.133333 0.166667 0.200000 0.233333 0.266667 0.300000 0.333333 0.366667 0.400000 0.433333 0.466667 0.500000
0.533333 0.566667 0.600000 0.633333 0.666667 0.700000 0.733333 0.766667 0.800000</float_array>
        <technique_common>
          <accessor source="#mixamorig_RightForeArm-Matrix-animation-input-array" count="25">
            <param name="TIME" type="float"/>
          </accessor>
        </technique_common>
      </source>
      <source id="mixamorig_RightForeArm-Matrix-animation-output-transform">
        <float_array id="mixamorig_RightForeArm-Matrix-animation-output-transform-array" count="400">

0.459735 0.888056 -0.000000 0.000000 -0.888056 0.459735 -0.000000 34.109299 -0.000000 0.000000 1.000000 0.000000 0.000000 0.000000 0.000000 1.000000
0.408204 0.912891 -0.000000 0.000000 -0.912891 0.408204 -0.000000 34.109299 -0.000000 0.000000 1.000000 0.000000 0.000000 0.000000 0.000000 1.000000
0.335392 0.942079 0.000000 0.000000 -0.942079 0.335392 0.000000 34.109299 0.000000 -0.000000 1.000000 0.000000 0.000000 0.000000 0.000000 1.000000
0.251873 0.967760 -0.000000 -0.000000 -0.967760 0.251873 -0.000000 34.109299 -0.000000 0.000000 1.000000 0.000000 0.000000 0.000000 0.000000 1.000000
0.171348 0.985211 0.000000 0.000000 -0.985211 0.171348 0.000000 34.109299 0.000000 -0.000000 1.000000 0.000000 0.000000 0.000000 0.000000 1.000000
0.110708 0.993853 0.000000 -0.000000 -0.993853 0.110708 0.000000 34.109299 0.000000 -0.000000 1.000000 0.000000 0.000000 0.000000 0.000000 1.000000
0.079936 0.996800 -0.000000 0.000000 -0.996800 0.079936 0.000000 34.109299 0.000000 0.000000 1.000000 0.000000 0.000000 0.000000 0.000000 1.000000
0.083869 0.996477 -0.000000 0.000000 -0.996477 0.083869 -0.000000 34.109299 -0.000000 0.000000 1.000000 0.000000 0.000000 0.000000 0.000000 1.000000
0.117762 0.993042 0.000000 0.000000 -0.993042 0.117762 -0.000000 34.109299 -0.000000 -0.000000 1.000000 0.000000 0.000000 0.000000 0.000000 1.000000
0.187531 0.982259 -0.000000 0.000000 -0.982259 0.187531 0.000000 34.109299 0.000000 0.000000 1.000000 0.000000 0.000000 0.000000 0.000000 1.000000
0.304054 0.952655 0.000000 0.000000 -0.952655 0.304054 -0.000000 34.109299 -0.000000 -0.000000 1.000000 0.000000 0.000000 0.000000 0.000000 1.000000
0.443707 0.896172 0.000000 0.000000 -0.896172 0.443707 0.000000 34.109299 0.000000 -0.000000 1.000000 0.000000 0.000000 0.000000 0.000000 1.000000
0.571078 0.820896 0.000000 0.000000 -0.820896 0.571078 -0.000000 34.109299 -0.000000 -0.000000 1.000000 0.000000 0.000000 0.000000 0.000000 1.000000
0.646358 0.763034 0.000000 -0.000000 -0.763034 0.646358 0.000000 34.109299 -0.000000 -0.000000 1.000000 0.000000 0.000000 0.000000 0.000000 1.000000
0.663008 0.748612 -0.000000 0.000000 -0.748612 0.663008 -0.000000 34.109299 -0.000000 0.000000 1.000000 -0.000000 0.000000 0.000000 0.000000 1.000000
0.630119 0.776498 -0.000000 0.000000 -0.776498 0.630119 -0.000000 34.109299 0.000000 0.000000 1.000000 -0.000000 0.000000 0.000000 0.000000 1.000000
0.575681 0.817674 -0.000000 0.000000 -0.817674 0.575681 0.000000 34.109299 0.000000 0.000000 1.000000 0.000000 0.000000 0.000000 0.000000 1.000000
0.535206 0.844722 0.000000 0.000000 -0.844722 0.535206 0.000000 34.109299 0.000000 -0.000000 1.000000 0.000000 0.000000 0.000000 0.000000 1.000000
0.515351 0.856979 -0.000000 0.000000 -0.856979 0.515351 -0.000000 34.109299 -0.000000 0.000000 1.000000 -0.000000 0.000000 0.000000 0.000000 1.000000
0.500890 0.865511 -0.000000 0.000000 -0.865511 0.500890 0.000000 34.109299 0.000000 0.000000 1.000000 0.000000 0.000000 0.000000 0.000000 1.000000
0.479579 0.877499 0.000000 -0.000000 -0.877499 0.479579 -0.000000 34.109299 -0.000000 -0.000000 1.000000 0.000000 0.000000 0.000000 0.000000 1.000000
0.455186 0.890396 0.000000 0.000000 -0.890396 0.455186 0.000000 34.109299 0.000000 -0.000000 1.000000 0.000000 0.000000 0.000000 0.000000 1.000000
0.438729 0.898619 -0.000000 0.000000 -0.898619 0.438729 0.000000 34.109299 0.000000 0.000000 1.000000 0.000000 0.000000 0.000000 0.000000 1.000000
0.436974 0.899474 0.000000 0.000000 -0.899474 0.436974 -0.000000 34.109299 -0.000000 -0.000000 1.000000 -0.000000 0.000000 0.000000 0.000000 1.000000
0.459735 0.888056 -0.000000 -0.000000 -0.888056 0.459735 -0.000000 34.109299 -0.000000 0.000000 1.000000 0.000000 0.000000 0.000000 0.000000 1.000000</float_array>
        <technique_common>
          <accessor source="#mixamorig_RightForeArm-Matrix-animation-output-transform-array" count="25" stride="16">
            <param type="float4x4"/>
          </accessor>
        </technique_common>
      </source>
      <source id="mixamorig_RightForeArm-Interpolations">
        <Name_array id="mixamorig_RightForeArm-Interpolations-array" count="25">
 LINEAR LINEAR LINEAR LINEAR LINEAR LINEAR LINEAR LINEAR LINEAR LINEAR LINEAR
LINEAR LINEAR LINEAR LINEAR LINEAR LINEAR LINEAR LINEAR LINEAR LINEAR LINEAR LINEAR
LINEAR LINEAR</Name_array>
        <technique_common>
          <accessor source="#mixamorig_RightForeArm-Interpolations-array" count="25">
            <param type="name"/>
          </accessor>
        </technique_common>
      </source>
      <sampler id="mixamorig_RightForeArm-Matrix-animation-transform">
        <input semantic="INPUT" source="#mixamorig_RightForeArm-Matrix-animation-input"/>
        <input semantic="OUTPUT" source="#mixamorig_RightForeArm-Matrix-animation-output-transform"/>
        <input semantic="INTERPOLATION" source="#mixamorig_RightForeArm-Interpolations"/>
      </sampler>
      <channel source="#mixamorig_RightForeArm-Matrix-animation-transform" target="mixamorig_RightForeArm/matrix"/>
    </animation>
    <animation id="mixamorig_RightHand-anim" name="mixamorig_RightHand">
      <source id="mixamorig_RightHand-Matrix-animation-input">
        <float_array id="mixamorig_RightHand-Matrix-animation-input-array" count="25">

0.000000 0.033333 0.066667 0.100000 0.133333 0.166667 0.200000 0.233333 0.266667 0.300000 0.333333 0.366667 0.400000 0.433333 0.466667 0.500000
0.533333 0.566667 0.600000 0.633333 0.666667 0.700000 0.733333 0.766667 0.800000</float_array>
        <technique_common>
          <accessor source="#mixamorig_RightHand-Matrix-animation-input-array" count="25">
            <param name="TIME" type="float"/>
          </accessor>
        </technique_common>
      </source>
      <source id="mixamorig_RightHand-Matrix-animation-output-transform">
        <float_array id="mixamorig_RightHand-Matrix-animation-output-transform-array" count="400">

0.870126 0.045238 -0.490749 -0.000000 -0.198197 0.943824 -0.264411 41.076000 0.451219 0.327336 0.830212 -0.000000 0.000000 0.000000 0.000000 1.000000
0.908821 0.051537 -0.413991 -0.000000 -0.187320 0.937094 -0.294560 41.076000 0.372768 0.345251 0.861305 -0.000000 0.000000 0.000000 0.000000 1.000000
0.941817 0.045329 -0.333054 0.000000 -0.170223 0.918728 -0.356318 41.076000 0.289835 0.392280 0.872991 0.000000 0.000000 0.000000 0.000000 1.000000
0.962262 0.047464 -0.267953 0.000000 -0.154087 0.906643 -0.392754 41.076000 0.224296 0.419221 0.879742 -0.000000 0.000000 0.000000 0.000000 1.000000
0.968495 0.072289 -0.238312 0.000000 -0.151470 0.930577 -0.333291 41.076000 0.197674 0.358888 0.912209 0.000000 0.000000 0.000000 0.000000 1.000000
0.964682 0.121540 -0.233703 0.000000 -0.161042 0.974202 -0.158102 41.076000 0.208458 0.190154 0.959368 0.000000 0.000000 0.000000 0.000000 1.000000
0.954400 0.185940 -0.233552 -0.000000 -0.168743 0.981380 0.091754 41.076000 0.246264 -0.048160 0.968005 0.000000 0.000000 0.000000 0.000000 1.000000
0.944323 0.235914 -0.229342 -0.000000 -0.164948 0.942579 0.290409 41.076000 0.284685 -0.236411 0.929013 0.000000 0.000000 0.000000 0.000000 1.000000
0.940039 0.248801 -0.233291 -0.000000 -0.152875 0.918810 0.363892 41.076000 0.304887 -0.306408 0.901753 0.000000 0.000000 0.000000 0.000000 1.000000
0.939668 0.225495 -0.257247 0.000000 -0.135694 0.935996 0.324804 41.076000 0.314024 -0.270301 0.910124 0.000000 0.000000 0.000000 0.000000 1.000000
0.932985 0.191627 -0.304659 0.000000 -0.122966 0.965256 0.230566 41.076000 0.338257 -0.177652 0.924133 -0.000000 0.000000 0.000000 0.000000 1.000000
0.911111 0.185691 -0.367963 -0.000000 -0.135529 0.978093 0.158007 41.076000 0.389242 -0.094093 0.916317 0.000000 0.000000 0.000000 0.000000 1.000000
0.869765 0.231684 -0.435697 0.000000 -0.183172 0.971430 0.150904 41.076000 0.458211 -0.051443 0.887354 0.000000 0.000000 0.000000 0.000000 1.000000
0.815765 0.326883 -0.477153 0.000000 -0.247791 0.942952 0.222352 41.076000 0.522616 -0.063153 0.850226 0.000000 0.000000 0.000000 0.000000 1.000000
0.774528 0.411900 -0.480047 -0.000000 -0.289530 0.905609 0.309910 41.076000 0.562387 -0.101046 0.820677 -0.000000 0.000000 0.000000 0.000000 1.000000
0.766439 0.442830 -0.465267 0.000000 -0.293286 0.885709 0.359864 41.076000 0.571450 -0.139358 0.808718 0.000000 0.000000 0.000000 0.000000 1.000000
0.781853 0.414022 -0.466146 -0.000000 -0.266977 0.897985 0.349781 41.076000 0.563409 -0.149027 0.812626 0.000000 0.000000 0.000000 0.000000 1.000000
0.789345 0.368558 -0.491018 0.000000 -0.240496 0.921472 0.305043 41.076000 0.564885 -0.122696 0.815996 0.000000 0.000000 0.000000 0.000000 1.000000
0.784881 0.324104 -0.528127 0.000000 -0.223172 0.942963 0.247012 41.076000 0.578062 -0.076012 0.812445 0.000000 0.000000 0.000000 0.000000 1.000000
0.784740 0.277133 -0.554419 0.000000 -0.201812 0.959977 0.194206 41.076000 0.586050 -0.040513 0.809261 0.000000 0.000000 0.000000 0.000000 1.000000
0.796173 0.223490 -0.562282 0.000000 -0.172017 0.974545 0.143781 41.076000 0.580102 -0.017752 0.814350 0.000000 0.000000 0.000000 0.000000 1.000000
0.811500 0.161434 -0.561610 -0.000000 -0.146037 0.986613 0.072583 41.076000 0.565809 0.023115 0.824212 0.000000 0.000000 0.000000 0.000000 1.000000
0.819891 0.086858 -0.565893 0.000000 -0.140902 0.988636 -0.052401 41.076000 0.554911 0.122698 0.822812 0.000000 0.000000 0.000000 0.000000 1.000000
0.831806 0.031520 -0.554171 0.000000 -0.162103 0.968657 -0.188220 41.076000 0.530869 0.246396 0.810844 0.000000 0.000000 0.000000 0.000000 1.000000
0.870126 0.045238 -0.490749 0.000000 -0.198197 0.943825 -0.264411 41.076000 0.451220 0.327336 0.830212 0.000000 0.000000 0.000000 0.000000 1.000000</float_array>
        <technique_common>
          <accessor source="#mixamorig_RightHand-Matrix-animation-output-transform-array" count="25" stride="16">
            <param type="float4x4"/>
          </accessor>
        </technique_common>
      </source>
      <source id="mixamorig_RightHand-Interpolations">
        <Name_array id="mixamorig_RightHand-Interpolations-array" count="25">
 LINEAR LINEAR LINEAR LINEAR LINEAR LINEAR LINEAR LINEAR LINEAR LINEAR LINEAR
LINEAR LINEAR LINEAR LINEAR LINEAR LINEAR LINEAR LINEAR LINEAR LINEAR LINEAR LINEAR
LINEAR LINEAR</Name_array>
        <technique_common>
          <accessor source="#mixamorig_RightHand-Interpolations-array" count="25">
            <param type="name"/>
          </accessor>
        </technique_common>
      </source>
      <sampler id="mixamorig_RightHand-Matrix-animation-transform">
        <input semantic="INPUT" source="#mixamorig_RightHand-Matrix-animation-input"/>
        <input semantic="OUTPUT" source="#mixamorig_RightHand-Matrix-animation-output-transform"/>
        <input semantic="INTERPOLATION" source="#mixamorig_RightHand-Interpolations"/>
      </sampler>
      <channel source="#mixamorig_RightHand-Matrix-animation-transform" target="mixamorig_RightHand/matrix"/>
    </animation>
    <animation id="mixamorig_RightHandThumb1-anim" name="mixamorig_RightHandThumb1">
      <source id="mixamorig_RightHandThumb1-Matrix-animation-input">
        <float_array id="mixamorig_RightHandThumb1-Matrix-animation-input-array" count="25">

0.000000 0.033333 0.066667 0.100000 0.133333 0.166667 0.200000 0.233333 0.266667 0.300000 0.333333 0.366667 0.400000 0.433333 0.466667 0.500000
0.533333 0.566667 0.600000 0.633333 0.666667 0.700000 0.733333 0.766667 0.800000</float_array>
        <technique_common>
          <accessor source="#mixamorig_RightHandThumb1-Matrix-animation-input-array" count="25">
            <param name="TIME" type="float"/>
          </accessor>
        </technique_common>
      </source>
      <source id="mixamorig_RightHandThumb1-Matrix-animation-output-transform">
        <float_array id="mixamorig_RightHandThumb1-Matrix-animation-output-transform-array" count="400">

0.874678 0.434099 -0.215633 9.706200 -0.484139 0.760944 -0.431942 9.903700 -0.023421 0.482206 0.875745 7.214200 0.000000 0.000000 0.000000 1.000000
0.866410 0.450079 -0.216245 9.706200 -0.498277 0.751149 -0.433007 9.903700 -0.032456 0.482911 0.875068 7.214200 0.000000 0.000000 0.000000 1.000000
0.848650 0.482093 -0.217669 9.706200 -0.526502 0.730292 -0.435280 9.903700 -0.050884 0.484004 0.873585 7.214200 0.000000 0.000000 0.000000 1.000000
0.821918 0.525472 -0.219840 9.706200 -0.564436 0.699476 -0.438344 9.903700 -0.076565 0.484369 0.871507 7.214200 0.000000 0.000000 0.000000 1.000000
0.787916 0.574160 -0.222551 9.706200 -0.606511 0.661113 -0.441672 9.903700 -0.106459 0.482980 0.869136 7.214200 0.000000 0.000000 0.000000 1.000000
0.753275 0.617933 -0.225246 9.706200 -0.643821 0.622784 -0.444561 9.903700 -0.134429 0.479895 0.866966 7.214200 0.000000 0.000000 0.000000 1.000000
0.724496 0.650668 -0.227458 9.706200 -0.671365 0.591390 -0.446685 9.903700 -0.156127 0.476329 0.865295 7.214200 0.000000 0.000000 0.000000 1.000000
0.707963 0.668174 -0.228762 9.706200 -0.685965 0.573484 -0.447849 9.903700 -0.168050 0.473983 0.864349 7.214200 0.000000 0.000000 0.000000 1.000000
0.702251 0.674009 -0.229250 9.706200 -0.690819 0.567295 -0.448269 9.903700 -0.172085 0.473168 0.864002 7.214200 0.000000 0.000000 0.000000 1.000000
0.704438 0.671773 -0.229104 9.706200 -0.688972 0.569637 -0.448143 9.903700 -0.170544 0.473535 0.864106 7.214200 0.000000 0.000000 0.000000 1.000000
0.711302 0.664691 -0.228552 9.706200 -0.683083 0.577055 -0.447666 9.903700 -0.165672 0.474546 0.864499 7.214200 0.000000 0.000000 0.000000 1.000000
0.720451 0.655020 -0.227813 9.706200 -0.675013 0.586972 -0.447013 9.903700 -0.159083 0.475828 0.865032 7.214200 0.000000 0.000000 0.000000 1.000000
0.731711 0.642734 -0.226918 9.706200 -0.664721 0.599211 -0.446197 9.903700 -0.150814 0.477325 0.865688 7.214200 0.000000 0.000000 0.000000 1.000000
0.745520 0.627056 -0.225835 9.706200 -0.651524 0.614285 -0.445162 9.903700 -0.140414 0.479014 0.866504 7.214200 0.000000 0.000000 0.000000 1.000000
0.761135 0.608461 -0.224607 9.706200 -0.635780 0.631439 -0.443924 9.903700 -0.128285 0.480687 0.867458 7.214200 0.000000 0.000000 0.000000 1.000000
0.777765 0.587556 -0.223292 9.706200 -0.617964 0.649846 -0.442516 9.903700 -0.114897 0.482160 0.868516 7.214200 0.000000 0.000000 0.000000 1.000000
0.794577 0.565138 -0.221960 9.706200 -0.598735 0.668612 -0.440993 9.903700 -0.100816 0.483298 0.869632 7.214200 0.000000 0.000000 0.000000 1.000000
0.810789 0.542146 -0.220677 9.706200 -0.578889 0.686874 -0.439423 9.903700 -0.086654 0.484027 0.870752 7.214200 0.000000 0.000000 0.000000 1.000000
0.825993 0.519197 -0.219477 9.706200 -0.558962 0.704166 -0.437850 9.903700 -0.072782 0.484340 0.871847 7.214200 0.000000 0.000000 0.000000 1.000000
0.839710 0.497183 -0.218396 9.706200 -0.539743 0.719923 -0.436335 9.903700 -0.059710 0.484272 0.872878 7.214200 0.000000 0.000000 0.000000 1.000000
0.851626 0.476912 -0.217456 9.706200 -0.521959 0.733752 -0.434932 9.903700 -0.047866 0.483903 0.873812 7.214200 0.000000 0.000000 0.000000 1.000000
0.861368 0.459449 -0.216685 9.706200 -0.506573 0.745167 -0.433716 9.903700 -0.037803 0.483356 0.874607 7.214200 0.000000 0.000000 0.000000 1.000000
0.868288 0.446499 -0.216137 9.706200 -0.495127 0.753343 -0.432808 9.903700 -0.030424 0.482817 0.875193 7.214200 0.000000 0.000000 0.000000 1.000000
0.872719 0.437948 -0.215786 9.706200 -0.487552 0.758609 -0.432209 9.903700 -0.025588 0.482404 0.875575 7.214200 0.000000 0.000000 0.000000 1.000000
0.874678 0.434099 -0.215633 9.706200 -0.484139 0.760944 -0.431942 9.903700 -0.023421 0.482206 0.875745 7.214200 0.000000 0.000000 0.000000 1.000000</float_array>
        <technique_common>
          <accessor source="#mixamorig_RightHandThumb1-Matrix-animation-output-transform-array" count="25" stride="16">
            <param type="float4x4"/>
          </accessor>
        </technique_common>
      </source>
      <source id="mixamorig_RightHandThumb1-Interpolations">
        <Name_array id="mixamorig_RightHandThumb1-Interpolations-array" count="25">
 LINEAR LINEAR LINEAR LINEAR LINEAR LINEAR LINEAR LINEAR LINEAR LINEAR LINEAR
LINEAR LINEAR LINEAR LINEAR LINEAR LINEAR LINEAR LINEAR LINEAR LINEAR LINEAR LINEAR
LINEAR LINEAR</Name_array>
        <technique_common>
          <accessor source="#mixamorig_RightHandThumb1-Interpolations-array" count="25">
            <param type="name"/>
          </accessor>
        </technique_common>
      </source>
      <sampler id="mixamorig_RightHandThumb1-Matrix-animation-transform">
        <input semantic="INPUT" source="#mixamorig_RightHandThumb1-Matrix-animation-input"/>
        <input semantic="OUTPUT" source="#mixamorig_RightHandThumb1-Matrix-animation-output-transform"/>
        <input semantic="INTERPOLATION" source="#mixamorig_RightHandThumb1-Interpolations"/>
      </sampler>
      <channel source="#mixamorig_RightHandThumb1-Matrix-animation-transform" target="mixamorig_RightHandThumb1/matrix"/>
    </animation>
    <animation id="mixamorig_RightHandThumb2-anim" name="mixamorig_RightHandThumb2">
      <source id="mixamorig_RightHandThumb2-Matrix-animation-input">
        <float_array id="mixamorig_RightHandThumb2-Matrix-animation-input-array" count="25">

0.000000 0.033333 0.066667 0.100000 0.133333 0.166667 0.200000 0.233333 0.266667 0.300000 0.333333 0.366667 0.400000 0.433333 0.466667 0.500000
0.533333 0.566667 0.600000 0.633333 0.666667 0.700000 0.733333 0.766667 0.800000</float_array>
        <technique_common>
          <accessor source="#mixamorig_RightHandThumb2-Matrix-animation-input-array" count="25">
            <param name="TIME" type="float"/>
          </accessor>
        </technique_common>
      </source>
      <source id="mixamorig_RightHandThumb2-Matrix-animation-output-transform">
        <float_array id="mixamorig_RightHandThumb2-Matrix-animation-output-transform-array" count="400">

0.903922 -0.414483 -0.105494 0.000000 0.427473 0.883524 0.191448 2.369600 0.013855 -0.218150 0.975817 0.000000 0.000000 0.000000 0.000000 1.000000
0.910048 -0.399757 -0.109575 0.000000 0.413927 0.890376 0.189461 2.369600 0.021824 -0.217775 0.975755 0.000000 0.000000 0.000000 0.000000 1.000000
0.921725 -0.369466 -0.117974 0.000000 0.385975 0.903644 0.185606 2.369600 0.038031 -0.216613 0.975516 0.000000 0.000000 0.000000 0.000000 1.000000
0.936167 -0.326697 -0.129845 0.000000 0.346309 0.920559 0.180671 2.369600 0.060505 -0.214104 0.974935 0.000000 0.000000 0.000000 0.000000 1.000000
0.950299 -0.276084 -0.143908 0.000000 0.299080 0.937938 0.175564 2.369600 0.086507 -0.209879 0.973893 0.000000 0.000000 0.000000 0.000000 1.000000
0.960894 -0.227894 -0.157314 0.000000 0.253833 0.951938 0.171413 2.369600 0.110689 -0.204641 0.972559 0.000000 0.000000 0.000000 0.000000 1.000000
0.967337 -0.189935 -0.167883 -0.000000 0.218007 0.961271 0.168615 2.369600 0.129355 -0.199707 0.971280 0.000000 0.000000 0.000000 0.000000 1.000000
0.970204 -0.168858 -0.173755 0.000000 0.198047 0.965820 0.167238 2.369600 0.139577 -0.196667 0.970485 0.000000 0.000000 0.000000 0.000000 1.000000
0.971065 -0.161691 -0.175753 0.000000 0.191248 0.967266 0.166798 2.369600 0.143030 -0.195584 0.970201 0.000000 0.000000 0.000000 0.000000 1.000000
0.970743 -0.164431 -0.174989 0.000000 0.193847 0.966719 0.166965 2.369600 0.141711 -0.196001 0.970310 0.000000 0.000000 0.000000 0.000000 1.000000
0.969670 -0.173079 -0.172579 0.000000 0.202047 0.964945 0.167504 2.369600 0.137538 -0.197293 0.970649 0.000000 0.000000 0.000000 0.000000 1.000000
0.968091 -0.184734 -0.169332 0.000000 0.213086 0.962435 0.168264 2.369600 0.131887 -0.198977 0.971089 0.000000 0.000000 0.000000 0.000000 1.000000
0.965902 -0.199293 -0.165277 0.000000 0.226854 0.959107 0.169267 2.369600 0.124785 -0.200989 0.971613 0.000000 0.000000 0.000000 0.000000 1.000000
0.962824 -0.217493 -0.160209 0.000000 0.244033 0.954642 0.170605 2.369600 0.115837 -0.203359 0.972228 -0.000000 0.000000 0.000000 0.000000 1.000000
0.958783 -0.238567 -0.154343 0.000000 0.263877 0.949047 0.172274 2.369600 0.105380 -0.205901 0.972882 -0.000000 0.000000 0.000000 0.000000 1.000000
0.953762 -0.261643 -0.147924 0.000000 0.285548 0.942390 0.174249 2.369600 0.093812 -0.208431 0.973527 0.000000 0.000000 0.000000 0.000000 1.000000
0.947852 -0.285710 -0.141233 0.000000 0.308085 0.934848 0.176476 2.369600 0.081610 -0.210784 0.974120 -0.000000 0.000000 0.000000 0.000000 1.000000
0.941261 -0.309712 -0.134563 0.000000 0.330493 0.926704 0.178870 2.369600 0.069302 -0.212835 0.974627 -0.000000 0.000000 0.000000 0.000000 1.000000
0.934177 -0.333027 -0.128088 0.000000 0.352193 0.918187 0.181364 2.369600 0.057209 -0.214538 0.975039 -0.000000 0.000000 0.000000 0.000000 1.000000
0.926934 -0.354824 -0.122037 0.000000 0.372421 0.909671 0.183851 2.369600 0.045779 -0.215867 0.975349 0.000000 0.000000 0.000000 0.000000 1.000000
0.919894 -0.374433 -0.116597 0.000000 0.390566 0.901544 0.186218 2.369600 0.035391 -0.216839 0.975566 -0.000000 0.000000 0.000000 0.000000 1.000000
0.913556 -0.390987 -0.112006 0.000000 0.405847 0.894330 0.188314 2.369600 0.026542 -0.217493 0.975701 -0.000000 0.000000 0.000000 0.000000 1.000000
0.908697 -0.403067 -0.108658 0.000000 0.416975 0.888859 0.189901 2.369600 0.020038 -0.217870 0.975772 0.000000 0.000000 0.000000 0.000000 1.000000
0.905417 -0.410955 -0.106472 0.000000 0.424231 0.885190 0.190965 2.369600 0.015770 -0.218072 0.975805 0.000000 0.000000 0.000000 0.000000 1.000000
0.903922 -0.414483 -0.105494 0.000000 0.427473 0.883524 0.191448 2.369600 0.013855 -0.218150 0.975817 -0.000000 0.000000 0.000000 0.000000 1.000000</float_array>
        <technique_common>
          <accessor source="#mixamorig_RightHandThumb2-Matrix-animation-output-transform-array" count="25" stride="16">
            <param type="float4x4"/>
          </accessor>
        </technique_common>
      </source>
      <source id="mixamorig_RightHandThumb2-Interpolations">
        <Name_array id="mixamorig_RightHandThumb2-Interpolations-array" count="25">
 LINEAR LINEAR LINEAR LINEAR LINEAR LINEAR LINEAR LINEAR LINEAR LINEAR LINEAR
LINEAR LINEAR LINEAR LINEAR LINEAR LINEAR LINEAR LINEAR LINEAR LINEAR LINEAR LINEAR
LINEAR LINEAR</Name_array>
        <technique_common>
          <accessor source="#mixamorig_RightHandThumb2-Interpolations-array" count="25">
            <param type="name"/>
          </accessor>
        </technique_common>
      </source>
      <sampler id="mixamorig_RightHandThumb2-Matrix-animation-transform">
        <input semantic="INPUT" source="#mixamorig_RightHandThumb2-Matrix-animation-input"/>
        <input semantic="OUTPUT" source="#mixamorig_RightHandThumb2-Matrix-animation-output-transform"/>
        <input semantic="INTERPOLATION" source="#mixamorig_RightHandThumb2-Interpolations"/>
      </sampler>
      <channel source="#mixamorig_RightHandThumb2-Matrix-animation-transform" target="mixamorig_RightHandThumb2/matrix"/>
    </animation>
    <animation id="mixamorig_RightHandThumb3-anim" name="mixamorig_RightHandThumb3">
      <source id="mixamorig_RightHandThumb3-Matrix-animation-input">
        <float_array id="mixamorig_RightHandThumb3-Matrix-animation-input-array" count="25">

0.000000 0.033333 0.066667 0.100000 0.133333 0.166667 0.200000 0.233333 0.266667 0.300000 0.333333 0.366667 0.400000 0.433333 0.466667 0.500000
0.533333 0.566667 0.600000 0.633333 0.666667 0.700000 0.733333 0.766667 0.800000</float_array>
        <technique_common>
          <accessor source="#mixamorig_RightHandThumb3-Matrix-animation-input-array" count="25">
            <param name="TIME" type="float"/>
          </accessor>
        </technique_common>
      </source>
      <source id="mixamorig_RightHandThumb3-Matrix-animation-output-transform">
        <float_array id="mixamorig_RightHandThumb3-Matrix-animation-output-transform-array" count="400">

0.940959 0.328090 0.083383 -0.000000 -0.330915 0.839560 0.430852 2.785100 0.071353 -0.433007 0.898562 0.000000 0.000000 0.000000 0.000000 1.000000
0.936954 0.339386 0.083274 -0.000000 -0.340928 0.835448 0.431039 2.785100 0.076717 -0.432255 0.898482 0.000000 0.000000 0.000000 0.000000 1.000000
0.928377 0.362239 0.083060 0.000000 -0.361165 0.826701 0.431423 2.785100 0.087612 -0.430522 0.898318 -0.000000 0.000000 0.000000 0.000000 1.000000
0.915510 0.393687 0.082780 0.000000 -0.388966 0.813703 0.431964 2.785100 0.102700 -0.427666 0.898084 0.000000 0.000000 0.000000 0.000000 1.000000
0.899168 0.429760 0.082478 0.000000 -0.420785 0.797367 0.432604 2.785100 0.120151 -0.423689 0.897804 0.000000 0.000000 0.000000 0.000000 1.000000
0.882512 0.463046 0.082219 0.000000 -0.450076 0.780870 0.433214 2.785100 0.136395 -0.419321 0.897533 0.000000 0.000000 0.000000 0.000000 1.000000
0.868647 0.488592 0.082036 -0.000000 -0.472508 0.767232 0.433695 2.785100 0.148960 -0.415490 0.897318 -0.000000 0.000000 0.000000 0.000000 1.000000
0.860666 0.502533 0.081940 0.000000 -0.484730 0.759417 0.433962 2.785100 0.155854 -0.413216 0.897197 0.000000 0.000000 0.000000 0.000000 1.000000
0.857906 0.507235 0.081909 0.000000 -0.488850 0.756719 0.434054 2.785100 0.158185 -0.412419 0.897156 0.000000 0.000000 0.000000 0.000000 1.000000
0.858964 0.505439 0.081921 -0.000000 -0.487277 0.757753 0.434018 2.785100 0.157294 -0.412725 0.897172 0.000000 0.000000 0.000000 0.000000 1.000000
0.862280 0.499755 0.081959 0.000000 -0.482296 0.760995 0.433909 2.785100 0.154478 -0.413680 0.897221 -0.000000 0.000000 0.000000 0.000000 1.000000
0.866697 0.492048 0.082012 -0.000000 -0.475539 0.765320 0.433761 2.785100 0.150666 -0.414938 0.897288 0.000000 0.000000 0.000000 0.000000 1.000000
0.872126 0.482348 0.082079 0.000000 -0.467028 0.770647 0.433576 2.785100 0.145880 -0.416466 0.897371 -0.000000 0.000000 0.000000 0.000000 1.000000
0.878778 0.470104 0.082167 -0.000000 -0.456277 0.777189 0.433345 2.785100 0.139858 -0.418305 0.897474 0.000000 0.000000 0.000000 0.000000 1.000000
0.886292 0.455760 0.082275 0.000000 -0.443670 0.784602 0.433078 2.785100 0.132827 -0.420337 0.897593 0.000000 0.000000 0.000000 0.000000 1.000000
0.894288 0.439840 0.082398 -0.000000 -0.429662 0.792519 0.432786 2.785100 0.125055 -0.422439 0.897723 0.000000 0.000000 0.000000 0.000000 1.000000
0.902368 0.422990 0.082533 -0.000000 -0.414820 0.800552 0.432482 2.785100 0.116864 -0.424494 0.897857 0.000000 0.000000 0.000000 0.000000 1.000000
0.910159 0.405926 0.082675 0.000000 -0.399770 0.808335 0.432179 2.785100 0.108604 -0.426402 0.897990 0.000000 0.000000 0.000000 0.000000 1.000000
0.917469 0.389091 0.082820 0.000000 -0.384907 0.815674 0.431884 2.785100 0.100488 -0.428118 0.898119 0.000000 0.000000 0.000000 0.000000 1.000000
0.924071 0.373110 0.082961 0.000000 -0.370782 0.822335 0.431608 2.785100 0.092815 -0.429597 0.898238 0.000000 0.000000 0.000000 0.000000 1.000000
0.929814 0.358526 0.083095 0.000000 -0.357879 0.828161 0.431360 2.785100 0.085838 -0.430822 0.898345 0.000000 0.000000 0.000000 0.000000 1.000000
0.934517 0.346054 0.083211 0.000000 -0.346836 0.832955 0.431150 2.785100 0.079890 -0.431778 0.898435 0.000000 0.000000 0.000000 0.000000 1.000000
0.937864 0.336857 0.083299 0.000000 -0.338687 0.836380 0.430997 2.785100 0.075515 -0.432429 0.898500 0.000000 0.000000 0.000000 0.000000 1.000000
0.940010 0.330807 0.083357 -0.000000 -0.333324 0.838584 0.430897 2.785100 0.072642 -0.432832 0.898543 -0.000000 0.000000 0.000000 0.000000 1.000000
0.940959 0.328090 0.083383 0.000000 -0.330914 0.839561 0.430852 2.785100 0.071353 -0.433007 0.898562 0.000000 0.000000 0.000000 0.000000 1.000000</float_array>
        <technique_common>
          <accessor source="#mixamorig_RightHandThumb3-Matrix-animation-output-transform-array" count="25" stride="16">
            <param type="float4x4"/>
          </accessor>
        </technique_common>
      </source>
      <source id="mixamorig_RightHandThumb3-Interpolations">
        <Name_array id="mixamorig_RightHandThumb3-Interpolations-array" count="25">
 LINEAR LINEAR LINEAR LINEAR LINEAR LINEAR LINEAR LINEAR LINEAR LINEAR LINEAR
LINEAR LINEAR LINEAR LINEAR LINEAR LINEAR LINEAR LINEAR LINEAR LINEAR LINEAR LINEAR
LINEAR LINEAR</Name_array>
        <technique_common>
          <accessor source="#mixamorig_RightHandThumb3-Interpolations-array" count="25">
            <param type="name"/>
          </accessor>
        </technique_common>
      </source>
      <sampler id="mixamorig_RightHandThumb3-Matrix-animation-transform">
        <input semantic="INPUT" source="#mixamorig_RightHandThumb3-Matrix-animation-input"/>
        <input semantic="OUTPUT" source="#mixamorig_RightHandThumb3-Matrix-animation-output-transform"/>
        <input semantic="INTERPOLATION" source="#mixamorig_RightHandThumb3-Interpolations"/>
      </sampler>
      <channel source="#mixamorig_RightHandThumb3-Matrix-animation-transform" target="mixamorig_RightHandThumb3/matrix"/>
    </animation>
    <animation id="mixamorig_RightHandIndex1-anim" name="mixamorig_RightHandIndex1">
      <source id="mixamorig_RightHandIndex1-Matrix-animation-input">
        <float_array id="mixamorig_RightHandIndex1-Matrix-animation-input-array" count="25">

0.000000 0.033333 0.066667 0.100000 0.133333 0.166667 0.200000 0.233333 0.266667 0.300000 0.333333 0.366667 0.400000 0.433333 0.466667 0.500000
0.533333 0.566667 0.600000 0.633333 0.666667 0.700000 0.733333 0.766667 0.800000</float_array>
        <technique_common>
          <accessor source="#mixamorig_RightHandIndex1-Matrix-animation-input-array" count="25">
            <param name="TIME" type="float"/>
          </accessor>
        </technique_common>
      </source>
      <source id="mixamorig_RightHandIndex1-Matrix-animation-output-transform">
        <float_array id="mixamorig_RightHandIndex1-Matrix-animation-output-transform-array" count="400">

0.997023 0.060507 0.047782 4.736600 -0.006127 0.679975 -0.733210 18.296400 -0.076855 0.730735 0.678322 0.973900 0.000000 0.000000 0.000000 1.000000
0.997093 0.061021 0.045623 4.736600 -0.009972 0.698166 -0.715867 18.296400 -0.075535 0.713331 0.696745 0.973900 0.000000 0.000000 0.000000 1.000000
0.997234 0.061920 0.041110 4.736600 -0.017784 0.735835 -0.676927 18.296400 -0.072166 0.674323 0.734901 0.973900 0.000000 0.000000 0.000000 1.000000
0.997396 0.063127 0.034865 4.736600 -0.028140 0.785821 -0.617813 18.296400 -0.066399 0.615223 0.785552 0.973900 0.000000 0.000000 0.000000 1.000000
0.997533 0.064526 0.027662 4.736600 -0.039342 0.840112 -0.540985 18.296400 -0.058147 0.538562 0.840577 0.973900 0.000000 0.000000 0.000000 1.000000
0.997589 0.066237 0.020705 4.736600 -0.049541 0.888643 -0.455917 18.296400 -0.048598 0.453792 0.889782 0.973900 0.000000 0.000000 0.000000 1.000000
0.997538 0.068624 0.014477 4.736600 -0.058564 0.928603 -0.366424 18.296400 -0.038588 0.364674 0.930335 0.973900 0.000000 0.000000 0.000000 1.000000
0.997336 0.072377 0.009056 4.736600 -0.067237 0.960357 -0.270542 18.296400 -0.028278 0.269213 0.962666 0.973900 0.000000 0.000000 0.000000 1.000000
0.996989 0.077421 0.004440 4.736600 -0.075538 0.982507 -0.170216 18.296400 -0.017541 0.169368 0.985397 0.973900 0.000000 0.000000 0.000000 1.000000
0.996562 0.082841 0.000974 4.736600 -0.082513 0.993529 -0.078054 18.296400 -0.007434 0.077705 0.996949 0.973900 0.000000 0.000000 0.000000 1.000000
0.996208 0.087002 -0.000916 4.736600 -0.087003 0.996022 -0.019265 18.296400 -0.000764 0.019272 0.999814 0.973900 0.000000 0.000000 0.000000 1.000000
0.995996 0.089384 -0.001450 4.736600 -0.089386 0.995996 -0.001554 18.296400 0.001306 0.001677 0.999998 0.973900 0.000000 0.000000 0.000000 1.000000
0.995913 0.090313 -0.000858 4.736600 -0.090311 0.995691 -0.021055 18.296400 -0.001047 0.021046 0.999778 0.973900 0.000000 0.000000 0.000000 1.000000
0.995909 0.090356 0.000788 4.736600 -0.090088 0.993552 -0.068830 18.296400 -0.007002 0.068478 0.997628 0.973900 0.000000 0.000000 0.000000 1.000000
0.995948 0.089876 0.003271 4.736600 -0.088662 0.987295 -0.131861 18.296400 -0.015080 0.131037 0.991263 0.973900 0.000000 0.000000 0.000000 1.000000
0.996030 0.088771 0.006597 4.736600 -0.085524 0.974883 -0.205641 18.296400 -0.024686 0.204260 0.978605 0.973900 0.000000 0.000000 0.000000 1.000000
0.996173 0.086719 0.010894 4.736600 -0.079931 0.954346 -0.287811 18.296400 -0.035355 0.285839 0.957625 0.973900 0.000000 0.000000 0.000000 1.000000
0.996351 0.083832 0.016008 4.736600 -0.071835 0.925006 -0.373100 18.296400 -0.046086 0.370589 0.927653 0.973900 0.000000 0.000000 0.000000 1.000000
0.996539 0.080221 0.021784 4.736600 -0.061433 0.887278 -0.457125 18.296400 -0.055999 0.454205 0.889136 0.973900 0.000000 0.000000 0.000000 1.000000
0.996720 0.075964 0.027897 4.736600 -0.049307 0.843420 -0.534987 18.296400 -0.064169 0.531857 0.844399 0.973900 0.000000 0.000000 0.000000 1.000000
0.996861 0.071542 0.033921 4.736600 -0.036673 0.796904 -0.602992 18.296400 -0.070171 0.599855 0.797026 0.973900 0.000000 0.000000 0.000000 1.000000
0.996951 0.067359 0.039391 4.736600 -0.024818 0.752306 -0.658346 18.296400 -0.073980 0.655361 0.751684 0.973900 0.000000 0.000000 0.000000 1.000000
0.996998 0.063980 0.043605 4.736600 -0.015479 0.716513 -0.697402 18.296400 -0.075864 0.694633 0.715353 0.973900 0.000000 0.000000 0.000000 1.000000
0.997017 0.061635 0.046466 4.736600 -0.009095 0.691602 -0.722222 18.296400 -0.076650 0.719645 0.690099 0.973900 0.000000 0.000000 0.000000 1.000000
0.997023 0.060508 0.047782 4.736600 -0.006128 0.679975 -0.733210 18.296400 -0.076855 0.730734 0.678322 0.973900 0.000000 0.000000 0.000000 1.000000</float_array>
        <technique_common>
          <accessor source="#mixamorig_RightHandIndex1-Matrix-animation-output-transform-array" count="25" stride="16">
            <param type="float4x4"/>
          </accessor>
        </technique_common>
      </source>
      <source id="mixamorig_RightHandIndex1-Interpolations">
        <Name_array id="mixamorig_RightHandIndex1-Interpolations-array" count="25">
 LINEAR LINEAR LINEAR LINEAR LINEAR LINEAR LINEAR LINEAR LINEAR LINEAR LINEAR
LINEAR LINEAR LINEAR LINEAR LINEAR LINEAR LINEAR LINEAR LINEAR LINEAR LINEAR LINEAR
LINEAR LINEAR</Name_array>
        <technique_common>
          <accessor source="#mixamorig_RightHandIndex1-Interpolations-array" count="25">
            <param type="name"/>
          </accessor>
        </technique_common>
      </source>
      <sampler id="mixamorig_RightHandIndex1-Matrix-animation-transform">
        <input semantic="INPUT" source="#mixamorig_RightHandIndex1-Matrix-animation-input"/>
        <input semantic="OUTPUT" source="#mixamorig_RightHandIndex1-Matrix-animation-output-transform"/>
        <input semantic="INTERPOLATION" source="#mixamorig_RightHandIndex1-Interpolations"/>
      </sampler>
      <channel source="#mixamorig_RightHandIndex1-Matrix-animation-transform" target="mixamorig_RightHandIndex1/matrix"/>
    </animation>
    <animation id="mixamorig_RightHandIndex2-anim" name="mixamorig_RightHandIndex2">
      <source id="mixamorig_RightHandIndex2-Matrix-animation-input">
        <float_array id="mixamorig_RightHandIndex2-Matrix-animation-input-array" count="25">

0.000000 0.033333 0.066667 0.100000 0.133333 0.166667 0.200000 0.233333 0.266667 0.300000 0.333333 0.366667 0.400000 0.433333 0.466667 0.500000
0.533333 0.566667 0.600000 0.633333 0.666667 0.700000 0.733333 0.766667 0.800000</float_array>
        <technique_common>
          <accessor source="#mixamorig_RightHandIndex2-Matrix-animation-input-array" count="25">
            <param name="TIME" type="float"/>
          </accessor>
        </technique_common>
      </source>
      <source id="mixamorig_RightHandIndex2-Matrix-animation-output-transform">
        <float_array id="mixamorig_RightHandIndex2-Matrix-animation-output-transform-array" count="400">

0.998865 -0.045501 0.014113 -0.000000 0.045501 0.823433 -0.565586 4.698000 0.014113 0.565586 0.824569 0.000000 0.000000 0.000000 0.000000 1.000000
0.998976 -0.043417 0.012729 0.000000 0.043417 0.840748 -0.539683 4.698000 0.012729 0.539683 0.841772 0.000000 0.000000 0.000000 0.000000 1.000000
0.999189 -0.038989 0.010084 0.000000 0.038989 0.873845 -0.484639 4.698000 0.010084 0.484639 0.874656 0.000000 0.000000 0.000000 0.000000 1.000000
0.999447 -0.032521 0.006868 0.000000 0.032521 0.914075 -0.404238 4.698000 0.006868 0.404238 0.914628 -0.000000 0.000000 0.000000 0.000000 1.000000
0.999691 -0.024572 0.003845 0.000000 0.024572 0.951894 -0.305441 4.698000 0.003845 0.305441 0.952203 -0.000000 0.000000 0.000000 0.000000 1.000000
0.999860 -0.016644 0.001740 0.000000 0.016644 0.978224 -0.206886 4.698000 0.001741 0.206886 0.978364 0.000000 0.000000 0.000000 0.000000 1.000000
0.999951 -0.009860 0.000606 -0.000000 0.009860 0.992411 -0.122569 4.698000 0.000607 0.122569 0.992460 -0.000000 0.000000 0.000000 0.000000 1.000000
0.999987 -0.005065 0.000160 -0.000000 0.005065 0.998003 -0.062959 4.698000 0.000159 0.062959 0.998016 -0.000000 0.000000 0.000000 0.000000 1.000000
0.999998 -0.001956 0.000024 0.000000 0.001956 0.999703 -0.024310 4.698000 0.000024 0.024310 0.999704 0.000000 0.000000 0.000000 0.000000 1.000000
1.000000 -0.000292 0.000001 -0.000000 0.000292 0.999993 -0.003635 4.698000 0.000001 0.003635 0.999993 0.000000 0.000000 0.000000 0.000000 1.000000
1.000000 -0.000082 0.000000 0.000000 0.000082 0.999999 -0.001020 4.698000 -0.000000 0.001020 0.999999 0.000000 0.000000 0.000000 0.000000 1.000000
0.999999 -0.001118 0.000008 0.000000 0.001118 0.999903 -0.013900 4.698000 0.000008 0.013900 0.999903 0.000000 0.000000 0.000000 0.000000 1.000000
0.999994 -0.003318 0.000068 0.000000 0.003318 0.999143 -0.041247 4.698000 0.000069 0.041247 0.999149 0.000000 0.000000 0.000000 0.000000 1.000000
0.999978 -0.006596 0.000271 -0.000000 0.006596 0.996612 -0.081983 4.698000 0.000271 0.081983 0.996634 0.000000 0.000000 0.000000 0.000000 1.000000
0.999944 -0.010570 0.000697 0.000000 0.010570 0.991275 -0.131385 4.698000 0.000698 0.131385 0.991331 0.000000 0.000000 0.000000 0.000000 1.000000
0.999886 -0.015028 0.001416 0.000000 0.015028 0.982283 -0.186803 4.698000 0.001416 0.186803 0.982396 0.000000 0.000000 0.000000 0.000000 1.000000
0.999801 -0.019791 0.002472 0.000000 0.019791 0.969066 -0.246005 4.698000 0.002473 0.246005 0.969265 0.000000 0.000000 0.000000 0.000000 1.000000
0.999690 -0.024615 0.003859 0.000000 0.024615 0.951724 -0.305966 4.698000 0.003859 0.305966 0.952035 0.000000 0.000000 0.000000 0.000000 1.000000
0.999554 -0.029331 0.005539 0.000000 0.029331 0.930707 -0.364588 4.698000 0.005539 0.364588 0.931153 0.000000 0.000000 0.000000 0.000000 1.000000
0.999403 -0.033733 0.007416 0.000000 0.033733 0.907217 -0.419309 4.698000 0.007417 0.419309 0.907813 0.000000 0.000000 0.000000 0.000000 1.000000
0.999247 -0.037655 0.009360 0.000000 0.037655 0.882895 -0.468059 4.698000 0.009360 0.468059 0.883648 0.000000 0.000000 0.000000 0.000000 1.000000
0.999099 -0.040926 0.011194 0.000000 0.040926 0.859957 -0.508723 4.698000 0.011194 0.508723 0.860858 0.000000 0.000000 0.000000 0.000000 1.000000
0.998983 -0.043288 0.012647 -0.000000 0.043288 0.841779 -0.538083 4.698000 0.012647 0.538083 0.842797 0.000000 0.000000 0.000000 0.000000 1.000000
0.998902 -0.044818 0.013649 -0.000000 0.044818 0.829236 -0.557098 4.698000 0.013649 0.557098 0.830334 -0.000000 0.000000 0.000000 0.000000 1.000000
0.998865 -0.045501 0.014113 0.000000 0.045501 0.823433 -0.565586 4.698000 0.014113 0.565586 0.824569 0.000000 0.000000 0.000000 0.000000 1.000000</float_array>
        <technique_common>
          <accessor source="#mixamorig_RightHandIndex2-Matrix-animation-output-transform-array" count="25" stride="16">
            <param type="float4x4"/>
          </accessor>
        </technique_common>
      </source>
      <source id="mixamorig_RightHandIndex2-Interpolations">
        <Name_array id="mixamorig_RightHandIndex2-Interpolations-array" count="25">
 LINEAR LINEAR LINEAR LINEAR LINEAR LINEAR LINEAR LINEAR LINEAR LINEAR LINEAR
LINEAR LINEAR LINEAR LINEAR LINEAR LINEAR LINEAR LINEAR LINEAR LINEAR LINEAR LINEAR
LINEAR LINEAR</Name_array>
        <technique_common>
          <accessor source="#mixamorig_RightHandIndex2-Interpolations-array" count="25">
            <param type="name"/>
          </accessor>
        </technique_common>
      </source>
      <sampler id="mixamorig_RightHandIndex2-Matrix-animation-transform">
        <input semantic="INPUT" source="#mixamorig_RightHandIndex2-Matrix-animation-input"/>
        <input semantic="OUTPUT" source="#mixamorig_RightHandIndex2-Matrix-animation-output-transform"/>
        <input semantic="INTERPOLATION" source="#mixamorig_RightHandIndex2-Interpolations"/>
      </sampler>
      <channel source="#mixamorig_RightHandIndex2-Matrix-animation-transform" target="mixamorig_RightHandIndex2/matrix"/>
    </animation>
    <animation id="mixamorig_RightHandIndex3-anim" name="mixamorig_RightHandIndex3">
      <source id="mixamorig_RightHandIndex3-Matrix-animation-input">
        <float_array id="mixamorig_RightHandIndex3-Matrix-animation-input-array" count="25">

0.000000 0.033333 0.066667 0.100000 0.133333 0.166667 0.200000 0.233333 0.266667 0.300000 0.333333 0.366667 0.400000 0.433333 0.466667 0.500000
0.533333 0.566667 0.600000 0.633333 0.666667 0.700000 0.733333 0.766667 0.800000</float_array>
        <technique_common>
          <accessor source="#mixamorig_RightHandIndex3-Matrix-animation-input-array" count="25">
            <param name="TIME" type="float"/>
          </accessor>
        </technique_common>
      </source>
      <source id="mixamorig_RightHandIndex3-Matrix-animation-output-transform">
        <float_array id="mixamorig_RightHandIndex3-Matrix-animation-output-transform-array" count="400">

0.999710 -0.023830 0.003611 0.000000 0.023830 0.954825 -0.296212 2.894000 0.003611 0.296212 0.955115 0.000000 0.000000 0.000000 0.000000 1.000000
0.999766 -0.021416 0.002903 -0.000000 0.021416 0.963678 -0.266208 2.894000 0.002903 0.266208 0.963911 -0.000000 0.000000 0.000000 0.000000 1.000000
0.999864 -0.016403 0.001690 -0.000000 0.016403 0.978856 -0.203892 2.894000 0.001690 0.203892 0.978992 0.000000 0.000000 0.000000 0.000000 1.000000
0.999957 -0.009286 0.000538 0.000000 0.009286 0.993273 -0.115424 2.894000 0.000538 0.115424 0.993316 -0.000000 0.000000 0.000000 0.000000 1.000000
1.000000 -0.000835 0.000004 0.000000 0.000835 0.999946 -0.010383 2.894000 0.000005 0.010383 0.999946 0.000000 0.000000 0.000000 0.000000 1.000000
0.999974 0.007257 0.000328 0.000000 -0.007257 0.995896 0.090212 2.894000 0.000328 -0.090212 0.995923 0.000000 0.000000 0.000000 0.000000 1.000000
0.999904 0.013813 0.001195 0.000000 -0.013813 0.985052 0.171700 2.894000 0.001195 -0.171700 0.985149 0.000000 0.000000 0.000000 0.000000 1.000000
0.999836 0.017975 0.002034 -0.000000 -0.017975 0.974554 0.223431 2.894000 0.002034 -0.223431 0.974718 -0.000000 0.000000 0.000000 0.000000 1.000000
0.999792 0.020212 0.002581 0.000000 -0.020212 0.967712 0.251246 2.894000 0.002581 -0.251246 0.967920 0.000000 0.000000 0.000000 0.000000 1.000000
0.999775 0.021009 0.002792 0.000000 -0.021009 0.965071 0.261147 2.894000 0.002792 -0.261147 0.965295 0.000000 0.000000 0.000000 0.000000 1.000000
0.999783 0.020676 0.002702 -0.000000 -0.020676 0.966189 0.257003 2.894000 0.002703 -0.257003 0.966407 0.000000 0.000000 0.000000 0.000000 1.000000
0.999808 0.019456 0.002388 0.000000 -0.019456 0.970119 0.241847 2.894000 0.002388 -0.241847 0.970312 -0.000000 0.000000 0.000000 0.000000 1.000000
0.999848 0.017324 0.001888 -0.000000 -0.017324 0.976384 0.215346 2.894000 0.001888 -0.215346 0.976536 0.000000 0.000000 0.000000 0.000000 1.000000
0.999898 0.014230 0.001268 -0.000000 -0.014230 0.984130 0.176878 2.894000 0.001269 -0.176878 0.984232 0.000000 0.000000 0.000000 0.000000 1.000000
0.999945 0.010463 0.000683 0.000000 -0.010463 0.991451 0.130061 2.894000 0.000683 -0.130061 0.991506 -0.000000 0.000000 0.000000 0.000000 1.000000
0.999981 0.006222 0.000241 0.000000 -0.006222 0.996985 0.077344 2.894000 0.000241 -0.077344 0.997004 -0.000000 0.000000 0.000000 0.000000 1.000000
0.999999 0.001683 0.000018 -0.000000 -0.001683 0.999780 0.020918 2.894000 0.000018 -0.020918 0.999781 0.000000 0.000000 0.000000 0.000000 1.000000
0.999996 -0.002948 0.000054 0.000000 0.002948 0.999324 -0.036640 2.894000 0.000054 0.036640 0.999329 -0.000000 0.000000 0.000000 0.000000 1.000000
0.999972 -0.007526 0.000353 0.000000 0.007526 0.995585 -0.093557 2.894000 0.000353 0.093557 0.995614 0.000000 0.000000 0.000000 0.000000 1.000000
0.999929 -0.011861 0.000879 -0.000000 0.011861 0.989000 -0.147437 2.894000 0.000879 0.147437 0.989071 -0.000000 0.000000 0.000000 0.000000 1.000000
0.999874 -0.015783 0.001564 0.000000 0.015783 0.980439 -0.196190 2.894000 0.001564 0.196190 0.980565 -0.000000 0.000000 0.000000 0.000000 1.000000
0.999815 -0.019104 0.002301 0.000000 0.019104 0.971208 -0.237466 2.894000 0.002301 0.237466 0.971393 0.000000 0.000000 0.000000 0.000000 1.000000
0.999764 -0.021531 0.002935 -0.000000 0.021531 0.963278 -0.267640 2.894000 0.002935 0.267640 0.963514 0.000000 0.000000 0.000000 0.000000 1.000000
0.999727 -0.023118 0.003394 0.000000 0.023118 0.957542 -0.287365 2.894000 0.003394 0.287365 0.957815 0.000000 0.000000 0.000000 0.000000 1.000000
0.999710 -0.023830 0.003611 -0.000000 0.023830 0.954825 -0.296212 2.894000 0.003611 0.296212 0.955115 -0.000000 0.000000 0.000000 0.000000 1.000000</float_array>
        <technique_common>
          <accessor source="#mixamorig_RightHandIndex3-Matrix-animation-output-transform-array" count="25" stride="16">
            <param type="float4x4"/>
          </accessor>
        </technique_common>
      </source>
      <source id="mixamorig_RightHandIndex3-Interpolations">
        <Name_array id="mixamorig_RightHandIndex3-Interpolations-array" count="25">
 LINEAR LINEAR LINEAR LINEAR LINEAR LINEAR LINEAR LINEAR LINEAR LINEAR LINEAR
LINEAR LINEAR LINEAR LINEAR LINEAR LINEAR LINEAR LINEAR LINEAR LINEAR LINEAR LINEAR
LINEAR LINEAR</Name_array>
        <technique_common>
          <accessor source="#mixamorig_RightHandIndex3-Interpolations-array" count="25">
            <param type="name"/>
          </accessor>
        </technique_common>
      </source>
      <sampler id="mixamorig_RightHandIndex3-Matrix-animation-transform">
        <input semantic="INPUT" source="#mixamorig_RightHandIndex3-Matrix-animation-input"/>
        <input semantic="OUTPUT" source="#mixamorig_RightHandIndex3-Matrix-animation-output-transform"/>
        <input semantic="INTERPOLATION" source="#mixamorig_RightHandIndex3-Interpolations"/>
      </sampler>
      <channel source="#mixamorig_RightHandIndex3-Matrix-animation-transform" target="mixamorig_RightHandIndex3/matrix"/>
    </animation>
    <animation id="mixamorig_RightHandMiddle1-anim" name="mixamorig_RightHandMiddle1">
      <source id="mixamorig_RightHandMiddle1-Matrix-animation-input">
        <float_array id="mixamorig_RightHandMiddle1-Matrix-animation-input-array" count="25">

0.000000 0.033333 0.066667 0.100000 0.133333 0.166667 0.200000 0.233333 0.266667 0.300000 0.333333 0.366667 0.400000 0.433333 0.466667 0.500000
0.533333 0.566667 0.600000 0.633333 0.666667 0.700000 0.733333 0.766667 0.800000</float_array>
        <technique_common>
          <accessor source="#mixamorig_RightHandMiddle1-Matrix-animation-input-array" count="25">
            <param name="TIME" type="float"/>
          </accessor>
        </technique_common>
      </source>
      <source id="mixamorig_RightHandMiddle1-Matrix-animation-output-transform">
        <float_array id="mixamorig_RightHandMiddle1-Matrix-animation-output-transform-array" count="400">

0.997628 0.030654 0.061627 0.139500 0.034449 0.552780 -0.832615 17.923901 -0.059589 0.832763 0.550413 0.051600 0.000000 0.000000 0.000000 1.000000
0.997737 0.031848 0.059211 0.139500 0.030085 0.576096 -0.816828 17.923901 -0.060126 0.816761 0.573834 0.051600 0.000000 0.000000 0.000000 1.000000
0.997968 0.033660 0.054094 0.139500 0.021255 0.624507 -0.780730 17.923901 -0.060062 0.780293 0.622523 0.051600 0.000000 0.000000 0.000000 1.000000
0.998251 0.035906 0.046972 0.139500 0.009279 0.689477 -0.724248 17.923901 -0.058391 0.723417 0.687938 0.051600 0.000000 0.000000 0.000000 1.000000
0.998527 0.038034 0.038705 0.139500 -0.003854 0.761175 -0.648535 17.923901 -0.054128 0.647430 0.760200 0.051600 0.000000 0.000000 0.000000 1.000000
0.998767 0.039030 0.030666 0.139500 -0.015016 0.826454 -0.562803 17.923901 -0.047311 0.561649 0.826022 0.051600 0.000000 0.000000 0.000000 1.000000
0.999025 0.037482 0.023310 0.139500 -0.022055 0.881345 -0.471959 17.923901 -0.038235 0.470984 0.881313 0.051600 0.000000 0.000000 0.000000 1.000000
0.999361 0.031599 0.016712 0.139500 -0.023013 0.926481 -0.375638 17.923901 -0.027353 0.375013 0.926616 0.051600 0.000000 0.000000 0.000000 1.000000
0.999688 0.022524 0.010837 0.139500 -0.018664 0.961046 -0.275759 17.923901 -0.016626 0.275470 0.961166 0.051600 0.000000 0.000000 0.000000 1.000000
0.999903 0.012455 0.006193 0.139500 -0.011099 0.982761 -0.184548 17.923901 -0.008385 0.184461 0.982804 0.051600 0.000000 0.000000 0.000000 1.000000
0.999982 0.004695 0.003693 0.139500 -0.004188 0.991880 -0.127105 17.923901 -0.004260 0.127087 0.991882 0.051600 0.000000 0.000000 0.000000 1.000000
0.999995 0.000596 0.003035 0.139500 -0.000255 0.993792 -0.111251 17.923901 -0.003083 0.111249 0.993788 0.051600 0.000000 0.000000 0.000000 1.000000
0.999992 -0.000175 0.003953 0.139500 0.000700 0.991086 -0.133221 17.923901 -0.003894 0.133222 0.991079 0.051600 0.000000 0.000000 0.000000 1.000000
0.999980 0.001336 0.006225 0.139500 -0.000169 0.982944 -0.183905 17.923901 -0.006364 0.183900 0.982924 0.051600 0.000000 0.000000 0.000000 1.000000
0.999948 0.003830 0.009497 0.139500 -0.001336 0.968293 -0.249815 17.923901 -0.010153 0.249789 0.968247 0.051600 0.000000 0.000000 0.000000 1.000000
0.999882 0.006933 0.013727 0.139500 -0.002079 0.945371 -0.325989 17.923901 -0.015237 0.325922 0.945274 0.051600 0.000000 0.000000 0.000000 1.000000
0.999763 0.010488 0.019074 0.139500 -0.001756 0.912277 -0.409571 17.923901 -0.021696 0.409440 0.912079 0.051600 0.000000 0.000000 0.000000 1.000000
0.999578 0.014301 0.025273 0.139500 0.000080 0.868964 -0.494876 17.923901 -0.029038 0.494669 0.868596 0.051600 0.000000 0.000000 0.000000 1.000000
0.999320 0.018141 0.032092 0.139500 0.003718 0.816502 -0.577331 17.923901 -0.036677 0.577057 0.815880 0.051600 0.000000 0.000000 0.000000 1.000000
0.998996 0.021615 0.039228 0.139500 0.009205 0.758056 -0.652125 17.923901 -0.043832 0.651832 0.757096 0.051600 0.000000 0.000000 0.000000 1.000000
0.998631 0.024667 0.046119 0.139500 0.015821 0.698002 -0.715921 17.923901 -0.049851 0.715671 0.696656 0.051600 0.000000 0.000000 0.000000 1.000000
0.998262 0.027193 0.052280 0.139500 0.022662 0.641785 -0.766550 17.923901 -0.054397 0.766402 0.640053 0.051600 0.000000 0.000000 0.000000 1.000000
0.997953 0.028984 0.057002 0.139500 0.028424 0.597440 -0.801410 17.923901 -0.057284 0.801390 0.595393 0.051600 0.000000 0.000000 0.000000 1.000000
0.997732 0.030151 0.060174 0.139500 0.032511 0.566929 -0.823125 17.923901 -0.058932 0.823214 0.564664 0.051600 0.000000 0.000000 0.000000 1.000000
0.997628 0.030654 0.061627 0.139500 0.034448 0.552780 -0.832615 17.923901 -0.059589 0.832763 0.550413 0.051600 0.000000 0.000000 0.000000 1.000000</float_array>
        <technique_common>
          <accessor source="#mixamorig_RightHandMiddle1-Matrix-animation-output-transform-array" count="25" stride="16">
            <param type="float4x4"/>
          </accessor>
        </technique_common>
      </source>
      <source id="mixamorig_RightHandMiddle1-Interpolations">
        <Name_array id="mixamorig_RightHandMiddle1-Interpolations-array" count="25">
 LINEAR LINEAR LINEAR LINEAR LINEAR LINEAR LINEAR LINEAR LINEAR LINEAR LINEAR
LINEAR LINEAR LINEAR LINEAR LINEAR LINEAR LINEAR LINEAR LINEAR LINEAR LINEAR LINEAR
LINEAR LINEAR</Name_array>
        <technique_common>
          <accessor source="#mixamorig_RightHandMiddle1-Interpolations-array" count="25">
            <param type="name"/>
          </accessor>
        </technique_common>
      </source>
      <sampler id="mixamorig_RightHandMiddle1-Matrix-animation-transform">
        <input semantic="INPUT" source="#mixamorig_RightHandMiddle1-Matrix-animation-input"/>
        <input semantic="OUTPUT" source="#mixamorig_RightHandMiddle1-Matrix-animation-output-transform"/>
        <input semantic="INTERPOLATION" source="#mixamorig_RightHandMiddle1-Interpolations"/>
      </sampler>
      <channel source="#mixamorig_RightHandMiddle1-Matrix-animation-transform" target="mixamorig_RightHandMiddle1/matrix"/>
    </animation>
    <animation id="mixamorig_RightHandMiddle2-anim" name="mixamorig_RightHandMiddle2">
      <source id="mixamorig_RightHandMiddle2-Matrix-animation-input">
        <float_array id="mixamorig_RightHandMiddle2-Matrix-animation-input-array" count="25">

0.000000 0.033333 0.066667 0.100000 0.133333 0.166667 0.200000 0.233333 0.266667 0.300000 0.333333 0.366667 0.400000 0.433333 0.466667 0.500000
0.533333 0.566667 0.600000 0.633333 0.666667 0.700000 0.733333 0.766667 0.800000</float_array>
        <technique_common>
          <accessor source="#mixamorig_RightHandMiddle2-Matrix-animation-input-array" count="25">
            <param name="TIME" type="float"/>
          </accessor>
        </technique_common>
      </source>
      <source id="mixamorig_RightHandMiddle2-Matrix-animation-output-transform">
        <float_array id="mixamorig_RightHandMiddle2-Matrix-animation-output-transform-array" count="400">

0.996984 -0.067954 0.037494 -0.000000 0.067954 0.530928 -0.844688 5.002000 0.037493 0.844688 0.533944 0.000000 0.000000 0.000000 0.000000 1.000000
0.997140 -0.066691 0.035547 0.000000 0.066691 0.555274 -0.828989 5.002000 0.035548 0.828989 0.558134 0.000000 0.000000 0.000000 0.000000 1.000000
0.997465 -0.063799 0.031507 -0.000000 0.063799 0.605819 -0.793040 5.002000 0.031507 0.793040 0.608354 0.000000 0.000000 0.000000 0.000000 1.000000
0.997902 -0.059259 0.026080 0.000000 0.059259 0.673717 -0.736609 5.002000 0.026080 0.736609 0.675816 -0.000000 0.000000 0.000000 0.000000 1.000000
0.998384 -0.053157 0.020085 -0.000000 0.053157 0.748717 -0.660755 5.002000 0.020085 0.660755 0.750333 0.000000 0.000000 0.000000 0.000000 1.000000
0.998823 -0.046238 0.014626 0.000000 0.046238 0.817020 -0.574752 5.002000 0.014626 0.574752 0.818197 -0.000000 0.000000 0.000000 0.000000 1.000000
0.999192 -0.038913 0.010042 0.000000 0.038913 0.874372 -0.483694 5.002000 0.010042 0.483694 0.875180 -0.000000 0.000000 0.000000 0.000000 1.000000
0.999494 -0.031167 0.006284 0.000000 0.031167 0.921375 -0.387424 5.002000 0.006285 0.387424 0.921880 0.000000 0.000000 0.000000 0.000000 1.000000
0.999726 -0.023150 0.003403 -0.000000 0.023150 0.957421 -0.287765 5.002000 0.003403 0.287765 0.957695 0.000000 0.000000 0.000000 0.000000 1.000000
0.999873 -0.015835 0.001574 0.000000 0.015835 0.980309 -0.196831 5.002000 0.001574 0.196831 0.980436 -0.000000 0.000000 0.000000 0.000000 1.000000
0.999937 -0.011236 0.000789 0.000000 0.011236 0.990135 -0.139667 5.002000 0.000789 0.139667 0.990198 -0.000000 0.000000 0.000000 0.000000 1.000000
0.999950 -0.009986 0.000622 0.000000 0.009986 0.992216 -0.124131 5.002000 0.000622 0.124131 0.992266 0.000000 0.000000 0.000000 0.000000 1.000000
0.999930 -0.011786 0.000868 0.000000 0.011786 0.989139 -0.146512 5.002000 0.000868 0.146512 0.989209 0.000000 0.000000 0.000000 0.000000 1.000000
0.999872 -0.015904 0.001588 0.000000 0.015904 0.980135 -0.197691 5.002000 0.001588 0.197691 0.980263 0.000000 0.000000 0.000000 0.000000 1.000000
0.999770 -0.021245 0.002856 0.000000 0.021245 0.964266 -0.264083 5.002000 0.002856 0.264083 0.964496 0.000000 0.000000 0.000000 0.000000 1.000000
0.999613 -0.027404 0.004812 0.000000 0.027404 0.939795 -0.340639 5.002000 0.004812 0.340639 0.940182 -0.000000 0.000000 0.000000 0.000000 1.000000
0.999388 -0.034144 0.007608 0.000000 0.034144 0.904820 -0.424423 5.002000 0.007608 0.424424 0.905432 0.000000 0.000000 0.000000 0.000000 1.000000
0.999096 -0.041006 0.011241 0.000000 0.041006 0.859362 -0.509720 5.002000 0.011241 0.509720 0.860267 0.000000 0.000000 0.000000 0.000000 1.000000
0.998743 -0.047622 0.015621 0.000000 0.047622 0.804562 -0.591957 5.002000 0.015622 0.591957 0.805818 -0.000000 0.000000 0.000000 0.000000 1.000000
0.998352 -0.053608 0.020486 0.000000 0.053608 0.743702 -0.666359 5.002000 0.020486 0.666359 0.745350 0.000000 0.000000 0.000000 0.000000 1.000000
0.997951 -0.058698 0.025473 -0.000000 0.058698 0.681316 -0.729632 5.002000 0.025473 0.729632 0.683365 -0.000000 0.000000 0.000000 0.000000 1.000000
0.997576 -0.062724 0.030132 0.000000 0.062724 0.623024 -0.779684 5.002000 0.030132 0.779684 0.625448 -0.000000 0.000000 0.000000 0.000000 1.000000
0.997281 -0.065488 0.033802 0.000000 0.065488 0.577108 -0.814038 5.002000 0.033802 0.814038 0.579828 0.000000 0.000000 0.000000 0.000000 1.000000
0.997078 -0.067205 0.036325 -0.000000 0.067205 0.545552 -0.835378 5.002000 0.036325 0.835378 0.548474 0.000000 0.000000 0.000000 0.000000 1.000000
0.996984 -0.067954 0.037493 -0.000000 0.067954 0.530928 -0.844688 5.002000 0.037493 0.844688 0.533944 0.000000 0.000000 0.000000 0.000000 1.000000</float_array>
        <technique_common>
          <accessor source="#mixamorig_RightHandMiddle2-Matrix-animation-output-transform-array" count="25" stride="16">
            <param type="float4x4"/>
          </accessor>
        </technique_common>
      </source>
      <source id="mixamorig_RightHandMiddle2-Interpolations">
        <Name_array id="mixamorig_RightHandMiddle2-Interpolations-array" count="25">
 LINEAR LINEAR LINEAR LINEAR LINEAR LINEAR LINEAR LINEAR LINEAR LINEAR LINEAR
LINEAR LINEAR LINEAR LINEAR LINEAR LINEAR LINEAR LINEAR LINEAR LINEAR LINEAR LINEAR
LINEAR LINEAR</Name_array>
        <technique_common>
          <accessor source="#mixamorig_RightHandMiddle2-Interpolations-array" count="25">
            <param type="name"/>
          </accessor>
        </technique_common>
      </source>
      <sampler id="mixamorig_RightHandMiddle2-Matrix-animation-transform">
        <input semantic="INPUT" source="#mixamorig_RightHandMiddle2-Matrix-animation-input"/>
        <input semantic="OUTPUT" source="#mixamorig_RightHandMiddle2-Matrix-animation-output-transform"/>
        <input semantic="INTERPOLATION" source="#mixamorig_RightHandMiddle2-Interpolations"/>
      </sampler>
      <channel source="#mixamorig_RightHandMiddle2-Matrix-animation-transform" target="mixamorig_RightHandMiddle2/matrix"/>
    </animation>
    <animation id="mixamorig_RightHandMiddle3-anim" name="mixamorig_RightHandMiddle3">
      <source id="mixamorig_RightHandMiddle3-Matrix-animation-input">
        <float_array id="mixamorig_RightHandMiddle3-Matrix-animation-input-array" count="25">

0.000000 0.033333 0.066667 0.100000 0.133333 0.166667 0.200000 0.233333 0.266667 0.300000 0.333333 0.366667 0.400000 0.433333 0.466667 0.500000
0.533333 0.566667 0.600000 0.633333 0.666667 0.700000 0.733333 0.766667 0.800000</float_array>
        <technique_common>
          <accessor source="#mixamorig_RightHandMiddle3-Matrix-animation-input-array" count="25">
            <param name="TIME" type="float"/>
          </accessor>
        </technique_common>
      </source>
      <source id="mixamorig_RightHandMiddle3-Matrix-animation-output-transform">
        <float_array id="mixamorig_RightHandMiddle3-Matrix-animation-output-transform-array" count="400">

0.999831 -0.018275 0.002103 0.000000 0.018275 0.973686 -0.227162 3.279000 0.002103 0.227162 0.973855 0.000000 0.000000 0.000000 0.000000 1.000000
0.999880 -0.015394 0.001487 0.000000 0.015394 0.981402 -0.191347 3.279000 0.001486 0.191347 0.981521 0.000000 0.000000 0.000000 0.000000 1.000000
0.999955 -0.009489 0.000561 0.000000 0.009489 0.992973 -0.117957 3.279000 0.000562 0.117957 0.993019 0.000000 0.000000 0.000000 0.000000 1.000000
0.999999 -0.001401 0.000012 0.000000 0.001401 0.999847 -0.017411 3.279000 0.000012 0.017411 0.999848 0.000000 0.000000 0.000000 0.000000 1.000000
0.999972 0.007439 0.000345 -0.000000 -0.007439 0.995687 0.092473 3.279000 0.000345 -0.092473 0.995715 0.000000 0.000000 0.000000 0.000000 1.000000
0.999890 0.014784 0.001370 -0.000000 -0.014784 0.982859 0.183767 3.279000 0.001370 -0.183767 0.982969 0.000000 0.000000 0.000000 0.000000 1.000000
0.999809 0.019390 0.002372 0.000000 -0.019390 0.970325 0.241024 3.279000 0.002372 -0.241024 0.970516 0.000000 0.000000 0.000000 0.000000 1.000000
0.999776 0.020967 0.002781 0.000000 -0.020967 0.965211 0.260629 3.279000 0.002780 -0.260629 0.965435 0.000000 0.000000 0.000000 0.000000 1.000000
0.999774 0.021076 0.002810 0.000000 -0.021076 0.964842 0.261982 3.279000 0.002810 -0.261982 0.965069 0.000000 0.000000 0.000000 0.000000 1.000000
0.999780 0.020808 0.002738 0.000000 -0.020808 0.965747 0.258650 3.279000 0.002738 -0.258650 0.965967 0.000000 0.000000 0.000000 0.000000 1.000000
0.999784 0.020631 0.002691 -0.000000 -0.020631 0.966338 0.256448 3.279000 0.002691 -0.256448 0.966554 0.000000 0.000000 0.000000 0.000000 1.000000
0.999793 0.020175 0.002571 -0.000000 -0.020175 0.967835 0.250777 3.279000 0.002571 -0.250777 0.968041 -0.000000 0.000000 0.000000 0.000000 1.000000
0.999817 0.018981 0.002271 0.000000 -0.018981 0.971583 0.235936 3.279000 0.002271 -0.235936 0.971766 0.000000 0.000000 0.000000 0.000000 1.000000
0.999859 0.016710 0.001755 0.000000 -0.016710 0.978049 0.207706 3.279000 0.001755 -0.207706 0.978190 0.000000 0.000000 0.000000 0.000000 1.000000
0.999907 0.013624 0.001162 0.000000 -0.013624 0.985462 0.169347 3.279000 0.001162 -0.169347 0.985556 0.000000 0.000000 0.000000 0.000000 1.000000
0.999950 0.009959 0.000619 0.000000 -0.009959 0.992257 0.123799 3.279000 0.000619 -0.123799 0.992307 0.000000 0.000000 0.000000 0.000000 1.000000
0.999982 0.005916 0.000218 -0.000000 -0.005916 0.997275 0.073543 3.279000 0.000218 -0.073543 0.997292 0.000000 0.000000 0.000000 0.000000 1.000000
0.999999 0.001707 0.000018 0.000000 -0.001707 0.999774 0.021213 3.279000 0.000018 -0.021213 0.999775 0.000000 0.000000 0.000000 0.000000 1.000000
0.999997 -0.002539 0.000040 0.000000 0.002539 0.999499 -0.031564 3.279000 0.000040 0.031564 0.999502 0.000000 0.000000 0.000000 0.000000 1.000000
0.999978 -0.006638 0.000274 0.000000 0.006638 0.996568 -0.082514 3.279000 0.000274 0.082514 0.996590 -0.000000 0.000000 0.000000 0.000000 1.000000
0.999946 -0.010401 0.000675 0.000000 0.010401 0.991552 -0.129288 3.279000 0.000675 0.129288 0.991607 0.000000 0.000000 0.000000 0.000000 1.000000
0.999907 -0.013624 0.001162 0.000000 0.013624 0.985462 -0.169350 3.279000 0.001162 0.169350 0.985555 0.000000 0.000000 0.000000 0.000000 1.000000
0.999871 -0.016002 0.001608 0.000000 0.016002 0.979886 -0.198915 3.279000 0.001608 0.198915 0.980016 -0.000000 0.000000 0.000000 0.000000 1.000000
0.999844 -0.017567 0.001942 0.000000 0.017567 0.975708 -0.218371 3.279000 0.001942 0.218371 0.975864 -0.000000 0.000000 0.000000 0.000000 1.000000
0.999831 -0.018275 0.002103 0.000000 0.018275 0.973686 -0.227162 3.279000 0.002103 0.227162 0.973855 0.000000 0.000000 0.000000 0.000000 1.000000</float_array>
        <technique_common>
          <accessor source="#mixamorig_RightHandMiddle3-Matrix-animation-output-transform-array" count="25" stride="16">
            <param type="float4x4"/>
          </accessor>
        </technique_common>
      </source>
      <source id="mixamorig_RightHandMiddle3-Interpolations">
        <Name_array id="mixamorig_RightHandMiddle3-Interpolations-array" count="25">
 LINEAR LINEAR LINEAR LINEAR LINEAR LINEAR LINEAR LINEAR LINEAR LINEAR LINEAR
LINEAR LINEAR LINEAR LINEAR LINEAR LINEAR LINEAR LINEAR LINEAR LINEAR LINEAR LINEAR
LINEAR LINEAR</Name_array>
        <technique_common>
          <accessor source="#mixamorig_RightHandMiddle3-Interpolations-array" count="25">
            <param type="name"/>
          </accessor>
        </technique_common>
      </source>
      <sampler id="mixamorig_RightHandMiddle3-Matrix-animation-transform">
        <input semantic="INPUT" source="#mixamorig_RightHandMiddle3-Matrix-animation-input"/>
        <input semantic="OUTPUT" source="#mixamorig_RightHandMiddle3-Matrix-animation-output-transform"/>
        <input semantic="INTERPOLATION" source="#mixamorig_RightHandMiddle3-Interpolations"/>
      </sampler>
      <channel source="#mixamorig_RightHandMiddle3-Matrix-animation-transform" target="mixamorig_RightHandMiddle3/matrix"/>
    </animation>
    <animation id="mixamorig_RightHandRing1-anim" name="mixamorig_RightHandRing1">
      <source id="mixamorig_RightHandRing1-Matrix-animation-input">
        <float_array id="mixamorig_RightHandRing1-Matrix-animation-input-array" count="25">

0.000000 0.033333 0.066667 0.100000 0.133333 0.166667 0.200000 0.233333 0.266667 0.300000 0.333333 0.366667 0.400000 0.433333 0.466667 0.500000
0.533333 0.566667 0.600000 0.633333 0.666667 0.700000 0.733333 0.766667 0.800000</float_array>
        <technique_common>
          <accessor source="#mixamorig_RightHandRing1-Matrix-animation-input-array" count="25">
            <param name="TIME" type="float"/>
          </accessor>
        </technique_common>
      </source>
      <source id="mixamorig_RightHandRing1-Matrix-animation-output-transform">
        <float_array id="mixamorig_RightHandRing1-Matrix-animation-output-transform-array" count="400">

0.996956 -0.041891 0.065758 -3.988400 0.077939 0.512468 -0.855162 15.764000 0.002124 0.857684 0.514173 0.151600 0.000000 0.000000 0.000000 1.000000
0.997278 -0.038503 0.062878 -3.988400 0.073709 0.541128 -0.837704 15.764000 -0.001772 0.840059 0.542493 0.151600 0.000000 0.000000 0.000000 1.000000
0.997847 -0.032750 0.056816 -3.988400 0.065092 0.599992 -0.797354 15.764000 -0.007976 0.799336 0.600832 0.151600 0.000000 0.000000 0.000000 1.000000
0.998511 -0.025097 0.048440 -3.988400 0.052606 0.678189 -0.733002 15.764000 -0.014455 0.734459 0.678499 0.151600 0.000000 0.000000 0.000000 1.000000
0.999104 -0.017023 0.038753 -3.988400 0.038032 0.762896 -0.645402 15.764000 -0.018577 0.646298 0.762859 0.151600 0.000000 0.000000 0.000000 1.000000
0.999486 -0.012353 0.029568 -3.988400 0.026499 0.837442 -0.545883 15.764000 -0.018018 0.546386 0.837339 0.151600 0.000000 0.000000 0.000000 1.000000
0.999638 -0.016250 0.021444 -3.988400 0.024060 0.896654 -0.442077 15.764000 -0.012044 0.442433 0.896721 0.151600 0.000000 0.000000 0.000000 1.000000
0.999266 -0.035397 0.014634 -3.988400 0.038258 0.940992 -0.336260 15.764000 -0.001868 0.336573 0.941655 0.151600 0.000000 0.000000 0.000000 1.000000
0.997744 -0.066565 0.008755 -3.988400 0.066789 0.970771 -0.230527 15.764000 0.006846 0.230592 0.973027 0.151600 0.000000 0.000000 0.000000 1.000000
0.994765 -0.102110 0.004040 -3.988400 0.101699 0.985351 -0.136898 15.764000 0.009998 0.136593 0.990577 0.151600 0.000000 0.000000 0.000000 1.000000
0.991480 -0.130251 0.001570 -3.988400 0.129958 0.988280 -0.080091 15.764000 0.008880 0.079612 0.996786 0.151600 0.000000 0.000000 0.000000 1.000000
0.989240 -0.146300 0.000890 -3.988400 0.146030 0.987008 -0.067018 15.764000 0.008927 0.066427 0.997751 0.151600 0.000000 0.000000 0.000000 1.000000
0.988427 -0.151684 0.001886 -3.988400 0.151192 0.984061 -0.093624 15.764000 0.012345 0.092826 0.995606 0.151600 0.000000 0.000000 0.000000 1.000000
0.988654 -0.150147 0.004351 -3.988400 0.149080 0.977264 -0.150768 15.764000 0.018385 0.149706 0.988560 0.151600 0.000000 0.000000 0.000000 1.000000
0.989324 -0.145516 0.007944 -3.988400 0.143573 0.963868 -0.224379 15.764000 0.024993 0.223124 0.974470 0.151600 0.000000 0.000000 0.000000 1.000000
0.990292 -0.138428 0.012608 -3.988400 0.135520 0.941346 -0.309034 15.764000 0.030911 0.307742 0.950967 0.151600 0.000000 0.000000 0.000000 1.000000
0.991531 -0.128538 0.018582 -3.988400 0.125145 0.907339 -0.401342 15.764000 0.034727 0.400268 0.915740 0.151600 0.000000 0.000000 0.000000 1.000000
0.992879 -0.116370 0.025500 -3.988400 0.113678 0.861459 -0.494940 15.764000 0.035629 0.494314 0.868553 0.151600 0.000000 0.000000 0.000000 1.000000
0.994174 -0.102591 0.033061 -3.988400 0.102486 0.804722 -0.584739 15.764000 0.033384 0.584721 0.810547 0.151600 0.000000 0.000000 0.000000 1.000000
0.995256 -0.088211 0.041047 -3.988400 0.093087 0.740608 -0.665459 15.764000 0.028301 0.666122 0.745305 0.151600 0.000000 0.000000 0.000000 1.000000
0.996054 -0.074200 0.048691 -3.988400 0.086079 0.674143 -0.733567 15.764000 0.021606 0.734864 0.677870 0.151600 0.000000 0.000000 0.000000 1.000000
0.996563 -0.061527 0.055472 -3.988400 0.081564 0.611628 -0.786930 15.764000 0.014490 0.788749 0.614544 0.151600 0.000000 0.000000 0.000000 1.000000
0.996816 -0.051712 0.060693 -3.988400 0.079287 0.562225 -0.823174 15.764000 0.008444 0.825366 0.564535 0.151600 0.000000 0.000000 0.000000 1.000000
0.996924 -0.045005 0.064169 -3.988400 0.078268 0.528227 -0.845489 15.764000 0.004155 0.847910 0.530124 0.151600 0.000000 0.000000 0.000000 1.000000
0.996956 -0.041891 0.065758 -3.988400 0.077939 0.512468 -0.855162 15.764000 0.002124 0.857684 0.514173 0.151600 0.000000 0.000000 0.000000 1.000000</float_array>
        <technique_common>
          <accessor source="#mixamorig_RightHandRing1-Matrix-animation-output-transform-array" count="25" stride="16">
            <param type="float4x4"/>
          </accessor>
        </technique_common>
      </source>
      <source id="mixamorig_RightHandRing1-Interpolations">
        <Name_array id="mixamorig_RightHandRing1-Interpolations-array" count="25">
 LINEAR LINEAR LINEAR LINEAR LINEAR LINEAR LINEAR LINEAR LINEAR LINEAR LINEAR
LINEAR LINEAR LINEAR LINEAR LINEAR LINEAR LINEAR LINEAR LINEAR LINEAR LINEAR LINEAR
LINEAR LINEAR</Name_array>
        <technique_common>
          <accessor source="#mixamorig_RightHandRing1-Interpolations-array" count="25">
            <param type="name"/>
          </accessor>
        </technique_common>
      </source>
      <sampler id="mixamorig_RightHandRing1-Matrix-animation-transform">
        <input semantic="INPUT" source="#mixamorig_RightHandRing1-Matrix-animation-input"/>
        <input semantic="OUTPUT" source="#mixamorig_RightHandRing1-Matrix-animation-output-transform"/>
        <input semantic="INTERPOLATION" source="#mixamorig_RightHandRing1-Interpolations"/>
      </sampler>
      <channel source="#mixamorig_RightHandRing1-Matrix-animation-transform" target="mixamorig_RightHandRing1/matrix"/>
    </animation>
    <animation id="mixamorig_RightHandRing2-anim" name="mixamorig_RightHandRing2">
      <source id="mixamorig_RightHandRing2-Matrix-animation-input">
        <float_array id="mixamorig_RightHandRing2-Matrix-animation-input-array" count="25">

0.000000 0.033333 0.066667 0.100000 0.133333 0.166667 0.200000 0.233333 0.266667 0.300000 0.333333 0.366667 0.400000 0.433333 0.466667 0.500000
0.533333 0.566667 0.600000 0.633333 0.666667 0.700000 0.733333 0.766667 0.800000</float_array>
        <technique_common>
          <accessor source="#mixamorig_RightHandRing2-Matrix-animation-input-array" count="25">
            <param name="TIME" type="float"/>
          </accessor>
        </technique_common>
      </source>
      <source id="mixamorig_RightHandRing2-Matrix-animation-output-transform">
        <float_array id="mixamorig_RightHandRing2-Matrix-animation-output-transform-array" count="400">

0.994950 -0.078322 0.062777 0.000000 0.078322 0.214621 -0.973552 3.498000 0.062777 0.973552 0.219671 0.000000 0.000000 0.000000 0.000000 1.000000
0.995162 -0.077693 0.060140 0.000000 0.077693 0.247612 -0.965739 3.498000 0.060140 0.965739 0.252450 -0.000000 0.000000 0.000000 0.000000 1.000000
0.995606 -0.076061 0.054614 0.000000 0.076061 0.316748 -0.945455 3.498000 0.054614 0.945455 0.321141 -0.000000 0.000000 0.000000 0.000000 1.000000
0.996219 -0.073069 0.047002 0.000000 0.073069 0.411967 -0.908264 3.498000 0.047003 0.908264 0.415748 0.000000 0.000000 0.000000 0.000000 1.000000
0.996918 -0.068462 0.038312 0.000000 0.068462 0.520691 -0.850996 3.498000 0.038312 0.850996 0.523773 -0.000000 0.000000 0.000000 0.000000 1.000000
0.997577 -0.062711 0.030116 -0.000000 0.062711 0.623232 -0.779518 3.498000 0.030115 0.779518 0.625655 -0.000000 0.000000 0.000000 0.000000 1.000000
0.998148 -0.056304 0.023016 -0.000000 0.056303 0.712053 -0.699864 3.498000 0.023016 0.699864 0.713905 0.000000 0.000000 0.000000 0.000000 1.000000
0.998630 -0.049472 0.017024 0.000000 0.049472 0.787013 -0.614949 3.498000 0.017024 0.614949 0.788383 -0.000000 0.000000 0.000000 0.000000 1.000000
0.999028 -0.042390 0.012081 0.000000 0.042390 0.848861 -0.526914 3.498000 0.012081 0.526914 0.849833 0.000000 0.000000 0.000000 0.000000 1.000000
0.999319 -0.035921 0.008468 0.000000 0.035921 0.894061 -0.446502 3.498000 0.008468 0.446502 0.894743 0.000000 0.000000 0.000000 0.000000 1.000000
0.999468 -0.031930 0.006610 -0.000000 0.031930 0.917308 -0.396897 3.498000 0.006610 0.396897 0.917839 -0.000000 0.000000 0.000000 0.000000 1.000000
0.999498 -0.031063 0.006241 0.000000 0.031063 0.921926 -0.386119 3.498000 0.006240 0.386119 0.922428 -0.000000 0.000000 0.000000 0.000000 1.000000
0.999428 -0.033073 0.007115 0.000000 0.033073 0.910988 -0.411105 3.498000 0.007115 0.411105 0.911560 0.000000 0.000000 0.000000 0.000000 1.000000
0.999264 -0.037241 0.009143 0.000000 0.037241 0.885620 -0.462916 3.498000 0.009143 0.462916 0.886355 0.000000 0.000000 0.000000 0.000000 1.000000
0.999025 -0.042461 0.012125 -0.000000 0.042461 0.848308 -0.527798 3.498000 0.012125 0.527798 0.849283 -0.000000 0.000000 0.000000 0.000000 1.000000
0.998705 -0.048260 0.016096 -0.000000 0.048260 0.798629 -0.599886 3.498000 0.016096 0.599886 0.799924 0.000000 0.000000 0.000000 0.000000 1.000000
0.998300 -0.054321 0.021134 0.000000 0.054321 0.735608 -0.675226 3.498000 0.021133 0.675226 0.737308 0.000000 0.000000 0.000000 0.000000 1.000000
0.997821 -0.060164 0.027086 0.000000 0.060164 0.661131 -0.747854 3.498000 0.027087 0.747854 0.663310 0.000000 0.000000 0.000000 0.000000 1.000000
0.997286 -0.065442 0.033737 0.000000 0.065442 0.577925 -0.813462 3.498000 0.033737 0.813462 0.580639 -0.000000 0.000000 0.000000 0.000000 1.000000
0.996727 -0.069857 0.040683 0.000000 0.069857 0.491022 -0.868342 3.498000 0.040683 0.868342 0.494295 0.000000 0.000000 0.000000 0.000000 1.000000
0.996182 -0.073276 0.047462 0.000000 0.073276 0.406220 -0.910833 3.498000 0.047462 0.910833 0.410038 0.000000 0.000000 0.000000 0.000000 1.000000
0.995692 -0.075697 0.053551 0.000000 0.075697 0.330043 -0.940926 3.498000 0.053551 0.940926 0.334351 0.000000 0.000000 0.000000 0.000000 1.000000
0.995317 -0.077171 0.058206 0.000000 0.077171 0.271803 -0.959254 3.498000 0.058206 0.959254 0.276485 0.000000 0.000000 0.000000 0.000000 1.000000
0.995065 -0.077991 0.061341 0.000000 0.077991 0.232581 -0.969445 3.498000 0.061341 0.969445 0.237516 -0.000000 0.000000 0.000000 0.000000 1.000000
0.994950 -0.078322 0.062777 0.000000 0.078321 0.214621 -0.973552 3.498000 0.062777 0.973552 0.219671 0.000000 0.000000 0.000000 0.000000 1.000000</float_array>
        <technique_common>
          <accessor source="#mixamorig_RightHandRing2-Matrix-animation-output-transform-array" count="25" stride="16">
            <param type="float4x4"/>
          </accessor>
        </technique_common>
      </source>
      <source id="mixamorig_RightHandRing2-Interpolations">
        <Name_array id="mixamorig_RightHandRing2-Interpolations-array" count="25">
 LINEAR LINEAR LINEAR LINEAR LINEAR LINEAR LINEAR LINEAR LINEAR LINEAR LINEAR
LINEAR LINEAR LINEAR LINEAR LINEAR LINEAR LINEAR LINEAR LINEAR LINEAR LINEAR LINEAR
LINEAR LINEAR</Name_array>
        <technique_common>
          <accessor source="#mixamorig_RightHandRing2-Interpolations-array" count="25">
            <param type="name"/>
          </accessor>
        </technique_common>
      </source>
      <sampler id="mixamorig_RightHandRing2-Matrix-animation-transform">
        <input semantic="INPUT" source="#mixamorig_RightHandRing2-Matrix-animation-input"/>
        <input semantic="OUTPUT" source="#mixamorig_RightHandRing2-Matrix-animation-output-transform"/>
        <input semantic="INTERPOLATION" source="#mixamorig_RightHandRing2-Interpolations"/>
      </sampler>
      <channel source="#mixamorig_RightHandRing2-Matrix-animation-transform" target="mixamorig_RightHandRing2/matrix"/>
    </animation>
    <animation id="mixamorig_RightHandRing3-anim" name="mixamorig_RightHandRing3">
      <source id="mixamorig_RightHandRing3-Matrix-animation-input">
        <float_array id="mixamorig_RightHandRing3-Matrix-animation-input-array" count="25">

0.000000 0.033333 0.066667 0.100000 0.133333 0.166667 0.200000 0.233333 0.266667 0.300000 0.333333 0.366667 0.400000 0.433333 0.466667 0.500000
0.533333 0.566667 0.600000 0.633333 0.666667 0.700000 0.733333 0.766667 0.800000</float_array>
        <technique_common>
          <accessor source="#mixamorig_RightHandRing3-Matrix-animation-input-array" count="25">
            <param name="TIME" type="float"/>
          </accessor>
        </technique_common>
      </source>
      <source id="mixamorig_RightHandRing3-Matrix-animation-output-transform">
        <float_array id="mixamorig_RightHandRing3-Matrix-animation-output-transform-array" count="400">

0.999408 -0.033613 0.007361 -0.000000 0.033613 0.907908 -0.417820 2.984000 0.007361 0.417820 0.908500 0.000000 0.000000 0.000000 0.000000 1.000000
0.999510 -0.030711 0.006094 0.000000 0.030711 0.923756 -0.381749 2.984000 0.006094 0.381749 0.924246 0.000000 0.000000 0.000000 0.000000 1.000000
0.999689 -0.024625 0.003862 0.000000 0.024625 0.951683 -0.306093 2.984000 0.003862 0.306093 0.951994 0.000000 0.000000 0.000000 0.000000 1.000000
0.999873 -0.015855 0.001578 0.000000 0.015855 0.980260 -0.197078 2.984000 0.001578 0.197078 0.980386 -0.000000 0.000000 0.000000 0.000000 1.000000
0.999986 -0.005304 0.000175 0.000000 0.005304 0.997810 -0.065927 2.984000 0.000175 0.065927 0.997824 0.000000 0.000000 0.000000 0.000000 1.000000
0.999988 0.004850 0.000146 0.000000 -0.004850 0.998169 0.060285 2.984000 0.000147 -0.060285 0.998181 -0.000000 0.000000 0.000000 0.000000 1.000000
0.999915 0.013003 0.001058 0.000000 -0.013003 0.986767 0.161622 2.984000 0.001058 -0.161622 0.986852 0.000000 0.000000 0.000000 0.000000 1.000000
0.999836 0.017986 0.002036 0.000000 -0.017986 0.974523 0.223566 2.984000 0.002036 -0.223566 0.974687 0.000000 0.000000 0.000000 0.000000 1.000000
0.999787 0.020464 0.002646 0.000000 -0.020464 0.966892 0.254365 2.984000 0.002647 -0.254365 0.967105 0.000000 0.000000 0.000000 0.000000 1.000000
0.999772 0.021166 0.002834 -0.000000 -0.021166 0.964536 0.263101 2.984000 0.002835 -0.263101 0.964764 0.000000 0.000000 0.000000 0.000000 1.000000
0.999784 0.020602 0.002683 0.000000 -0.020602 0.966432 0.256095 2.984000 0.002683 -0.256095 0.966648 -0.000000 0.000000 0.000000 0.000000 1.000000
0.999816 0.019040 0.002285 0.000000 -0.019040 0.971405 0.236664 2.984000 0.002286 -0.236664 0.971589 0.000000 0.000000 0.000000 0.000000 1.000000
0.999864 0.016378 0.001685 0.000000 -0.016378 0.978920 0.203588 2.984000 0.001685 -0.203588 0.979055 0.000000 0.000000 0.000000 0.000000 1.000000
0.999921 0.012517 0.000980 0.000000 -0.012517 0.987743 0.155587 2.984000 0.000980 -0.155587 0.987822 -0.000000 0.000000 0.000000 0.000000 1.000000
0.999969 0.007824 0.000381 0.000000 -0.007824 0.995228 0.097258 2.984000 0.000382 -0.097258 0.995259 0.000000 0.000000 0.000000 0.000000 1.000000
0.999997 0.002566 0.000041 0.000000 -0.002566 0.999488 0.031898 2.984000 0.000041 -0.031898 0.999491 -0.000000 0.000000 0.000000 0.000000 1.000000
0.999995 -0.003023 0.000057 0.000000 0.003023 0.999289 -0.037577 2.984000 0.000057 0.037577 0.999294 0.000000 0.000000 0.000000 0.000000 1.000000
0.999962 -0.008687 0.000470 0.000000 0.008687 0.994114 -0.107986 2.984000 0.000471 0.107986 0.994152 -0.000000 0.000000 0.000000 0.000000 1.000000
0.999898 -0.014250 0.001272 0.000000 0.014250 0.984084 -0.177131 2.984000 0.001272 0.177131 0.984186 0.000000 0.000000 0.000000 0.000000 1.000000
0.999808 -0.019474 0.002393 -0.000000 0.019474 0.970064 -0.242067 2.984000 0.002393 0.242067 0.970256 0.000000 0.000000 0.000000 0.000000 1.000000
0.999701 -0.024160 0.003714 0.000000 0.024160 0.953538 -0.300304 2.984000 0.003714 0.300304 0.953836 0.000000 0.000000 0.000000 0.000000 1.000000
0.999593 -0.028089 0.005064 0.000000 0.028089 0.936645 -0.349151 2.984000 0.005064 0.349151 0.937053 0.000000 0.000000 0.000000 0.000000 1.000000
0.999502 -0.030937 0.006188 0.000000 0.030937 0.922583 -0.384555 2.984000 0.006188 0.384555 0.923081 0.000000 0.000000 0.000000 0.000000 1.000000
0.999438 -0.032787 0.006986 0.000000 0.032787 0.912595 -0.407549 2.984000 0.006987 0.407549 0.913157 0.000000 0.000000 0.000000 0.000000 1.000000
0.999408 -0.033613 0.007361 0.000000 0.033613 0.907908 -0.417820 2.984000 0.007361 0.417820 0.908500 0.000000 0.000000 0.000000 0.000000 1.000000</float_array>
        <technique_common>
          <accessor source="#mixamorig_RightHandRing3-Matrix-animation-output-transform-array" count="25" stride="16">
            <param type="float4x4"/>
          </accessor>
        </technique_common>
      </source>
      <source id="mixamorig_RightHandRing3-Interpolations">
        <Name_array id="mixamorig_RightHandRing3-Interpolations-array" count="25">
 LINEAR LINEAR LINEAR LINEAR LINEAR LINEAR LINEAR LINEAR LINEAR LINEAR LINEAR
LINEAR LINEAR LINEAR LINEAR LINEAR LINEAR LINEAR LINEAR LINEAR LINEAR LINEAR LINEAR
LINEAR LINEAR</Name_array>
        <technique_common>
          <accessor source="#mixamorig_RightHandRing3-Interpolations-array" count="25">
            <param type="name"/>
          </accessor>
        </technique_common>
      </source>
      <sampler id="mixamorig_RightHandRing3-Matrix-animation-transform">
        <input semantic="INPUT" source="#mixamorig_RightHandRing3-Matrix-animation-input"/>
        <input semantic="OUTPUT" source="#mixamorig_RightHandRing3-Matrix-animation-output-transform"/>
        <input semantic="INTERPOLATION" source="#mixamorig_RightHandRing3-Interpolations"/>
      </sampler>
      <channel source="#mixamorig_RightHandRing3-Matrix-animation-transform" target="mixamorig_RightHandRing3/matrix"/>
    </animation>
    <animation id="mixamorig_RightHandPinky1-anim" name="mixamorig_RightHandPinky1">
      <source id="mixamorig_RightHandPinky1-Matrix-animation-input">
        <float_array id="mixamorig_RightHandPinky1-Matrix-animation-input-array" count="25">

0.000000 0.033333 0.066667 0.100000 0.133333 0.166667 0.200000 0.233333 0.266667 0.300000 0.333333 0.366667 0.400000 0.433333 0.466667 0.500000
0.533333 0.566667 0.600000 0.633333 0.666667 0.700000 0.733333 0.766667 0.800000</float_array>
        <technique_common>
          <accessor source="#mixamorig_RightHandPinky1-Matrix-animation-input-array" count="25">
            <param name="TIME" type="float"/>
          </accessor>
        </technique_common>
      </source>
      <source id="mixamorig_RightHandPinky1-Matrix-animation-output-transform">
        <float_array id="mixamorig_RightHandPinky1-Matrix-animation-output-transform-array" count="400">

0.994641 -0.060059 0.084158 -6.663900 0.099007 0.318759 -0.942651 12.707500 0.029788 0.945931 0.322997 0.878800 0.000000 0.000000 0.000000 1.000000
0.994872 -0.059895 0.081497 -6.663900 0.097699 0.360754 -0.927530 12.707500 0.026154 0.930736 0.364756 0.878800 0.000000 0.000000 0.000000 1.000000
0.995210 -0.061674 0.075857 -6.663900 0.095485 0.446611 -0.889618 12.707500 0.020987 0.892600 0.450361 0.878800 0.000000 0.000000 0.000000 1.000000
0.995765 -0.061955 0.067927 -6.663900 0.091034 0.561066 -0.822750 12.707500 0.012862 0.825449 0.564330 0.878800 0.000000 0.000000 0.000000 1.000000
0.996709 -0.055832 0.058768 -6.663900 0.081061 0.684759 -0.724247 12.707500 0.000195 0.726627 0.687032 0.878800 0.000000 0.000000 0.000000 1.000000
0.997720 -0.045075 0.050231 -6.663900 0.066350 0.791335 -0.607772 12.707500 -0.012354 0.609719 0.792521 0.878800 0.000000 0.000000 0.000000 1.000000
0.998237 -0.040871 0.043051 -6.663900 0.056686 0.871613 -0.486906 12.707500 -0.017623 0.488488 0.872393 0.878800 0.000000 0.000000 0.000000 1.000000
0.997050 -0.067032 0.037400 -6.663900 0.076126 0.925974 -0.369834 12.707500 -0.009841 0.371590 0.928345 0.878800 0.000000 0.000000 0.000000 1.000000
0.991158 -0.128643 0.032518 -6.663900 0.132672 0.956891 -0.258375 12.707500 0.002122 0.260404 0.965497 0.878800 0.000000 0.000000 0.000000 1.000000
0.977120 -0.210856 0.027872 -6.663900 0.212553 0.963370 -0.163521 12.707500 0.007628 0.165704 0.986146 0.878800 0.000000 0.000000 0.000000 1.000000
0.959421 -0.280865 0.025019 -6.663900 0.281892 0.953182 -0.109453 12.707500 0.006894 0.112064 0.993677 0.878800 0.000000 0.000000 0.000000 1.000000
0.946937 -0.320535 0.023807 -6.663900 0.321248 0.941428 -0.102535 12.707500 0.010454 0.104742 0.994445 0.878800 0.000000 0.000000 0.000000 1.000000
0.942952 -0.332014 0.024647 -6.663900 0.332130 0.932990 -0.138637 12.707500 0.023034 0.138914 0.990037 0.878800 0.000000 0.000000 0.000000 1.000000
0.945088 -0.325680 0.027233 -6.663900 0.324012 0.922830 -0.208330 12.707500 0.042717 0.205714 0.977679 0.878800 0.000000 0.000000 0.000000 1.000000
0.949381 -0.312595 0.030997 -6.663900 0.307444 0.904397 -0.295879 12.707500 0.064457 0.290432 0.954722 0.878800 0.000000 0.000000 0.000000 1.000000
0.954935 -0.294657 0.035721 -6.663900 0.284386 0.873835 -0.394381 12.707500 0.084993 0.386767 0.918252 0.878800 0.000000 0.000000 0.000000 1.000000
0.961811 -0.270509 0.041779 -6.663900 0.254667 0.828441 -0.498829 12.707500 0.100326 0.490419 0.865693 0.878800 0.000000 0.000000 0.000000 1.000000
0.969342 -0.240871 0.048555 -6.663900 0.220919 0.767825 -0.601365 12.707500 0.107570 0.593655 0.797498 0.878800 0.000000 0.000000 0.000000 1.000000
0.976704 -0.207257 0.055626 -6.663900 0.186768 0.693358 -0.695969 12.707500 0.105675 0.690145 0.715914 0.878800 0.000000 0.000000 0.000000 1.000000
0.983057 -0.172104 0.063075 -6.663900 0.156598 0.609725 -0.776989 12.707500 0.095265 0.773702 0.626346 0.878800 0.000000 0.000000 0.000000 1.000000
0.987963 -0.138018 0.069856 -6.663900 0.132663 0.523718 -0.841499 12.707500 0.079557 0.840637 0.535724 0.878800 0.000000 0.000000 0.000000 1.000000
0.991340 -0.107360 0.075622 -6.663900 0.115838 0.443647 -0.888684 12.707500 0.061860 0.889748 0.452241 0.878800 0.000000 0.000000 0.000000 1.000000
0.993273 -0.083683 0.080041 -6.663900 0.106115 0.381063 -0.918439 12.707500 0.046357 0.920754 0.387380 0.878800 0.000000 0.000000 0.000000 1.000000
0.994267 -0.067558 0.082877 -6.663900 0.100977 0.338396 -0.935570 12.707500 0.035160 0.938576 0.343278 0.878800 0.000000 0.000000 0.000000 1.000000
0.994641 -0.060059 0.084158 -6.663900 0.099007 0.318759 -0.942651 12.707500 0.029788 0.945931 0.322997 0.878800 0.000000 0.000000 0.000000 1.000000</float_array>
        <technique_common>
          <accessor source="#mixamorig_RightHandPinky1-Matrix-animation-output-transform-array" count="25" stride="16">
            <param type="float4x4"/>
          </accessor>
        </technique_common>
      </source>
      <source id="mixamorig_RightHandPinky1-Interpolations">
        <Name_array id="mixamorig_RightHandPinky1-Interpolations-array" count="25">
 LINEAR LINEAR LINEAR LINEAR LINEAR LINEAR LINEAR LINEAR LINEAR LINEAR LINEAR
LINEAR LINEAR LINEAR LINEAR LINEAR LINEAR LINEAR LINEAR LINEAR LINEAR LINEAR LINEAR
LINEAR LINEAR</Name_array>
        <technique_common>
          <accessor source="#mixamorig_RightHandPinky1-Interpolations-array" count="25">
            <param type="name"/>
          </accessor>
        </technique_common>
      </source>
      <sampler id="mixamorig_RightHandPinky1-Matrix-animation-transform">
        <input semantic="INPUT" source="#mixamorig_RightHandPinky1-Matrix-animation-input"/>
        <input semantic="OUTPUT" source="#mixamorig_RightHandPinky1-Matrix-animation-output-transform"/>
        <input semantic="INTERPOLATION" source="#mixamorig_RightHandPinky1-Interpolations"/>
      </sampler>
      <channel source="#mixamorig_RightHandPinky1-Matrix-animation-transform" target="mixamorig_RightHandPinky1/matrix"/>
    </animation>
    <animation id="mixamorig_RightHandPinky2-anim" name="mixamorig_RightHandPinky2">
      <source id="mixamorig_RightHandPinky2-Matrix-animation-input">
        <float_array id="mixamorig_RightHandPinky2-Matrix-animation-input-array" count="25">

0.000000 0.033333 0.066667 0.100000 0.133333 0.166667 0.200000 0.233333 0.266667 0.300000 0.333333 0.366667 0.400000 0.433333 0.466667 0.500000
0.533333 0.566667 0.600000 0.633333 0.666667 0.700000 0.733333 0.766667 0.800000</float_array>
        <technique_common>
          <accessor source="#mixamorig_RightHandPinky2-Matrix-animation-input-array" count="25">
            <param name="TIME" type="float"/>
          </accessor>
        </technique_common>
      </source>
      <source id="mixamorig_RightHandPinky2-Matrix-animation-output-transform">
        <float_array id="mixamorig_RightHandPinky2-Matrix-animation-output-transform-array" count="400">

0.992908 -0.079762 0.088161 0.000000 0.079762 -0.102979 -0.991480 3.377000 0.088161 0.991480 -0.095886 0.000000 0.000000 0.000000 0.000000 1.000000
0.993194 -0.080051 0.084603 -0.000000 0.080051 -0.058465 -0.995075 3.377000 0.084603 0.995075 -0.051659 0.000000 0.000000 0.000000 0.000000 1.000000
0.993798 -0.080137 0.077095 0.000000 0.080138 0.035471 -0.996152 3.377000 0.077094 0.996153 0.041673 -0.000000 0.000000 0.000000 0.000000 1.000000
0.994647 -0.079056 0.066544 0.000000 0.079056 0.167476 -0.982701 3.377000 0.066544 0.982701 0.172829 0.000000 0.000000 0.000000 0.000000 1.000000
0.995634 -0.075943 0.054269 0.000000 0.075943 0.321048 -0.944013 3.377000 0.054269 0.944013 0.325414 0.000000 0.000000 0.000000 0.000000 1.000000
0.996570 -0.070925 0.042636 0.000000 0.070925 0.466584 -0.881628 3.377000 0.042636 0.881628 0.470014 0.000000 0.000000 0.000000 0.000000 1.000000
0.997363 -0.064746 0.032774 -0.000000 0.064746 0.589966 -0.804828 3.377000 0.032774 0.804828 0.592603 0.000000 0.000000 0.000000 0.000000 1.000000
0.997995 -0.058185 0.024929 0.000000 0.058185 0.688114 -0.723266 3.377000 0.024929 0.723266 0.690119 0.000000 0.000000 0.000000 0.000000 1.000000
0.998491 -0.051613 0.018758 0.000000 0.051613 0.765320 -0.641577 3.377000 0.018758 0.641577 0.766829 0.000000 0.000000 0.000000 0.000000 1.000000
0.998845 -0.045855 0.014359 0.000000 0.045855 0.820365 -0.569998 3.377000 0.014358 0.569998 0.821521 0.000000 0.000000 0.000000 0.000000 1.000000
0.999019 -0.042581 0.012201 0.000000 0.042581 0.847363 -0.529305 3.377000 0.012200 0.529305 0.848344 0.000000 0.000000 0.000000 0.000000 1.000000
0.999031 -0.042324 0.012040 0.000000 0.042324 0.849361 -0.526113 3.377000 0.012041 0.526113 0.850330 0.000000 0.000000 0.000000 0.000000 1.000000
0.998901 -0.044833 0.013660 0.000000 0.044833 0.829103 -0.557296 3.377000 0.013660 0.557296 0.830202 -0.000000 0.000000 0.000000 0.000000 1.000000
0.998636 -0.049390 0.016961 -0.000000 0.049390 0.787806 -0.613940 3.377000 0.016961 0.613940 0.789170 -0.000000 0.000000 0.000000 0.000000 1.000000
0.998261 -0.054839 0.021613 0.000000 0.054839 0.729606 -0.681665 3.377000 0.021613 0.681665 0.731345 0.000000 0.000000 0.000000 0.000000 1.000000
0.997781 -0.060599 0.027584 0.000000 0.060599 0.654902 -0.753280 3.377000 0.027584 0.753280 0.657121 0.000000 0.000000 0.000000 0.000000 1.000000
0.997195 -0.066234 0.034873 0.000000 0.066234 0.563705 -0.823317 3.377000 0.034873 0.823317 0.566510 0.000000 0.000000 0.000000 0.000000 1.000000
0.996527 -0.071208 0.043176 -0.000000 0.071208 0.459829 -0.885148 3.377000 0.043176 0.885148 0.463302 -0.000000 0.000000 0.000000 0.000000 1.000000
0.995806 -0.075183 0.052132 0.000000 0.075183 0.347775 -0.934559 3.377000 0.052132 0.934559 0.351969 0.000000 0.000000 0.000000 0.000000 1.000000
0.995078 -0.077951 0.061181 0.000000 0.077951 0.234568 -0.968969 3.377000 0.061181 0.968969 0.239490 0.000000 0.000000 0.000000 0.000000 1.000000
0.994389 -0.079534 0.069744 0.000000 0.079535 0.127442 -0.988652 3.377000 0.069743 0.988652 0.133053 0.000000 0.000000 0.000000 0.000000 1.000000
0.993788 -0.080142 0.077220 -0.000000 0.080142 0.033902 -0.996207 3.377000 0.077220 0.996207 0.040114 -0.000000 0.000000 0.000000 0.000000 1.000000
0.993339 -0.080137 0.082800 0.000000 0.080137 -0.035904 -0.996137 3.377000 0.082800 0.996137 -0.029243 0.000000 0.000000 0.000000 0.000000 1.000000
0.993042 -0.079918 0.086491 0.000000 0.079918 -0.082079 -0.993416 3.377000 0.086491 0.993416 -0.075121 -0.000000 0.000000 0.000000 0.000000 1.000000
0.992908 -0.079762 0.088161 0.000000 0.079762 -0.102979 -0.991480 3.377000 0.088161 0.991480 -0.095887 -0.000000 0.000000 0.000000 0.000000 1.000000</float_array>
        <technique_common>
          <accessor source="#mixamorig_RightHandPinky2-Matrix-animation-output-transform-array" count="25" stride="16">
            <param type="float4x4"/>
          </accessor>
        </technique_common>
      </source>
      <source id="mixamorig_RightHandPinky2-Interpolations">
        <Name_array id="mixamorig_RightHandPinky2-Interpolations-array" count="25">
 LINEAR LINEAR LINEAR LINEAR LINEAR LINEAR LINEAR LINEAR LINEAR LINEAR LINEAR
LINEAR LINEAR LINEAR LINEAR LINEAR LINEAR LINEAR LINEAR LINEAR LINEAR LINEAR LINEAR
LINEAR LINEAR</Name_array>
        <technique_common>
          <accessor source="#mixamorig_RightHandPinky2-Interpolations-array" count="25">
            <param type="name"/>
          </accessor>
        </technique_common>
      </source>
      <sampler id="mixamorig_RightHandPinky2-Matrix-animation-transform">
        <input semantic="INPUT" source="#mixamorig_RightHandPinky2-Matrix-animation-input"/>
        <input semantic="OUTPUT" source="#mixamorig_RightHandPinky2-Matrix-animation-output-transform"/>
        <input semantic="INTERPOLATION" source="#mixamorig_RightHandPinky2-Interpolations"/>
      </sampler>
      <channel source="#mixamorig_RightHandPinky2-Matrix-animation-transform" target="mixamorig_RightHandPinky2/matrix"/>
    </animation>
    <animation id="mixamorig_RightHandPinky3-anim" name="mixamorig_RightHandPinky3">
      <source id="mixamorig_RightHandPinky3-Matrix-animation-input">
        <float_array id="mixamorig_RightHandPinky3-Matrix-animation-input-array" count="25">

0.000000 0.033333 0.066667 0.100000 0.133333 0.166667 0.200000 0.233333 0.266667 0.300000 0.333333 0.366667 0.400000 0.433333 0.466667 0.500000
0.533333 0.566667 0.600000 0.633333 0.666667 0.700000 0.733333 0.766667 0.800000</float_array>
        <technique_common>
          <accessor source="#mixamorig_RightHandPinky3-Matrix-animation-input-array" count="25">
            <param name="TIME" type="float"/>
          </accessor>
        </technique_common>
      </source>
      <source id="mixamorig_RightHandPinky3-Matrix-animation-output-transform">
        <float_array id="mixamorig_RightHandPinky3-Matrix-animation-output-transform-array" count="400">

0.998100 -0.056911 0.023620 0.000000 0.056911 0.704492 -0.707426 2.998000 0.023620 0.707426 0.706392 0.000000 0.000000 0.000000 0.000000 1.000000
0.998306 -0.054237 0.021056 0.000000 0.054236 0.736568 -0.674186 2.998000 0.021056 0.674186 0.738262 0.000000 0.000000 0.000000 0.000000 1.000000
0.998703 -0.048290 0.016119 0.000000 0.048290 0.798341 -0.600266 2.998000 0.016119 0.600266 0.799638 0.000000 0.000000 0.000000 0.000000 1.000000
0.999181 -0.039170 0.010185 0.000000 0.039170 0.872576 -0.486904 2.998000 0.010185 0.486904 0.873396 -0.000000 0.000000 0.000000 0.000000 1.000000
0.999612 -0.027423 0.004819 -0.000000 0.027423 0.939707 -0.340880 2.998000 0.004819 0.340880 0.940095 -0.000000 0.000000 0.000000 0.000000 1.000000
0.999884 -0.015151 0.001440 -0.000000 0.015151 0.981988 -0.188334 2.998000 0.001440 0.188334 0.982104 -0.000000 0.000000 0.000000 0.000000 1.000000
0.999992 -0.003953 0.000097 -0.000000 0.003953 0.998784 -0.049133 2.998000 0.000097 0.049133 0.998792 0.000000 0.000000 0.000000 0.000000 1.000000
0.999987 0.005192 0.000168 -0.000000 -0.005192 0.997902 0.064539 2.998000 0.000168 -0.064539 0.997915 0.000000 0.000000 0.000000 0.000000 1.000000
0.999921 0.012503 0.000977 0.000000 -0.012503 0.987770 0.155418 2.998000 0.000978 -0.155418 0.987848 0.000000 0.000000 0.000000 0.000000 1.000000
0.999840 0.017795 0.001993 0.000000 -0.017795 0.975066 0.221201 2.998000 0.001993 -0.221201 0.975226 0.000000 0.000000 0.000000 0.000000 1.000000
0.999793 0.020199 0.002577 -0.000000 -0.020199 0.967754 0.251086 2.998000 0.002578 -0.251086 0.967961 -0.000000 0.000000 0.000000 0.000000 1.000000
0.999802 0.019729 0.002457 0.000000 -0.019729 0.969261 0.245242 2.998000 0.002457 -0.245242 0.969459 0.000000 0.000000 0.000000 0.000000 1.000000
0.999860 0.016626 0.001737 0.000000 -0.016626 0.978270 0.206665 2.998000 0.001737 -0.206665 0.978410 -0.000000 0.000000 0.000000 0.000000 1.000000
0.999936 0.011270 0.000793 0.000000 -0.011270 0.990075 0.140086 2.998000 0.000794 -0.140086 0.990139 -0.000000 0.000000 0.000000 0.000000 1.000000
0.999990 0.004501 0.000126 0.000000 -0.004501 0.998423 0.055950 2.998000 0.000126 -0.055950 0.998434 0.000000 0.000000 0.000000 0.000000 1.000000
0.999995 -0.003302 0.000068 0.000000 0.003302 0.999152 -0.041049 2.998000 0.000068 0.041049 0.999157 -0.000000 0.000000 0.000000 0.000000 1.000000
0.999929 -0.011843 0.000877 0.000000 0.011843 0.989034 -0.147211 2.998000 0.000876 0.147211 0.989105 0.000000 0.000000 0.000000 0.000000 1.000000
0.999784 -0.020602 0.002683 -0.000000 0.020602 0.966432 -0.256094 2.998000 0.002683 0.256094 0.966648 0.000000 0.000000 0.000000 0.000000 1.000000
0.999560 -0.029163 0.005473 0.000000 0.029163 0.931524 -0.362509 2.998000 0.005473 0.362509 0.931964 0.000000 0.000000 0.000000 0.000000 1.000000
0.999272 -0.037052 0.009044 0.000000 0.037052 0.886846 -0.460577 2.998000 0.009045 0.460577 0.887574 0.000000 0.000000 0.000000 0.000000 1.000000
0.998950 -0.043916 0.013053 0.000000 0.043916 0.836697 -0.545902 2.998000 0.013053 0.545902 0.837747 0.000000 0.000000 0.000000 0.000000 1.000000
0.998630 -0.049474 0.017027 0.000000 0.049474 0.786982 -0.614989 2.998000 0.017027 0.614989 0.788352 -0.000000 0.000000 0.000000 0.000000 1.000000
0.998369 -0.053369 0.020273 0.000000 0.053369 0.746359 -0.663401 2.998000 0.020274 0.663401 0.747990 0.000000 0.000000 0.000000 0.000000 1.000000
0.998186 -0.055829 0.022554 -0.000000 0.055829 0.717831 -0.693975 2.998000 0.022554 0.693975 0.719646 0.000000 0.000000 0.000000 0.000000 1.000000
0.998100 -0.056911 0.023620 -0.000000 0.056910 0.704492 -0.707426 2.998000 0.023620 0.707426 0.706392 0.000000 0.000000 0.000000 0.000000 1.000000</float_array>
        <technique_common>
          <accessor source="#mixamorig_RightHandPinky3-Matrix-animation-output-transform-array" count="25" stride="16">
            <param type="float4x4"/>
          </accessor>
        </technique_common>
      </source>
      <source id="mixamorig_RightHandPinky3-Interpolations">
        <Name_array id="mixamorig_RightHandPinky3-Interpolations-array" count="25">
 LINEAR LINEAR LINEAR LINEAR LINEAR LINEAR LINEAR LINEAR LINEAR LINEAR LINEAR
LINEAR LINEAR LINEAR LINEAR LINEAR LINEAR LINEAR LINEAR LINEAR LINEAR LINEAR LINEAR
LINEAR LINEAR</Name_array>
        <technique_common>
          <accessor source="#mixamorig_RightHandPinky3-Interpolations-array" count="25">
            <param type="name"/>
          </accessor>
        </technique_common>
      </source>
      <sampler id="mixamorig_RightHandPinky3-Matrix-animation-transform">
        <input semantic="INPUT" source="#mixamorig_RightHandPinky3-Matrix-animation-input"/>
        <input semantic="OUTPUT" source="#mixamorig_RightHandPinky3-Matrix-animation-output-transform"/>
        <input semantic="INTERPOLATION" source="#mixamorig_RightHandPinky3-Interpolations"/>
      </sampler>
      <channel source="#mixamorig_RightHandPinky3-Matrix-animation-transform" target="mixamorig_RightHandPinky3/matrix"/>
    </animation>
    <animation id="mixamorig_L_horn1-anim" name="mixamorig_L_horn1">
      <source id="mixamorig_L_horn1-Matrix-animation-input">
        <float_array id="mixamorig_L_horn1-Matrix-animation-input-array" count="25">

0.000000 0.033333 0.066667 0.100000 0.133333 0.166667 0.200000 0.233333 0.266667 0.300000 0.333333 0.366667 0.400000 0.433333 0.466667 0.500000
0.533333 0.566667 0.600000 0.633333 0.666667 0.700000 0.733333 0.766667 0.800000</float_array>
        <technique_common>
          <accessor source="#mixamorig_L_horn1-Matrix-animation-input-array" count="25">
            <param name="TIME" type="float"/>
          </accessor>
        </technique_common>
      </source>
      <source id="mixamorig_L_horn1-Matrix-animation-output-transform">
        <float_array id="mixamorig_L_horn1-Matrix-animation-output-transform-array" count="400">

0.602488 0.000515 0.798128 1.847600 -0.698753 0.483576 0.527160 4.379700 -0.385684 -0.875302 0.291709 -10.115900 0.000000 0.000000 0.000000 1.000000
0.602488 0.000515 0.798128 1.847600 -0.698753 0.483576 0.527160 4.379700 -0.385684 -0.875302 0.291709 -10.115900 0.000000 0.000000 0.000000 1.000000
0.602488 0.000515 0.798128 1.847600 -0.698753 0.483576 0.527160 4.379700 -0.385684 -0.875302 0.291709 -10.115900 0.000000 0.000000 0.000000 1.000000
0.602488 0.000515 0.798128 1.847600 -0.698753 0.483576 0.527160 4.379700 -0.385684 -0.875302 0.291709 -10.115900 0.000000 0.000000 0.000000 1.000000
0.602488 0.000515 0.798128 1.847600 -0.698753 0.483576 0.527160 4.379700 -0.385684 -0.875302 0.291709 -10.115900 0.000000 0.000000 0.000000 1.000000
0.602488 0.000515 0.798128 1.847600 -0.698753 0.483576 0.527160 4.379700 -0.385684 -0.875302 0.291709 -10.115900 0.000000 0.000000 0.000000 1.000000
0.602488 0.000515 0.798128 1.847600 -0.698753 0.483576 0.527160 4.379700 -0.385684 -0.875302 0.291709 -10.115900 0.000000 0.000000 0.000000 1.000000
0.602488 0.000515 0.798128 1.847600 -0.698753 0.483576 0.527160 4.379700 -0.385684 -0.875302 0.291709 -10.115900 0.000000 0.000000 0.000000 1.000000
0.602488 0.000515 0.798128 1.847600 -0.698753 0.483576 0.527160 4.379700 -0.385684 -0.875302 0.291709 -10.115900 0.000000 0.000000 0.000000 1.000000
0.602488 0.000515 0.798128 1.847600 -0.698753 0.483576 0.527160 4.379700 -0.385684 -0.875302 0.291709 -10.115900 0.000000 0.000000 0.000000 1.000000
0.602488 0.000515 0.798128 1.847600 -0.698753 0.483576 0.527160 4.379700 -0.385684 -0.875302 0.291709 -10.115900 0.000000 0.000000 0.000000 1.000000
0.602488 0.000515 0.798128 1.847600 -0.698753 0.483576 0.527160 4.379700 -0.385684 -0.875302 0.291709 -10.115900 0.000000 0.000000 0.000000 1.000000
0.602488 0.000515 0.798128 1.847600 -0.698753 0.483576 0.527160 4.379700 -0.385684 -0.875302 0.291709 -10.115900 0.000000 0.000000 0.000000 1.000000
0.602488 0.000515 0.798128 1.847600 -0.698753 0.483576 0.527160 4.379700 -0.385684 -0.875302 0.291709 -10.115900 0.000000 0.000000 0.000000 1.000000
0.602488 0.000515 0.798128 1.847600 -0.698753 0.483576 0.527160 4.379700 -0.385684 -0.875302 0.291709 -10.115900 0.000000 0.000000 0.000000 1.000000
0.602488 0.000515 0.798128 1.847600 -0.698753 0.483576 0.527160 4.379700 -0.385684 -0.875302 0.291709 -10.115900 0.000000 0.000000 0.000000 1.000000
0.602488 0.000515 0.798128 1.847600 -0.698753 0.483576 0.527160 4.379700 -0.385684 -0.875302 0.291709 -10.115900 0.000000 0.000000 0.000000 1.000000
0.602488 0.000515 0.798128 1.847600 -0.698753 0.483576 0.527160 4.379700 -0.385684 -0.875302 0.291709 -10.115900 0.000000 0.000000 0.000000 1.000000
0.602488 0.000515 0.798128 1.847600 -0.698753 0.483576 0.527160 4.379700 -0.385684 -0.875302 0.291709 -10.115900 0.000000 0.000000 0.000000 1.000000
0.602488 0.000515 0.798128 1.847600 -0.698753 0.483576 0.527160 4.379700 -0.385684 -0.875302 0.291709 -10.115900 0.000000 0.000000 0.000000 1.000000
0.602488 0.000515 0.798128 1.847600 -0.698753 0.483576 0.527160 4.379700 -0.385684 -0.875302 0.291709 -10.115900 0.000000 0.000000 0.000000 1.000000
0.602488 0.000515 0.798128 1.847600 -0.698753 0.483576 0.527160 4.379700 -0.385684 -0.875302 0.291709 -10.115900 0.000000 0.000000 0.000000 1.000000
0.602488 0.000515 0.798128 1.847600 -0.698753 0.483576 0.527160 4.379700 -0.385684 -0.875302 0.291709 -10.115900 0.000000 0.000000 0.000000 1.000000
0.602488 0.000515 0.798128 1.847600 -0.698753 0.483576 0.527160 4.379700 -0.385684 -0.875302 0.291709 -10.115900 0.000000 0.000000 0.000000 1.000000
0.602488 0.000515 0.798128 1.847600 -0.698753 0.483576 0.527160 4.379700 -0.385684 -0.875302 0.291709 -10.115900 0.000000 0.000000 0.000000 1.000000</float_array>
        <technique_common>
          <accessor source="#mixamorig_L_horn1-Matrix-animation-output-transform-array" count="25" stride="16">
            <param type="float4x4"/>
          </accessor>
        </technique_common>
      </source>
      <source id="mixamorig_L_horn1-Interpolations">
        <Name_array id="mixamorig_L_horn1-Interpolations-array" count="25">
 LINEAR LINEAR LINEAR LINEAR LINEAR LINEAR LINEAR LINEAR LINEAR LINEAR LINEAR
LINEAR LINEAR LINEAR LINEAR LINEAR LINEAR LINEAR LINEAR LINEAR LINEAR LINEAR LINEAR
LINEAR LINEAR</Name_array>
        <technique_common>
          <accessor source="#mixamorig_L_horn1-Interpolations-array" count="25">
            <param type="name"/>
          </accessor>
        </technique_common>
      </source>
      <sampler id="mixamorig_L_horn1-Matrix-animation-transform">
        <input semantic="INPUT" source="#mixamorig_L_horn1-Matrix-animation-input"/>
        <input semantic="OUTPUT" source="#mixamorig_L_horn1-Matrix-animation-output-transform"/>
        <input semantic="INTERPOLATION" source="#mixamorig_L_horn1-Interpolations"/>
      </sampler>
      <channel source="#mixamorig_L_horn1-Matrix-animation-transform" target="mixamorig_L_horn1/matrix"/>
    </animation>
    <animation id="mixamorig_R_horn1-anim" name="mixamorig_R_horn1">
      <source id="mixamorig_R_horn1-Matrix-animation-input">
        <float_array id="mixamorig_R_horn1-Matrix-animation-input-array" count="25">

0.000000 0.033333 0.066667 0.100000 0.133333 0.166667 0.200000 0.233333 0.266667 0.300000 0.333333 0.366667 0.400000 0.433333 0.466667 0.500000
0.533333 0.566667 0.600000 0.633333 0.666667 0.700000 0.733333 0.766667 0.800000</float_array>
        <technique_common>
          <accessor source="#mixamorig_R_horn1-Matrix-animation-input-array" count="25">
            <param name="TIME" type="float"/>
          </accessor>
        </technique_common>
      </source>
      <source id="mixamorig_R_horn1-Matrix-animation-output-transform">
        <float_array id="mixamorig_R_horn1-Matrix-animation-output-transform-array" count="400">

-0.591028 -0.129171 0.796242 -3.147700 -0.778219 0.351067 -0.520699 4.536700 -0.212275 -0.927398 -0.308014 -10.290500 0.000000 0.000000 0.000000 1.000000
-0.591028 -0.129171 0.796242 -3.147700 -0.778219 0.351067 -0.520699 4.536700 -0.212275 -0.927398 -0.308014 -10.290500 0.000000 0.000000 0.000000 1.000000
-0.591028 -0.129171 0.796242 -3.147700 -0.778219 0.351067 -0.520699 4.536700 -0.212275 -0.927398 -0.308014 -10.290500 0.000000 0.000000 0.000000 1.000000
-0.591028 -0.129171 0.796242 -3.147700 -0.778219 0.351067 -0.520699 4.536700 -0.212275 -0.927398 -0.308014 -10.290500 0.000000 0.000000 0.000000 1.000000
-0.591028 -0.129171 0.796242 -3.147700 -0.778219 0.351067 -0.520699 4.536700 -0.212275 -0.927398 -0.308014 -10.290500 0.000000 0.000000 0.000000 1.000000
-0.591028 -0.129171 0.796242 -3.147700 -0.778219 0.351067 -0.520699 4.536700 -0.212275 -0.927398 -0.308014 -10.290500 0.000000 0.000000 0.000000 1.000000
-0.591028 -0.129171 0.796242 -3.147700 -0.778219 0.351067 -0.520699 4.536700 -0.212275 -0.927398 -0.308014 -10.290500 0.000000 0.000000 0.000000 1.000000
-0.591028 -0.129171 0.796242 -3.147700 -0.778219 0.351067 -0.520699 4.536700 -0.212275 -0.927398 -0.308014 -10.290500 0.000000 0.000000 0.000000 1.000000
-0.591028 -0.129171 0.796242 -3.147700 -0.778219 0.351067 -0.520699 4.536700 -0.212275 -0.927398 -0.308014 -10.290500 0.000000 0.000000 0.000000 1.000000
-0.591028 -0.129171 0.796242 -3.147700 -0.778219 0.351067 -0.520699 4.536700 -0.212275 -0.927398 -0.308014 -10.290500 0.000000 0.000000 0.000000 1.000000
-0.591028 -0.129171 0.796242 -3.147700 -0.778219 0.351067 -0.520699 4.536700 -0.212275 -0.927398 -0.308014 -10.290500 0.000000 0.000000 0.000000 1.000000
-0.591028 -0.129171 0.796242 -3.147700 -0.778219 0.351067 -0.520699 4.536700 -0.212275 -0.927398 -0.308014 -10.290500 0.000000 0.000000 0.000000 1.000000
-0.591028 -0.129171 0.796242 -3.147700 -0.778219 0.351067 -0.520699 4.536700 -0.212275 -0.927398 -0.308014 -10.290500 0.000000 0.000000 0.000000 1.000000
-0.591028 -0.129171 0.796242 -3.147700 -0.778219 0.351067 -0.520699 4.536700 -0.212275 -0.927398 -0.308014 -10.290500 0.000000 0.000000 0.000000 1.000000
-0.591028 -0.129171 0.796242 -3.147700 -0.778219 0.351067 -0.520699 4.536700 -0.212275 -0.927398 -0.308014 -10.290500 0.000000 0.000000 0.000000 1.000000
-0.591028 -0.129171 0.796242 -3.147700 -0.778219 0.351067 -0.520699 4.536700 -0.212275 -0.927398 -0.308014 -10.290500 0.000000 0.000000 0.000000 1.000000
-0.591028 -0.129171 0.796242 -3.147700 -0.778219 0.351067 -0.520699 4.536700 -0.212275 -0.927398 -0.308014 -10.290500 0.000000 0.000000 0.000000 1.000000
-0.591028 -0.129171 0.796242 -3.147700 -0.778219 0.351067 -0.520699 4.536700 -0.212275 -0.927398 -0.308014 -10.290500 0.000000 0.000000 0.000000 1.000000
-0.591028 -0.129171 0.796242 -3.147700 -0.778219 0.351067 -0.520699 4.536700 -0.212275 -0.927398 -0.308014 -10.290500 0.000000 0.000000 0.000000 1.000000
-0.591028 -0.129171 0.796242 -3.147700 -0.778219 0.351067 -0.520699 4.536700 -0.212275 -0.927398 -0.308014 -10.290500 0.000000 0.000000 0.000000 1.000000
-0.591028 -0.129171 0.796242 -3.147700 -0.778219 0.351067 -0.520699 4.536700 -0.212275 -0.927398 -0.308014 -10.290500 0.000000 0.000000 0.000000 1.000000
-0.591028 -0.129171 0.796242 -3.147700 -0.778219 0.351067 -0.520699 4.536700 -0.212275 -0.927398 -0.308014 -10.290500 0.000000 0.000000 0.000000 1.000000
-0.591028 -0.129171 0.796242 -3.147700 -0.778219 0.351067 -0.520699 4.536700 -0.212275 -0.927398 -0.308014 -10.290500 0.000000 0.000000 0.000000 1.000000
-0.591028 -0.129171 0.796242 -3.147700 -0.778219 0.351067 -0.520699 4.536700 -0.212275 -0.927398 -0.308014 -10.290500 0.000000 0.000000 0.000000 1.000000
-0.591028 -0.129171 0.796242 -3.147700 -0.778219 0.351067 -0.520699 4.536700 -0.212275 -0.927398 -0.308014 -10.290500 0.000000 0.000000 0.000000 1.000000</float_array>
        <technique_common>
          <accessor source="#mixamorig_R_horn1-Matrix-animation-output-transform-array" count="25" stride="16">
            <param type="float4x4"/>
          </accessor>
        </technique_common>
      </source>
      <source id="mixamorig_R_horn1-Interpolations">
        <Name_array id="mixamorig_R_horn1-Interpolations-array" count="25">
 LINEAR LINEAR LINEAR LINEAR LINEAR LINEAR LINEAR LINEAR LINEAR LINEAR LINEAR
LINEAR LINEAR LINEAR LINEAR LINEAR LINEAR LINEAR LINEAR LINEAR LINEAR LINEAR LINEAR
LINEAR LINEAR</Name_array>
        <technique_common>
          <accessor source="#mixamorig_R_horn1-Interpolations-array" count="25">
            <param type="name"/>
          </accessor>
        </technique_common>
      </source>
      <sampler id="mixamorig_R_horn1-Matrix-animation-transform">
        <input semantic="INPUT" source="#mixamorig_R_horn1-Matrix-animation-input"/>
        <input semantic="OUTPUT" source="#mixamorig_R_horn1-Matrix-animation-output-transform"/>
        <input semantic="INTERPOLATION" source="#mixamorig_R_horn1-Interpolations"/>
      </sampler>
      <channel source="#mixamorig_R_horn1-Matrix-animation-transform" target="mixamorig_R_horn1/matrix"/>
    </animation>
    <animation id="mixamorig_LeftUpLeg-anim" name="mixamorig_LeftUpLeg">
      <source id="mixamorig_LeftUpLeg-Matrix-animation-input">
        <float_array id="mixamorig_LeftUpLeg-Matrix-animation-input-array" count="25">

0.000000 0.033333 0.066667 0.100000 0.133333 0.166667 0.200000 0.233333 0.266667 0.300000 0.333333 0.366667 0.400000 0.433333 0.466667 0.500000
0.533333 0.566667 0.600000 0.633333 0.666667 0.700000 0.733333 0.766667 0.800000</float_array>
        <technique_common>
          <accessor source="#mixamorig_LeftUpLeg-Matrix-animation-input-array" count="25">
            <param name="TIME" type="float"/>
          </accessor>
        </technique_common>
      </source>
      <source id="mixamorig_LeftUpLeg-Matrix-animation-output-transform">
        <float_array id="mixamorig_LeftUpLeg-Matrix-animation-output-transform-array" count="400">

-0.923565 0.314138 0.219877 13.026900 0.034146 -0.503769 0.863163 -6.336300 0.381919 0.804695 0.454536 -1.092800 0.000000 0.000000 0.000000 1.000000
-0.954031 0.285782 0.090296 13.026900 0.024908 -0.224633 0.974125 -6.336300 0.298671 0.931595 0.207188 -1.092800 0.000000 0.000000 0.000000 1.000000
-0.974797 0.222881 0.009697 13.026900 0.000423 -0.041618 0.999134 -6.336300 0.223092 0.973957 0.040474 -1.092800 0.000000 0.000000 0.000000 1.000000
-0.987910 0.154705 0.009980 13.026900 0.016047 0.038017 0.999148 -6.336300 0.154194 0.987229 -0.040040 -1.092800 0.000000 0.000000 0.000000 1.000000
-0.995116 0.093523 0.031572 13.026900 0.035998 0.046030 0.998291 -6.336300 0.091910 0.994553 -0.049172 -1.092800 0.000000 0.000000 0.000000 1.000000
-0.998599 0.038592 0.036199 13.026900 0.035961 -0.006832 0.999330 -6.336300 0.038813 0.999232 0.005435 -1.092800 0.000000 0.000000 0.000000 1.000000
-0.999567 0.019217 0.022287 13.026900 0.020076 -0.108450 0.993899 -6.336300 0.021517 0.993916 0.108017 -1.092800 0.000000 0.000000 0.000000 1.000000
-0.999467 -0.002979 0.032494 13.026900 0.032329 -0.225305 0.973752 -6.336300 0.004421 0.974284 0.225281 -1.092800 0.000000 0.000000 0.000000 1.000000
-0.997249 -0.029623 0.067946 13.026900 0.072998 -0.233388 0.969640 -6.336300 -0.012866 0.971932 0.234908 -1.092800 0.000000 0.000000 0.000000 1.000000
-0.992388 -0.034414 0.118248 13.026900 0.122905 -0.215754 0.968682 -6.336300 -0.007824 0.975841 0.218341 -1.092800 0.000000 0.000000 0.000000 1.000000
-0.985281 -0.010593 0.170612 13.026900 0.168401 -0.231537 0.958140 -6.336300 0.029354 0.972768 0.229913 -1.092800 0.000000 0.000000 0.000000 1.000000
-0.977313 -0.044285 0.207117 13.026900 0.210469 -0.312476 0.926316 -6.336300 0.023698 0.948893 0.314707 -1.092800 0.000000 0.000000 0.000000 1.000000
-0.970717 -0.098919 0.218914 13.026900 0.239270 -0.479339 0.844384 -6.336300 0.021408 0.872037 0.488971 -1.092800 0.000000 0.000000 0.000000 1.000000
-0.968042 -0.131040 0.213829 13.026900 0.244167 -0.687076 0.684331 -6.336300 0.057242 0.714671 0.697114 -1.092800 0.000000 0.000000 0.000000 1.000000
-0.966809 -0.155307 0.202879 13.026900 0.225219 -0.892992 0.389668 -6.336300 0.120651 0.422427 0.898331 -1.092800 0.000000 0.000000 0.000000 1.000000
-0.957458 -0.206096 0.201988 13.026900 0.230264 -0.967524 0.104287 -6.336300 0.173935 0.146361 0.973820 -1.092800 0.000000 0.000000 0.000000 1.000000
-0.964101 -0.149437 0.219496 13.026900 0.153547 -0.988140 0.001684 -6.336300 0.216641 0.035326 0.975612 -1.092800 0.000000 0.000000 0.000000 1.000000
-0.959521 -0.144737 0.241598 13.026900 0.135989 -0.989313 -0.052594 -6.336300 0.246628 -0.017610 0.968950 -1.092800 0.000000 0.000000 0.000000 1.000000
-0.941921 -0.129957 0.309671 13.026900 0.105868 -0.989980 -0.093439 -6.336300 0.318711 -0.055228 0.946242 -1.092800 0.000000 0.000000 0.000000 1.000000
-0.924183 -0.060631 0.377107 13.026900 0.036993 -0.996888 -0.069618 -6.336300 0.380154 -0.050389 0.923550 -1.092800 0.000000 0.000000 0.000000 1.000000
-0.899714 0.063502 0.431836 13.026900 -0.046454 -0.997672 0.049925 -6.336300 0.434001 0.024857 0.900569 -1.092800 0.000000 0.000000 0.000000 1.000000
-0.896158 0.176826 0.406980 13.026900 -0.072774 -0.963320 0.258299 -6.336300 0.437726 0.201859 0.876156 -1.092800 0.000000 0.000000 0.000000 1.000000
-0.899796 0.239634 0.364613 13.026900 -0.045332 -0.882497 0.468129 -6.336300 0.433949 0.404692 0.804930 -1.092800 0.000000 0.000000 0.000000 1.000000
-0.906552 0.308570 0.288008 13.026900 -0.013242 -0.702786 0.711278 -6.336300 0.421887 0.640997 0.641198 -1.092800 0.000000 0.000000 0.000000 1.000000
-0.923565 0.314138 0.219877 13.026900 0.034146 -0.503769 0.863163 -6.336300 0.381920 0.804695 0.454537 -1.092800 0.000000 0.000000 0.000000 1.000000</float_array>
        <technique_common>
          <accessor source="#mixamorig_LeftUpLeg-Matrix-animation-output-transform-array" count="25" stride="16">
            <param type="float4x4"/>
          </accessor>
        </technique_common>
      </source>
      <source id="mixamorig_LeftUpLeg-Interpolations">
        <Name_array id="mixamorig_LeftUpLeg-Interpolations-array" count="25">
 LINEAR LINEAR LINEAR LINEAR LINEAR LINEAR LINEAR LINEAR LINEAR LINEAR LINEAR
LINEAR LINEAR LINEAR LINEAR LINEAR LINEAR LINEAR LINEAR LINEAR LINEAR LINEAR LINEAR
LINEAR LINEAR</Name_array>
        <technique_common>
          <accessor source="#mixamorig_LeftUpLeg-Interpolations-array" count="25">
            <param type="name"/>
          </accessor>
        </technique_common>
      </source>
      <sampler id="mixamorig_LeftUpLeg-Matrix-animation-transform">
        <input semantic="INPUT" source="#mixamorig_LeftUpLeg-Matrix-animation-input"/>
        <input semantic="OUTPUT" source="#mixamorig_LeftUpLeg-Matrix-animation-output-transform"/>
        <input semantic="INTERPOLATION" source="#mixamorig_LeftUpLeg-Interpolations"/>
      </sampler>
      <channel source="#mixamorig_LeftUpLeg-Matrix-animation-transform" target="mixamorig_LeftUpLeg/matrix"/>
    </animation>
    <animation id="mixamorig_LeftLeg-anim" name="mixamorig_LeftLeg">
      <source id="mixamorig_LeftLeg-Matrix-animation-input">
        <float_array id="mixamorig_LeftLeg-Matrix-animation-input-array" count="25">

0.000000 0.033333 0.066667 0.100000 0.133333 0.166667 0.200000 0.233333 0.266667 0.300000 0.333333 0.366667 0.400000 0.433333 0.466667 0.500000
0.533333 0.566667 0.600000 0.633333 0.666667 0.700000 0.733333 0.766667 0.800000</float_array>
        <technique_common>
          <accessor source="#mixamorig_LeftLeg-Matrix-animation-input-array" count="25">
            <param name="TIME" type="float"/>
          </accessor>
        </technique_common>
      </source>
      <source id="mixamorig_LeftLeg-Matrix-animation-output-transform">
        <float_array id="mixamorig_LeftLeg-Matrix-animation-output-transform-array" count="400">

0.998670 0.025724 -0.044678 -0.000000 0.049295 -0.730164 0.681491 46.951000 -0.015092 -0.682787 -0.730462 0.000000 0.000000 0.000000 0.000000 1.000000
0.999353 0.019057 -0.030511 0.000000 0.034312 -0.759694 0.649375 46.951000 -0.010804 -0.650001 -0.759856 0.000000 0.000000 0.000000 0.000000 1.000000
0.999471 0.016084 -0.028255 0.000000 0.031512 -0.693161 0.720093 46.951000 -0.008003 -0.720603 -0.693302 -0.000000 0.000000 0.000000 0.000000 1.000000
0.999093 -0.012322 0.040771 0.000000 -0.040962 -0.540277 0.840490 46.951000 0.011671 -0.841397 -0.540291 0.000000 0.000000 0.000000 0.000000 1.000000
0.999906 -0.003945 -0.013160 0.000000 0.011730 -0.253533 0.967256 46.951000 -0.007152 -0.967319 -0.253463 0.000000 0.000000 0.000000 0.000000 1.000000
0.999431 -0.023436 -0.024261 0.000000 0.026769 0.113390 0.993190 46.951000 -0.020526 -0.993274 0.113953 0.000000 0.000000 0.000000 0.000000 1.000000
0.997748 -0.046410 -0.048418 0.000000 0.064739 0.477809 0.876075 46.951000 -0.017524 -0.877237 0.479738 0.000000 0.000000 0.000000 0.000000 1.000000
0.994544 -0.084503 0.061164 0.000000 0.013839 0.688032 0.725548 46.951000 -0.103394 -0.720744 0.685448 0.000000 0.000000 0.000000 0.000000 1.000000
0.996997 -0.072302 0.027739 -0.000000 0.022616 0.614421 0.788654 46.951000 -0.074065 -0.785659 0.614211 -0.000000 0.000000 0.000000 0.000000 1.000000
0.999777 -0.021060 -0.001374 -0.000000 0.010905 0.459759 0.887977 46.951000 -0.018069 -0.887794 0.459886 -0.000000 0.000000 0.000000 0.000000 1.000000
0.996477 0.013033 0.082842 0.000000 -0.083437 0.253242 0.963798 46.951000 -0.008417 -0.967315 0.253437 0.000000 0.000000 0.000000 0.000000 1.000000
0.996084 0.008719 0.087978 -0.000000 -0.088353 0.133659 0.987081 46.951000 -0.003152 -0.990989 0.133906 0.000000 0.000000 0.000000 0.000000 1.000000
0.996979 -0.008830 0.077168 -0.000000 -0.075690 0.112547 0.990759 46.951000 -0.017433 -0.993607 0.111538 0.000000 0.000000 0.000000 0.000000 1.000000
0.996507 -0.037557 0.074589 0.000000 -0.063946 0.231297 0.970780 46.951000 -0.053712 -0.972158 0.228087 -0.000000 0.000000 0.000000 0.000000 1.000000
0.995017 -0.083805 0.054009 0.000000 -0.002488 0.520677 0.853750 46.951000 -0.099670 -0.849631 0.517874 0.000000 0.000000 0.000000 0.000000 1.000000
0.985831 -0.167617 0.006483 -0.000000 0.121320 0.739158 0.662515 46.951000 -0.115841 -0.652341 0.749020 -0.000000 0.000000 0.000000 0.000000 1.000000
0.982467 -0.178946 0.052309 0.000000 0.112664 0.793412 0.598168 46.951000 -0.148542 -0.581787 0.799662 0.000000 0.000000 0.000000 0.000000 1.000000
0.977983 -0.175254 0.113290 -0.000000 0.053103 0.734011 0.677059 46.951000 -0.201813 -0.656136 0.727157 -0.000000 0.000000 0.000000 0.000000 1.000000
0.978253 -0.135088 0.157394 0.000000 -0.044236 0.605490 0.794623 46.951000 -0.202644 -0.784304 0.586346 0.000000 0.000000 0.000000 0.000000 1.000000
0.991945 -0.053049 0.115022 0.000000 -0.083369 0.410222 0.908167 46.951000 -0.095362 -0.910441 0.402495 0.000000 0.000000 0.000000 0.000000 1.000000
0.999407 0.024272 0.024424 0.000000 -0.027300 0.126277 0.991619 46.951000 0.020984 -0.991698 0.126865 -0.000000 0.000000 0.000000 0.000000 1.000000
0.998880 0.042239 -0.021336 0.000000 0.029986 -0.216170 0.975895 46.951000 0.036609 -0.975442 -0.217194 0.000000 0.000000 0.000000 0.000000 1.000000
0.997034 0.046622 -0.061229 0.000000 0.076345 -0.498917 0.863280 46.951000 0.009700 -0.865395 -0.500997 -0.000000 0.000000 0.000000 0.000000 1.000000
0.995578 0.045665 -0.082087 0.000000 0.091424 -0.671693 0.735166 46.951000 -0.021566 -0.739421 -0.672898 0.000000 0.000000 0.000000 0.000000 1.000000
0.998670 0.025723 -0.044678 0.000000 0.049296 -0.730164 0.681491 46.951000 -0.015092 -0.682787 -0.730461 0.000000 0.000000 0.000000 0.000000 1.000000</float_array>
        <technique_common>
          <accessor source="#mixamorig_LeftLeg-Matrix-animation-output-transform-array" count="25" stride="16">
            <param type="float4x4"/>
          </accessor>
        </technique_common>
      </source>
      <source id="mixamorig_LeftLeg-Interpolations">
        <Name_array id="mixamorig_LeftLeg-Interpolations-array" count="25">
 LINEAR LINEAR LINEAR LINEAR LINEAR LINEAR LINEAR LINEAR LINEAR LINEAR LINEAR
LINEAR LINEAR LINEAR LINEAR LINEAR LINEAR LINEAR LINEAR LINEAR LINEAR LINEAR LINEAR
LINEAR LINEAR</Name_array>
        <technique_common>
          <accessor source="#mixamorig_LeftLeg-Interpolations-array" count="25">
            <param type="name"/>
          </accessor>
        </technique_common>
      </source>
      <sampler id="mixamorig_LeftLeg-Matrix-animation-transform">
        <input semantic="INPUT" source="#mixamorig_LeftLeg-Matrix-animation-input"/>
        <input semantic="OUTPUT" source="#mixamorig_LeftLeg-Matrix-animation-output-transform"/>
        <input semantic="INTERPOLATION" source="#mixamorig_LeftLeg-Interpolations"/>
      </sampler>
      <channel source="#mixamorig_LeftLeg-Matrix-animation-transform" target="mixamorig_LeftLeg/matrix"/>
    </animation>
    <animation id="mixamorig_LeftFoot-anim" name="mixamorig_LeftFoot">
      <source id="mixamorig_LeftFoot-Matrix-animation-input">
        <float_array id="mixamorig_LeftFoot-Matrix-animation-input-array" count="25">

0.000000 0.033333 0.066667 0.100000 0.133333 0.166667 0.200000 0.233333 0.266667 0.300000 0.333333 0.366667 0.400000 0.433333 0.466667 0.500000
0.533333 0.566667 0.600000 0.633333 0.666667 0.700000 0.733333 0.766667 0.800000</float_array>
        <technique_common>
          <accessor source="#mixamorig_LeftFoot-Matrix-animation-input-array" count="25">
            <param name="TIME" type="float"/>
          </accessor>
        </technique_common>
      </source>
      <source id="mixamorig_LeftFoot-Matrix-animation-output-transform">
        <float_array id="mixamorig_LeftFoot-Matrix-animation-output-transform-array" count="400">

0.989145 -0.126026 0.075561 -0.000000 0.140143 0.654481 -0.742977 55.112000 0.044181 0.745501 0.665039 -0.000000 0.000000 0.000000 0.000000 1.000000
0.993988 -0.087588 0.065704 0.000000 0.106465 0.633007 -0.766791 55.112000 0.025570 0.769176 0.638526 0.000000 0.000000 0.000000 0.000000 1.000000
0.996669 -0.071550 0.039135 0.000000 0.073131 0.571730 -0.817176 55.112000 0.036094 0.817316 0.575058 0.000000 0.000000 0.000000 0.000000 1.000000
0.970680 0.114480 -0.211365 0.000000 -0.238955 0.364052 -0.900204 55.112000 -0.026108 0.924316 0.380733 0.000000 0.000000 0.000000 0.000000 1.000000
0.993935 -0.109921 -0.003103 -0.000000 0.045080 0.433044 -0.900245 55.112000 0.100300 0.894645 0.435373 -0.000000 0.000000 0.000000 0.000000 1.000000
0.995266 -0.088248 -0.040710 0.000000 -0.002839 0.392306 -0.919831 55.112000 0.097144 0.915592 0.390198 0.000000 0.000000 0.000000 0.000000 1.000000
0.997215 0.034177 -0.066286 -0.000000 -0.074364 0.388219 -0.918562 55.112000 -0.005660 0.920933 0.389680 0.000000 0.000000 0.000000 0.000000 1.000000
0.986598 0.090374 -0.135859 -0.000000 -0.160569 0.389583 -0.906886 55.112000 -0.029030 0.916547 0.398873 0.000000 0.000000 0.000000 0.000000 1.000000
0.999531 0.020062 -0.023135 0.000000 -0.029703 0.451495 -0.891779 55.112000 -0.007445 0.892048 0.451879 0.000000 0.000000 0.000000 0.000000 1.000000
0.998130 -0.054227 0.028214 0.000000 0.055724 0.617450 -0.784634 55.112000 0.025128 0.784739 0.619317 0.000000 0.000000 0.000000 0.000000 1.000000
0.989908 -0.104509 0.095706 -0.000000 0.132090 0.435893 -0.890253 55.112000 0.051321 0.893910 0.445299 0.000000 0.000000 0.000000 0.000000 1.000000
0.983180 -0.115458 0.141516 -0.000000 0.165163 0.231298 -0.958761 55.112000 0.077965 0.966007 0.246477 0.000000 0.000000 0.000000 0.000000 1.000000
0.977675 -0.107138 0.180760 0.000000 0.183612 0.017303 -0.982847 55.112000 0.102172 0.994094 0.036588 0.000000 0.000000 0.000000 0.000000 1.000000
0.973668 -0.073812 0.215692 0.000000 0.204984 -0.130586 -0.970015 55.112000 0.099765 0.988686 -0.112017 0.000000 0.000000 0.000000 0.000000 1.000000
0.977243 -0.015557 0.211552 0.000000 0.207270 -0.142081 -0.967911 55.112000 0.045115 0.989733 -0.135623 0.000000 0.000000 0.000000 0.000000 1.000000
0.986501 -0.011071 0.163382 -0.000000 0.163211 0.147886 -0.975444 55.112000 -0.013362 0.988942 0.147697 0.000000 0.000000 0.000000 0.000000 1.000000
0.992724 0.118054 0.023717 0.000000 -0.048997 0.575955 -0.816011 55.112000 -0.109993 0.808912 0.577549 0.000000 0.000000 0.000000 0.000000 1.000000
0.980116 0.169180 -0.103689 0.000000 -0.188372 0.629069 -0.754181 55.112000 -0.062365 0.758717 0.648429 0.000000 0.000000 0.000000 0.000000 1.000000
0.978866 0.171356 -0.111615 0.000000 -0.195305 0.621489 -0.758688 55.112000 -0.060638 0.764453 0.641821 -0.000000 0.000000 0.000000 0.000000 1.000000
0.984272 0.152807 -0.088653 0.000000 -0.171411 0.704625 -0.688565 55.112000 -0.042751 0.692931 0.719736 0.000000 0.000000 0.000000 0.000000 1.000000
0.997569 0.033047 -0.061358 0.000000 -0.065202 0.753463 -0.654249 55.112000 0.024610 0.656659 0.753786 0.000000 0.000000 0.000000 0.000000 1.000000
0.976003 -0.191607 -0.103463 0.000000 0.077042 0.748245 -0.658934 55.112000 0.203671 0.635151 0.745051 -0.000000 0.000000 0.000000 0.000000 1.000000
0.928697 -0.370311 0.019806 0.000000 0.271794 0.643350 -0.715702 55.112000 0.252290 0.670053 0.698125 0.000000 0.000000 0.000000 0.000000 1.000000
0.953189 -0.285622 0.099253 0.000000 0.264469 0.628374 -0.731576 55.112000 0.146586 0.723579 0.674497 0.000000 0.000000 0.000000 0.000000 1.000000
0.989145 -0.126025 0.075562 0.000000 0.140143 0.654482 -0.742976 55.112000 0.044180 0.745501 0.665039 0.000000 0.000000 0.000000 0.000000 1.000000</float_array>
        <technique_common>
          <accessor source="#mixamorig_LeftFoot-Matrix-animation-output-transform-array" count="25" stride="16">
            <param type="float4x4"/>
          </accessor>
        </technique_common>
      </source>
      <source id="mixamorig_LeftFoot-Interpolations">
        <Name_array id="mixamorig_LeftFoot-Interpolations-array" count="25">
 LINEAR LINEAR LINEAR LINEAR LINEAR LINEAR LINEAR LINEAR LINEAR LINEAR LINEAR
LINEAR LINEAR LINEAR LINEAR LINEAR LINEAR LINEAR LINEAR LINEAR LINEAR LINEAR LINEAR
LINEAR LINEAR</Name_array>
        <technique_common>
          <accessor source="#mixamorig_LeftFoot-Interpolations-array" count="25">
            <param type="name"/>
          </accessor>
        </technique_common>
      </source>
      <sampler id="mixamorig_LeftFoot-Matrix-animation-transform">
        <input semantic="INPUT" source="#mixamorig_LeftFoot-Matrix-animation-input"/>
        <input semantic="OUTPUT" source="#mixamorig_LeftFoot-Matrix-animation-output-transform"/>
        <input semantic="INTERPOLATION" source="#mixamorig_LeftFoot-Interpolations"/>
      </sampler>
      <channel source="#mixamorig_LeftFoot-Matrix-animation-transform" target="mixamorig_LeftFoot/matrix"/>
    </animation>
    <animation id="mixamorig_LeftToeBase-anim" name="mixamorig_LeftToeBase">
      <source id="mixamorig_LeftToeBase-Matrix-animation-input">
        <float_array id="mixamorig_LeftToeBase-Matrix-animation-input-array" count="25">

0.000000 0.033333 0.066667 0.100000 0.133333 0.166667 0.200000 0.233333 0.266667 0.300000 0.333333 0.366667 0.400000 0.433333 0.466667 0.500000
0.533333 0.566667 0.600000 0.633333 0.666667 0.700000 0.733333 0.766667 0.800000</float_array>
        <technique_common>
          <accessor source="#mixamorig_LeftToeBase-Matrix-animation-input-array" count="25">
            <param name="TIME" type="float"/>
          </accessor>
        </technique_common>
      </source>
      <source id="mixamorig_LeftToeBase-Matrix-animation-output-transform">
        <float_array id="mixamorig_LeftToeBase-Matrix-animation-output-transform-array" count="400">

1.000000 -0.000000 0.000001 0.000000 0.000001 0.586593 -0.809882 22.799999 -0.000001 0.809882 0.586593 -0.000000 0.000000 0.000000 0.000000 1.000000
1.000000 -0.000000 0.000001 0.000000 0.000001 0.578611 -0.815604 22.799999 -0.000000 0.815604 0.578611 0.000000 0.000000 0.000000 0.000000 1.000000
1.000000 -0.000000 0.000002 0.000000 0.000002 0.599834 -0.800125 22.799999 -0.000001 0.800125 0.599834 -0.000000 0.000000 0.000000 0.000000 1.000000
1.000000 -0.000000 0.000002 0.000000 0.000001 0.762740 -0.646705 22.799999 -0.000001 0.646705 0.762740 0.000000 0.000000 0.000000 0.000000 1.000000
1.000000 -0.000000 0.000001 0.000000 0.000001 0.612923 -0.790143 22.799999 -0.000001 0.790143 0.612923 0.000000 0.000000 0.000000 0.000000 1.000000
1.000000 -0.000000 0.000001 0.000000 0.000001 0.610806 -0.791780 22.799999 -0.000001 0.791780 0.610806 0.000000 0.000000 0.000000 0.000000 1.000000
1.000000 -0.000000 0.000001 0.000000 0.000001 0.591541 -0.806275 22.799999 -0.000001 0.806275 0.591541 0.000000 0.000000 0.000000 0.000000 1.000000
1.000000 -0.000000 0.000001 0.000000 0.000001 0.545990 -0.837792 22.799999 -0.000001 0.837792 0.545990 0.000000 0.000000 0.000000 0.000000 1.000000
1.000000 -0.000001 0.000001 -0.000000 0.000001 0.523684 -0.851912 22.799999 -0.000000 0.851912 0.523684 0.000000 0.000000 0.000000 0.000000 1.000000
1.000000 -0.000000 0.000001 0.000000 0.000001 0.530018 -0.847986 22.799999 -0.000000 0.847986 0.530018 0.000000 0.000000 0.000000 0.000000 1.000000
1.000000 -0.000000 0.000001 0.000000 0.000001 0.584071 -0.811702 22.799999 -0.000001 0.811702 0.584071 0.000000 0.000000 0.000000 0.000000 1.000000
1.000000 0.000000 0.000002 -0.000000 0.000001 0.584071 -0.811702 22.799999 -0.000001 0.811702 0.584071 -0.000000 0.000000 0.000000 0.000000 1.000000
1.000000 0.000000 0.000001 -0.000000 0.000001 0.584071 -0.811702 22.799999 -0.000001 0.811702 0.584071 -0.000000 0.000000 0.000000 0.000000 1.000000
1.000000 -0.000001 0.000002 0.000000 0.000002 0.584071 -0.811702 22.799999 -0.000000 0.811702 0.584071 0.000000 0.000000 0.000000 0.000000 1.000000
1.000000 0.000000 0.000001 0.000000 0.000001 0.538358 -0.842716 22.799999 -0.000001 0.842716 0.538358 -0.000000 0.000000 0.000000 0.000000 1.000000
1.000000 -0.000001 0.000001 0.000000 0.000001 0.311730 -0.950171 22.799999 0.000001 0.950171 0.311730 0.000000 0.000000 0.000000 0.000000 1.000000
0.976068 0.040534 0.213656 -0.000000 0.204930 0.157317 -0.966051 22.799999 -0.072770 0.986716 0.145246 0.000000 0.000000 0.000000 0.000000 1.000000
1.000000 -0.000000 0.000001 0.000000 0.000001 0.645261 -0.763962 22.799999 -0.000001 0.763962 0.645261 0.000000 0.000000 0.000000 0.000000 1.000000
1.000000 0.000000 0.000002 0.000000 0.000002 0.614058 -0.789261 22.799999 -0.000001 0.789261 0.614058 0.000000 0.000000 0.000000 0.000000 1.000000
1.000000 -0.000000 0.000002 0.000000 0.000001 0.606839 -0.794825 22.799999 -0.000001 0.794825 0.606839 0.000000 0.000000 0.000000 0.000000 1.000000
1.000000 0.000000 0.000001 0.000000 0.000001 0.603890 -0.797068 22.799999 -0.000001 0.797068 0.603890 0.000000 0.000000 0.000000 0.000000 1.000000
1.000000 -0.000000 0.000001 0.000000 0.000001 0.594650 -0.803985 22.799999 -0.000001 0.803985 0.594650 0.000000 0.000000 0.000000 0.000000 1.000000
1.000000 0.000000 0.000002 0.000000 0.000001 0.594983 -0.803738 22.799999 -0.000001 0.803738 0.594983 -0.000000 0.000000 0.000000 0.000000 1.000000
1.000000 0.000000 0.000001 0.000000 0.000001 0.567666 -0.823259 22.799999 -0.000001 0.823259 0.567666 0.000000 0.000000 0.000000 0.000000 1.000000
1.000000 -0.000001 0.000001 -0.000000 0.000002 0.586593 -0.809882 22.799999 -0.000000 0.809882 0.586593 0.000000 0.000000 0.000000 0.000000 1.000000</float_array>
        <technique_common>
          <accessor source="#mixamorig_LeftToeBase-Matrix-animation-output-transform-array" count="25" stride="16">
            <param type="float4x4"/>
          </accessor>
        </technique_common>
      </source>
      <source id="mixamorig_LeftToeBase-Interpolations">
        <Name_array id="mixamorig_LeftToeBase-Interpolations-array" count="25">
 LINEAR LINEAR LINEAR LINEAR LINEAR LINEAR LINEAR LINEAR LINEAR LINEAR LINEAR
LINEAR LINEAR LINEAR LINEAR LINEAR LINEAR LINEAR LINEAR LINEAR LINEAR LINEAR LINEAR
LINEAR LINEAR</Name_array>
        <technique_common>
          <accessor source="#mixamorig_LeftToeBase-Interpolations-array" count="25">
            <param type="name"/>
          </accessor>
        </technique_common>
      </source>
      <sampler id="mixamorig_LeftToeBase-Matrix-animation-transform">
        <input semantic="INPUT" source="#mixamorig_LeftToeBase-Matrix-animation-input"/>
        <input semantic="OUTPUT" source="#mixamorig_LeftToeBase-Matrix-animation-output-transform"/>
        <input semantic="INTERPOLATION" source="#mixamorig_LeftToeBase-Interpolations"/>
      </sampler>
      <channel source="#mixamorig_LeftToeBase-Matrix-animation-transform" target="mixamorig_LeftToeBase/matrix"/>
    </animation>
    <animation id="mixamorig_RightUpLeg-anim" name="mixamorig_RightUpLeg">
      <source id="mixamorig_RightUpLeg-Matrix-animation-input">
        <float_array id="mixamorig_RightUpLeg-Matrix-animation-input-array" count="25">

0.000000 0.033333 0.066667 0.100000 0.133333 0.166667 0.200000 0.233333 0.266667 0.300000 0.333333 0.366667 0.400000 0.433333 0.466667 0.500000
0.533333 0.566667 0.600000 0.633333 0.666667 0.700000 0.733333 0.766667 0.800000</float_array>
        <technique_common>
          <accessor source="#mixamorig_RightUpLeg-Matrix-animation-input-array" count="25">
            <param name="TIME" type="float"/>
          </accessor>
        </technique_common>
      </source>
      <source id="mixamorig_RightUpLeg-Matrix-animation-output-transform">
        <float_array id="mixamorig_RightUpLeg-Matrix-animation-output-transform-array" count="400">

-0.958055 0.156029 -0.240386 -12.883000 -0.284254 -0.410615 0.866369 -6.336200 0.036473 0.898360 0.437744 -1.092800 0.000000 0.000000 0.000000 1.000000
-0.967524 0.154611 -0.199984 -12.883000 -0.252740 -0.577537 0.776256 -6.336200 0.004520 0.801590 0.597857 -1.092800 0.000000 0.000000 0.000000 1.000000
-0.981302 0.110778 -0.157397 -12.883000 -0.184357 -0.775934 0.603274 -6.336200 -0.055300 0.621011 0.781848 -1.092800 0.000000 0.000000 0.000000 1.000000
-0.989468 0.012001 -0.144251 -12.883000 -0.065864 -0.924742 0.374852 -6.336200 -0.128896 0.380406 0.915793 -1.092800 0.000000 0.000000 0.000000 1.000000
-0.979146 -0.078685 -0.187300 -12.883000 0.036222 -0.974792 0.220154 -6.336200 -0.199901 0.208779 0.957314 -1.092800 0.000000 0.000000 0.000000 1.000000
-0.969615 -0.131190 -0.206487 -12.883000 0.107915 -0.986861 0.120251 -6.336200 -0.219549 0.094315 0.971032 -1.092800 0.000000 0.000000 0.000000 1.000000
-0.984280 -0.106794 -0.140669 -12.883000 0.094998 -0.991574 0.088075 -6.336200 -0.148889 0.073327 0.986131 -1.092800 0.000000 0.000000 0.000000 1.000000
-0.995991 -0.076066 -0.047066 -12.883000 0.067962 -0.985618 0.154722 -6.336200 -0.058158 0.150903 0.986836 -1.092800 0.000000 0.000000 0.000000 1.000000
-0.997557 -0.066999 0.019788 -12.883000 0.069844 -0.962504 0.262123 -6.336200 0.001484 0.262864 0.964832 -1.092800 0.000000 0.000000 0.000000 1.000000
-0.992509 -0.102591 0.066335 -12.883000 0.121037 -0.899479 0.419867 -6.336200 0.016592 0.424751 0.905158 -1.092800 0.000000 0.000000 0.000000 1.000000
-0.986615 -0.084413 0.139520 -12.883000 0.155044 -0.750689 0.642205 -6.336200 0.050526 0.655241 0.753729 -1.092800 0.000000 0.000000 0.000000 1.000000
-0.979927 -0.042308 0.194817 -12.883000 0.190247 -0.490503 0.850419 -6.336200 0.059578 0.870412 0.488706 -1.092800 0.000000 0.000000 0.000000 1.000000
-0.984542 -0.003724 0.175110 -12.883000 0.172662 -0.188556 0.966765 -6.336200 0.029418 0.982055 0.186284 -1.092800 0.000000 0.000000 0.000000 1.000000
-0.994875 0.001323 0.101107 -12.883000 0.101082 0.038735 0.994124 -6.336200 -0.002601 0.999249 -0.038670 -1.092800 0.000000 0.000000 0.000000 1.000000
-0.999525 -0.001225 0.030795 -12.883000 0.030318 0.140359 0.989636 -6.336200 -0.005535 0.990100 -0.140256 -1.092800 0.000000 0.000000 0.000000 1.000000
-0.998730 0.005888 -0.050041 -12.883000 -0.048457 0.159962 0.985933 -6.336200 0.013810 0.987106 -0.159474 -1.092800 0.000000 0.000000 0.000000 1.000000
-0.989065 0.066612 -0.131579 -12.883000 -0.120936 0.144308 0.982115 -6.336200 0.084409 0.987288 -0.134675 -1.092800 0.000000 0.000000 0.000000 1.000000
-0.981789 0.130054 -0.138475 -12.883000 -0.129924 0.072126 0.988897 -6.336200 0.138598 0.988880 -0.053915 -1.092800 0.000000 0.000000 0.000000 1.000000
-0.979404 0.145218 -0.140287 -12.883000 -0.147754 -0.041925 0.988135 -6.336200 0.137613 0.988511 0.062518 -1.092800 0.000000 0.000000 0.000000 1.000000
-0.979907 0.144371 -0.137618 -12.883000 -0.168352 -0.228697 0.958830 -6.336200 0.106954 0.962733 0.248407 -1.092800 0.000000 0.000000 0.000000 1.000000
-0.964849 0.196539 -0.174466 -12.883000 -0.239618 -0.385263 0.891154 -6.336200 0.107931 0.901635 0.418815 -1.092800 0.000000 0.000000 0.000000 1.000000
-0.958098 0.162583 -0.235827 -12.883000 -0.283039 -0.410878 0.866642 -6.336200 0.044005 0.897076 0.439679 -1.092800 0.000000 0.000000 0.000000 1.000000
-0.959784 0.109925 -0.258324 -12.883000 -0.279006 -0.271391 0.921142 -6.336200 0.031150 0.956171 0.291147 -1.092800 0.000000 0.000000 0.000000 1.000000
-0.953890 0.149541 -0.260253 -12.883000 -0.292124 -0.263260 0.919433 -6.336200 0.068979 0.953064 0.294805 -1.092800 0.000000 0.000000 0.000000 1.000000
-0.958055 0.156029 -0.240386 -12.883000 -0.284254 -0.410615 0.866369 -6.336200 0.036473 0.898360 0.437743 -1.092800 0.000000 0.000000 0.000000 1.000000</float_array>
        <technique_common>
          <accessor source="#mixamorig_RightUpLeg-Matrix-animation-output-transform-array" count="25" stride="16">
            <param type="float4x4"/>
          </accessor>
        </technique_common>
      </source>
      <source id="mixamorig_RightUpLeg-Interpolations">
        <Name_array id="mixamorig_RightUpLeg-Interpolations-array" count="25">
 LINEAR LINEAR LINEAR LINEAR LINEAR LINEAR LINEAR LINEAR LINEAR LINEAR LINEAR
LINEAR LINEAR LINEAR LINEAR LINEAR LINEAR LINEAR LINEAR LINEAR LINEAR LINEAR LINEAR
LINEAR LINEAR</Name_array>
        <technique_common>
          <accessor source="#mixamorig_RightUpLeg-Interpolations-array" count="25">
            <param type="name"/>
          </accessor>
        </technique_common>
      </source>
      <sampler id="mixamorig_RightUpLeg-Matrix-animation-transform">
        <input semantic="INPUT" source="#mixamorig_RightUpLeg-Matrix-animation-input"/>
        <input semantic="OUTPUT" source="#mixamorig_RightUpLeg-Matrix-animation-output-transform"/>
        <input semantic="INTERPOLATION" source="#mixamorig_RightUpLeg-Interpolations"/>
      </sampler>
      <channel source="#mixamorig_RightUpLeg-Matrix-animation-transform" target="mixamorig_RightUpLeg/matrix"/>
    </animation>
    <animation id="mixamorig_RightLeg-anim" name="mixamorig_RightLeg">
      <source id="mixamorig_RightLeg-Matrix-animation-input">
        <float_array id="mixamorig_RightLeg-Matrix-animation-input-array" count="25">

0.000000 0.033333 0.066667 0.100000 0.133333 0.166667 0.200000 0.233333 0.266667 0.300000 0.333333 0.366667 0.400000 0.433333 0.466667 0.500000
0.533333 0.566667 0.600000 0.633333 0.666667 0.700000 0.733333 0.766667 0.800000</float_array>
        <technique_common>
          <accessor source="#mixamorig_RightLeg-Matrix-animation-input-array" count="25">
            <param name="TIME" type="float"/>
          </accessor>
        </technique_common>
      </source>
      <source id="mixamorig_RightLeg-Matrix-animation-output-transform">
        <float_array id="mixamorig_RightLeg-Matrix-animation-output-transform-array" count="400">

0.992916 -0.016029 -0.117729 0.000000 0.118794 0.152474 0.981142 46.951099 0.002224 -0.988178 0.153298 0.000000 0.000000 0.000000 0.000000 1.000000
0.990752 0.014898 -0.134865 0.000000 0.131159 0.149409 0.980038 46.951099 0.034750 -0.988663 0.146074 0.000000 0.000000 0.000000 0.000000 1.000000
0.986220 0.048290 -0.158235 0.000000 0.138033 0.287064 0.947914 46.951099 0.091199 -0.956693 0.276443 0.000000 0.000000 0.000000 0.000000 1.000000
0.983684 0.092358 -0.154391 0.000000 0.087527 0.504077 0.859212 46.951099 0.157180 -0.858706 0.487769 -0.000000 0.000000 0.000000 0.000000 1.000000
0.984599 0.120574 -0.126593 0.000000 0.018869 0.646589 0.762605 46.951099 0.173804 -0.753249 0.634356 0.000000 0.000000 0.000000 0.000000 1.000000
0.977151 0.147625 -0.152916 0.000000 -0.012996 0.759597 0.650265 46.951099 0.212149 -0.633419 0.744159 0.000000 0.000000 0.000000 0.000000 1.000000
0.974086 0.178083 -0.139436 0.000000 -0.029781 0.712110 0.701436 46.951099 0.224208 -0.679107 0.698960 -0.000000 0.000000 0.000000 0.000000 1.000000
0.980648 0.176715 -0.084266 0.000000 -0.013869 0.492039 0.870463 46.951099 0.195286 -0.852449 0.484968 0.000000 0.000000 0.000000 0.000000 1.000000
0.991501 0.129320 0.014248 0.000000 -0.039279 0.193140 0.980385 46.951099 0.124031 -0.972612 0.196578 -0.000000 0.000000 0.000000 0.000000 1.000000
0.994182 0.043999 0.098316 0.000000 -0.091019 -0.144918 0.985248 46.951099 0.057598 -0.988465 -0.140070 0.000000 0.000000 0.000000 0.000000 1.000000
0.993004 -0.012788 0.117383 0.000000 -0.110363 -0.453973 0.884154 46.951099 0.041982 -0.890924 -0.452208 -0.000000 0.000000 0.000000 0.000000 1.000000
0.996292 -0.043312 0.074342 -0.000000 -0.084493 -0.655571 0.750392 46.951099 0.016236 -0.753891 -0.656799 -0.000000 0.000000 0.000000 0.000000 1.000000
0.999391 -0.034840 0.001697 0.000000 -0.026786 -0.735390 0.677115 46.951099 -0.022343 -0.676748 -0.735875 0.000000 0.000000 0.000000 0.000000 1.000000
0.999377 -0.029352 -0.019618 0.000000 -0.006814 -0.705599 0.708579 46.951099 -0.034641 -0.708003 -0.705359 -0.000000 0.000000 0.000000 0.000000 1.000000
0.999200 -0.038334 -0.011435 -0.000000 -0.012492 -0.570549 0.821169 46.951099 -0.038003 -0.820368 -0.570571 0.000000 0.000000 0.000000 0.000000 1.000000
0.998239 -0.038007 -0.045548 -0.000000 0.028354 -0.368737 0.929101 46.951099 -0.052108 -0.928756 -0.367010 -0.000000 0.000000 0.000000 0.000000 1.000000
0.996277 -0.022662 -0.083179 0.000000 0.081762 -0.057575 0.994987 46.951099 -0.027337 -0.998084 -0.055508 0.000000 0.000000 0.000000 0.000000 1.000000
0.997463 0.000465 -0.071180 0.000000 0.067694 0.303000 0.950583 46.951099 0.022010 -0.952991 0.302200 -0.000000 0.000000 0.000000 0.000000 1.000000
0.993686 0.014922 -0.111202 0.000000 0.082054 0.579319 0.810960 46.951099 0.076523 -0.814964 0.574437 0.000000 0.000000 0.000000 0.000000 1.000000
0.997480 -0.022016 -0.067446 -0.000000 0.060618 0.758424 0.648936 46.951099 0.036866 -0.651389 0.757847 0.000000 0.000000 0.000000 0.000000 1.000000
0.994907 -0.038069 -0.093329 0.000000 0.080164 0.860143 0.503714 46.951099 0.061100 -0.508630 0.858814 -0.000000 0.000000 0.000000 0.000000 1.000000
0.988873 -0.082166 -0.124009 0.000000 0.141210 0.780664 0.608789 46.951099 0.046788 -0.619527 0.783580 0.000000 0.000000 0.000000 0.000000 1.000000
0.989858 -0.077084 -0.119325 0.000000 0.140812 0.421423 0.895865 46.951099 -0.018770 -0.903582 0.428004 0.000000 0.000000 0.000000 0.000000 1.000000
0.991907 -0.047990 -0.117550 -0.000000 0.125486 0.229446 0.965198 46.951099 -0.019349 -0.972137 0.233612 0.000000 0.000000 0.000000 0.000000 1.000000
0.992916 -0.016029 -0.117729 0.000000 0.118795 0.152472 0.981142 46.951099 0.002224 -0.988178 0.153296 -0.000000 0.000000 0.000000 0.000000 1.000000</float_array>
        <technique_common>
          <accessor source="#mixamorig_RightLeg-Matrix-animation-output-transform-array" count="25" stride="16">
            <param type="float4x4"/>
          </accessor>
        </technique_common>
      </source>
      <source id="mixamorig_RightLeg-Interpolations">
        <Name_array id="mixamorig_RightLeg-Interpolations-array" count="25">
 LINEAR LINEAR LINEAR LINEAR LINEAR LINEAR LINEAR LINEAR LINEAR LINEAR LINEAR
LINEAR LINEAR LINEAR LINEAR LINEAR LINEAR LINEAR LINEAR LINEAR LINEAR LINEAR LINEAR
LINEAR LINEAR</Name_array>
        <technique_common>
          <accessor source="#mixamorig_RightLeg-Interpolations-array" count="25">
            <param type="name"/>
          </accessor>
        </technique_common>
      </source>
      <sampler id="mixamorig_RightLeg-Matrix-animation-transform">
        <input semantic="INPUT" source="#mixamorig_RightLeg-Matrix-animation-input"/>
        <input semantic="OUTPUT" source="#mixamorig_RightLeg-Matrix-animation-output-transform"/>
        <input semantic="INTERPOLATION" source="#mixamorig_RightLeg-Interpolations"/>
      </sampler>
      <channel source="#mixamorig_RightLeg-Matrix-animation-transform" target="mixamorig_RightLeg/matrix"/>
    </animation>
    <animation id="mixamorig_RightFoot-anim" name="mixamorig_RightFoot">
      <source id="mixamorig_RightFoot-Matrix-animation-input">
        <float_array id="mixamorig_RightFoot-Matrix-animation-input-array" count="25">

0.000000 0.033333 0.066667 0.100000 0.133333 0.166667 0.200000 0.233333 0.266667 0.300000 0.333333 0.366667 0.400000 0.433333 0.466667 0.500000
0.533333 0.566667 0.600000 0.633333 0.666667 0.700000 0.733333 0.766667 0.800000</float_array>
        <technique_common>
          <accessor source="#mixamorig_RightFoot-Matrix-animation-input-array" count="25">
            <param name="TIME" type="float"/>
          </accessor>
        </technique_common>
      </source>
      <source id="mixamorig_RightFoot-Matrix-animation-output-transform">
        <float_array id="mixamorig_RightFoot-Matrix-animation-output-transform-array" count="400">

0.976857 0.111330 -0.182634 -0.000000 -0.198898 0.158744 -0.967078 55.112000 -0.078672 0.981023 0.177214 0.000000 0.000000 0.000000 0.000000 1.000000
0.984080 0.076388 -0.160473 0.000000 -0.158726 -0.028466 -0.986912 55.112000 -0.079956 0.996672 -0.015888 0.000000 0.000000 0.000000 0.000000 1.000000
0.991224 0.026844 -0.129441 0.000000 -0.123982 -0.150984 -0.980731 55.112000 -0.045870 0.988172 -0.146330 0.000000 0.000000 0.000000 0.000000 1.000000
0.996591 -0.031903 -0.076078 -0.000000 -0.079224 -0.112925 -0.990440 55.112000 0.023007 0.993091 -0.115068 0.000000 0.000000 0.000000 0.000000 1.000000
0.992648 -0.119049 -0.021840 -0.000000 -0.001740 0.166389 -0.986059 55.112000 0.121023 0.978847 0.164959 -0.000000 0.000000 0.000000 0.000000 1.000000
0.969042 -0.240226 0.057003 0.000000 0.194428 0.600193 -0.775865 55.112000 0.152170 0.762929 0.628319 0.000000 0.000000 0.000000 0.000000 1.000000
0.979812 -0.187908 0.068254 0.000000 0.180863 0.687680 -0.703125 55.112000 0.085186 0.701275 0.707783 0.000000 0.000000 0.000000 0.000000 1.000000
0.985498 -0.131166 0.107655 0.000000 0.168805 0.693134 -0.700764 55.112000 0.017297 0.708774 0.705224 0.000000 0.000000 0.000000 0.000000 1.000000
0.987119 -0.123432 0.101788 0.000000 0.159617 0.716503 -0.679077 55.112000 0.010888 0.686577 0.726975 0.000000 0.000000 0.000000 0.000000 1.000000
0.994052 -0.083008 0.070496 0.000000 0.108763 0.723767 -0.681419 55.112000 0.005540 0.685033 0.728491 -0.000000 0.000000 0.000000 0.000000 1.000000
0.998064 -0.017458 0.059701 0.000000 0.054223 0.714475 -0.697556 55.112000 -0.030477 0.699443 0.714038 -0.000000 0.000000 0.000000 0.000000 1.000000
0.999326 0.031991 -0.017979 -0.000000 -0.035361 0.708461 -0.704864 55.112000 -0.009812 0.705025 0.709115 0.000000 0.000000 0.000000 0.000000 1.000000
0.997234 0.053442 -0.051649 0.000000 -0.074070 0.657522 -0.749785 55.112000 -0.006110 0.751537 0.659662 -0.000000 0.000000 0.000000 0.000000 1.000000
0.996499 0.056249 -0.061845 -0.000000 -0.083025 0.579370 -0.810825 55.112000 -0.009777 0.813121 0.582012 0.000000 0.000000 0.000000 0.000000 1.000000
0.996079 0.055995 -0.068496 0.000000 -0.086829 0.470256 -0.878248 55.112000 -0.016967 0.880752 0.473274 -0.000000 0.000000 0.000000 0.000000 1.000000
0.993465 0.066845 -0.092519 -0.000000 -0.111326 0.388575 -0.914667 55.112000 -0.025190 0.918989 0.393477 -0.000000 0.000000 0.000000 0.000000 1.000000
0.999897 0.001632 0.014255 0.000000 0.012403 0.401160 -0.915924 55.112000 -0.007214 0.916007 0.401098 -0.000000 0.000000 0.000000 0.000000 1.000000
0.981935 -0.094763 0.163777 -0.000000 0.188654 0.423632 -0.885971 55.112000 0.014576 0.900864 0.433857 0.000000 0.000000 0.000000 0.000000 1.000000
0.932733 -0.203677 0.297532 0.000000 0.357343 0.412038 -0.838171 55.112000 0.048122 0.888110 0.457104 0.000000 0.000000 0.000000 0.000000 1.000000
0.900029 -0.314553 0.301669 -0.000000 0.423520 0.467889 -0.775700 55.112000 0.102852 0.825915 0.554333 0.000000 0.000000 0.000000 0.000000 1.000000
0.997994 0.008637 -0.062722 -0.000000 -0.046520 0.772034 -0.633877 55.112000 0.042949 0.635523 0.770886 -0.000000 0.000000 0.000000 0.000000 1.000000
0.967046 0.215012 -0.136354 0.000000 -0.254404 0.794860 -0.550886 55.112000 -0.010065 0.567421 0.823366 0.000000 0.000000 0.000000 0.000000 1.000000
0.964395 0.199822 -0.173245 0.000000 -0.258240 0.570188 -0.779871 55.112000 -0.057053 0.796842 0.601488 0.000000 0.000000 0.000000 0.000000 1.000000
0.970596 0.171958 -0.168446 -0.000000 -0.221904 0.367987 -0.902964 55.112000 -0.093286 0.913792 0.395325 0.000000 0.000000 0.000000 0.000000 1.000000
0.976857 0.111330 -0.182635 -0.000000 -0.198898 0.158744 -0.967078 55.112000 -0.078673 0.981023 0.177213 0.000000 0.000000 0.000000 0.000000 1.000000</float_array>
        <technique_common>
          <accessor source="#mixamorig_RightFoot-Matrix-animation-output-transform-array" count="25" stride="16">
            <param type="float4x4"/>
          </accessor>
        </technique_common>
      </source>
      <source id="mixamorig_RightFoot-Interpolations">
        <Name_array id="mixamorig_RightFoot-Interpolations-array" count="25">
 LINEAR LINEAR LINEAR LINEAR LINEAR LINEAR LINEAR LINEAR LINEAR LINEAR LINEAR
LINEAR LINEAR LINEAR LINEAR LINEAR LINEAR LINEAR LINEAR LINEAR LINEAR LINEAR LINEAR
LINEAR LINEAR</Name_array>
        <technique_common>
          <accessor source="#mixamorig_RightFoot-Interpolations-array" count="25">
            <param type="name"/>
          </accessor>
        </technique_common>
      </source>
      <sampler id="mixamorig_RightFoot-Matrix-animation-transform">
        <input semantic="INPUT" source="#mixamorig_RightFoot-Matrix-animation-input"/>
        <input semantic="OUTPUT" source="#mixamorig_RightFoot-Matrix-animation-output-transform"/>
        <input semantic="INTERPOLATION" source="#mixamorig_RightFoot-Interpolations"/>
      </sampler>
      <channel source="#mixamorig_RightFoot-Matrix-animation-transform" target="mixamorig_RightFoot/matrix"/>
    </animation>
    <animation id="mixamorig_RightToeBase-anim" name="mixamorig_RightToeBase">
      <source id="mixamorig_RightToeBase-Matrix-animation-input">
        <float_array id="mixamorig_RightToeBase-Matrix-animation-input-array" count="25">

0.000000 0.033333 0.066667 0.100000 0.133333 0.166667 0.200000 0.233333 0.266667 0.300000 0.333333 0.366667 0.400000 0.433333 0.466667 0.500000
0.533333 0.566667 0.600000 0.633333 0.666667 0.700000 0.733333 0.766667 0.800000</float_array>
        <technique_common>
          <accessor source="#mixamorig_RightToeBase-Matrix-animation-input-array" count="25">
            <param name="TIME" type="float"/>
          </accessor>
        </technique_common>
      </source>
      <source id="mixamorig_RightToeBase-Matrix-animation-output-transform">
        <float_array id="mixamorig_RightToeBase-Matrix-animation-output-transform-array" count="400">

1.000000 -0.000002 0.000001 -0.000000 0.000002 0.590879 -0.806760 22.799999 0.000001 0.806760 0.590879 0.000000 0.000000 0.000000 0.000000 1.000000
1.000000 -0.000002 0.000001 0.000000 0.000002 0.590879 -0.806760 22.799999 0.000001 0.806760 0.590879 0.000000 0.000000 0.000000 0.000000 1.000000
1.000000 -0.000002 0.000001 0.000000 0.000002 0.590879 -0.806760 22.799999 0.000001 0.806760 0.590879 0.000000 0.000000 0.000000 0.000000 1.000000
1.000000 -0.000002 0.000001 -0.000000 0.000002 0.520478 -0.853875 22.799999 0.000001 0.853875 0.520478 0.000000 0.000000 0.000000 0.000000 1.000000
1.000000 -0.000002 0.000002 -0.000000 0.000002 0.296225 -0.955118 22.799999 0.000001 0.955118 0.296225 0.000000 0.000000 0.000000 0.000000 1.000000
0.994213 -0.033312 -0.102134 0.000000 -0.100354 0.051331 -0.993627 22.799999 0.038342 0.998126 0.047691 0.000000 0.000000 0.000000 0.000000 1.000000
1.000000 -0.000002 0.000001 0.000000 0.000002 0.635482 -0.772116 22.799999 0.000000 0.772116 0.635482 0.000000 0.000000 0.000000 0.000000 1.000000
1.000000 -0.000001 0.000001 0.000000 0.000001 0.623231 -0.782038 22.799999 0.000001 0.782038 0.623231 -0.000000 0.000000 0.000000 0.000000 1.000000
1.000000 -0.000001 0.000001 0.000000 0.000002 0.615732 -0.787955 22.799999 0.000000 0.787955 0.615732 0.000000 0.000000 0.000000 0.000000 1.000000
1.000000 -0.000001 0.000001 0.000000 0.000002 0.614994 -0.788532 22.799999 -0.000000 0.788532 0.614994 0.000000 0.000000 0.000000 0.000000 1.000000
1.000000 -0.000002 0.000001 0.000000 0.000002 0.602588 -0.798053 22.799999 0.000001 0.798053 0.602588 0.000000 0.000000 0.000000 0.000000 1.000000
1.000000 -0.000002 0.000001 0.000000 0.000002 0.587437 -0.809270 22.799999 0.000001 0.809270 0.587437 0.000000 0.000000 0.000000 0.000000 1.000000
1.000000 -0.000002 0.000001 0.000000 0.000002 0.605926 -0.795521 22.799999 0.000001 0.795521 0.605926 0.000000 0.000000 0.000000 0.000000 1.000000
1.000000 -0.000002 0.000001 0.000000 0.000002 0.621291 -0.783580 22.799999 0.000001 0.783580 0.621291 -0.000000 0.000000 0.000000 0.000000 1.000000
1.000000 -0.000001 0.000002 -0.000000 0.000002 0.630518 -0.776174 22.799999 -0.000000 0.776174 0.630518 0.000000 0.000000 0.000000 0.000000 1.000000
1.000000 -0.000001 0.000001 0.000000 0.000002 0.645981 -0.763354 22.799999 0.000000 0.763354 0.645981 0.000000 0.000000 0.000000 0.000000 1.000000
1.000000 -0.000001 0.000001 -0.000000 0.000002 0.643693 -0.765284 22.799999 -0.000000 0.765284 0.643693 0.000000 0.000000 0.000000 0.000000 1.000000
1.000000 -0.000001 0.000001 0.000000 0.000002 0.617118 -0.786871 22.799999 0.000000 0.786871 0.617118 -0.000000 0.000000 0.000000 0.000000 1.000000
1.000000 -0.000002 0.000001 0.000000 0.000002 0.622620 -0.782525 22.799999 0.000000 0.782525 0.622620 0.000000 0.000000 0.000000 0.000000 1.000000
1.000000 -0.000002 0.000001 0.000000 0.000002 0.612590 -0.790401 22.799999 0.000001 0.790401 0.612590 0.000000 0.000000 0.000000 0.000000 1.000000
1.000000 -0.000001 0.000001 -0.000000 0.000002 0.592077 -0.805881 22.799999 0.000000 0.805881 0.592077 0.000000 0.000000 0.000000 0.000000 1.000000
1.000000 -0.000001 0.000001 -0.000000 0.000002 0.590879 -0.806760 22.799999 0.000000 0.806760 0.590879 -0.000000 0.000000 0.000000 0.000000 1.000000
1.000000 -0.000001 0.000001 -0.000000 0.000002 0.590879 -0.806760 22.799999 0.000000 0.806760 0.590879 0.000000 0.000000 0.000000 0.000000 1.000000
1.000000 -0.000002 0.000001 -0.000000 0.000002 0.590879 -0.806760 22.799999 0.000001 0.806760 0.590879 -0.000000 0.000000 0.000000 0.000000 1.000000
1.000000 -0.000002 0.000001 -0.000000 0.000002 0.590879 -0.806760 22.799999 0.000001 0.806760 0.590879 0.000000 0.000000 0.000000 0.000000 1.000000</float_array>
        <technique_common>
          <accessor source="#mixamorig_RightToeBase-Matrix-animation-output-transform-array" count="25" stride="16">
            <param type="float4x4"/>
          </accessor>
        </technique_common>
      </source>
      <source id="mixamorig_RightToeBase-Interpolations">
        <Name_array id="mixamorig_RightToeBase-Interpolations-array" count="25">
 LINEAR LINEAR LINEAR LINEAR LINEAR LINEAR LINEAR LINEAR LINEAR LINEAR LINEAR
LINEAR LINEAR LINEAR LINEAR LINEAR LINEAR LINEAR LINEAR LINEAR LINEAR LINEAR LINEAR
LINEAR LINEAR</Name_array>
        <technique_common>
          <accessor source="#mixamorig_RightToeBase-Interpolations-array" count="25">
            <param type="name"/>
          </accessor>
        </technique_common>
      </source>
      <sampler id="mixamorig_RightToeBase-Matrix-animation-transform">
        <input semantic="INPUT" source="#mixamorig_RightToeBase-Matrix-animation-input"/>
        <input semantic="OUTPUT" source="#mixamorig_RightToeBase-Matrix-animation-output-transform"/>
        <input semantic="INTERPOLATION" source="#mixamorig_RightToeBase-Interpolations"/>
      </sampler>
      <channel source="#mixamorig_RightToeBase-Matrix-animation-transform" target="mixamorig_RightToeBase/matrix"/>
    </animation>
    <animation id="mixamorig_L_C_skirt1-anim" name="mixamorig_L_C_skirt1">
      <source id="mixamorig_L_C_skirt1-Matrix-animation-input">
        <float_array id="mixamorig_L_C_skirt1-Matrix-animation-input-array" count="25">

0.000000 0.033333 0.066667 0.100000 0.133333 0.166667 0.200000 0.233333 0.266667 0.300000 0.333333 0.366667 0.400000 0.433333 0.466667 0.500000
0.533333 0.566667 0.600000 0.633333 0.666667 0.700000 0.733333 0.766667 0.800000</float_array>
        <technique_common>
          <accessor source="#mixamorig_L_C_skirt1-Matrix-animation-input-array" count="25">
            <param name="TIME" type="float"/>
          </accessor>
        </technique_common>
      </source>
      <source id="mixamorig_L_C_skirt1-Matrix-animation-output-transform">
        <float_array id="mixamorig_L_C_skirt1-Matrix-animation-output-transform-array" count="400">

0.035066 0.292039 0.955763 12.441200 -0.989026 0.147481 -0.008777 4.607000 -0.143520 -0.944967 0.294006 -11.833000 0.000000 0.000000 0.000000 1.000000
0.035066 0.292039 0.955763 12.441200 -0.989026 0.147481 -0.008777 4.607000 -0.143520 -0.944967 0.294006 -11.833000 0.000000 0.000000 0.000000 1.000000
0.035066 0.292039 0.955763 12.441200 -0.989026 0.147481 -0.008777 4.607000 -0.143520 -0.944967 0.294006 -11.833000 0.000000 0.000000 0.000000 1.000000
0.035066 0.292039 0.955763 12.441200 -0.989026 0.147481 -0.008777 4.607000 -0.143520 -0.944967 0.294006 -11.833000 0.000000 0.000000 0.000000 1.000000
0.035066 0.292039 0.955763 12.441200 -0.989026 0.147481 -0.008777 4.607000 -0.143520 -0.944967 0.294006 -11.833000 0.000000 0.000000 0.000000 1.000000
0.035066 0.292039 0.955763 12.441200 -0.989026 0.147481 -0.008777 4.607000 -0.143520 -0.944967 0.294006 -11.833000 0.000000 0.000000 0.000000 1.000000
0.035066 0.292039 0.955763 12.441200 -0.989026 0.147481 -0.008777 4.607000 -0.143520 -0.944967 0.294006 -11.833000 0.000000 0.000000 0.000000 1.000000
0.035066 0.292039 0.955763 12.441200 -0.989026 0.147481 -0.008777 4.607000 -0.143520 -0.944967 0.294006 -11.833000 0.000000 0.000000 0.000000 1.000000
0.035066 0.292039 0.955763 12.441200 -0.989026 0.147481 -0.008777 4.607000 -0.143520 -0.944967 0.294006 -11.833000 0.000000 0.000000 0.000000 1.000000
0.035066 0.292039 0.955763 12.441200 -0.989026 0.147481 -0.008777 4.607000 -0.143520 -0.944967 0.294006 -11.833000 0.000000 0.000000 0.000000 1.000000
0.035066 0.292039 0.955763 12.441200 -0.989026 0.147481 -0.008777 4.607000 -0.143520 -0.944967 0.294006 -11.833000 0.000000 0.000000 0.000000 1.000000
0.035066 0.292039 0.955763 12.441200 -0.989026 0.147481 -0.008777 4.607000 -0.143520 -0.944967 0.294006 -11.833000 0.000000 0.000000 0.000000 1.000000
0.035066 0.292039 0.955763 12.441200 -0.989026 0.147481 -0.008777 4.607000 -0.143520 -0.944967 0.294006 -11.833000 0.000000 0.000000 0.000000 1.000000
0.035066 0.292039 0.955763 12.441200 -0.989026 0.147481 -0.008777 4.607000 -0.143520 -0.944967 0.294006 -11.833000 0.000000 0.000000 0.000000 1.000000
0.035066 0.292039 0.955763 12.441200 -0.989026 0.147481 -0.008777 4.607000 -0.143520 -0.944967 0.294006 -11.833000 0.000000 0.000000 0.000000 1.000000
0.035066 0.292039 0.955763 12.441200 -0.989026 0.147481 -0.008777 4.607000 -0.143520 -0.944967 0.294006 -11.833000 0.000000 0.000000 0.000000 1.000000
0.035066 0.292039 0.955763 12.441200 -0.989026 0.147481 -0.008777 4.607000 -0.143520 -0.944967 0.294006 -11.833000 0.000000 0.000000 0.000000 1.000000
0.035066 0.292039 0.955763 12.441200 -0.989026 0.147481 -0.008777 4.607000 -0.143520 -0.944967 0.294006 -11.833000 0.000000 0.000000 0.000000 1.000000
0.035066 0.292039 0.955763 12.441200 -0.989026 0.147481 -0.008777 4.607000 -0.143520 -0.944967 0.294006 -11.833000 0.000000 0.000000 0.000000 1.000000
0.035066 0.292039 0.955763 12.441200 -0.989026 0.147481 -0.008777 4.607000 -0.143520 -0.944967 0.294006 -11.833000 0.000000 0.000000 0.000000 1.000000
0.035066 0.292039 0.955763 12.441200 -0.989026 0.147481 -0.008777 4.607000 -0.143520 -0.944967 0.294006 -11.833000 0.000000 0.000000 0.000000 1.000000
0.035066 0.292039 0.955763 12.441200 -0.989026 0.147481 -0.008777 4.607000 -0.143520 -0.944967 0.294006 -11.833000 0.000000 0.000000 0.000000 1.000000
0.035066 0.292039 0.955763 12.441200 -0.989026 0.147481 -0.008777 4.607000 -0.143520 -0.944967 0.294006 -11.833000 0.000000 0.000000 0.000000 1.000000
0.035066 0.292039 0.955763 12.441200 -0.989026 0.147481 -0.008777 4.607000 -0.143520 -0.944967 0.294006 -11.833000 0.000000 0.000000 0.000000 1.000000
0.035066 0.292039 0.955763 12.441200 -0.989026 0.147481 -0.008777 4.607000 -0.143520 -0.944967 0.294006 -11.833000 0.000000 0.000000 0.000000 1.000000</float_array>
        <technique_common>
          <accessor source="#mixamorig_L_C_skirt1-Matrix-animation-output-transform-array" count="25" stride="16">
            <param type="float4x4"/>
          </accessor>
        </technique_common>
      </source>
      <source id="mixamorig_L_C_skirt1-Interpolations">
        <Name_array id="mixamorig_L_C_skirt1-Interpolations-array" count="25">
 LINEAR LINEAR LINEAR LINEAR LINEAR LINEAR LINEAR LINEAR LINEAR LINEAR LINEAR
LINEAR LINEAR LINEAR LINEAR LINEAR LINEAR LINEAR LINEAR LINEAR LINEAR LINEAR LINEAR
LINEAR LINEAR</Name_array>
        <technique_common>
          <accessor source="#mixamorig_L_C_skirt1-Interpolations-array" count="25">
            <param type="name"/>
          </accessor>
        </technique_common>
      </source>
      <sampler id="mixamorig_L_C_skirt1-Matrix-animation-transform">
        <input semantic="INPUT" source="#mixamorig_L_C_skirt1-Matrix-animation-input"/>
        <input semantic="OUTPUT" source="#mixamorig_L_C_skirt1-Matrix-animation-output-transform"/>
        <input semantic="INTERPOLATION" source="#mixamorig_L_C_skirt1-Interpolations"/>
      </sampler>
      <channel source="#mixamorig_L_C_skirt1-Matrix-animation-transform" target="mixamorig_L_C_skirt1/matrix"/>
    </animation>
    <animation id="mixamorig_L_C_skirt2-anim" name="mixamorig_L_C_skirt2">
      <source id="mixamorig_L_C_skirt2-Matrix-animation-input">
        <float_array id="mixamorig_L_C_skirt2-Matrix-animation-input-array" count="25">

0.000000 0.033333 0.066667 0.100000 0.133333 0.166667 0.200000 0.233333 0.266667 0.300000 0.333333 0.366667 0.400000 0.433333 0.466667 0.500000
0.533333 0.566667 0.600000 0.633333 0.666667 0.700000 0.733333 0.766667 0.800000</float_array>
        <technique_common>
          <accessor source="#mixamorig_L_C_skirt2-Matrix-animation-input-array" count="25">
            <param name="TIME" type="float"/>
          </accessor>
        </technique_common>
      </source>
      <source id="mixamorig_L_C_skirt2-Matrix-animation-output-transform">
        <float_array id="mixamorig_L_C_skirt2-Matrix-animation-output-transform-array" count="400">

1.000000 -0.000000 -0.000000 27.657801 -0.000000 1.000000 0.000000 0.000000 0.000000 0.000000 1.000000 -0.000000 0.000000 0.000000 0.000000 1.000000
1.000000 0.000000 0.000000 27.657801 -0.000000 1.000000 0.000000 -0.000000 -0.000000 -0.000000 1.000000 0.000000 0.000000 0.000000 0.000000 1.000000
1.000000 0.000000 -0.000000 27.657801 0.000000 1.000000 -0.000000 0.000000 -0.000000 -0.000000 1.000000 0.000000 0.000000 0.000000 0.000000 1.000000
1.000000 0.000000 0.000000 27.657801 -0.000000 1.000000 0.000000 0.000000 -0.000000 0.000000 1.000000 -0.000000 0.000000 0.000000 0.000000 1.000000
1.000000 -0.000000 -0.000000 27.657801 0.000000 1.000000 -0.000000 0.000000 0.000000 0.000000 1.000000 0.000000 0.000000 0.000000 0.000000 1.000000
1.000000 0.000000 -0.000000 27.657801 0.000000 1.000000 0.000000 0.000000 0.000000 0.000000 1.000000 0.000000 0.000000 0.000000 0.000000 1.000000
1.000000 -0.000000 0.000000 27.657801 -0.000000 1.000000 0.000000 0.000000 0.000000 0.000000 1.000000 0.000000 0.000000 0.000000 0.000000 1.000000
1.000000 0.000000 -0.000000 27.657801 -0.000000 1.000000 0.000000 0.000000 0.000000 -0.000000 1.000000 -0.000000 0.000000 0.000000 0.000000 1.000000
1.000000 0.000000 0.000000 27.657801 -0.000000 1.000000 0.000000 0.000000 0.000000 0.000000 1.000000 0.000000 0.000000 0.000000 0.000000 1.000000
1.000000 0.000000 -0.000000 27.657801 0.000000 1.000000 0.000000 -0.000000 -0.000000 0.000000 1.000000 -0.000000 0.000000 0.000000 0.000000 1.000000
1.000000 0.000000 0.000000 27.657801 -0.000000 1.000000 -0.000000 0.000000 0.000000 0.000000 1.000000 0.000000 0.000000 0.000000 0.000000 1.000000
1.000000 -0.000000 0.000000 27.657801 0.000000 1.000000 0.000000 0.000000 0.000000 0.000000 1.000000 0.000000 0.000000 0.000000 0.000000 1.000000
1.000000 -0.000000 0.000000 27.657801 0.000000 1.000000 -0.000000 -0.000000 -0.000000 0.000000 1.000000 0.000000 0.000000 0.000000 0.000000 1.000000
1.000000 -0.000000 -0.000000 27.657801 0.000000 1.000000 0.000000 0.000000 -0.000000 -0.000000 1.000000 0.000000 0.000000 0.000000 0.000000 1.000000
1.000000 0.000000 0.000000 27.657801 0.000000 1.000000 0.000000 0.000000 0.000000 0.000000 1.000000 -0.000000 0.000000 0.000000 0.000000 1.000000
1.000000 0.000000 -0.000000 27.657801 0.000000 1.000000 0.000000 0.000000 -0.000000 0.000000 1.000000 0.000000 0.000000 0.000000 0.000000 1.000000
1.000000 0.000000 0.000000 27.657801 -0.000000 1.000000 0.000000 0.000000 0.000000 0.000000 1.000000 -0.000000 0.000000 0.000000 0.000000 1.000000
1.000000 0.000000 -0.000000 27.657801 -0.000000 1.000000 0.000000 0.000000 0.000000 -0.000000 1.000000 0.000000 0.000000 0.000000 0.000000 1.000000
1.000000 -0.000000 0.000000 27.657801 0.000000 1.000000 -0.000000 0.000000 -0.000000 0.000000 1.000000 0.000000 0.000000 0.000000 0.000000 1.000000
1.000000 0.000000 0.000000 27.657801 0.000000 1.000000 -0.000000 0.000000 0.000000 -0.000000 1.000000 0.000000 0.000000 0.000000 0.000000 1.000000
1.000000 -0.000000 0.000000 27.657801 0.000000 1.000000 0.000000 0.000000 0.000000 -0.000000 1.000000 0.000000 0.000000 0.000000 0.000000 1.000000
1.000000 0.000000 0.000000 27.657801 -0.000000 1.000000 0.000000 -0.000000 0.000000 -0.000000 1.000000 0.000000 0.000000 0.000000 0.000000 1.000000
1.000000 0.000000 0.000000 27.657801 -0.000000 1.000000 -0.000000 0.000000 -0.000000 0.000000 1.000000 -0.000000 0.000000 0.000000 0.000000 1.000000
1.000000 -0.000000 0.000000 27.657801 0.000000 1.000000 0.000000 -0.000000 -0.000000 0.000000 1.000000 0.000000 0.000000 0.000000 0.000000 1.000000
1.000000 -0.000000 -0.000000 27.657801 -0.000000 1.000000 -0.000000 -0.000000 -0.000000 0.000000 1.000000 -0.000000 0.000000 0.000000 0.000000 1.000000</float_array>
        <technique_common>
          <accessor source="#mixamorig_L_C_skirt2-Matrix-animation-output-transform-array" count="25" stride="16">
            <param type="float4x4"/>
          </accessor>
        </technique_common>
      </source>
      <source id="mixamorig_L_C_skirt2-Interpolations">
        <Name_array id="mixamorig_L_C_skirt2-Interpolations-array" count="25">
 LINEAR LINEAR LINEAR LINEAR LINEAR LINEAR LINEAR LINEAR LINEAR LINEAR LINEAR
LINEAR LINEAR LINEAR LINEAR LINEAR LINEAR LINEAR LINEAR LINEAR LINEAR LINEAR LINEAR
LINEAR LINEAR</Name_array>
        <technique_common>
          <accessor source="#mixamorig_L_C_skirt2-Interpolations-array" count="25">
            <param type="name"/>
          </accessor>
        </technique_common>
      </source>
      <sampler id="mixamorig_L_C_skirt2-Matrix-animation-transform">
        <input semantic="INPUT" source="#mixamorig_L_C_skirt2-Matrix-animation-input"/>
        <input semantic="OUTPUT" source="#mixamorig_L_C_skirt2-Matrix-animation-output-transform"/>
        <input semantic="INTERPOLATION" source="#mixamorig_L_C_skirt2-Interpolations"/>
      </sampler>
      <channel source="#mixamorig_L_C_skirt2-Matrix-animation-transform" target="mixamorig_L_C_skirt2/matrix"/>
    </animation>
    <animation id="mixamorig_L_C_skirt3-anim" name="mixamorig_L_C_skirt3">
      <source id="mixamorig_L_C_skirt3-Matrix-animation-input">
        <float_array id="mixamorig_L_C_skirt3-Matrix-animation-input-array" count="25">

0.000000 0.033333 0.066667 0.100000 0.133333 0.166667 0.200000 0.233333 0.266667 0.300000 0.333333 0.366667 0.400000 0.433333 0.466667 0.500000
0.533333 0.566667 0.600000 0.633333 0.666667 0.700000 0.733333 0.766667 0.800000</float_array>
        <technique_common>
          <accessor source="#mixamorig_L_C_skirt3-Matrix-animation-input-array" count="25">
            <param name="TIME" type="float"/>
          </accessor>
        </technique_common>
      </source>
      <source id="mixamorig_L_C_skirt3-Matrix-animation-output-transform">
        <float_array id="mixamorig_L_C_skirt3-Matrix-animation-output-transform-array" count="400">

1.000000 -0.000000 0.000000 23.970100 -0.000000 1.000000 -0.000000 0.000000 -0.000000 0.000000 1.000000 -0.000000 0.000000 0.000000 0.000000 1.000000
1.000000 0.000000 -0.000000 23.970100 -0.000000 1.000000 0.000000 -0.000000 0.000000 -0.000000 1.000000 0.000000 0.000000 0.000000 0.000000 1.000000
1.000000 -0.000000 0.000000 23.970100 0.000000 1.000000 0.000000 0.000000 -0.000000 -0.000000 1.000000 -0.000000 0.000000 0.000000 0.000000 1.000000
1.000000 -0.000000 0.000000 23.970100 0.000000 1.000000 -0.000000 0.000000 0.000000 0.000000 1.000000 -0.000000 0.000000 0.000000 0.000000 1.000000
1.000000 -0.000000 -0.000000 23.970100 -0.000000 1.000000 0.000000 -0.000000 -0.000000 0.000000 1.000000 0.000000 0.000000 0.000000 0.000000 1.000000
1.000000 -0.000000 0.000000 23.970100 0.000000 1.000000 -0.000000 -0.000000 -0.000000 -0.000000 1.000000 0.000000 0.000000 0.000000 0.000000 1.000000
1.000000 -0.000000 0.000000 23.970100 0.000000 1.000000 0.000000 0.000000 -0.000000 0.000000 1.000000 0.000000 0.000000 0.000000 0.000000 1.000000
1.000000 0.000000 -0.000000 23.970100 -0.000000 1.000000 0.000000 0.000000 -0.000000 0.000000 1.000000 0.000000 0.000000 0.000000 0.000000 1.000000
1.000000 -0.000000 0.000000 23.970100 -0.000000 1.000000 0.000000 -0.000000 0.000000 0.000000 1.000000 -0.000000 0.000000 0.000000 0.000000 1.000000
1.000000 0.000000 0.000000 23.970100 0.000000 1.000000 0.000000 0.000000 -0.000000 -0.000000 1.000000 -0.000000 0.000000 0.000000 0.000000 1.000000
1.000000 -0.000000 0.000000 23.970100 -0.000000 1.000000 0.000000 0.000000 0.000000 0.000000 1.000000 0.000000 0.000000 0.000000 0.000000 1.000000
1.000000 0.000000 0.000000 23.970100 -0.000000 1.000000 0.000000 0.000000 -0.000000 0.000000 1.000000 0.000000 0.000000 0.000000 0.000000 1.000000
1.000000 -0.000000 0.000000 23.970100 -0.000000 1.000000 -0.000000 -0.000000 0.000000 0.000000 1.000000 0.000000 0.000000 0.000000 0.000000 1.000000
1.000000 -0.000000 0.000000 23.970100 0.000000 1.000000 0.000000 0.000000 0.000000 -0.000000 1.000000 0.000000 0.000000 0.000000 0.000000 1.000000
1.000000 -0.000000 0.000000 23.970100 -0.000000 1.000000 0.000000 0.000000 -0.000000 0.000000 1.000000 0.000000 0.000000 0.000000 0.000000 1.000000
1.000000 0.000000 0.000000 23.970100 -0.000000 1.000000 0.000000 -0.000000 -0.000000 -0.000000 1.000000 -0.000000 0.000000 0.000000 0.000000 1.000000
1.000000 0.000000 -0.000000 23.970100 0.000000 1.000000 0.000000 0.000000 0.000000 0.000000 1.000000 0.000000 0.000000 0.000000 0.000000 1.000000
1.000000 -0.000000 0.000000 23.970100 -0.000000 1.000000 -0.000000 0.000000 -0.000000 0.000000 1.000000 0.000000 0.000000 0.000000 0.000000 1.000000
1.000000 -0.000000 0.000000 23.970100 0.000000 1.000000 0.000000 0.000000 -0.000000 0.000000 1.000000 0.000000 0.000000 0.000000 0.000000 1.000000
1.000000 0.000000 0.000000 23.970100 -0.000000 1.000000 0.000000 0.000000 -0.000000 0.000000 1.000000 0.000000 0.000000 0.000000 0.000000 1.000000
1.000000 0.000000 0.000000 23.970100 0.000000 1.000000 0.000000 0.000000 -0.000000 -0.000000 1.000000 -0.000000 0.000000 0.000000 0.000000 1.000000
1.000000 0.000000 0.000000 23.970100 -0.000000 1.000000 -0.000000 0.000000 0.000000 0.000000 1.000000 0.000000 0.000000 0.000000 0.000000 1.000000
1.000000 0.000000 0.000000 23.970100 -0.000000 1.000000 0.000000 -0.000000 -0.000000 0.000000 1.000000 -0.000000 0.000000 0.000000 0.000000 1.000000
1.000000 -0.000000 0.000000 23.970100 -0.000000 1.000000 -0.000000 0.000000 0.000000 0.000000 1.000000 -0.000000 0.000000 0.000000 0.000000 1.000000
1.000000 0.000000 -0.000000 23.970100 -0.000000 1.000000 0.000000 0.000000 0.000000 0.000000 1.000000 0.000000 0.000000 0.000000 0.000000 1.000000</float_array>
        <technique_common>
          <accessor source="#mixamorig_L_C_skirt3-Matrix-animation-output-transform-array" count="25" stride="16">
            <param type="float4x4"/>
          </accessor>
        </technique_common>
      </source>
      <source id="mixamorig_L_C_skirt3-Interpolations">
        <Name_array id="mixamorig_L_C_skirt3-Interpolations-array" count="25">
 LINEAR LINEAR LINEAR LINEAR LINEAR LINEAR LINEAR LINEAR LINEAR LINEAR LINEAR
LINEAR LINEAR LINEAR LINEAR LINEAR LINEAR LINEAR LINEAR LINEAR LINEAR LINEAR LINEAR
LINEAR LINEAR</Name_array>
        <technique_common>
          <accessor source="#mixamorig_L_C_skirt3-Interpolations-array" count="25">
            <param type="name"/>
          </accessor>
        </technique_common>
      </source>
      <sampler id="mixamorig_L_C_skirt3-Matrix-animation-transform">
        <input semantic="INPUT" source="#mixamorig_L_C_skirt3-Matrix-animation-input"/>
        <input semantic="OUTPUT" source="#mixamorig_L_C_skirt3-Matrix-animation-output-transform"/>
        <input semantic="INTERPOLATION" source="#mixamorig_L_C_skirt3-Interpolations"/>
      </sampler>
      <channel source="#mixamorig_L_C_skirt3-Matrix-animation-transform" target="mixamorig_L_C_skirt3/matrix"/>
    </animation>
    <animation id="mixamorig_L_A_skirt1-anim" name="mixamorig_L_A_skirt1">
      <source id="mixamorig_L_A_skirt1-Matrix-animation-input">
        <float_array id="mixamorig_L_A_skirt1-Matrix-animation-input-array" count="25">

0.000000 0.033333 0.066667 0.100000 0.133333 0.166667 0.200000 0.233333 0.266667 0.300000 0.333333 0.366667 0.400000 0.433333 0.466667 0.500000
0.533333 0.566667 0.600000 0.633333 0.666667 0.700000 0.733333 0.766667 0.800000</float_array>
        <technique_common>
          <accessor source="#mixamorig_L_A_skirt1-Matrix-animation-input-array" count="25">
            <param name="TIME" type="float"/>
          </accessor>
        </technique_common>
      </source>
      <source id="mixamorig_L_A_skirt1-Matrix-animation-output-transform">
        <float_array id="mixamorig_L_A_skirt1-Matrix-animation-output-transform-array" count="400">

0.142123 0.623442 -0.768844 18.178400 -0.988646 0.051128 -0.141295 3.981100 -0.048780 0.780196 0.623630 19.504801 0.000000 0.000000 0.000000 1.000000
0.142123 0.623442 -0.768844 18.178400 -0.988646 0.051128 -0.141295 3.981100 -0.048780 0.780196 0.623630 19.504801 0.000000 0.000000 0.000000 1.000000
0.142123 0.623442 -0.768844 18.178400 -0.988646 0.051128 -0.141295 3.981100 -0.048780 0.780196 0.623630 19.504801 0.000000 0.000000 0.000000 1.000000
0.142123 0.623442 -0.768844 18.178400 -0.988646 0.051128 -0.141295 3.981100 -0.048780 0.780196 0.623630 19.504801 0.000000 0.000000 0.000000 1.000000
0.142123 0.623442 -0.768844 18.178400 -0.988646 0.051128 -0.141295 3.981100 -0.048780 0.780196 0.623630 19.504801 0.000000 0.000000 0.000000 1.000000
0.142123 0.623442 -0.768844 18.178400 -0.988646 0.051128 -0.141295 3.981100 -0.048780 0.780196 0.623630 19.504801 0.000000 0.000000 0.000000 1.000000
0.142123 0.623442 -0.768844 18.178400 -0.988646 0.051128 -0.141295 3.981100 -0.048780 0.780196 0.623630 19.504801 0.000000 0.000000 0.000000 1.000000
0.142123 0.623442 -0.768844 18.178400 -0.988646 0.051128 -0.141295 3.981100 -0.048780 0.780196 0.623630 19.504801 0.000000 0.000000 0.000000 1.000000
0.142123 0.623442 -0.768844 18.178400 -0.988646 0.051128 -0.141295 3.981100 -0.048780 0.780196 0.623630 19.504801 0.000000 0.000000 0.000000 1.000000
0.142123 0.623442 -0.768844 18.178400 -0.988646 0.051128 -0.141295 3.981100 -0.048780 0.780196 0.623630 19.504801 0.000000 0.000000 0.000000 1.000000
0.142123 0.623442 -0.768844 18.178400 -0.988646 0.051128 -0.141295 3.981100 -0.048780 0.780196 0.623630 19.504801 0.000000 0.000000 0.000000 1.000000
0.142123 0.623442 -0.768844 18.178400 -0.988646 0.051128 -0.141295 3.981100 -0.048780 0.780196 0.623630 19.504801 0.000000 0.000000 0.000000 1.000000
0.142123 0.623442 -0.768844 18.178400 -0.988646 0.051128 -0.141295 3.981100 -0.048780 0.780196 0.623630 19.504801 0.000000 0.000000 0.000000 1.000000
0.142123 0.623442 -0.768844 18.178400 -0.988646 0.051128 -0.141295 3.981100 -0.048780 0.780196 0.623630 19.504801 0.000000 0.000000 0.000000 1.000000
0.142123 0.623442 -0.768844 18.178400 -0.988646 0.051128 -0.141295 3.981100 -0.048780 0.780196 0.623630 19.504801 0.000000 0.000000 0.000000 1.000000
0.142123 0.623442 -0.768844 18.178400 -0.988646 0.051128 -0.141295 3.981100 -0.048780 0.780196 0.623630 19.504801 0.000000 0.000000 0.000000 1.000000
0.142123 0.623442 -0.768844 18.178400 -0.988646 0.051128 -0.141295 3.981100 -0.048780 0.780196 0.623630 19.504801 0.000000 0.000000 0.000000 1.000000
0.142123 0.623442 -0.768844 18.178400 -0.988646 0.051128 -0.141295 3.981100 -0.048780 0.780196 0.623630 19.504801 0.000000 0.000000 0.000000 1.000000
0.142123 0.623442 -0.768844 18.178400 -0.988646 0.051128 -0.141295 3.981100 -0.048780 0.780196 0.623630 19.504801 0.000000 0.000000 0.000000 1.000000
0.142123 0.623442 -0.768844 18.178400 -0.988646 0.051128 -0.141295 3.981100 -0.048780 0.780196 0.623630 19.504801 0.000000 0.000000 0.000000 1.000000
0.142123 0.623442 -0.768844 18.178400 -0.988646 0.051128 -0.141295 3.981100 -0.048780 0.780196 0.623630 19.504801 0.000000 0.000000 0.000000 1.000000
0.142123 0.623442 -0.768844 18.178400 -0.988646 0.051128 -0.141295 3.981100 -0.048780 0.780196 0.623630 19.504801 0.000000 0.000000 0.000000 1.000000
0.142123 0.623442 -0.768844 18.178400 -0.988646 0.051128 -0.141295 3.981100 -0.048780 0.780196 0.623630 19.504801 0.000000 0.000000 0.000000 1.000000
0.142123 0.623442 -0.768844 18.178400 -0.988646 0.051128 -0.141295 3.981100 -0.048780 0.780196 0.623630 19.504801 0.000000 0.000000 0.000000 1.000000
0.142123 0.623442 -0.768844 18.178400 -0.988646 0.051128 -0.141295 3.981100 -0.048780 0.780196 0.623630 19.504801 0.000000 0.000000 0.000000 1.000000</float_array>
        <technique_common>
          <accessor source="#mixamorig_L_A_skirt1-Matrix-animation-output-transform-array" count="25" stride="16">
            <param type="float4x4"/>
          </accessor>
        </technique_common>
      </source>
      <source id="mixamorig_L_A_skirt1-Interpolations">
        <Name_array id="mixamorig_L_A_skirt1-Interpolations-array" count="25">
 LINEAR LINEAR LINEAR LINEAR LINEAR LINEAR LINEAR LINEAR LINEAR LINEAR LINEAR
LINEAR LINEAR LINEAR LINEAR LINEAR LINEAR LINEAR LINEAR LINEAR LINEAR LINEAR LINEAR
LINEAR LINEAR</Name_array>
        <technique_common>
          <accessor source="#mixamorig_L_A_skirt1-Interpolations-array" count="25">
            <param type="name"/>
          </accessor>
        </technique_common>
      </source>
      <sampler id="mixamorig_L_A_skirt1-Matrix-animation-transform">
        <input semantic="INPUT" source="#mixamorig_L_A_skirt1-Matrix-animation-input"/>
        <input semantic="OUTPUT" source="#mixamorig_L_A_skirt1-Matrix-animation-output-transform"/>
        <input semantic="INTERPOLATION" source="#mixamorig_L_A_skirt1-Interpolations"/>
      </sampler>
      <channel source="#mixamorig_L_A_skirt1-Matrix-animation-transform" target="mixamorig_L_A_skirt1/matrix"/>
    </animation>
    <animation id="mixamorig_L_A_skirt2-anim" name="mixamorig_L_A_skirt2">
      <source id="mixamorig_L_A_skirt2-Matrix-animation-input">
        <float_array id="mixamorig_L_A_skirt2-Matrix-animation-input-array" count="25">

0.000000 0.033333 0.066667 0.100000 0.133333 0.166667 0.200000 0.233333 0.266667 0.300000 0.333333 0.366667 0.400000 0.433333 0.466667 0.500000
0.533333 0.566667 0.600000 0.633333 0.666667 0.700000 0.733333 0.766667 0.800000</float_array>
        <technique_common>
          <accessor source="#mixamorig_L_A_skirt2-Matrix-animation-input-array" count="25">
            <param name="TIME" type="float"/>
          </accessor>
        </technique_common>
      </source>
      <source id="mixamorig_L_A_skirt2-Matrix-animation-output-transform">
        <float_array id="mixamorig_L_A_skirt2-Matrix-animation-output-transform-array" count="400">

1.000000 -0.000000 -0.000000 27.335699 0.000000 1.000000 0.000000 -0.000000 0.000000 -0.000000 1.000000 0.000000 0.000000 0.000000 0.000000 1.000000
1.000000 0.000000 0.000000 27.335699 -0.000000 1.000000 0.000000 -0.000000 -0.000000 0.000000 1.000000 0.000000 0.000000 0.000000 0.000000 1.000000
1.000000 -0.000000 -0.000000 27.335699 0.000000 1.000000 0.000000 -0.000000 0.000000 0.000000 1.000000 0.000000 0.000000 0.000000 0.000000 1.000000
1.000000 0.000000 -0.000000 27.335699 0.000000 1.000000 -0.000000 -0.000000 0.000000 -0.000000 1.000000 0.000000 0.000000 0.000000 0.000000 1.000000
1.000000 -0.000000 -0.000000 27.335699 0.000000 1.000000 0.000000 0.000000 0.000000 0.000000 1.000000 0.000000 0.000000 0.000000 0.000000 1.000000
1.000000 0.000000 0.000000 27.335699 0.000000 1.000000 0.000000 0.000000 -0.000000 0.000000 1.000000 0.000000 0.000000 0.000000 0.000000 1.000000
1.000000 0.000000 0.000000 27.335699 -0.000000 1.000000 -0.000000 0.000000 -0.000000 -0.000000 1.000000 0.000000 0.000000 0.000000 0.000000 1.000000
1.000000 -0.000000 0.000000 27.335699 -0.000000 1.000000 0.000000 0.000000 -0.000000 0.000000 1.000000 -0.000000 0.000000 0.000000 0.000000 1.000000
1.000000 0.000000 0.000000 27.335699 -0.000000 1.000000 0.000000 -0.000000 0.000000 -0.000000 1.000000 0.000000 0.000000 0.000000 0.000000 1.000000
1.000000 -0.000000 0.000000 27.335699 0.000000 1.000000 -0.000000 -0.000000 -0.000000 0.000000 1.000000 0.000000 0.000000 0.000000 0.000000 1.000000
1.000000 0.000000 0.000000 27.335699 -0.000000 1.000000 0.000000 0.000000 0.000000 0.000000 1.000000 0.000000 0.000000 0.000000 0.000000 1.000000
1.000000 -0.000000 -0.000000 27.335699 0.000000 1.000000 0.000000 0.000000 0.000000 0.000000 1.000000 0.000000 0.000000 0.000000 0.000000 1.000000
1.000000 0.000000 0.000000 27.335699 0.000000 1.000000 0.000000 -0.000000 0.000000 -0.000000 1.000000 0.000000 0.000000 0.000000 0.000000 1.000000
1.000000 0.000000 0.000000 27.335699 0.000000 1.000000 0.000000 -0.000000 0.000000 0.000000 1.000000 0.000000 0.000000 0.000000 0.000000 1.000000
1.000000 0.000000 0.000000 27.335699 -0.000000 1.000000 0.000000 -0.000000 -0.000000 -0.000000 1.000000 0.000000 0.000000 0.000000 0.000000 1.000000
1.000000 -0.000000 -0.000000 27.335699 0.000000 1.000000 -0.000000 0.000000 0.000000 -0.000000 1.000000 0.000000 0.000000 0.000000 0.000000 1.000000
1.000000 -0.000000 0.000000 27.335699 -0.000000 1.000000 -0.000000 0.000000 -0.000000 -0.000000 1.000000 0.000000 0.000000 0.000000 0.000000 1.000000
1.000000 -0.000000 0.000000 27.335699 -0.000000 1.000000 0.000000 -0.000000 0.000000 0.000000 1.000000 -0.000000 0.000000 0.000000 0.000000 1.000000
1.000000 0.000000 0.000000 27.335699 0.000000 1.000000 0.000000 0.000000 -0.000000 0.000000 1.000000 0.000000 0.000000 0.000000 0.000000 1.000000
1.000000 0.000000 0.000000 27.335699 0.000000 1.000000 0.000000 -0.000000 -0.000000 0.000000 1.000000 0.000000 0.000000 0.000000 0.000000 1.000000
1.000000 -0.000000 0.000000 27.335699 -0.000000 1.000000 0.000000 -0.000000 0.000000 -0.000000 1.000000 0.000000 0.000000 0.000000 0.000000 1.000000
1.000000 0.000000 0.000000 27.335699 -0.000000 1.000000 -0.000000 0.000000 0.000000 -0.000000 1.000000 0.000000 0.000000 0.000000 0.000000 1.000000
1.000000 0.000000 0.000000 27.335699 -0.000000 1.000000 0.000000 0.000000 0.000000 0.000000 1.000000 0.000000 0.000000 0.000000 0.000000 1.000000
1.000000 -0.000000 0.000000 27.335699 -0.000000 1.000000 0.000000 0.000000 0.000000 -0.000000 1.000000 0.000000 0.000000 0.000000 0.000000 1.000000
1.000000 -0.000000 -0.000000 27.335699 0.000000 1.000000 0.000000 -0.000000 0.000000 -0.000000 1.000000 0.000000 0.000000 0.000000 0.000000 1.000000</float_array>
        <technique_common>
          <accessor source="#mixamorig_L_A_skirt2-Matrix-animation-output-transform-array" count="25" stride="16">
            <param type="float4x4"/>
          </accessor>
        </technique_common>
      </source>
      <source id="mixamorig_L_A_skirt2-Interpolations">
        <Name_array id="mixamorig_L_A_skirt2-Interpolations-array" count="25">
 LINEAR LINEAR LINEAR LINEAR LINEAR LINEAR LINEAR LINEAR LINEAR LINEAR LINEAR
LINEAR LINEAR LINEAR LINEAR LINEAR LINEAR LINEAR LINEAR LINEAR LINEAR LINEAR LINEAR
LINEAR LINEAR</Name_array>
        <technique_common>
          <accessor source="#mixamorig_L_A_skirt2-Interpolations-array" count="25">
            <param type="name"/>
          </accessor>
        </technique_common>
      </source>
      <sampler id="mixamorig_L_A_skirt2-Matrix-animation-transform">
        <input semantic="INPUT" source="#mixamorig_L_A_skirt2-Matrix-animation-input"/>
        <input semantic="OUTPUT" source="#mixamorig_L_A_skirt2-Matrix-animation-output-transform"/>
        <input semantic="INTERPOLATION" source="#mixamorig_L_A_skirt2-Interpolations"/>
      </sampler>
      <channel source="#mixamorig_L_A_skirt2-Matrix-animation-transform" target="mixamorig_L_A_skirt2/matrix"/>
    </animation>
    <animation id="mixamorig_L_A_skirt3-anim" name="mixamorig_L_A_skirt3">
      <source id="mixamorig_L_A_skirt3-Matrix-animation-input">
        <float_array id="mixamorig_L_A_skirt3-Matrix-animation-input-array" count="25">

0.000000 0.033333 0.066667 0.100000 0.133333 0.166667 0.200000 0.233333 0.266667 0.300000 0.333333 0.366667 0.400000 0.433333 0.466667 0.500000
0.533333 0.566667 0.600000 0.633333 0.666667 0.700000 0.733333 0.766667 0.800000</float_array>
        <technique_common>
          <accessor source="#mixamorig_L_A_skirt3-Matrix-animation-input-array" count="25">
            <param name="TIME" type="float"/>
          </accessor>
        </technique_common>
      </source>
      <source id="mixamorig_L_A_skirt3-Matrix-animation-output-transform">
        <float_array id="mixamorig_L_A_skirt3-Matrix-animation-output-transform-array" count="400">

1.000000 -0.000000 0.000000 27.066099 -0.000000 1.000000 0.000000 0.000000 0.000000 0.000000 1.000000 -0.000000 0.000000 0.000000 0.000000 1.000000
1.000000 -0.000000 -0.000000 27.066099 -0.000000 1.000000 0.000000 -0.000000 -0.000000 -0.000000 1.000000 -0.000000 0.000000 0.000000 0.000000 1.000000
1.000000 -0.000000 -0.000000 27.066099 -0.000000 1.000000 0.000000 0.000000 0.000000 -0.000000 1.000000 -0.000000 0.000000 0.000000 0.000000 1.000000
1.000000 0.000000 0.000000 27.066099 0.000000 1.000000 -0.000000 0.000000 0.000000 -0.000000 1.000000 0.000000 0.000000 0.000000 0.000000 1.000000
1.000000 -0.000000 0.000000 27.066099 0.000000 1.000000 0.000000 0.000000 -0.000000 -0.000000 1.000000 0.000000 0.000000 0.000000 0.000000 1.000000
1.000000 -0.000000 -0.000000 27.066099 0.000000 1.000000 0.000000 0.000000 -0.000000 0.000000 1.000000 0.000000 0.000000 0.000000 0.000000 1.000000
1.000000 -0.000000 -0.000000 27.066099 0.000000 1.000000 0.000000 -0.000000 -0.000000 -0.000000 1.000000 0.000000 0.000000 0.000000 0.000000 1.000000
1.000000 -0.000000 -0.000000 27.066099 0.000000 1.000000 0.000000 0.000000 0.000000 0.000000 1.000000 0.000000 0.000000 0.000000 0.000000 1.000000
1.000000 -0.000000 0.000000 27.066099 -0.000000 1.000000 0.000000 -0.000000 0.000000 0.000000 1.000000 0.000000 0.000000 0.000000 0.000000 1.000000
1.000000 0.000000 -0.000000 27.066099 0.000000 1.000000 -0.000000 -0.000000 -0.000000 -0.000000 1.000000 0.000000 0.000000 0.000000 0.000000 1.000000
1.000000 -0.000000 -0.000000 27.066099 -0.000000 1.000000 -0.000000 0.000000 0.000000 0.000000 1.000000 0.000000 0.000000 0.000000 0.000000 1.000000
1.000000 -0.000000 0.000000 27.066099 0.000000 1.000000 0.000000 0.000000 -0.000000 0.000000 1.000000 0.000000 0.000000 0.000000 0.000000 1.000000
1.000000 0.000000 -0.000000 27.066099 -0.000000 1.000000 -0.000000 -0.000000 -0.000000 -0.000000 1.000000 0.000000 0.000000 0.000000 0.000000 1.000000
1.000000 -0.000000 0.000000 27.066099 0.000000 1.000000 -0.000000 0.000000 0.000000 -0.000000 1.000000 0.000000 0.000000 0.000000 0.000000 1.000000
1.000000 0.000000 -0.000000 27.066099 -0.000000 1.000000 0.000000 0.000000 -0.000000 -0.000000 1.000000 0.000000 0.000000 0.000000 0.000000 1.000000
1.000000 -0.000000 -0.000000 27.066099 -0.000000 1.000000 0.000000 -0.000000 -0.000000 0.000000 1.000000 0.000000 0.000000 0.000000 0.000000 1.000000
1.000000 -0.000000 0.000000 27.066099 -0.000000 1.000000 -0.000000 0.000000 0.000000 0.000000 1.000000 0.000000 0.000000 0.000000 0.000000 1.000000
1.000000 0.000000 -0.000000 27.066099 -0.000000 1.000000 0.000000 0.000000 -0.000000 0.000000 1.000000 0.000000 0.000000 0.000000 0.000000 1.000000
1.000000 0.000000 -0.000000 27.066099 0.000000 1.000000 -0.000000 0.000000 0.000000 -0.000000 1.000000 0.000000 0.000000 0.000000 0.000000 1.000000
1.000000 0.000000 0.000000 27.066099 0.000000 1.000000 0.000000 -0.000000 0.000000 0.000000 1.000000 0.000000 0.000000 0.000000 0.000000 1.000000
1.000000 0.000000 0.000000 27.066099 -0.000000 1.000000 0.000000 0.000000 0.000000 -0.000000 1.000000 0.000000 0.000000 0.000000 0.000000 1.000000
1.000000 0.000000 -0.000000 27.066099 0.000000 1.000000 0.000000 0.000000 0.000000 -0.000000 1.000000 0.000000 0.000000 0.000000 0.000000 1.000000
1.000000 -0.000000 -0.000000 27.066099 0.000000 1.000000 0.000000 -0.000000 0.000000 0.000000 1.000000 0.000000 0.000000 0.000000 0.000000 1.000000
1.000000 -0.000000 -0.000000 27.066099 0.000000 1.000000 -0.000000 0.000000 0.000000 -0.000000 1.000000 -0.000000 0.000000 0.000000 0.000000 1.000000
1.000000 0.000000 -0.000000 27.066099 -0.000000 1.000000 0.000000 0.000000 0.000000 -0.000000 1.000000 0.000000 0.000000 0.000000 0.000000 1.000000</float_array>
        <technique_common>
          <accessor source="#mixamorig_L_A_skirt3-Matrix-animation-output-transform-array" count="25" stride="16">
            <param type="float4x4"/>
          </accessor>
        </technique_common>
      </source>
      <source id="mixamorig_L_A_skirt3-Interpolations">
        <Name_array id="mixamorig_L_A_skirt3-Interpolations-array" count="25">
 LINEAR LINEAR LINEAR LINEAR LINEAR LINEAR LINEAR LINEAR LINEAR LINEAR LINEAR
LINEAR LINEAR LINEAR LINEAR LINEAR LINEAR LINEAR LINEAR LINEAR LINEAR LINEAR LINEAR
LINEAR LINEAR</Name_array>
        <technique_common>
          <accessor source="#mixamorig_L_A_skirt3-Interpolations-array" count="25">
            <param type="name"/>
          </accessor>
        </technique_common>
      </source>
      <sampler id="mixamorig_L_A_skirt3-Matrix-animation-transform">
        <input semantic="INPUT" source="#mixamorig_L_A_skirt3-Matrix-animation-input"/>
        <input semantic="OUTPUT" source="#mixamorig_L_A_skirt3-Matrix-animation-output-transform"/>
        <input semantic="INTERPOLATION" source="#mixamorig_L_A_skirt3-Interpolations"/>
      </sampler>
      <channel source="#mixamorig_L_A_skirt3-Matrix-animation-transform" target="mixamorig_L_A_skirt3/matrix"/>
    </animation>
    <animation id="mixamorig_L_B_skirt1-anim" name="mixamorig_L_B_skirt1">
      <source id="mixamorig_L_B_skirt1-Matrix-animation-input">
        <float_array id="mixamorig_L_B_skirt1-Matrix-animation-input-array" count="25">

0.000000 0.033333 0.066667 0.100000 0.133333 0.166667 0.200000 0.233333 0.266667 0.300000 0.333333 0.366667 0.400000 0.433333 0.466667 0.500000
0.533333 0.566667 0.600000 0.633333 0.666667 0.700000 0.733333 0.766667 0.800000</float_array>
        <technique_common>
          <accessor source="#mixamorig_L_B_skirt1-Matrix-animation-input-array" count="25">
            <param name="TIME" type="float"/>
          </accessor>
        </technique_common>
      </source>
      <source id="mixamorig_L_B_skirt1-Matrix-animation-output-transform">
        <float_array id="mixamorig_L_B_skirt1-Matrix-animation-output-transform-array" count="400">

0.142186 0.942169 0.303482 22.933800 -0.985105 0.164643 -0.049605 6.145800 -0.096702 -0.291908 0.951545 0.309300 0.000000 0.000000 0.000000 1.000000
0.142186 0.942169 0.303482 22.933800 -0.985105 0.164643 -0.049605 6.145800 -0.096702 -0.291908 0.951545 0.309300 0.000000 0.000000 0.000000 1.000000
0.142186 0.942169 0.303482 22.933800 -0.985105 0.164643 -0.049605 6.145800 -0.096702 -0.291908 0.951545 0.309300 0.000000 0.000000 0.000000 1.000000
0.142186 0.942169 0.303482 22.933800 -0.985105 0.164643 -0.049605 6.145800 -0.096702 -0.291908 0.951545 0.309300 0.000000 0.000000 0.000000 1.000000
0.142186 0.942169 0.303482 22.933800 -0.985105 0.164643 -0.049605 6.145800 -0.096702 -0.291908 0.951545 0.309300 0.000000 0.000000 0.000000 1.000000
0.142186 0.942169 0.303482 22.933800 -0.985105 0.164643 -0.049605 6.145800 -0.096702 -0.291908 0.951545 0.309300 0.000000 0.000000 0.000000 1.000000
0.142186 0.942169 0.303482 22.933800 -0.985105 0.164643 -0.049605 6.145800 -0.096702 -0.291908 0.951545 0.309300 0.000000 0.000000 0.000000 1.000000
0.142186 0.942169 0.303482 22.933800 -0.985105 0.164643 -0.049605 6.145800 -0.096702 -0.291908 0.951545 0.309300 0.000000 0.000000 0.000000 1.000000
0.142186 0.942169 0.303482 22.933800 -0.985105 0.164643 -0.049605 6.145800 -0.096702 -0.291908 0.951545 0.309300 0.000000 0.000000 0.000000 1.000000
0.142186 0.942169 0.303482 22.933800 -0.985105 0.164643 -0.049605 6.145800 -0.096702 -0.291908 0.951545 0.309300 0.000000 0.000000 0.000000 1.000000
0.142186 0.942169 0.303482 22.933800 -0.985105 0.164643 -0.049605 6.145800 -0.096702 -0.291908 0.951545 0.309300 0.000000 0.000000 0.000000 1.000000
0.142186 0.942169 0.303482 22.933800 -0.985105 0.164643 -0.049605 6.145800 -0.096702 -0.291908 0.951545 0.309300 0.000000 0.000000 0.000000 1.000000
0.142186 0.942169 0.303482 22.933800 -0.985105 0.164643 -0.049605 6.145800 -0.096702 -0.291908 0.951545 0.309300 0.000000 0.000000 0.000000 1.000000
0.142186 0.942169 0.303482 22.933800 -0.985105 0.164643 -0.049605 6.145800 -0.096702 -0.291908 0.951545 0.309300 0.000000 0.000000 0.000000 1.000000
0.142186 0.942169 0.303482 22.933800 -0.985105 0.164643 -0.049605 6.145800 -0.096702 -0.291908 0.951545 0.309300 0.000000 0.000000 0.000000 1.000000
0.142186 0.942169 0.303482 22.933800 -0.985105 0.164643 -0.049605 6.145800 -0.096702 -0.291908 0.951545 0.309300 0.000000 0.000000 0.000000 1.000000
0.142186 0.942169 0.303482 22.933800 -0.985105 0.164643 -0.049605 6.145800 -0.096702 -0.291908 0.951545 0.309300 0.000000 0.000000 0.000000 1.000000
0.142186 0.942169 0.303482 22.933800 -0.985105 0.164643 -0.049605 6.145800 -0.096702 -0.291908 0.951545 0.309300 0.000000 0.000000 0.000000 1.000000
0.142186 0.942169 0.303482 22.933800 -0.985105 0.164643 -0.049605 6.145800 -0.096702 -0.291908 0.951545 0.309300 0.000000 0.000000 0.000000 1.000000
0.142186 0.942169 0.303482 22.933800 -0.985105 0.164643 -0.049605 6.145800 -0.096702 -0.291908 0.951545 0.309300 0.000000 0.000000 0.000000 1.000000
0.142186 0.942169 0.303482 22.933800 -0.985105 0.164643 -0.049605 6.145800 -0.096702 -0.291908 0.951545 0.309300 0.000000 0.000000 0.000000 1.000000
0.142186 0.942169 0.303482 22.933800 -0.985105 0.164643 -0.049605 6.145800 -0.096702 -0.291908 0.951545 0.309300 0.000000 0.000000 0.000000 1.000000
0.142186 0.942169 0.303482 22.933800 -0.985105 0.164643 -0.049605 6.145800 -0.096702 -0.291908 0.951545 0.309300 0.000000 0.000000 0.000000 1.000000
0.142186 0.942169 0.303482 22.933800 -0.985105 0.164643 -0.049605 6.145800 -0.096702 -0.291908 0.951545 0.309300 0.000000 0.000000 0.000000 1.000000
0.142186 0.942169 0.303482 22.933800 -0.985105 0.164643 -0.049605 6.145800 -0.096702 -0.291908 0.951545 0.309300 0.000000 0.000000 0.000000 1.000000</float_array>
        <technique_common>
          <accessor source="#mixamorig_L_B_skirt1-Matrix-animation-output-transform-array" count="25" stride="16">
            <param type="float4x4"/>
          </accessor>
        </technique_common>
      </source>
      <source id="mixamorig_L_B_skirt1-Interpolations">
        <Name_array id="mixamorig_L_B_skirt1-Interpolations-array" count="25">
 LINEAR LINEAR LINEAR LINEAR LINEAR LINEAR LINEAR LINEAR LINEAR LINEAR LINEAR
LINEAR LINEAR LINEAR LINEAR LINEAR LINEAR LINEAR LINEAR LINEAR LINEAR LINEAR LINEAR
LINEAR LINEAR</Name_array>
        <technique_common>
          <accessor source="#mixamorig_L_B_skirt1-Interpolations-array" count="25">
            <param type="name"/>
          </accessor>
        </technique_common>
      </source>
      <sampler id="mixamorig_L_B_skirt1-Matrix-animation-transform">
        <input semantic="INPUT" source="#mixamorig_L_B_skirt1-Matrix-animation-input"/>
        <input semantic="OUTPUT" source="#mixamorig_L_B_skirt1-Matrix-animation-output-transform"/>
        <input semantic="INTERPOLATION" source="#mixamorig_L_B_skirt1-Interpolations"/>
      </sampler>
      <channel source="#mixamorig_L_B_skirt1-Matrix-animation-transform" target="mixamorig_L_B_skirt1/matrix"/>
    </animation>
    <animation id="mixamorig_L_B_skirt2-anim" name="mixamorig_L_B_skirt2">
      <source id="mixamorig_L_B_skirt2-Matrix-animation-input">
        <float_array id="mixamorig_L_B_skirt2-Matrix-animation-input-array" count="25">

0.000000 0.033333 0.066667 0.100000 0.133333 0.166667 0.200000 0.233333 0.266667 0.300000 0.333333 0.366667 0.400000 0.433333 0.466667 0.500000
0.533333 0.566667 0.600000 0.633333 0.666667 0.700000 0.733333 0.766667 0.800000</float_array>
        <technique_common>
          <accessor source="#mixamorig_L_B_skirt2-Matrix-animation-input-array" count="25">
            <param name="TIME" type="float"/>
          </accessor>
        </technique_common>
      </source>
      <source id="mixamorig_L_B_skirt2-Matrix-animation-output-transform">
        <float_array id="mixamorig_L_B_skirt2-Matrix-animation-output-transform-array" count="400">

1.000000 -0.000000 0.000000 27.083401 0.000000 1.000000 -0.000000 0.000000 0.000000 -0.000000 1.000000 0.000000 0.000000 0.000000 0.000000 1.000000
1.000000 -0.000000 0.000000 27.083401 0.000000 1.000000 0.000000 0.000000 0.000000 0.000000 1.000000 -0.000000 0.000000 0.000000 0.000000 1.000000
1.000000 -0.000000 -0.000000 27.083401 -0.000000 1.000000 -0.000000 0.000000 -0.000000 0.000000 1.000000 -0.000000 0.000000 0.000000 0.000000 1.000000
1.000000 0.000000 -0.000000 27.083401 -0.000000 1.000000 -0.000000 0.000000 0.000000 -0.000000 1.000000 0.000000 0.000000 0.000000 0.000000 1.000000
1.000000 -0.000000 0.000000 27.083401 0.000000 1.000000 0.000000 0.000000 0.000000 0.000000 1.000000 0.000000 0.000000 0.000000 0.000000 1.000000
1.000000 0.000000 0.000000 27.083401 0.000000 1.000000 0.000000 0.000000 -0.000000 -0.000000 1.000000 0.000000 0.000000 0.000000 0.000000 1.000000
1.000000 0.000000 0.000000 27.083401 -0.000000 1.000000 -0.000000 -0.000000 0.000000 0.000000 1.000000 0.000000 0.000000 0.000000 0.000000 1.000000
1.000000 -0.000000 0.000000 27.083401 -0.000000 1.000000 -0.000000 -0.000000 0.000000 -0.000000 1.000000 -0.000000 0.000000 0.000000 0.000000 1.000000
1.000000 0.000000 -0.000000 27.083401 0.000000 1.000000 0.000000 0.000000 0.000000 0.000000 1.000000 0.000000 0.000000 0.000000 0.000000 1.000000
1.000000 0.000000 -0.000000 27.083401 -0.000000 1.000000 -0.000000 0.000000 0.000000 -0.000000 1.000000 0.000000 0.000000 0.000000 0.000000 1.000000
1.000000 0.000000 -0.000000 27.083401 0.000000 1.000000 0.000000 0.000000 -0.000000 0.000000 1.000000 0.000000 0.000000 0.000000 0.000000 1.000000
1.000000 0.000000 0.000000 27.083401 0.000000 1.000000 0.000000 0.000000 0.000000 0.000000 1.000000 0.000000 0.000000 0.000000 0.000000 1.000000
1.000000 -0.000000 0.000000 27.083401 0.000000 1.000000 0.000000 0.000000 -0.000000 0.000000 1.000000 -0.000000 0.000000 0.000000 0.000000 1.000000
1.000000 -0.000000 0.000000 27.083401 0.000000 1.000000 0.000000 0.000000 -0.000000 -0.000000 1.000000 -0.000000 0.000000 0.000000 0.000000 1.000000
1.000000 0.000000 0.000000 27.083401 0.000000 1.000000 0.000000 0.000000 0.000000 0.000000 1.000000 0.000000 0.000000 0.000000 0.000000 1.000000
1.000000 0.000000 -0.000000 27.083401 0.000000 1.000000 -0.000000 -0.000000 0.000000 -0.000000 1.000000 0.000000 0.000000 0.000000 0.000000 1.000000
1.000000 0.000000 0.000000 27.083401 -0.000000 1.000000 0.000000 0.000000 0.000000 -0.000000 1.000000 0.000000 0.000000 0.000000 0.000000 1.000000
1.000000 -0.000000 0.000000 27.083401 0.000000 1.000000 0.000000 0.000000 -0.000000 0.000000 1.000000 -0.000000 0.000000 0.000000 0.000000 1.000000
1.000000 0.000000 0.000000 27.083401 0.000000 1.000000 0.000000 0.000000 -0.000000 0.000000 1.000000 0.000000 0.000000 0.000000 0.000000 1.000000
1.000000 0.000000 0.000000 27.083401 0.000000 1.000000 -0.000000 0.000000 -0.000000 0.000000 1.000000 -0.000000 0.000000 0.000000 0.000000 1.000000
1.000000 0.000000 -0.000000 27.083401 0.000000 1.000000 0.000000 0.000000 0.000000 0.000000 1.000000 0.000000 0.000000 0.000000 0.000000 1.000000
1.000000 0.000000 -0.000000 27.083401 -0.000000 1.000000 -0.000000 0.000000 0.000000 -0.000000 1.000000 0.000000 0.000000 0.000000 0.000000 1.000000
1.000000 -0.000000 -0.000000 27.083401 0.000000 1.000000 0.000000 0.000000 -0.000000 -0.000000 1.000000 0.000000 0.000000 0.000000 0.000000 1.000000
1.000000 -0.000000 -0.000000 27.083401 0.000000 1.000000 0.000000 0.000000 0.000000 -0.000000 1.000000 0.000000 0.000000 0.000000 0.000000 1.000000
1.000000 0.000000 -0.000000 27.083401 -0.000000 1.000000 -0.000000 0.000000 0.000000 -0.000000 1.000000 0.000000 0.000000 0.000000 0.000000 1.000000</float_array>
        <technique_common>
          <accessor source="#mixamorig_L_B_skirt2-Matrix-animation-output-transform-array" count="25" stride="16">
            <param type="float4x4"/>
          </accessor>
        </technique_common>
      </source>
      <source id="mixamorig_L_B_skirt2-Interpolations">
        <Name_array id="mixamorig_L_B_skirt2-Interpolations-array" count="25">
 LINEAR LINEAR LINEAR LINEAR LINEAR LINEAR LINEAR LINEAR LINEAR LINEAR LINEAR
LINEAR LINEAR LINEAR LINEAR LINEAR LINEAR LINEAR LINEAR LINEAR LINEAR LINEAR LINEAR
LINEAR LINEAR</Name_array>
        <technique_common>
          <accessor source="#mixamorig_L_B_skirt2-Interpolations-array" count="25">
            <param type="name"/>
          </accessor>
        </technique_common>
      </source>
      <sampler id="mixamorig_L_B_skirt2-Matrix-animation-transform">
        <input semantic="INPUT" source="#mixamorig_L_B_skirt2-Matrix-animation-input"/>
        <input semantic="OUTPUT" source="#mixamorig_L_B_skirt2-Matrix-animation-output-transform"/>
        <input semantic="INTERPOLATION" source="#mixamorig_L_B_skirt2-Interpolations"/>
      </sampler>
      <channel source="#mixamorig_L_B_skirt2-Matrix-animation-transform" target="mixamorig_L_B_skirt2/matrix"/>
    </animation>
    <animation id="mixamorig_L_B_skirt3-anim" name="mixamorig_L_B_skirt3">
      <source id="mixamorig_L_B_skirt3-Matrix-animation-input">
        <float_array id="mixamorig_L_B_skirt3-Matrix-animation-input-array" count="25">

0.000000 0.033333 0.066667 0.100000 0.133333 0.166667 0.200000 0.233333 0.266667 0.300000 0.333333 0.366667 0.400000 0.433333 0.466667 0.500000
0.533333 0.566667 0.600000 0.633333 0.666667 0.700000 0.733333 0.766667 0.800000</float_array>
        <technique_common>
          <accessor source="#mixamorig_L_B_skirt3-Matrix-animation-input-array" count="25">
            <param name="TIME" type="float"/>
          </accessor>
        </technique_common>
      </source>
      <source id="mixamorig_L_B_skirt3-Matrix-animation-output-transform">
        <float_array id="mixamorig_L_B_skirt3-Matrix-animation-output-transform-array" count="400">

1.000000 -0.000000 0.000000 26.734800 0.000000 1.000000 0.000000 0.000000 0.000000 -0.000000 1.000000 0.000000 0.000000 0.000000 0.000000 1.000000
1.000000 -0.000000 0.000000 26.734800 0.000000 1.000000 0.000000 -0.000000 -0.000000 0.000000 1.000000 -0.000000 0.000000 0.000000 0.000000 1.000000
1.000000 -0.000000 -0.000000 26.734800 0.000000 1.000000 -0.000000 0.000000 -0.000000 0.000000 1.000000 0.000000 0.000000 0.000000 0.000000 1.000000
1.000000 0.000000 -0.000000 26.734800 0.000000 1.000000 0.000000 0.000000 0.000000 -0.000000 1.000000 0.000000 0.000000 0.000000 0.000000 1.000000
1.000000 -0.000000 0.000000 26.734800 -0.000000 1.000000 0.000000 0.000000 0.000000 -0.000000 1.000000 -0.000000 0.000000 0.000000 0.000000 1.000000
1.000000 0.000000 0.000000 26.734800 0.000000 1.000000 0.000000 -0.000000 -0.000000 0.000000 1.000000 0.000000 0.000000 0.000000 0.000000 1.000000
1.000000 -0.000000 -0.000000 26.734800 0.000000 1.000000 0.000000 0.000000 -0.000000 -0.000000 1.000000 -0.000000 0.000000 0.000000 0.000000 1.000000
1.000000 0.000000 0.000000 26.734800 0.000000 1.000000 0.000000 0.000000 -0.000000 0.000000 1.000000 0.000000 0.000000 0.000000 0.000000 1.000000
1.000000 0.000000 -0.000000 26.734800 0.000000 1.000000 -0.000000 0.000000 -0.000000 0.000000 1.000000 0.000000 0.000000 0.000000 0.000000 1.000000
1.000000 0.000000 -0.000000 26.734800 -0.000000 1.000000 -0.000000 0.000000 -0.000000 0.000000 1.000000 0.000000 0.000000 0.000000 0.000000 1.000000
1.000000 0.000000 0.000000 26.734800 0.000000 1.000000 0.000000 -0.000000 -0.000000 0.000000 1.000000 0.000000 0.000000 0.000000 0.000000 1.000000
1.000000 -0.000000 0.000000 26.734800 0.000000 1.000000 0.000000 0.000000 0.000000 -0.000000 1.000000 0.000000 0.000000 0.000000 0.000000 1.000000
1.000000 -0.000000 0.000000 26.734800 0.000000 1.000000 0.000000 0.000000 -0.000000 0.000000 1.000000 0.000000 0.000000 0.000000 0.000000 1.000000
1.000000 0.000000 -0.000000 26.734800 0.000000 1.000000 0.000000 0.000000 0.000000 0.000000 1.000000 0.000000 0.000000 0.000000 0.000000 1.000000
1.000000 0.000000 -0.000000 26.734800 -0.000000 1.000000 0.000000 0.000000 0.000000 0.000000 1.000000 -0.000000 0.000000 0.000000 0.000000 1.000000
1.000000 -0.000000 -0.000000 26.734800 0.000000 1.000000 0.000000 0.000000 0.000000 -0.000000 1.000000 0.000000 0.000000 0.000000 0.000000 1.000000
1.000000 -0.000000 0.000000 26.734800 -0.000000 1.000000 -0.000000 0.000000 -0.000000 0.000000 1.000000 0.000000 0.000000 0.000000 0.000000 1.000000
1.000000 0.000000 -0.000000 26.734800 -0.000000 1.000000 0.000000 0.000000 -0.000000 0.000000 1.000000 0.000000 0.000000 0.000000 0.000000 1.000000
1.000000 0.000000 0.000000 26.734800 0.000000 1.000000 0.000000 0.000000 -0.000000 0.000000 1.000000 0.000000 0.000000 0.000000 0.000000 1.000000
1.000000 0.000000 -0.000000 26.734800 0.000000 1.000000 0.000000 0.000000 -0.000000 0.000000 1.000000 0.000000 0.000000 0.000000 0.000000 1.000000
1.000000 0.000000 0.000000 26.734800 0.000000 1.000000 0.000000 -0.000000 0.000000 0.000000 1.000000 -0.000000 0.000000 0.000000 0.000000 1.000000
1.000000 -0.000000 0.000000 26.734800 -0.000000 1.000000 0.000000 -0.000000 0.000000 0.000000 1.000000 0.000000 0.000000 0.000000 0.000000 1.000000
1.000000 -0.000000 -0.000000 26.734800 -0.000000 1.000000 -0.000000 0.000000 -0.000000 -0.000000 1.000000 0.000000 0.000000 0.000000 0.000000 1.000000
1.000000 0.000000 -0.000000 26.734800 -0.000000 1.000000 0.000000 0.000000 0.000000 0.000000 1.000000 0.000000 0.000000 0.000000 0.000000 1.000000
1.000000 0.000000 0.000000 26.734800 0.000000 1.000000 0.000000 -0.000000 -0.000000 0.000000 1.000000 0.000000 0.000000 0.000000 0.000000 1.000000</float_array>
        <technique_common>
          <accessor source="#mixamorig_L_B_skirt3-Matrix-animation-output-transform-array" count="25" stride="16">
            <param type="float4x4"/>
          </accessor>
        </technique_common>
      </source>
      <source id="mixamorig_L_B_skirt3-Interpolations">
        <Name_array id="mixamorig_L_B_skirt3-Interpolations-array" count="25">
 LINEAR LINEAR LINEAR LINEAR LINEAR LINEAR LINEAR LINEAR LINEAR LINEAR LINEAR
LINEAR LINEAR LINEAR LINEAR LINEAR LINEAR LINEAR LINEAR LINEAR LINEAR LINEAR LINEAR
LINEAR LINEAR</Name_array>
        <technique_common>
          <accessor source="#mixamorig_L_B_skirt3-Interpolations-array" count="25">
            <param type="name"/>
          </accessor>
        </technique_common>
      </source>
      <sampler id="mixamorig_L_B_skirt3-Matrix-animation-transform">
        <input semantic="INPUT" source="#mixamorig_L_B_skirt3-Matrix-animation-input"/>
        <input semantic="OUTPUT" source="#mixamorig_L_B_skirt3-Matrix-animation-output-transform"/>
        <input semantic="INTERPOLATION" source="#mixamorig_L_B_skirt3-Interpolations"/>
      </sampler>
      <channel source="#mixamorig_L_B_skirt3-Matrix-animation-transform" target="mixamorig_L_B_skirt3/matrix"/>
    </animation>
    <animation id="mixamorig_R_C_skirt1-anim" name="mixamorig_R_C_skirt1">
      <source id="mixamorig_R_C_skirt1-Matrix-animation-input">
        <float_array id="mixamorig_R_C_skirt1-Matrix-animation-input-array" count="25">

0.000000 0.033333 0.066667 0.100000 0.133333 0.166667 0.200000 0.233333 0.266667 0.300000 0.333333 0.366667 0.400000 0.433333 0.466667 0.500000
0.533333 0.566667 0.600000 0.633333 0.666667 0.700000 0.733333 0.766667 0.800000</float_array>
        <technique_common>
          <accessor source="#mixamorig_R_C_skirt1-Matrix-animation-input-array" count="25">
            <param name="TIME" type="float"/>
          </accessor>
        </technique_common>
      </source>
      <source id="mixamorig_R_C_skirt1-Matrix-animation-output-transform">
        <float_array id="mixamorig_R_C_skirt1-Matrix-animation-output-transform-array" count="400">

-0.035070 -0.292039 0.955763 -12.297300 -0.989026 0.147482 0.008774 4.606800 -0.143520 -0.944967 -0.294006 -11.833000 0.000000 0.000000 0.000000 1.000000
-0.035070 -0.292039 0.955763 -12.297300 -0.989026 0.147482 0.008774 4.606800 -0.143520 -0.944967 -0.294006 -11.833000 0.000000 0.000000 0.000000 1.000000
-0.035070 -0.292039 0.955763 -12.297300 -0.989026 0.147482 0.008774 4.606800 -0.143520 -0.944967 -0.294006 -11.833000 0.000000 0.000000 0.000000 1.000000
-0.035070 -0.292039 0.955763 -12.297300 -0.989026 0.147482 0.008774 4.606800 -0.143520 -0.944967 -0.294006 -11.833000 0.000000 0.000000 0.000000 1.000000
-0.035070 -0.292039 0.955763 -12.297300 -0.989026 0.147482 0.008774 4.606800 -0.143520 -0.944967 -0.294006 -11.833000 0.000000 0.000000 0.000000 1.000000
-0.035070 -0.292039 0.955763 -12.297300 -0.989026 0.147482 0.008774 4.606800 -0.143520 -0.944967 -0.294006 -11.833000 0.000000 0.000000 0.000000 1.000000
-0.035070 -0.292039 0.955763 -12.297300 -0.989026 0.147482 0.008774 4.606800 -0.143520 -0.944967 -0.294006 -11.833000 0.000000 0.000000 0.000000 1.000000
-0.035070 -0.292039 0.955763 -12.297300 -0.989026 0.147482 0.008774 4.606800 -0.143520 -0.944967 -0.294006 -11.833000 0.000000 0.000000 0.000000 1.000000
-0.035070 -0.292039 0.955763 -12.297300 -0.989026 0.147482 0.008774 4.606800 -0.143520 -0.944967 -0.294006 -11.833000 0.000000 0.000000 0.000000 1.000000
-0.035070 -0.292039 0.955763 -12.297300 -0.989026 0.147482 0.008774 4.606800 -0.143520 -0.944967 -0.294006 -11.833000 0.000000 0.000000 0.000000 1.000000
-0.035070 -0.292039 0.955763 -12.297300 -0.989026 0.147482 0.008774 4.606800 -0.143520 -0.944967 -0.294006 -11.833000 0.000000 0.000000 0.000000 1.000000
-0.035070 -0.292039 0.955763 -12.297300 -0.989026 0.147482 0.008774 4.606800 -0.143520 -0.944967 -0.294006 -11.833000 0.000000 0.000000 0.000000 1.000000
-0.035070 -0.292039 0.955763 -12.297300 -0.989026 0.147482 0.008774 4.606800 -0.143520 -0.944967 -0.294006 -11.833000 0.000000 0.000000 0.000000 1.000000
-0.035070 -0.292039 0.955763 -12.297300 -0.989026 0.147482 0.008774 4.606800 -0.143520 -0.944967 -0.294006 -11.833000 0.000000 0.000000 0.000000 1.000000
-0.035070 -0.292039 0.955763 -12.297300 -0.989026 0.147482 0.008774 4.606800 -0.143520 -0.944967 -0.294006 -11.833000 0.000000 0.000000 0.000000 1.000000
-0.035070 -0.292039 0.955763 -12.297300 -0.989026 0.147482 0.008774 4.606800 -0.143520 -0.944967 -0.294006 -11.833000 0.000000 0.000000 0.000000 1.000000
-0.035070 -0.292039 0.955763 -12.297300 -0.989026 0.147482 0.008774 4.606800 -0.143520 -0.944967 -0.294006 -11.833000 0.000000 0.000000 0.000000 1.000000
-0.035070 -0.292039 0.955763 -12.297300 -0.989026 0.147482 0.008774 4.606800 -0.143520 -0.944967 -0.294006 -11.833000 0.000000 0.000000 0.000000 1.000000
-0.035070 -0.292039 0.955763 -12.297300 -0.989026 0.147482 0.008774 4.606800 -0.143520 -0.944967 -0.294006 -11.833000 0.000000 0.000000 0.000000 1.000000
-0.035070 -0.292039 0.955763 -12.297300 -0.989026 0.147482 0.008774 4.606800 -0.143520 -0.944967 -0.294006 -11.833000 0.000000 0.000000 0.000000 1.000000
-0.035070 -0.292039 0.955763 -12.297300 -0.989026 0.147482 0.008774 4.606800 -0.143520 -0.944967 -0.294006 -11.833000 0.000000 0.000000 0.000000 1.000000
-0.035070 -0.292039 0.955763 -12.297300 -0.989026 0.147482 0.008774 4.606800 -0.143520 -0.944967 -0.294006 -11.833000 0.000000 0.000000 0.000000 1.000000
-0.035070 -0.292039 0.955763 -12.297300 -0.989026 0.147482 0.008774 4.606800 -0.143520 -0.944967 -0.294006 -11.833000 0.000000 0.000000 0.000000 1.000000
-0.035070 -0.292039 0.955763 -12.297300 -0.989026 0.147482 0.008774 4.606800 -0.143520 -0.944967 -0.294006 -11.833000 0.000000 0.000000 0.000000 1.000000
-0.035070 -0.292039 0.955763 -12.297300 -0.989026 0.147482 0.008774 4.606800 -0.143520 -0.944967 -0.294006 -11.833000 0.000000 0.000000 0.000000 1.000000</float_array>
        <technique_common>
          <accessor source="#mixamorig_R_C_skirt1-Matrix-animation-output-transform-array" count="25" stride="16">
            <param type="float4x4"/>
          </accessor>
        </technique_common>
      </source>
      <source id="mixamorig_R_C_skirt1-Interpolations">
        <Name_array id="mixamorig_R_C_skirt1-Interpolations-array" count="25">
 LINEAR LINEAR LINEAR LINEAR LINEAR LINEAR LINEAR LINEAR LINEAR LINEAR LINEAR
LINEAR LINEAR LINEAR LINEAR LINEAR LINEAR LINEAR LINEAR LINEAR LINEAR LINEAR LINEAR
LINEAR LINEAR</Name_array>
        <technique_common>
          <accessor source="#mixamorig_R_C_skirt1-Interpolations-array" count="25">
            <param type="name"/>
          </accessor>
        </technique_common>
      </source>
      <sampler id="mixamorig_R_C_skirt1-Matrix-animation-transform">
        <input semantic="INPUT" source="#mixamorig_R_C_skirt1-Matrix-animation-input"/>
        <input semantic="OUTPUT" source="#mixamorig_R_C_skirt1-Matrix-animation-output-transform"/>
        <input semantic="INTERPOLATION" source="#mixamorig_R_C_skirt1-Interpolations"/>
      </sampler>
      <channel source="#mixamorig_R_C_skirt1-Matrix-animation-transform" target="mixamorig_R_C_skirt1/matrix"/>
    </animation>
    <animation id="mixamorig_R_C_skirt2-anim" name="mixamorig_R_C_skirt2">
      <source id="mixamorig_R_C_skirt2-Matrix-animation-input">
        <float_array id="mixamorig_R_C_skirt2-Matrix-animation-input-array" count="25">

0.000000 0.033333 0.066667 0.100000 0.133333 0.166667 0.200000 0.233333 0.266667 0.300000 0.333333 0.366667 0.400000 0.433333 0.466667 0.500000
0.533333 0.566667 0.600000 0.633333 0.666667 0.700000 0.733333 0.766667 0.800000</float_array>
        <technique_common>
          <accessor source="#mixamorig_R_C_skirt2-Matrix-animation-input-array" count="25">
            <param name="TIME" type="float"/>
          </accessor>
        </technique_common>
      </source>
      <source id="mixamorig_R_C_skirt2-Matrix-animation-output-transform">
        <float_array id="mixamorig_R_C_skirt2-Matrix-animation-output-transform-array" count="400">

1.000000 -0.000000 -0.000000 27.657600 -0.000000 1.000000 -0.000000 0.000100 -0.000000 0.000000 1.000000 0.000000 0.000000 0.000000 0.000000 1.000000
1.000000 -0.000000 0.000000 27.657600 0.000000 1.000000 -0.000000 0.000100 0.000000 0.000000 1.000000 0.000000 0.000000 0.000000 0.000000 1.000000
1.000000 -0.000000 0.000000 27.657600 0.000000 1.000000 0.000000 0.000100 0.000000 -0.000000 1.000000 -0.000000 0.000000 0.000000 0.000000 1.000000
1.000000 0.000000 -0.000000 27.657600 0.000000 1.000000 0.000000 0.000100 0.000000 0.000000 1.000000 -0.000000 0.000000 0.000000 0.000000 1.000000
1.000000 0.000000 0.000000 27.657600 -0.000000 1.000000 -0.000000 0.000100 -0.000000 0.000000 1.000000 0.000000 0.000000 0.000000 0.000000 1.000000
1.000000 0.000000 0.000000 27.657600 0.000000 1.000000 0.000000 0.000100 -0.000000 0.000000 1.000000 0.000000 0.000000 0.000000 0.000000 1.000000
1.000000 -0.000000 -0.000000 27.657600 0.000000 1.000000 0.000000 0.000100 0.000000 -0.000000 1.000000 0.000000 0.000000 0.000000 0.000000 1.000000
1.000000 -0.000000 -0.000000 27.657600 -0.000000 1.000000 -0.000000 0.000100 0.000000 0.000000 1.000000 0.000000 0.000000 0.000000 0.000000 1.000000
1.000000 0.000000 -0.000000 27.657600 -0.000000 1.000000 0.000000 0.000100 0.000000 0.000000 1.000000 0.000000 0.000000 0.000000 0.000000 1.000000
1.000000 -0.000000 -0.000000 27.657600 0.000000 1.000000 0.000000 0.000100 0.000000 -0.000000 1.000000 0.000000 0.000000 0.000000 0.000000 1.000000
1.000000 0.000000 0.000000 27.657600 -0.000000 1.000000 0.000000 0.000100 -0.000000 0.000000 1.000000 0.000000 0.000000 0.000000 0.000000 1.000000
1.000000 -0.000000 0.000000 27.657600 -0.000000 1.000000 0.000000 0.000100 0.000000 0.000000 1.000000 0.000000 0.000000 0.000000 0.000000 1.000000
1.000000 0.000000 0.000000 27.657600 -0.000000 1.000000 0.000000 0.000100 -0.000000 -0.000000 1.000000 0.000000 0.000000 0.000000 0.000000 1.000000
1.000000 0.000000 0.000000 27.657600 0.000000 1.000000 0.000000 0.000100 0.000000 0.000000 1.000000 0.000000 0.000000 0.000000 0.000000 1.000000
1.000000 -0.000000 -0.000000 27.657600 0.000000 1.000000 -0.000000 0.000100 0.000000 -0.000000 1.000000 0.000000 0.000000 0.000000 0.000000 1.000000
1.000000 -0.000000 -0.000000 27.657600 0.000000 1.000000 0.000000 0.000100 -0.000000 -0.000000 1.000000 0.000000 0.000000 0.000000 0.000000 1.000000
1.000000 -0.000000 0.000000 27.657600 0.000000 1.000000 -0.000000 0.000100 -0.000000 0.000000 1.000000 -0.000000 0.000000 0.000000 0.000000 1.000000
1.000000 0.000000 0.000000 27.657600 -0.000000 1.000000 -0.000000 0.000100 -0.000000 -0.000000 1.000000 -0.000000 0.000000 0.000000 0.000000 1.000000
1.000000 0.000000 0.000000 27.657600 -0.000000 1.000000 -0.000000 0.000100 -0.000000 -0.000000 1.000000 0.000000 0.000000 0.000000 0.000000 1.000000
1.000000 0.000000 0.000000 27.657600 -0.000000 1.000000 0.000000 0.000100 0.000000 0.000000 1.000000 -0.000000 0.000000 0.000000 0.000000 1.000000
1.000000 0.000000 -0.000000 27.657600 -0.000000 1.000000 0.000000 0.000100 0.000000 0.000000 1.000000 0.000000 0.000000 0.000000 0.000000 1.000000
1.000000 -0.000000 0.000000 27.657600 -0.000000 1.000000 -0.000000 0.000100 -0.000000 0.000000 1.000000 -0.000000 0.000000 0.000000 0.000000 1.000000
1.000000 0.000000 0.000000 27.657600 -0.000000 1.000000 0.000000 0.000100 0.000000 0.000000 1.000000 -0.000000 0.000000 0.000000 0.000000 1.000000
1.000000 0.000000 -0.000000 27.657600 -0.000000 1.000000 -0.000000 0.000100 0.000000 0.000000 1.000000 0.000000 0.000000 0.000000 0.000000 1.000000
1.000000 -0.000000 0.000000 27.657600 0.000000 1.000000 0.000000 0.000100 -0.000000 0.000000 1.000000 0.000000 0.000000 0.000000 0.000000 1.000000</float_array>
        <technique_common>
          <accessor source="#mixamorig_R_C_skirt2-Matrix-animation-output-transform-array" count="25" stride="16">
            <param type="float4x4"/>
          </accessor>
        </technique_common>
      </source>
      <source id="mixamorig_R_C_skirt2-Interpolations">
        <Name_array id="mixamorig_R_C_skirt2-Interpolations-array" count="25">
 LINEAR LINEAR LINEAR LINEAR LINEAR LINEAR LINEAR LINEAR LINEAR LINEAR LINEAR
LINEAR LINEAR LINEAR LINEAR LINEAR LINEAR LINEAR LINEAR LINEAR LINEAR LINEAR LINEAR
LINEAR LINEAR</Name_array>
        <technique_common>
          <accessor source="#mixamorig_R_C_skirt2-Interpolations-array" count="25">
            <param type="name"/>
          </accessor>
        </technique_common>
      </source>
      <sampler id="mixamorig_R_C_skirt2-Matrix-animation-transform">
        <input semantic="INPUT" source="#mixamorig_R_C_skirt2-Matrix-animation-input"/>
        <input semantic="OUTPUT" source="#mixamorig_R_C_skirt2-Matrix-animation-output-transform"/>
        <input semantic="INTERPOLATION" source="#mixamorig_R_C_skirt2-Interpolations"/>
      </sampler>
      <channel source="#mixamorig_R_C_skirt2-Matrix-animation-transform" target="mixamorig_R_C_skirt2/matrix"/>
    </animation>
    <animation id="mixamorig_R_C_skirt3-anim" name="mixamorig_R_C_skirt3">
      <source id="mixamorig_R_C_skirt3-Matrix-animation-input">
        <float_array id="mixamorig_R_C_skirt3-Matrix-animation-input-array" count="25">

0.000000 0.033333 0.066667 0.100000 0.133333 0.166667 0.200000 0.233333 0.266667 0.300000 0.333333 0.366667 0.400000 0.433333 0.466667 0.500000
0.533333 0.566667 0.600000 0.633333 0.666667 0.700000 0.733333 0.766667 0.800000</float_array>
        <technique_common>
          <accessor source="#mixamorig_R_C_skirt3-Matrix-animation-input-array" count="25">
            <param name="TIME" type="float"/>
          </accessor>
        </technique_common>
      </source>
      <source id="mixamorig_R_C_skirt3-Matrix-animation-output-transform">
        <float_array id="mixamorig_R_C_skirt3-Matrix-animation-output-transform-array" count="400">

1.000000 -0.000000 -0.000000 23.969999 0.000000 1.000000 0.000000 0.000000 -0.000000 -0.000000 1.000000 0.000100 0.000000 0.000000 0.000000 1.000000
1.000000 -0.000000 -0.000000 23.969999 0.000000 1.000000 0.000000 -0.000000 -0.000000 0.000000 1.000000 0.000100 0.000000 0.000000 0.000000 1.000000
1.000000 -0.000000 -0.000000 23.969999 0.000000 1.000000 0.000000 0.000000 0.000000 -0.000000 1.000000 0.000100 0.000000 0.000000 0.000000 1.000000
1.000000 -0.000000 -0.000000 23.969999 0.000000 1.000000 0.000000 0.000000 0.000000 0.000000 1.000000 0.000100 0.000000 0.000000 0.000000 1.000000
1.000000 0.000000 -0.000000 23.969999 0.000000 1.000000 0.000000 0.000000 -0.000000 0.000000 1.000000 0.000100 0.000000 0.000000 0.000000 1.000000
1.000000 0.000000 0.000000 23.969999 -0.000000 1.000000 -0.000000 -0.000000 -0.000000 -0.000000 1.000000 0.000100 0.000000 0.000000 0.000000 1.000000
1.000000 -0.000000 0.000000 23.969999 0.000000 1.000000 0.000000 0.000000 0.000000 -0.000000 1.000000 0.000100 0.000000 0.000000 0.000000 1.000000
1.000000 -0.000000 -0.000000 23.969999 0.000000 1.000000 0.000000 0.000000 0.000000 0.000000 1.000000 0.000100 0.000000 0.000000 0.000000 1.000000
1.000000 0.000000 -0.000000 23.969999 -0.000000 1.000000 0.000000 0.000000 0.000000 -0.000000 1.000000 0.000100 0.000000 0.000000 0.000000 1.000000
1.000000 0.000000 0.000000 23.969999 0.000000 1.000000 0.000000 0.000000 -0.000000 0.000000 1.000000 0.000100 0.000000 0.000000 0.000000 1.000000
1.000000 0.000000 0.000000 23.969999 0.000000 1.000000 0.000000 0.000000 0.000000 -0.000000 1.000000 0.000100 0.000000 0.000000 0.000000 1.000000
1.000000 -0.000000 -0.000000 23.969999 -0.000000 1.000000 0.000000 0.000000 0.000000 0.000000 1.000000 0.000100 0.000000 0.000000 0.000000 1.000000
1.000000 -0.000000 0.000000 23.969999 -0.000000 1.000000 0.000000 0.000000 0.000000 0.000000 1.000000 0.000100 0.000000 0.000000 0.000000 1.000000
1.000000 0.000000 0.000000 23.969999 0.000000 1.000000 0.000000 -0.000000 0.000000 0.000000 1.000000 0.000100 0.000000 0.000000 0.000000 1.000000
1.000000 0.000000 -0.000000 23.969999 -0.000000 1.000000 -0.000000 0.000000 -0.000000 -0.000000 1.000000 0.000100 0.000000 0.000000 0.000000 1.000000
1.000000 -0.000000 -0.000000 23.969999 0.000000 1.000000 0.000000 0.000000 -0.000000 0.000000 1.000000 0.000100 0.000000 0.000000 0.000000 1.000000
1.000000 -0.000000 -0.000000 23.969999 -0.000000 1.000000 -0.000000 0.000000 -0.000000 0.000000 1.000000 0.000100 0.000000 0.000000 0.000000 1.000000
1.000000 0.000000 0.000000 23.969999 -0.000000 1.000000 -0.000000 0.000000 0.000000 0.000000 1.000000 0.000100 0.000000 0.000000 0.000000 1.000000
1.000000 -0.000000 0.000000 23.969999 -0.000000 1.000000 -0.000000 -0.000000 0.000000 -0.000000 1.000000 0.000100 0.000000 0.000000 0.000000 1.000000
1.000000 -0.000000 0.000000 23.969999 -0.000000 1.000000 0.000000 0.000000 -0.000000 0.000000 1.000000 0.000100 0.000000 0.000000 0.000000 1.000000
1.000000 0.000000 0.000000 23.969999 -0.000000 1.000000 -0.000000 0.000000 -0.000000 0.000000 1.000000 0.000100 0.000000 0.000000 0.000000 1.000000
1.000000 -0.000000 0.000000 23.969999 -0.000000 1.000000 0.000000 0.000000 0.000000 0.000000 1.000000 0.000100 0.000000 0.000000 0.000000 1.000000
1.000000 0.000000 -0.000000 23.969999 -0.000000 1.000000 -0.000000 0.000000 -0.000000 0.000000 1.000000 0.000100 0.000000 0.000000 0.000000 1.000000
1.000000 0.000000 0.000000 23.969999 -0.000000 1.000000 0.000000 0.000000 0.000000 0.000000 1.000000 0.000100 0.000000 0.000000 0.000000 1.000000
1.000000 -0.000000 0.000000 23.969999 0.000000 1.000000 -0.000000 0.000000 -0.000000 -0.000000 1.000000 0.000100 0.000000 0.000000 0.000000 1.000000</float_array>
        <technique_common>
          <accessor source="#mixamorig_R_C_skirt3-Matrix-animation-output-transform-array" count="25" stride="16">
            <param type="float4x4"/>
          </accessor>
        </technique_common>
      </source>
      <source id="mixamorig_R_C_skirt3-Interpolations">
        <Name_array id="mixamorig_R_C_skirt3-Interpolations-array" count="25">
 LINEAR LINEAR LINEAR LINEAR LINEAR LINEAR LINEAR LINEAR LINEAR LINEAR LINEAR
LINEAR LINEAR LINEAR LINEAR LINEAR LINEAR LINEAR LINEAR LINEAR LINEAR LINEAR LINEAR
LINEAR LINEAR</Name_array>
        <technique_common>
          <accessor source="#mixamorig_R_C_skirt3-Interpolations-array" count="25">
            <param type="name"/>
          </accessor>
        </technique_common>
      </source>
      <sampler id="mixamorig_R_C_skirt3-Matrix-animation-transform">
        <input semantic="INPUT" source="#mixamorig_R_C_skirt3-Matrix-animation-input"/>
        <input semantic="OUTPUT" source="#mixamorig_R_C_skirt3-Matrix-animation-output-transform"/>
        <input semantic="INTERPOLATION" source="#mixamorig_R_C_skirt3-Interpolations"/>
      </sampler>
      <channel source="#mixamorig_R_C_skirt3-Matrix-animation-transform" target="mixamorig_R_C_skirt3/matrix"/>
    </animation>
    <animation id="mixamorig_R_A_skirt1-anim" name="mixamorig_R_A_skirt1">
      <source id="mixamorig_R_A_skirt1-Matrix-animation-input">
        <float_array id="mixamorig_R_A_skirt1-Matrix-animation-input-array" count="25">

0.000000 0.033333 0.066667 0.100000 0.133333 0.166667 0.200000 0.233333 0.266667 0.300000 0.333333 0.366667 0.400000 0.433333 0.466667 0.500000
0.533333 0.566667 0.600000 0.633333 0.666667 0.700000 0.733333 0.766667 0.800000</float_array>
        <technique_common>
          <accessor source="#mixamorig_R_A_skirt1-Matrix-animation-input-array" count="25">
            <param name="TIME" type="float"/>
          </accessor>
        </technique_common>
      </source>
      <source id="mixamorig_R_A_skirt1-Matrix-animation-output-transform">
        <float_array id="mixamorig_R_A_skirt1-Matrix-animation-output-transform-array" count="400">

-0.142126 -0.623440 -0.768845 -18.034500 -0.988646 0.051130 0.141298 3.980800 -0.048780 0.780197 -0.623629 19.504801 0.000000 0.000000 0.000000 1.000000
-0.142126 -0.623440 -0.768845 -18.034500 -0.988646 0.051130 0.141298 3.980800 -0.048780 0.780197 -0.623629 19.504801 0.000000 0.000000 0.000000 1.000000
-0.142126 -0.623440 -0.768845 -18.034500 -0.988646 0.051130 0.141298 3.980800 -0.048780 0.780197 -0.623629 19.504801 0.000000 0.000000 0.000000 1.000000
-0.142126 -0.623440 -0.768845 -18.034500 -0.988646 0.051130 0.141298 3.980800 -0.048780 0.780197 -0.623629 19.504801 0.000000 0.000000 0.000000 1.000000
-0.142126 -0.623440 -0.768845 -18.034500 -0.988646 0.051130 0.141298 3.980800 -0.048780 0.780197 -0.623629 19.504801 0.000000 0.000000 0.000000 1.000000
-0.142126 -0.623440 -0.768845 -18.034500 -0.988646 0.051130 0.141298 3.980800 -0.048780 0.780197 -0.623629 19.504801 0.000000 0.000000 0.000000 1.000000
-0.142126 -0.623440 -0.768845 -18.034500 -0.988646 0.051130 0.141298 3.980800 -0.048780 0.780197 -0.623629 19.504801 0.000000 0.000000 0.000000 1.000000
-0.142126 -0.623440 -0.768845 -18.034500 -0.988646 0.051130 0.141298 3.980800 -0.048780 0.780197 -0.623629 19.504801 0.000000 0.000000 0.000000 1.000000
-0.142126 -0.623440 -0.768845 -18.034500 -0.988646 0.051130 0.141298 3.980800 -0.048780 0.780197 -0.623629 19.504801 0.000000 0.000000 0.000000 1.000000
-0.142126 -0.623440 -0.768845 -18.034500 -0.988646 0.051130 0.141298 3.980800 -0.048780 0.780197 -0.623629 19.504801 0.000000 0.000000 0.000000 1.000000
-0.142126 -0.623440 -0.768845 -18.034500 -0.988646 0.051130 0.141298 3.980800 -0.048780 0.780197 -0.623629 19.504801 0.000000 0.000000 0.000000 1.000000
-0.142126 -0.623440 -0.768845 -18.034500 -0.988646 0.051130 0.141298 3.980800 -0.048780 0.780197 -0.623629 19.504801 0.000000 0.000000 0.000000 1.000000
-0.142126 -0.623440 -0.768845 -18.034500 -0.988646 0.051130 0.141298 3.980800 -0.048780 0.780197 -0.623629 19.504801 0.000000 0.000000 0.000000 1.000000
-0.142126 -0.623440 -0.768845 -18.034500 -0.988646 0.051130 0.141298 3.980800 -0.048780 0.780197 -0.623629 19.504801 0.000000 0.000000 0.000000 1.000000
-0.142126 -0.623440 -0.768845 -18.034500 -0.988646 0.051130 0.141298 3.980800 -0.048780 0.780197 -0.623629 19.504801 0.000000 0.000000 0.000000 1.000000
-0.142126 -0.623440 -0.768845 -18.034500 -0.988646 0.051130 0.141298 3.980800 -0.048780 0.780197 -0.623629 19.504801 0.000000 0.000000 0.000000 1.000000
-0.142126 -0.623440 -0.768845 -18.034500 -0.988646 0.051130 0.141298 3.980800 -0.048780 0.780197 -0.623629 19.504801 0.000000 0.000000 0.000000 1.000000
-0.142126 -0.623440 -0.768845 -18.034500 -0.988646 0.051130 0.141298 3.980800 -0.048780 0.780197 -0.623629 19.504801 0.000000 0.000000 0.000000 1.000000
-0.142126 -0.623440 -0.768845 -18.034500 -0.988646 0.051130 0.141298 3.980800 -0.048780 0.780197 -0.623629 19.504801 0.000000 0.000000 0.000000 1.000000
-0.142126 -0.623440 -0.768845 -18.034500 -0.988646 0.051130 0.141298 3.980800 -0.048780 0.780197 -0.623629 19.504801 0.000000 0.000000 0.000000 1.000000
-0.142126 -0.623440 -0.768845 -18.034500 -0.988646 0.051130 0.141298 3.980800 -0.048780 0.780197 -0.623629 19.504801 0.000000 0.000000 0.000000 1.000000
-0.142126 -0.623440 -0.768845 -18.034500 -0.988646 0.051130 0.141298 3.980800 -0.048780 0.780197 -0.623629 19.504801 0.000000 0.000000 0.000000 1.000000
-0.142126 -0.623440 -0.768845 -18.034500 -0.988646 0.051130 0.141298 3.980800 -0.048780 0.780197 -0.623629 19.504801 0.000000 0.000000 0.000000 1.000000
-0.142126 -0.623440 -0.768845 -18.034500 -0.988646 0.051130 0.141298 3.980800 -0.048780 0.780197 -0.623629 19.504801 0.000000 0.000000 0.000000 1.000000
-0.142126 -0.623440 -0.768845 -18.034500 -0.988646 0.051130 0.141298 3.980800 -0.048780 0.780197 -0.623629 19.504801 0.000000 0.000000 0.000000 1.000000</float_array>
        <technique_common>
          <accessor source="#mixamorig_R_A_skirt1-Matrix-animation-output-transform-array" count="25" stride="16">
            <param type="float4x4"/>
          </accessor>
        </technique_common>
      </source>
      <source id="mixamorig_R_A_skirt1-Interpolations">
        <Name_array id="mixamorig_R_A_skirt1-Interpolations-array" count="25">
 LINEAR LINEAR LINEAR LINEAR LINEAR LINEAR LINEAR LINEAR LINEAR LINEAR LINEAR
LINEAR LINEAR LINEAR LINEAR LINEAR LINEAR LINEAR LINEAR LINEAR LINEAR LINEAR LINEAR
LINEAR LINEAR</Name_array>
        <technique_common>
          <accessor source="#mixamorig_R_A_skirt1-Interpolations-array" count="25">
            <param type="name"/>
          </accessor>
        </technique_common>
      </source>
      <sampler id="mixamorig_R_A_skirt1-Matrix-animation-transform">
        <input semantic="INPUT" source="#mixamorig_R_A_skirt1-Matrix-animation-input"/>
        <input semantic="OUTPUT" source="#mixamorig_R_A_skirt1-Matrix-animation-output-transform"/>
        <input semantic="INTERPOLATION" source="#mixamorig_R_A_skirt1-Interpolations"/>
      </sampler>
      <channel source="#mixamorig_R_A_skirt1-Matrix-animation-transform" target="mixamorig_R_A_skirt1/matrix"/>
    </animation>
    <animation id="mixamorig_R_A_skirt2-anim" name="mixamorig_R_A_skirt2">
      <source id="mixamorig_R_A_skirt2-Matrix-animation-input">
        <float_array id="mixamorig_R_A_skirt2-Matrix-animation-input-array" count="25">

0.000000 0.033333 0.066667 0.100000 0.133333 0.166667 0.200000 0.233333 0.266667 0.300000 0.333333 0.366667 0.400000 0.433333 0.466667 0.500000
0.533333 0.566667 0.600000 0.633333 0.666667 0.700000 0.733333 0.766667 0.800000</float_array>
        <technique_common>
          <accessor source="#mixamorig_R_A_skirt2-Matrix-animation-input-array" count="25">
            <param name="TIME" type="float"/>
          </accessor>
        </technique_common>
      </source>
      <source id="mixamorig_R_A_skirt2-Matrix-animation-output-transform">
        <float_array id="mixamorig_R_A_skirt2-Matrix-animation-output-transform-array" count="400">

1.000000 -0.000000 -0.000000 27.335400 0.000000 1.000000 -0.000000 -0.000100 0.000000 -0.000000 1.000000 0.000100 0.000000 0.000000 0.000000 1.000000
1.000000 0.000000 -0.000000 27.335400 0.000000 1.000000 0.000000 -0.000100 -0.000000 0.000000 1.000000 0.000100 0.000000 0.000000 0.000000 1.000000
1.000000 -0.000000 -0.000000 27.335400 0.000000 1.000000 0.000000 -0.000100 -0.000000 0.000000 1.000000 0.000100 0.000000 0.000000 0.000000 1.000000
1.000000 0.000000 -0.000000 27.335400 0.000000 1.000000 0.000000 -0.000100 -0.000000 0.000000 1.000000 0.000100 0.000000 0.000000 0.000000 1.000000
1.000000 -0.000000 0.000000 27.335400 -0.000000 1.000000 -0.000000 -0.000100 0.000000 -0.000000 1.000000 0.000100 0.000000 0.000000 0.000000 1.000000
1.000000 -0.000000 -0.000000 27.335400 0.000000 1.000000 0.000000 -0.000100 -0.000000 -0.000000 1.000000 0.000100 0.000000 0.000000 0.000000 1.000000
1.000000 -0.000000 -0.000000 27.335400 -0.000000 1.000000 0.000000 -0.000100 -0.000000 0.000000 1.000000 0.000100 0.000000 0.000000 0.000000 1.000000
1.000000 -0.000000 0.000000 27.335400 0.000000 1.000000 0.000000 -0.000100 -0.000000 -0.000000 1.000000 0.000100 0.000000 0.000000 0.000000 1.000000
1.000000 -0.000000 0.000000 27.335400 0.000000 1.000000 -0.000000 -0.000100 0.000000 0.000000 1.000000 0.000100 0.000000 0.000000 0.000000 1.000000
1.000000 0.000000 -0.000000 27.335400 -0.000000 1.000000 -0.000000 -0.000100 -0.000000 0.000000 1.000000 0.000100 0.000000 0.000000 0.000000 1.000000
1.000000 0.000000 0.000000 27.335400 0.000000 1.000000 -0.000000 -0.000100 0.000000 0.000000 1.000000 0.000100 0.000000 0.000000 0.000000 1.000000
1.000000 0.000000 -0.000000 27.335400 0.000000 1.000000 0.000000 -0.000100 -0.000000 0.000000 1.000000 0.000100 0.000000 0.000000 0.000000 1.000000
1.000000 -0.000000 0.000000 27.335400 -0.000000 1.000000 -0.000000 -0.000100 0.000000 -0.000000 1.000000 0.000100 0.000000 0.000000 0.000000 1.000000
1.000000 -0.000000 0.000000 27.335400 0.000000 1.000000 0.000000 -0.000100 -0.000000 0.000000 1.000000 0.000100 0.000000 0.000000 0.000000 1.000000
1.000000 0.000000 0.000000 27.335400 -0.000000 1.000000 -0.000000 -0.000100 0.000000 0.000000 1.000000 0.000100 0.000000 0.000000 0.000000 1.000000
1.000000 -0.000000 0.000000 27.335400 -0.000000 1.000000 0.000000 -0.000100 0.000000 -0.000000 1.000000 0.000100 0.000000 0.000000 0.000000 1.000000
1.000000 -0.000000 -0.000000 27.335400 -0.000000 1.000000 -0.000000 -0.000100 -0.000000 0.000000 1.000000 0.000100 0.000000 0.000000 0.000000 1.000000
1.000000 -0.000000 -0.000000 27.335400 0.000000 1.000000 0.000000 -0.000100 -0.000000 -0.000000 1.000000 0.000100 0.000000 0.000000 0.000000 1.000000
1.000000 0.000000 -0.000000 27.335400 0.000000 1.000000 -0.000000 -0.000100 -0.000000 0.000000 1.000000 0.000100 0.000000 0.000000 0.000000 1.000000
1.000000 0.000000 0.000000 27.335400 0.000000 1.000000 -0.000000 -0.000100 -0.000000 0.000000 1.000000 0.000100 0.000000 0.000000 0.000000 1.000000
1.000000 0.000000 -0.000000 27.335400 0.000000 1.000000 0.000000 -0.000100 -0.000000 -0.000000 1.000000 0.000100 0.000000 0.000000 0.000000 1.000000
1.000000 -0.000000 0.000000 27.335400 -0.000000 1.000000 -0.000000 -0.000100 0.000000 0.000000 1.000000 0.000100 0.000000 0.000000 0.000000 1.000000
1.000000 0.000000 -0.000000 27.335400 0.000000 1.000000 -0.000000 -0.000100 -0.000000 -0.000000 1.000000 0.000100 0.000000 0.000000 0.000000 1.000000
1.000000 0.000000 -0.000000 27.335400 -0.000000 1.000000 0.000000 -0.000100 -0.000000 0.000000 1.000000 0.000100 0.000000 0.000000 0.000000 1.000000
1.000000 -0.000000 0.000000 27.335400 0.000000 1.000000 -0.000000 -0.000100 -0.000000 0.000000 1.000000 0.000100 0.000000 0.000000 0.000000 1.000000</float_array>
        <technique_common>
          <accessor source="#mixamorig_R_A_skirt2-Matrix-animation-output-transform-array" count="25" stride="16">
            <param type="float4x4"/>
          </accessor>
        </technique_common>
      </source>
      <source id="mixamorig_R_A_skirt2-Interpolations">
        <Name_array id="mixamorig_R_A_skirt2-Interpolations-array" count="25">
 LINEAR LINEAR LINEAR LINEAR LINEAR LINEAR LINEAR LINEAR LINEAR LINEAR LINEAR
LINEAR LINEAR LINEAR LINEAR LINEAR LINEAR LINEAR LINEAR LINEAR LINEAR LINEAR LINEAR
LINEAR LINEAR</Name_array>
        <technique_common>
          <accessor source="#mixamorig_R_A_skirt2-Interpolations-array" count="25">
            <param type="name"/>
          </accessor>
        </technique_common>
      </source>
      <sampler id="mixamorig_R_A_skirt2-Matrix-animation-transform">
        <input semantic="INPUT" source="#mixamorig_R_A_skirt2-Matrix-animation-input"/>
        <input semantic="OUTPUT" source="#mixamorig_R_A_skirt2-Matrix-animation-output-transform"/>
        <input semantic="INTERPOLATION" source="#mixamorig_R_A_skirt2-Interpolations"/>
      </sampler>
      <channel source="#mixamorig_R_A_skirt2-Matrix-animation-transform" target="mixamorig_R_A_skirt2/matrix"/>
    </animation>
    <animation id="mixamorig_R_A_skirt3-anim" name="mixamorig_R_A_skirt3">
      <source id="mixamorig_R_A_skirt3-Matrix-animation-input">
        <float_array id="mixamorig_R_A_skirt3-Matrix-animation-input-array" count="25">

0.000000 0.033333 0.066667 0.100000 0.133333 0.166667 0.200000 0.233333 0.266667 0.300000 0.333333 0.366667 0.400000 0.433333 0.466667 0.500000
0.533333 0.566667 0.600000 0.633333 0.666667 0.700000 0.733333 0.766667 0.800000</float_array>
        <technique_common>
          <accessor source="#mixamorig_R_A_skirt3-Matrix-animation-input-array" count="25">
            <param name="TIME" type="float"/>
          </accessor>
        </technique_common>
      </source>
      <source id="mixamorig_R_A_skirt3-Matrix-animation-output-transform">
        <float_array id="mixamorig_R_A_skirt3-Matrix-animation-output-transform-array" count="400">

1.000000 0.000000 0.000000 27.066099 -0.000000 1.000000 -0.000000 0.000100 -0.000000 -0.000000 1.000000 -0.000000 0.000000 0.000000 0.000000 1.000000
1.000000 0.000000 0.000000 27.066099 -0.000000 1.000000 0.000000 0.000100 -0.000000 0.000000 1.000000 0.000000 0.000000 0.000000 0.000000 1.000000
1.000000 0.000000 -0.000000 27.066099 0.000000 1.000000 -0.000000 0.000100 0.000000 0.000000 1.000000 0.000000 0.000000 0.000000 0.000000 1.000000
1.000000 0.000000 0.000000 27.066099 0.000000 1.000000 0.000000 0.000100 -0.000000 0.000000 1.000000 0.000000 0.000000 0.000000 0.000000 1.000000
1.000000 0.000000 0.000000 27.066099 -0.000000 1.000000 0.000000 0.000100 0.000000 -0.000000 1.000000 0.000000 0.000000 0.000000 0.000000 1.000000
1.000000 -0.000000 -0.000000 27.066099 0.000000 1.000000 0.000000 0.000100 -0.000000 -0.000000 1.000000 -0.000000 0.000000 0.000000 0.000000 1.000000
1.000000 0.000000 -0.000000 27.066099 -0.000000 1.000000 0.000000 0.000100 0.000000 -0.000000 1.000000 0.000000 0.000000 0.000000 0.000000 1.000000
1.000000 0.000000 -0.000000 27.066099 0.000000 1.000000 0.000000 0.000100 0.000000 -0.000000 1.000000 0.000000 0.000000 0.000000 0.000000 1.000000
1.000000 -0.000000 -0.000000 27.066099 -0.000000 1.000000 0.000000 0.000100 -0.000000 -0.000000 1.000000 0.000000 0.000000 0.000000 0.000000 1.000000
1.000000 0.000000 0.000000 27.066099 -0.000000 1.000000 -0.000000 0.000100 0.000000 0.000000 1.000000 0.000000 0.000000 0.000000 0.000000 1.000000
1.000000 0.000000 -0.000000 27.066099 0.000000 1.000000 0.000000 0.000100 0.000000 -0.000000 1.000000 0.000000 0.000000 0.000000 0.000000 1.000000
1.000000 -0.000000 -0.000000 27.066099 -0.000000 1.000000 0.000000 0.000100 0.000000 0.000000 1.000000 0.000000 0.000000 0.000000 0.000000 1.000000
1.000000 -0.000000 0.000000 27.066099 0.000000 1.000000 -0.000000 0.000100 0.000000 0.000000 1.000000 0.000000 0.000000 0.000000 0.000000 1.000000
1.000000 -0.000000 0.000000 27.066099 -0.000000 1.000000 0.000000 0.000100 0.000000 0.000000 1.000000 0.000000 0.000000 0.000000 0.000000 1.000000
1.000000 0.000000 -0.000000 27.066099 -0.000000 1.000000 0.000000 0.000100 0.000000 -0.000000 1.000000 0.000000 0.000000 0.000000 0.000000 1.000000
1.000000 -0.000000 -0.000000 27.066099 -0.000000 1.000000 -0.000000 0.000100 0.000000 -0.000000 1.000000 0.000000 0.000000 0.000000 0.000000 1.000000
1.000000 0.000000 -0.000000 27.066099 -0.000000 1.000000 -0.000000 0.000100 -0.000000 -0.000000 1.000000 0.000000 0.000000 0.000000 0.000000 1.000000
1.000000 0.000000 0.000000 27.066099 -0.000000 1.000000 0.000000 0.000100 -0.000000 -0.000000 1.000000 0.000000 0.000000 0.000000 0.000000 1.000000
1.000000 0.000000 0.000000 27.066099 0.000000 1.000000 0.000000 0.000100 -0.000000 0.000000 1.000000 0.000000 0.000000 0.000000 0.000000 1.000000
1.000000 0.000000 0.000000 27.066099 -0.000000 1.000000 0.000000 0.000100 0.000000 -0.000000 1.000000 0.000000 0.000000 0.000000 0.000000 1.000000
1.000000 0.000000 -0.000000 27.066099 -0.000000 1.000000 0.000000 0.000100 -0.000000 -0.000000 1.000000 -0.000000 0.000000 0.000000 0.000000 1.000000
1.000000 -0.000000 -0.000000 27.066099 0.000000 1.000000 0.000000 0.000100 0.000000 0.000000 1.000000 -0.000000 0.000000 0.000000 0.000000 1.000000
1.000000 -0.000000 0.000000 27.066099 0.000000 1.000000 0.000000 0.000100 -0.000000 0.000000 1.000000 -0.000000 0.000000 0.000000 0.000000 1.000000
1.000000 -0.000000 0.000000 27.066099 0.000000 1.000000 0.000000 0.000100 0.000000 0.000000 1.000000 0.000000 0.000000 0.000000 0.000000 1.000000
1.000000 -0.000000 -0.000000 27.066099 0.000000 1.000000 0.000000 0.000100 0.000000 0.000000 1.000000 0.000000 0.000000 0.000000 0.000000 1.000000</float_array>
        <technique_common>
          <accessor source="#mixamorig_R_A_skirt3-Matrix-animation-output-transform-array" count="25" stride="16">
            <param type="float4x4"/>
          </accessor>
        </technique_common>
      </source>
      <source id="mixamorig_R_A_skirt3-Interpolations">
        <Name_array id="mixamorig_R_A_skirt3-Interpolations-array" count="25">
 LINEAR LINEAR LINEAR LINEAR LINEAR LINEAR LINEAR LINEAR LINEAR LINEAR LINEAR
LINEAR LINEAR LINEAR LINEAR LINEAR LINEAR LINEAR LINEAR LINEAR LINEAR LINEAR LINEAR
LINEAR LINEAR</Name_array>
        <technique_common>
          <accessor source="#mixamorig_R_A_skirt3-Interpolations-array" count="25">
            <param type="name"/>
          </accessor>
        </technique_common>
      </source>
      <sampler id="mixamorig_R_A_skirt3-Matrix-animation-transform">
        <input semantic="INPUT" source="#mixamorig_R_A_skirt3-Matrix-animation-input"/>
        <input semantic="OUTPUT" source="#mixamorig_R_A_skirt3-Matrix-animation-output-transform"/>
        <input semantic="INTERPOLATION" source="#mixamorig_R_A_skirt3-Interpolations"/>
      </sampler>
      <channel source="#mixamorig_R_A_skirt3-Matrix-animation-transform" target="mixamorig_R_A_skirt3/matrix"/>
    </animation>
    <animation id="mixamorig_R_B_skirt1-anim" name="mixamorig_R_B_skirt1">
      <source id="mixamorig_R_B_skirt1-Matrix-animation-input">
        <float_array id="mixamorig_R_B_skirt1-Matrix-animation-input-array" count="25">

0.000000 0.033333 0.066667 0.100000 0.133333 0.166667 0.200000 0.233333 0.266667 0.300000 0.333333 0.366667 0.400000 0.433333 0.466667 0.500000
0.533333 0.566667 0.600000 0.633333 0.666667 0.700000 0.733333 0.766667 0.800000</float_array>
        <technique_common>
          <accessor source="#mixamorig_R_B_skirt1-Matrix-animation-input-array" count="25">
            <param name="TIME" type="float"/>
          </accessor>
        </technique_common>
      </source>
      <source id="mixamorig_R_B_skirt1-Matrix-animation-output-transform">
        <float_array id="mixamorig_R_B_skirt1-Matrix-animation-output-transform-array" count="400">

-0.142189 -0.942168 0.303482 -22.789900 -0.985105 0.164647 0.049604 6.145800 -0.096702 -0.291908 -0.951545 0.309300 0.000000 0.000000 0.000000 1.000000
-0.142189 -0.942168 0.303482 -22.789900 -0.985105 0.164647 0.049604 6.145800 -0.096702 -0.291908 -0.951545 0.309300 0.000000 0.000000 0.000000 1.000000
-0.142189 -0.942168 0.303482 -22.789900 -0.985105 0.164647 0.049604 6.145800 -0.096702 -0.291908 -0.951545 0.309300 0.000000 0.000000 0.000000 1.000000
-0.142189 -0.942168 0.303482 -22.789900 -0.985105 0.164647 0.049604 6.145800 -0.096702 -0.291908 -0.951545 0.309300 0.000000 0.000000 0.000000 1.000000
-0.142189 -0.942168 0.303482 -22.789900 -0.985105 0.164647 0.049604 6.145800 -0.096702 -0.291908 -0.951545 0.309300 0.000000 0.000000 0.000000 1.000000
-0.142189 -0.942168 0.303482 -22.789900 -0.985105 0.164647 0.049604 6.145800 -0.096702 -0.291908 -0.951545 0.309300 0.000000 0.000000 0.000000 1.000000
-0.142189 -0.942168 0.303482 -22.789900 -0.985105 0.164647 0.049604 6.145800 -0.096702 -0.291908 -0.951545 0.309300 0.000000 0.000000 0.000000 1.000000
-0.142189 -0.942168 0.303482 -22.789900 -0.985105 0.164647 0.049604 6.145800 -0.096702 -0.291908 -0.951545 0.309300 0.000000 0.000000 0.000000 1.000000
-0.142189 -0.942168 0.303482 -22.789900 -0.985105 0.164647 0.049604 6.145800 -0.096702 -0.291908 -0.951545 0.309300 0.000000 0.000000 0.000000 1.000000
-0.142189 -0.942168 0.303482 -22.789900 -0.985105 0.164647 0.049604 6.145800 -0.096702 -0.291908 -0.951545 0.309300 0.000000 0.000000 0.000000 1.000000
-0.142189 -0.942168 0.303482 -22.789900 -0.985105 0.164647 0.049604 6.145800 -0.096702 -0.291908 -0.951545 0.309300 0.000000 0.000000 0.000000 1.000000
-0.142189 -0.942168 0.303482 -22.789900 -0.985105 0.164647 0.049604 6.145800 -0.096702 -0.291908 -0.951545 0.309300 0.000000 0.000000 0.000000 1.000000
-0.142189 -0.942168 0.303482 -22.789900 -0.985105 0.164647 0.049604 6.145800 -0.096702 -0.291908 -0.951545 0.309300 0.000000 0.000000 0.000000 1.000000
-0.142189 -0.942168 0.303482 -22.789900 -0.985105 0.164647 0.049604 6.145800 -0.096702 -0.291908 -0.951545 0.309300 0.000000 0.000000 0.000000 1.000000
-0.142189 -0.942168 0.303482 -22.789900 -0.985105 0.164647 0.049604 6.145800 -0.096702 -0.291908 -0.951545 0.309300 0.000000 0.000000 0.000000 1.000000
-0.142189 -0.942168 0.303482 -22.789900 -0.985105 0.164647 0.049604 6.145800 -0.096702 -0.291908 -0.951545 0.309300 0.000000 0.000000 0.000000 1.000000
-0.142189 -0.942168 0.303482 -22.789900 -0.985105 0.164647 0.049604 6.145800 -0.096702 -0.291908 -0.951545 0.309300 0.000000 0.000000 0.000000 1.000000
-0.142189 -0.942168 0.303482 -22.789900 -0.985105 0.164647 0.049604 6.145800 -0.096702 -0.291908 -0.951545 0.309300 0.000000 0.000000 0.000000 1.000000
-0.142189 -0.942168 0.303482 -22.789900 -0.985105 0.164647 0.049604 6.145800 -0.096702 -0.291908 -0.951545 0.309300 0.000000 0.000000 0.000000 1.000000
-0.142189 -0.942168 0.303482 -22.789900 -0.985105 0.164647 0.049604 6.145800 -0.096702 -0.291908 -0.951545 0.309300 0.000000 0.000000 0.000000 1.000000
-0.142189 -0.942168 0.303482 -22.789900 -0.985105 0.164647 0.049604 6.145800 -0.096702 -0.291908 -0.951545 0.309300 0.000000 0.000000 0.000000 1.000000
-0.142189 -0.942168 0.303482 -22.789900 -0.985105 0.164647 0.049604 6.145800 -0.096702 -0.291908 -0.951545 0.309300 0.000000 0.000000 0.000000 1.000000
-0.142189 -0.942168 0.303482 -22.789900 -0.985105 0.164647 0.049604 6.145800 -0.096702 -0.291908 -0.951545 0.309300 0.000000 0.000000 0.000000 1.000000
-0.142189 -0.942168 0.303482 -22.789900 -0.985105 0.164647 0.049604 6.145800 -0.096702 -0.291908 -0.951545 0.309300 0.000000 0.000000 0.000000 1.000000
-0.142189 -0.942168 0.303482 -22.789900 -0.985105 0.164647 0.049604 6.145800 -0.096702 -0.291908 -0.951545 0.309300 0.000000 0.000000 0.000000 1.000000</float_array>
        <technique_common>
          <accessor source="#mixamorig_R_B_skirt1-Matrix-animation-output-transform-array" count="25" stride="16">
            <param type="float4x4"/>
          </accessor>
        </technique_common>
      </source>
      <source id="mixamorig_R_B_skirt1-Interpolations">
        <Name_array id="mixamorig_R_B_skirt1-Interpolations-array" count="25">
 LINEAR LINEAR LINEAR LINEAR LINEAR LINEAR LINEAR LINEAR LINEAR LINEAR LINEAR
LINEAR LINEAR LINEAR LINEAR LINEAR LINEAR LINEAR LINEAR LINEAR LINEAR LINEAR LINEAR
LINEAR LINEAR</Name_array>
        <technique_common>
          <accessor source="#mixamorig_R_B_skirt1-Interpolations-array" count="25">
            <param type="name"/>
          </accessor>
        </technique_common>
      </source>
      <sampler id="mixamorig_R_B_skirt1-Matrix-animation-transform">
        <input semantic="INPUT" source="#mixamorig_R_B_skirt1-Matrix-animation-input"/>
        <input semantic="OUTPUT" source="#mixamorig_R_B_skirt1-Matrix-animation-output-transform"/>
        <input semantic="INTERPOLATION" source="#mixamorig_R_B_skirt1-Interpolations"/>
      </sampler>
      <channel source="#mixamorig_R_B_skirt1-Matrix-animation-transform" target="mixamorig_R_B_skirt1/matrix"/>
    </animation>
    <animation id="mixamorig_R_B_skirt2-anim" name="mixamorig_R_B_skirt2">
      <source id="mixamorig_R_B_skirt2-Matrix-animation-input">
        <float_array id="mixamorig_R_B_skirt2-Matrix-animation-input-array" count="25">

0.000000 0.033333 0.066667 0.100000 0.133333 0.166667 0.200000 0.233333 0.266667 0.300000 0.333333 0.366667 0.400000 0.433333 0.466667 0.500000
0.533333 0.566667 0.600000 0.633333 0.666667 0.700000 0.733333 0.766667 0.800000</float_array>
        <technique_common>
          <accessor source="#mixamorig_R_B_skirt2-Matrix-animation-input-array" count="25">
            <param name="TIME" type="float"/>
          </accessor>
        </technique_common>
      </source>
      <source id="mixamorig_R_B_skirt2-Matrix-animation-output-transform">
        <float_array id="mixamorig_R_B_skirt2-Matrix-animation-output-transform-array" count="400">

1.000000 0.000000 0.000000 27.083401 0.000000 1.000000 0.000000 0.000000 0.000000 -0.000000 1.000000 -0.000000 0.000000 0.000000 0.000000 1.000000
1.000000 0.000000 -0.000000 27.083401 -0.000000 1.000000 0.000000 0.000000 0.000000 0.000000 1.000000 0.000000 0.000000 0.000000 0.000000 1.000000
1.000000 0.000000 -0.000000 27.083401 0.000000 1.000000 0.000000 0.000000 0.000000 0.000000 1.000000 0.000000 0.000000 0.000000 0.000000 1.000000
1.000000 -0.000000 0.000000 27.083401 0.000000 1.000000 0.000000 0.000000 -0.000000 0.000000 1.000000 0.000000 0.000000 0.000000 0.000000 1.000000
1.000000 -0.000000 -0.000000 27.083401 0.000000 1.000000 0.000000 0.000000 -0.000000 -0.000000 1.000000 0.000000 0.000000 0.000000 0.000000 1.000000
1.000000 -0.000000 -0.000000 27.083401 -0.000000 1.000000 0.000000 -0.000000 -0.000000 0.000000 1.000000 0.000000 0.000000 0.000000 0.000000 1.000000
1.000000 -0.000000 -0.000000 27.083401 -0.000000 1.000000 0.000000 0.000000 -0.000000 0.000000 1.000000 0.000000 0.000000 0.000000 0.000000 1.000000
1.000000 -0.000000 -0.000000 27.083401 -0.000000 1.000000 -0.000000 0.000000 0.000000 0.000000 1.000000 -0.000000 0.000000 0.000000 0.000000 1.000000
1.000000 0.000000 -0.000000 27.083401 -0.000000 1.000000 0.000000 0.000000 0.000000 -0.000000 1.000000 0.000000 0.000000 0.000000 0.000000 1.000000
1.000000 0.000000 -0.000000 27.083401 -0.000000 1.000000 0.000000 -0.000000 0.000000 0.000000 1.000000 0.000000 0.000000 0.000000 0.000000 1.000000
1.000000 -0.000000 -0.000000 27.083401 0.000000 1.000000 0.000000 -0.000000 0.000000 0.000000 1.000000 0.000000 0.000000 0.000000 0.000000 1.000000
1.000000 0.000000 -0.000000 27.083401 0.000000 1.000000 0.000000 0.000000 -0.000000 -0.000000 1.000000 0.000000 0.000000 0.000000 0.000000 1.000000
1.000000 -0.000000 -0.000000 27.083401 -0.000000 1.000000 0.000000 0.000000 0.000000 -0.000000 1.000000 0.000000 0.000000 0.000000 0.000000 1.000000
1.000000 -0.000000 0.000000 27.083401 -0.000000 1.000000 0.000000 0.000000 -0.000000 0.000000 1.000000 0.000000 0.000000 0.000000 0.000000 1.000000
1.000000 0.000000 -0.000000 27.083401 -0.000000 1.000000 -0.000000 0.000000 -0.000000 0.000000 1.000000 0.000000 0.000000 0.000000 0.000000 1.000000
1.000000 -0.000000 0.000000 27.083401 0.000000 1.000000 0.000000 0.000000 -0.000000 -0.000000 1.000000 0.000000 0.000000 0.000000 0.000000 1.000000
1.000000 -0.000000 -0.000000 27.083401 0.000000 1.000000 0.000000 0.000000 -0.000000 -0.000000 1.000000 0.000000 0.000000 0.000000 0.000000 1.000000
1.000000 0.000000 0.000000 27.083401 0.000000 1.000000 -0.000000 -0.000000 -0.000000 0.000000 1.000000 0.000000 0.000000 0.000000 0.000000 1.000000
1.000000 -0.000000 -0.000000 27.083401 -0.000000 1.000000 0.000000 -0.000000 0.000000 -0.000000 1.000000 0.000000 0.000000 0.000000 0.000000 1.000000
1.000000 -0.000000 -0.000000 27.083401 0.000000 1.000000 -0.000000 0.000000 -0.000000 -0.000000 1.000000 0.000000 0.000000 0.000000 0.000000 1.000000
1.000000 0.000000 0.000000 27.083401 -0.000000 1.000000 0.000000 0.000000 -0.000000 0.000000 1.000000 -0.000000 0.000000 0.000000 0.000000 1.000000
1.000000 0.000000 0.000000 27.083401 0.000000 1.000000 -0.000000 0.000000 -0.000000 0.000000 1.000000 0.000000 0.000000 0.000000 0.000000 1.000000
1.000000 -0.000000 -0.000000 27.083401 0.000000 1.000000 -0.000000 0.000000 -0.000000 -0.000000 1.000000 -0.000000 0.000000 0.000000 0.000000 1.000000
1.000000 -0.000000 -0.000000 27.083401 -0.000000 1.000000 -0.000000 0.000000 0.000000 0.000000 1.000000 0.000000 0.000000 0.000000 0.000000 1.000000
1.000000 0.000000 -0.000000 27.083401 -0.000000 1.000000 -0.000000 0.000000 0.000000 0.000000 1.000000 0.000000 0.000000 0.000000 0.000000 1.000000</float_array>
        <technique_common>
          <accessor source="#mixamorig_R_B_skirt2-Matrix-animation-output-transform-array" count="25" stride="16">
            <param type="float4x4"/>
          </accessor>
        </technique_common>
      </source>
      <source id="mixamorig_R_B_skirt2-Interpolations">
        <Name_array id="mixamorig_R_B_skirt2-Interpolations-array" count="25">
 LINEAR LINEAR LINEAR LINEAR LINEAR LINEAR LINEAR LINEAR LINEAR LINEAR LINEAR
LINEAR LINEAR LINEAR LINEAR LINEAR LINEAR LINEAR LINEAR LINEAR LINEAR LINEAR LINEAR
LINEAR LINEAR</Name_array>
        <technique_common>
          <accessor source="#mixamorig_R_B_skirt2-Interpolations-array" count="25">
            <param type="name"/>
          </accessor>
        </technique_common>
      </source>
      <sampler id="mixamorig_R_B_skirt2-Matrix-animation-transform">
        <input semantic="INPUT" source="#mixamorig_R_B_skirt2-Matrix-animation-input"/>
        <input semantic="OUTPUT" source="#mixamorig_R_B_skirt2-Matrix-animation-output-transform"/>
        <input semantic="INTERPOLATION" source="#mixamorig_R_B_skirt2-Interpolations"/>
      </sampler>
      <channel source="#mixamorig_R_B_skirt2-Matrix-animation-transform" target="mixamorig_R_B_skirt2/matrix"/>
    </animation>
    <animation id="mixamorig_R_B_skirt3-anim" name="mixamorig_R_B_skirt3">
      <source id="mixamorig_R_B_skirt3-Matrix-animation-input">
        <float_array id="mixamorig_R_B_skirt3-Matrix-animation-input-array" count="25">

0.000000 0.033333 0.066667 0.100000 0.133333 0.166667 0.200000 0.233333 0.266667 0.300000 0.333333 0.366667 0.400000 0.433333 0.466667 0.500000
0.533333 0.566667 0.600000 0.633333 0.666667 0.700000 0.733333 0.766667 0.800000</float_array>
        <technique_common>
          <accessor source="#mixamorig_R_B_skirt3-Matrix-animation-input-array" count="25">
            <param name="TIME" type="float"/>
          </accessor>
        </technique_common>
      </source>
      <source id="mixamorig_R_B_skirt3-Matrix-animation-output-transform">
        <float_array id="mixamorig_R_B_skirt3-Matrix-animation-output-transform-array" count="400">

1.000000 0.000000 0.000000 26.734699 0.000000 1.000000 -0.000000 0.000000 -0.000000 0.000000 1.000000 -0.000000 0.000000 0.000000 0.000000 1.000000
1.000000 0.000000 0.000000 26.734699 -0.000000 1.000000 0.000000 0.000000 -0.000000 0.000000 1.000000 -0.000000 0.000000 0.000000 0.000000 1.000000
1.000000 0.000000 0.000000 26.734699 -0.000000 1.000000 0.000000 0.000000 0.000000 0.000000 1.000000 0.000000 0.000000 0.000000 0.000000 1.000000
1.000000 -0.000000 -0.000000 26.734699 0.000000 1.000000 0.000000 0.000000 -0.000000 0.000000 1.000000 0.000000 0.000000 0.000000 0.000000 1.000000
1.000000 -0.000000 -0.000000 26.734699 0.000000 1.000000 0.000000 0.000000 -0.000000 -0.000000 1.000000 -0.000000 0.000000 0.000000 0.000000 1.000000
1.000000 0.000000 0.000000 26.734699 -0.000000 1.000000 0.000000 0.000000 -0.000000 0.000000 1.000000 0.000000 0.000000 0.000000 0.000000 1.000000
1.000000 0.000000 -0.000000 26.734699 0.000000 1.000000 -0.000000 0.000000 -0.000000 0.000000 1.000000 0.000000 0.000000 0.000000 0.000000 1.000000
1.000000 -0.000000 -0.000000 26.734699 -0.000000 1.000000 -0.000000 0.000000 0.000000 0.000000 1.000000 0.000000 0.000000 0.000000 0.000000 1.000000
1.000000 -0.000000 -0.000000 26.734699 -0.000000 1.000000 0.000000 0.000000 0.000000 -0.000000 1.000000 0.000000 0.000000 0.000000 0.000000 1.000000
1.000000 -0.000000 -0.000000 26.734699 0.000000 1.000000 0.000000 0.000000 0.000000 0.000000 1.000000 -0.000000 0.000000 0.000000 0.000000 1.000000
1.000000 0.000000 -0.000000 26.734699 -0.000000 1.000000 0.000000 0.000000 -0.000000 0.000000 1.000000 0.000000 0.000000 0.000000 0.000000 1.000000
1.000000 -0.000000 -0.000000 26.734699 -0.000000 1.000000 -0.000000 0.000000 -0.000000 0.000000 1.000000 0.000000 0.000000 0.000000 0.000000 1.000000
1.000000 -0.000000 -0.000000 26.734699 0.000000 1.000000 0.000000 0.000000 -0.000000 -0.000000 1.000000 0.000000 0.000000 0.000000 0.000000 1.000000
1.000000 -0.000000 -0.000000 26.734699 -0.000000 1.000000 -0.000000 0.000000 -0.000000 0.000000 1.000000 -0.000000 0.000000 0.000000 0.000000 1.000000
1.000000 0.000000 0.000000 26.734699 0.000000 1.000000 -0.000000 -0.000000 -0.000000 -0.000000 1.000000 0.000000 0.000000 0.000000 0.000000 1.000000
1.000000 0.000000 0.000000 26.734699 0.000000 1.000000 0.000000 0.000000 -0.000000 0.000000 1.000000 0.000000 0.000000 0.000000 0.000000 1.000000
1.000000 -0.000000 -0.000000 26.734699 0.000000 1.000000 0.000000 0.000000 0.000000 -0.000000 1.000000 -0.000000 0.000000 0.000000 0.000000 1.000000
1.000000 -0.000000 0.000000 26.734699 0.000000 1.000000 0.000000 0.000000 0.000000 0.000000 1.000000 0.000000 0.000000 0.000000 0.000000 1.000000
1.000000 -0.000000 0.000000 26.734699 -0.000000 1.000000 -0.000000 -0.000000 0.000000 0.000000 1.000000 0.000000 0.000000 0.000000 0.000000 1.000000
1.000000 -0.000000 0.000000 26.734699 0.000000 1.000000 -0.000000 0.000000 -0.000000 0.000000 1.000000 -0.000000 0.000000 0.000000 0.000000 1.000000
1.000000 0.000000 0.000000 26.734699 -0.000000 1.000000 0.000000 0.000000 -0.000000 -0.000000 1.000000 -0.000000 0.000000 0.000000 0.000000 1.000000
1.000000 0.000000 0.000000 26.734699 -0.000000 1.000000 0.000000 0.000000 -0.000000 0.000000 1.000000 -0.000000 0.000000 0.000000 0.000000 1.000000
1.000000 0.000000 -0.000000 26.734699 0.000000 1.000000 -0.000000 -0.000000 0.000000 -0.000000 1.000000 0.000000 0.000000 0.000000 0.000000 1.000000
1.000000 0.000000 -0.000000 26.734699 0.000000 1.000000 0.000000 -0.000000 0.000000 0.000000 1.000000 0.000000 0.000000 0.000000 0.000000 1.000000
1.000000 -0.000000 -0.000000 26.734699 0.000000 1.000000 0.000000 0.000000 -0.000000 0.000000 1.000000 -0.000000 0.000000 0.000000 0.000000 1.000000</float_array>
        <technique_common>
          <accessor source="#mixamorig_R_B_skirt3-Matrix-animation-output-transform-array" count="25" stride="16">
            <param type="float4x4"/>
          </accessor>
        </technique_common>
      </source>
      <source id="mixamorig_R_B_skirt3-Interpolations">
        <Name_array id="mixamorig_R_B_skirt3-Interpolations-array" count="25">
 LINEAR LINEAR LINEAR LINEAR LINEAR LINEAR LINEAR LINEAR LINEAR LINEAR LINEAR
LINEAR LINEAR LINEAR LINEAR LINEAR LINEAR LINEAR LINEAR LINEAR LINEAR LINEAR LINEAR
LINEAR LINEAR</Name_array>
        <technique_common>
          <accessor source="#mixamorig_R_B_skirt3-Interpolations-array" count="25">
            <param type="name"/>
          </accessor>
        </technique_common>
      </source>
      <sampler id="mixamorig_R_B_skirt3-Matrix-animation-transform">
        <input semantic="INPUT" source="#mixamorig_R_B_skirt3-Matrix-animation-input"/>
        <input semantic="OUTPUT" source="#mixamorig_R_B_skirt3-Matrix-animation-output-transform"/>
        <input semantic="INTERPOLATION" source="#mixamorig_R_B_skirt3-Interpolations"/>
      </sampler>
      <channel source="#mixamorig_R_B_skirt3-Matrix-animation-transform" target="mixamorig_R_B_skirt3/matrix"/>
    </animation>
    <animation id="mixamorig_F_skirt1-anim" name="mixamorig_F_skirt1">
      <source id="mixamorig_F_skirt1-Matrix-animation-input">
        <float_array id="mixamorig_F_skirt1-Matrix-animation-input-array" count="25">

0.000000 0.033333 0.066667 0.100000 0.133333 0.166667 0.200000 0.233333 0.266667 0.300000 0.333333 0.366667 0.400000 0.433333 0.466667 0.500000
0.533333 0.566667 0.600000 0.633333 0.666667 0.700000 0.733333 0.766667 0.800000</float_array>
        <technique_common>
          <accessor source="#mixamorig_F_skirt1-Matrix-animation-input-array" count="25">
            <param name="TIME" type="float"/>
          </accessor>
        </technique_common>
      </source>
      <source id="mixamorig_F_skirt1-Matrix-animation-output-transform">
        <float_array id="mixamorig_F_skirt1-Matrix-animation-output-transform-array" count="400">

-0.000002 0.000000 -1.000000 -0.093700 -0.998606 0.052777 0.000002 -3.741800 0.052777 0.998606 -0.000000 24.067699 0.000000 0.000000 0.000000 1.000000
-0.000002 0.000000 -1.000000 -0.093700 -0.998606 0.052777 0.000002 -3.741800 0.052777 0.998606 0.000000 24.067699 0.000000 0.000000 0.000000 1.000000
-0.000002 0.000000 -1.000000 -0.093700 -0.998606 0.052777 0.000002 -3.741800 0.052777 0.998606 0.000000 24.067699 0.000000 0.000000 0.000000 1.000000
-0.000002 0.000000 -1.000000 -0.093700 -0.998606 0.052777 0.000002 -3.741800 0.052777 0.998606 -0.000000 24.067699 0.000000 0.000000 0.000000 1.000000
-0.000002 0.000000 -1.000000 -0.093700 -0.998606 0.052777 0.000002 -3.741800 0.052777 0.998606 0.000000 24.067699 0.000000 0.000000 0.000000 1.000000
-0.000002 0.000000 -1.000000 -0.093700 -0.998606 0.052777 0.000002 -3.741800 0.052777 0.998606 0.000000 24.067699 0.000000 0.000000 0.000000 1.000000
-0.000002 0.000000 -1.000000 -0.093700 -0.998606 0.052777 0.000002 -3.741800 0.052777 0.998606 0.000000 24.067699 0.000000 0.000000 0.000000 1.000000
-0.000002 0.000000 -1.000000 -0.093700 -0.998606 0.052777 0.000002 -3.741800 0.052777 0.998606 0.000000 24.067699 0.000000 0.000000 0.000000 1.000000
-0.000002 0.000000 -1.000000 -0.093700 -0.998606 0.052777 0.000002 -3.741800 0.052777 0.998606 0.000000 24.067699 0.000000 0.000000 0.000000 1.000000
-0.000002 0.000000 -1.000000 -0.093700 -0.998606 0.052777 0.000002 -3.741800 0.052777 0.998606 0.000000 24.067699 0.000000 0.000000 0.000000 1.000000
-0.000002 0.000000 -1.000000 -0.093700 -0.998606 0.052777 0.000002 -3.741800 0.052777 0.998606 -0.000000 24.067699 0.000000 0.000000 0.000000 1.000000
-0.000002 0.000000 -1.000000 -0.093700 -0.998606 0.052777 0.000002 -3.741800 0.052777 0.998606 0.000000 24.067699 0.000000 0.000000 0.000000 1.000000
-0.000002 0.000000 -1.000000 -0.093700 -0.998606 0.052777 0.000002 -3.741800 0.052777 0.998606 0.000000 24.067699 0.000000 0.000000 0.000000 1.000000
-0.000002 0.000000 -1.000000 -0.093700 -0.998606 0.052777 0.000002 -3.741800 0.052777 0.998606 0.000000 24.067699 0.000000 0.000000 0.000000 1.000000
-0.000002 0.000000 -1.000000 -0.093700 -0.998606 0.052777 0.000002 -3.741800 0.052777 0.998606 0.000000 24.067699 0.000000 0.000000 0.000000 1.000000
-0.000002 0.000000 -1.000000 -0.093700 -0.998606 0.052777 0.000002 -3.741800 0.052777 0.998606 0.000000 24.067699 0.000000 0.000000 0.000000 1.000000
-0.000002 0.000000 -1.000000 -0.093700 -0.998606 0.052777 0.000002 -3.741800 0.052777 0.998606 0.000000 24.067699 0.000000 0.000000 0.000000 1.000000
-0.000002 0.000000 -1.000000 -0.093700 -0.998606 0.052777 0.000002 -3.741800 0.052777 0.998606 0.000000 24.067699 0.000000 0.000000 0.000000 1.000000
-0.000002 0.000000 -1.000000 -0.093700 -0.998606 0.052777 0.000002 -3.741800 0.052777 0.998606 0.000000 24.067699 0.000000 0.000000 0.000000 1.000000
-0.000002 0.000000 -1.000000 -0.093700 -0.998606 0.052777 0.000002 -3.741800 0.052777 0.998606 -0.000000 24.067699 0.000000 0.000000 0.000000 1.000000
-0.000002 0.000000 -1.000000 -0.093700 -0.998606 0.052777 0.000002 -3.741800 0.052777 0.998606 -0.000000 24.067699 0.000000 0.000000 0.000000 1.000000
-0.000002 0.000000 -1.000000 -0.093700 -0.998606 0.052777 0.000002 -3.741800 0.052777 0.998606 0.000000 24.067699 0.000000 0.000000 0.000000 1.000000
-0.000002 0.000000 -1.000000 -0.093700 -0.998606 0.052777 0.000002 -3.741800 0.052777 0.998606 0.000000 24.067699 0.000000 0.000000 0.000000 1.000000
-0.000002 0.000000 -1.000000 -0.093700 -0.998606 0.052777 0.000002 -3.741800 0.052777 0.998606 0.000000 24.067699 0.000000 0.000000 0.000000 1.000000
-0.000002 0.000000 -1.000000 -0.093700 -0.998606 0.052777 0.000002 -3.741800 0.052777 0.998606 0.000000 24.067699 0.000000 0.000000 0.000000 1.000000</float_array>
        <technique_common>
          <accessor source="#mixamorig_F_skirt1-Matrix-animation-output-transform-array" count="25" stride="16">
            <param type="float4x4"/>
          </accessor>
        </technique_common>
      </source>
      <source id="mixamorig_F_skirt1-Interpolations">
        <Name_array id="mixamorig_F_skirt1-Interpolations-array" count="25">
 LINEAR LINEAR LINEAR LINEAR LINEAR LINEAR LINEAR LINEAR LINEAR LINEAR LINEAR
LINEAR LINEAR LINEAR LINEAR LINEAR LINEAR LINEAR LINEAR LINEAR LINEAR LINEAR LINEAR
LINEAR LINEAR</Name_array>
        <technique_common>
          <accessor source="#mixamorig_F_skirt1-Interpolations-array" count="25">
            <param type="name"/>
          </accessor>
        </technique_common>
      </source>
      <sampler id="mixamorig_F_skirt1-Matrix-animation-transform">
        <input semantic="INPUT" source="#mixamorig_F_skirt1-Matrix-animation-input"/>
        <input semantic="OUTPUT" source="#mixamorig_F_skirt1-Matrix-animation-output-transform"/>
        <input semantic="INTERPOLATION" source="#mixamorig_F_skirt1-Interpolations"/>
      </sampler>
      <channel source="#mixamorig_F_skirt1-Matrix-animation-transform" target="mixamorig_F_skirt1/matrix"/>
    </animation>
    <animation id="mixamorig_F_skirt2-anim" name="mixamorig_F_skirt2">
      <source id="mixamorig_F_skirt2-Matrix-animation-input">
        <float_array id="mixamorig_F_skirt2-Matrix-animation-input-array" count="25">

0.000000 0.033333 0.066667 0.100000 0.133333 0.166667 0.200000 0.233333 0.266667 0.300000 0.333333 0.366667 0.400000 0.433333 0.466667 0.500000
0.533333 0.566667 0.600000 0.633333 0.666667 0.700000 0.733333 0.766667 0.800000</float_array>
        <technique_common>
          <accessor source="#mixamorig_F_skirt2-Matrix-animation-input-array" count="25">
            <param name="TIME" type="float"/>
          </accessor>
        </technique_common>
      </source>
      <source id="mixamorig_F_skirt2-Matrix-animation-output-transform">
        <float_array id="mixamorig_F_skirt2-Matrix-animation-output-transform-array" count="400">

1.000000 0.000000 -0.000000 23.567801 0.000000 1.000000 0.000000 0.000000 0.000000 0.000000 1.000000 0.000000 0.000000 0.000000 0.000000 1.000000
1.000000 -0.000000 0.000000 23.567801 -0.000000 1.000000 0.000000 -0.000000 0.000000 0.000000 1.000000 -0.000000 0.000000 0.000000 0.000000 1.000000
1.000000 0.000000 -0.000000 23.567801 -0.000000 1.000000 -0.000000 -0.000000 0.000000 0.000000 1.000000 0.000000 0.000000 0.000000 0.000000 1.000000
1.000000 -0.000000 0.000000 23.567801 -0.000000 1.000000 0.000000 0.000000 -0.000000 0.000000 1.000000 0.000000 0.000000 0.000000 0.000000 1.000000
1.000000 0.000000 -0.000000 23.567801 0.000000 1.000000 0.000000 -0.000000 0.000000 0.000000 1.000000 0.000000 0.000000 0.000000 0.000000 1.000000
1.000000 0.000000 0.000000 23.567801 -0.000000 1.000000 0.000000 -0.000000 -0.000000 0.000000 1.000000 -0.000000 0.000000 0.000000 0.000000 1.000000
1.000000 -0.000000 0.000000 23.567801 0.000000 1.000000 -0.000000 0.000000 -0.000000 0.000000 1.000000 0.000000 0.000000 0.000000 0.000000 1.000000
1.000000 0.000000 0.000000 23.567801 -0.000000 1.000000 0.000000 0.000000 0.000000 -0.000000 1.000000 0.000000 0.000000 0.000000 0.000000 1.000000
1.000000 -0.000000 0.000000 23.567801 -0.000000 1.000000 -0.000000 0.000000 -0.000000 0.000000 1.000000 0.000000 0.000000 0.000000 0.000000 1.000000
1.000000 0.000000 0.000000 23.567801 0.000000 1.000000 0.000000 0.000000 -0.000000 0.000000 1.000000 0.000000 0.000000 0.000000 0.000000 1.000000
1.000000 -0.000000 0.000000 23.567801 -0.000000 1.000000 -0.000000 0.000000 0.000000 -0.000000 1.000000 0.000000 0.000000 0.000000 0.000000 1.000000
1.000000 0.000000 0.000000 23.567801 -0.000000 1.000000 0.000000 0.000000 0.000000 0.000000 1.000000 0.000000 0.000000 0.000000 0.000000 1.000000
1.000000 0.000000 0.000000 23.567801 0.000000 1.000000 -0.000000 0.000000 -0.000000 0.000000 1.000000 0.000000 0.000000 0.000000 0.000000 1.000000
1.000000 -0.000000 0.000000 23.567801 0.000000 1.000000 0.000000 0.000000 0.000000 0.000000 1.000000 0.000000 0.000000 0.000000 0.000000 1.000000
1.000000 -0.000000 0.000000 23.567801 -0.000000 1.000000 0.000000 -0.000000 0.000000 -0.000000 1.000000 -0.000000 0.000000 0.000000 0.000000 1.000000
1.000000 0.000000 -0.000000 23.567801 -0.000000 1.000000 -0.000000 0.000000 -0.000000 0.000000 1.000000 -0.000000 0.000000 0.000000 0.000000 1.000000
1.000000 0.000000 0.000000 23.567801 0.000000 1.000000 0.000000 -0.000000 0.000000 0.000000 1.000000 0.000000 0.000000 0.000000 0.000000 1.000000
1.000000 0.000000 0.000000 23.567801 -0.000000 1.000000 0.000000 0.000000 -0.000000 0.000000 1.000000 0.000000 0.000000 0.000000 0.000000 1.000000
1.000000 0.000000 -0.000000 23.567801 -0.000000 1.000000 -0.000000 0.000000 -0.000000 0.000000 1.000000 0.000000 0.000000 0.000000 0.000000 1.000000
1.000000 -0.000000 0.000000 23.567801 -0.000000 1.000000 -0.000000 -0.000000 0.000000 0.000000 1.000000 0.000000 0.000000 0.000000 0.000000 1.000000
1.000000 0.000000 -0.000000 23.567801 -0.000000 1.000000 -0.000000 -0.000000 -0.000000 0.000000 1.000000 0.000000 0.000000 0.000000 0.000000 1.000000
1.000000 0.000000 -0.000000 23.567801 -0.000000 1.000000 0.000000 -0.000000 -0.000000 0.000000 1.000000 0.000000 0.000000 0.000000 0.000000 1.000000
1.000000 0.000000 -0.000000 23.567801 0.000000 1.000000 0.000000 -0.000000 -0.000000 0.000000 1.000000 0.000000 0.000000 0.000000 0.000000 1.000000
1.000000 0.000000 0.000000 23.567801 0.000000 1.000000 -0.000000 0.000000 0.000000 0.000000 1.000000 -0.000000 0.000000 0.000000 0.000000 1.000000
1.000000 0.000000 0.000000 23.567801 -0.000000 1.000000 0.000000 -0.000000 0.000000 0.000000 1.000000 0.000000 0.000000 0.000000 0.000000 1.000000</float_array>
        <technique_common>
          <accessor source="#mixamorig_F_skirt2-Matrix-animation-output-transform-array" count="25" stride="16">
            <param type="float4x4"/>
          </accessor>
        </technique_common>
      </source>
      <source id="mixamorig_F_skirt2-Interpolations">
        <Name_array id="mixamorig_F_skirt2-Interpolations-array" count="25">
 LINEAR LINEAR LINEAR LINEAR LINEAR LINEAR LINEAR LINEAR LINEAR LINEAR LINEAR
LINEAR LINEAR LINEAR LINEAR LINEAR LINEAR LINEAR LINEAR LINEAR LINEAR LINEAR LINEAR
LINEAR LINEAR</Name_array>
        <technique_common>
          <accessor source="#mixamorig_F_skirt2-Interpolations-array" count="25">
            <param type="name"/>
          </accessor>
        </technique_common>
      </source>
      <sampler id="mixamorig_F_skirt2-Matrix-animation-transform">
        <input semantic="INPUT" source="#mixamorig_F_skirt2-Matrix-animation-input"/>
        <input semantic="OUTPUT" source="#mixamorig_F_skirt2-Matrix-animation-output-transform"/>
        <input semantic="INTERPOLATION" source="#mixamorig_F_skirt2-Interpolations"/>
      </sampler>
      <channel source="#mixamorig_F_skirt2-Matrix-animation-transform" target="mixamorig_F_skirt2/matrix"/>
    </animation>
    <animation id="mixamorig_F_skirt3-anim" name="mixamorig_F_skirt3">
      <source id="mixamorig_F_skirt3-Matrix-animation-input">
        <float_array id="mixamorig_F_skirt3-Matrix-animation-input-array" count="25">

0.000000 0.033333 0.066667 0.100000 0.133333 0.166667 0.200000 0.233333 0.266667 0.300000 0.333333 0.366667 0.400000 0.433333 0.466667 0.500000
0.533333 0.566667 0.600000 0.633333 0.666667 0.700000 0.733333 0.766667 0.800000</float_array>
        <technique_common>
          <accessor source="#mixamorig_F_skirt3-Matrix-animation-input-array" count="25">
            <param name="TIME" type="float"/>
          </accessor>
        </technique_common>
      </source>
      <source id="mixamorig_F_skirt3-Matrix-animation-output-transform">
        <float_array id="mixamorig_F_skirt3-Matrix-animation-output-transform-array" count="400">

1.000000 -0.000000 0.000000 23.545500 0.000000 1.000000 0.000000 -0.000000 -0.000000 -0.000000 1.000000 0.000000 0.000000 0.000000 0.000000 1.000000
1.000000 0.000000 0.000000 23.545500 -0.000000 1.000000 -0.000000 0.000000 0.000000 0.000000 1.000000 0.000000 0.000000 0.000000 0.000000 1.000000
1.000000 0.000000 -0.000000 23.545500 -0.000000 1.000000 -0.000000 0.000000 0.000000 0.000000 1.000000 -0.000000 0.000000 0.000000 0.000000 1.000000
1.000000 -0.000000 0.000000 23.545500 -0.000000 1.000000 0.000000 0.000000 0.000000 -0.000000 1.000000 0.000000 0.000000 0.000000 0.000000 1.000000
1.000000 -0.000000 0.000000 23.545500 0.000000 1.000000 0.000000 0.000000 -0.000000 0.000000 1.000000 0.000000 0.000000 0.000000 0.000000 1.000000
1.000000 0.000000 0.000000 23.545500 -0.000000 1.000000 0.000000 -0.000000 -0.000000 0.000000 1.000000 -0.000000 0.000000 0.000000 0.000000 1.000000
1.000000 -0.000000 0.000000 23.545500 0.000000 1.000000 -0.000000 0.000000 -0.000000 0.000000 1.000000 -0.000000 0.000000 0.000000 0.000000 1.000000
1.000000 0.000000 0.000000 23.545500 -0.000000 1.000000 0.000000 0.000000 0.000000 -0.000000 1.000000 0.000000 0.000000 0.000000 0.000000 1.000000
1.000000 -0.000000 0.000000 23.545500 -0.000000 1.000000 -0.000000 -0.000000 0.000000 0.000000 1.000000 0.000000 0.000000 0.000000 0.000000 1.000000
1.000000 -0.000000 0.000000 23.545500 0.000000 1.000000 0.000000 0.000000 -0.000000 0.000000 1.000000 -0.000000 0.000000 0.000000 0.000000 1.000000
1.000000 0.000000 0.000000 23.545500 -0.000000 1.000000 0.000000 -0.000000 0.000000 -0.000000 1.000000 0.000000 0.000000 0.000000 0.000000 1.000000
1.000000 0.000000 0.000000 23.545500 0.000000 1.000000 -0.000000 0.000000 0.000000 -0.000000 1.000000 0.000000 0.000000 0.000000 0.000000 1.000000
1.000000 0.000000 0.000000 23.545500 0.000000 1.000000 0.000000 0.000000 0.000000 -0.000000 1.000000 0.000000 0.000000 0.000000 0.000000 1.000000
1.000000 -0.000000 -0.000000 23.545500 -0.000000 1.000000 0.000000 -0.000000 0.000000 0.000000 1.000000 0.000000 0.000000 0.000000 0.000000 1.000000
1.000000 0.000000 -0.000000 23.545500 -0.000000 1.000000 0.000000 -0.000000 0.000000 0.000000 1.000000 0.000000 0.000000 0.000000 0.000000 1.000000
1.000000 0.000000 -0.000000 23.545500 -0.000000 1.000000 -0.000000 0.000000 -0.000000 0.000000 1.000000 0.000000 0.000000 0.000000 0.000000 1.000000
1.000000 0.000000 0.000000 23.545500 0.000000 1.000000 0.000000 0.000000 0.000000 0.000000 1.000000 0.000000 0.000000 0.000000 0.000000 1.000000
1.000000 0.000000 0.000000 23.545500 0.000000 1.000000 0.000000 -0.000000 0.000000 0.000000 1.000000 0.000000 0.000000 0.000000 0.000000 1.000000
1.000000 0.000000 -0.000000 23.545500 -0.000000 1.000000 0.000000 -0.000000 -0.000000 -0.000000 1.000000 0.000000 0.000000 0.000000 0.000000 1.000000
1.000000 0.000000 -0.000000 23.545500 -0.000000 1.000000 -0.000000 -0.000000 -0.000000 0.000000 1.000000 -0.000000 0.000000 0.000000 0.000000 1.000000
1.000000 0.000000 -0.000000 23.545500 -0.000000 1.000000 -0.000000 0.000000 -0.000000 0.000000 1.000000 0.000000 0.000000 0.000000 0.000000 1.000000
1.000000 0.000000 -0.000000 23.545500 -0.000000 1.000000 0.000000 -0.000000 0.000000 -0.000000 1.000000 0.000000 0.000000 0.000000 0.000000 1.000000
1.000000 0.000000 -0.000000 23.545500 0.000000 1.000000 -0.000000 0.000000 -0.000000 0.000000 1.000000 0.000000 0.000000 0.000000 0.000000 1.000000
1.000000 0.000000 0.000000 23.545500 0.000000 1.000000 -0.000000 -0.000000 0.000000 0.000000 1.000000 0.000000 0.000000 0.000000 0.000000 1.000000
1.000000 0.000000 -0.000000 23.545500 0.000000 1.000000 0.000000 0.000000 0.000000 0.000000 1.000000 -0.000000 0.000000 0.000000 0.000000 1.000000</float_array>
        <technique_common>
          <accessor source="#mixamorig_F_skirt3-Matrix-animation-output-transform-array" count="25" stride="16">
            <param type="float4x4"/>
          </accessor>
        </technique_common>
      </source>
      <source id="mixamorig_F_skirt3-Interpolations">
        <Name_array id="mixamorig_F_skirt3-Interpolations-array" count="25">
 LINEAR LINEAR LINEAR LINEAR LINEAR LINEAR LINEAR LINEAR LINEAR LINEAR LINEAR
LINEAR LINEAR LINEAR LINEAR LINEAR LINEAR LINEAR LINEAR LINEAR LINEAR LINEAR LINEAR
LINEAR LINEAR</Name_array>
        <technique_common>
          <accessor source="#mixamorig_F_skirt3-Interpolations-array" count="25">
            <param type="name"/>
          </accessor>
        </technique_common>
      </source>
      <sampler id="mixamorig_F_skirt3-Matrix-animation-transform">
        <input semantic="INPUT" source="#mixamorig_F_skirt3-Matrix-animation-input"/>
        <input semantic="OUTPUT" source="#mixamorig_F_skirt3-Matrix-animation-output-transform"/>
        <input semantic="INTERPOLATION" source="#mixamorig_F_skirt3-Interpolations"/>
      </sampler>
      <channel source="#mixamorig_F_skirt3-Matrix-animation-transform" target="mixamorig_F_skirt3/matrix"/>
    </animation>
  </library_animations>
  <library_visual_scenes>
    <visual_scene id="RootNode" name="RootNode">
      <node id="mixamorig_Hips" name="mixamorig_Hips" sid="mixamorig_Hips" type="JOINT">
        <matrix sid="matrix">0.250419 0.352772 0.901578 -5.251456 -0.155731 0.933801 -0.322125 96.436111 -0.955530 -0.059737 0.288779 1.087447 0.000000 0.000000 0.000000 1.000000</matrix>
        <node id="mixamorig_Spine" name="mixamorig_Spine" sid="mixamorig_Spine" type="JOINT">
          <matrix sid="matrix">0.976145 -0.160708 -0.145991 0.072000 0.151013 0.985660 -0.075299 7.257300 0.155998 0.051457 0.986416 -0.789700 0.000000 0.000000 0.000000 1.000000</matrix>
          <node id="mixamorig_Spine1" name="mixamorig_Spine1" sid="mixamorig_Spine1" type="JOINT">
            <matrix sid="matrix">0.997439 -0.037321 -0.061013 0.000000 0.033727 0.997694 -0.058906 8.558700 0.063071 0.056697 0.996397 0.000000 0.000000 0.000000 0.000000 1.000000</matrix>
            <node id="mixamorig_Spine2" name="mixamorig_Spine2" sid="mixamorig_Spine2" type="JOINT">
              <matrix sid="matrix">0.997419 -0.043779 -0.056902 0.000000 0.034631 0.987643 -0.152844 29.149500 0.062891 0.150479 0.986611 1.721100 0.000000 0.000000 0.000000 1.000000</matrix>
              <node id="mixamorig_Neck" name="mixamorig_Neck" sid="mixamorig_Neck" type="JOINT">
                <matrix sid="matrix">0.992070 0.039773 -0.119226 0.000000 -0.037691 0.999096 0.019665 13.857900 0.119900 -0.015015 0.992672 7.405300 0.000000 0.000000 0.000000 1.000000</matrix>
                <node id="mixamorig_Head" name="mixamorig_Head" sid="mixamorig_Head" type="JOINT">
                  <matrix sid="matrix">0.654083 -0.194416 -0.731011 0.000000 0.480878 0.852856 0.203452 8.198500 0.583893 -0.484602 0.651329 5.703100 0.000000 0.000000 0.000000 1.000000</matrix>
                  <node id="mixamorig_HeadTop_End" name="mixamorig_HeadTop_End" sid="mixamorig_HeadTop_End" type="JOINT">
                    <matrix sid="matrix">1.000000 -0.000000 -0.000000 0.000000 0.000000 1.000000 -0.000000 17.760799 0.000000 -0.000000 1.000000 13.332700 0.000000 0.000000 0.000000 1.000000</matrix>
                  </node>
                  <node id="LeftEye" name="LeftEye" sid="LeftEye" type="JOINT">
                    <matrix sid="matrix">1.000000 -0.000000 -0.000000 3.087900 0.000000 1.000000 -0.000000 3.070100 0.000000 -0.000000 1.000000 16.773399 0.000000 0.000000 0.000000 1.000000</matrix>
                  </node>
                  <node id="RightEye" name="RightEye" sid="RightEye" type="JOINT">
                    <matrix sid="matrix">1.000000 -0.000000 -0.000000 -3.303100 0.000000 1.000000 -0.000000 3.070100 0.000000 -0.000000 1.000000 16.773399 0.000000 0.000000 0.000000 1.000000</matrix>
                  </node>
                </node>
              </node>
              <node id="mixamorig_LeftShoulder" name="mixamorig_LeftShoulder" sid="mixamorig_LeftShoulder" type="JOINT">
                <matrix sid="matrix">0.304651 0.764455 -0.568152 12.584900 -0.064783 -0.578495 -0.813109 11.395200 -0.950258 0.284521 -0.126716 -1.453100 0.000000 0.000000 0.000000 1.000000</matrix>
                <node id="mixamorig_LeftArm" name="mixamorig_LeftArm" sid="mixamorig_LeftArm" type="JOINT">
                  <matrix sid="matrix">0.857539 0.514171 -0.015960 0.000000 -0.430321 0.700002 -0.569931 15.319300 -0.281870 0.495606 0.821538 -0.000000 0.000000 0.000000 0.000000 1.000000</matrix>
                  <node id="mixamorig_LeftForeArm" name="mixamorig_LeftForeArm" sid="mixamorig_LeftForeArm" type="JOINT">
                    <matrix sid="matrix">0.033004 -0.999455 -0.000000 0.000000 0.999455 0.033004 -0.000000 34.109299 0.000000 -0.000000 1.000000 0.000000 0.000000 0.000000 0.000000 1.000000</matrix>
                    <node id="mixamorig_LeftHand" name="mixamorig_LeftHand" sid="mixamorig_LeftHand" type="JOINT">
                      <matrix sid="matrix">0.727930 -0.066979 0.682372 -0.000000 -0.333498 0.834972 0.437722 41.076000 -0.599080 -0.546201 0.585464 0.000000 0.000000 0.000000 0.000000 1.000000</matrix>
                      <node id="mixamorig_LeftHandThumb1" name="mixamorig_LeftHandThumb1" sid="mixamorig_LeftHandThumb1" type="JOINT">
                        <matrix sid="matrix">0.738661 -0.632388 0.233380 -9.706200 0.659175 0.605257 -0.446265 9.904300 0.140958 0.483477 0.863934 7.213800 0.000000 0.000000 0.000000 1.000000</matrix>
                        <node id="mixamorig_LeftHandThumb2" name="mixamorig_LeftHandThumb2" sid="mixamorig_LeftHandThumb2" type="JOINT">
                          <matrix sid="matrix">0.976573 0.139383 0.163946 -0.000000 -0.166267 0.972399 0.163691 2.369000 -0.136606 -0.187115 0.972793 -0.000000 0.000000 0.000000 0.000000 1.000000</matrix>
                          <node id="mixamorig_LeftHandThumb3" name="mixamorig_LeftHandThumb3" sid="mixamorig_LeftHandThumb3" type="JOINT">
                            <matrix sid="matrix">0.801363 -0.589387 -0.102175 0.000000 0.570588 0.701890 0.426357 2.785200 -0.179574 -0.399966 0.898766 0.000000 0.000000 0.000000 0.000000 1.000000</matrix>
                            <node id="mixamorig_LeftHandThumb4" name="mixamorig_LeftHandThumb4" sid="mixamorig_LeftHandThumb4" type="JOINT">
                              <matrix sid="matrix">1.000000 -0.000000 -0.000000 -0.000000 -0.000000 1.000000 0.000000 6.195100 0.000000 0.000000 1.000000 0.000000 0.000000 0.000000 0.000000 1.000000</matrix>
                            </node>
                          </node>
                        </node>
                      </node>
                      <node id="mixamorig_LeftHandIndex1" name="mixamorig_LeftHandIndex1" sid="mixamorig_LeftHandIndex1" type="JOINT">
                        <matrix sid="matrix">0.998036 -0.061249 -0.013150 -4.736600 0.053588 0.943448 -0.327162 18.296801 0.032444 0.325815 0.944877 0.973500 0.000000 0.000000 0.000000 1.000000</matrix>
                        <node id="mixamorig_LeftHandIndex2" name="mixamorig_LeftHandIndex2" sid="mixamorig_LeftHandIndex2" type="JOINT">
                          <matrix sid="matrix">0.999964 0.008438 -0.000351 0.000000 -0.008438 0.996501 -0.083158 4.697600 -0.000351 0.083158 0.996536 0.000000 0.000000 0.000000 0.000000 1.000000</matrix>
                          <node id="mixamorig_LeftHandIndex3" name="mixamorig_LeftHandIndex3" sid="mixamorig_LeftHandIndex3" type="JOINT">
                            <matrix sid="matrix">0.999777 -0.021003 -0.002198 0.000000 0.021003 0.978117 0.206995 2.893900 -0.002198 -0.206995 0.978340 -0.000000 0.000000 0.000000 0.000000 1.000000</matrix>
                            <node id="mixamorig_LeftHandIndex4" name="mixamorig_LeftHandIndex4" sid="mixamorig_LeftHandIndex4" type="JOINT">
                              <matrix sid="matrix">1.000000 0.000000 -0.000000 0.000000 0.000000 1.000000 -0.000000 6.140600 -0.000000 0.000000 1.000000 0.000000 0.000000 0.000000 0.000000 1.000000</matrix>
                            </node>
                          </node>
                        </node>
                      </node>
                      <node id="mixamorig_LeftHandMiddle1" name="mixamorig_LeftHandMiddle1" sid="mixamorig_LeftHandMiddle1" type="JOINT">
                        <matrix sid="matrix">0.999456 -0.024022 -0.022606 -0.139500 0.011951 0.902458 -0.430612 17.924500 0.030745 0.430107 0.902254 0.050800 0.000000 0.000000 0.000000 1.000000</matrix>
                        <node id="mixamorig_LeftHandMiddle2" name="mixamorig_LeftHandMiddle2" sid="mixamorig_LeftHandMiddle2" type="JOINT">
                          <matrix sid="matrix">0.999001 0.043586 -0.009844 0.000000 -0.043586 0.901990 -0.429551 5.001900 -0.009843 0.429551 0.902989 0.000000 0.000000 0.000000 0.000000 1.000000</matrix>
                          <node id="mixamorig_LeftHandMiddle3" name="mixamorig_LeftHandMiddle3" sid="mixamorig_LeftHandMiddle3" type="JOINT">
                            <matrix sid="matrix">0.999653 -0.026128 -0.003422 0.000000 0.026128 0.965926 0.257497 3.278600 -0.003422 -0.257497 0.966273 0.000000 0.000000 0.000000 0.000000 1.000000</matrix>
                            <node id="mixamorig_LeftHandMiddle4" name="mixamorig_LeftHandMiddle4" sid="mixamorig_LeftHandMiddle4" type="JOINT">
                              <matrix sid="matrix">1.000000 0.000000 -0.000000 0.000000 -0.000000 1.000000 -0.000000 4.422900 -0.000000 -0.000000 1.000000 0.000000 0.000000 0.000000 0.000000 1.000000</matrix>
                            </node>
                          </node>
                        </node>
                      </node>
                      <node id="mixamorig_LeftHandRing1" name="mixamorig_LeftHandRing1" sid="mixamorig_LeftHandRing1" type="JOINT">
                        <matrix sid="matrix">0.999231 0.033688 -0.020065 3.988400 -0.038868 0.918469 -0.393578 15.764500 0.005170 0.394055 0.919072 0.151700 0.000000 0.000000 0.000000 1.000000</matrix>
                        <node id="mixamorig_LeftHandRing2" name="mixamorig_LeftHandRing2" sid="mixamorig_LeftHandRing2" type="JOINT">
                          <matrix sid="matrix">0.997515 0.066066 -0.024495 0.000000 -0.066066 0.756112 -0.651099 3.497800 -0.024495 0.651099 0.758597 -0.000000 0.000000 0.000000 0.000000 1.000000</matrix>
                          <node id="mixamorig_LeftHandRing3" name="mixamorig_LeftHandRing3" sid="mixamorig_LeftHandRing3" type="JOINT">
                            <matrix sid="matrix">0.999781 -0.020811 -0.002157 0.000000 0.020811 0.978521 0.205096 2.983800 -0.002157 -0.205096 0.978739 0.000000 0.000000 0.000000 0.000000 1.000000</matrix>
                            <node id="mixamorig_LeftHandRing4" name="mixamorig_LeftHandRing4" sid="mixamorig_LeftHandRing4" type="JOINT">
                              <matrix sid="matrix">1.000000 0.000000 0.000000 0.000000 -0.000000 1.000000 -0.000000 4.922500 0.000000 -0.000000 1.000000 0.000000 0.000000 0.000000 0.000000 1.000000</matrix>
                            </node>
                          </node>
                        </node>
                      </node>
                      <node id="mixamorig_LeftHandPinky1" name="mixamorig_LeftHandPinky1" sid="mixamorig_LeftHandPinky1" type="JOINT">
                        <matrix sid="matrix">0.997553 0.055430 -0.042619 6.663900 -0.068386 0.900450 -0.429549 12.707900 0.014566 0.431413 0.902037 0.878100 0.000000 0.000000 0.000000 1.000000</matrix>
                        <node id="mixamorig_LeftHandPinky2" name="mixamorig_LeftHandPinky2" sid="mixamorig_LeftHandPinky2" type="JOINT">
                          <matrix sid="matrix">0.996427 0.076772 -0.035217 0.000000 -0.076771 0.649346 -0.756608 3.376600 -0.035218 0.756608 0.652919 0.000000 0.000000 0.000000 0.000000 1.000000</matrix>
                          <node id="mixamorig_LeftHandPinky3" name="mixamorig_LeftHandPinky3" sid="mixamorig_LeftHandPinky3" type="JOINT">
                            <matrix sid="matrix">0.999998 -0.002099 -0.000022 0.000000 0.002099 0.999784 0.020690 2.998500 -0.000021 -0.020690 0.999786 0.000000 0.000000 0.000000 0.000000 1.000000</matrix>
                            <node id="mixamorig_LeftHandPinky4" name="mixamorig_LeftHandPinky4" sid="mixamorig_LeftHandPinky4" type="JOINT">
                              <matrix sid="matrix">1.000000 -0.000000 -0.000000 0.000000 0.000000 1.000000 -0.000000 5.798100 0.000000 0.000000 1.000000 -0.000000 0.000000 0.000000 0.000000 1.000000</matrix>
                            </node>
                          </node>
                        </node>
                      </node>
                    </node>
                  </node>
                </node>
              </node>
              <node id="mixamorig_RightShoulder" name="mixamorig_RightShoulder" sid="mixamorig_RightShoulder" type="JOINT">
                <matrix sid="matrix">0.181336 -0.732974 0.655642 -12.584900 0.073448 -0.654738 -0.752279 11.394900 0.980675 0.184571 -0.064892 -1.453100 0.000000 0.000000 0.000000 1.000000</matrix>
                <node id="mixamorig_RightArm" name="mixamorig_RightArm" sid="mixamorig_RightArm" type="JOINT">
                  <matrix sid="matrix">0.966929 -0.230639 -0.108878 0.000000 0.186310 0.930274 -0.316035 15.319300 0.174177 0.285299 0.942479 0.000000 0.000000 0.000000 0.000000 1.000000</matrix>
                  <node id="mixamorig_RightForeArm" name="mixamorig_RightForeArm" sid="mixamorig_RightForeArm" type="JOINT">
                    <matrix sid="matrix">0.459735 0.888056 -0.000000 0.000000 -0.888056 0.459735 -0.000000 34.109299 -0.000000 0.000000 1.000000 0.000000 0.000000 0.000000 0.000000 1.000000</matrix>
                    <node id="mixamorig_RightHand" name="mixamorig_RightHand" sid="mixamorig_RightHand" type="JOINT">
                      <matrix sid="matrix">0.870126 0.045238 -0.490749 -0.000000 -0.198197 0.943824 -0.264411 41.076000 0.451219 0.327336 0.830212 -0.000000 0.000000 0.000000 0.000000 1.000000</matrix>
                      <node id="mixamorig_RightHandThumb1" name="mixamorig_RightHandThumb1" sid="mixamorig_RightHandThumb1" type="JOINT">
                        <matrix sid="matrix">0.874678 0.434099 -0.215633 9.706200 -0.484139 0.760944 -0.431942 9.903700 -0.023421 0.482206 0.875745 7.214200 0.000000 0.000000 0.000000 1.000000</matrix>
                        <node id="mixamorig_RightHandThumb2" name="mixamorig_RightHandThumb2" sid="mixamorig_RightHandThumb2" type="JOINT">
                          <matrix sid="matrix">0.903922 -0.414483 -0.105494 0.000000 0.427473 0.883524 0.191448 2.369600 0.013855 -0.218150 0.975817 0.000000 0.000000 0.000000 0.000000 1.000000</matrix>
                          <node id="mixamorig_RightHandThumb3" name="mixamorig_RightHandThumb3" sid="mixamorig_RightHandThumb3" type="JOINT">
                            <matrix sid="matrix">0.940959 0.328090 0.083383 -0.000000 -0.330915 0.839560 0.430852 2.785100 0.071353 -0.433007 0.898562 0.000000 0.000000 0.000000 0.000000 1.000000</matrix>
                            <node id="mixamorig_RightHandThumb4" name="mixamorig_RightHandThumb4" sid="mixamorig_RightHandThumb4" type="JOINT">
                              <matrix sid="matrix">1.000000 -0.000000 -0.000000 -0.000000 0.000000 1.000000 0.000000 6.195100 0.000000 0.000000 1.000000 -0.000000 0.000000 0.000000 0.000000 1.000000</matrix>
                            </node>
                          </node>
                        </node>
                      </node>
                      <node id="mixamorig_RightHandIndex1" name="mixamorig_RightHandIndex1" sid="mixamorig_RightHandIndex1" type="JOINT">
                        <matrix sid="matrix">0.997023 0.060507 0.047782 4.736600 -0.006127 0.679975 -0.733210 18.296400 -0.076855 0.730735 0.678322 0.973900 0.000000 0.000000 0.000000 1.000000</matrix>
                        <node id="mixamorig_RightHandIndex2" name="mixamorig_RightHandIndex2" sid="mixamorig_RightHandIndex2" type="JOINT">
                          <matrix sid="matrix">0.998865 -0.045501 0.014113 -0.000000 0.045501 0.823433 -0.565586 4.698000 0.014113 0.565586 0.824569 0.000000 0.000000 0.000000 0.000000 1.000000</matrix>
                          <node id="mixamorig_RightHandIndex3" name="mixamorig_RightHandIndex3" sid="mixamorig_RightHandIndex3" type="JOINT">
                            <matrix sid="matrix">0.999710 -0.023830 0.003611 0.000000 0.023830 0.954825 -0.296212 2.894000 0.003611 0.296212 0.955115 0.000000 0.000000 0.000000 0.000000 1.000000</matrix>
                            <node id="mixamorig_RightHandIndex4" name="mixamorig_RightHandIndex4" sid="mixamorig_RightHandIndex4" type="JOINT">
                              <matrix sid="matrix">1.000000 -0.000000 0.000000 0.000000 0.000000 1.000000 -0.000000 6.140000 0.000000 -0.000000 1.000000 0.000000 0.000000 0.000000 0.000000 1.000000</matrix>
                            </node>
                          </node>
                        </node>
                      </node>
                      <node id="mixamorig_RightHandMiddle1" name="mixamorig_RightHandMiddle1" sid="mixamorig_RightHandMiddle1" type="JOINT">
                        <matrix sid="matrix">0.997628 0.030654 0.061627 0.139500 0.034449 0.552780 -0.832615 17.923901 -0.059589 0.832763 0.550413 0.051600 0.000000 0.000000 0.000000 1.000000</matrix>
                        <node id="mixamorig_RightHandMiddle2" name="mixamorig_RightHandMiddle2" sid="mixamorig_RightHandMiddle2" type="JOINT">
                          <matrix sid="matrix">0.996984 -0.067954 0.037494 -0.000000 0.067954 0.530928 -0.844688 5.002000 0.037493 0.844688 0.533944 0.000000 0.000000 0.000000 0.000000 1.000000</matrix>
                          <node id="mixamorig_RightHandMiddle3" name="mixamorig_RightHandMiddle3" sid="mixamorig_RightHandMiddle3" type="JOINT">
                            <matrix sid="matrix">0.999831 -0.018275 0.002103 0.000000 0.018275 0.973686 -0.227162 3.279000 0.002103 0.227162 0.973855 0.000000 0.000000 0.000000 0.000000 1.000000</matrix>
                            <node id="mixamorig_RightHandMiddle4" name="mixamorig_RightHandMiddle4" sid="mixamorig_RightHandMiddle4" type="JOINT">
                              <matrix sid="matrix">1.000000 0.000000 0.000000 0.000000 0.000000 1.000000 -0.000000 4.423000 0.000000 -0.000000 1.000000 -0.000000 0.000000 0.000000 0.000000 1.000000</matrix>
                            </node>
                          </node>
                        </node>
                      </node>
                      <node id="mixamorig_RightHandRing1" name="mixamorig_RightHandRing1" sid="mixamorig_RightHandRing1" type="JOINT">
                        <matrix sid="matrix">0.996956 -0.041891 0.065758 -3.988400 0.077939 0.512468 -0.855162 15.764000 0.002124 0.857684 0.514173 0.151600 0.000000 0.000000 0.000000 1.000000</matrix>
                        <node id="mixamorig_RightHandRing2" name="mixamorig_RightHandRing2" sid="mixamorig_RightHandRing2" type="JOINT">
                          <matrix sid="matrix">0.994950 -0.078322 0.062777 0.000000 0.078322 0.214621 -0.973552 3.498000 0.062777 0.973552 0.219671 0.000000 0.000000 0.000000 0.000000 1.000000</matrix>
                          <node id="mixamorig_RightHandRing3" name="mixamorig_RightHandRing3" sid="mixamorig_RightHandRing3" type="JOINT">
                            <matrix sid="matrix">0.999408 -0.033613 0.007361 -0.000000 0.033613 0.907908 -0.417820 2.984000 0.007361 0.417820 0.908500 0.000000 0.000000 0.000000 0.000000 1.000000</matrix>
                            <node id="mixamorig_RightHandRing4" name="mixamorig_RightHandRing4" sid="mixamorig_RightHandRing4" type="JOINT">
                              <matrix sid="matrix">1.000000 -0.000000 0.000000 0.000000 -0.000000 1.000000 -0.000000 4.922000 -0.000000 0.000000 1.000000 0.000000 0.000000 0.000000 0.000000 1.000000</matrix>
                            </node>
                          </node>
                        </node>
                      </node>
                      <node id="mixamorig_RightHandPinky1" name="mixamorig_RightHandPinky1" sid="mixamorig_RightHandPinky1" type="JOINT">
                        <matrix sid="matrix">0.994641 -0.060059 0.084158 -6.663900 0.099007 0.318759 -0.942651 12.707500 0.029788 0.945931 0.322997 0.878800 0.000000 0.000000 0.000000 1.000000</matrix>
                        <node id="mixamorig_RightHandPinky2" name="mixamorig_RightHandPinky2" sid="mixamorig_RightHandPinky2" type="JOINT">
                          <matrix sid="matrix">0.992908 -0.079762 0.088161 0.000000 0.079762 -0.102979 -0.991480 3.377000 0.088161 0.991480 -0.095886 0.000000 0.000000 0.000000 0.000000 1.000000</matrix>
                          <node id="mixamorig_RightHandPinky3" name="mixamorig_RightHandPinky3" sid="mixamorig_RightHandPinky3" type="JOINT">
                            <matrix sid="matrix">0.998100 -0.056911 0.023620 0.000000 0.056911 0.704492 -0.707426 2.998000 0.023620 0.707426 0.706392 0.000000 0.000000 0.000000 0.000000 1.000000</matrix>
                            <node id="mixamorig_RightHandPinky4" name="mixamorig_RightHandPinky4" sid="mixamorig_RightHandPinky4" type="JOINT">
                              <matrix sid="matrix">1.000000 0.000000 -0.000000 -0.000000 0.000000 1.000000 0.000000 5.798000 -0.000000 0.000000 1.000000 0.000000 0.000000 0.000000 0.000000 1.000000</matrix>
                            </node>
                          </node>
                        </node>
                      </node>
                    </node>
                  </node>
                </node>
              </node>
            </node>
            <node id="mixamorig_L_horn1" name="mixamorig_L_horn1" sid="mixamorig_L_horn1" type="JOINT">
              <matrix sid="matrix">0.602488 0.000515 0.798128 1.847600 -0.698753 0.483576 0.527160 4.379700 -0.385684 -0.875302 0.291709 -10.115900 0.000000 0.000000 0.000000 1.000000</matrix>
              <node id="mixamorig_L_horn2" name="mixamorig_L_horn2" sid="mixamorig_L_horn2" type="JOINT">
                <matrix sid="matrix">1.000000 0.000000 0.000000 20.340599 0.000000 1.000000 0.000000 0.000000 0.000000 0.000000 1.000000 -0.000000 0.000000 0.000000 0.000000 1.000000</matrix>
              </node>
            </node>
            <node id="mixamorig_R_horn1" name="mixamorig_R_horn1" sid="mixamorig_R_horn1" type="JOINT">
              <matrix sid="matrix">-0.591028 -0.129171 0.796242 -3.147700 -0.778219 0.351067 -0.520699 4.536700 -0.212275 -0.927398 -0.308014 -10.290500 0.000000 0.000000 0.000000 1.000000</matrix>
              <node id="mixamorig_R_horn2" name="mixamorig_R_horn2" sid="mixamorig_R_horn2" type="JOINT">
                <matrix sid="matrix">1.000000 0.000000 -0.000000 21.374399 0.000000 1.000000 0.000000 0.000000 -0.000000 0.000000 1.000000 0.000000 0.000000 0.000000 0.000000 1.000000</matrix>
              </node>
            </node>
          </node>
        </node>
        <node id="mixamorig_LeftUpLeg" name="mixamorig_LeftUpLeg" sid="mixamorig_LeftUpLeg" type="JOINT">
          <matrix sid="matrix">-0.923565 0.314138 0.219877 13.026900 0.034146 -0.503769 0.863163 -6.336300 0.381919 0.804695 0.454536 -1.092800 0.000000 0.000000 0.000000 1.000000</matrix>
          <node id="mixamorig_LeftLeg" name="mixamorig_LeftLeg" sid="mixamorig_LeftLeg" type="JOINT">
            <matrix sid="matrix">0.998670 0.025724 -0.044678 -0.000000 0.049295 -0.730164 0.681491 46.951000 -0.015092 -0.682787 -0.730462 0.000000 0.000000 0.000000 0.000000 1.000000</matrix>
            <node id="mixamorig_LeftFoot" name="mixamorig_LeftFoot" sid="mixamorig_LeftFoot" type="JOINT">
              <matrix sid="matrix">0.989145 -0.126026 0.075561 -0.000000 0.140143 0.654481 -0.742977 55.112000 0.044181 0.745501 0.665039 -0.000000 0.000000 0.000000 0.000000 1.000000</matrix>
              <node id="mixamorig_LeftToeBase" name="mixamorig_LeftToeBase" sid="mixamorig_LeftToeBase" type="JOINT">
                <matrix sid="matrix">1.000000 -0.000000 0.000001 0.000000 0.000001 0.586593 -0.809882 22.799999 -0.000001 0.809882 0.586593 -0.000000 0.000000 0.000000 0.000000 1.000000</matrix>
                <node id="mixamorig_LeftToe_End" name="mixamorig_LeftToe_End" sid="mixamorig_LeftToe_End" type="JOINT">
                  <matrix sid="matrix">1.000000 0.000000 0.000000 0.000000 0.000000 1.000000 -0.000000 9.596000 0.000000 -0.000000 1.000000 0.000000 0.000000 0.000000 0.000000 1.000000</matrix>
                </node>
              </node>
            </node>
          </node>
        </node>
        <node id="mixamorig_RightUpLeg" name="mixamorig_RightUpLeg" sid="mixamorig_RightUpLeg" type="JOINT">
          <matrix sid="matrix">-0.958055 0.156029 -0.240386 -12.883000 -0.284254 -0.410615 0.866369 -6.336200 0.036473 0.898360 0.437744 -1.092800 0.000000 0.000000 0.000000 1.000000</matrix>
          <node id="mixamorig_RightLeg" name="mixamorig_RightLeg" sid="mixamorig_RightLeg" type="JOINT">
            <matrix sid="matrix">0.992916 -0.016029 -0.117729 0.000000 0.118794 0.152474 0.981142 46.951099 0.002224 -0.988178 0.153298 0.000000 0.000000 0.000000 0.000000 1.000000</matrix>
            <node id="mixamorig_RightFoot" name="mixamorig_RightFoot" sid="mixamorig_RightFoot" type="JOINT">
              <matrix sid="matrix">0.976857 0.111330 -0.182634 -0.000000 -0.198898 0.158744 -0.967078 55.112000 -0.078672 0.981023 0.177214 0.000000 0.000000 0.000000 0.000000 1.000000</matrix>
              <node id="mixamorig_RightToeBase" name="mixamorig_RightToeBase" sid="mixamorig_RightToeBase" type="JOINT">
                <matrix sid="matrix">1.000000 -0.000002 0.000001 -0.000000 0.000002 0.590879 -0.806760 22.799999 0.000001 0.806760 0.590879 0.000000 0.000000 0.000000 0.000000 1.000000</matrix>
                <node id="mixamorig_RightToe_End" name="mixamorig_RightToe_End" sid="mixamorig_RightToe_End" type="JOINT">
                  <matrix sid="matrix">1.000000 -0.000000 0.000000 0.000000 -0.000000 1.000000 -0.000000 9.596000 0.000000 -0.000000 1.000000 -0.000000 0.000000 0.000000 0.000000 1.000000</matrix>
                </node>
              </node>
            </node>
          </node>
        </node>
        <node id="mixamorig_L_C_skirt1" name="mixamorig_L_C_skirt1" sid="mixamorig_L_C_skirt1" type="JOINT">
          <matrix sid="matrix">0.035066 0.292039 0.955763 12.441200 -0.989026 0.147481 -0.008777 4.607000 -0.143520 -0.944967 0.294006 -11.833000 0.000000 0.000000 0.000000 1.000000</matrix>
          <node id="mixamorig_L_C_skirt2" name="mixamorig_L_C_skirt2" sid="mixamorig_L_C_skirt2" type="JOINT">
            <matrix sid="matrix">1.000000 -0.000000 -0.000000 27.657801 -0.000000 1.000000 0.000000 0.000000 0.000000 0.000000 1.000000 -0.000000 0.000000 0.000000 0.000000 1.000000</matrix>
            <node id="mixamorig_L_C_skirt3" name="mixamorig_L_C_skirt3" sid="mixamorig_L_C_skirt3" type="JOINT">
              <matrix sid="matrix">1.000000 -0.000000 0.000000 23.970100 -0.000000 1.000000 -0.000000 0.000000 -0.000000 0.000000 1.000000 -0.000000 0.000000 0.000000 0.000000 1.000000</matrix>
              <node id="mixamorig_L_C_skirt4" name="mixamorig_L_C_skirt4" sid="mixamorig_L_C_skirt4" type="JOINT">
                <matrix sid="matrix">1.000000 0.000000 -0.000000 30.792400 -0.000000 1.000000 -0.000000 0.000000 -0.000000 -0.000000 1.000000 -0.000000 0.000000 0.000000 0.000000 1.000000</matrix>
              </node>
            </node>
          </node>
        </node>
        <node id="mixamorig_L_A_skirt1" name="mixamorig_L_A_skirt1" sid="mixamorig_L_A_skirt1" type="JOINT">
          <matrix sid="matrix">0.142123 0.623442 -0.768844 18.178400 -0.988646 0.051128 -0.141295 3.981100 -0.048780 0.780196 0.623630 19.504801 0.000000 0.000000 0.000000 1.000000</matrix>
          <node id="mixamorig_L_A_skirt2" name="mixamorig_L_A_skirt2" sid="mixamorig_L_A_skirt2" type="JOINT">
            <matrix sid="matrix">1.000000 -0.000000 -0.000000 27.335699 0.000000 1.000000 0.000000 -0.000000 0.000000 -0.000000 1.000000 0.000000 0.000000 0.000000 0.000000 1.000000</matrix>
            <node id="mixamorig_L_A_skirt3" name="mixamorig_L_A_skirt3" sid="mixamorig_L_A_skirt3" type="JOINT">
              <matrix sid="matrix">1.000000 -0.000000 0.000000 27.066099 -0.000000 1.000000 0.000000 0.000000 0.000000 0.000000 1.000000 -0.000000 0.000000 0.000000 0.000000 1.000000</matrix>
              <node id="mixamorig_L_A_skirt4" name="mixamorig_L_A_skirt4" sid="mixamorig_L_A_skirt4" type="JOINT">
                <matrix sid="matrix">1.000000 0.000000 0.000000 30.881599 -0.000000 1.000000 0.000000 0.000000 -0.000000 0.000000 1.000000 0.000000 0.000000 0.000000 0.000000 1.000000</matrix>
              </node>
            </node>
          </node>
        </node>
        <node id="mixamorig_L_B_skirt1" name="mixamorig_L_B_skirt1" sid="mixamorig_L_B_skirt1" type="JOINT">
          <matrix sid="matrix">0.142186 0.942169 0.303482 22.933800 -0.985105 0.164643 -0.049605 6.145800 -0.096702 -0.291908 0.951545 0.309300 0.000000 0.000000 0.000000 1.000000</matrix>
          <node id="mixamorig_L_B_skirt2" name="mixamorig_L_B_skirt2" sid="mixamorig_L_B_skirt2" type="JOINT">
            <matrix sid="matrix">1.000000 -0.000000 0.000000 27.083401 0.000000 1.000000 -0.000000 0.000000 0.000000 -0.000000 1.000000 0.000000 0.000000 0.000000 0.000000 1.000000</matrix>
            <node id="mixamorig_L_B_skirt3" name="mixamorig_L_B_skirt3" sid="mixamorig_L_B_skirt3" type="JOINT">
              <matrix sid="matrix">1.000000 -0.000000 0.000000 26.734800 0.000000 1.000000 0.000000 0.000000 0.000000 -0.000000 1.000000 0.000000 0.000000 0.000000 0.000000 1.000000</matrix>
              <node id="mixamorig_L_B_skirt4" name="mixamorig_L_B_skirt4" sid="mixamorig_L_B_skirt4" type="JOINT">
                <matrix sid="matrix">1.000000 0.000000 0.000000 29.821199 0.000000 1.000000 0.000000 0.000000 -0.000000 -0.000000 1.000000 0.000000 0.000000 0.000000 0.000000 1.000000</matrix>
              </node>
            </node>
          </node>
        </node>
        <node id="mixamorig_R_C_skirt1" name="mixamorig_R_C_skirt1" sid="mixamorig_R_C_skirt1" type="JOINT">
          <matrix sid="matrix">-0.035070 -0.292039 0.955763 -12.297300 -0.989026 0.147482 0.008774 4.606800 -0.143520 -0.944967 -0.294006 -11.833000 0.000000 0.000000 0.000000 1.000000</matrix>
          <node id="mixamorig_R_C_skirt2" name="mixamorig_R_C_skirt2" sid="mixamorig_R_C_skirt2" type="JOINT">
            <matrix sid="matrix">1.000000 -0.000000 -0.000000 27.657600 -0.000000 1.000000 -0.000000 0.000100 -0.000000 0.000000 1.000000 0.000000 0.000000 0.000000 0.000000 1.000000</matrix>
            <node id="mixamorig_R_C_skirt3" name="mixamorig_R_C_skirt3" sid="mixamorig_R_C_skirt3" type="JOINT">
              <matrix sid="matrix">1.000000 -0.000000 -0.000000 23.969999 0.000000 1.000000 0.000000 0.000000 -0.000000 -0.000000 1.000000 0.000100 0.000000 0.000000 0.000000 1.000000</matrix>
              <node id="mixamorig_R_C_skirt4" name="mixamorig_R_C_skirt4" sid="mixamorig_R_C_skirt4" type="JOINT">
                <matrix sid="matrix">1.000000 -0.000000 0.000000 30.792400 -0.000000 1.000000 0.000000 -0.000000 0.000000 -0.000000 1.000000 0.000000 0.000000 0.000000 0.000000 1.000000</matrix>
              </node>
            </node>
          </node>
        </node>
        <node id="mixamorig_R_A_skirt1" name="mixamorig_R_A_skirt1" sid="mixamorig_R_A_skirt1" type="JOINT">
          <matrix sid="matrix">-0.142126 -0.623440 -0.768845 -18.034500 -0.988646 0.051130 0.141298 3.980800 -0.048780 0.780197 -0.623629 19.504801 0.000000 0.000000 0.000000 1.000000</matrix>
          <node id="mixamorig_R_A_skirt2" name="mixamorig_R_A_skirt2" sid="mixamorig_R_A_skirt2" type="JOINT">
            <matrix sid="matrix">1.000000 -0.000000 -0.000000 27.335400 0.000000 1.000000 -0.000000 -0.000100 0.000000 -0.000000 1.000000 0.000100 0.000000 0.000000 0.000000 1.000000</matrix>
            <node id="mixamorig_R_A_skirt3" name="mixamorig_R_A_skirt3" sid="mixamorig_R_A_skirt3" type="JOINT">
              <matrix sid="matrix">1.000000 0.000000 0.000000 27.066099 -0.000000 1.000000 -0.000000 0.000100 -0.000000 -0.000000 1.000000 -0.000000 0.000000 0.000000 0.000000 1.000000</matrix>
              <node id="mixamorig_R_A_skirt4" name="mixamorig_R_A_skirt4" sid="mixamorig_R_A_skirt4" type="JOINT">
                <matrix sid="matrix">1.000000 -0.000000 0.000000 30.881599 -0.000000 1.000000 -0.000000 0.000000 0.000000 -0.000000 1.000000 -0.000000 0.000000 0.000000 0.000000 1.000000</matrix>
              </node>
            </node>
          </node>
        </node>
        <node id="mixamorig_R_B_skirt1" name="mixamorig_R_B_skirt1" sid="mixamorig_R_B_skirt1" type="JOINT">
          <matrix sid="matrix">-0.142189 -0.942168 0.303482 -22.789900 -0.985105 0.164647 0.049604 6.145800 -0.096702 -0.291908 -0.951545 0.309300 0.000000 0.000000 0.000000 1.000000</matrix>
          <node id="mixamorig_R_B_skirt2" name="mixamorig_R_B_skirt2" sid="mixamorig_R_B_skirt2" type="JOINT">
            <matrix sid="matrix">1.000000 0.000000 0.000000 27.083401 0.000000 1.000000 0.000000 0.000000 0.000000 -0.000000 1.000000 -0.000000 0.000000 0.000000 0.000000 1.000000</matrix>
            <node id="mixamorig_R_B_skirt3" name="mixamorig_R_B_skirt3" sid="mixamorig_R_B_skirt3" type="JOINT">
              <matrix sid="matrix">1.000000 0.000000 0.000000 26.734699 0.000000 1.000000 -0.000000 0.000000 -0.000000 0.000000 1.000000 -0.000000 0.000000 0.000000 0.000000 1.000000</matrix>
              <node id="mixamorig_R_B_skirt4" name="mixamorig_R_B_skirt4" sid="mixamorig_R_B_skirt4" type="JOINT">
                <matrix sid="matrix">1.000000 0.000000 -0.000000 29.821199 -0.000000 1.000000 0.000000 0.000000 -0.000000 -0.000000 1.000000 -0.000000 0.000000 0.000000 0.000000 1.000000</matrix>
              </node>
            </node>
          </node>
        </node>
        <node id="mixamorig_F_skirt1" name="mixamorig_F_skirt1" sid="mixamorig_F_skirt1" type="JOINT">
          <matrix sid="matrix">-0.000002 0.000000 -1.000000 -0.093700 -0.998606 0.052777 0.000002 -3.741800 0.052777 0.998606 -0.000000 24.067699 0.000000 0.000000 0.000000 1.000000</matrix>
          <node id="mixamorig_F_skirt2" name="mixamorig_F_skirt2" sid="mixamorig_F_skirt2" type="JOINT">
            <matrix sid="matrix">1.000000 0.000000 -0.000000 23.567801 0.000000 1.000000 0.000000 0.000000 0.000000 0.000000 1.000000 0.000000 0.000000 0.000000 0.000000 1.000000</matrix>
            <node id="mixamorig_F_skirt3" name="mixamorig_F_skirt3" sid="mixamorig_F_skirt3" type="JOINT">
              <matrix sid="matrix">1.000000 -0.000000 0.000000 23.545500 0.000000 1.000000 0.000000 -0.000000 -0.000000 -0.000000 1.000000 0.000000 0.000000 0.000000 0.000000 1.000000</matrix>
              <node id="mixamorig_F_skirt4" name="mixamorig_F_skirt4" sid="mixamorig_F_skirt4" type="JOINT">
                <matrix sid="matrix">1.000000 -0.000000 0.000000 24.919500 0.000000 1.000000 0.000000 0.000000 -0.000000 -0.000000 1.000000 0.000000 0.000000 0.000000 0.000000 1.000000</matrix>
              </node>
            </node>
          </node>
        </node>
      </node>
    </visual_scene>
  </library_visual_scenes>
  <scene>
    <instance_visual_scene url="#RootNode"/>
  </scene>
</COLLADA>
