<?xml version="1.0" encoding="utf-8"?>
<COLLADA xmlns="http://www.collada.org/2005/11/COLLADASchema" version="1.4.1">
  <asset>
    <contributor>
      <author>Mixamo</author>
      <authoring_tool>COLLADA Mixamo exporter</authoring_tool>
      <comments/>
    </contributor>
    <created>2025-09-14T13:07:54Z</created>
    <modified>2025-09-14T13:07:54Z</modified>
    <revision/>
    <title/>
    <unit meter="0.010000"/>
    <up_axis>Y_UP</up_axis>
  </asset>
  <library_animations>
    <animation id="mixamorig_Hips-anim" name="mixamorig_Hips">
      <source id="mixamorig_Hips-Matrix-animation-input">
        <float_array id="mixamorig_Hips-Matrix-animation-input-array" count="25">

0.000000 0.033333 0.066667 0.100000 0.133333 0.166667 0.200000 0.233333 0.266667 0.300000 0.333333 0.366667 0.400000 0.433333 0.466667 0.500000
0.533333 0.566667 0.600000 0.633333 0.666667 0.700000 0.733333 0.766667 0.800000</float_array>
        <technique_common>
          <accessor source="#mixamorig_Hips-Matrix-animation-input-array" count="25">
            <param name="TIME" type="float"/>
          </accessor>
        </technique_common>
      </source>
      <source id="mixamorig_Hips-Matrix-animation-output-transform">
        <float_array id="mixamorig_Hips-Matrix-animation-output-transform-array" count="400">

0.250427 -0.352768 -0.901577 5.214900 0.155717 0.933803 -0.322124 96.412109 0.955531 -0.059722 0.288781 0.949723 0.000000 0.000000 0.000000 1.000000
0.257471 -0.351255 -0.900182 4.861294 0.161406 0.934135 -0.318339 95.621170 0.952710 -0.063332 0.297207 0.600277 0.000000 0.000000 0.000000 1.000000
0.266337 -0.347797 -0.898945 3.635723 0.144665 0.936491 -0.319462 96.557755 0.952962 -0.044961 0.299737 0.195786 0.000000 0.000000 0.000000 1.000000
0.274485 -0.337596 -0.900382 1.433633 0.085153 0.941200 -0.326942 99.234512 0.957814 0.013070 0.287092 -0.528012 0.000000 0.000000 0.000000 1.000000
0.269577 -0.340736 -0.900681 0.826238 0.035794 0.938207 -0.344219 101.697342 0.962313 0.060555 0.265116 -0.685723 0.000000 0.000000 0.000000 1.000000
0.253222 -0.344922 -0.903829 0.504415 0.001922 0.934457 -0.356072 104.620110 0.967406 0.088428 0.237288 -1.016623 0.000000 0.000000 0.000000 1.000000
0.240965 -0.352924 -0.904091 2.466204 -0.002783 0.931285 -0.364281 106.298859 0.970530 0.090295 0.223424 -1.114985 0.000000 0.000000 0.000000 1.000000
0.231627 -0.345029 -0.909563 5.012863 -0.010892 0.934011 -0.357077 106.031174 0.972744 0.092616 0.212584 -1.074004 0.000000 0.000000 0.000000 1.000000
0.221714 -0.331178 -0.917150 6.558672 -0.018834 0.938929 -0.343595 104.090393 0.974930 0.093453 0.201936 -1.018958 0.000000 0.000000 0.000000 1.000000
0.201336 -0.324145 -0.924334 7.243166 -0.039708 0.940182 -0.338352 101.117386 0.978717 0.104826 0.176422 -1.054880 0.000000 0.000000 0.000000 1.000000
0.197198 -0.323628 -0.925407 8.615759 -0.045429 0.939912 -0.338381 98.480965 0.979311 0.108768 0.170647 -1.090356 0.000000 0.000000 0.000000 1.000000
0.186394 -0.329916 -0.925426 10.018024 -0.060269 0.936319 -0.345939 96.649643 0.980625 0.120256 0.154640 -0.939878 0.000000 0.000000 0.000000 1.000000
0.170992 -0.336687 -0.925961 8.827686 -0.059810 0.934522 -0.350844 95.746223 0.983455 0.115373 0.139658 -0.815425 0.000000 0.000000 0.000000 1.000000
0.145512 -0.349616 -0.925524 7.333347 -0.038033 0.932813 -0.358349 96.432335 0.988625 0.087344 0.122438 -0.825405 0.000000 0.000000 0.000000 1.000000
0.124172 -0.355145 -0.926528 3.884164 -0.007661 0.933383 -0.358799 99.329376 0.992231 0.051651 0.113179 -0.917523 0.000000 0.000000 0.000000 1.000000
0.121021 -0.356187 -0.926545 0.810115 0.023790 0.934178 -0.356014 102.176865 0.992365 0.021042 0.121529 -1.313109 0.000000 0.000000 0.000000 1.000000
0.130199 -0.355584 -0.925531 -0.198402 0.076621 0.934294 -0.348172 104.305664 0.988523 -0.025584 0.148889 -1.536598 0.000000 0.000000 0.000000 1.000000
0.151681 -0.347597 -0.925294 0.247030 0.083164 0.937294 -0.338472 105.243546 0.984925 -0.025611 0.171077 -1.675668 0.000000 0.000000 0.000000 1.000000
0.169619 -0.332467 -0.927737 0.543349 0.062591 0.943111 -0.326533 105.195435 0.983520 -0.002682 0.180779 -1.454955 0.000000 0.000000 0.000000 1.000000
0.200207 -0.311238 -0.929004 1.071099 0.056011 0.950286 -0.306298 105.468163 0.978151 0.009288 0.207686 -1.110296 0.000000 0.000000 0.000000 1.000000
0.229607 -0.295875 -0.927221 2.828015 0.072602 0.955226 -0.286832 105.798164 0.970572 -0.001460 0.240808 -0.749395 0.000000 0.000000 0.000000 1.000000
0.216795 -0.296463 -0.930113 4.035529 0.095917 0.954631 -0.281921 103.888016 0.971494 -0.028094 0.235395 -0.040799 0.000000 0.000000 0.000000 1.000000
0.206766 -0.315768 -0.926034 5.240288 0.105854 0.948151 -0.299675 99.001160 0.972647 -0.036061 0.229470 0.445522 0.000000 0.000000 0.000000 1.000000
0.227702 -0.357556 -0.905707 5.949347 0.148086 0.932038 -0.330721 96.628464 0.962404 -0.058817 0.265176 0.680250 0.000000 0.000000 0.000000 1.000000
0.250427 -0.352768 -0.901577 5.214903 0.155717 0.933803 -0.322124 96.412117 0.955531 -0.059722 0.288781 0.949723 0.000000 0.000000 0.000000 1.000000</float_array>
        <technique_common>
          <accessor source="#mixamorig_Hips-Matrix-animation-output-transform-array" count="25" stride="16">
            <param type="float4x4"/>
          </accessor>
        </technique_common>
      </source>
      <source id="mixamorig_Hips-Interpolations">
        <Name_array id="mixamorig_Hips-Interpolations-array" count="25">
 LINEAR LINEAR LINEAR LINEAR LINEAR LINEAR LINEAR LINEAR LINEAR LINEAR LINEAR
LINEAR LINEAR LINEAR LINEAR LINEAR LINEAR LINEAR LINEAR LINEAR LINEAR LINEAR LINEAR
LINEAR LINEAR</Name_array>
        <technique_common>
          <accessor source="#mixamorig_Hips-Interpolations-array" count="25">
            <param type="name"/>
          </accessor>
        </technique_common>
      </source>
      <sampler id="mixamorig_Hips-Matrix-animation-transform">
        <input semantic="INPUT" source="#mixamorig_Hips-Matrix-animation-input"/>
        <input semantic="OUTPUT" source="#mixamorig_Hips-Matrix-animation-output-transform"/>
        <input semantic="INTERPOLATION" source="#mixamorig_Hips-Interpolations"/>
      </sampler>
      <channel source="#mixamorig_Hips-Matrix-animation-transform" target="mixamorig_Hips/matrix"/>
    </animation>
    <animation id="mixamorig_Spine-anim" name="mixamorig_Spine">
      <source id="mixamorig_Spine-Matrix-animation-input">
        <float_array id="mixamorig_Spine-Matrix-animation-input-array" count="25">

0.000000 0.033333 0.066667 0.100000 0.133333 0.166667 0.200000 0.233333 0.266667 0.300000 0.333333 0.366667 0.400000 0.433333 0.466667 0.500000
0.533333 0.566667 0.600000 0.633333 0.666667 0.700000 0.733333 0.766667 0.800000</float_array>
        <technique_common>
          <accessor source="#mixamorig_Spine-Matrix-animation-input-array" count="25">
            <param name="TIME" type="float"/>
          </accessor>
        </technique_common>
      </source>
      <source id="mixamorig_Spine-Matrix-animation-output-transform">
        <float_array id="mixamorig_Spine-Matrix-animation-output-transform-array" count="400">

0.976148 0.160693 0.145990 0.072000 -0.150998 0.985662 -0.075297 7.257300 -0.155996 0.051457 0.986416 -0.789700 0.000000 0.000000 0.000000 1.000000
0.981929 0.155490 0.107881 0.072000 -0.148285 0.986326 -0.071919 7.257300 -0.117588 0.054622 0.991559 -0.789700 0.000000 0.000000 0.000000 1.000000
0.989104 0.125226 0.077401 0.072000 -0.120985 0.991001 -0.057267 7.257300 -0.083876 0.047279 0.995354 -0.789700 0.000000 0.000000 0.000000 1.000000
0.995513 0.080803 0.049231 0.072000 -0.078958 0.996140 -0.038346 7.257300 -0.052140 0.034287 0.998051 -0.789700 0.000000 0.000000 0.000000 1.000000
0.999286 0.031943 0.020179 0.072000 -0.031474 0.999237 -0.023144 7.257300 -0.020903 0.022493 0.999528 -0.789700 0.000000 0.000000 0.000000 1.000000
0.999987 0.004941 -0.001591 0.072000 -0.004968 0.999836 -0.017421 7.257300 0.001505 0.017428 0.999847 -0.789700 0.000000 0.000000 0.000000 1.000000
0.999943 -0.005707 -0.009025 0.072000 0.005525 0.999784 -0.020039 7.257300 0.009138 0.019988 0.999758 -0.789700 0.000000 0.000000 0.000000 1.000000
0.999969 -0.007813 0.000428 0.072000 0.007822 0.999633 -0.025931 7.257300 -0.000226 0.025933 0.999664 -0.789700 0.000000 0.000000 0.000000 1.000000
0.999756 -0.002971 0.021879 0.072000 0.003642 0.999522 -0.030686 7.257300 -0.021777 0.030758 0.999290 -0.789700 0.000000 0.000000 0.000000 1.000000
0.998347 -0.005341 0.057227 0.072000 0.007351 0.999361 -0.034980 7.257300 -0.057003 0.035343 0.997748 -0.789700 0.000000 0.000000 0.000000 1.000000
0.994041 -0.017232 0.107635 0.072000 0.021827 0.998893 -0.041664 7.257300 -0.106798 0.043765 0.993317 -0.789700 0.000000 0.000000 0.000000 1.000000
0.986903 -0.025230 0.159332 0.072000 0.033531 0.998205 -0.049627 7.257300 -0.157793 0.054319 0.985977 -0.789700 0.000000 0.000000 0.000000 1.000000
0.978635 -0.013699 0.205149 0.072000 0.025718 0.998097 -0.056036 7.257300 -0.203991 0.060115 0.977125 -0.789700 0.000000 0.000000 0.000000 1.000000
0.968331 0.022235 0.248679 0.072000 -0.007959 0.998269 -0.058267 7.257300 -0.249545 0.054442 0.966832 -0.789700 0.000000 0.000000 0.000000 1.000000
0.953494 0.064572 0.294414 0.072000 -0.049451 0.997060 -0.058525 7.257300 -0.297328 0.041245 0.953884 -0.789700 0.000000 0.000000 0.000000 1.000000
0.935782 0.108112 0.335596 0.072000 -0.092652 0.993779 -0.061793 7.257300 -0.340189 0.026731 0.939977 -0.789700 0.000000 0.000000 0.000000 1.000000
0.920597 0.144015 0.362989 0.072000 -0.127942 0.989442 -0.068077 7.257300 -0.368961 0.016230 0.929303 -0.789700 0.000000 0.000000 0.000000 1.000000
0.912920 0.156798 0.376819 0.072000 -0.141252 0.987585 -0.068732 7.257300 -0.382917 0.009521 0.923734 -0.789700 0.000000 0.000000 0.000000 1.000000
0.912749 0.142032 0.383036 0.072000 -0.128834 0.989847 -0.060038 7.257300 -0.387675 0.005451 0.921780 -0.789700 0.000000 0.000000 0.000000 1.000000
0.922106 0.125070 0.366166 0.072000 -0.113662 0.992124 -0.052644 7.257300 -0.369866 0.006924 0.929059 -0.789700 0.000000 0.000000 0.000000 1.000000
0.935308 0.130454 0.328908 0.072000 -0.118887 0.991376 -0.055129 7.257300 -0.333263 0.012460 0.942751 -0.789700 0.000000 0.000000 0.000000 1.000000
0.947518 0.148713 0.283009 0.072000 -0.136742 0.988683 -0.061713 7.257300 -0.288984 0.019775 0.957130 -0.789700 0.000000 0.000000 0.000000 1.000000
0.959546 0.156348 0.234150 0.072000 -0.145136 0.987308 -0.064483 7.257300 -0.241260 0.027891 0.970060 -0.789700 0.000000 0.000000 0.000000 1.000000
0.970374 0.165571 0.175956 0.072000 -0.155751 0.985431 -0.068325 7.257300 -0.184705 0.038896 0.982024 -0.789700 0.000000 0.000000 0.000000 1.000000
0.976148 0.160692 0.145989 0.072000 -0.150997 0.985662 -0.075297 7.257300 -0.155996 0.051457 0.986417 -0.789700 0.000000 0.000000 0.000000 1.000000</float_array>
        <technique_common>
          <accessor source="#mixamorig_Spine-Matrix-animation-output-transform-array" count="25" stride="16">
            <param type="float4x4"/>
          </accessor>
        </technique_common>
      </source>
      <source id="mixamorig_Spine-Interpolations">
        <Name_array id="mixamorig_Spine-Interpolations-array" count="25">
 LINEAR LINEAR LINEAR LINEAR LINEAR LINEAR LINEAR LINEAR LINEAR LINEAR LINEAR
LINEAR LINEAR LINEAR LINEAR LINEAR LINEAR LINEAR LINEAR LINEAR LINEAR LINEAR LINEAR
LINEAR LINEAR</Name_array>
        <technique_common>
          <accessor source="#mixamorig_Spine-Interpolations-array" count="25">
            <param type="name"/>
          </accessor>
        </technique_common>
      </source>
      <sampler id="mixamorig_Spine-Matrix-animation-transform">
        <input semantic="INPUT" source="#mixamorig_Spine-Matrix-animation-input"/>
        <input semantic="OUTPUT" source="#mixamorig_Spine-Matrix-animation-output-transform"/>
        <input semantic="INTERPOLATION" source="#mixamorig_Spine-Interpolations"/>
      </sampler>
      <channel source="#mixamorig_Spine-Matrix-animation-transform" target="mixamorig_Spine/matrix"/>
    </animation>
    <animation id="mixamorig_Spine1-anim" name="mixamorig_Spine1">
      <source id="mixamorig_Spine1-Matrix-animation-input">
        <float_array id="mixamorig_Spine1-Matrix-animation-input-array" count="25">

0.000000 0.033333 0.066667 0.100000 0.133333 0.166667 0.200000 0.233333 0.266667 0.300000 0.333333 0.366667 0.400000 0.433333 0.466667 0.500000
0.533333 0.566667 0.600000 0.633333 0.666667 0.700000 0.733333 0.766667 0.800000</float_array>
        <technique_common>
          <accessor source="#mixamorig_Spine1-Matrix-animation-input-array" count="25">
            <param name="TIME" type="float"/>
          </accessor>
        </technique_common>
      </source>
      <source id="mixamorig_Spine1-Matrix-animation-output-transform">
        <float_array id="mixamorig_Spine1-Matrix-animation-output-transform-array" count="400">

0.997439 0.037321 0.061013 0.000000 -0.033727 0.997694 -0.058906 8.558700 -0.063071 0.056697 0.996397 0.000000 0.000000 0.000000 0.000000 1.000000
0.998186 0.034224 0.049532 0.000000 -0.031291 0.997778 -0.058822 8.558700 -0.051435 0.057165 0.997039 0.000000 0.000000 0.000000 0.000000 1.000000
0.998932 0.025277 0.038688 -0.000000 -0.023098 0.998177 -0.055752 8.558700 -0.040027 0.054799 0.997695 0.000000 0.000000 0.000000 0.000000 1.000000
0.999515 0.013136 0.028243 -0.000000 -0.011658 0.998587 -0.051853 8.558700 -0.028884 0.051499 0.998255 0.000000 0.000000 0.000000 0.000000 1.000000
0.999821 0.003375 0.018594 -0.000000 -0.002459 0.998793 -0.049050 8.558700 -0.018737 0.048995 0.998623 0.000000 0.000000 0.000000 0.000000 1.000000
0.999937 0.000502 0.011250 0.000000 0.000036 0.998857 -0.047796 8.558700 -0.011261 0.047793 0.998794 -0.000000 0.000000 0.000000 0.000000 1.000000
0.999955 0.004131 0.008502 -0.000000 -0.003722 0.998860 -0.047596 8.558700 -0.008689 0.047562 0.998830 0.000000 0.000000 0.000000 0.000000 1.000000
0.999866 0.009753 0.013185 0.000000 -0.009110 0.998806 -0.047991 8.558700 -0.013638 0.047865 0.998761 -0.000000 0.000000 0.000000 0.000000 1.000000
0.999629 0.012992 0.023960 -0.000000 -0.011806 0.998730 -0.048986 8.558700 -0.024566 0.048685 0.998512 0.000000 0.000000 0.000000 0.000000 1.000000
0.999173 0.013303 0.038412 0.000000 -0.011330 0.998628 -0.051131 8.558700 -0.039039 0.050654 0.997953 0.000000 0.000000 0.000000 0.000000 1.000000
0.998474 0.012773 0.053722 0.000000 -0.009803 0.998428 -0.055190 8.558700 -0.054343 0.054579 0.997030 0.000000 0.000000 0.000000 0.000000 1.000000
0.997517 0.014624 0.068894 0.000000 -0.010505 0.998157 -0.059774 8.558700 -0.069642 0.058902 0.995832 0.000000 0.000000 0.000000 0.000000 1.000000
0.996198 0.020701 0.084626 0.000000 -0.015423 0.997923 -0.062551 8.558700 -0.085746 0.061008 0.994447 0.000000 0.000000 0.000000 0.000000 1.000000
0.994349 0.031030 0.101522 0.000000 -0.024819 0.997775 -0.061878 8.558700 -0.103217 0.059009 0.992907 0.000000 0.000000 0.000000 0.000000 1.000000
0.992133 0.041726 0.118026 -0.000000 -0.034831 0.997597 -0.059885 8.558700 -0.120241 0.055303 0.991203 0.000000 0.000000 0.000000 0.000000 1.000000
0.990070 0.049171 0.131697 0.000000 -0.041799 0.997431 -0.058175 8.558700 -0.134219 0.052093 0.989582 0.000000 0.000000 0.000000 0.000000 1.000000
0.988916 0.050532 0.139614 -0.000000 -0.043043 0.997494 -0.056156 8.558700 -0.142102 0.049524 0.988612 0.000000 0.000000 0.000000 0.000000 1.000000
0.988694 0.047679 0.142167 -0.000000 -0.040577 0.997799 -0.052445 8.558700 -0.144355 0.046083 0.988452 0.000000 0.000000 0.000000 0.000000 1.000000
0.989163 0.043423 0.140251 0.000000 -0.037041 0.998170 -0.047799 8.558700 -0.142070 0.042086 0.988962 0.000000 0.000000 0.000000 0.000000 1.000000
0.990139 0.040882 0.133988 -0.000000 -0.035077 0.998353 -0.045403 8.558700 -0.135623 0.040255 0.989942 0.000000 0.000000 0.000000 0.000000 1.000000
0.991563 0.040662 0.123079 0.000000 -0.035165 0.998299 -0.046509 8.558700 -0.124761 0.041789 0.991306 -0.000000 0.000000 0.000000 0.000000 1.000000
0.993415 0.041872 0.106642 0.000000 -0.036723 0.998084 -0.049791 8.558700 -0.108523 0.045547 0.993050 0.000000 0.000000 0.000000 0.000000 1.000000
0.995373 0.042716 0.086069 0.000000 -0.038246 0.997866 -0.052928 8.558700 -0.088146 0.049392 0.994882 0.000000 0.000000 0.000000 0.000000 1.000000
0.996825 0.041518 0.067947 0.000000 -0.037771 0.997743 -0.055527 8.558700 -0.070099 0.052784 0.996143 0.000000 0.000000 0.000000 0.000000 1.000000
0.997439 0.037321 0.061013 -0.000000 -0.033727 0.997694 -0.058906 8.558700 -0.063071 0.056697 0.996397 -0.000000 0.000000 0.000000 0.000000 1.000000</float_array>
        <technique_common>
          <accessor source="#mixamorig_Spine1-Matrix-animation-output-transform-array" count="25" stride="16">
            <param type="float4x4"/>
          </accessor>
        </technique_common>
      </source>
      <source id="mixamorig_Spine1-Interpolations">
        <Name_array id="mixamorig_Spine1-Interpolations-array" count="25">
 LINEAR LINEAR LINEAR LINEAR LINEAR LINEAR LINEAR LINEAR LINEAR LINEAR LINEAR
LINEAR LINEAR LINEAR LINEAR LINEAR LINEAR LINEAR LINEAR LINEAR LINEAR LINEAR LINEAR
LINEAR LINEAR</Name_array>
        <technique_common>
          <accessor source="#mixamorig_Spine1-Interpolations-array" count="25">
            <param type="name"/>
          </accessor>
        </technique_common>
      </source>
      <sampler id="mixamorig_Spine1-Matrix-animation-transform">
        <input semantic="INPUT" source="#mixamorig_Spine1-Matrix-animation-input"/>
        <input semantic="OUTPUT" source="#mixamorig_Spine1-Matrix-animation-output-transform"/>
        <input semantic="INTERPOLATION" source="#mixamorig_Spine1-Interpolations"/>
      </sampler>
      <channel source="#mixamorig_Spine1-Matrix-animation-transform" target="mixamorig_Spine1/matrix"/>
    </animation>
    <animation id="mixamorig_Spine2-anim" name="mixamorig_Spine2">
      <source id="mixamorig_Spine2-Matrix-animation-input">
        <float_array id="mixamorig_Spine2-Matrix-animation-input-array" count="25">

0.000000 0.033333 0.066667 0.100000 0.133333 0.166667 0.200000 0.233333 0.266667 0.300000 0.333333 0.366667 0.400000 0.433333 0.466667 0.500000
0.533333 0.566667 0.600000 0.633333 0.666667 0.700000 0.733333 0.766667 0.800000</float_array>
        <technique_common>
          <accessor source="#mixamorig_Spine2-Matrix-animation-input-array" count="25">
            <param name="TIME" type="float"/>
          </accessor>
        </technique_common>
      </source>
      <source id="mixamorig_Spine2-Matrix-animation-output-transform">
        <float_array id="mixamorig_Spine2-Matrix-animation-output-transform-array" count="400">

0.997419 0.043780 0.056903 0.000000 -0.034631 0.987643 -0.152844 29.149500 -0.062891 0.150479 0.986611 1.721100 0.000000 0.000000 0.000000 1.000000
0.998168 0.039438 0.045887 -0.000000 -0.032002 0.987739 -0.152800 29.149500 -0.051351 0.151052 0.987191 1.721100 0.000000 0.000000 0.000000 1.000000
0.998916 0.029299 0.036164 -0.000000 -0.023569 0.988436 -0.149794 29.149500 -0.040134 0.148779 0.988056 1.721100 0.000000 0.000000 0.000000 1.000000
0.999503 0.016024 0.027155 0.000000 -0.011893 0.989217 -0.145976 29.149500 -0.029201 0.145580 0.988915 1.721100 0.000000 0.000000 0.000000 1.000000
0.999813 0.005257 0.018613 -0.000000 -0.002537 0.989682 -0.143261 29.149500 -0.019175 0.143187 0.989510 1.721100 0.000000 0.000000 0.000000 1.000000
0.999932 0.001653 0.011582 -0.000000 0.000010 0.989855 -0.142085 29.149500 -0.011700 0.142075 0.989787 1.721100 0.000000 0.000000 0.000000 1.000000
0.999952 0.005027 0.008407 0.000000 -0.003783 0.989870 -0.141928 29.149500 -0.009035 0.141889 0.989841 1.721100 0.000000 0.000000 0.000000 1.000000
0.999861 0.011128 0.012410 -0.000000 -0.009250 0.989780 -0.142306 29.149500 -0.013866 0.142171 0.989745 1.721100 0.000000 0.000000 0.000000 1.000000
0.999622 0.015446 0.022726 0.000000 -0.012035 0.989614 -0.143246 29.149500 -0.024703 0.142919 0.989426 1.721100 0.000000 0.000000 0.000000 1.000000
0.999166 0.017222 0.037012 -0.000000 -0.011669 0.989313 -0.145337 29.149500 -0.039119 0.144783 0.988690 1.721100 0.000000 0.000000 0.000000 1.000000
0.998467 0.018313 0.052226 0.000000 -0.010321 0.988727 -0.149371 29.149500 -0.054372 0.148603 0.987401 1.721100 0.000000 0.000000 0.000000 1.000000
0.997511 0.021843 0.067039 0.000000 -0.011287 0.988012 -0.153965 29.149500 -0.069599 0.152825 0.985799 1.721100 0.000000 0.000000 0.000000 1.000000
0.996193 0.029670 0.081977 -0.000000 -0.016512 0.987500 -0.156750 29.149500 -0.085603 0.154800 0.984230 1.721100 0.000000 0.000000 0.000000 1.000000
0.994338 0.041769 0.097713 -0.000000 -0.026151 0.987415 -0.155973 29.149500 -0.102999 0.152534 0.982916 1.721100 0.000000 0.000000 0.000000 1.000000
0.992108 0.054074 0.113127 0.000000 -0.036294 0.987450 -0.153702 29.149500 -0.120019 0.148383 0.981620 1.721100 0.000000 0.000000 0.000000 1.000000
0.990026 0.062813 0.126108 -0.000000 -0.043338 0.987487 -0.151627 29.149500 -0.134054 0.144650 0.980360 1.721100 0.000000 0.000000 0.000000 1.000000
0.988859 0.065064 0.133882 -0.000000 -0.044761 0.987759 -0.149426 29.149500 -0.141966 0.141768 0.979667 1.721100 0.000000 0.000000 0.000000 1.000000
0.988639 0.062794 0.136563 -0.000000 -0.042630 0.988386 -0.145864 29.149500 -0.144136 0.138385 0.979834 1.721100 0.000000 0.000000 0.000000 1.000000
0.989125 0.058779 0.134820 -0.000000 -0.039478 0.989135 -0.141607 29.149500 -0.141679 0.134745 0.980699 1.721100 0.000000 0.000000 0.000000 1.000000
0.990117 0.055849 0.128645 0.000000 -0.037683 0.989498 -0.139551 29.149500 -0.135087 0.133325 0.981823 1.721100 0.000000 0.000000 0.000000 1.000000
0.991545 0.054432 0.117796 0.000000 -0.037587 0.989330 -0.140762 29.149500 -0.124201 0.135145 0.983011 1.721100 0.000000 0.000000 0.000000 1.000000
0.993393 0.053600 0.101474 0.000000 -0.038651 0.988832 -0.143936 29.149500 -0.108055 0.139063 0.984371 1.721100 0.000000 0.000000 0.000000 1.000000
0.995350 0.051936 0.081127 0.000000 -0.039597 0.988356 -0.146914 29.149500 -0.087812 0.143018 0.985817 1.721100 0.000000 0.000000 0.000000 1.000000
0.996804 0.048650 0.063359 0.000000 -0.038723 0.988013 -0.149435 29.149500 -0.069870 0.146504 0.986739 1.721100 0.000000 0.000000 0.000000 1.000000
0.997419 0.043780 0.056902 0.000000 -0.034631 0.987643 -0.152844 29.149500 -0.062891 0.150479 0.986611 1.721100 0.000000 0.000000 0.000000 1.000000</float_array>
        <technique_common>
          <accessor source="#mixamorig_Spine2-Matrix-animation-output-transform-array" count="25" stride="16">
            <param type="float4x4"/>
          </accessor>
        </technique_common>
      </source>
      <source id="mixamorig_Spine2-Interpolations">
        <Name_array id="mixamorig_Spine2-Interpolations-array" count="25">
 LINEAR LINEAR LINEAR LINEAR LINEAR LINEAR LINEAR LINEAR LINEAR LINEAR LINEAR
LINEAR LINEAR LINEAR LINEAR LINEAR LINEAR LINEAR LINEAR LINEAR LINEAR LINEAR LINEAR
LINEAR LINEAR</Name_array>
        <technique_common>
          <accessor source="#mixamorig_Spine2-Interpolations-array" count="25">
            <param type="name"/>
          </accessor>
        </technique_common>
      </source>
      <sampler id="mixamorig_Spine2-Matrix-animation-transform">
        <input semantic="INPUT" source="#mixamorig_Spine2-Matrix-animation-input"/>
        <input semantic="OUTPUT" source="#mixamorig_Spine2-Matrix-animation-output-transform"/>
        <input semantic="INTERPOLATION" source="#mixamorig_Spine2-Interpolations"/>
      </sampler>
      <channel source="#mixamorig_Spine2-Matrix-animation-transform" target="mixamorig_Spine2/matrix"/>
    </animation>
    <animation id="mixamorig_Neck-anim" name="mixamorig_Neck">
      <source id="mixamorig_Neck-Matrix-animation-input">
        <float_array id="mixamorig_Neck-Matrix-animation-input-array" count="25">

0.000000 0.033333 0.066667 0.100000 0.133333 0.166667 0.200000 0.233333 0.266667 0.300000 0.333333 0.366667 0.400000 0.433333 0.466667 0.500000
0.533333 0.566667 0.600000 0.633333 0.666667 0.700000 0.733333 0.766667 0.800000</float_array>
        <technique_common>
          <accessor source="#mixamorig_Neck-Matrix-animation-input-array" count="25">
            <param name="TIME" type="float"/>
          </accessor>
        </technique_common>
      </source>
      <source id="mixamorig_Neck-Matrix-animation-output-transform">
        <float_array id="mixamorig_Neck-Matrix-animation-output-transform-array" count="400">

0.992070 -0.039773 0.119226 0.000000 0.037691 0.999096 0.019665 13.857900 -0.119900 -0.015015 0.992672 7.405300 0.000000 0.000000 0.000000 1.000000
0.990805 -0.038718 0.129637 -0.000000 0.036613 0.999157 0.018581 13.857900 -0.130247 -0.013664 0.991387 7.405300 0.000000 0.000000 0.000000 1.000000
0.989424 -0.033310 0.141177 -0.000000 0.031449 0.999387 0.015389 13.857900 -0.141603 -0.010786 0.989865 7.405300 0.000000 0.000000 0.000000 1.000000
0.987733 -0.024220 0.154263 0.000000 0.022190 0.999643 0.014872 13.857900 -0.154568 -0.011267 0.987918 7.405300 0.000000 0.000000 0.000000 1.000000
0.985715 -0.015349 0.167719 0.000000 0.011885 0.999695 0.021637 13.857900 -0.168000 -0.019334 0.985597 7.405300 0.000000 0.000000 0.000000 1.000000
0.983942 -0.010596 0.178175 0.000000 0.004929 0.999469 0.032218 13.857900 -0.178422 -0.030823 0.983471 7.405300 0.000000 0.000000 0.000000 1.000000
0.983164 -0.010090 0.182445 -0.000000 0.002809 0.999191 0.040122 13.857900 -0.182703 -0.038934 0.982397 7.405300 0.000000 0.000000 0.000000 1.000000
0.983954 -0.011994 0.178019 -0.000000 0.005062 0.999213 0.039346 13.857900 -0.178351 -0.037813 0.983240 7.405300 0.000000 0.000000 0.000000 1.000000
0.985754 -0.014872 0.167532 0.000000 0.009384 0.999394 0.033505 13.857900 -0.167929 -0.031456 0.985297 7.405300 0.000000 0.000000 0.000000 1.000000
0.987903 -0.018492 0.153966 -0.000000 0.014188 0.999478 0.029009 13.857900 -0.154422 -0.026474 0.987650 7.405300 0.000000 0.000000 0.000000 1.000000
0.989819 -0.022310 0.140573 0.000000 0.017952 0.999320 0.032199 13.857900 -0.141196 -0.029348 0.989547 7.405300 0.000000 0.000000 0.000000 1.000000
0.991354 -0.026975 0.128411 -0.000000 0.021987 0.998954 0.040103 13.857900 -0.129359 -0.036933 0.990910 7.405300 0.000000 0.000000 0.000000 1.000000
0.992608 -0.034642 0.116314 0.000000 0.029506 0.998524 0.045591 13.857900 -0.117721 -0.041822 0.992166 7.405300 0.000000 0.000000 0.000000 1.000000
0.993683 -0.046506 0.102131 0.000000 0.042487 0.998248 0.041182 13.857900 -0.103867 -0.036583 0.993918 7.405300 0.000000 0.000000 0.000000 1.000000
0.994587 -0.058071 0.086163 -0.000000 0.055750 0.998020 0.029108 13.857900 -0.087683 -0.024147 0.995856 7.405300 0.000000 0.000000 0.000000 1.000000
0.995400 -0.064717 0.070649 0.000000 0.063901 0.997861 0.013751 13.857900 -0.071388 -0.009173 0.997406 7.405300 0.000000 0.000000 0.000000 1.000000
0.996123 -0.065010 0.059271 -0.000000 0.065179 0.997873 -0.000921 13.857900 -0.059085 0.004780 0.998241 7.405300 0.000000 0.000000 0.000000 1.000000
0.996499 -0.064508 0.053187 -0.000000 0.065279 0.997784 -0.012877 13.857900 -0.052238 0.016304 0.998502 7.405300 0.000000 0.000000 0.000000 1.000000
0.996368 -0.067100 0.052432 0.000000 0.068225 0.997470 -0.019972 13.857900 -0.050959 0.023477 0.998425 7.405300 0.000000 0.000000 0.000000 1.000000
0.995738 -0.071683 0.058031 -0.000000 0.072845 0.997178 -0.018148 13.857900 -0.056566 0.022298 0.998150 7.405300 0.000000 0.000000 0.000000 1.000000
0.994967 -0.071251 0.070451 -0.000000 0.071987 0.997374 -0.007957 13.857900 -0.069699 0.012989 0.997484 7.405300 0.000000 0.000000 0.000000 1.000000
0.994108 -0.061525 0.089245 0.000000 0.061180 0.998105 0.006605 13.857900 -0.089483 -0.001106 0.995988 7.405300 0.000000 0.000000 0.000000 1.000000
0.993000 -0.045416 0.109032 0.000000 0.043716 0.998883 0.017930 13.857900 -0.109725 -0.013038 0.993876 7.405300 0.000000 0.000000 0.000000 1.000000
0.992026 -0.034113 0.121325 0.000000 0.031667 0.999256 0.022032 13.857900 -0.121987 -0.018014 0.992368 7.405300 0.000000 0.000000 0.000000 1.000000
0.992070 -0.039773 0.119226 0.000000 0.037691 0.999096 0.019665 13.857900 -0.119900 -0.015015 0.992672 7.405300 0.000000 0.000000 0.000000 1.000000</float_array>
        <technique_common>
          <accessor source="#mixamorig_Neck-Matrix-animation-output-transform-array" count="25" stride="16">
            <param type="float4x4"/>
          </accessor>
        </technique_common>
      </source>
      <source id="mixamorig_Neck-Interpolations">
        <Name_array id="mixamorig_Neck-Interpolations-array" count="25">
 LINEAR LINEAR LINEAR LINEAR LINEAR LINEAR LINEAR LINEAR LINEAR LINEAR LINEAR
LINEAR LINEAR LINEAR LINEAR LINEAR LINEAR LINEAR LINEAR LINEAR LINEAR LINEAR LINEAR
LINEAR LINEAR</Name_array>
        <technique_common>
          <accessor source="#mixamorig_Neck-Interpolations-array" count="25">
            <param type="name"/>
          </accessor>
        </technique_common>
      </source>
      <sampler id="mixamorig_Neck-Matrix-animation-transform">
        <input semantic="INPUT" source="#mixamorig_Neck-Matrix-animation-input"/>
        <input semantic="OUTPUT" source="#mixamorig_Neck-Matrix-animation-output-transform"/>
        <input semantic="INTERPOLATION" source="#mixamorig_Neck-Interpolations"/>
      </sampler>
      <channel source="#mixamorig_Neck-Matrix-animation-transform" target="mixamorig_Neck/matrix"/>
    </animation>
    <animation id="mixamorig_Head-anim" name="mixamorig_Head">
      <source id="mixamorig_Head-Matrix-animation-input">
        <float_array id="mixamorig_Head-Matrix-animation-input-array" count="25">

0.000000 0.033333 0.066667 0.100000 0.133333 0.166667 0.200000 0.233333 0.266667 0.300000 0.333333 0.366667 0.400000 0.433333 0.466667 0.500000
0.533333 0.566667 0.600000 0.633333 0.666667 0.700000 0.733333 0.766667 0.800000</float_array>
        <technique_common>
          <accessor source="#mixamorig_Head-Matrix-animation-input-array" count="25">
            <param name="TIME" type="float"/>
          </accessor>
        </technique_common>
      </source>
      <source id="mixamorig_Head-Matrix-animation-output-transform">
        <float_array id="mixamorig_Head-Matrix-animation-output-transform-array" count="400">

0.654083 0.194416 0.731011 -0.000000 -0.480878 0.852856 0.203452 8.198500 -0.583893 -0.484602 0.651329 5.703100 0.000000 0.000000 0.000000 1.000000
0.635420 0.178960 0.751143 -0.000000 -0.467071 0.863712 0.189333 8.198500 -0.614887 -0.471143 0.632406 5.703100 0.000000 0.000000 0.000000 1.000000
0.601986 0.184500 0.776899 0.000000 -0.459742 0.875582 0.148300 8.198500 -0.652878 -0.446447 0.611911 5.703100 0.000000 0.000000 0.000000 1.000000
0.557785 0.198727 0.805844 0.000000 -0.459289 0.882612 0.100250 8.198500 -0.691325 -0.426033 0.583580 5.703100 0.000000 0.000000 0.000000 1.000000
0.515087 0.203829 0.832549 0.000000 -0.463957 0.883019 0.070858 8.198500 -0.720714 -0.422765 0.549400 5.703100 0.000000 0.000000 0.000000 1.000000
0.489322 0.193782 0.850302 0.000000 -0.468168 0.880969 0.068644 8.198500 -0.735787 -0.431673 0.521800 5.703100 0.000000 0.000000 0.000000 1.000000
0.487497 0.176007 0.855200 -0.000000 -0.468247 0.879409 0.085929 8.198500 -0.736947 -0.442336 0.511125 5.703100 0.000000 0.000000 0.000000 1.000000
0.508395 0.164025 0.845358 0.000000 -0.462934 0.879826 0.107693 8.198500 -0.726104 -0.446095 0.523232 5.703100 0.000000 0.000000 0.000000 1.000000
0.538103 0.163412 0.826887 0.000000 -0.459225 0.879476 0.125040 8.198500 -0.706794 -0.447011 0.548291 5.703100 0.000000 0.000000 0.000000 1.000000
0.567144 0.173894 0.805052 0.000000 -0.465109 0.874303 0.138808 8.198500 -0.679722 -0.453161 0.576735 5.703100 0.000000 0.000000 0.000000 1.000000
0.590116 0.191179 0.784355 0.000000 -0.482820 0.862234 0.153092 8.198500 -0.647030 -0.469045 0.601123 5.703100 0.000000 0.000000 0.000000 1.000000
0.610524 0.206253 0.764670 -0.000000 -0.497985 0.850730 0.168133 8.198500 -0.615850 -0.483444 0.622102 5.703100 0.000000 0.000000 0.000000 1.000000
0.634097 0.213348 0.743239 0.000000 -0.497787 0.848154 0.181225 8.198500 -0.591717 -0.484888 0.644014 5.703100 0.000000 0.000000 0.000000 1.000000
0.665389 0.211835 0.715809 0.000000 -0.478130 0.857328 0.190735 8.198500 -0.573279 -0.469163 0.671742 5.703100 0.000000 0.000000 0.000000 1.000000
0.700543 0.209718 0.682098 0.000000 -0.452691 0.869498 0.197596 8.198500 -0.551643 -0.447204 0.704058 5.703100 0.000000 0.000000 0.000000 1.000000
0.733233 0.213334 0.645646 0.000000 -0.432407 0.879082 0.200600 8.198500 -0.524780 -0.426268 0.736818 5.703100 0.000000 0.000000 0.000000 1.000000
0.755738 0.224275 0.615273 0.000000 -0.421838 0.885361 0.195418 8.198500 -0.500911 -0.407231 0.763709 5.703100 0.000000 0.000000 0.000000 1.000000
0.767039 0.235102 0.596975 0.000000 -0.414537 0.891763 0.181433 8.198500 -0.489705 -0.386634 0.781475 5.703100 0.000000 0.000000 0.000000 1.000000
0.768529 0.239277 0.593389 0.000000 -0.405661 0.899425 0.162710 8.198500 -0.494776 -0.365762 0.788299 5.703100 0.000000 0.000000 0.000000 1.000000
0.759741 0.231662 0.607558 0.000000 -0.395954 0.905989 0.149680 8.198500 -0.515766 -0.354283 0.780044 5.703100 0.000000 0.000000 0.000000 1.000000
0.740206 0.215095 0.637048 0.000000 -0.392746 0.907333 0.149989 8.198500 -0.545753 -0.361221 0.756091 5.703100 0.000000 0.000000 0.000000 1.000000
0.709949 0.194775 0.676783 -0.000000 -0.402731 0.900639 0.163267 8.198500 -0.577737 -0.388473 0.717850 5.703100 0.000000 0.000000 0.000000 1.000000
0.677144 0.180531 0.713361 0.000000 -0.427716 0.885416 0.181929 8.198500 -0.598778 -0.428308 0.676770 5.703100 0.000000 0.000000 0.000000 1.000000
0.655945 0.178782 0.733330 0.000000 -0.456613 0.867600 0.196912 8.198500 -0.601033 -0.464012 0.650732 5.703100 0.000000 0.000000 0.000000 1.000000
0.654083 0.194416 0.731011 0.000000 -0.480878 0.852856 0.203452 8.198500 -0.583893 -0.484602 0.651329 5.703100 0.000000 0.000000 0.000000 1.000000</float_array>
        <technique_common>
          <accessor source="#mixamorig_Head-Matrix-animation-output-transform-array" count="25" stride="16">
            <param type="float4x4"/>
          </accessor>
        </technique_common>
      </source>
      <source id="mixamorig_Head-Interpolations">
        <Name_array id="mixamorig_Head-Interpolations-array" count="25">
 LINEAR LINEAR LINEAR LINEAR LINEAR LINEAR LINEAR LINEAR LINEAR LINEAR LINEAR
LINEAR LINEAR LINEAR LINEAR LINEAR LINEAR LINEAR LINEAR LINEAR LINEAR LINEAR LINEAR
LINEAR LINEAR</Name_array>
        <technique_common>
          <accessor source="#mixamorig_Head-Interpolations-array" count="25">
            <param type="name"/>
          </accessor>
        </technique_common>
      </source>
      <sampler id="mixamorig_Head-Matrix-animation-transform">
        <input semantic="INPUT" source="#mixamorig_Head-Matrix-animation-input"/>
        <input semantic="OUTPUT" source="#mixamorig_Head-Matrix-animation-output-transform"/>
        <input semantic="INTERPOLATION" source="#mixamorig_Head-Interpolations"/>
      </sampler>
      <channel source="#mixamorig_Head-Matrix-animation-transform" target="mixamorig_Head/matrix"/>
    </animation>
    <animation id="mixamorig_LeftShoulder-anim" name="mixamorig_LeftShoulder">
      <source id="mixamorig_LeftShoulder-Matrix-animation-input">
        <float_array id="mixamorig_LeftShoulder-Matrix-animation-input-array" count="25">

0.000000 0.033333 0.066667 0.100000 0.133333 0.166667 0.200000 0.233333 0.266667 0.300000 0.333333 0.366667 0.400000 0.433333 0.466667 0.500000
0.533333 0.566667 0.600000 0.633333 0.666667 0.700000 0.733333 0.766667 0.800000</float_array>
        <technique_common>
          <accessor source="#mixamorig_LeftShoulder-Matrix-animation-input-array" count="25">
            <param name="TIME" type="float"/>
          </accessor>
        </technique_common>
      </source>
      <source id="mixamorig_LeftShoulder-Matrix-animation-output-transform">
        <float_array id="mixamorig_LeftShoulder-Matrix-animation-output-transform-array" count="400">

0.181335 0.732960 -0.655658 12.584900 -0.073450 -0.654754 -0.752264 11.395200 -0.980675 0.184570 -0.064894 -1.453100 0.000000 0.000000 0.000000 1.000000
0.204909 0.728199 -0.654018 12.584900 -0.075319 -0.654483 -0.752315 11.395200 -0.975879 0.203416 -0.079262 -1.453100 0.000000 0.000000 0.000000 1.000000
0.218600 0.741725 -0.634081 12.584900 -0.073089 -0.635526 -0.768613 11.395200 -0.973073 0.214363 -0.084714 -1.453100 0.000000 0.000000 0.000000 1.000000
0.213412 0.765296 -0.607270 12.584900 -0.067990 -0.608449 -0.790675 11.395200 -0.974594 0.210028 -0.077818 -1.453100 0.000000 0.000000 0.000000 1.000000
0.184349 0.790170 -0.584506 12.584900 -0.063431 -0.583894 -0.809348 11.395200 -0.980812 0.186278 -0.057519 -1.453100 0.000000 0.000000 0.000000 1.000000
0.148603 0.806787 -0.571849 12.584900 -0.061495 -0.569612 -0.819610 11.395200 -0.986983 0.156962 -0.035033 -1.453100 0.000000 0.000000 0.000000 1.000000
0.122579 0.812459 -0.569987 12.584900 -0.061257 -0.567029 -0.821417 11.395200 -0.990567 0.135604 -0.019737 -1.453100 0.000000 0.000000 0.000000 1.000000
0.114137 0.810166 -0.574982 12.584900 -0.061507 -0.571891 -0.818021 11.395200 -0.991559 0.128732 -0.015443 -1.453100 0.000000 0.000000 0.000000 1.000000
0.112659 0.806700 -0.580124 12.584900 -0.061771 -0.577025 -0.814387 11.395200 -0.991712 0.127583 -0.015177 -1.453100 0.000000 0.000000 0.000000 1.000000
0.109474 0.804665 -0.583549 12.584900 -0.061957 -0.580412 -0.811963 11.395200 -0.992057 0.125044 -0.013685 -1.453100 0.000000 0.000000 0.000000 1.000000
0.098030 0.803848 -0.586702 12.584900 -0.062167 -0.583443 -0.809771 11.395200 -0.993240 0.115855 -0.007222 -1.453100 0.000000 0.000000 0.000000 1.000000
0.075773 0.804585 -0.588983 12.584900 -0.062064 -0.585730 -0.808126 11.395200 -0.995192 0.097789 0.005553 -1.453100 0.000000 0.000000 0.000000 1.000000
0.041474 0.810889 -0.583728 12.584900 -0.060916 -0.581092 -0.811555 11.395200 -0.997281 0.069216 0.025296 -1.453100 0.000000 0.000000 0.000000 1.000000
-0.003193 0.830439 -0.557101 12.584900 -0.059171 -0.556285 -0.828882 11.395200 -0.998243 0.030318 0.050914 -1.453100 0.000000 0.000000 0.000000 1.000000
-0.047646 0.860926 -0.506495 12.584900 -0.060168 -0.508624 -0.858884 11.395200 -0.997051 -0.010448 0.076034 -1.453100 0.000000 0.000000 0.000000 1.000000
-0.080148 0.894379 -0.440071 12.584900 -0.065414 -0.445259 -0.893009 11.395200 -0.994634 -0.042786 0.094191 -1.453100 0.000000 0.000000 0.000000 1.000000
-0.090152 0.921343 -0.378152 12.584900 -0.071466 -0.384704 -0.920269 11.395200 -0.993361 -0.055939 0.100527 -1.453100 0.000000 0.000000 0.000000 1.000000
-0.084106 0.938306 -0.335421 12.584900 -0.074734 -0.341606 -0.936867 11.395200 -0.993650 -0.053729 0.098854 -1.453100 0.000000 0.000000 0.000000 1.000000
-0.070749 0.945703 -0.317239 12.584900 -0.075234 -0.322189 -0.943681 11.395200 -0.994653 -0.042897 0.093943 -1.453100 0.000000 0.000000 0.000000 1.000000
-0.055354 0.942075 -0.330803 12.584900 -0.073764 -0.334264 -0.939588 11.395200 -0.995738 -0.027609 0.087994 -1.453100 0.000000 0.000000 0.000000 1.000000
-0.035517 0.925428 -0.377256 12.584900 -0.070172 -0.378871 -0.922785 11.395200 -0.996902 -0.006302 0.078396 -1.453100 0.000000 0.000000 0.000000 1.000000
-0.007746 0.890829 -0.454273 12.584900 -0.065205 -0.453769 -0.888730 11.395200 -0.997842 0.022736 0.061601 -1.453100 0.000000 0.000000 0.000000 1.000000
0.033561 0.837650 -0.545175 12.584900 -0.061795 -0.542700 -0.837650 11.395200 -0.997524 0.061802 0.033549 -1.453100 0.000000 0.000000 0.000000 1.000000
0.094609 0.778183 -0.620870 12.584900 -0.064518 -0.617564 -0.783870 11.395200 -0.993422 0.114219 -0.008220 -1.453100 0.000000 0.000000 0.000000 1.000000
0.181335 0.732960 -0.655658 12.584900 -0.073450 -0.654754 -0.752265 11.395200 -0.980675 0.184570 -0.064893 -1.453100 0.000000 0.000000 0.000000 1.000000</float_array>
        <technique_common>
          <accessor source="#mixamorig_LeftShoulder-Matrix-animation-output-transform-array" count="25" stride="16">
            <param type="float4x4"/>
          </accessor>
        </technique_common>
      </source>
      <source id="mixamorig_LeftShoulder-Interpolations">
        <Name_array id="mixamorig_LeftShoulder-Interpolations-array" count="25">
 LINEAR LINEAR LINEAR LINEAR LINEAR LINEAR LINEAR LINEAR LINEAR LINEAR LINEAR
LINEAR LINEAR LINEAR LINEAR LINEAR LINEAR LINEAR LINEAR LINEAR LINEAR LINEAR LINEAR
LINEAR LINEAR</Name_array>
        <technique_common>
          <accessor source="#mixamorig_LeftShoulder-Interpolations-array" count="25">
            <param type="name"/>
          </accessor>
        </technique_common>
      </source>
      <sampler id="mixamorig_LeftShoulder-Matrix-animation-transform">
        <input semantic="INPUT" source="#mixamorig_LeftShoulder-Matrix-animation-input"/>
        <input semantic="OUTPUT" source="#mixamorig_LeftShoulder-Matrix-animation-output-transform"/>
        <input semantic="INTERPOLATION" source="#mixamorig_LeftShoulder-Interpolations"/>
      </sampler>
      <channel source="#mixamorig_LeftShoulder-Matrix-animation-transform" target="mixamorig_LeftShoulder/matrix"/>
    </animation>
    <animation id="mixamorig_LeftArm-anim" name="mixamorig_LeftArm">
      <source id="mixamorig_LeftArm-Matrix-animation-input">
        <float_array id="mixamorig_LeftArm-Matrix-animation-input-array" count="25">

0.000000 0.033333 0.066667 0.100000 0.133333 0.166667 0.200000 0.233333 0.266667 0.300000 0.333333 0.366667 0.400000 0.433333 0.466667 0.500000
0.533333 0.566667 0.600000 0.633333 0.666667 0.700000 0.733333 0.766667 0.800000</float_array>
        <technique_common>
          <accessor source="#mixamorig_LeftArm-Matrix-animation-input-array" count="25">
            <param name="TIME" type="float"/>
          </accessor>
        </technique_common>
      </source>
      <source id="mixamorig_LeftArm-Matrix-animation-output-transform">
        <float_array id="mixamorig_LeftArm-Matrix-animation-output-transform-array" count="400">

0.966928 0.230640 0.108881 -0.000000 -0.186314 0.930280 -0.316015 15.319300 -0.174175 0.285278 0.942486 0.000000 0.000000 0.000000 0.000000 1.000000
0.982651 0.074146 0.169999 -0.000000 -0.032770 0.971600 -0.234349 15.319300 -0.182547 0.224712 0.957173 0.000000 0.000000 0.000000 0.000000 1.000000
0.976234 -0.045510 0.211888 0.000000 0.081667 0.982880 -0.165157 15.319300 -0.200744 0.178536 0.963238 0.000000 0.000000 0.000000 0.000000 1.000000
0.964138 -0.133186 0.229566 0.000000 0.160833 0.981253 -0.106186 15.319300 -0.211120 0.139299 0.967483 0.000000 0.000000 0.000000 0.000000 1.000000
0.955970 -0.196473 0.217990 0.000000 0.213428 0.975299 -0.056932 15.319300 -0.201420 0.100950 0.974289 0.000000 0.000000 0.000000 0.000000 1.000000
0.952957 -0.238309 0.187298 0.000000 0.247279 0.968603 -0.025730 15.319300 -0.175286 0.070834 0.981966 0.000000 0.000000 0.000000 0.000000 1.000000
0.956816 -0.246567 0.153973 0.000000 0.253587 0.966923 -0.027437 15.319300 -0.142115 0.065298 0.987694 0.000000 0.000000 0.000000 0.000000 1.000000
0.968558 -0.203599 0.142979 -0.000000 0.215750 0.973548 -0.075210 15.319300 -0.123884 0.103692 0.986864 0.000000 0.000000 0.000000 0.000000 1.000000
0.980049 -0.121423 0.157352 -0.000000 0.145502 0.977638 -0.151834 15.319300 -0.135397 0.171700 0.975801 0.000000 0.000000 0.000000 0.000000 1.000000
0.983363 -0.019955 0.180550 -0.000000 0.063442 0.969085 -0.238433 15.319300 -0.170210 0.245921 0.954228 0.000000 0.000000 0.000000 0.000000 1.000000
0.979518 0.074953 0.186888 0.000000 -0.012365 0.948776 -0.315707 15.319300 -0.200978 0.306930 0.930270 0.000000 0.000000 0.000000 0.000000 1.000000
0.972125 0.159489 0.171864 -0.000000 -0.084808 0.922558 -0.376423 15.319300 -0.218590 0.351355 0.910367 -0.000000 0.000000 0.000000 0.000000 1.000000
0.957055 0.247927 0.150258 0.000000 -0.164583 0.891337 -0.422411 15.319300 -0.238658 0.379541 0.893863 0.000000 0.000000 0.000000 0.000000 1.000000
0.922963 0.357388 0.142874 -0.000000 -0.256660 0.848119 -0.463487 15.319300 -0.286819 0.391112 0.874509 0.000000 0.000000 0.000000 0.000000 1.000000
0.866583 0.476671 0.147710 0.000000 -0.347197 0.788510 -0.507648 15.319300 -0.358452 0.388635 0.848808 -0.000000 0.000000 0.000000 0.000000 1.000000
0.796475 0.585526 0.150955 0.000000 -0.423400 0.718277 -0.552097 15.319300 -0.431694 0.375817 0.820001 0.000000 0.000000 0.000000 0.000000 1.000000
0.735382 0.663207 0.139173 0.000000 -0.478756 0.653815 -0.585935 15.319300 -0.479589 0.364257 0.798318 0.000000 0.000000 0.000000 0.000000 1.000000
0.697382 0.707069 0.117097 0.000000 -0.514831 0.607888 -0.604500 15.319300 -0.498605 0.361283 0.787951 0.000000 0.000000 0.000000 0.000000 1.000000
0.686153 0.721146 0.095619 0.000000 -0.531760 0.586912 -0.610545 15.319300 -0.496412 0.368081 0.786188 0.000000 0.000000 0.000000 0.000000 1.000000
0.698334 0.711271 0.080145 0.000000 -0.530309 0.589338 -0.609470 15.319300 -0.480731 0.383111 0.788748 0.000000 0.000000 0.000000 0.000000 1.000000
0.725949 0.684743 0.064233 0.000000 -0.520024 0.607629 -0.600302 15.319300 -0.450082 0.402386 0.797190 0.000000 0.000000 0.000000 0.000000 1.000000
0.771272 0.634739 0.047396 0.000000 -0.499630 0.649868 -0.572749 15.319300 -0.394347 0.418065 0.818359 0.000000 0.000000 0.000000 0.000000 1.000000
0.840121 0.540593 0.044226 -0.000000 -0.445698 0.734509 -0.511713 15.319300 -0.309113 0.410189 0.858017 0.000000 0.000000 0.000000 0.000000 1.000000
0.913511 0.401761 0.063919 0.000000 -0.340261 0.840694 -0.421255 15.319300 -0.222980 0.363072 0.904687 -0.000000 0.000000 0.000000 0.000000 1.000000
0.966928 0.230641 0.108881 0.000000 -0.186314 0.930280 -0.316015 15.319300 -0.174176 0.285278 0.942486 0.000000 0.000000 0.000000 0.000000 1.000000</float_array>
        <technique_common>
          <accessor source="#mixamorig_LeftArm-Matrix-animation-output-transform-array" count="25" stride="16">
            <param type="float4x4"/>
          </accessor>
        </technique_common>
      </source>
      <source id="mixamorig_LeftArm-Interpolations">
        <Name_array id="mixamorig_LeftArm-Interpolations-array" count="25">
 LINEAR LINEAR LINEAR LINEAR LINEAR LINEAR LINEAR LINEAR LINEAR LINEAR LINEAR
LINEAR LINEAR LINEAR LINEAR LINEAR LINEAR LINEAR LINEAR LINEAR LINEAR LINEAR LINEAR
LINEAR LINEAR</Name_array>
        <technique_common>
          <accessor source="#mixamorig_LeftArm-Interpolations-array" count="25">
            <param type="name"/>
          </accessor>
        </technique_common>
      </source>
      <sampler id="mixamorig_LeftArm-Matrix-animation-transform">
        <input semantic="INPUT" source="#mixamorig_LeftArm-Matrix-animation-input"/>
        <input semantic="OUTPUT" source="#mixamorig_LeftArm-Matrix-animation-output-transform"/>
        <input semantic="INTERPOLATION" source="#mixamorig_LeftArm-Interpolations"/>
      </sampler>
      <channel source="#mixamorig_LeftArm-Matrix-animation-transform" target="mixamorig_LeftArm/matrix"/>
    </animation>
    <animation id="mixamorig_LeftForeArm-anim" name="mixamorig_LeftForeArm">
      <source id="mixamorig_LeftForeArm-Matrix-animation-input">
        <float_array id="mixamorig_LeftForeArm-Matrix-animation-input-array" count="25">

0.000000 0.033333 0.066667 0.100000 0.133333 0.166667 0.200000 0.233333 0.266667 0.300000 0.333333 0.366667 0.400000 0.433333 0.466667 0.500000
0.533333 0.566667 0.600000 0.633333 0.666667 0.700000 0.733333 0.766667 0.800000</float_array>
        <technique_common>
          <accessor source="#mixamorig_LeftForeArm-Matrix-animation-input-array" count="25">
            <param name="TIME" type="float"/>
          </accessor>
        </technique_common>
      </source>
      <source id="mixamorig_LeftForeArm-Matrix-animation-output-transform">
        <float_array id="mixamorig_LeftForeArm-Matrix-animation-output-transform-array" count="400">

0.459735 -0.888056 0.000000 0.000000 0.888056 0.459735 0.000000 34.109299 -0.000000 0.000000 1.000000 0.000000 0.000000 0.000000 0.000000 1.000000
0.408205 -0.912890 -0.000000 -0.000000 0.912890 0.408205 0.000000 34.109299 -0.000000 -0.000000 1.000000 0.000000 0.000000 0.000000 0.000000 1.000000
0.335391 -0.942079 -0.000000 0.000000 0.942079 0.335391 0.000000 34.109299 -0.000000 -0.000000 1.000000 0.000000 0.000000 0.000000 0.000000 1.000000
0.251874 -0.967760 0.000000 -0.000000 0.967760 0.251874 0.000000 34.109299 -0.000000 -0.000000 1.000000 0.000000 0.000000 0.000000 0.000000 1.000000
0.171349 -0.985210 0.000000 0.000000 0.985210 0.171349 -0.000000 34.109299 0.000000 0.000000 1.000000 0.000000 0.000000 0.000000 0.000000 1.000000
0.110708 -0.993853 0.000000 0.000000 0.993853 0.110708 -0.000000 34.109299 0.000000 0.000000 1.000000 0.000000 0.000000 0.000000 0.000000 1.000000
0.079936 -0.996800 0.000000 0.000000 0.996800 0.079936 0.000002 34.109299 -0.000002 -0.000000 1.000000 0.000000 0.000000 0.000000 0.000000 1.000000
0.083868 -0.996477 -0.000000 0.000000 0.996477 0.083868 0.000001 34.109299 -0.000001 -0.000000 1.000000 0.000000 0.000000 0.000000 0.000000 1.000000
0.117762 -0.993042 -0.000000 0.000000 0.993042 0.117762 0.000001 34.109299 -0.000001 -0.000000 1.000000 0.000000 0.000000 0.000000 0.000000 1.000000
0.187531 -0.982259 -0.000000 0.000000 0.982259 0.187531 0.000001 34.109299 -0.000001 -0.000000 1.000000 -0.000000 0.000000 0.000000 0.000000 1.000000
0.304054 -0.952655 0.000000 0.000000 0.952655 0.304054 0.000000 34.109299 -0.000000 -0.000000 1.000000 0.000000 0.000000 0.000000 0.000000 1.000000
0.443708 -0.896172 -0.000000 0.000000 0.896172 0.443708 0.000000 34.109299 -0.000000 -0.000000 1.000000 0.000000 0.000000 0.000000 0.000000 1.000000
0.571078 -0.820896 -0.000000 0.000000 0.820896 0.571078 0.000000 34.109299 -0.000000 -0.000000 1.000000 0.000000 0.000000 0.000000 0.000000 1.000000
0.646358 -0.763034 0.000000 -0.000000 0.763034 0.646358 0.000000 34.109299 -0.000001 0.000000 1.000000 0.000000 0.000000 0.000000 0.000000 1.000000
0.663008 -0.748612 0.000000 0.000000 0.748612 0.663008 0.000000 34.109299 -0.000000 0.000000 1.000000 -0.000000 0.000000 0.000000 0.000000 1.000000
0.630119 -0.776498 0.000000 0.000000 0.776498 0.630119 0.000000 34.109299 -0.000000 0.000000 1.000000 -0.000000 0.000000 0.000000 0.000000 1.000000
0.575681 -0.817674 -0.000000 0.000000 0.817674 0.575681 -0.000000 34.109299 0.000000 -0.000000 1.000000 0.000000 0.000000 0.000000 0.000000 1.000000
0.535206 -0.844722 0.000000 0.000000 0.844722 0.535206 0.000000 34.109299 -0.000000 -0.000000 1.000000 0.000000 0.000000 0.000000 0.000000 1.000000
0.515351 -0.856979 -0.000000 0.000000 0.856979 0.515351 0.000000 34.109299 -0.000000 -0.000000 1.000000 -0.000000 0.000000 0.000000 0.000000 1.000000
0.500889 -0.865511 -0.000000 -0.000000 0.865511 0.500889 0.000000 34.109299 -0.000000 -0.000000 1.000000 0.000000 0.000000 0.000000 0.000000 1.000000
0.479579 -0.877499 -0.000000 -0.000000 0.877499 0.479579 0.000000 34.109299 0.000000 -0.000000 1.000000 0.000000 0.000000 0.000000 0.000000 1.000000
0.455185 -0.890397 -0.000000 -0.000000 0.890397 0.455185 -0.000000 34.109299 0.000000 -0.000000 1.000000 0.000000 0.000000 0.000000 0.000000 1.000000
0.438730 -0.898619 0.000000 0.000000 0.898619 0.438730 0.000000 34.109299 -0.000000 0.000000 1.000000 0.000000 0.000000 0.000000 0.000000 1.000000
0.436974 -0.899474 0.000000 -0.000000 0.899474 0.436974 -0.000000 34.109299 0.000000 0.000000 1.000000 0.000000 0.000000 0.000000 0.000000 1.000000
0.459735 -0.888056 0.000000 0.000000 0.888056 0.459735 -0.000000 34.109299 0.000000 0.000000 1.000000 0.000000 0.000000 0.000000 0.000000 1.000000</float_array>
        <technique_common>
          <accessor source="#mixamorig_LeftForeArm-Matrix-animation-output-transform-array" count="25" stride="16">
            <param type="float4x4"/>
          </accessor>
        </technique_common>
      </source>
      <source id="mixamorig_LeftForeArm-Interpolations">
        <Name_array id="mixamorig_LeftForeArm-Interpolations-array" count="25">
 LINEAR LINEAR LINEAR LINEAR LINEAR LINEAR LINEAR LINEAR LINEAR LINEAR LINEAR
LINEAR LINEAR LINEAR LINEAR LINEAR LINEAR LINEAR LINEAR LINEAR LINEAR LINEAR LINEAR
LINEAR LINEAR</Name_array>
        <technique_common>
          <accessor source="#mixamorig_LeftForeArm-Interpolations-array" count="25">
            <param type="name"/>
          </accessor>
        </technique_common>
      </source>
      <sampler id="mixamorig_LeftForeArm-Matrix-animation-transform">
        <input semantic="INPUT" source="#mixamorig_LeftForeArm-Matrix-animation-input"/>
        <input semantic="OUTPUT" source="#mixamorig_LeftForeArm-Matrix-animation-output-transform"/>
        <input semantic="INTERPOLATION" source="#mixamorig_LeftForeArm-Interpolations"/>
      </sampler>
      <channel source="#mixamorig_LeftForeArm-Matrix-animation-transform" target="mixamorig_LeftForeArm/matrix"/>
    </animation>
    <animation id="mixamorig_LeftHand-anim" name="mixamorig_LeftHand">
      <source id="mixamorig_LeftHand-Matrix-animation-input">
        <float_array id="mixamorig_LeftHand-Matrix-animation-input-array" count="25">

0.000000 0.033333 0.066667 0.100000 0.133333 0.166667 0.200000 0.233333 0.266667 0.300000 0.333333 0.366667 0.400000 0.433333 0.466667 0.500000
0.533333 0.566667 0.600000 0.633333 0.666667 0.700000 0.733333 0.766667 0.800000</float_array>
        <technique_common>
          <accessor source="#mixamorig_LeftHand-Matrix-animation-input-array" count="25">
            <param name="TIME" type="float"/>
          </accessor>
        </technique_common>
      </source>
      <source id="mixamorig_LeftHand-Matrix-animation-output-transform">
        <float_array id="mixamorig_LeftHand-Matrix-animation-output-transform-array" count="400">

0.879981 -0.053538 0.471983 0.000000 0.195097 0.946687 -0.256362 41.076000 -0.433095 0.317676 0.843511 0.000000 0.000000 0.000000 0.000000 1.000000
0.917062 -0.058938 0.394364 0.000000 0.183581 0.940369 -0.286363 41.076000 -0.353970 0.335010 0.873197 0.000000 0.000000 0.000000 0.000000 1.000000
0.948392 -0.051767 0.312847 0.000000 0.165162 0.922838 -0.347983 41.076000 -0.270693 0.381694 0.883762 0.000000 0.000000 0.000000 0.000000 1.000000
0.967479 -0.053112 0.247314 -0.000000 0.148245 0.911258 -0.384228 41.076000 -0.204960 0.408396 0.889497 0.000000 0.000000 0.000000 0.000000 1.000000
0.973033 -0.077569 0.217234 0.000000 0.146921 0.934433 -0.324423 41.076000 -0.177826 0.347590 0.920630 0.000000 0.000000 0.000000 0.000000 1.000000
0.968999 -0.126747 0.212076 0.000000 0.160228 0.975781 -0.148926 41.076000 -0.188064 0.178289 0.965839 0.000000 0.000000 0.000000 0.000000 1.000000
0.958552 -0.191116 0.211314 -0.000000 0.173119 0.979730 0.100788 41.076000 -0.226293 -0.060028 0.972208 0.000000 0.000000 0.000000 0.000000 1.000000
0.948262 -0.241009 0.206674 0.000000 0.173339 0.938388 0.298967 41.076000 -0.265995 -0.247675 0.931614 -0.000000 0.000000 0.000000 0.000000 1.000000
0.944027 -0.253936 0.210546 0.000000 0.162729 0.913705 0.372374 41.076000 -0.286936 -0.317269 0.903885 0.000000 0.000000 0.000000 0.000000 1.000000
0.944212 -0.230939 0.234801 0.000000 0.144787 0.931431 0.333875 41.076000 -0.295806 -0.281252 0.912905 0.000000 0.000000 0.000000 0.000000 1.000000
0.938599 -0.197667 0.282771 0.000000 0.130185 0.961929 0.240303 41.076000 -0.319506 -0.188735 0.928598 0.000000 0.000000 0.000000 0.000000 1.000000
0.918055 -0.192495 0.346585 0.000000 0.141276 0.975668 0.167669 41.076000 -0.370428 -0.104965 0.922912 -0.000000 0.000000 0.000000 0.000000 1.000000
0.878003 -0.239260 0.414568 -0.000000 0.188745 0.968988 0.159495 41.076000 -0.439871 -0.061789 0.895933 0.000000 0.000000 0.000000 0.000000 1.000000
0.824629 -0.334859 0.455912 0.000000 0.254755 0.939446 0.229218 41.076000 -0.505061 -0.072874 0.860002 -0.000000 0.000000 0.000000 0.000000 1.000000
0.783243 -0.419812 0.458572 0.000000 0.298204 0.900885 0.315406 41.076000 -0.545532 -0.110292 0.830801 -0.000000 0.000000 0.000000 0.000000 1.000000
0.774770 -0.450530 0.443570 0.000000 0.302941 0.880336 0.365013 41.076000 -0.554940 -0.148425 0.818543 0.000000 0.000000 0.000000 0.000000 1.000000
0.790273 -0.421771 0.444497 0.000000 0.276461 0.892801 0.355634 41.076000 -0.546844 -0.158162 0.822160 0.000000 0.000000 0.000000 0.000000 1.000000
0.798395 -0.376649 0.469788 0.000000 0.249120 0.916921 0.311760 41.076000 -0.548183 -0.131874 0.825896 0.000000 0.000000 0.000000 0.000000 1.000000
0.794814 -0.332664 0.507548 0.000000 0.230653 0.939196 0.254381 41.076000 -0.561310 -0.085118 0.823217 0.000000 0.000000 0.000000 0.000000 1.000000
0.795338 -0.286035 0.534436 0.000000 0.208248 0.956937 0.202251 41.076000 -0.569272 -0.049562 0.820654 0.000000 0.000000 0.000000 0.000000 1.000000
0.807069 -0.232523 0.542746 0.000000 0.177453 0.972219 0.152645 41.076000 -0.563161 -0.026883 0.825910 0.000000 0.000000 0.000000 0.000000 1.000000
0.822538 -0.170499 0.542551 -0.000000 0.150035 0.985261 0.082161 41.076000 -0.548563 0.013821 0.835995 0.000000 0.000000 0.000000 0.000000 1.000000
0.831206 -0.096004 0.547613 0.000000 0.142318 0.988902 -0.042653 41.076000 -0.537441 0.113389 0.835644 0.000000 0.000000 0.000000 0.000000 1.000000
0.843017 -0.040547 0.536356 0.000000 0.160652 0.970621 -0.179128 41.076000 -0.513335 0.237174 0.824764 0.000000 0.000000 0.000000 0.000000 1.000000
0.879981 -0.053538 0.471983 0.000000 0.195097 0.946687 -0.256362 41.076000 -0.433095 0.317676 0.843511 0.000000 0.000000 0.000000 0.000000 1.000000</float_array>
        <technique_common>
          <accessor source="#mixamorig_LeftHand-Matrix-animation-output-transform-array" count="25" stride="16">
            <param type="float4x4"/>
          </accessor>
        </technique_common>
      </source>
      <source id="mixamorig_LeftHand-Interpolations">
        <Name_array id="mixamorig_LeftHand-Interpolations-array" count="25">
 LINEAR LINEAR LINEAR LINEAR LINEAR LINEAR LINEAR LINEAR LINEAR LINEAR LINEAR
LINEAR LINEAR LINEAR LINEAR LINEAR LINEAR LINEAR LINEAR LINEAR LINEAR LINEAR LINEAR
LINEAR LINEAR</Name_array>
        <technique_common>
          <accessor source="#mixamorig_LeftHand-Interpolations-array" count="25">
            <param type="name"/>
          </accessor>
        </technique_common>
      </source>
      <sampler id="mixamorig_LeftHand-Matrix-animation-transform">
        <input semantic="INPUT" source="#mixamorig_LeftHand-Matrix-animation-input"/>
        <input semantic="OUTPUT" source="#mixamorig_LeftHand-Matrix-animation-output-transform"/>
        <input semantic="INTERPOLATION" source="#mixamorig_LeftHand-Interpolations"/>
      </sampler>
      <channel source="#mixamorig_LeftHand-Matrix-animation-transform" target="mixamorig_LeftHand/matrix"/>
    </animation>
    <animation id="mixamorig_LeftHandThumb1-anim" name="mixamorig_LeftHandThumb1">
      <source id="mixamorig_LeftHandThumb1-Matrix-animation-input">
        <float_array id="mixamorig_LeftHandThumb1-Matrix-animation-input-array" count="25">

0.000000 0.033333 0.066667 0.100000 0.133333 0.166667 0.200000 0.233333 0.266667 0.300000 0.333333 0.366667 0.400000 0.433333 0.466667 0.500000
0.533333 0.566667 0.600000 0.633333 0.666667 0.700000 0.733333 0.766667 0.800000</float_array>
        <technique_common>
          <accessor source="#mixamorig_LeftHandThumb1-Matrix-animation-input-array" count="25">
            <param name="TIME" type="float"/>
          </accessor>
        </technique_common>
      </source>
      <source id="mixamorig_LeftHandThumb1-Matrix-animation-output-transform">
        <float_array id="mixamorig_LeftHandThumb1-Matrix-animation-output-transform-array" count="400">

0.889799 -0.396602 0.225754 -9.706200 0.456304 0.780439 -0.427437 9.904300 -0.006665 0.483345 0.875404 7.213800 0.000000 0.000000 0.000000 1.000000
0.882305 -0.412863 0.226012 -9.706200 0.470670 0.771179 -0.428664 9.904300 0.002684 0.484589 0.874738 7.213800 0.000000 0.000000 0.000000 1.000000
0.866102 -0.445493 0.226722 -9.706200 0.499392 0.751399 -0.431286 9.904300 0.021776 0.486761 0.873264 7.213800 0.000000 0.000000 0.000000 1.000000
0.841499 -0.489830 0.227917 -9.706200 0.538082 0.722048 -0.434872 9.904300 0.048447 0.488582 0.871172 7.213800 0.000000 0.000000 0.000000 1.000000
0.809909 -0.539783 0.229524 -9.706200 0.581130 0.685337 -0.438864 9.904300 0.079590 0.488823 0.868745 7.213800 0.000000 0.000000 0.000000 1.000000
0.777464 -0.584883 0.231217 -9.706200 0.619440 0.648499 -0.442428 9.904300 0.108824 0.487197 0.866485 7.213800 0.000000 0.000000 0.000000 1.000000
0.750345 -0.618745 0.232673 -9.706200 0.647822 0.618226 -0.445110 9.904300 0.131566 0.484717 0.864720 7.213800 0.000000 0.000000 0.000000 1.000000
0.734708 -0.636907 0.233567 -9.706200 0.662906 0.600923 -0.446596 9.904300 0.144085 0.482951 0.863712 7.213800 0.000000 0.000000 0.000000 1.000000
0.729295 -0.642970 0.233918 -9.706200 0.667928 0.594935 -0.447128 9.904300 0.148324 0.482329 0.863342 7.213800 0.000000 0.000000 0.000000 1.000000
0.731367 -0.640646 0.233824 -9.706200 0.666018 0.597200 -0.446959 9.904300 0.146703 0.482623 0.863454 7.213800 0.000000 0.000000 0.000000 1.000000
0.737868 -0.633291 0.233438 -9.706200 0.659927 0.604374 -0.446349 9.904300 0.141584 0.483399 0.863875 7.213800 0.000000 0.000000 0.000000 1.000000
0.746523 -0.623257 0.232924 -9.706200 0.651589 0.613959 -0.445518 9.904300 0.134666 0.484360 0.864442 7.213800 0.000000 0.000000 0.000000 1.000000
0.757157 -0.610527 0.232316 -9.706200 0.640968 0.625775 -0.444483 9.904300 0.125992 0.485451 0.865138 7.213800 0.000000 0.000000 0.000000 1.000000
0.770170 -0.594308 0.231596 -9.706200 0.627369 0.640312 -0.443179 9.904300 0.115091 0.486620 0.866000 7.213800 0.000000 0.000000 0.000000 1.000000
0.784847 -0.575108 0.230796 -9.706200 0.611172 0.656830 -0.441637 9.904300 0.102395 0.487674 0.867000 7.213800 0.000000 0.000000 0.000000 1.000000
0.800428 -0.553564 0.229961 -9.706200 0.592875 0.674524 -0.439905 9.904300 0.088402 0.488450 0.868102 7.213800 0.000000 0.000000 0.000000 1.000000
0.816121 -0.530510 0.229140 -9.706200 0.573161 0.692528 -0.438055 9.904300 0.073706 0.488840 0.869254 7.213800 0.000000 0.000000 0.000000 1.000000
0.831193 -0.506914 0.228379 -9.706200 0.552851 0.710010 -0.436168 9.904300 0.058949 0.488799 0.870403 7.213800 0.000000 0.000000 0.000000 1.000000
0.845264 -0.483407 0.227696 -9.706200 0.532491 0.726525 -0.434298 9.904300 0.044516 0.488343 0.871516 7.213800 0.000000 0.000000 0.000000 1.000000
0.857900 -0.460899 0.227111 -9.706200 0.512884 0.741539 -0.432515 9.904300 0.030934 0.487536 0.872555 7.213800 0.000000 0.000000 0.000000 1.000000
0.868826 -0.440207 0.226624 -9.706200 0.494766 0.754686 -0.430879 9.904300 0.018646 0.486485 0.873490 7.213800 0.000000 0.000000 0.000000 1.000000
0.877718 -0.422405 0.226243 -9.706200 0.479108 0.765513 -0.429472 9.904300 0.008219 0.485350 0.874281 7.213800 0.000000 0.000000 0.000000 1.000000
0.884009 -0.409219 0.225983 -9.706200 0.467470 0.773253 -0.428429 9.904300 0.000579 0.484375 0.874860 7.213800 0.000000 0.000000 0.000000 1.000000
0.888026 -0.400517 0.225822 -9.706200 0.459772 0.778233 -0.427743 9.904300 -0.004424 0.483674 0.875237 7.213800 0.000000 0.000000 0.000000 1.000000
0.889799 -0.396602 0.225754 -9.706200 0.456304 0.780438 -0.427437 9.904300 -0.006665 0.483346 0.875404 7.213800 0.000000 0.000000 0.000000 1.000000</float_array>
        <technique_common>
          <accessor source="#mixamorig_LeftHandThumb1-Matrix-animation-output-transform-array" count="25" stride="16">
            <param type="float4x4"/>
          </accessor>
        </technique_common>
      </source>
      <source id="mixamorig_LeftHandThumb1-Interpolations">
        <Name_array id="mixamorig_LeftHandThumb1-Interpolations-array" count="25">
 LINEAR LINEAR LINEAR LINEAR LINEAR LINEAR LINEAR LINEAR LINEAR LINEAR LINEAR
LINEAR LINEAR LINEAR LINEAR LINEAR LINEAR LINEAR LINEAR LINEAR LINEAR LINEAR LINEAR
LINEAR LINEAR</Name_array>
        <technique_common>
          <accessor source="#mixamorig_LeftHandThumb1-Interpolations-array" count="25">
            <param type="name"/>
          </accessor>
        </technique_common>
      </source>
      <sampler id="mixamorig_LeftHandThumb1-Matrix-animation-transform">
        <input semantic="INPUT" source="#mixamorig_LeftHandThumb1-Matrix-animation-input"/>
        <input semantic="OUTPUT" source="#mixamorig_LeftHandThumb1-Matrix-animation-output-transform"/>
        <input semantic="INTERPOLATION" source="#mixamorig_LeftHandThumb1-Interpolations"/>
      </sampler>
      <channel source="#mixamorig_LeftHandThumb1-Matrix-animation-transform" target="mixamorig_LeftHandThumb1/matrix"/>
    </animation>
    <animation id="mixamorig_LeftHandThumb2-anim" name="mixamorig_LeftHandThumb2">
      <source id="mixamorig_LeftHandThumb2-Matrix-animation-input">
        <float_array id="mixamorig_LeftHandThumb2-Matrix-animation-input-array" count="25">

0.000000 0.033333 0.066667 0.100000 0.133333 0.166667 0.200000 0.233333 0.266667 0.300000 0.333333 0.366667 0.400000 0.433333 0.466667 0.500000
0.533333 0.566667 0.600000 0.633333 0.666667 0.700000 0.733333 0.766667 0.800000</float_array>
        <technique_common>
          <accessor source="#mixamorig_LeftHandThumb2-Matrix-animation-input-array" count="25">
            <param name="TIME" type="float"/>
          </accessor>
        </technique_common>
      </source>
      <source id="mixamorig_LeftHandThumb2-Matrix-animation-output-transform">
        <float_array id="mixamorig_LeftHandThumb2-Matrix-animation-output-transform-array" count="400">

0.918415 0.383054 0.098912 0.000000 -0.395204 0.899752 0.185096 2.369000 -0.018095 -0.209086 0.977730 0.000000 0.000000 0.000000 0.000000 1.000000
0.924091 0.368060 0.102896 -0.000000 -0.381302 0.906101 0.183275 2.369000 -0.025778 -0.208598 0.977662 0.000000 0.000000 0.000000 0.000000 1.000000
0.934838 0.337247 0.111092 0.000000 -0.352652 0.918327 0.179754 2.369000 -0.041398 -0.207218 0.977419 -0.000000 0.000000 0.000000 0.000000 1.000000
0.947963 0.293802 0.122665 0.000000 -0.312077 0.933748 0.175276 2.369000 -0.063042 -0.204436 0.976848 0.000000 0.000000 0.000000 0.000000 1.000000
0.960526 0.242480 0.136361 0.000000 -0.263886 0.949330 0.170693 2.369000 -0.088062 -0.199938 0.975843 0.000000 0.000000 0.000000 0.000000 1.000000
0.969618 0.193701 0.149400 0.000000 -0.217832 0.961589 0.167020 2.369000 -0.111310 -0.194490 0.974569 0.000000 0.000000 0.000000 0.000000 1.000000
0.974872 0.155335 0.159672 -0.000000 -0.181441 0.969531 0.164587 2.369000 -0.129241 -0.189422 0.973353 -0.000000 0.000000 0.000000 0.000000 1.000000
0.977078 0.134054 0.165375 0.000000 -0.161194 0.973301 0.163408 2.369000 -0.139054 -0.186320 0.972599 -0.000000 0.000000 0.000000 0.000000 1.000000
0.977713 0.126821 0.167315 0.000000 -0.154302 0.974480 0.163034 2.369000 -0.142368 -0.185218 0.972330 0.000000 0.000000 0.000000 0.000000 1.000000
0.977477 0.129586 0.166573 -0.000000 -0.156937 0.974035 0.163175 2.369000 -0.141103 -0.185642 0.972434 0.000000 0.000000 0.000000 0.000000 1.000000
0.976676 0.138314 0.164233 0.000000 -0.165250 0.972582 0.163634 2.369000 -0.137097 -0.186957 0.972755 -0.000000 0.000000 0.000000 0.000000 1.000000
0.975463 0.150082 0.161079 0.000000 -0.176447 0.970503 0.164285 2.369000 -0.131672 -0.188676 0.973172 0.000000 0.000000 0.000000 0.000000 1.000000
0.973731 0.164788 0.157140 0.000000 -0.190421 0.967712 0.165149 2.369000 -0.124851 -0.190734 0.973670 0.000000 0.000000 0.000000 0.000000 1.000000
0.971223 0.183183 0.152215 0.000000 -0.207870 0.963914 0.166313 2.369000 -0.116256 -0.193168 0.974254 0.000000 0.000000 0.000000 0.000000 1.000000
0.967840 0.204497 0.146512 0.000000 -0.228045 0.959086 0.167776 2.369000 -0.106208 -0.195792 0.974877 0.000000 0.000000 0.000000 0.000000 1.000000
0.963539 0.227853 0.140268 0.000000 -0.250101 0.953264 0.169523 2.369000 -0.095087 -0.198423 0.975493 0.000000 0.000000 0.000000 0.000000 1.000000
0.958378 0.252233 0.133756 0.000000 -0.273065 0.946584 0.171506 2.369000 -0.083351 -0.200892 0.976061 0.000000 0.000000 0.000000 0.000000 1.000000
0.952531 0.276569 0.127261 0.000000 -0.295926 0.939294 0.173653 2.369000 -0.071508 -0.203070 0.976550 -0.000000 0.000000 0.000000 0.000000 1.000000
0.946168 0.300227 0.120953 0.000000 -0.318091 0.931599 0.175903 2.369000 -0.059869 -0.204908 0.976949 0.000000 0.000000 0.000000 0.000000 1.000000
0.939597 0.322366 0.115054 0.000000 -0.338777 0.923845 0.178157 2.369000 -0.048861 -0.206374 0.977253 0.000000 0.000000 0.000000 0.000000 1.000000
0.933160 0.342296 0.109749 -0.000000 -0.357354 0.916398 0.180311 2.369000 -0.038854 -0.207479 0.977468 0.000000 0.000000 0.000000 0.000000 1.000000
0.927330 0.359134 0.105270 0.000000 -0.373014 0.909755 0.182226 2.369000 -0.030326 -0.208250 0.977605 -0.000000 0.000000 0.000000 0.000000 1.000000
0.922841 0.371429 0.102001 0.000000 -0.384428 0.904697 0.183678 2.369000 -0.024057 -0.208718 0.977680 0.000000 0.000000 0.000000 0.000000 1.000000
0.919802 0.379461 0.099867 -0.000000 -0.391875 0.901297 0.184654 2.369000 -0.019941 -0.208980 0.977717 -0.000000 0.000000 0.000000 0.000000 1.000000
0.918415 0.383053 0.098913 -0.000000 -0.395204 0.899752 0.185096 2.369000 -0.018095 -0.209086 0.977730 -0.000000 0.000000 0.000000 0.000000 1.000000</float_array>
        <technique_common>
          <accessor source="#mixamorig_LeftHandThumb2-Matrix-animation-output-transform-array" count="25" stride="16">
            <param type="float4x4"/>
          </accessor>
        </technique_common>
      </source>
      <source id="mixamorig_LeftHandThumb2-Interpolations">
        <Name_array id="mixamorig_LeftHandThumb2-Interpolations-array" count="25">
 LINEAR LINEAR LINEAR LINEAR LINEAR LINEAR LINEAR LINEAR LINEAR LINEAR LINEAR
LINEAR LINEAR LINEAR LINEAR LINEAR LINEAR LINEAR LINEAR LINEAR LINEAR LINEAR LINEAR
LINEAR LINEAR</Name_array>
        <technique_common>
          <accessor source="#mixamorig_LeftHandThumb2-Interpolations-array" count="25">
            <param type="name"/>
          </accessor>
        </technique_common>
      </source>
      <sampler id="mixamorig_LeftHandThumb2-Matrix-animation-transform">
        <input semantic="INPUT" source="#mixamorig_LeftHandThumb2-Matrix-animation-input"/>
        <input semantic="OUTPUT" source="#mixamorig_LeftHandThumb2-Matrix-animation-output-transform"/>
        <input semantic="INTERPOLATION" source="#mixamorig_LeftHandThumb2-Interpolations"/>
      </sampler>
      <channel source="#mixamorig_LeftHandThumb2-Matrix-animation-transform" target="mixamorig_LeftHandThumb2/matrix"/>
    </animation>
    <animation id="mixamorig_LeftHandThumb3-anim" name="mixamorig_LeftHandThumb3">
      <source id="mixamorig_LeftHandThumb3-Matrix-animation-input">
        <float_array id="mixamorig_LeftHandThumb3-Matrix-animation-input-array" count="25">

0.000000 0.033333 0.066667 0.100000 0.133333 0.166667 0.200000 0.233333 0.266667 0.300000 0.333333 0.366667 0.400000 0.433333 0.466667 0.500000
0.533333 0.566667 0.600000 0.633333 0.666667 0.700000 0.733333 0.766667 0.800000</float_array>
        <technique_common>
          <accessor source="#mixamorig_LeftHandThumb3-Matrix-animation-input-array" count="25">
            <param name="TIME" type="float"/>
          </accessor>
        </technique_common>
      </source>
      <source id="mixamorig_LeftHandThumb3-Matrix-animation-output-transform">
        <float_array id="mixamorig_LeftHandThumb3-Matrix-animation-output-transform-array" count="400">

0.897929 -0.427980 -0.102747 -0.000000 0.428390 0.796231 0.427198 2.785200 -0.101022 -0.427609 0.898301 -0.000000 0.000000 0.000000 0.000000 1.000000
0.892709 -0.438772 -0.102716 -0.000000 0.437950 0.791043 0.427142 2.785200 -0.106165 -0.426297 0.898332 0.000000 0.000000 0.000000 0.000000 1.000000
0.881676 -0.460555 -0.102650 0.000000 0.457225 0.780124 0.427028 2.785200 -0.116590 -0.423434 0.898393 0.000000 0.000000 0.000000 0.000000 1.000000
0.865435 -0.490413 -0.102554 0.000000 0.483598 0.764143 0.426871 2.785200 -0.130977 -0.419024 0.898478 0.000000 0.000000 0.000000 0.000000 1.000000
0.845234 -0.524487 -0.102435 0.000000 0.513625 0.744394 0.426694 2.785200 -0.147544 -0.413269 0.898576 0.000000 0.000000 0.000000 0.000000 1.000000
0.825025 -0.555757 -0.102315 -0.000000 0.541110 0.724756 0.426531 2.785200 -0.162894 -0.407262 0.898667 0.000000 0.000000 0.000000 0.000000 1.000000
0.808439 -0.579636 -0.102217 -0.000000 0.562050 0.708715 0.426407 2.785200 -0.174718 -0.402175 0.898737 -0.000000 0.000000 0.000000 0.000000 1.000000
0.798976 -0.592622 -0.102161 -0.000000 0.573418 0.699590 0.426339 2.785200 -0.181187 -0.399216 0.898776 -0.000000 0.000000 0.000000 0.000000 1.000000
0.795716 -0.596994 -0.102142 0.000000 0.577243 0.696451 0.426317 2.785200 -0.183372 -0.398188 0.898789 0.000000 0.000000 0.000000 0.000000 1.000000
0.796965 -0.595325 -0.102149 -0.000000 0.575783 0.697653 0.426326 2.785200 -0.182538 -0.398582 0.898784 0.000000 0.000000 0.000000 0.000000 1.000000
0.800885 -0.590037 -0.102172 -0.000000 0.571156 0.701430 0.426353 2.785200 -0.179898 -0.399816 0.898768 0.000000 0.000000 0.000000 0.000000 1.000000
0.806121 -0.582858 -0.102203 -0.000000 0.564872 0.706478 0.426390 2.785200 -0.176321 -0.401454 0.898747 0.000000 0.000000 0.000000 0.000000 1.000000
0.812582 -0.573809 -0.102241 0.000000 0.556944 0.712717 0.426437 2.785200 -0.171825 -0.403458 0.898720 0.000000 0.000000 0.000000 0.000000 1.000000
0.820538 -0.562364 -0.102288 -0.000000 0.546908 0.720411 0.426496 2.785200 -0.166157 -0.405899 0.898687 0.000000 0.000000 0.000000 0.000000 1.000000
0.829582 -0.548926 -0.102342 0.000000 0.535112 0.729175 0.426566 2.785200 -0.159528 -0.408636 0.898647 0.000000 0.000000 0.000000 0.000000 1.000000
0.839277 -0.533974 -0.102399 0.000000 0.521971 0.738594 0.426644 2.785200 -0.152186 -0.411522 0.898604 0.000000 0.000000 0.000000 0.000000 1.000000
0.849157 -0.518108 -0.102458 0.000000 0.508009 0.748219 0.426727 2.785200 -0.144430 -0.414408 0.898558 -0.000000 0.000000 0.000000 0.000000 1.000000
0.858773 -0.501995 -0.102515 0.000000 0.493813 0.757615 0.426811 2.785200 -0.136590 -0.417157 0.898512 0.000000 0.000000 0.000000 0.000000 1.000000
0.867887 -0.486058 -0.102569 0.000000 0.479755 0.766549 0.426894 2.785200 -0.128871 -0.419704 0.898466 0.000000 0.000000 0.000000 0.000000 1.000000
0.876203 -0.470891 -0.102618 0.000000 0.466361 0.774726 0.426973 2.785200 -0.121557 -0.421972 0.898423 0.000000 0.000000 0.000000 0.000000 1.000000
0.883512 -0.457021 -0.102661 0.000000 0.454100 0.781937 0.427046 2.785200 -0.114894 -0.423919 0.898383 0.000000 0.000000 0.000000 0.000000 1.000000
0.889555 -0.445135 -0.102697 0.000000 0.443583 0.787917 0.427108 2.785200 -0.109204 -0.425491 0.898350 0.000000 0.000000 0.000000 0.000000 1.000000
0.893890 -0.436358 -0.102723 0.000000 0.435812 0.792216 0.427155 2.785200 -0.105013 -0.426597 0.898325 0.000000 0.000000 0.000000 0.000000 1.000000
0.896687 -0.430578 -0.102739 0.000000 0.430692 0.794995 0.427185 2.785200 -0.102259 -0.427300 0.898308 -0.000000 0.000000 0.000000 0.000000 1.000000
0.897929 -0.427980 -0.102747 -0.000000 0.428390 0.796231 0.427198 2.785200 -0.101022 -0.427609 0.898301 0.000000 0.000000 0.000000 0.000000 1.000000</float_array>
        <technique_common>
          <accessor source="#mixamorig_LeftHandThumb3-Matrix-animation-output-transform-array" count="25" stride="16">
            <param type="float4x4"/>
          </accessor>
        </technique_common>
      </source>
      <source id="mixamorig_LeftHandThumb3-Interpolations">
        <Name_array id="mixamorig_LeftHandThumb3-Interpolations-array" count="25">
 LINEAR LINEAR LINEAR LINEAR LINEAR LINEAR LINEAR LINEAR LINEAR LINEAR LINEAR
LINEAR LINEAR LINEAR LINEAR LINEAR LINEAR LINEAR LINEAR LINEAR LINEAR LINEAR LINEAR
LINEAR LINEAR</Name_array>
        <technique_common>
          <accessor source="#mixamorig_LeftHandThumb3-Interpolations-array" count="25">
            <param type="name"/>
          </accessor>
        </technique_common>
      </source>
      <sampler id="mixamorig_LeftHandThumb3-Matrix-animation-transform">
        <input semantic="INPUT" source="#mixamorig_LeftHandThumb3-Matrix-animation-input"/>
        <input semantic="OUTPUT" source="#mixamorig_LeftHandThumb3-Matrix-animation-output-transform"/>
        <input semantic="INTERPOLATION" source="#mixamorig_LeftHandThumb3-Interpolations"/>
      </sampler>
      <channel source="#mixamorig_LeftHandThumb3-Matrix-animation-transform" target="mixamorig_LeftHandThumb3/matrix"/>
    </animation>
    <animation id="mixamorig_LeftHandIndex1-anim" name="mixamorig_LeftHandIndex1">
      <source id="mixamorig_LeftHandIndex1-Matrix-animation-input">
        <float_array id="mixamorig_LeftHandIndex1-Matrix-animation-input-array" count="25">

0.000000 0.033333 0.066667 0.100000 0.133333 0.166667 0.200000 0.233333 0.266667 0.300000 0.333333 0.366667 0.400000 0.433333 0.466667 0.500000
0.533333 0.566667 0.600000 0.633333 0.666667 0.700000 0.733333 0.766667 0.800000</float_array>
        <technique_common>
          <accessor source="#mixamorig_LeftHandIndex1-Matrix-animation-input-array" count="25">
            <param name="TIME" type="float"/>
          </accessor>
        </technique_common>
      </source>
      <source id="mixamorig_LeftHandIndex1-Matrix-animation-output-transform">
        <float_array id="mixamorig_LeftHandIndex1-Matrix-animation-output-transform-array" count="400">

0.997454 -0.043624 -0.056410 -4.736600 -0.012612 0.670666 -0.741652 18.296801 0.070186 0.740475 0.668409 0.973500 0.000000 0.000000 0.000000 1.000000
0.997560 -0.044451 -0.053827 -4.736600 -0.008395 0.689081 -0.724636 18.296801 0.069302 0.723320 0.687026 0.973500 0.000000 0.000000 0.000000 1.000000
0.997764 -0.046061 -0.048428 -4.736600 0.000259 0.727250 -0.686372 18.296801 0.066835 0.684825 0.725636 0.973500 0.000000 0.000000 0.000000 1.000000
0.997988 -0.048364 -0.040988 -4.736600 0.011904 0.777994 -0.628159 18.296801 0.062268 0.626407 0.777005 0.973500 0.000000 0.000000 0.000000 1.000000
0.998160 -0.051210 -0.032452 -4.736600 0.024794 0.833268 -0.552313 18.296801 0.055326 0.550493 0.833005 0.973500 0.000000 0.000000 0.000000 1.000000
0.998216 -0.054552 -0.024259 -4.736600 0.036873 0.882888 -0.468134 18.296801 0.046955 0.466404 0.883325 0.973500 0.000000 0.000000 0.000000 1.000000
0.998133 -0.058681 -0.016960 -4.736600 0.047876 0.923995 -0.379395 18.296801 0.037934 0.377874 0.925079 0.973500 0.000000 0.000000 0.000000 1.000000
0.997872 -0.064328 -0.010619 -4.736600 0.058668 0.956982 -0.284153 18.296801 0.028441 0.282925 0.958720 0.973500 0.000000 0.000000 0.000000 1.000000
0.997435 -0.071381 -0.005267 -4.736600 0.069190 0.980425 -0.184336 18.296801 0.018322 0.183498 0.982849 0.973500 0.000000 0.000000 0.000000 1.000000
0.996900 -0.078670 -0.001314 -4.736600 0.078212 0.992636 -0.092506 18.296801 0.008581 0.092116 0.995711 0.973500 0.000000 0.000000 0.000000 1.000000
0.996463 -0.084033 0.000795 -4.736600 0.084011 0.995889 -0.033871 18.296801 0.002055 0.033818 0.999426 0.973500 0.000000 0.000000 0.000000 1.000000
0.996227 -0.086779 0.001384 -4.736600 0.086790 0.996095 -0.016219 18.296801 0.000029 0.016277 0.999868 0.973500 0.000000 0.000000 0.000000 1.000000
0.996181 -0.087307 0.000738 -4.736600 0.087278 0.995543 -0.035728 18.296801 0.002384 0.035656 0.999361 0.973500 0.000000 0.000000 0.000000 1.000000
0.996262 -0.086374 -0.001077 -4.736600 0.085983 0.992795 -0.083452 18.296801 0.008277 0.083048 0.996511 0.973500 0.000000 0.000000 0.000000 1.000000
0.996406 -0.084615 -0.003855 -4.736600 0.083142 0.985734 -0.146345 18.296801 0.016183 0.145498 0.989226 0.973500 0.000000 0.000000 0.000000 1.000000
0.996601 -0.082026 -0.007637 -4.736600 0.078347 0.972379 -0.219864 18.296801 0.025461 0.218518 0.975501 0.973500 0.000000 0.000000 0.000000 1.000000
0.996847 -0.078338 -0.012584 -4.736600 0.070911 0.950791 -0.301611 18.296801 0.035592 0.299767 0.953348 0.973500 0.000000 0.000000 0.000000 1.000000
0.997103 -0.073772 -0.018543 -4.736600 0.060910 0.920358 -0.386305 18.296801 0.045565 0.384057 0.922185 0.973500 0.000000 0.000000 0.000000 1.000000
0.997327 -0.068527 -0.025337 -4.736600 0.048643 0.881551 -0.469577 18.296801 0.054514 0.467090 0.882528 0.973500 0.000000 0.000000 0.000000 1.000000
0.997496 -0.062776 -0.032579 -4.736600 0.034804 0.836689 -0.546572 18.296801 0.061570 0.544069 0.836778 0.973500 0.000000 0.000000 0.000000 1.000000
0.997578 -0.057066 -0.039759 -4.736600 0.020693 0.789292 -0.613669 18.296801 0.066401 0.611360 0.788562 0.973500 0.000000 0.000000 0.000000 1.000000
0.997581 -0.051850 -0.046310 -4.736600 0.007651 0.743975 -0.668163 18.296801 0.069098 0.666192 0.742572 0.973500 0.000000 0.000000 0.000000 1.000000
0.997537 -0.047750 -0.051376 -4.736600 -0.002514 0.707673 -0.706535 18.296801 0.070095 0.704924 0.705810 0.973500 0.000000 0.000000 0.000000 1.000000
0.997484 -0.044951 -0.054822 -4.736600 -0.009416 0.682437 -0.730884 18.296801 0.070267 0.729561 0.680297 0.973500 0.000000 0.000000 0.000000 1.000000
0.997454 -0.043623 -0.056410 -4.736600 -0.012612 0.670666 -0.741652 18.296801 0.070186 0.740476 0.668408 0.973500 0.000000 0.000000 0.000000 1.000000</float_array>
        <technique_common>
          <accessor source="#mixamorig_LeftHandIndex1-Matrix-animation-output-transform-array" count="25" stride="16">
            <param type="float4x4"/>
          </accessor>
        </technique_common>
      </source>
      <source id="mixamorig_LeftHandIndex1-Interpolations">
        <Name_array id="mixamorig_LeftHandIndex1-Interpolations-array" count="25">
 LINEAR LINEAR LINEAR LINEAR LINEAR LINEAR LINEAR LINEAR LINEAR LINEAR LINEAR
LINEAR LINEAR LINEAR LINEAR LINEAR LINEAR LINEAR LINEAR LINEAR LINEAR LINEAR LINEAR
LINEAR LINEAR</Name_array>
        <technique_common>
          <accessor source="#mixamorig_LeftHandIndex1-Interpolations-array" count="25">
            <param type="name"/>
          </accessor>
        </technique_common>
      </source>
      <sampler id="mixamorig_LeftHandIndex1-Matrix-animation-transform">
        <input semantic="INPUT" source="#mixamorig_LeftHandIndex1-Matrix-animation-input"/>
        <input semantic="OUTPUT" source="#mixamorig_LeftHandIndex1-Matrix-animation-output-transform"/>
        <input semantic="INTERPOLATION" source="#mixamorig_LeftHandIndex1-Interpolations"/>
      </sampler>
      <channel source="#mixamorig_LeftHandIndex1-Matrix-animation-transform" target="mixamorig_LeftHandIndex1/matrix"/>
    </animation>
    <animation id="mixamorig_LeftHandIndex2-anim" name="mixamorig_LeftHandIndex2">
      <source id="mixamorig_LeftHandIndex2-Matrix-animation-input">
        <float_array id="mixamorig_LeftHandIndex2-Matrix-animation-input-array" count="25">

0.000000 0.033333 0.066667 0.100000 0.133333 0.166667 0.200000 0.233333 0.266667 0.300000 0.333333 0.366667 0.400000 0.433333 0.466667 0.500000
0.533333 0.566667 0.600000 0.633333 0.666667 0.700000 0.733333 0.766667 0.800000</float_array>
        <technique_common>
          <accessor source="#mixamorig_LeftHandIndex2-Matrix-animation-input-array" count="25">
            <param name="TIME" type="float"/>
          </accessor>
        </technique_common>
      </source>
      <source id="mixamorig_LeftHandIndex2-Matrix-animation-output-transform">
        <float_array id="mixamorig_LeftHandIndex2-Matrix-animation-output-transform-array" count="400">

0.998201 0.057280 -0.017733 0.000000 -0.057280 0.823433 -0.564514 4.697600 -0.017733 0.564514 0.825233 0.000000 0.000000 0.000000 0.000000 1.000000
0.998377 0.054657 -0.015994 -0.000000 -0.054657 0.840748 -0.538661 4.697600 -0.015994 0.538661 0.842371 0.000000 0.000000 0.000000 0.000000 1.000000
0.998714 0.049082 -0.012670 -0.000000 -0.049082 0.873845 -0.483721 4.697600 -0.012670 0.483721 0.875130 -0.000000 0.000000 0.000000 0.000000 1.000000
0.999124 0.040939 -0.008630 -0.000000 -0.040939 0.914075 -0.403472 4.697600 -0.008630 0.403472 0.914951 -0.000000 0.000000 0.000000 0.000000 1.000000
0.999510 0.030934 -0.004832 0.000000 -0.030934 0.951894 -0.304863 4.697600 -0.004832 0.304863 0.952384 0.000000 0.000000 0.000000 0.000000 1.000000
0.999778 0.020953 -0.002187 -0.000000 -0.020952 0.978224 -0.206494 4.697600 -0.002187 0.206494 0.978446 0.000000 0.000000 0.000000 0.000000 1.000000
0.999923 0.012413 -0.000762 0.000000 -0.012413 0.992411 -0.122337 4.697600 -0.000762 0.122337 0.992488 0.000000 0.000000 0.000000 0.000000 1.000000
0.999980 0.006376 -0.000201 0.000000 -0.006376 0.998003 -0.062840 4.697600 -0.000201 0.062840 0.998024 0.000000 0.000000 0.000000 0.000000 1.000000
0.999997 0.002462 -0.000030 0.000000 -0.002462 0.999703 -0.024264 4.697600 -0.000030 0.024264 0.999706 0.000000 0.000000 0.000000 0.000000 1.000000
1.000000 0.000368 -0.000001 0.000000 -0.000368 0.999993 -0.003628 4.697600 -0.000001 0.003628 0.999993 0.000000 0.000000 0.000000 0.000000 1.000000
1.000000 0.000103 0.000000 0.000000 -0.000103 0.999999 -0.001017 4.697600 -0.000000 0.001017 0.999999 -0.000000 0.000000 0.000000 0.000000 1.000000
0.999999 0.001408 -0.000010 0.000000 -0.001408 0.999903 -0.013873 4.697600 -0.000010 0.013873 0.999904 0.000000 0.000000 0.000000 0.000000 1.000000
0.999991 0.004177 -0.000086 0.000000 -0.004177 0.999143 -0.041169 4.697600 -0.000086 0.041169 0.999152 0.000000 0.000000 0.000000 0.000000 1.000000
0.999965 0.008303 -0.000340 0.000000 -0.008303 0.996612 -0.081828 4.697600 -0.000340 0.081828 0.996646 0.000000 0.000000 0.000000 0.000000 1.000000
0.999911 0.013306 -0.000876 -0.000000 -0.013306 0.991275 -0.131136 4.697600 -0.000876 0.131136 0.991364 -0.000000 0.000000 0.000000 0.000000 1.000000
0.999819 0.018919 -0.001779 0.000000 -0.018919 0.982282 -0.186449 4.697600 -0.001780 0.186449 0.982463 -0.000000 0.000000 0.000000 0.000000 1.000000
0.999685 0.024915 -0.003107 -0.000000 -0.024915 0.969066 -0.245539 4.697600 -0.003107 0.245539 0.969382 0.000000 0.000000 0.000000 0.000000 1.000000
0.999508 0.030987 -0.004849 -0.000000 -0.030987 0.951724 -0.305386 4.697600 -0.004848 0.305386 0.952216 0.000000 0.000000 0.000000 0.000000 1.000000
0.999294 0.036924 -0.006960 0.000000 -0.036924 0.930707 -0.363897 4.697600 -0.006959 0.363897 0.931413 0.000000 0.000000 0.000000 0.000000 1.000000
0.999054 0.042466 -0.009319 0.000000 -0.042466 0.907217 -0.418515 4.697600 -0.009319 0.418515 0.908162 0.000000 0.000000 0.000000 0.000000 1.000000
0.998807 0.047403 -0.011762 0.000000 -0.047403 0.882895 -0.467172 4.697600 -0.011761 0.467172 0.884088 0.000000 0.000000 0.000000 0.000000 1.000000
0.998573 0.051522 -0.014065 0.000000 -0.051521 0.859957 -0.507759 4.697600 -0.014065 0.507759 0.861384 0.000000 0.000000 0.000000 0.000000 1.000000
0.998388 0.054495 -0.015891 0.000000 -0.054495 0.841779 -0.537064 4.697600 -0.015891 0.537064 0.843392 -0.000000 0.000000 0.000000 0.000000 1.000000
0.998260 0.056421 -0.017151 0.000000 -0.056421 0.829236 -0.556043 4.697600 -0.017150 0.556043 0.830976 -0.000000 0.000000 0.000000 0.000000 1.000000
0.998201 0.057280 -0.017733 0.000000 -0.057280 0.823433 -0.564514 4.697600 -0.017733 0.564514 0.825233 -0.000000 0.000000 0.000000 0.000000 1.000000</float_array>
        <technique_common>
          <accessor source="#mixamorig_LeftHandIndex2-Matrix-animation-output-transform-array" count="25" stride="16">
            <param type="float4x4"/>
          </accessor>
        </technique_common>
      </source>
      <source id="mixamorig_LeftHandIndex2-Interpolations">
        <Name_array id="mixamorig_LeftHandIndex2-Interpolations-array" count="25">
 LINEAR LINEAR LINEAR LINEAR LINEAR LINEAR LINEAR LINEAR LINEAR LINEAR LINEAR
LINEAR LINEAR LINEAR LINEAR LINEAR LINEAR LINEAR LINEAR LINEAR LINEAR LINEAR LINEAR
LINEAR LINEAR</Name_array>
        <technique_common>
          <accessor source="#mixamorig_LeftHandIndex2-Interpolations-array" count="25">
            <param type="name"/>
          </accessor>
        </technique_common>
      </source>
      <sampler id="mixamorig_LeftHandIndex2-Matrix-animation-transform">
        <input semantic="INPUT" source="#mixamorig_LeftHandIndex2-Matrix-animation-input"/>
        <input semantic="OUTPUT" source="#mixamorig_LeftHandIndex2-Matrix-animation-output-transform"/>
        <input semantic="INTERPOLATION" source="#mixamorig_LeftHandIndex2-Interpolations"/>
      </sampler>
      <channel source="#mixamorig_LeftHandIndex2-Matrix-animation-transform" target="mixamorig_LeftHandIndex2/matrix"/>
    </animation>
    <animation id="mixamorig_LeftHandIndex3-anim" name="mixamorig_LeftHandIndex3">
      <source id="mixamorig_LeftHandIndex3-Matrix-animation-input">
        <float_array id="mixamorig_LeftHandIndex3-Matrix-animation-input-array" count="25">

0.000000 0.033333 0.066667 0.100000 0.133333 0.166667 0.200000 0.233333 0.266667 0.300000 0.333333 0.366667 0.400000 0.433333 0.466667 0.500000
0.533333 0.566667 0.600000 0.633333 0.666667 0.700000 0.733333 0.766667 0.800000</float_array>
        <technique_common>
          <accessor source="#mixamorig_LeftHandIndex3-Matrix-animation-input-array" count="25">
            <param name="TIME" type="float"/>
          </accessor>
        </technique_common>
      </source>
      <source id="mixamorig_LeftHandIndex3-Matrix-animation-output-transform">
        <float_array id="mixamorig_LeftHandIndex3-Matrix-animation-output-transform-array" count="400">

0.999540 0.029999 -0.004537 0.000000 -0.029999 0.954825 -0.295651 2.893900 -0.004537 0.295651 0.955285 0.000000 0.000000 0.000000 0.000000 1.000000
0.999630 0.026960 -0.003648 0.000000 -0.026960 0.963678 -0.265704 2.893900 -0.003648 0.265704 0.964048 0.000000 0.000000 0.000000 0.000000 1.000000
0.999785 0.020649 -0.002124 0.000000 -0.020649 0.978856 -0.203506 2.893900 -0.002124 0.203506 0.979071 -0.000000 0.000000 0.000000 0.000000 1.000000
0.999931 0.011690 -0.000676 0.000000 -0.011690 0.993273 -0.115205 2.893900 -0.000676 0.115205 0.993342 -0.000000 0.000000 0.000000 0.000000 1.000000
0.999999 0.001051 -0.000005 0.000000 -0.001051 0.999946 -0.010364 2.893900 -0.000005 0.010364 0.999946 0.000000 0.000000 0.000000 0.000000 1.000000
0.999958 -0.009136 -0.000412 -0.000000 0.009136 0.995896 0.090041 2.893900 -0.000412 -0.090041 0.995938 0.000000 0.000000 0.000000 0.000000 1.000000
0.999848 -0.017389 -0.001501 0.000000 0.017389 0.985052 0.171375 2.893900 -0.001501 -0.171375 0.985205 0.000000 0.000000 0.000000 0.000000 1.000000
0.999741 -0.022628 -0.002556 0.000000 0.022628 0.974554 0.223008 2.893900 -0.002556 -0.223008 0.974813 0.000000 0.000000 0.000000 0.000000 1.000000
0.999671 -0.025445 -0.003243 -0.000000 0.025445 0.967712 0.250770 2.893900 -0.003243 -0.250770 0.968041 0.000000 0.000000 0.000000 0.000000 1.000000
0.999644 -0.026448 -0.003508 0.000000 0.026448 0.965070 0.260652 2.893900 -0.003508 -0.260652 0.965426 0.000000 0.000000 0.000000 0.000000 1.000000
0.999655 -0.026029 -0.003395 0.000000 0.026028 0.966189 0.256516 2.893900 -0.003396 -0.256516 0.966534 0.000000 0.000000 0.000000 0.000000 1.000000
0.999695 -0.024493 -0.003001 0.000000 0.024493 0.970119 0.241388 2.893900 -0.003001 -0.241388 0.970424 0.000000 0.000000 0.000000 0.000000 1.000000
0.999759 -0.021809 -0.002372 0.000000 0.021809 0.976384 0.214937 2.893900 -0.002372 -0.214937 0.976625 0.000000 0.000000 0.000000 0.000000 1.000000
0.999838 -0.017913 -0.001594 0.000000 0.017913 0.984130 0.176543 2.893900 -0.001594 -0.176543 0.984292 0.000000 0.000000 0.000000 0.000000 1.000000
0.999913 -0.013172 -0.000859 0.000000 0.013172 0.991451 0.129816 2.893900 -0.000859 -0.129816 0.991538 0.000000 0.000000 0.000000 0.000000 1.000000
0.999969 -0.007833 -0.000303 0.000000 0.007833 0.996985 0.077198 2.893900 -0.000303 -0.077198 0.997016 0.000000 0.000000 0.000000 0.000000 1.000000
0.999998 -0.002118 -0.000022 0.000000 0.002118 0.999780 0.020878 2.893900 -0.000022 -0.020878 0.999782 0.000000 0.000000 0.000000 0.000000 1.000000
0.999993 0.003711 -0.000068 -0.000000 -0.003711 0.999324 -0.036570 2.893900 -0.000068 0.036570 0.999331 0.000000 0.000000 0.000000 0.000000 1.000000
0.999955 0.009475 -0.000444 0.000000 -0.009475 0.995585 -0.093380 2.893900 -0.000443 0.093380 0.995630 -0.000000 0.000000 0.000000 0.000000 1.000000
0.999888 0.014932 -0.001105 0.000000 -0.014932 0.989000 -0.147157 2.893900 -0.001105 0.147157 0.989113 0.000000 0.000000 0.000000 0.000000 1.000000
0.999801 0.019869 -0.001965 -0.000000 -0.019869 0.980439 -0.195819 2.893900 -0.001965 0.195819 0.980638 0.000000 0.000000 0.000000 0.000000 1.000000
0.999707 0.024050 -0.002892 0.000000 -0.024050 0.971208 -0.237016 2.893900 -0.002892 0.237016 0.971501 -0.000000 0.000000 0.000000 0.000000 1.000000
0.999626 0.027106 -0.003688 0.000000 -0.027106 0.963278 -0.267133 2.893900 -0.003688 0.267133 0.963653 0.000000 0.000000 0.000000 0.000000 1.000000
0.999567 0.029103 -0.004264 0.000000 -0.029103 0.957542 -0.286820 2.893900 -0.004264 0.286820 0.957975 0.000000 0.000000 0.000000 0.000000 1.000000
0.999540 0.029999 -0.004537 0.000000 -0.029999 0.954825 -0.295651 2.893900 -0.004537 0.295651 0.955285 0.000000 0.000000 0.000000 0.000000 1.000000</float_array>
        <technique_common>
          <accessor source="#mixamorig_LeftHandIndex3-Matrix-animation-output-transform-array" count="25" stride="16">
            <param type="float4x4"/>
          </accessor>
        </technique_common>
      </source>
      <source id="mixamorig_LeftHandIndex3-Interpolations">
        <Name_array id="mixamorig_LeftHandIndex3-Interpolations-array" count="25">
 LINEAR LINEAR LINEAR LINEAR LINEAR LINEAR LINEAR LINEAR LINEAR LINEAR LINEAR
LINEAR LINEAR LINEAR LINEAR LINEAR LINEAR LINEAR LINEAR LINEAR LINEAR LINEAR LINEAR
LINEAR LINEAR</Name_array>
        <technique_common>
          <accessor source="#mixamorig_LeftHandIndex3-Interpolations-array" count="25">
            <param type="name"/>
          </accessor>
        </technique_common>
      </source>
      <sampler id="mixamorig_LeftHandIndex3-Matrix-animation-transform">
        <input semantic="INPUT" source="#mixamorig_LeftHandIndex3-Matrix-animation-input"/>
        <input semantic="OUTPUT" source="#mixamorig_LeftHandIndex3-Matrix-animation-output-transform"/>
        <input semantic="INTERPOLATION" source="#mixamorig_LeftHandIndex3-Interpolations"/>
      </sampler>
      <channel source="#mixamorig_LeftHandIndex3-Matrix-animation-transform" target="mixamorig_LeftHandIndex3/matrix"/>
    </animation>
    <animation id="mixamorig_LeftHandMiddle1-anim" name="mixamorig_LeftHandMiddle1">
      <source id="mixamorig_LeftHandMiddle1-Matrix-animation-input">
        <float_array id="mixamorig_LeftHandMiddle1-Matrix-animation-input-array" count="25">

0.000000 0.033333 0.066667 0.100000 0.133333 0.166667 0.200000 0.233333 0.266667 0.300000 0.333333 0.366667 0.400000 0.433333 0.466667 0.500000
0.533333 0.566667 0.600000 0.633333 0.666667 0.700000 0.733333 0.766667 0.800000</float_array>
        <technique_common>
          <accessor source="#mixamorig_LeftHandMiddle1-Matrix-animation-input-array" count="25">
            <param name="TIME" type="float"/>
          </accessor>
        </technique_common>
      </source>
      <source id="mixamorig_LeftHandMiddle1-Matrix-animation-output-transform">
        <float_array id="mixamorig_LeftHandMiddle1-Matrix-animation-output-transform-array" count="400">

0.997249 -0.011990 -0.073155 -0.139500 -0.054993 0.542102 -0.838511 17.924500 0.049711 0.840227 0.539951 0.050800 0.000000 0.000000 0.000000 1.000000
0.997441 -0.013456 -0.070216 -0.139500 -0.050315 0.565625 -0.823126 17.924500 0.050792 0.824553 0.563501 0.050800 0.000000 0.000000 0.000000 1.000000
0.997823 -0.015899 -0.064007 -0.139500 -0.040747 0.614505 -0.787860 17.924500 0.051859 0.788753 0.612519 0.050800 0.000000 0.000000 0.000000 1.000000
0.998281 -0.019155 -0.055396 -0.139500 -0.027596 0.680205 -0.732502 17.924500 0.051712 0.732772 0.678507 0.050800 0.000000 0.000000 0.000000 1.000000
0.998709 -0.022672 -0.045447 -0.139500 -0.012853 0.752879 -0.658034 17.924500 0.049135 0.657769 0.751616 0.050800 0.000000 0.000000 0.000000 1.000000
0.999038 -0.025277 -0.035832 -0.139500 0.000161 0.819257 -0.573427 17.924500 0.043851 0.572869 0.818473 0.050800 0.000000 0.000000 0.000000 1.000000
0.999308 -0.025466 -0.027104 -0.139500 0.009192 0.875304 -0.483486 17.924500 0.036037 0.482902 0.874932 0.050800 0.000000 0.000000 0.000000 1.000000
0.999583 -0.021455 -0.019327 -0.139500 0.012284 0.921656 -0.387814 17.924500 0.026133 0.387415 0.921535 0.050800 0.000000 0.000000 0.000000 1.000000
0.999819 -0.014354 -0.012486 -0.139500 0.010145 0.957476 -0.288335 17.924500 0.016093 0.288156 0.957448 0.050800 0.000000 0.000000 0.000000 1.000000
0.999956 -0.006117 -0.007162 -0.139500 0.004583 0.980336 -0.197285 17.924500 0.008228 0.197243 0.980320 0.050800 0.000000 0.000000 0.000000 1.000000
0.999991 0.000477 -0.004329 -0.139500 -0.001078 0.990174 -0.139839 17.924500 0.004219 0.139842 0.990165 0.050800 0.000000 0.000000 0.000000 1.000000
0.999985 0.004253 -0.003590 -0.139500 -0.004665 0.992280 -0.123933 17.924500 0.003036 0.123948 0.992284 0.050800 0.000000 0.000000 0.000000 1.000000
0.999974 0.005471 -0.004620 -0.139500 -0.006087 0.989289 -0.145840 17.924500 0.003772 0.145864 0.989297 0.050800 0.000000 0.000000 0.000000 1.000000
0.999962 0.004989 -0.007191 -0.139500 -0.006305 0.980500 -0.196417 17.924500 0.006070 0.196454 0.980494 0.050800 0.000000 0.000000 0.000000 1.000000
0.999933 0.003823 -0.010935 -0.139500 -0.006556 0.965009 -0.262133 17.924500 0.009550 0.262187 0.964970 0.050800 0.000000 0.000000 0.000000 1.000000
0.999872 0.002238 -0.015835 -0.139500 -0.007459 0.941119 -0.337994 17.924500 0.014146 0.338069 0.941015 0.050800 0.000000 0.000000 0.000000 1.000000
0.999756 0.000328 -0.022080 -0.139500 -0.009598 0.906962 -0.421104 17.924500 0.019888 0.421213 0.906744 0.050800 0.000000 0.000000 0.000000 1.000000
0.999566 -0.001831 -0.029394 -0.139500 -0.013293 0.862566 -0.505769 17.924500 0.026280 0.505941 0.862168 0.050800 0.000000 0.000000 0.000000 1.000000
0.999288 -0.004098 -0.037511 -0.139500 -0.018732 0.809059 -0.587429 17.924500 0.032756 0.587713 0.808406 0.050800 0.000000 0.000000 0.000000 1.000000
0.998920 -0.006173 -0.046048 -0.139500 -0.025852 0.749665 -0.661313 17.924500 0.038603 0.661789 0.748696 0.050800 0.000000 0.000000 0.000000 1.000000
0.998490 -0.008057 -0.054345 -0.139500 -0.033855 0.688803 -0.724157 17.924500 0.043267 0.724904 0.687490 0.050800 0.000000 0.000000 0.000000 1.000000
0.998042 -0.009677 -0.061798 -0.139500 -0.041791 0.631945 -0.773886 17.924500 0.046542 0.774953 0.630303 0.050800 0.000000 0.000000 0.000000 1.000000
0.997658 -0.010856 -0.067527 -0.139500 -0.048302 0.587158 -0.808030 17.924500 0.048421 0.809399 0.585259 0.050800 0.000000 0.000000 0.000000 1.000000
0.997381 -0.011648 -0.071385 -0.139500 -0.052854 0.556372 -0.829251 17.924500 0.049376 0.830852 0.554299 0.050800 0.000000 0.000000 0.000000 1.000000
0.997249 -0.011990 -0.073154 -0.139500 -0.054992 0.542102 -0.838511 17.924500 0.049711 0.840227 0.539951 0.050800 0.000000 0.000000 0.000000 1.000000</float_array>
        <technique_common>
          <accessor source="#mixamorig_LeftHandMiddle1-Matrix-animation-output-transform-array" count="25" stride="16">
            <param type="float4x4"/>
          </accessor>
        </technique_common>
      </source>
      <source id="mixamorig_LeftHandMiddle1-Interpolations">
        <Name_array id="mixamorig_LeftHandMiddle1-Interpolations-array" count="25">
 LINEAR LINEAR LINEAR LINEAR LINEAR LINEAR LINEAR LINEAR LINEAR LINEAR LINEAR
LINEAR LINEAR LINEAR LINEAR LINEAR LINEAR LINEAR LINEAR LINEAR LINEAR LINEAR LINEAR
LINEAR LINEAR</Name_array>
        <technique_common>
          <accessor source="#mixamorig_LeftHandMiddle1-Interpolations-array" count="25">
            <param type="name"/>
          </accessor>
        </technique_common>
      </source>
      <sampler id="mixamorig_LeftHandMiddle1-Matrix-animation-transform">
        <input semantic="INPUT" source="#mixamorig_LeftHandMiddle1-Matrix-animation-input"/>
        <input semantic="OUTPUT" source="#mixamorig_LeftHandMiddle1-Matrix-animation-output-transform"/>
        <input semantic="INTERPOLATION" source="#mixamorig_LeftHandMiddle1-Interpolations"/>
      </sampler>
      <channel source="#mixamorig_LeftHandMiddle1-Matrix-animation-transform" target="mixamorig_LeftHandMiddle1/matrix"/>
    </animation>
    <animation id="mixamorig_LeftHandMiddle2-anim" name="mixamorig_LeftHandMiddle2">
      <source id="mixamorig_LeftHandMiddle2-Matrix-animation-input">
        <float_array id="mixamorig_LeftHandMiddle2-Matrix-animation-input-array" count="25">

0.000000 0.033333 0.066667 0.100000 0.133333 0.166667 0.200000 0.233333 0.266667 0.300000 0.333333 0.366667 0.400000 0.433333 0.466667 0.500000
0.533333 0.566667 0.600000 0.633333 0.666667 0.700000 0.733333 0.766667 0.800000</float_array>
        <technique_common>
          <accessor source="#mixamorig_LeftHandMiddle2-Matrix-animation-input-array" count="25">
            <param name="TIME" type="float"/>
          </accessor>
        </technique_common>
      </source>
      <source id="mixamorig_LeftHandMiddle2-Matrix-animation-output-transform">
        <float_array id="mixamorig_LeftHandMiddle2-Matrix-animation-output-transform-array" count="400">

0.995220 0.085547 -0.047111 0.000000 -0.085546 0.530928 -0.843088 5.001900 -0.047111 0.843088 0.535708 0.000000 0.000000 0.000000 0.000000 1.000000
0.995468 0.083956 -0.044666 -0.000000 -0.083956 0.555274 -0.827419 5.001900 -0.044665 0.827419 0.559806 -0.000000 0.000000 0.000000 0.000000 1.000000
0.995983 0.080316 -0.039589 0.000000 -0.080316 0.605819 -0.791538 5.001900 -0.039589 0.791538 0.609836 0.000000 0.000000 0.000000 0.000000 1.000000
0.996675 0.074601 -0.032770 -0.000000 -0.074601 0.673718 -0.735214 5.001900 -0.032770 0.735214 0.677043 0.000000 0.000000 0.000000 0.000000 1.000000
0.997439 0.066919 -0.025237 -0.000000 -0.066919 0.748717 -0.659504 5.001900 -0.025238 0.659504 0.751278 -0.000000 0.000000 0.000000 0.000000 1.000000
0.998135 0.058208 -0.018378 0.000000 -0.058209 0.817020 -0.573664 5.001900 -0.018377 0.573664 0.818885 -0.000000 0.000000 0.000000 0.000000 1.000000
0.998720 0.048987 -0.012617 -0.000000 -0.048987 0.874372 -0.482778 5.001900 -0.012617 0.482778 0.875652 0.000000 0.000000 0.000000 0.000000 1.000000
0.999199 0.039237 -0.007897 -0.000000 -0.039237 0.921375 -0.386690 5.001900 -0.007896 0.386690 0.922176 0.000000 0.000000 0.000000 0.000000 1.000000
0.999566 0.029144 -0.004276 0.000000 -0.029144 0.957421 -0.287220 5.001900 -0.004276 0.287220 0.957855 -0.000000 0.000000 0.000000 0.000000 1.000000
0.999799 0.019934 -0.001978 0.000000 -0.019934 0.980310 -0.196458 5.001900 -0.001978 0.196458 0.980510 0.000000 0.000000 0.000000 0.000000 1.000000
0.999899 0.014145 -0.000991 -0.000000 -0.014145 0.990135 -0.139402 5.001900 -0.000991 0.139402 0.990235 0.000000 0.000000 0.000000 0.000000 1.000000
0.999921 0.012572 -0.000782 0.000000 -0.012572 0.992215 -0.123897 5.001900 -0.000782 0.123897 0.992295 0.000000 0.000000 0.000000 0.000000 1.000000
0.999889 0.014838 -0.001090 0.000000 -0.014838 0.989139 -0.146235 5.001900 -0.001091 0.146235 0.989249 0.000000 0.000000 0.000000 0.000000 1.000000
0.999798 0.020021 -0.001995 0.000000 -0.020021 0.980135 -0.197316 5.001900 -0.001995 0.197316 0.980338 -0.000000 0.000000 0.000000 0.000000 1.000000
0.999636 0.026745 -0.003589 0.000000 -0.026745 0.964266 -0.263583 5.001900 -0.003589 0.263583 0.964630 0.000000 0.000000 0.000000 0.000000 1.000000
0.999386 0.034499 -0.006047 0.000000 -0.034499 0.939795 -0.339994 5.001900 -0.006046 0.339994 0.940408 0.000000 0.000000 0.000000 0.000000 1.000000
0.999030 0.042984 -0.009560 0.000000 -0.042985 0.904820 -0.423619 5.001900 -0.009559 0.423619 0.905790 0.000000 0.000000 0.000000 0.000000 1.000000
0.998567 0.051622 -0.014125 0.000000 -0.051623 0.859362 -0.508755 5.001900 -0.014125 0.508755 0.860796 0.000000 0.000000 0.000000 0.000000 1.000000
0.998008 0.059951 -0.019628 0.000000 -0.059951 0.804562 -0.590835 5.001900 -0.019629 0.590835 0.806553 0.000000 0.000000 0.000000 0.000000 1.000000
0.997388 0.067486 -0.025741 0.000000 -0.067486 0.743702 -0.665097 5.001900 -0.025741 0.665097 0.746314 0.000000 0.000000 0.000000 0.000000 1.000000
0.996752 0.073894 -0.032007 0.000000 -0.073894 0.681316 -0.728250 5.001900 -0.032007 0.728250 0.684564 -0.000000 0.000000 0.000000 0.000000 1.000000
0.996158 0.078963 -0.037861 -0.000000 -0.078963 0.623024 -0.778207 5.001900 -0.037861 0.778207 0.626866 0.000000 0.000000 0.000000 0.000000 1.000000
0.995690 0.082442 -0.042473 0.000000 -0.082442 0.577108 -0.812496 5.001900 -0.042473 0.812496 0.581418 -0.000000 0.000000 0.000000 0.000000 1.000000
0.995369 0.084604 -0.045642 0.000000 -0.084604 0.545552 -0.833796 5.001900 -0.045642 0.833796 0.550183 0.000000 0.000000 0.000000 0.000000 1.000000
0.995220 0.085547 -0.047111 0.000000 -0.085547 0.530927 -0.843088 5.001900 -0.047111 0.843088 0.535708 -0.000000 0.000000 0.000000 0.000000 1.000000</float_array>
        <technique_common>
          <accessor source="#mixamorig_LeftHandMiddle2-Matrix-animation-output-transform-array" count="25" stride="16">
            <param type="float4x4"/>
          </accessor>
        </technique_common>
      </source>
      <source id="mixamorig_LeftHandMiddle2-Interpolations">
        <Name_array id="mixamorig_LeftHandMiddle2-Interpolations-array" count="25">
 LINEAR LINEAR LINEAR LINEAR LINEAR LINEAR LINEAR LINEAR LINEAR LINEAR LINEAR
LINEAR LINEAR LINEAR LINEAR LINEAR LINEAR LINEAR LINEAR LINEAR LINEAR LINEAR LINEAR
LINEAR LINEAR</Name_array>
        <technique_common>
          <accessor source="#mixamorig_LeftHandMiddle2-Interpolations-array" count="25">
            <param type="name"/>
          </accessor>
        </technique_common>
      </source>
      <sampler id="mixamorig_LeftHandMiddle2-Matrix-animation-transform">
        <input semantic="INPUT" source="#mixamorig_LeftHandMiddle2-Matrix-animation-input"/>
        <input semantic="OUTPUT" source="#mixamorig_LeftHandMiddle2-Matrix-animation-output-transform"/>
        <input semantic="INTERPOLATION" source="#mixamorig_LeftHandMiddle2-Interpolations"/>
      </sampler>
      <channel source="#mixamorig_LeftHandMiddle2-Matrix-animation-transform" target="mixamorig_LeftHandMiddle2/matrix"/>
    </animation>
    <animation id="mixamorig_LeftHandMiddle3-anim" name="mixamorig_LeftHandMiddle3">
      <source id="mixamorig_LeftHandMiddle3-Matrix-animation-input">
        <float_array id="mixamorig_LeftHandMiddle3-Matrix-animation-input-array" count="25">

0.000000 0.033333 0.066667 0.100000 0.133333 0.166667 0.200000 0.233333 0.266667 0.300000 0.333333 0.366667 0.400000 0.433333 0.466667 0.500000
0.533333 0.566667 0.600000 0.633333 0.666667 0.700000 0.733333 0.766667 0.800000</float_array>
        <technique_common>
          <accessor source="#mixamorig_LeftHandMiddle3-Matrix-animation-input-array" count="25">
            <param name="TIME" type="float"/>
          </accessor>
        </technique_common>
      </source>
      <source id="mixamorig_LeftHandMiddle3-Matrix-animation-output-transform">
        <float_array id="mixamorig_LeftHandMiddle3-Matrix-animation-output-transform-array" count="400">

0.999732 0.023006 -0.002643 0.000000 -0.023006 0.973686 -0.226731 3.278600 -0.002643 0.226731 0.973954 0.000000 0.000000 0.000000 0.000000 1.000000
0.999810 0.019379 -0.001868 0.000000 -0.019379 0.981402 -0.190985 3.278600 -0.001868 0.190985 0.981591 0.000000 0.000000 0.000000 0.000000 1.000000
0.999928 0.011946 -0.000706 -0.000000 -0.011946 0.992973 -0.117734 3.278600 -0.000706 0.117734 0.993045 0.000000 0.000000 0.000000 0.000000 1.000000
0.999998 0.001763 -0.000016 -0.000000 -0.001763 0.999847 -0.017378 3.278600 -0.000015 0.017378 0.999849 0.000000 0.000000 0.000000 0.000000 1.000000
0.999956 -0.009365 -0.000433 0.000000 0.009365 0.995687 0.092298 3.278600 -0.000433 -0.092298 0.995731 0.000000 0.000000 0.000000 0.000000 1.000000
0.999825 -0.018611 -0.001722 0.000000 0.018611 0.982859 0.183419 3.278600 -0.001722 -0.183419 0.983033 0.000000 0.000000 0.000000 0.000000 1.000000
0.999698 -0.024410 -0.002980 0.000000 0.024410 0.970325 0.240568 3.278600 -0.002980 -0.240568 0.970628 0.000000 0.000000 0.000000 0.000000 1.000000
0.999645 -0.026396 -0.003494 0.000000 0.026396 0.965211 0.260135 3.278600 -0.003494 -0.260135 0.965566 0.000000 0.000000 0.000000 0.000000 1.000000
0.999642 -0.026533 -0.003531 -0.000000 0.026533 0.964842 0.261486 3.278600 -0.003531 -0.261486 0.965201 0.000000 0.000000 0.000000 0.000000 1.000000
0.999651 -0.026195 -0.003440 0.000000 0.026195 0.965747 0.258160 3.278600 -0.003440 -0.258160 0.966096 0.000000 0.000000 0.000000 0.000000 1.000000
0.999657 -0.025972 -0.003381 0.000000 0.025972 0.966338 0.255962 3.278600 -0.003381 -0.255962 0.966681 0.000000 0.000000 0.000000 0.000000 1.000000
0.999672 -0.025398 -0.003231 0.000000 0.025398 0.967835 0.250302 3.278600 -0.003230 -0.250302 0.968162 0.000000 0.000000 0.000000 0.000000 1.000000
0.999710 -0.023895 -0.002854 -0.000000 0.023895 0.971583 0.235489 3.278600 -0.002854 -0.235489 0.971873 0.000000 0.000000 0.000000 0.000000 1.000000
0.999776 -0.021036 -0.002204 0.000000 0.021036 0.978049 0.207313 3.278600 -0.002205 -0.207313 0.978272 0.000000 0.000000 0.000000 0.000000 1.000000
0.999852 -0.017151 -0.001460 -0.000000 0.017151 0.985462 0.169026 3.278600 -0.001460 -0.169026 0.985610 0.000000 0.000000 0.000000 0.000000 1.000000
0.999921 -0.012538 -0.000778 0.000000 0.012538 0.992257 0.123564 3.278600 -0.000778 -0.123564 0.992336 0.000000 0.000000 0.000000 0.000000 1.000000
0.999972 -0.007448 -0.000274 0.000000 0.007448 0.997275 0.073403 3.278600 -0.000274 -0.073403 0.997302 0.000000 0.000000 0.000000 0.000000 1.000000
0.999998 -0.002148 -0.000023 0.000000 0.002148 0.999774 0.021173 3.278600 -0.000023 -0.021173 0.999776 0.000000 0.000000 0.000000 0.000000 1.000000
0.999995 0.003197 -0.000051 -0.000000 -0.003197 0.999499 -0.031504 3.278600 -0.000050 0.031504 0.999504 0.000000 0.000000 0.000000 0.000000 1.000000
0.999965 0.008357 -0.000345 0.000000 -0.008357 0.996568 -0.082358 3.278600 -0.000345 0.082358 0.996603 0.000000 0.000000 0.000000 0.000000 1.000000
0.999914 0.013094 -0.000848 0.000000 -0.013094 0.991552 -0.129044 3.278600 -0.000849 0.129044 0.991639 0.000000 0.000000 0.000000 0.000000 1.000000
0.999852 0.017151 -0.001460 0.000000 -0.017151 0.985462 -0.169029 3.278600 -0.001460 0.169029 0.985610 0.000000 0.000000 0.000000 0.000000 1.000000
0.999795 0.020145 -0.002020 -0.000000 -0.020145 0.979886 -0.198537 3.278600 -0.002020 0.198537 0.980091 0.000000 0.000000 0.000000 0.000000 1.000000
0.999752 0.022116 -0.002440 0.000000 -0.022116 0.975708 -0.217957 3.278600 -0.002440 0.217957 0.975955 0.000000 0.000000 0.000000 0.000000 1.000000
0.999732 0.023006 -0.002643 -0.000000 -0.023006 0.973686 -0.226731 3.278600 -0.002643 0.226731 0.973954 0.000000 0.000000 0.000000 0.000000 1.000000</float_array>
        <technique_common>
          <accessor source="#mixamorig_LeftHandMiddle3-Matrix-animation-output-transform-array" count="25" stride="16">
            <param type="float4x4"/>
          </accessor>
        </technique_common>
      </source>
      <source id="mixamorig_LeftHandMiddle3-Interpolations">
        <Name_array id="mixamorig_LeftHandMiddle3-Interpolations-array" count="25">
 LINEAR LINEAR LINEAR LINEAR LINEAR LINEAR LINEAR LINEAR LINEAR LINEAR LINEAR
LINEAR LINEAR LINEAR LINEAR LINEAR LINEAR LINEAR LINEAR LINEAR LINEAR LINEAR LINEAR
LINEAR LINEAR</Name_array>
        <technique_common>
          <accessor source="#mixamorig_LeftHandMiddle3-Interpolations-array" count="25">
            <param type="name"/>
          </accessor>
        </technique_common>
      </source>
      <sampler id="mixamorig_LeftHandMiddle3-Matrix-animation-transform">
        <input semantic="INPUT" source="#mixamorig_LeftHandMiddle3-Matrix-animation-input"/>
        <input semantic="OUTPUT" source="#mixamorig_LeftHandMiddle3-Matrix-animation-output-transform"/>
        <input semantic="INTERPOLATION" source="#mixamorig_LeftHandMiddle3-Interpolations"/>
      </sampler>
      <channel source="#mixamorig_LeftHandMiddle3-Matrix-animation-transform" target="mixamorig_LeftHandMiddle3/matrix"/>
    </animation>
    <animation id="mixamorig_LeftHandRing1-anim" name="mixamorig_LeftHandRing1">
      <source id="mixamorig_LeftHandRing1-Matrix-animation-input">
        <float_array id="mixamorig_LeftHandRing1-Matrix-animation-input-array" count="25">

0.000000 0.033333 0.066667 0.100000 0.133333 0.166667 0.200000 0.233333 0.266667 0.300000 0.333333 0.366667 0.400000 0.433333 0.466667 0.500000
0.533333 0.566667 0.600000 0.633333 0.666667 0.700000 0.733333 0.766667 0.800000</float_array>
        <technique_common>
          <accessor source="#mixamorig_LeftHandRing1-Matrix-animation-input-array" count="25">
            <param name="TIME" type="float"/>
          </accessor>
        </technique_common>
      </source>
      <source id="mixamorig_LeftHandRing1-Matrix-animation-output-transform">
        <float_array id="mixamorig_LeftHandRing1-Matrix-animation-output-transform-array" count="400">

0.995085 0.060951 -0.078049 3.988400 -0.098135 0.501307 -0.859686 15.764500 -0.013272 0.863120 0.504824 0.151700 0.000000 0.000000 0.000000 1.000000
0.995572 0.057272 -0.074547 3.988400 -0.093600 0.530199 -0.842691 15.764500 -0.008737 0.845937 0.533212 0.151700 0.000000 0.000000 0.000000 1.000000
0.996445 0.050828 -0.067192 3.988400 -0.084243 0.589594 -0.803294 15.764500 -0.001214 0.806099 0.591780 0.151700 0.000000 0.000000 0.000000 1.000000
0.997485 0.042035 -0.057065 3.988400 -0.070525 0.668636 -0.740238 15.764500 0.007040 0.742401 0.669919 0.151700 0.000000 0.000000 0.000000 1.000000
0.998444 0.032354 -0.045425 3.988400 -0.054207 0.754487 -0.654073 15.764500 0.013111 0.655517 0.755067 0.151700 0.000000 0.000000 0.000000 1.000000
0.999073 0.025807 -0.034456 3.988400 -0.040617 0.830322 -0.555802 15.764500 0.014266 0.556686 0.830600 0.151700 0.000000 0.000000 0.000000 1.000000
0.999307 0.027703 -0.024842 3.988400 -0.035954 0.890855 -0.452862 15.764500 0.009585 0.453442 0.891234 0.151700 0.000000 0.000000 0.000000 1.000000
0.998856 0.044768 -0.016821 3.988400 -0.047824 0.936506 -0.347376 15.764500 0.000202 0.347783 0.937575 0.151700 0.000000 0.000000 0.000000 1.000000
0.997222 0.073811 -0.009987 3.988400 -0.074035 0.967573 -0.241499 15.764500 -0.008162 0.241568 0.970350 0.151700 0.000000 0.000000 0.000000 1.000000
0.994201 0.107439 -0.004606 3.988400 -0.106941 0.983277 -0.147409 15.764500 -0.011308 0.147047 0.989065 0.151700 0.000000 0.000000 0.000000 1.000000
0.990925 0.134403 -0.001794 3.988400 -0.134016 0.986873 -0.090115 15.764500 -0.010341 0.089538 0.995930 0.151700 0.000000 0.000000 0.000000 1.000000
0.988659 0.150171 -0.001013 3.988400 -0.149805 0.985734 -0.076725 15.764500 -0.010524 0.076007 0.997052 0.151700 0.000000 0.000000 0.000000 1.000000
0.987740 0.156093 -0.002102 3.988400 -0.155474 0.982436 -0.103187 15.764500 -0.014042 0.102248 0.994660 0.151700 0.000000 0.000000 0.000000 1.000000
0.987790 0.155717 -0.004861 3.988400 -0.154475 0.974912 -0.160262 15.764500 -0.020216 0.159056 0.987062 0.151700 0.000000 0.000000 0.000000 1.000000
0.988252 0.152572 -0.008944 3.988400 -0.150416 0.960584 -0.233779 15.764500 -0.027077 0.232378 0.972249 0.151700 0.000000 0.000000 0.000000 1.000000
0.989006 0.147180 -0.014327 3.988400 -0.144050 0.936994 -0.318264 15.764500 -0.033418 0.316829 0.947894 0.151700 0.000000 0.000000 0.000000 1.000000
0.990047 0.139121 -0.021289 3.988400 -0.135546 0.901823 -0.410296 15.764500 -0.037882 0.409097 0.911704 0.151700 0.000000 0.000000 0.000000 1.000000
0.991235 0.128785 -0.029449 3.988400 -0.126013 0.854767 -0.503482 15.764500 -0.039669 0.502780 0.863503 0.151700 0.000000 0.000000 0.000000 1.000000
0.992418 0.116735 -0.038465 3.988400 -0.116711 0.796904 -0.592724 15.764500 -0.038539 0.592720 0.804486 0.151700 0.000000 0.000000 0.000000 1.000000
0.993429 0.103879 -0.048031 3.988400 -0.109047 0.731783 -0.672757 15.764500 -0.034738 0.673574 0.738303 0.151700 0.000000 0.000000 0.000000 1.000000
0.994192 0.091125 -0.057261 3.988400 -0.103530 0.664473 -0.740106 15.764500 -0.029394 0.741736 0.670048 0.151700 0.000000 0.000000 0.000000 1.000000
0.994688 0.079410 -0.065500 3.988400 -0.100205 0.601300 -0.792715 15.764500 -0.023565 0.795068 0.606063 0.151700 0.000000 0.000000 0.000000 1.000000
0.994940 0.070228 -0.071855 3.988400 -0.098748 0.551453 -0.828341 15.764500 -0.018548 0.831245 0.555597 0.151700 0.000000 0.000000 0.000000 1.000000
0.995050 0.063903 -0.076104 3.988400 -0.098240 0.517183 -0.850218 15.764500 -0.014972 0.853486 0.520900 0.151700 0.000000 0.000000 0.000000 1.000000
0.995085 0.060951 -0.078048 3.988400 -0.098135 0.501307 -0.859687 15.764500 -0.013273 0.863120 0.504824 0.151700 0.000000 0.000000 0.000000 1.000000</float_array>
        <technique_common>
          <accessor source="#mixamorig_LeftHandRing1-Matrix-animation-output-transform-array" count="25" stride="16">
            <param type="float4x4"/>
          </accessor>
        </technique_common>
      </source>
      <source id="mixamorig_LeftHandRing1-Interpolations">
        <Name_array id="mixamorig_LeftHandRing1-Interpolations-array" count="25">
 LINEAR LINEAR LINEAR LINEAR LINEAR LINEAR LINEAR LINEAR LINEAR LINEAR LINEAR
LINEAR LINEAR LINEAR LINEAR LINEAR LINEAR LINEAR LINEAR LINEAR LINEAR LINEAR LINEAR
LINEAR LINEAR</Name_array>
        <technique_common>
          <accessor source="#mixamorig_LeftHandRing1-Interpolations-array" count="25">
            <param type="name"/>
          </accessor>
        </technique_common>
      </source>
      <sampler id="mixamorig_LeftHandRing1-Matrix-animation-transform">
        <input semantic="INPUT" source="#mixamorig_LeftHandRing1-Matrix-animation-input"/>
        <input semantic="OUTPUT" source="#mixamorig_LeftHandRing1-Matrix-animation-output-transform"/>
        <input semantic="INTERPOLATION" source="#mixamorig_LeftHandRing1-Interpolations"/>
      </sampler>
      <channel source="#mixamorig_LeftHandRing1-Matrix-animation-transform" target="mixamorig_LeftHandRing1/matrix"/>
    </animation>
    <animation id="mixamorig_LeftHandRing2-anim" name="mixamorig_LeftHandRing2">
      <source id="mixamorig_LeftHandRing2-Matrix-animation-input">
        <float_array id="mixamorig_LeftHandRing2-Matrix-animation-input-array" count="25">

0.000000 0.033333 0.066667 0.100000 0.133333 0.166667 0.200000 0.233333 0.266667 0.300000 0.333333 0.366667 0.400000 0.433333 0.466667 0.500000
0.533333 0.566667 0.600000 0.633333 0.666667 0.700000 0.733333 0.766667 0.800000</float_array>
        <technique_common>
          <accessor source="#mixamorig_LeftHandRing2-Matrix-animation-input-array" count="25">
            <param name="TIME" type="float"/>
          </accessor>
        </technique_common>
      </source>
      <source id="mixamorig_LeftHandRing2-Matrix-animation-output-transform">
        <float_array id="mixamorig_LeftHandRing2-Matrix-animation-output-transform-array" count="400">

0.991996 0.098598 -0.078879 0.000000 -0.098598 0.214621 -0.971708 3.497800 -0.078879 0.971708 0.222624 -0.000000 0.000000 0.000000 0.000000 1.000000
0.992332 0.097806 -0.075566 -0.000000 -0.097807 0.247612 -0.963910 3.497800 -0.075566 0.963910 0.255279 0.000000 0.000000 0.000000 0.000000 1.000000
0.993037 0.095752 -0.068622 0.000000 -0.095752 0.316747 -0.943665 3.497800 -0.068622 0.943665 0.323710 0.000000 0.000000 0.000000 0.000000 1.000000
0.994007 0.091986 -0.059059 -0.000000 -0.091986 0.411967 -0.906544 3.497800 -0.059059 0.906544 0.417960 0.000000 0.000000 0.000000 0.000000 1.000000
0.995115 0.086185 -0.048139 -0.000000 -0.086186 0.520691 -0.849384 3.497800 -0.048139 0.849384 0.525576 0.000000 0.000000 0.000000 0.000000 1.000000
0.996160 0.078947 -0.037841 0.000000 -0.078947 0.623232 -0.778042 3.497800 -0.037840 0.778042 0.627072 0.000000 0.000000 0.000000 0.000000 1.000000
0.997066 0.070880 -0.028920 0.000000 -0.070880 0.712053 -0.698539 3.497800 -0.028920 0.698539 0.714988 0.000000 0.000000 0.000000 0.000000 1.000000
0.997829 0.062280 -0.021392 0.000000 -0.062280 0.787013 -0.613785 3.497800 -0.021391 0.613785 0.789184 0.000000 0.000000 0.000000 0.000000 1.000000
0.998460 0.053364 -0.015180 -0.000000 -0.053364 0.848861 -0.525916 3.497800 -0.015180 0.525916 0.850401 0.000000 0.000000 0.000000 0.000000 1.000000
0.998920 0.045220 -0.010640 0.000000 -0.045220 0.894061 -0.445656 3.497800 -0.010640 0.445656 0.895141 0.000000 0.000000 0.000000 0.000000 1.000000
0.999157 0.040196 -0.008305 0.000000 -0.040196 0.917308 -0.396145 3.497800 -0.008305 0.396145 0.918150 0.000000 0.000000 0.000000 0.000000 1.000000
0.999204 0.039104 -0.007842 0.000000 -0.039105 0.921926 -0.385388 3.497800 -0.007841 0.385388 0.922721 0.000000 0.000000 0.000000 0.000000 1.000000
0.999093 0.041635 -0.008940 -0.000000 -0.041635 0.910988 -0.410326 3.497800 -0.008940 0.410326 0.911895 0.000000 0.000000 0.000000 0.000000 1.000000
0.998834 0.046882 -0.011487 0.000000 -0.046882 0.885620 -0.462039 3.497800 -0.011488 0.462039 0.886785 0.000000 0.000000 0.000000 0.000000 1.000000
0.998454 0.053454 -0.015235 0.000000 -0.053454 0.848308 -0.526798 3.497800 -0.015235 0.526798 0.849854 0.000000 0.000000 0.000000 0.000000 1.000000
0.997948 0.060754 -0.020224 0.000000 -0.060754 0.798629 -0.598750 3.497800 -0.020225 0.598750 0.800681 0.000000 0.000000 0.000000 0.000000 1.000000
0.997306 0.068384 -0.026554 0.000000 -0.068384 0.735608 -0.673947 3.497800 -0.026554 0.673947 0.738302 0.000000 0.000000 0.000000 0.000000 1.000000
0.996547 0.075740 -0.034034 0.000000 -0.075740 0.661131 -0.746438 3.497800 -0.034034 0.746438 0.664584 0.000000 0.000000 0.000000 0.000000 1.000000
0.995699 0.082384 -0.042391 0.000000 -0.082385 0.577925 -0.811921 3.497800 -0.042391 0.811921 0.582226 0.000000 0.000000 0.000000 0.000000 1.000000
0.994813 0.087942 -0.051119 0.000000 -0.087943 0.491022 -0.866697 3.497800 -0.051119 0.866697 0.496209 0.000000 0.000000 0.000000 0.000000 1.000000
0.993949 0.092245 -0.059636 0.000000 -0.092246 0.406220 -0.909107 3.497800 -0.059636 0.909107 0.412271 -0.000000 0.000000 0.000000 0.000000 1.000000
0.993173 0.095293 -0.067287 0.000000 -0.095293 0.330043 -0.939144 3.497800 -0.067286 0.939144 0.336871 0.000000 0.000000 0.000000 0.000000 1.000000
0.992579 0.097150 -0.073136 0.000000 -0.097150 0.271803 -0.957437 3.497800 -0.073136 0.957437 0.279224 0.000000 0.000000 0.000000 0.000000 1.000000
0.992179 0.098182 -0.077075 0.000000 -0.098182 0.232581 -0.967609 3.497800 -0.077075 0.967609 0.240402 -0.000000 0.000000 0.000000 0.000000 1.000000
0.991996 0.098597 -0.078879 -0.000000 -0.098597 0.214621 -0.971708 3.497800 -0.078879 0.971708 0.222625 0.000000 0.000000 0.000000 0.000000 1.000000</float_array>
        <technique_common>
          <accessor source="#mixamorig_LeftHandRing2-Matrix-animation-output-transform-array" count="25" stride="16">
            <param type="float4x4"/>
          </accessor>
        </technique_common>
      </source>
      <source id="mixamorig_LeftHandRing2-Interpolations">
        <Name_array id="mixamorig_LeftHandRing2-Interpolations-array" count="25">
 LINEAR LINEAR LINEAR LINEAR LINEAR LINEAR LINEAR LINEAR LINEAR LINEAR LINEAR
LINEAR LINEAR LINEAR LINEAR LINEAR LINEAR LINEAR LINEAR LINEAR LINEAR LINEAR LINEAR
LINEAR LINEAR</Name_array>
        <technique_common>
          <accessor source="#mixamorig_LeftHandRing2-Interpolations-array" count="25">
            <param type="name"/>
          </accessor>
        </technique_common>
      </source>
      <sampler id="mixamorig_LeftHandRing2-Matrix-animation-transform">
        <input semantic="INPUT" source="#mixamorig_LeftHandRing2-Matrix-animation-input"/>
        <input semantic="OUTPUT" source="#mixamorig_LeftHandRing2-Matrix-animation-output-transform"/>
        <input semantic="INTERPOLATION" source="#mixamorig_LeftHandRing2-Interpolations"/>
      </sampler>
      <channel source="#mixamorig_LeftHandRing2-Matrix-animation-transform" target="mixamorig_LeftHandRing2/matrix"/>
    </animation>
    <animation id="mixamorig_LeftHandRing3-anim" name="mixamorig_LeftHandRing3">
      <source id="mixamorig_LeftHandRing3-Matrix-animation-input">
        <float_array id="mixamorig_LeftHandRing3-Matrix-animation-input-array" count="25">

0.000000 0.033333 0.066667 0.100000 0.133333 0.166667 0.200000 0.233333 0.266667 0.300000 0.333333 0.366667 0.400000 0.433333 0.466667 0.500000
0.533333 0.566667 0.600000 0.633333 0.666667 0.700000 0.733333 0.766667 0.800000</float_array>
        <technique_common>
          <accessor source="#mixamorig_LeftHandRing3-Matrix-animation-input-array" count="25">
            <param name="TIME" type="float"/>
          </accessor>
        </technique_common>
      </source>
      <source id="mixamorig_LeftHandRing3-Matrix-animation-output-transform">
        <float_array id="mixamorig_LeftHandRing3-Matrix-animation-output-transform-array" count="400">

0.999062 0.042315 -0.009249 0.000000 -0.042315 0.907908 -0.417029 2.983800 -0.009249 0.417029 0.908846 0.000000 0.000000 0.000000 0.000000 1.000000
0.999223 0.038662 -0.007658 -0.000000 -0.038662 0.923756 -0.381026 2.983800 -0.007657 0.381026 0.924533 0.000000 0.000000 0.000000 0.000000 1.000000
0.999508 0.031000 -0.004853 0.000000 -0.031000 0.951683 -0.305514 2.983800 -0.004853 0.305514 0.952175 0.000000 0.000000 0.000000 0.000000 1.000000
0.999799 0.019959 -0.001983 -0.000000 -0.019959 0.980260 -0.196705 2.983800 -0.001983 0.196705 0.980461 0.000000 0.000000 0.000000 0.000000 1.000000
0.999978 0.006677 -0.000220 0.000000 -0.006677 0.997810 -0.065802 2.983800 -0.000220 0.065802 0.997833 0.000000 0.000000 0.000000 0.000000 1.000000
0.999981 -0.006106 -0.000183 -0.000000 0.006106 0.998169 0.060171 2.983800 -0.000184 -0.060171 0.998188 0.000000 0.000000 0.000000 0.000000 1.000000
0.999865 -0.016368 -0.001329 -0.000000 0.016368 0.986767 0.161316 2.983800 -0.001329 -0.161316 0.986902 0.000000 0.000000 0.000000 0.000000 1.000000
0.999740 -0.022642 -0.002559 0.000000 0.022642 0.974523 0.223143 2.983800 -0.002559 -0.223143 0.974782 0.000000 0.000000 0.000000 0.000000 1.000000
0.999663 -0.025761 -0.003325 0.000000 0.025761 0.966892 0.253883 2.983800 -0.003325 -0.253883 0.967229 -0.000000 0.000000 0.000000 0.000000 1.000000
0.999639 -0.026646 -0.003562 0.000000 0.026646 0.964536 0.262603 2.983800 -0.003562 -0.262603 0.964898 0.000000 0.000000 0.000000 0.000000 1.000000
0.999658 -0.025936 -0.003371 0.000000 0.025936 0.966432 0.255610 2.983800 -0.003371 -0.255610 0.966774 0.000000 0.000000 0.000000 0.000000 1.000000
0.999709 -0.023969 -0.002872 0.000000 0.023969 0.971405 0.236216 2.983800 -0.002872 -0.236216 0.971696 0.000000 0.000000 0.000000 0.000000 1.000000
0.999785 -0.020619 -0.002117 0.000000 0.020619 0.978920 0.203202 2.983800 -0.002117 -0.203202 0.979134 0.000000 0.000000 0.000000 0.000000 1.000000
0.999875 -0.015758 -0.001231 0.000000 0.015758 0.987743 0.155292 2.983800 -0.001231 -0.155292 0.987868 0.000000 0.000000 0.000000 0.000000 1.000000
0.999951 -0.009850 -0.000479 0.000000 0.009850 0.995228 0.097074 2.983800 -0.000479 -0.097074 0.995277 -0.000000 0.000000 0.000000 0.000000 1.000000
0.999995 -0.003230 -0.000052 -0.000000 0.003230 0.999488 0.031837 2.983800 -0.000051 -0.031837 0.999493 -0.000000 0.000000 0.000000 0.000000 1.000000
0.999993 0.003805 -0.000071 -0.000000 -0.003805 0.999289 -0.037506 2.983800 -0.000071 0.037506 0.999296 0.000000 0.000000 0.000000 0.000000 1.000000
0.999940 0.010937 -0.000591 0.000000 -0.010937 0.994114 -0.107782 2.983800 -0.000591 0.107782 0.994174 0.000000 0.000000 0.000000 0.000000 1.000000
0.999838 0.017939 -0.001598 0.000000 -0.017939 0.984084 -0.176796 2.983800 -0.001599 0.176796 0.984246 0.000000 0.000000 0.000000 0.000000 1.000000
0.999695 0.024516 -0.003006 -0.000000 -0.024516 0.970064 -0.241609 2.983800 -0.003007 0.241609 0.970369 0.000000 0.000000 0.000000 0.000000 1.000000
0.999526 0.030414 -0.004666 0.000000 -0.030414 0.953538 -0.299735 2.983800 -0.004667 0.299735 0.954011 -0.000000 0.000000 0.000000 0.000000 1.000000
0.999354 0.035361 -0.006363 0.000000 -0.035361 0.936645 -0.348489 2.983800 -0.006363 0.348489 0.937291 0.000000 0.000000 0.000000 0.000000 1.000000
0.999211 0.038946 -0.007775 0.000000 -0.038946 0.922583 -0.383827 2.983800 -0.007775 0.383827 0.923372 0.000000 0.000000 0.000000 0.000000 1.000000
0.999109 0.041275 -0.008778 0.000000 -0.041275 0.912595 -0.406777 2.983800 -0.008778 0.406777 0.913485 0.000000 0.000000 0.000000 0.000000 1.000000
0.999061 0.042315 -0.009249 0.000000 -0.042315 0.907908 -0.417028 2.983800 -0.009249 0.417028 0.908846 0.000000 0.000000 0.000000 0.000000 1.000000</float_array>
        <technique_common>
          <accessor source="#mixamorig_LeftHandRing3-Matrix-animation-output-transform-array" count="25" stride="16">
            <param type="float4x4"/>
          </accessor>
        </technique_common>
      </source>
      <source id="mixamorig_LeftHandRing3-Interpolations">
        <Name_array id="mixamorig_LeftHandRing3-Interpolations-array" count="25">
 LINEAR LINEAR LINEAR LINEAR LINEAR LINEAR LINEAR LINEAR LINEAR LINEAR LINEAR
LINEAR LINEAR LINEAR LINEAR LINEAR LINEAR LINEAR LINEAR LINEAR LINEAR LINEAR LINEAR
LINEAR LINEAR</Name_array>
        <technique_common>
          <accessor source="#mixamorig_LeftHandRing3-Interpolations-array" count="25">
            <param type="name"/>
          </accessor>
        </technique_common>
      </source>
      <sampler id="mixamorig_LeftHandRing3-Matrix-animation-transform">
        <input semantic="INPUT" source="#mixamorig_LeftHandRing3-Matrix-animation-input"/>
        <input semantic="OUTPUT" source="#mixamorig_LeftHandRing3-Matrix-animation-output-transform"/>
        <input semantic="INTERPOLATION" source="#mixamorig_LeftHandRing3-Interpolations"/>
      </sampler>
      <channel source="#mixamorig_LeftHandRing3-Matrix-animation-transform" target="mixamorig_LeftHandRing3/matrix"/>
    </animation>
    <animation id="mixamorig_LeftHandPinky1-anim" name="mixamorig_LeftHandPinky1">
      <source id="mixamorig_LeftHandPinky1-Matrix-animation-input">
        <float_array id="mixamorig_LeftHandPinky1-Matrix-animation-input-array" count="25">

0.000000 0.033333 0.066667 0.100000 0.133333 0.166667 0.200000 0.233333 0.266667 0.300000 0.333333 0.366667 0.400000 0.433333 0.466667 0.500000
0.533333 0.566667 0.600000 0.633333 0.666667 0.700000 0.733333 0.766667 0.800000</float_array>
        <technique_common>
          <accessor source="#mixamorig_LeftHandPinky1-Matrix-animation-input-array" count="25">
            <param name="TIME" type="float"/>
          </accessor>
        </technique_common>
      </source>
      <source id="mixamorig_LeftHandPinky1-Matrix-animation-output-transform">
        <float_array id="mixamorig_LeftHandPinky1-Matrix-animation-output-transform-array" count="400">

0.991673 0.080446 -0.100562 6.663900 -0.120608 0.306440 -0.944218 12.707900 -0.045143 0.948485 0.313591 0.878100 0.000000 0.000000 0.000000 1.000000
0.992058 0.080075 -0.097005 6.663900 -0.119044 0.348627 -0.929671 12.707900 -0.040625 0.933835 0.355391 0.878100 0.000000 0.000000 0.000000 1.000000
0.992664 0.081284 -0.089508 6.663900 -0.116131 0.434962 -0.892929 12.707900 -0.033648 0.896773 0.441210 0.878100 0.000000 0.000000 0.000000 1.000000
0.993616 0.080468 -0.079067 6.663900 -0.110424 0.550269 -0.827653 12.707900 -0.023092 0.831101 0.555642 0.878100 0.000000 0.000000 0.000000 1.000000
0.995097 0.072618 -0.067144 6.663900 -0.098599 0.675236 -0.730982 12.707900 -0.007744 0.734018 0.679086 0.878100 0.000000 0.000000 0.000000 1.000000
0.996635 0.059716 -0.056157 6.663900 -0.081657 0.783329 -0.616220 12.707900 0.007192 0.618732 0.785569 0.878100 0.000000 0.000000 0.000000 1.000000
0.997475 0.053208 -0.047031 6.663900 -0.069567 0.865168 -0.496634 12.707900 0.014265 0.498651 0.866685 0.878100 0.000000 0.000000 0.000000 1.000000
0.996226 0.077082 -0.039896 6.663900 -0.086474 0.920966 -0.379925 12.707900 0.007457 0.381941 0.924157 0.878100 0.000000 0.000000 0.000000 1.000000
0.990068 0.136457 -0.033830 6.663900 -0.140523 0.953168 -0.267813 12.707900 -0.004299 0.269907 0.962877 0.878100 0.000000 0.000000 0.000000 1.000000
0.975829 0.216708 -0.028216 6.663900 -0.218304 0.960675 -0.171602 12.707900 -0.010081 0.173613 0.984762 0.878100 0.000000 0.000000 0.000000 1.000000
0.958041 0.285565 -0.024698 6.663900 -0.286467 0.951017 -0.116208 12.707900 -0.009696 0.118407 0.992918 0.878100 0.000000 0.000000 0.000000 1.000000
0.945414 0.325045 -0.023189 6.663900 -0.325592 0.939266 -0.108486 12.707900 -0.013482 0.110114 0.993828 0.878100 0.000000 0.000000 0.000000 1.000000
0.941121 0.337208 -0.024123 6.663900 -0.337052 0.930363 -0.144296 12.707900 -0.026214 0.143930 0.989241 0.878100 0.000000 0.000000 0.000000 1.000000
0.942806 0.332231 -0.027179 6.663900 -0.330138 0.919360 -0.213977 12.707900 -0.046102 0.210711 0.976461 0.878100 0.000000 0.000000 0.000000 1.000000
0.946597 0.320856 -0.031721 6.663900 -0.315123 0.899871 -0.301547 12.707900 -0.068209 0.295440 0.952923 0.878100 0.000000 0.000000 0.000000 1.000000
0.951663 0.304839 -0.037559 6.663900 -0.293864 0.868115 -0.400026 12.707900 -0.089338 0.391727 0.915734 0.878100 0.000000 0.000000 0.000000 1.000000
0.958140 0.282725 -0.045108 6.663900 -0.266136 0.821448 -0.504376 12.707900 -0.105546 0.495268 0.862305 0.878100 0.000000 0.000000 0.000000 1.000000
0.965428 0.255076 -0.053711 6.663900 -0.234441 0.759578 -0.606694 12.707900 -0.113956 0.598312 0.793119 0.878100 0.000000 0.000000 0.000000 1.000000
0.972726 0.223275 -0.062866 6.663900 -0.202292 0.683955 -0.700916 12.707900 -0.113500 0.694517 0.710468 0.878100 0.000000 0.000000 0.000000 1.000000
0.979171 0.189647 -0.072512 6.663900 -0.173944 0.599337 -0.781370 12.707900 -0.104726 0.777708 0.619841 0.878100 0.000000 0.000000 0.000000 1.000000
0.984277 0.156734 -0.081441 6.663900 -0.151549 0.512554 -0.845175 12.707900 -0.090724 0.844229 0.528249 0.878100 0.000000 0.000000 0.000000 1.000000
0.987904 0.126894 -0.089133 6.663900 -0.135924 0.431930 -0.891606 12.707900 -0.074640 0.892936 0.443953 0.878100 0.000000 0.000000 0.000000 1.000000
0.990059 0.103704 -0.095015 6.663900 -0.127011 0.369007 -0.920707 12.707900 -0.060420 0.923623 0.378511 0.878100 0.000000 0.000000 0.000000 1.000000
0.991219 0.087841 -0.098833 6.663900 -0.122366 0.326152 -0.937364 12.707900 -0.050105 0.941227 0.334037 0.878100 0.000000 0.000000 0.000000 1.000000
0.991673 0.080446 -0.100562 6.663900 -0.120608 0.306440 -0.944218 12.707900 -0.045143 0.948485 0.313590 0.878100 0.000000 0.000000 0.000000 1.000000</float_array>
        <technique_common>
          <accessor source="#mixamorig_LeftHandPinky1-Matrix-animation-output-transform-array" count="25" stride="16">
            <param type="float4x4"/>
          </accessor>
        </technique_common>
      </source>
      <source id="mixamorig_LeftHandPinky1-Interpolations">
        <Name_array id="mixamorig_LeftHandPinky1-Interpolations-array" count="25">
 LINEAR LINEAR LINEAR LINEAR LINEAR LINEAR LINEAR LINEAR LINEAR LINEAR LINEAR
LINEAR LINEAR LINEAR LINEAR LINEAR LINEAR LINEAR LINEAR LINEAR LINEAR LINEAR LINEAR
LINEAR LINEAR</Name_array>
        <technique_common>
          <accessor source="#mixamorig_LeftHandPinky1-Interpolations-array" count="25">
            <param type="name"/>
          </accessor>
        </technique_common>
      </source>
      <sampler id="mixamorig_LeftHandPinky1-Matrix-animation-transform">
        <input semantic="INPUT" source="#mixamorig_LeftHandPinky1-Matrix-animation-input"/>
        <input semantic="OUTPUT" source="#mixamorig_LeftHandPinky1-Matrix-animation-output-transform"/>
        <input semantic="INTERPOLATION" source="#mixamorig_LeftHandPinky1-Interpolations"/>
      </sampler>
      <channel source="#mixamorig_LeftHandPinky1-Matrix-animation-transform" target="mixamorig_LeftHandPinky1/matrix"/>
    </animation>
    <animation id="mixamorig_LeftHandPinky2-anim" name="mixamorig_LeftHandPinky2">
      <source id="mixamorig_LeftHandPinky2-Matrix-animation-input">
        <float_array id="mixamorig_LeftHandPinky2-Matrix-animation-input-array" count="25">

0.000000 0.033333 0.066667 0.100000 0.133333 0.166667 0.200000 0.233333 0.266667 0.300000 0.333333 0.366667 0.400000 0.433333 0.466667 0.500000
0.533333 0.566667 0.600000 0.633333 0.666667 0.700000 0.733333 0.766667 0.800000</float_array>
        <technique_common>
          <accessor source="#mixamorig_LeftHandPinky2-Matrix-animation-input-array" count="25">
            <param name="TIME" type="float"/>
          </accessor>
        </technique_common>
      </source>
      <source id="mixamorig_LeftHandPinky2-Matrix-animation-output-transform">
        <float_array id="mixamorig_LeftHandPinky2-Matrix-animation-output-transform-array" count="400">

0.988760 0.100413 -0.110777 0.000000 -0.100413 -0.102980 -0.989602 3.376600 -0.110776 0.989602 -0.091739 0.000000 0.000000 0.000000 0.000000 1.000000
0.989213 0.100777 -0.106306 0.000000 -0.100777 -0.058466 -0.993190 3.376600 -0.106306 0.993190 -0.047679 0.000000 0.000000 0.000000 0.000000 1.000000
0.990171 0.100886 -0.096872 -0.000000 -0.100886 0.035471 -0.994265 3.376600 -0.096871 0.994265 0.045300 0.000000 0.000000 0.000000 0.000000 1.000000
0.991516 0.099524 -0.083614 0.000000 -0.099524 0.167476 -0.980840 3.376600 -0.083614 0.980840 0.175960 -0.000000 0.000000 0.000000 0.000000 1.000000
0.993081 0.095606 -0.068190 0.000000 -0.095606 0.321048 -0.942225 3.376600 -0.068190 0.942225 0.327967 -0.000000 0.000000 0.000000 0.000000 1.000000
0.994564 0.089288 -0.053573 0.000000 -0.089288 0.466584 -0.879958 3.376600 -0.053573 0.879958 0.472020 0.000000 0.000000 0.000000 0.000000 1.000000
0.995821 0.081509 -0.041181 0.000000 -0.081509 0.589966 -0.803303 3.376600 -0.041181 0.803303 0.594145 0.000000 0.000000 0.000000 0.000000 1.000000
0.996822 0.073249 -0.031324 -0.000000 -0.073249 0.688114 -0.721896 3.376600 -0.031324 0.721896 0.691292 0.000000 0.000000 0.000000 0.000000 1.000000
0.997608 0.064976 -0.023570 0.000000 -0.064977 0.765320 -0.640362 3.376600 -0.023570 0.640362 0.767712 0.000000 0.000000 0.000000 0.000000 1.000000
0.998169 0.057727 -0.018042 -0.000000 -0.057727 0.820365 -0.568918 3.376600 -0.018041 0.568918 0.822196 0.000000 0.000000 0.000000 0.000000 1.000000
0.998444 0.053606 -0.015330 0.000000 -0.053606 0.847363 -0.528302 3.376600 -0.015330 0.528302 0.848918 0.000000 0.000000 0.000000 0.000000 1.000000
0.998465 0.053282 -0.015129 0.000000 -0.053282 0.849361 -0.525116 3.376600 -0.015129 0.525116 0.850896 0.000000 0.000000 0.000000 0.000000 1.000000
0.998258 0.056441 -0.017164 0.000000 -0.056441 0.829103 -0.556240 3.376600 -0.017164 0.556240 0.830844 0.000000 0.000000 0.000000 0.000000 1.000000
0.997838 0.062177 -0.021312 0.000000 -0.062178 0.787806 -0.612777 3.376600 -0.021311 0.612777 0.789969 0.000000 0.000000 0.000000 0.000000 1.000000
0.997244 0.069036 -0.027157 0.000000 -0.069036 0.729606 -0.680374 3.376600 -0.027157 0.680374 0.732362 0.000000 0.000000 0.000000 0.000000 1.000000
0.996483 0.076289 -0.034660 0.000000 -0.076289 0.654902 -0.751853 3.376600 -0.034659 0.751853 0.658419 0.000000 0.000000 0.000000 0.000000 1.000000
0.995554 0.083382 -0.043819 0.000000 -0.083382 0.563704 -0.821757 3.376600 -0.043819 0.821757 0.568151 0.000000 0.000000 0.000000 0.000000 1.000000
0.994495 0.089644 -0.054252 0.000000 -0.089644 0.459829 -0.883471 3.376600 -0.054251 0.883471 0.465333 0.000000 0.000000 0.000000 0.000000 1.000000
0.993353 0.094649 -0.065506 0.000000 -0.094648 0.347774 -0.932789 3.376600 -0.065506 0.932789 0.354421 -0.000000 0.000000 0.000000 0.000000 1.000000
0.992200 0.098133 -0.076875 0.000000 -0.098133 0.234568 -0.967134 3.376600 -0.076875 0.967134 0.242368 -0.000000 0.000000 0.000000 0.000000 1.000000
0.991108 0.100127 -0.087634 0.000000 -0.100127 0.127443 -0.986779 3.376600 -0.087634 0.986779 0.136335 0.000000 0.000000 0.000000 0.000000 1.000000
0.990155 0.100892 -0.097030 0.000000 -0.100892 0.033902 -0.994320 3.376600 -0.097029 0.994320 0.043747 -0.000000 0.000000 0.000000 0.000000 1.000000
0.989443 0.100885 -0.104040 0.000000 -0.100884 -0.035904 -0.994250 3.376600 -0.104040 0.994250 -0.025347 0.000000 0.000000 0.000000 0.000000 1.000000
0.988973 0.100609 -0.108678 -0.000000 -0.100610 -0.082079 -0.991535 3.376600 -0.108677 0.991535 -0.071052 0.000000 0.000000 0.000000 0.000000 1.000000
0.988760 0.100413 -0.110777 0.000000 -0.100413 -0.102979 -0.989602 3.376600 -0.110776 0.989602 -0.091739 0.000000 0.000000 0.000000 0.000000 1.000000</float_array>
        <technique_common>
          <accessor source="#mixamorig_LeftHandPinky2-Matrix-animation-output-transform-array" count="25" stride="16">
            <param type="float4x4"/>
          </accessor>
        </technique_common>
      </source>
      <source id="mixamorig_LeftHandPinky2-Interpolations">
        <Name_array id="mixamorig_LeftHandPinky2-Interpolations-array" count="25">
 LINEAR LINEAR LINEAR LINEAR LINEAR LINEAR LINEAR LINEAR LINEAR LINEAR LINEAR
LINEAR LINEAR LINEAR LINEAR LINEAR LINEAR LINEAR LINEAR LINEAR LINEAR LINEAR LINEAR
LINEAR LINEAR</Name_array>
        <technique_common>
          <accessor source="#mixamorig_LeftHandPinky2-Interpolations-array" count="25">
            <param type="name"/>
          </accessor>
        </technique_common>
      </source>
      <sampler id="mixamorig_LeftHandPinky2-Matrix-animation-transform">
        <input semantic="INPUT" source="#mixamorig_LeftHandPinky2-Matrix-animation-input"/>
        <input semantic="OUTPUT" source="#mixamorig_LeftHandPinky2-Matrix-animation-output-transform"/>
        <input semantic="INTERPOLATION" source="#mixamorig_LeftHandPinky2-Interpolations"/>
      </sampler>
      <channel source="#mixamorig_LeftHandPinky2-Matrix-animation-transform" target="mixamorig_LeftHandPinky2/matrix"/>
    </animation>
    <animation id="mixamorig_LeftHandPinky3-anim" name="mixamorig_LeftHandPinky3">
      <source id="mixamorig_LeftHandPinky3-Matrix-animation-input">
        <float_array id="mixamorig_LeftHandPinky3-Matrix-animation-input-array" count="25">

0.000000 0.033333 0.066667 0.100000 0.133333 0.166667 0.200000 0.233333 0.266667 0.300000 0.333333 0.366667 0.400000 0.433333 0.466667 0.500000
0.533333 0.566667 0.600000 0.633333 0.666667 0.700000 0.733333 0.766667 0.800000</float_array>
        <technique_common>
          <accessor source="#mixamorig_LeftHandPinky3-Matrix-animation-input-array" count="25">
            <param name="TIME" type="float"/>
          </accessor>
        </technique_common>
      </source>
      <source id="mixamorig_LeftHandPinky3-Matrix-animation-output-transform">
        <float_array id="mixamorig_LeftHandPinky3-Matrix-animation-output-transform-array" count="400">

0.996989 0.071645 -0.029679 0.000000 -0.071645 0.704493 -0.706086 2.998500 -0.029679 0.706086 0.707504 0.000000 0.000000 0.000000 0.000000 1.000000
0.997315 0.068279 -0.026458 -0.000000 -0.068279 0.736568 -0.672908 2.998500 -0.026458 0.672908 0.739252 0.000000 0.000000 0.000000 0.000000 1.000000
0.997945 0.060792 -0.020254 -0.000000 -0.060793 0.798341 -0.599129 2.998500 -0.020253 0.599129 0.800396 -0.000000 0.000000 0.000000 0.000000 1.000000
0.998701 0.049312 -0.012797 0.000000 -0.049311 0.872576 -0.485982 2.998500 -0.012798 0.485982 0.873875 0.000000 0.000000 0.000000 0.000000 1.000000
0.999386 0.034523 -0.006056 0.000000 -0.034523 0.939707 -0.340234 2.998500 -0.006055 0.340234 0.940321 0.000000 0.000000 0.000000 0.000000 1.000000
0.999816 0.019073 -0.001809 0.000000 -0.019073 0.981988 -0.187976 2.998500 -0.001809 0.187976 0.982172 -0.000000 0.000000 0.000000 0.000000 1.000000
0.999988 0.004976 -0.000122 -0.000000 -0.004976 0.998784 -0.049040 2.998500 -0.000122 0.049040 0.998797 -0.000000 0.000000 0.000000 0.000000 1.000000
0.999979 -0.006536 -0.000211 0.000000 0.006536 0.997902 0.064417 2.998500 -0.000211 -0.064417 0.997923 -0.000000 0.000000 0.000000 0.000000 1.000000
0.999875 -0.015740 -0.001228 0.000000 0.015740 0.987770 0.155123 2.998500 -0.001228 -0.155123 0.987894 0.000000 0.000000 0.000000 0.000000 1.000000
0.999746 -0.022402 -0.002504 0.000000 0.022402 0.975066 0.220782 2.998500 -0.002504 -0.220782 0.975320 0.000000 0.000000 0.000000 0.000000 1.000000
0.999671 -0.025429 -0.003239 0.000000 0.025429 0.967754 0.250610 2.998500 -0.003239 -0.250610 0.968083 0.000000 0.000000 0.000000 0.000000 1.000000
0.999687 -0.024837 -0.003087 0.000000 0.024837 0.969261 0.244777 2.998500 -0.003087 -0.244777 0.969574 -0.000000 0.000000 0.000000 0.000000 1.000000
0.999779 -0.020930 -0.002182 0.000000 0.020930 0.978271 0.206273 2.998500 -0.002182 -0.206273 0.978492 0.000000 0.000000 0.000000 0.000000 1.000000
0.999899 -0.014188 -0.000997 0.000000 0.014188 0.990075 0.139820 2.998500 -0.000997 -0.139820 0.990176 -0.000000 0.000000 0.000000 0.000000 1.000000
0.999984 -0.005666 -0.000158 -0.000000 0.005666 0.998423 0.055844 2.998500 -0.000158 -0.055844 0.998440 -0.000000 0.000000 0.000000 0.000000 1.000000
0.999991 0.004158 -0.000085 0.000000 -0.004158 0.999152 -0.040971 2.998500 -0.000085 0.040971 0.999160 -0.000000 0.000000 0.000000 0.000000 1.000000
0.999888 0.014909 -0.001101 -0.000000 -0.014909 0.989034 -0.146933 2.998500 -0.001101 0.146933 0.989146 0.000000 0.000000 0.000000 0.000000 1.000000
0.999658 0.025936 -0.003371 0.000000 -0.025936 0.966432 -0.255608 2.998500 -0.003371 0.255608 0.966775 0.000000 0.000000 0.000000 0.000000 1.000000
0.999302 0.036713 -0.006877 0.000000 -0.036713 0.931524 -0.361822 2.998500 -0.006877 0.361822 0.932222 0.000000 0.000000 0.000000 0.000000 1.000000
0.998847 0.046645 -0.011364 -0.000000 -0.046645 0.886846 -0.459704 2.998500 -0.011365 0.459704 0.887999 0.000000 0.000000 0.000000 0.000000 1.000000
0.998336 0.055287 -0.016401 0.000000 -0.055287 0.836697 -0.544868 2.998500 -0.016401 0.544868 0.838361 -0.000000 0.000000 0.000000 0.000000 1.000000
0.997829 0.062284 -0.021394 0.000000 -0.062284 0.786982 -0.613824 2.998500 -0.021394 0.613824 0.789153 0.000000 0.000000 0.000000 0.000000 1.000000
0.997415 0.067187 -0.025474 0.000000 -0.067187 0.746359 -0.662144 2.998500 -0.025474 0.662144 0.748944 -0.000000 0.000000 0.000000 0.000000 1.000000
0.997124 0.070283 -0.028339 0.000000 -0.070283 0.717831 -0.692661 2.998500 -0.028339 0.692661 0.720707 0.000000 0.000000 0.000000 0.000000 1.000000
0.996989 0.071645 -0.029679 -0.000000 -0.071645 0.704493 -0.706086 2.998500 -0.029679 0.706086 0.707504 0.000000 0.000000 0.000000 0.000000 1.000000</float_array>
        <technique_common>
          <accessor source="#mixamorig_LeftHandPinky3-Matrix-animation-output-transform-array" count="25" stride="16">
            <param type="float4x4"/>
          </accessor>
        </technique_common>
      </source>
      <source id="mixamorig_LeftHandPinky3-Interpolations">
        <Name_array id="mixamorig_LeftHandPinky3-Interpolations-array" count="25">
 LINEAR LINEAR LINEAR LINEAR LINEAR LINEAR LINEAR LINEAR LINEAR LINEAR LINEAR
LINEAR LINEAR LINEAR LINEAR LINEAR LINEAR LINEAR LINEAR LINEAR LINEAR LINEAR LINEAR
LINEAR LINEAR</Name_array>
        <technique_common>
          <accessor source="#mixamorig_LeftHandPinky3-Interpolations-array" count="25">
            <param type="name"/>
          </accessor>
        </technique_common>
      </source>
      <sampler id="mixamorig_LeftHandPinky3-Matrix-animation-transform">
        <input semantic="INPUT" source="#mixamorig_LeftHandPinky3-Matrix-animation-input"/>
        <input semantic="OUTPUT" source="#mixamorig_LeftHandPinky3-Matrix-animation-output-transform"/>
        <input semantic="INTERPOLATION" source="#mixamorig_LeftHandPinky3-Interpolations"/>
      </sampler>
      <channel source="#mixamorig_LeftHandPinky3-Matrix-animation-transform" target="mixamorig_LeftHandPinky3/matrix"/>
    </animation>
    <animation id="mixamorig_RightShoulder-anim" name="mixamorig_RightShoulder">
      <source id="mixamorig_RightShoulder-Matrix-animation-input">
        <float_array id="mixamorig_RightShoulder-Matrix-animation-input-array" count="25">

0.000000 0.033333 0.066667 0.100000 0.133333 0.166667 0.200000 0.233333 0.266667 0.300000 0.333333 0.366667 0.400000 0.433333 0.466667 0.500000
0.533333 0.566667 0.600000 0.633333 0.666667 0.700000 0.733333 0.766667 0.800000</float_array>
        <technique_common>
          <accessor source="#mixamorig_RightShoulder-Matrix-animation-input-array" count="25">
            <param name="TIME" type="float"/>
          </accessor>
        </technique_common>
      </source>
      <source id="mixamorig_RightShoulder-Matrix-animation-output-transform">
        <float_array id="mixamorig_RightShoulder-Matrix-animation-output-transform-array" count="400">

0.304653 -0.764467 0.568135 -12.584900 0.064780 -0.578478 -0.813121 11.394900 0.950258 0.284524 -0.126712 -1.453100 0.000000 0.000000 0.000000 1.000000
0.302417 -0.768108 0.564406 -12.584900 0.063817 -0.574487 -0.816022 11.394900 0.951037 0.282797 -0.124716 -1.453100 0.000000 0.000000 0.000000 1.000000
0.297329 -0.774541 0.558285 -12.584900 0.062285 -0.567749 -0.820842 11.394900 0.952741 0.278833 -0.120566 -1.453100 0.000000 0.000000 0.000000 1.000000
0.300697 -0.779106 0.550069 -12.584900 0.060694 -0.559960 -0.826294 11.394900 0.951787 0.281850 -0.121091 -1.453100 0.000000 0.000000 0.000000 1.000000
0.316262 -0.778587 0.542015 -12.584900 0.059409 -0.553965 -0.830418 11.394900 0.946810 0.294830 -0.128943 -1.453100 0.000000 0.000000 0.000000 1.000000
0.336081 -0.773642 0.537148 -12.584900 0.058851 -0.551957 -0.831793 11.394900 0.939993 0.311161 -0.139973 -1.453100 0.000000 0.000000 0.000000 1.000000
0.352484 -0.766585 0.536752 -12.584900 0.059288 -0.554119 -0.830324 11.394900 0.933938 0.324499 -0.149868 -1.453100 0.000000 0.000000 0.000000 1.000000
0.361215 -0.759074 0.541599 -12.584900 0.060846 -0.560390 -0.825991 11.394900 0.930495 0.331314 -0.156235 -1.453100 0.000000 0.000000 0.000000 1.000000
0.364728 -0.750324 0.551351 -12.584900 0.063498 -0.570719 -0.818686 11.394900 0.928947 0.333608 -0.160513 -1.453100 0.000000 0.000000 0.000000 1.000000
0.364670 -0.739977 0.565199 -12.584900 0.067084 -0.584543 -0.808585 11.394900 0.928717 0.332782 -0.163525 -1.453100 0.000000 0.000000 0.000000 1.000000
0.363011 -0.730353 0.578626 -12.584900 0.070471 -0.597689 -0.798625 11.394900 0.929116 0.330686 -0.165499 -1.453100 0.000000 0.000000 0.000000 1.000000
0.363598 -0.725290 0.584595 -12.584900 0.072074 -0.603763 -0.793899 11.394900 0.928764 0.330794 -0.167252 -1.453100 0.000000 0.000000 0.000000 1.000000
0.368788 -0.727295 0.578824 -12.584900 0.070934 -0.598881 -0.797691 11.394900 0.926803 0.335237 -0.169270 -1.453100 0.000000 0.000000 0.000000 1.000000
0.376681 -0.736679 0.561619 -12.584900 0.066757 -0.583111 -0.809645 11.394900 0.923935 0.342470 -0.170469 -1.453100 0.000000 0.000000 0.000000 1.000000
0.379888 -0.749680 0.541909 -12.584900 0.061403 -0.564098 -0.823421 11.394900 0.922992 0.346083 -0.168262 -1.453100 0.000000 0.000000 0.000000 1.000000
0.373498 -0.763822 0.526379 -12.584900 0.056828 -0.547538 -0.834849 11.394900 0.925889 0.341727 -0.161098 -1.453100 0.000000 0.000000 0.000000 1.000000
0.357680 -0.776041 0.519448 -12.584900 0.054609 -0.537913 -0.841230 11.394900 0.932246 0.329258 -0.150022 -1.453100 0.000000 0.000000 0.000000 1.000000
0.340870 -0.783701 0.519250 -12.584900 0.054310 -0.534991 -0.843111 11.394900 0.938540 0.315592 -0.139800 -1.453100 0.000000 0.000000 0.000000 1.000000
0.329348 -0.785566 0.523847 -12.584900 0.055244 -0.537818 -0.841249 11.394900 0.942591 0.306003 -0.133732 -1.453100 0.000000 0.000000 0.000000 1.000000
0.326677 -0.781393 0.531702 -12.584900 0.056982 -0.545261 -0.836328 11.394900 0.943417 0.303507 -0.133599 -1.453100 0.000000 0.000000 0.000000 1.000000
0.330772 -0.773608 0.540481 -12.584900 0.059055 -0.554629 -0.830000 11.394900 0.941861 0.306459 -0.137771 -1.453100 0.000000 0.000000 0.000000 1.000000
0.339203 -0.764538 0.548109 -12.584900 0.061063 -0.563529 -0.823837 11.394900 0.938729 0.312917 -0.144466 -1.453100 0.000000 0.000000 0.000000 1.000000
0.344479 -0.758350 0.553389 -12.584900 0.062542 -0.569620 -0.819525 11.394900 0.936708 0.316919 -0.148794 -1.453100 0.000000 0.000000 0.000000 1.000000
0.336568 -0.758100 0.558575 -12.584900 0.063580 -0.573533 -0.816711 11.394900 0.939510 0.310393 -0.144833 -1.453100 0.000000 0.000000 0.000000 1.000000
0.304653 -0.764467 0.568135 -12.584900 0.064781 -0.578478 -0.813121 11.394900 0.950258 0.284524 -0.126712 -1.453100 0.000000 0.000000 0.000000 1.000000</float_array>
        <technique_common>
          <accessor source="#mixamorig_RightShoulder-Matrix-animation-output-transform-array" count="25" stride="16">
            <param type="float4x4"/>
          </accessor>
        </technique_common>
      </source>
      <source id="mixamorig_RightShoulder-Interpolations">
        <Name_array id="mixamorig_RightShoulder-Interpolations-array" count="25">
 LINEAR LINEAR LINEAR LINEAR LINEAR LINEAR LINEAR LINEAR LINEAR LINEAR LINEAR
LINEAR LINEAR LINEAR LINEAR LINEAR LINEAR LINEAR LINEAR LINEAR LINEAR LINEAR LINEAR
LINEAR LINEAR</Name_array>
        <technique_common>
          <accessor source="#mixamorig_RightShoulder-Interpolations-array" count="25">
            <param type="name"/>
          </accessor>
        </technique_common>
      </source>
      <sampler id="mixamorig_RightShoulder-Matrix-animation-transform">
        <input semantic="INPUT" source="#mixamorig_RightShoulder-Matrix-animation-input"/>
        <input semantic="OUTPUT" source="#mixamorig_RightShoulder-Matrix-animation-output-transform"/>
        <input semantic="INTERPOLATION" source="#mixamorig_RightShoulder-Interpolations"/>
      </sampler>
      <channel source="#mixamorig_RightShoulder-Matrix-animation-transform" target="mixamorig_RightShoulder/matrix"/>
    </animation>
    <animation id="mixamorig_RightArm-anim" name="mixamorig_RightArm">
      <source id="mixamorig_RightArm-Matrix-animation-input">
        <float_array id="mixamorig_RightArm-Matrix-animation-input-array" count="25">

0.000000 0.033333 0.066667 0.100000 0.133333 0.166667 0.200000 0.233333 0.266667 0.300000 0.333333 0.366667 0.400000 0.433333 0.466667 0.500000
0.533333 0.566667 0.600000 0.633333 0.666667 0.700000 0.733333 0.766667 0.800000</float_array>
        <technique_common>
          <accessor source="#mixamorig_RightArm-Matrix-animation-input-array" count="25">
            <param name="TIME" type="float"/>
          </accessor>
        </technique_common>
      </source>
      <source id="mixamorig_RightArm-Matrix-animation-output-transform">
        <float_array id="mixamorig_RightArm-Matrix-animation-output-transform-array" count="400">

0.857540 -0.514170 0.015963 -0.000000 0.430315 0.699991 -0.569949 15.319300 0.281876 0.495623 0.821525 -0.000000 0.000000 0.000000 0.000000 1.000000
0.877285 -0.475434 0.065829 0.000000 0.407107 0.664427 -0.626739 15.319300 0.254234 0.576628 0.776444 0.000000 0.000000 0.000000 0.000000 1.000000
0.860351 -0.494985 0.121597 -0.000000 0.444673 0.612312 -0.653713 15.319300 0.249123 0.616494 0.746909 -0.000000 0.000000 0.000000 0.000000 1.000000
0.823331 -0.537605 0.181952 -0.000000 0.513548 0.569160 -0.642126 15.319300 0.241651 0.622123 0.744693 0.000000 0.000000 0.000000 0.000000 1.000000
0.784038 -0.574834 0.234199 0.000000 0.583124 0.552813 -0.595285 15.319300 0.212722 0.603293 0.768626 0.000000 0.000000 0.000000 0.000000 1.000000
0.765241 -0.586490 0.265398 0.000000 0.620797 0.563232 -0.545326 15.319300 0.170347 0.582064 0.795099 -0.000000 0.000000 0.000000 0.000000 1.000000
0.774701 -0.571525 0.270552 -0.000000 0.617311 0.590883 -0.519408 15.319300 0.136990 0.569400 0.810566 0.000000 0.000000 0.000000 0.000000 1.000000
0.805333 -0.537629 0.249789 0.000000 0.578725 0.621638 -0.527866 15.319300 0.128517 0.569667 0.811765 0.000000 0.000000 0.000000 0.000000 1.000000
0.842774 -0.493054 0.215938 0.000000 0.523055 0.655464 -0.544776 15.319300 0.127064 0.572071 0.810302 -0.000000 0.000000 0.000000 0.000000 1.000000
0.881746 -0.436297 0.179358 0.000000 0.458147 0.701483 -0.545915 15.319300 0.112364 0.563531 0.818418 0.000000 0.000000 0.000000 0.000000 1.000000
0.920667 -0.359648 0.151739 0.000000 0.384416 0.767860 -0.512461 15.319300 0.067791 0.530137 0.845198 0.000000 0.000000 0.000000 0.000000 1.000000
0.955382 -0.260228 0.139741 0.000000 0.295374 0.842326 -0.450823 15.319300 -0.000391 0.471984 0.881607 0.000000 0.000000 0.000000 0.000000 1.000000
0.978282 -0.146821 0.146311 0.000000 0.192205 0.906810 -0.375171 15.319300 -0.077594 0.395145 0.915336 0.000000 0.000000 0.000000 0.000000 1.000000
0.983571 -0.051226 0.173103 -0.000000 0.102927 0.946898 -0.304614 15.319300 -0.148306 0.317426 0.936614 0.000000 0.000000 0.000000 0.000000 1.000000
0.974807 -0.005748 0.222976 0.000000 0.061894 0.967380 -0.245651 15.319300 -0.214290 0.253263 0.943365 0.000000 0.000000 0.000000 0.000000 1.000000
0.952995 -0.028429 0.301650 0.000000 0.090096 0.977142 -0.192550 15.319300 -0.289281 0.210676 0.933773 0.000000 0.000000 0.000000 0.000000 1.000000
0.904975 -0.115536 0.409476 -0.000000 0.186091 0.972970 -0.136747 15.319300 -0.382609 0.199953 0.902014 -0.000000 0.000000 0.000000 0.000000 1.000000
0.832437 -0.213345 0.511403 0.000000 0.294613 0.952059 -0.082380 15.319300 -0.469310 0.219242 0.855383 0.000000 0.000000 0.000000 0.000000 1.000000
0.772374 -0.285904 0.567184 0.000000 0.377666 0.924687 -0.048181 15.319300 -0.510693 0.251420 0.822181 -0.000000 0.000000 0.000000 0.000000 1.000000
0.783575 -0.325850 0.528992 -0.000000 0.419931 0.905269 -0.064398 15.319300 -0.457896 0.272600 0.846180 0.000000 0.000000 0.000000 0.000000 1.000000
0.848481 -0.348140 0.398596 0.000000 0.431459 0.891195 -0.140051 15.319300 -0.306470 0.290808 0.906370 0.000000 0.000000 0.000000 0.000000 1.000000
0.907410 -0.363031 0.211695 0.000000 0.410724 0.872732 -0.263904 15.319300 -0.088948 0.326418 0.941031 -0.000000 0.000000 0.000000 0.000000 1.000000
0.918648 -0.390748 0.058325 -0.000000 0.380674 0.835961 -0.395292 15.319300 0.105702 0.385337 0.916702 0.000000 0.000000 0.000000 0.000000 1.000000
0.896473 -0.442964 -0.010862 -0.000000 0.378580 0.778450 -0.500692 15.319300 0.230244 0.444745 0.865557 -0.000000 0.000000 0.000000 0.000000 1.000000
0.857540 -0.514170 0.015963 -0.000000 0.430315 0.699991 -0.569948 15.319300 0.281877 0.495622 0.821525 -0.000000 0.000000 0.000000 0.000000 1.000000</float_array>
        <technique_common>
          <accessor source="#mixamorig_RightArm-Matrix-animation-output-transform-array" count="25" stride="16">
            <param type="float4x4"/>
          </accessor>
        </technique_common>
      </source>
      <source id="mixamorig_RightArm-Interpolations">
        <Name_array id="mixamorig_RightArm-Interpolations-array" count="25">
 LINEAR LINEAR LINEAR LINEAR LINEAR LINEAR LINEAR LINEAR LINEAR LINEAR LINEAR
LINEAR LINEAR LINEAR LINEAR LINEAR LINEAR LINEAR LINEAR LINEAR LINEAR LINEAR LINEAR
LINEAR LINEAR</Name_array>
        <technique_common>
          <accessor source="#mixamorig_RightArm-Interpolations-array" count="25">
            <param type="name"/>
          </accessor>
        </technique_common>
      </source>
      <sampler id="mixamorig_RightArm-Matrix-animation-transform">
        <input semantic="INPUT" source="#mixamorig_RightArm-Matrix-animation-input"/>
        <input semantic="OUTPUT" source="#mixamorig_RightArm-Matrix-animation-output-transform"/>
        <input semantic="INTERPOLATION" source="#mixamorig_RightArm-Interpolations"/>
      </sampler>
      <channel source="#mixamorig_RightArm-Matrix-animation-transform" target="mixamorig_RightArm/matrix"/>
    </animation>
    <animation id="mixamorig_RightForeArm-anim" name="mixamorig_RightForeArm">
      <source id="mixamorig_RightForeArm-Matrix-animation-input">
        <float_array id="mixamorig_RightForeArm-Matrix-animation-input-array" count="25">

0.000000 0.033333 0.066667 0.100000 0.133333 0.166667 0.200000 0.233333 0.266667 0.300000 0.333333 0.366667 0.400000 0.433333 0.466667 0.500000
0.533333 0.566667 0.600000 0.633333 0.666667 0.700000 0.733333 0.766667 0.800000</float_array>
        <technique_common>
          <accessor source="#mixamorig_RightForeArm-Matrix-animation-input-array" count="25">
            <param name="TIME" type="float"/>
          </accessor>
        </technique_common>
      </source>
      <source id="mixamorig_RightForeArm-Matrix-animation-output-transform">
        <float_array id="mixamorig_RightForeArm-Matrix-animation-output-transform-array" count="400">

0.033004 0.999455 -0.000000 0.000000 -0.999455 0.033004 0.000005 34.109299 0.000005 0.000000 1.000000 0.000000 0.000000 0.000000 0.000000 1.000000
0.547835 0.836586 -0.000000 0.000000 -0.836586 0.547835 0.000000 34.109299 0.000000 0.000000 1.000000 0.000000 0.000000 0.000000 0.000000 1.000000
0.817940 0.575304 -0.000000 0.000000 -0.575304 0.817940 -0.000000 34.109299 0.000000 0.000000 1.000000 0.000000 0.000000 0.000000 0.000000 1.000000
0.920668 0.390347 -0.000000 -0.000000 -0.390347 0.920668 0.000000 34.109299 0.000000 -0.000000 1.000000 0.000000 0.000000 0.000000 0.000000 1.000000
0.950107 0.311923 0.000000 0.000000 -0.311923 0.950107 -0.000000 34.109299 -0.000001 0.000000 1.000000 0.000000 0.000000 0.000000 0.000000 1.000000
0.961297 0.275515 -0.000000 0.000000 -0.275515 0.961297 0.000000 34.109299 0.000000 -0.000000 1.000000 0.000000 0.000000 0.000000 0.000000 1.000000
0.966698 0.255920 0.000000 -0.000000 -0.255920 0.966698 -0.000000 34.109299 -0.000000 0.000000 1.000000 -0.000000 0.000000 0.000000 0.000000 1.000000
0.962005 0.273033 -0.000000 0.000000 -0.273033 0.962005 0.000000 34.109299 0.000000 -0.000000 1.000000 0.000000 0.000000 0.000000 0.000000 1.000000
0.935459 0.353434 -0.000000 0.000000 -0.353434 0.935459 0.000000 34.109299 0.000000 0.000000 1.000000 -0.000000 0.000000 0.000000 0.000000 1.000000
0.864280 0.503011 0.000000 0.000000 -0.503011 0.864280 0.000000 34.109299 -0.000000 -0.000000 1.000000 0.000000 0.000000 0.000000 0.000000 1.000000
0.719672 0.694315 -0.000000 0.000000 -0.694315 0.719672 -0.000000 34.109299 -0.000000 0.000000 1.000000 0.000000 0.000000 0.000000 0.000000 1.000000
0.512651 0.858597 0.000000 -0.000000 -0.858597 0.512651 0.000000 34.109299 -0.000000 -0.000000 1.000000 -0.000000 0.000000 0.000000 0.000000 1.000000
0.274451 0.961601 -0.000000 0.000000 -0.961601 0.274451 -0.000000 34.109299 -0.000000 0.000000 1.000000 -0.000000 0.000000 0.000000 0.000000 1.000000
0.029627 0.999561 -0.000000 0.000000 -0.999561 0.029627 -0.000001 34.109299 -0.000001 0.000000 1.000000 0.000000 0.000000 0.000000 0.000000 1.000000
-0.211867 0.977299 -0.000000 0.000000 -0.977299 -0.211867 0.000002 34.109299 0.000002 0.000000 1.000000 0.000000 0.000000 0.000000 0.000000 1.000000
-0.429512 0.903061 0.000000 0.000000 -0.903061 -0.429512 -0.000000 34.109299 -0.000000 -0.000000 1.000000 0.000000 0.000000 0.000000 0.000000 1.000000
-0.594057 0.804423 -0.000000 -0.000000 -0.804423 -0.594057 -0.000000 34.109299 -0.000000 0.000000 1.000000 -0.000000 0.000000 0.000000 0.000000 1.000000
-0.702337 0.711845 0.000000 0.000000 -0.711845 -0.702337 0.000000 34.109299 0.000000 -0.000000 1.000000 -0.000000 0.000000 0.000000 0.000000 1.000000
-0.764116 0.645079 -0.000000 -0.000000 -0.645079 -0.764116 0.000000 34.109299 -0.000000 0.000000 1.000000 0.000000 0.000000 0.000000 0.000000 1.000000
-0.782204 0.623022 0.000000 0.000000 -0.623022 -0.782204 -0.000000 34.109299 -0.000000 -0.000000 1.000000 0.000000 0.000000 0.000000 0.000000 1.000000
-0.754720 0.656047 0.000000 -0.000000 -0.656047 -0.754720 0.000000 34.109299 0.000000 0.000000 1.000000 0.000000 0.000000 0.000000 0.000000 1.000000
-0.664540 0.747253 0.000000 0.000000 -0.747253 -0.664540 0.000000 34.109299 0.000000 0.000000 1.000000 -0.000000 0.000000 0.000000 0.000000 1.000000
-0.488255 0.872701 -0.000000 0.000000 -0.872701 -0.488255 0.000000 34.109299 0.000000 0.000000 1.000000 0.000000 0.000000 0.000000 0.000000 1.000000
-0.244274 0.969706 -0.000000 0.000000 -0.969706 -0.244274 0.000001 34.109299 0.000001 0.000000 1.000000 0.000000 0.000000 0.000000 0.000000 1.000000
0.033003 0.999455 0.000000 0.000000 -0.999455 0.033003 0.000001 34.109299 0.000001 -0.000000 1.000000 0.000000 0.000000 0.000000 0.000000 1.000000</float_array>
        <technique_common>
          <accessor source="#mixamorig_RightForeArm-Matrix-animation-output-transform-array" count="25" stride="16">
            <param type="float4x4"/>
          </accessor>
        </technique_common>
      </source>
      <source id="mixamorig_RightForeArm-Interpolations">
        <Name_array id="mixamorig_RightForeArm-Interpolations-array" count="25">
 LINEAR LINEAR LINEAR LINEAR LINEAR LINEAR LINEAR LINEAR LINEAR LINEAR LINEAR
LINEAR LINEAR LINEAR LINEAR LINEAR LINEAR LINEAR LINEAR LINEAR LINEAR LINEAR LINEAR
LINEAR LINEAR</Name_array>
        <technique_common>
          <accessor source="#mixamorig_RightForeArm-Interpolations-array" count="25">
            <param type="name"/>
          </accessor>
        </technique_common>
      </source>
      <sampler id="mixamorig_RightForeArm-Matrix-animation-transform">
        <input semantic="INPUT" source="#mixamorig_RightForeArm-Matrix-animation-input"/>
        <input semantic="OUTPUT" source="#mixamorig_RightForeArm-Matrix-animation-output-transform"/>
        <input semantic="INTERPOLATION" source="#mixamorig_RightForeArm-Interpolations"/>
      </sampler>
      <channel source="#mixamorig_RightForeArm-Matrix-animation-transform" target="mixamorig_RightForeArm/matrix"/>
    </animation>
    <animation id="mixamorig_RightHand-anim" name="mixamorig_RightHand">
      <source id="mixamorig_RightHand-Matrix-animation-input">
        <float_array id="mixamorig_RightHand-Matrix-animation-input-array" count="25">

0.000000 0.033333 0.066667 0.100000 0.133333 0.166667 0.200000 0.233333 0.266667 0.300000 0.333333 0.366667 0.400000 0.433333 0.466667 0.500000
0.533333 0.566667 0.600000 0.633333 0.666667 0.700000 0.733333 0.766667 0.800000</float_array>
        <technique_common>
          <accessor source="#mixamorig_RightHand-Matrix-animation-input-array" count="25">
            <param name="TIME" type="float"/>
          </accessor>
        </technique_common>
      </source>
      <source id="mixamorig_RightHand-Matrix-animation-output-transform">
        <float_array id="mixamorig_RightHand-Matrix-animation-output-transform-array" count="400">

0.713777 0.056375 -0.698101 0.000000 0.344418 0.839650 0.419958 41.076000 0.609835 -0.540195 0.579906 -0.000000 0.000000 0.000000 0.000000 1.000000
0.667298 0.236780 -0.706151 0.000000 0.111634 0.905611 0.409153 41.076000 0.736377 -0.351858 0.577879 0.000000 0.000000 0.000000 0.000000 1.000000
0.568345 0.417247 -0.709146 0.000000 -0.097260 0.889906 0.445654 41.076000 0.817022 -0.184313 0.546355 0.000000 0.000000 0.000000 0.000000 1.000000
0.477884 0.502481 -0.720513 0.000000 -0.237848 0.863613 0.444524 41.076000 0.845609 -0.041058 0.532221 -0.000000 0.000000 0.000000 0.000000 1.000000
0.451041 0.428984 -0.782646 0.000000 -0.305293 0.898170 0.316364 41.076000 0.838664 0.096243 0.536078 -0.000000 0.000000 0.000000 0.000000 1.000000
0.456604 0.213157 -0.863758 0.000000 -0.319372 0.945433 0.064484 41.076000 0.830370 0.246416 0.499765 0.000000 0.000000 0.000000 0.000000 1.000000
0.450082 -0.077199 -0.889644 0.000000 -0.296441 0.926843 -0.230400 41.076000 0.842347 0.367426 0.394271 0.000000 0.000000 0.000000 0.000000 1.000000
0.443347 -0.309561 -0.841199 0.000000 -0.250212 0.858425 -0.447772 41.076000 0.860719 0.408996 0.303124 0.000000 0.000000 0.000000 0.000000 1.000000
0.485856 -0.436603 -0.757180 0.000000 -0.164163 0.805299 -0.569687 41.076000 0.858484 0.401086 0.319585 -0.000000 0.000000 0.000000 0.000000 1.000000
0.586455 -0.484895 -0.648805 0.000000 -0.024712 0.789927 -0.612702 41.076000 0.809605 0.375356 0.451274 -0.000000 0.000000 0.000000 0.000000 1.000000
0.706624 -0.500229 -0.500453 0.000000 0.148606 0.796405 -0.586221 41.076000 0.691808 0.339868 0.637096 0.000000 0.000000 0.000000 0.000000 1.000000
0.783589 -0.522622 -0.335939 0.000000 0.310414 0.797730 -0.516982 41.076000 0.538175 0.300821 0.787321 0.000000 0.000000 0.000000 0.000000 1.000000
0.802869 -0.559226 -0.206560 0.000000 0.434032 0.785846 -0.440526 41.076000 0.408678 0.264031 0.873653 0.000000 0.000000 0.000000 0.000000 1.000000
0.787509 -0.592745 -0.168769 -0.000000 0.496728 0.772552 -0.395505 41.076000 0.364817 0.227632 0.902825 -0.000000 0.000000 0.000000 0.000000 1.000000
0.776484 -0.591955 -0.216014 0.000000 0.495258 0.785252 -0.371615 41.076000 0.389605 0.181570 0.902907 0.000000 0.000000 0.000000 0.000000 1.000000
0.787112 -0.525005 -0.323766 0.000000 0.430278 0.843449 -0.321644 41.076000 0.441945 0.113860 0.889787 0.000000 0.000000 0.000000 0.000000 1.000000
0.812115 -0.363011 -0.456829 -0.000000 0.306614 0.931602 -0.195206 41.076000 0.496444 0.018460 0.867872 0.000000 0.000000 0.000000 0.000000 1.000000
0.806548 -0.156738 -0.570011 0.000000 0.162217 0.985880 -0.041558 41.076000 0.568476 -0.058947 0.820585 0.000000 0.000000 0.000000 0.000000 1.000000
0.753199 -0.001830 -0.657790 0.000000 0.057716 0.996323 0.063315 41.076000 0.655255 -0.085654 0.750536 0.000000 0.000000 0.000000 0.000000 1.000000
0.670208 0.006063 -0.742148 0.000000 0.070601 0.994911 0.071886 41.076000 0.738807 -0.100575 0.666370 -0.000000 0.000000 0.000000 0.000000 1.000000
0.580818 -0.082489 -0.809843 0.000000 0.188086 0.981532 0.034919 41.076000 0.792006 -0.172602 0.585606 0.000000 0.000000 0.000000 0.000000 1.000000
0.515130 -0.172975 -0.839477 0.000000 0.352121 0.935665 0.023278 41.076000 0.781442 -0.307588 0.542897 -0.000000 0.000000 0.000000 0.000000 1.000000
0.524325 -0.173128 -0.833733 -0.000000 0.468976 0.875947 0.113040 41.076000 0.710736 -0.450270 0.540474 -0.000000 0.000000 0.000000 0.000000 1.000000
0.599922 -0.087583 -0.795250 -0.000000 0.478690 0.835737 0.269072 41.076000 0.641054 -0.542101 0.543302 -0.000000 0.000000 0.000000 0.000000 1.000000
0.713777 0.056375 -0.698101 0.000000 0.344418 0.839649 0.419958 41.076000 0.609835 -0.540195 0.579906 0.000000 0.000000 0.000000 0.000000 1.000000</float_array>
        <technique_common>
          <accessor source="#mixamorig_RightHand-Matrix-animation-output-transform-array" count="25" stride="16">
            <param type="float4x4"/>
          </accessor>
        </technique_common>
      </source>
      <source id="mixamorig_RightHand-Interpolations">
        <Name_array id="mixamorig_RightHand-Interpolations-array" count="25">
 LINEAR LINEAR LINEAR LINEAR LINEAR LINEAR LINEAR LINEAR LINEAR LINEAR LINEAR
LINEAR LINEAR LINEAR LINEAR LINEAR LINEAR LINEAR LINEAR LINEAR LINEAR LINEAR LINEAR
LINEAR LINEAR</Name_array>
        <technique_common>
          <accessor source="#mixamorig_RightHand-Interpolations-array" count="25">
            <param type="name"/>
          </accessor>
        </technique_common>
      </source>
      <sampler id="mixamorig_RightHand-Matrix-animation-transform">
        <input semantic="INPUT" source="#mixamorig_RightHand-Matrix-animation-input"/>
        <input semantic="OUTPUT" source="#mixamorig_RightHand-Matrix-animation-output-transform"/>
        <input semantic="INTERPOLATION" source="#mixamorig_RightHand-Interpolations"/>
      </sampler>
      <channel source="#mixamorig_RightHand-Matrix-animation-transform" target="mixamorig_RightHand/matrix"/>
    </animation>
    <animation id="mixamorig_RightHandThumb1-anim" name="mixamorig_RightHandThumb1">
      <source id="mixamorig_RightHandThumb1-Matrix-animation-input">
        <float_array id="mixamorig_RightHandThumb1-Matrix-animation-input-array" count="25">

0.000000 0.033333 0.066667 0.100000 0.133333 0.166667 0.200000 0.233333 0.266667 0.300000 0.333333 0.366667 0.400000 0.433333 0.466667 0.500000
0.533333 0.566667 0.600000 0.633333 0.666667 0.700000 0.733333 0.766667 0.800000</float_array>
        <technique_common>
          <accessor source="#mixamorig_RightHandThumb1-Matrix-animation-input-array" count="25">
            <param name="TIME" type="float"/>
          </accessor>
        </technique_common>
      </source>
      <source id="mixamorig_RightHandThumb1-Matrix-animation-output-transform">
        <float_array id="mixamorig_RightHandThumb1-Matrix-animation-output-transform-array" count="400">

0.712139 0.663821 -0.228474 9.706200 -0.682355 0.577968 -0.447599 9.903700 -0.165075 0.474652 0.864555 7.214200 0.000000 0.000000 0.000000 1.000000
0.713615 0.662245 -0.228440 9.706200 -0.681065 0.579503 -0.447578 9.903700 -0.164025 0.474981 0.864574 7.214200 0.000000 0.000000 0.000000 1.000000
0.709199 0.666878 -0.228714 9.706200 -0.684901 0.574783 -0.447812 9.903700 -0.167176 0.474234 0.864381 7.214200 0.000000 0.000000 0.000000 1.000000
0.704657 0.671627 -0.228856 9.706200 -0.688790 0.570039 -0.447911 9.903700 -0.170372 0.473258 0.864292 7.214200 0.000000 0.000000 0.000000 1.000000
0.714931 0.660972 -0.228012 9.706200 -0.679918 0.581168 -0.447164 9.903700 -0.163049 0.474721 0.864901 7.214200 0.000000 0.000000 0.000000 1.000000
0.749759 0.622055 -0.225628 9.706200 -0.647338 0.618837 -0.444966 9.903700 -0.137167 0.479675 0.866658 7.214200 0.000000 0.000000 0.000000 1.000000
0.801854 0.554832 -0.221791 9.706200 -0.589993 0.676459 -0.440808 9.903700 -0.094542 0.484319 0.869768 7.214200 0.000000 0.000000 0.000000 1.000000
0.847838 0.483447 -0.217830 9.706200 -0.527728 0.729243 -0.435556 9.903700 -0.051717 0.484235 0.873408 7.214200 0.000000 0.000000 0.000000 1.000000
0.872851 0.437801 -0.215548 9.706200 -0.487318 0.758915 -0.431936 9.903700 -0.025519 0.482057 0.875768 7.214200 0.000000 0.000000 0.000000 1.000000
0.879455 0.424613 -0.215088 9.706200 -0.475638 0.766794 -0.431040 9.903700 -0.018097 0.481385 0.876323 7.214200 0.000000 0.000000 0.000000 1.000000
0.876535 0.430400 -0.215506 9.706200 -0.480865 0.763158 -0.431692 9.903700 -0.021335 0.482022 0.875899 7.214200 0.000000 0.000000 0.000000 1.000000
0.873753 0.435883 -0.215782 9.706200 -0.485757 0.759786 -0.432164 9.903700 -0.024425 0.482422 0.875598 7.214200 0.000000 0.000000 0.000000 1.000000
0.873547 0.436311 -0.215751 9.706200 -0.486115 0.759571 -0.432139 9.903700 -0.024669 0.482374 0.875618 7.214200 0.000000 0.000000 0.000000 1.000000
0.874548 0.434365 -0.215620 9.706200 -0.484365 0.760805 -0.431933 9.903700 -0.023572 0.482185 0.875752 7.214200 0.000000 0.000000 0.000000 1.000000
0.874756 0.433959 -0.215596 9.706200 -0.484001 0.761059 -0.431894 9.903700 -0.023343 0.482151 0.875777 7.214200 0.000000 0.000000 0.000000 1.000000
0.874208 0.435024 -0.215673 9.706200 -0.484961 0.760379 -0.432015 9.903700 -0.023944 0.482263 0.875699 7.214200 0.000000 0.000000 0.000000 1.000000
0.874461 0.434504 -0.215693 9.706200 -0.484519 0.760654 -0.432027 9.903700 -0.023650 0.482298 0.875688 7.214200 0.000000 0.000000 0.000000 1.000000
0.876042 0.431376 -0.215557 9.706200 -0.481738 0.762558 -0.431780 9.903700 -0.021885 0.482099 0.875843 7.214200 0.000000 0.000000 0.000000 1.000000
0.876719 0.430072 -0.215411 9.706200 -0.480538 0.763437 -0.431564 9.903700 -0.021150 0.481873 0.875986 7.214200 0.000000 0.000000 0.000000 1.000000
0.869697 0.443869 -0.215888 9.706200 -0.492737 0.755104 -0.432468 9.903700 -0.028942 0.482492 0.875422 7.214200 0.000000 0.000000 0.000000 1.000000
0.849710 0.480284 -0.217532 9.706200 -0.524887 0.731533 -0.435146 9.903700 -0.049862 0.483928 0.873686 7.214200 0.000000 0.000000 0.000000 1.000000
0.815085 0.535781 -0.220399 9.706200 -0.573388 0.691652 -0.439139 9.903700 -0.082842 0.484309 0.870966 7.214200 0.000000 0.000000 0.000000 1.000000
0.772185 0.594702 -0.223743 9.706200 -0.624065 0.643625 -0.443046 9.903700 -0.119473 0.481743 0.868130 7.214200 0.000000 0.000000 0.000000 1.000000
0.733743 0.640513 -0.226637 9.706200 -0.662819 0.601509 -0.445934 9.903700 -0.149302 0.477420 0.865898 7.214200 0.000000 0.000000 0.000000 1.000000
0.712139 0.663821 -0.228474 9.706200 -0.682355 0.577968 -0.447598 9.903700 -0.165075 0.474652 0.864555 7.214200 0.000000 0.000000 0.000000 1.000000</float_array>
        <technique_common>
          <accessor source="#mixamorig_RightHandThumb1-Matrix-animation-output-transform-array" count="25" stride="16">
            <param type="float4x4"/>
          </accessor>
        </technique_common>
      </source>
      <source id="mixamorig_RightHandThumb1-Interpolations">
        <Name_array id="mixamorig_RightHandThumb1-Interpolations-array" count="25">
 LINEAR LINEAR LINEAR LINEAR LINEAR LINEAR LINEAR LINEAR LINEAR LINEAR LINEAR
LINEAR LINEAR LINEAR LINEAR LINEAR LINEAR LINEAR LINEAR LINEAR LINEAR LINEAR LINEAR
LINEAR LINEAR</Name_array>
        <technique_common>
          <accessor source="#mixamorig_RightHandThumb1-Interpolations-array" count="25">
            <param type="name"/>
          </accessor>
        </technique_common>
      </source>
      <sampler id="mixamorig_RightHandThumb1-Matrix-animation-transform">
        <input semantic="INPUT" source="#mixamorig_RightHandThumb1-Matrix-animation-input"/>
        <input semantic="OUTPUT" source="#mixamorig_RightHandThumb1-Matrix-animation-output-transform"/>
        <input semantic="INTERPOLATION" source="#mixamorig_RightHandThumb1-Interpolations"/>
      </sampler>
      <channel source="#mixamorig_RightHandThumb1-Matrix-animation-transform" target="mixamorig_RightHandThumb1/matrix"/>
    </animation>
    <animation id="mixamorig_RightHandThumb2-anim" name="mixamorig_RightHandThumb2">
      <source id="mixamorig_RightHandThumb2-Matrix-animation-input">
        <float_array id="mixamorig_RightHandThumb2-Matrix-animation-input-array" count="25">

0.000000 0.033333 0.066667 0.100000 0.133333 0.166667 0.200000 0.233333 0.266667 0.300000 0.333333 0.366667 0.400000 0.433333 0.466667 0.500000
0.533333 0.566667 0.600000 0.633333 0.666667 0.700000 0.733333 0.766667 0.800000</float_array>
        <technique_common>
          <accessor source="#mixamorig_RightHandThumb2-Matrix-animation-input-array" count="25">
            <param name="TIME" type="float"/>
          </accessor>
        </technique_common>
      </source>
      <source id="mixamorig_RightHandThumb2-Matrix-animation-output-transform">
        <float_array id="mixamorig_RightHandThumb2-Matrix-animation-output-transform-array" count="400">

0.969533 -0.174137 -0.172285 0.000000 0.203051 0.964723 0.167571 2.369600 0.137026 -0.197448 0.970689 -0.000000 0.000000 0.000000 0.000000 1.000000
0.969287 -0.176013 -0.171762 0.000000 0.204828 0.964326 0.167692 2.369600 0.136118 -0.197723 0.970761 0.000000 0.000000 0.000000 0.000000 1.000000
0.970009 -0.170418 -0.173321 -0.000000 0.199525 0.965499 0.167336 2.369600 0.138824 -0.196899 0.970546 -0.000000 0.000000 0.000000 0.000000 1.000000
0.970711 -0.164696 -0.174916 0.000000 0.194098 0.966666 0.166981 2.369600 0.141584 -0.196041 0.970321 0.000000 0.000000 0.000000 0.000000 1.000000
0.969065 -0.177677 -0.171298 -0.000000 0.206404 0.963971 0.167799 2.369600 0.135312 -0.197965 0.970825 0.000000 0.000000 0.000000 0.000000 1.000000
0.961785 -0.223176 -0.158627 0.000000 0.249389 0.953179 0.171043 2.369600 0.113027 -0.204066 0.972410 0.000000 0.000000 0.000000 0.000000 1.000000
0.944999 -0.296416 -0.138257 0.000000 0.318089 0.931292 0.177522 2.369600 0.076137 -0.211736 0.974357 0.000000 0.000000 0.000000 0.000000 1.000000
0.922211 -0.368131 -0.118345 0.000000 0.384741 0.904204 0.185444 2.369600 0.038740 -0.216550 0.975503 0.000000 0.000000 0.000000 0.000000 1.000000
0.905330 -0.411161 -0.106415 0.000000 0.424420 0.885093 0.190994 2.369600 0.015657 -0.218077 0.975806 0.000000 0.000000 0.000000 0.000000 1.000000
0.900165 -0.423173 -0.103087 -0.000000 0.435453 0.879355 0.192655 2.369600 0.009123 -0.218311 0.975837 0.000000 0.000000 0.000000 0.000000 1.000000
0.902477 -0.417855 -0.104559 0.000000 0.430571 0.881917 0.191913 2.369600 0.012021 -0.218217 0.975826 0.000000 0.000000 0.000000 0.000000 1.000000
0.904627 -0.412825 -0.105954 0.000000 0.425949 0.884309 0.191221 2.369600 0.014755 -0.218114 0.975812 -0.000000 0.000000 0.000000 0.000000 1.000000
0.904787 -0.412447 -0.106058 0.000000 0.425602 0.884487 0.191168 2.369600 0.014960 -0.218105 0.975811 -0.000000 0.000000 0.000000 0.000000 1.000000
0.904023 -0.414246 -0.105560 0.000000 0.427255 0.883636 0.191415 2.369600 0.013983 -0.218145 0.975816 0.000000 0.000000 0.000000 0.000000 1.000000
0.903863 -0.414621 -0.105455 0.000000 0.427599 0.883459 0.191466 2.369600 0.013780 -0.218152 0.975818 -0.000000 0.000000 0.000000 0.000000 1.000000
0.904283 -0.413634 -0.105729 0.000000 0.426693 0.883926 0.191331 2.369600 0.014316 -0.218131 0.975814 0.000000 0.000000 0.000000 0.000000 1.000000
0.904086 -0.414098 -0.105601 -0.000000 0.427119 0.883707 0.191394 2.369600 0.014064 -0.218141 0.975816 0.000000 0.000000 0.000000 0.000000 1.000000
0.902862 -0.416961 -0.104808 0.000000 0.429749 0.882345 0.191789 2.369600 0.012508 -0.218200 0.975824 0.000000 0.000000 0.000000 0.000000 1.000000
0.902337 -0.418180 -0.104470 0.000000 0.430869 0.881762 0.191958 2.369600 0.011844 -0.218223 0.975827 0.000000 0.000000 0.000000 0.000000 1.000000
0.907676 -0.405546 -0.107971 0.000000 0.419256 0.887714 0.190234 2.369600 0.018699 -0.217938 0.975784 0.000000 0.000000 0.000000 0.000000 1.000000
0.921081 -0.371224 -0.117487 0.000000 0.387601 0.902904 0.185822 2.369600 0.037098 -0.216695 0.975534 -0.000000 0.000000 0.000000 0.000000 1.000000
0.939350 -0.316223 -0.132754 0.000000 0.336561 0.924386 0.179550 2.369600 0.065938 -0.213340 0.974750 0.000000 0.000000 0.000000 0.000000 1.000000
0.955532 -0.253831 -0.150097 0.000000 0.278219 0.944706 0.173563 2.369600 0.097742 -0.207605 0.973317 -0.000000 0.000000 0.000000 0.000000 1.000000
0.965476 -0.201948 -0.164537 0.000000 0.229363 0.958477 0.169456 2.369600 0.123484 -0.201345 0.971706 -0.000000 0.000000 0.000000 0.000000 1.000000
0.969533 -0.174137 -0.172284 0.000000 0.203051 0.964723 0.167571 2.369600 0.137026 -0.197448 0.970689 0.000000 0.000000 0.000000 0.000000 1.000000</float_array>
        <technique_common>
          <accessor source="#mixamorig_RightHandThumb2-Matrix-animation-output-transform-array" count="25" stride="16">
            <param type="float4x4"/>
          </accessor>
        </technique_common>
      </source>
      <source id="mixamorig_RightHandThumb2-Interpolations">
        <Name_array id="mixamorig_RightHandThumb2-Interpolations-array" count="25">
 LINEAR LINEAR LINEAR LINEAR LINEAR LINEAR LINEAR LINEAR LINEAR LINEAR LINEAR
LINEAR LINEAR LINEAR LINEAR LINEAR LINEAR LINEAR LINEAR LINEAR LINEAR LINEAR LINEAR
LINEAR LINEAR</Name_array>
        <technique_common>
          <accessor source="#mixamorig_RightHandThumb2-Interpolations-array" count="25">
            <param type="name"/>
          </accessor>
        </technique_common>
      </source>
      <sampler id="mixamorig_RightHandThumb2-Matrix-animation-transform">
        <input semantic="INPUT" source="#mixamorig_RightHandThumb2-Matrix-animation-input"/>
        <input semantic="OUTPUT" source="#mixamorig_RightHandThumb2-Matrix-animation-output-transform"/>
        <input semantic="INTERPOLATION" source="#mixamorig_RightHandThumb2-Interpolations"/>
      </sampler>
      <channel source="#mixamorig_RightHandThumb2-Matrix-animation-transform" target="mixamorig_RightHandThumb2/matrix"/>
    </animation>
    <animation id="mixamorig_RightHandThumb3-anim" name="mixamorig_RightHandThumb3">
      <source id="mixamorig_RightHandThumb3-Matrix-animation-input">
        <float_array id="mixamorig_RightHandThumb3-Matrix-animation-input-array" count="25">

0.000000 0.033333 0.066667 0.100000 0.133333 0.166667 0.200000 0.233333 0.266667 0.300000 0.333333 0.366667 0.400000 0.433333 0.466667 0.500000
0.533333 0.566667 0.600000 0.633333 0.666667 0.700000 0.733333 0.766667 0.800000</float_array>
        <technique_common>
          <accessor source="#mixamorig_RightHandThumb3-Matrix-animation-input-array" count="25">
            <param name="TIME" type="float"/>
          </accessor>
        </technique_common>
      </source>
      <source id="mixamorig_RightHandThumb3-Matrix-animation-output-transform">
        <float_array id="mixamorig_RightHandThumb3-Matrix-animation-output-transform-array" count="400">

0.862684 0.499057 0.081964 -0.000000 -0.481684 0.761390 0.433895 2.785100 0.154132 -0.413795 0.897227 -0.000000 0.000000 0.000000 0.000000 1.000000
0.863398 0.497819 0.081972 0.000000 -0.480599 0.762089 0.433871 2.785100 0.153520 -0.413999 0.897238 0.000000 0.000000 0.000000 0.000000 1.000000
0.861264 0.501507 0.081947 0.000000 -0.483831 0.760001 0.433943 2.785100 0.155345 -0.413388 0.897206 0.000000 0.000000 0.000000 0.000000 1.000000
0.859066 0.505266 0.081922 0.000000 -0.487125 0.757852 0.434015 2.785100 0.157208 -0.412754 0.897173 0.000000 0.000000 0.000000 0.000000 1.000000
0.864030 0.496721 0.081980 -0.000000 -0.479636 0.762708 0.433850 2.785100 0.152976 -0.414180 0.897248 -0.000000 0.000000 0.000000 0.000000 1.000000
0.880824 0.466253 0.082196 0.000000 -0.452895 0.779205 0.433273 2.785100 0.137967 -0.418864 0.897507 0.000000 0.000000 0.000000 0.000000 1.000000
0.905876 0.415412 0.082595 0.000000 -0.408138 0.804052 0.432347 2.785100 0.113191 -0.425363 0.897916 0.000000 0.000000 0.000000 0.000000 1.000000
0.927989 0.363235 0.083051 0.000000 -0.362046 0.826306 0.431440 2.785100 0.088088 -0.430440 0.898311 -0.000000 0.000000 0.000000 0.000000 1.000000
0.940065 0.330649 0.083358 0.000000 -0.333183 0.838641 0.430895 2.785100 0.072567 -0.432843 0.898544 -0.000000 0.000000 0.000000 0.000000 1.000000
0.943271 0.321365 0.083449 -0.000000 -0.324950 0.841943 0.430742 2.785100 0.068166 -0.433423 0.898609 -0.000000 0.000000 0.000000 0.000000 1.000000
0.941861 0.325486 0.083408 0.000000 -0.328605 0.840489 0.430810 2.785100 0.070119 -0.433172 0.898580 0.000000 0.000000 0.000000 0.000000 1.000000
0.940514 0.329368 0.083371 0.000000 -0.332048 0.839102 0.430873 2.785100 0.071960 -0.432925 0.898553 0.000000 0.000000 0.000000 0.000000 1.000000
0.940412 0.329659 0.083368 0.000000 -0.332306 0.838997 0.430879 2.785100 0.072098 -0.432907 0.898551 -0.000000 0.000000 0.000000 0.000000 1.000000
0.940896 0.328273 0.083381 0.000000 -0.331077 0.839495 0.430855 2.785100 0.071440 -0.432995 0.898561 0.000000 0.000000 0.000000 0.000000 1.000000
0.940996 0.327984 0.083384 0.000000 -0.330821 0.839598 0.430851 2.785100 0.071303 -0.433014 0.898563 -0.000000 0.000000 0.000000 0.000000 1.000000
0.940731 0.328744 0.083377 -0.000000 -0.331495 0.839326 0.430863 2.785100 0.071664 -0.432965 0.898557 0.000000 0.000000 0.000000 0.000000 1.000000
0.940856 0.328387 0.083380 0.000000 -0.331178 0.839454 0.430857 2.785100 0.071494 -0.432988 0.898560 0.000000 0.000000 0.000000 0.000000 1.000000
0.941622 0.326178 0.083402 0.000000 -0.329219 0.840243 0.430821 2.785100 0.070446 -0.433128 0.898575 0.000000 0.000000 0.000000 0.000000 1.000000
0.941947 0.325235 0.083411 0.000000 -0.328383 0.840578 0.430806 2.785100 0.069999 -0.433187 0.898582 0.000000 0.000000 0.000000 0.000000 1.000000
0.938541 0.334960 0.083317 0.000000 -0.337006 0.837076 0.430966 2.785100 0.074614 -0.432557 0.898514 0.000000 0.000000 0.000000 0.000000 1.000000
0.928887 0.360926 0.083072 0.000000 -0.360003 0.827219 0.431400 2.785100 0.086984 -0.430629 0.898328 0.000000 0.000000 0.000000 0.000000 1.000000
0.912226 0.401250 0.082715 -0.000000 -0.395644 0.810407 0.432096 2.785100 0.106346 -0.426895 0.898026 0.000000 0.000000 0.000000 0.000000 1.000000
0.891609 0.445254 0.082355 0.000000 -0.434428 0.789863 0.432885 2.785100 0.127694 -0.421742 0.897679 0.000000 0.000000 0.000000 0.000000 1.000000
0.873106 0.480570 0.082092 -0.000000 -0.465468 0.771609 0.433542 2.785100 0.145004 -0.416740 0.897386 0.000000 0.000000 0.000000 0.000000 1.000000
0.862684 0.499057 0.081964 0.000000 -0.481684 0.761391 0.433895 2.785100 0.154132 -0.413795 0.897227 0.000000 0.000000 0.000000 0.000000 1.000000</float_array>
        <technique_common>
          <accessor source="#mixamorig_RightHandThumb3-Matrix-animation-output-transform-array" count="25" stride="16">
            <param type="float4x4"/>
          </accessor>
        </technique_common>
      </source>
      <source id="mixamorig_RightHandThumb3-Interpolations">
        <Name_array id="mixamorig_RightHandThumb3-Interpolations-array" count="25">
 LINEAR LINEAR LINEAR LINEAR LINEAR LINEAR LINEAR LINEAR LINEAR LINEAR LINEAR
LINEAR LINEAR LINEAR LINEAR LINEAR LINEAR LINEAR LINEAR LINEAR LINEAR LINEAR LINEAR
LINEAR LINEAR</Name_array>
        <technique_common>
          <accessor source="#mixamorig_RightHandThumb3-Interpolations-array" count="25">
            <param type="name"/>
          </accessor>
        </technique_common>
      </source>
      <sampler id="mixamorig_RightHandThumb3-Matrix-animation-transform">
        <input semantic="INPUT" source="#mixamorig_RightHandThumb3-Matrix-animation-input"/>
        <input semantic="OUTPUT" source="#mixamorig_RightHandThumb3-Matrix-animation-output-transform"/>
        <input semantic="INTERPOLATION" source="#mixamorig_RightHandThumb3-Interpolations"/>
      </sampler>
      <channel source="#mixamorig_RightHandThumb3-Matrix-animation-transform" target="mixamorig_RightHandThumb3/matrix"/>
    </animation>
    <animation id="mixamorig_RightHandIndex1-anim" name="mixamorig_RightHandIndex1">
      <source id="mixamorig_RightHandIndex1-Matrix-animation-input">
        <float_array id="mixamorig_RightHandIndex1-Matrix-animation-input-array" count="25">

0.000000 0.033333 0.066667 0.100000 0.133333 0.166667 0.200000 0.233333 0.266667 0.300000 0.333333 0.366667 0.400000 0.433333 0.466667 0.500000
0.533333 0.566667 0.600000 0.633333 0.666667 0.700000 0.733333 0.766667 0.800000</float_array>
        <technique_common>
          <accessor source="#mixamorig_RightHandIndex1-Matrix-animation-input-array" count="25">
            <param name="TIME" type="float"/>
          </accessor>
        </technique_common>
      </source>
      <source id="mixamorig_RightHandIndex1-Matrix-animation-output-transform">
        <float_array id="mixamorig_RightHandIndex1-Matrix-animation-output-transform-array" count="400">

0.997473 0.070157 0.011198 4.736600 -0.063110 0.947381 -0.313826 18.296400 -0.032626 0.312327 0.949414 0.973900 0.000000 0.000000 0.000000 1.000000
0.997477 0.070086 0.011315 4.736600 -0.062941 0.946759 -0.315731 18.296400 -0.032841 0.314222 0.948781 0.973900 0.000000 0.000000 0.000000 1.000000
0.997475 0.070172 0.010948 4.736600 -0.063331 0.948609 -0.310048 18.296400 -0.032142 0.308572 0.950658 0.973900 0.000000 0.000000 0.000000 1.000000
0.997466 0.070355 0.010590 4.736600 -0.063810 0.950460 -0.304228 18.296400 -0.031469 0.302782 0.952540 0.973900 0.000000 0.000000 0.000000 1.000000
0.997460 0.070301 0.011464 4.736600 -0.063039 0.946188 -0.317417 18.296400 -0.033161 0.315888 0.948217 0.973900 0.000000 0.000000 0.000000 1.000000
0.997466 0.069632 0.014561 4.736600 -0.059601 0.929749 -0.363337 18.296400 -0.038838 0.361549 0.931544 0.973900 0.000000 0.000000 0.000000 1.000000
0.997456 0.068470 0.019854 4.736600 -0.052979 0.898279 -0.436220 18.296400 -0.047703 0.434058 0.899621 0.973900 0.000000 0.000000 0.000000 1.000000
0.997405 0.067334 0.025490 4.736600 -0.045199 0.861184 -0.506280 18.296400 -0.056041 0.503814 0.861992 0.973900 0.000000 0.000000 0.000000 1.000000
0.997355 0.066617 0.029076 4.736600 -0.039858 0.835752 -0.547659 18.296400 -0.060784 0.545052 0.836196 0.973900 0.000000 0.000000 0.000000 1.000000
0.997347 0.066284 0.030094 4.736600 -0.038172 0.828209 -0.559117 18.296400 -0.061985 0.556485 0.828542 0.973900 0.000000 0.000000 0.000000 1.000000
0.997362 0.066269 0.029624 4.736600 -0.038797 0.831579 -0.554050 18.296400 -0.061351 0.551439 0.831956 0.973900 0.000000 0.000000 0.000000 1.000000
0.997370 0.066346 0.029191 4.736600 -0.039451 0.834727 -0.549249 18.296400 -0.060807 0.546652 0.835149 0.973900 0.000000 0.000000 0.000000 1.000000
0.997367 0.066391 0.029163 4.736600 -0.039531 0.834961 -0.548888 18.296400 -0.060791 0.546290 0.835387 0.973900 0.000000 0.000000 0.000000 1.000000
0.997363 0.066388 0.029320 4.736600 -0.039317 0.833839 -0.550606 18.296400 -0.061002 0.548001 0.834250 0.973900 0.000000 0.000000 0.000000 1.000000
0.997362 0.066385 0.029353 4.736600 -0.039270 0.833605 -0.550963 18.296400 -0.061044 0.548357 0.834013 0.973900 0.000000 0.000000 0.000000 1.000000
0.997365 0.066382 0.029267 4.736600 -0.039384 0.834221 -0.550022 18.296400 -0.060927 0.547420 0.834638 0.973900 0.000000 0.000000 0.000000 1.000000
0.997367 0.066340 0.029303 4.736600 -0.039297 0.833933 -0.550464 18.296400 -0.060954 0.547863 0.834344 0.973900 0.000000 0.000000 0.000000 1.000000
0.997363 0.066281 0.029547 4.736600 -0.038913 0.832142 -0.553196 18.296400 -0.061253 0.550588 0.832527 0.973900 0.000000 0.000000 0.000000 1.000000
0.997357 0.066327 0.029656 4.736600 -0.038804 0.831372 -0.554360 18.296400 -0.061424 0.551744 0.831749 0.973900 0.000000 0.000000 0.000000 1.000000
0.997364 0.066689 0.028590 4.736600 -0.040569 0.839212 -0.542289 18.296400 -0.060158 0.539700 0.839706 0.973900 0.000000 0.000000 0.000000 1.000000
0.997394 0.067398 0.025748 4.736600 -0.044928 0.859432 -0.509272 18.296400 -0.056453 0.506788 0.860220 0.973900 0.000000 0.000000 0.000000 1.000000
0.997429 0.068389 0.021393 4.736600 -0.051157 0.888661 -0.455702 18.296400 -0.050176 0.453436 0.889875 0.973900 0.000000 0.000000 0.000000 1.000000
0.997451 0.069355 0.016759 4.736600 -0.057164 0.917331 -0.394000 18.296400 -0.042699 0.392038 0.918958 0.973900 0.000000 0.000000 0.000000 1.000000
0.997459 0.070028 0.013111 4.736600 -0.061338 0.937706 -0.341972 18.296400 -0.036242 0.340299 0.939619 0.973900 0.000000 0.000000 0.000000 1.000000
0.997473 0.070157 0.011198 4.736600 -0.063111 0.947381 -0.313826 18.296400 -0.032625 0.312327 0.949414 0.973900 0.000000 0.000000 0.000000 1.000000</float_array>
        <technique_common>
          <accessor source="#mixamorig_RightHandIndex1-Matrix-animation-output-transform-array" count="25" stride="16">
            <param type="float4x4"/>
          </accessor>
        </technique_common>
      </source>
      <source id="mixamorig_RightHandIndex1-Interpolations">
        <Name_array id="mixamorig_RightHandIndex1-Interpolations-array" count="25">
 LINEAR LINEAR LINEAR LINEAR LINEAR LINEAR LINEAR LINEAR LINEAR LINEAR LINEAR
LINEAR LINEAR LINEAR LINEAR LINEAR LINEAR LINEAR LINEAR LINEAR LINEAR LINEAR LINEAR
LINEAR LINEAR</Name_array>
        <technique_common>
          <accessor source="#mixamorig_RightHandIndex1-Interpolations-array" count="25">
            <param type="name"/>
          </accessor>
        </technique_common>
      </source>
      <sampler id="mixamorig_RightHandIndex1-Matrix-animation-transform">
        <input semantic="INPUT" source="#mixamorig_RightHandIndex1-Matrix-animation-input"/>
        <input semantic="OUTPUT" source="#mixamorig_RightHandIndex1-Matrix-animation-output-transform"/>
        <input semantic="INTERPOLATION" source="#mixamorig_RightHandIndex1-Interpolations"/>
      </sampler>
      <channel source="#mixamorig_RightHandIndex1-Matrix-animation-transform" target="mixamorig_RightHandIndex1/matrix"/>
    </animation>
    <animation id="mixamorig_RightHandIndex2-anim" name="mixamorig_RightHandIndex2">
      <source id="mixamorig_RightHandIndex2-Matrix-animation-input">
        <float_array id="mixamorig_RightHandIndex2-Matrix-animation-input-array" count="25">

0.000000 0.033333 0.066667 0.100000 0.133333 0.166667 0.200000 0.233333 0.266667 0.300000 0.333333 0.366667 0.400000 0.433333 0.466667 0.500000
0.533333 0.566667 0.600000 0.633333 0.666667 0.700000 0.733333 0.766667 0.800000</float_array>
        <technique_common>
          <accessor source="#mixamorig_RightHandIndex2-Matrix-animation-input-array" count="25">
            <param name="TIME" type="float"/>
          </accessor>
        </technique_common>
      </source>
      <source id="mixamorig_RightHandIndex2-Matrix-animation-output-transform">
        <float_array id="mixamorig_RightHandIndex2-Matrix-animation-output-transform-array" count="400">

0.999977 -0.006703 0.000279 0.000000 0.006703 0.996501 -0.083316 4.698000 0.000280 0.083316 0.996523 -0.000000 0.000000 0.000000 0.000000 1.000000
0.999976 -0.006867 0.000294 0.000000 0.006867 0.996326 -0.085361 4.698000 0.000293 0.085361 0.996350 0.000000 0.000000 0.000000 0.000000 1.000000
0.999980 -0.006377 0.000253 0.000000 0.006377 0.996833 -0.079264 4.698000 0.000253 0.079264 0.996854 -0.000000 0.000000 0.000000 0.000000 1.000000
0.999983 -0.005875 0.000215 0.000000 0.005875 0.997312 -0.073030 4.698000 0.000215 0.073030 0.997330 0.000000 0.000000 0.000000 0.000000 1.000000
0.999975 -0.007013 0.000306 0.000000 0.007013 0.996168 -0.087174 4.698000 0.000306 0.087174 0.996193 0.000000 0.000000 0.000000 0.000000 1.000000
0.999939 -0.011006 0.000756 0.000000 0.011006 0.990537 -0.136806 4.698000 0.000756 0.136806 0.990598 -0.000000 0.000000 0.000000 0.000000 1.000000
0.999846 -0.017448 0.001915 0.000000 0.017448 0.976042 -0.216883 4.698000 0.001915 0.216883 0.976196 -0.000000 0.000000 0.000000 0.000000 1.000000
0.999711 -0.023773 0.003593 0.000000 0.023773 0.955046 -0.295503 4.698000 0.003593 0.295503 0.955335 0.000000 0.000000 0.000000 0.000000 1.000000
0.999608 -0.027576 0.004875 0.000000 0.027576 0.939014 -0.342771 4.698000 0.004875 0.342771 0.939406 -0.000000 0.000000 0.000000 0.000000 1.000000
0.999576 -0.028638 0.005271 0.000000 0.028638 0.934055 -0.355978 4.698000 0.005271 0.355978 0.934479 0.000000 0.000000 0.000000 0.000000 1.000000
0.999590 -0.028168 0.005093 -0.000000 0.028168 0.936277 -0.350130 4.698000 0.005093 0.350130 0.936687 0.000000 0.000000 0.000000 0.000000 1.000000
0.999604 -0.027723 0.004929 0.000000 0.027723 0.938340 -0.344600 4.698000 0.004929 0.344600 0.938737 0.000000 0.000000 0.000000 0.000000 1.000000
0.999604 -0.027689 0.004916 0.000000 0.027689 0.938494 -0.344184 4.698000 0.004916 0.344184 0.938889 -0.000000 0.000000 0.000000 0.000000 1.000000
0.999600 -0.027848 0.004975 0.000000 0.027848 0.937761 -0.346162 4.698000 0.004975 0.346162 0.938161 0.000000 0.000000 0.000000 0.000000 1.000000
0.999599 -0.027881 0.004987 0.000000 0.027881 0.937608 -0.346573 4.698000 0.004988 0.346573 0.938010 0.000000 0.000000 0.000000 0.000000 1.000000
0.999601 -0.027794 0.004955 0.000000 0.027794 0.938011 -0.345490 4.698000 0.004955 0.345490 0.938409 -0.000000 0.000000 0.000000 0.000000 1.000000
0.999600 -0.027836 0.004970 -0.000000 0.027836 0.937822 -0.345999 4.698000 0.004970 0.345999 0.938222 0.000000 0.000000 0.000000 0.000000 1.000000
0.999593 -0.028088 0.005064 -0.000000 0.028088 0.936647 -0.349147 4.698000 0.005064 0.349147 0.937054 0.000000 0.000000 0.000000 0.000000 1.000000
0.999589 -0.028196 0.005104 0.000000 0.028196 0.936143 -0.350488 4.698000 0.005104 0.350488 0.936553 0.000000 0.000000 0.000000 0.000000 1.000000
0.999622 -0.027079 0.004695 0.000000 0.027079 0.941259 -0.336598 4.698000 0.004695 0.336598 0.941637 0.000000 0.000000 0.000000 0.000000 1.000000
0.999704 -0.024046 0.003678 -0.000000 0.024046 0.953982 -0.298898 4.698000 0.003678 0.298898 0.954278 0.000000 0.000000 0.000000 0.000000 1.000000
0.999813 -0.019194 0.002323 -0.000000 0.019194 0.970934 -0.238578 4.698000 0.002323 0.238578 0.971121 0.000000 0.000000 0.000000 0.000000 1.000000
0.999905 -0.013700 0.001175 0.000000 0.013700 0.985297 -0.170297 4.698000 0.001175 0.170297 0.985392 0.000000 0.000000 0.000000 0.000000 1.000000
0.999958 -0.009142 0.000521 0.000000 0.009142 0.993480 -0.113639 4.698000 0.000521 0.113639 0.993522 0.000000 0.000000 0.000000 0.000000 1.000000
0.999977 -0.006703 0.000280 0.000000 0.006703 0.996501 -0.083317 4.698000 0.000280 0.083317 0.996523 -0.000000 0.000000 0.000000 0.000000 1.000000</float_array>
        <technique_common>
          <accessor source="#mixamorig_RightHandIndex2-Matrix-animation-output-transform-array" count="25" stride="16">
            <param type="float4x4"/>
          </accessor>
        </technique_common>
      </source>
      <source id="mixamorig_RightHandIndex2-Interpolations">
        <Name_array id="mixamorig_RightHandIndex2-Interpolations-array" count="25">
 LINEAR LINEAR LINEAR LINEAR LINEAR LINEAR LINEAR LINEAR LINEAR LINEAR LINEAR
LINEAR LINEAR LINEAR LINEAR LINEAR LINEAR LINEAR LINEAR LINEAR LINEAR LINEAR LINEAR
LINEAR LINEAR</Name_array>
        <technique_common>
          <accessor source="#mixamorig_RightHandIndex2-Interpolations-array" count="25">
            <param type="name"/>
          </accessor>
        </technique_common>
      </source>
      <sampler id="mixamorig_RightHandIndex2-Matrix-animation-transform">
        <input semantic="INPUT" source="#mixamorig_RightHandIndex2-Matrix-animation-input"/>
        <input semantic="OUTPUT" source="#mixamorig_RightHandIndex2-Matrix-animation-output-transform"/>
        <input semantic="INTERPOLATION" source="#mixamorig_RightHandIndex2-Interpolations"/>
      </sampler>
      <channel source="#mixamorig_RightHandIndex2-Matrix-animation-transform" target="mixamorig_RightHandIndex2/matrix"/>
    </animation>
    <animation id="mixamorig_RightHandIndex3-anim" name="mixamorig_RightHandIndex3">
      <source id="mixamorig_RightHandIndex3-Matrix-animation-input">
        <float_array id="mixamorig_RightHandIndex3-Matrix-animation-input-array" count="25">

0.000000 0.033333 0.066667 0.100000 0.133333 0.166667 0.200000 0.233333 0.266667 0.300000 0.333333 0.366667 0.400000 0.433333 0.466667 0.500000
0.533333 0.566667 0.600000 0.633333 0.666667 0.700000 0.733333 0.766667 0.800000</float_array>
        <technique_common>
          <accessor source="#mixamorig_RightHandIndex3-Matrix-animation-input-array" count="25">
            <param name="TIME" type="float"/>
          </accessor>
        </technique_common>
      </source>
      <source id="mixamorig_RightHandIndex3-Matrix-animation-output-transform">
        <float_array id="mixamorig_RightHandIndex3-Matrix-animation-output-transform-array" count="400">

0.999859 0.016684 0.001749 -0.000000 -0.016684 0.978117 0.207388 2.894000 0.001749 -0.207388 0.978257 0.000000 0.000000 0.000000 0.000000 1.000000
0.999862 0.016525 0.001715 0.000000 -0.016525 0.978537 0.205410 2.894000 0.001716 -0.205410 0.978675 -0.000000 0.000000 0.000000 0.000000 1.000000
0.999854 0.016999 0.001817 0.000000 -0.016999 0.977272 0.211307 2.894000 0.001817 -0.211307 0.977418 -0.000000 0.000000 0.000000 0.000000 1.000000
0.999845 0.017484 0.001923 0.000000 -0.017484 0.975942 0.217327 2.894000 0.001923 -0.217327 0.976097 -0.000000 0.000000 0.000000 0.000000 1.000000
0.999864 0.016384 0.001686 -0.000000 -0.016384 0.978906 0.203654 2.894000 0.001686 -0.203654 0.979042 0.000000 0.000000 0.000000 0.000000 1.000000
0.999922 0.012487 0.000975 0.000000 -0.012487 0.987801 0.155219 2.894000 0.000975 -0.155219 0.987880 -0.000000 0.000000 0.000000 0.000000 1.000000
0.999982 0.006077 0.000230 0.000000 -0.006077 0.997124 0.075544 2.894000 0.000230 -0.075544 0.997142 0.000000 0.000000 0.000000 0.000000 1.000000
1.000000 -0.000371 0.000001 0.000000 0.000371 0.999989 -0.004607 2.894000 0.000001 0.004607 0.999989 -0.000000 0.000000 0.000000 0.000000 1.000000
0.999991 -0.004326 0.000117 0.000000 0.004326 0.998544 -0.053774 2.894000 0.000116 0.053774 0.998553 -0.000000 0.000000 0.000000 0.000000 1.000000
0.999985 -0.005442 0.000184 0.000000 0.005442 0.997694 -0.067649 2.894000 0.000184 0.067649 0.997709 0.000000 0.000000 0.000000 0.000000 1.000000
0.999988 -0.004947 0.000152 0.000000 0.004947 0.998095 -0.061498 2.894000 0.000152 0.061498 0.998107 0.000000 0.000000 0.000000 0.000000 1.000000
0.999990 -0.004480 0.000125 -0.000000 0.004480 0.998438 -0.055691 2.894000 0.000125 0.055691 0.998448 0.000000 0.000000 0.000000 0.000000 1.000000
0.999990 -0.004445 0.000123 0.000000 0.004445 0.998462 -0.055256 2.894000 0.000123 0.055256 0.998472 0.000000 0.000000 0.000000 0.000000 1.000000
0.999989 -0.004612 0.000133 -0.000000 0.004612 0.998345 -0.057330 2.894000 0.000132 0.057330 0.998355 -0.000000 0.000000 0.000000 0.000000 1.000000
0.999989 -0.004647 0.000134 0.000000 0.004647 0.998320 -0.057763 2.894000 0.000134 0.057763 0.998330 0.000000 0.000000 0.000000 0.000000 1.000000
0.999990 -0.004555 0.000129 0.000000 0.004555 0.998385 -0.056624 2.894000 0.000129 0.056624 0.998396 0.000000 0.000000 0.000000 0.000000 1.000000
0.999989 -0.004598 0.000131 0.000000 0.004598 0.998354 -0.057159 2.894000 0.000132 0.057159 0.998365 0.000000 0.000000 0.000000 0.000000 1.000000
0.999988 -0.004864 0.000147 -0.000000 0.004864 0.998159 -0.060464 2.894000 0.000147 0.060464 0.998170 -0.000000 0.000000 0.000000 0.000000 1.000000
0.999988 -0.004978 0.000154 -0.000000 0.004978 0.998072 -0.061873 2.894000 0.000154 0.061873 0.998084 -0.000000 0.000000 0.000000 0.000000 1.000000
0.999993 -0.003806 0.000090 0.000000 0.003806 0.998873 -0.047309 2.894000 0.000090 0.047309 0.998880 0.000000 0.000000 0.000000 0.000000 1.000000
1.000000 -0.000653 0.000003 -0.000000 0.000653 0.999967 -0.008114 2.894000 0.000003 0.008114 0.999967 0.000000 0.000000 0.000000 0.000000 1.000000
0.999991 0.004314 0.000116 -0.000000 -0.004314 0.998552 0.053623 2.894000 0.000116 -0.053623 0.998561 0.000000 0.000000 0.000000 0.000000 1.000000
0.999952 0.009825 0.000602 0.000000 -0.009825 0.992465 0.122130 2.894000 0.000602 -0.122130 0.992514 0.000000 0.000000 0.000000 0.000000 1.000000
0.999897 0.014313 0.001284 -0.000000 -0.014313 0.983942 0.177916 2.894000 0.001283 -0.177916 0.984045 0.000000 0.000000 0.000000 0.000000 1.000000
0.999859 0.016684 0.001749 0.000000 -0.016684 0.978116 0.207388 2.894000 0.001749 -0.207388 0.978257 0.000000 0.000000 0.000000 0.000000 1.000000</float_array>
        <technique_common>
          <accessor source="#mixamorig_RightHandIndex3-Matrix-animation-output-transform-array" count="25" stride="16">
            <param type="float4x4"/>
          </accessor>
        </technique_common>
      </source>
      <source id="mixamorig_RightHandIndex3-Interpolations">
        <Name_array id="mixamorig_RightHandIndex3-Interpolations-array" count="25">
 LINEAR LINEAR LINEAR LINEAR LINEAR LINEAR LINEAR LINEAR LINEAR LINEAR LINEAR
LINEAR LINEAR LINEAR LINEAR LINEAR LINEAR LINEAR LINEAR LINEAR LINEAR LINEAR LINEAR
LINEAR LINEAR</Name_array>
        <technique_common>
          <accessor source="#mixamorig_RightHandIndex3-Interpolations-array" count="25">
            <param type="name"/>
          </accessor>
        </technique_common>
      </source>
      <sampler id="mixamorig_RightHandIndex3-Matrix-animation-transform">
        <input semantic="INPUT" source="#mixamorig_RightHandIndex3-Matrix-animation-input"/>
        <input semantic="OUTPUT" source="#mixamorig_RightHandIndex3-Matrix-animation-output-transform"/>
        <input semantic="INTERPOLATION" source="#mixamorig_RightHandIndex3-Interpolations"/>
      </sampler>
      <channel source="#mixamorig_RightHandIndex3-Matrix-animation-transform" target="mixamorig_RightHandIndex3/matrix"/>
    </animation>
    <animation id="mixamorig_RightHandMiddle1-anim" name="mixamorig_RightHandMiddle1">
      <source id="mixamorig_RightHandMiddle1-Matrix-animation-input">
        <float_array id="mixamorig_RightHandMiddle1-Matrix-animation-input-array" count="25">

0.000000 0.033333 0.066667 0.100000 0.133333 0.166667 0.200000 0.233333 0.266667 0.300000 0.333333 0.366667 0.400000 0.433333 0.466667 0.500000
0.533333 0.566667 0.600000 0.633333 0.666667 0.700000 0.733333 0.766667 0.800000</float_array>
        <technique_common>
          <accessor source="#mixamorig_RightHandMiddle1-Matrix-animation-input-array" count="25">
            <param name="TIME" type="float"/>
          </accessor>
        </technique_common>
      </source>
      <source id="mixamorig_RightHandMiddle1-Matrix-animation-output-transform">
        <float_array id="mixamorig_RightHandMiddle1-Matrix-animation-output-transform-array" count="400">

0.999197 0.035006 0.019496 0.139500 -0.023636 0.907825 -0.418683 17.923901 -0.032355 0.417886 0.907923 0.051600 0.000000 0.000000 0.000000 1.000000
0.999196 0.034945 0.019645 0.139500 -0.023441 0.906833 -0.420839 17.923901 -0.032521 0.420040 0.906923 0.051600 0.000000 0.000000 0.000000 1.000000
0.999203 0.034984 0.019202 0.139500 -0.023890 0.909780 -0.414403 17.923901 -0.031967 0.413614 0.909891 0.051600 0.000000 0.000000 0.000000 1.000000
0.999207 0.035136 0.018751 0.139500 -0.024443 0.912743 -0.407803 17.923901 -0.031443 0.407021 0.912877 0.051600 0.000000 0.000000 0.000000 1.000000
0.999184 0.035209 0.019778 0.139500 -0.023555 0.905940 -0.422750 17.923901 -0.032802 0.421939 0.906031 0.051600 0.000000 0.000000 0.000000 1.000000
0.999112 0.034955 0.023531 0.139500 -0.019617 0.880081 -0.474417 17.923901 -0.037292 0.473534 0.879986 0.051600 0.000000 0.000000 0.000000 1.000000
0.998951 0.034586 0.030012 0.139500 -0.012120 0.831715 -0.555070 17.923901 -0.044159 0.554124 0.831262 0.051600 0.000000 0.000000 0.000000 1.000000
0.998724 0.034420 0.036964 0.139500 -0.003402 0.776017 -0.630703 17.923901 -0.050394 0.629772 0.775144 0.051600 0.000000 0.000000 0.000000 1.000000
0.998551 0.034381 0.041403 0.139500 0.002534 0.738443 -0.674311 17.923901 -0.053757 0.673439 0.737286 0.051600 0.000000 0.000000 0.000000 1.000000
0.998502 0.034232 0.042685 0.139500 0.004398 0.727376 -0.686226 17.923901 -0.054539 0.685385 0.726135 0.051600 0.000000 0.000000 0.000000 1.000000
0.998530 0.034110 0.042116 0.139500 0.003706 0.732308 -0.680964 17.923901 -0.054070 0.680119 0.731105 0.051600 0.000000 0.000000 0.000000 1.000000
0.998553 0.034101 0.041581 0.139500 0.002982 0.736927 -0.675966 17.923901 -0.053693 0.675112 0.735759 0.051600 0.000000 0.000000 0.000000 1.000000
0.998553 0.034145 0.041540 0.139500 0.002894 0.737271 -0.675591 17.923901 -0.053695 0.674733 0.736106 0.051600 0.000000 0.000000 0.000000 1.000000
0.998544 0.034177 0.041731 0.139500 0.003131 0.735626 -0.677381 17.923901 -0.053849 0.676525 0.734448 0.051600 0.000000 0.000000 0.000000 1.000000
0.998542 0.034181 0.041771 0.139500 0.003182 0.735283 -0.677753 17.923901 -0.053879 0.676898 0.734102 0.051600 0.000000 0.000000 0.000000 1.000000
0.998548 0.034158 0.041666 0.139500 0.003056 0.736186 -0.676772 17.923901 -0.053791 0.675917 0.735012 0.051600 0.000000 0.000000 0.000000 1.000000
0.998547 0.034118 0.041716 0.139500 0.003153 0.735762 -0.677233 17.923901 -0.053798 0.676380 0.734585 0.051600 0.000000 0.000000 0.000000 1.000000
0.998534 0.034106 0.042021 0.139500 0.003578 0.733133 -0.680076 17.923901 -0.054002 0.679230 0.731936 0.051600 0.000000 0.000000 0.000000 1.000000
0.998526 0.034183 0.042150 0.139500 0.003700 0.732008 -0.681286 17.923901 -0.054143 0.680438 0.730802 0.051600 0.000000 0.000000 0.000000 1.000000
0.998576 0.034357 0.040810 0.139500 0.001747 0.743529 -0.668701 17.923901 -0.053317 0.667820 0.742411 0.051600 0.000000 0.000000 0.000000 1.000000
0.998708 0.034547 0.037270 0.139500 -0.003099 0.773421 -0.633885 17.923901 -0.050724 0.632951 0.772529 0.051600 0.000000 0.000000 0.000000 1.000000
0.998887 0.034787 0.031868 0.139500 -0.010072 0.817169 -0.576310 17.923901 -0.046090 0.575347 0.816610 0.051600 0.000000 0.000000 0.000000 1.000000
0.999044 0.035018 0.026173 0.139500 -0.016851 0.860856 -0.508569 17.923901 -0.040341 0.507642 0.860623 0.051600 0.000000 0.000000 0.000000 1.000000
0.999145 0.035161 0.021749 0.139500 -0.021604 0.892539 -0.450453 17.923901 -0.035250 0.449598 0.892535 0.051600 0.000000 0.000000 0.000000 1.000000
0.999197 0.035006 0.019496 0.139500 -0.023636 0.907825 -0.418683 17.923901 -0.032355 0.417886 0.907923 0.051600 0.000000 0.000000 0.000000 1.000000</float_array>
        <technique_common>
          <accessor source="#mixamorig_RightHandMiddle1-Matrix-animation-output-transform-array" count="25" stride="16">
            <param type="float4x4"/>
          </accessor>
        </technique_common>
      </source>
      <source id="mixamorig_RightHandMiddle1-Interpolations">
        <Name_array id="mixamorig_RightHandMiddle1-Interpolations-array" count="25">
 LINEAR LINEAR LINEAR LINEAR LINEAR LINEAR LINEAR LINEAR LINEAR LINEAR LINEAR
LINEAR LINEAR LINEAR LINEAR LINEAR LINEAR LINEAR LINEAR LINEAR LINEAR LINEAR LINEAR
LINEAR LINEAR</Name_array>
        <technique_common>
          <accessor source="#mixamorig_RightHandMiddle1-Interpolations-array" count="25">
            <param type="name"/>
          </accessor>
        </technique_common>
      </source>
      <sampler id="mixamorig_RightHandMiddle1-Matrix-animation-transform">
        <input semantic="INPUT" source="#mixamorig_RightHandMiddle1-Matrix-animation-input"/>
        <input semantic="OUTPUT" source="#mixamorig_RightHandMiddle1-Matrix-animation-output-transform"/>
        <input semantic="INTERPOLATION" source="#mixamorig_RightHandMiddle1-Interpolations"/>
      </sampler>
      <channel source="#mixamorig_RightHandMiddle1-Matrix-animation-transform" target="mixamorig_RightHandMiddle1/matrix"/>
    </animation>
    <animation id="mixamorig_RightHandMiddle2-anim" name="mixamorig_RightHandMiddle2">
      <source id="mixamorig_RightHandMiddle2-Matrix-animation-input">
        <float_array id="mixamorig_RightHandMiddle2-Matrix-animation-input-array" count="25">

0.000000 0.033333 0.066667 0.100000 0.133333 0.166667 0.200000 0.233333 0.266667 0.300000 0.333333 0.366667 0.400000 0.433333 0.466667 0.500000
0.533333 0.566667 0.600000 0.633333 0.666667 0.700000 0.733333 0.766667 0.800000</float_array>
        <technique_common>
          <accessor source="#mixamorig_RightHandMiddle2-Matrix-animation-input-array" count="25">
            <param name="TIME" type="float"/>
          </accessor>
        </technique_common>
      </source>
      <source id="mixamorig_RightHandMiddle2-Matrix-animation-output-transform">
        <float_array id="mixamorig_RightHandMiddle2-Matrix-animation-output-transform-array" count="400">

0.999370 -0.034622 0.007834 0.000000 0.034622 0.901990 -0.430366 5.002000 0.007834 0.430366 0.902620 -0.000000 0.000000 0.000000 0.000000 1.000000
0.999363 -0.034797 0.007918 0.000000 0.034797 0.900946 -0.432533 5.002000 0.007917 0.432533 0.901583 0.000000 0.000000 0.000000 0.000000 1.000000
0.999383 -0.034276 0.007670 -0.000000 0.034276 0.904043 -0.426066 5.002000 0.007670 0.426066 0.904660 -0.000000 0.000000 0.000000 0.000000 1.000000
0.999403 -0.033743 0.007421 0.000000 0.033743 0.907160 -0.419432 5.002000 0.007421 0.419432 0.907757 0.000000 0.000000 0.000000 0.000000 1.000000
0.999357 -0.034951 0.007992 0.000000 0.034951 0.900018 -0.434448 5.002000 0.007992 0.434448 0.900661 -0.000000 0.000000 0.000000 0.000000 1.000000
0.999183 -0.039125 0.010160 -0.000000 0.039125 0.872897 -0.486334 5.002000 0.010160 0.486334 0.873714 0.000000 0.000000 0.000000 0.000000 1.000000
0.998857 -0.045632 0.014203 0.000000 0.045632 0.822305 -0.567214 5.002000 0.014203 0.567214 0.823448 0.000000 0.000000 0.000000 0.000000 1.000000
0.998484 -0.051720 0.018848 0.000000 0.051721 0.764200 -0.642903 5.002000 0.018848 0.642903 0.765716 0.000000 0.000000 0.000000 0.000000 1.000000
0.998232 -0.055224 0.021975 0.000000 0.055224 0.725074 -0.686453 5.002000 0.021975 0.686453 0.726842 0.000000 0.000000 0.000000 0.000000 1.000000
0.998158 -0.056180 0.022896 0.000000 0.056180 0.713558 -0.698340 5.002000 0.022896 0.698340 0.715400 0.000000 0.000000 0.000000 0.000000 1.000000
0.998191 -0.055758 0.022486 0.000000 0.055758 0.718688 -0.693094 5.002000 0.022486 0.693094 0.720496 -0.000000 0.000000 0.000000 0.000000 1.000000
0.998222 -0.055357 0.022101 0.000000 0.055357 0.723493 -0.688109 5.002000 0.022102 0.688108 0.725271 -0.000000 0.000000 0.000000 0.000000 1.000000
0.998224 -0.055327 0.022073 -0.000000 0.055327 0.723852 -0.687733 5.002000 0.022073 0.687733 0.725628 -0.000000 0.000000 0.000000 0.000000 1.000000
0.998213 -0.055471 0.022210 0.000000 0.055471 0.722140 -0.689519 5.002000 0.022210 0.689519 0.723927 0.000000 0.000000 0.000000 0.000000 1.000000
0.998211 -0.055500 0.022238 0.000000 0.055500 0.721783 -0.689890 5.002000 0.022238 0.689890 0.723572 0.000000 0.000000 0.000000 0.000000 1.000000
0.998217 -0.055422 0.022163 0.000000 0.055422 0.722723 -0.688912 5.002000 0.022163 0.688912 0.724506 -0.000000 0.000000 0.000000 0.000000 1.000000
0.998214 -0.055459 0.022198 -0.000000 0.055459 0.722282 -0.689372 5.002000 0.022199 0.689372 0.724068 -0.000000 0.000000 0.000000 0.000000 1.000000
0.998197 -0.055687 0.022417 0.000000 0.055687 0.719545 -0.692209 5.002000 0.022417 0.692209 0.721349 0.000000 0.000000 0.000000 0.000000 1.000000
0.998189 -0.055784 0.022511 0.000000 0.055784 0.718376 -0.693415 5.002000 0.022510 0.693415 0.720187 0.000000 0.000000 0.000000 0.000000 1.000000
0.998266 -0.054774 0.021552 0.000000 0.054774 0.730368 -0.680854 5.002000 0.021552 0.680854 0.732102 0.000000 0.000000 0.000000 0.000000 1.000000
0.998466 -0.051976 0.019064 0.000000 0.051976 0.761497 -0.646081 5.002000 0.019064 0.646081 0.763031 0.000000 0.000000 0.000000 0.000000 1.000000
0.998760 -0.047342 0.015417 0.000000 0.047342 0.807123 -0.588482 5.002000 0.015417 0.588482 0.808364 0.000000 0.000000 0.000000 0.000000 1.000000
0.999053 -0.041881 0.011768 -0.000000 0.041881 0.852775 -0.520597 5.002000 0.011768 0.520597 0.853722 0.000000 0.000000 0.000000 0.000000 1.000000
0.999267 -0.037189 0.009115 0.000000 0.037189 0.885957 -0.462273 5.002000 0.009116 0.462273 0.886691 -0.000000 0.000000 0.000000 0.000000 1.000000
0.999370 -0.034622 0.007834 0.000000 0.034622 0.901990 -0.430366 5.002000 0.007834 0.430366 0.902620 0.000000 0.000000 0.000000 0.000000 1.000000</float_array>
        <technique_common>
          <accessor source="#mixamorig_RightHandMiddle2-Matrix-animation-output-transform-array" count="25" stride="16">
            <param type="float4x4"/>
          </accessor>
        </technique_common>
      </source>
      <source id="mixamorig_RightHandMiddle2-Interpolations">
        <Name_array id="mixamorig_RightHandMiddle2-Interpolations-array" count="25">
 LINEAR LINEAR LINEAR LINEAR LINEAR LINEAR LINEAR LINEAR LINEAR LINEAR LINEAR
LINEAR LINEAR LINEAR LINEAR LINEAR LINEAR LINEAR LINEAR LINEAR LINEAR LINEAR LINEAR
LINEAR LINEAR</Name_array>
        <technique_common>
          <accessor source="#mixamorig_RightHandMiddle2-Interpolations-array" count="25">
            <param type="name"/>
          </accessor>
        </technique_common>
      </source>
      <sampler id="mixamorig_RightHandMiddle2-Matrix-animation-transform">
        <input semantic="INPUT" source="#mixamorig_RightHandMiddle2-Matrix-animation-input"/>
        <input semantic="OUTPUT" source="#mixamorig_RightHandMiddle2-Matrix-animation-output-transform"/>
        <input semantic="INTERPOLATION" source="#mixamorig_RightHandMiddle2-Interpolations"/>
      </sampler>
      <channel source="#mixamorig_RightHandMiddle2-Matrix-animation-transform" target="mixamorig_RightHandMiddle2/matrix"/>
    </animation>
    <animation id="mixamorig_RightHandMiddle3-anim" name="mixamorig_RightHandMiddle3">
      <source id="mixamorig_RightHandMiddle3-Matrix-animation-input">
        <float_array id="mixamorig_RightHandMiddle3-Matrix-animation-input-array" count="25">

0.000000 0.033333 0.066667 0.100000 0.133333 0.166667 0.200000 0.233333 0.266667 0.300000 0.333333 0.366667 0.400000 0.433333 0.466667 0.500000
0.533333 0.566667 0.600000 0.633333 0.666667 0.700000 0.733333 0.766667 0.800000</float_array>
        <technique_common>
          <accessor source="#mixamorig_RightHandMiddle3-Matrix-animation-input-array" count="25">
            <param name="TIME" type="float"/>
          </accessor>
        </technique_common>
      </source>
      <source id="mixamorig_RightHandMiddle3-Matrix-animation-output-transform">
        <float_array id="mixamorig_RightHandMiddle3-Matrix-animation-output-transform-array" count="400">

0.999781 0.020755 0.002724 -0.000000 -0.020755 0.965926 0.257986 3.279000 0.002723 -0.257986 0.966145 -0.000000 0.000000 0.000000 0.000000 1.000000
0.999784 0.020609 0.002685 0.000000 -0.020609 0.966411 0.256176 3.279000 0.002685 -0.256176 0.966627 0.000000 0.000000 0.000000 0.000000 1.000000
0.999775 0.021043 0.002801 0.000000 -0.021043 0.964955 0.261571 3.279000 0.002801 -0.261571 0.965180 0.000000 0.000000 0.000000 0.000000 1.000000
0.999765 0.021486 0.002923 0.000000 -0.021486 0.963435 0.267078 3.279000 0.002923 -0.267078 0.963671 -0.000000 0.000000 0.000000 0.000000 1.000000
0.999787 0.020480 0.002651 0.000000 -0.020480 0.966838 0.254568 3.279000 0.002651 -0.254568 0.967051 -0.000000 0.000000 0.000000 0.000000 1.000000
0.999855 0.016910 0.001797 0.000000 -0.016910 0.977512 0.210199 3.279000 0.001798 -0.210199 0.977657 -0.000000 0.000000 0.000000 0.000000 1.000000
0.999939 0.011022 0.000759 -0.000000 -0.011022 0.990509 0.137006 3.279000 0.000759 -0.137006 0.990570 0.000000 0.000000 0.000000 0.000000 1.000000
0.999987 0.005073 0.000160 0.000000 -0.005073 0.997997 0.063062 3.279000 0.000160 -0.063062 0.998010 -0.000000 0.000000 0.000000 0.000000 1.000000
0.999999 0.001410 0.000012 0.000000 -0.001410 0.999846 0.017521 3.279000 0.000012 -0.017521 0.999846 0.000000 0.000000 0.000000 0.000000 1.000000
1.000000 0.000373 0.000001 0.000000 -0.000373 0.999989 0.004641 3.279000 0.000001 -0.004641 0.999989 -0.000000 0.000000 0.000000 0.000000 1.000000
1.000000 0.000833 0.000004 0.000000 -0.000833 0.999946 0.010353 3.279000 0.000004 -0.010353 0.999946 0.000000 0.000000 0.000000 0.000000 1.000000
0.999999 0.001266 0.000010 0.000000 -0.001266 0.999875 0.015742 3.279000 0.000010 -0.015742 0.999876 0.000000 0.000000 0.000000 0.000000 1.000000
0.999999 0.001299 0.000010 -0.000000 -0.001299 0.999869 0.016146 3.279000 0.000011 -0.016146 0.999870 -0.000000 0.000000 0.000000 0.000000 1.000000
0.999999 0.001144 0.000008 0.000000 -0.001144 0.999898 0.014220 3.279000 0.000008 -0.014220 0.999899 0.000000 0.000000 0.000000 0.000000 1.000000
0.999999 0.001112 0.000008 0.000000 -0.001112 0.999904 0.013819 3.279000 0.000007 -0.013819 0.999905 0.000000 0.000000 0.000000 0.000000 1.000000
0.999999 0.001197 0.000009 0.000000 -0.001197 0.999889 0.014875 3.279000 0.000009 -0.014875 0.999889 0.000000 0.000000 0.000000 0.000000 1.000000
0.999999 0.001157 0.000008 0.000000 -0.001157 0.999896 0.014379 3.279000 0.000008 -0.014379 0.999897 -0.000000 0.000000 0.000000 0.000000 1.000000
1.000000 0.000910 0.000005 0.000000 -0.000910 0.999936 0.011312 3.279000 0.000005 -0.011312 0.999936 0.000000 0.000000 0.000000 0.000000 1.000000
1.000000 0.000804 0.000004 0.000000 -0.000804 0.999950 0.010004 3.279000 0.000004 -0.010004 0.999950 0.000000 0.000000 0.000000 0.000000 1.000000
0.999998 0.001892 0.000022 0.000000 -0.001892 0.999722 0.023517 3.279000 0.000022 -0.023517 0.999723 0.000000 0.000000 0.000000 0.000000 1.000000
0.999988 0.004812 0.000144 0.000000 -0.004812 0.998198 0.059819 3.279000 0.000144 -0.059819 0.998209 -0.000000 0.000000 0.000000 0.000000 1.000000
0.999956 0.009398 0.000551 -0.000000 -0.009398 0.993109 0.116816 3.279000 0.000551 -0.116816 0.993153 0.000000 0.000000 0.000000 0.000000 1.000000
0.999894 0.014468 0.001312 0.000000 -0.014468 0.983590 0.179836 3.279000 0.001312 -0.179836 0.983696 0.000000 0.000000 0.000000 0.000000 1.000000
0.999825 0.018584 0.002176 -0.000000 -0.018584 0.972776 0.231001 3.279000 0.002176 -0.231001 0.972951 0.000000 0.000000 0.000000 0.000000 1.000000
0.999781 0.020755 0.002724 0.000000 -0.020755 0.965926 0.257986 3.279000 0.002724 -0.257986 0.966145 0.000000 0.000000 0.000000 0.000000 1.000000</float_array>
        <technique_common>
          <accessor source="#mixamorig_RightHandMiddle3-Matrix-animation-output-transform-array" count="25" stride="16">
            <param type="float4x4"/>
          </accessor>
        </technique_common>
      </source>
      <source id="mixamorig_RightHandMiddle3-Interpolations">
        <Name_array id="mixamorig_RightHandMiddle3-Interpolations-array" count="25">
 LINEAR LINEAR LINEAR LINEAR LINEAR LINEAR LINEAR LINEAR LINEAR LINEAR LINEAR
LINEAR LINEAR LINEAR LINEAR LINEAR LINEAR LINEAR LINEAR LINEAR LINEAR LINEAR LINEAR
LINEAR LINEAR</Name_array>
        <technique_common>
          <accessor source="#mixamorig_RightHandMiddle3-Interpolations-array" count="25">
            <param type="name"/>
          </accessor>
        </technique_common>
      </source>
      <sampler id="mixamorig_RightHandMiddle3-Matrix-animation-transform">
        <input semantic="INPUT" source="#mixamorig_RightHandMiddle3-Matrix-animation-input"/>
        <input semantic="OUTPUT" source="#mixamorig_RightHandMiddle3-Matrix-animation-output-transform"/>
        <input semantic="INTERPOLATION" source="#mixamorig_RightHandMiddle3-Interpolations"/>
      </sampler>
      <channel source="#mixamorig_RightHandMiddle3-Matrix-animation-transform" target="mixamorig_RightHandMiddle3/matrix"/>
    </animation>
    <animation id="mixamorig_RightHandRing1-anim" name="mixamorig_RightHandRing1">
      <source id="mixamorig_RightHandRing1-Matrix-animation-input">
        <float_array id="mixamorig_RightHandRing1-Matrix-animation-input-array" count="25">

0.000000 0.033333 0.066667 0.100000 0.133333 0.166667 0.200000 0.233333 0.266667 0.300000 0.333333 0.366667 0.400000 0.433333 0.466667 0.500000
0.533333 0.566667 0.600000 0.633333 0.666667 0.700000 0.733333 0.766667 0.800000</float_array>
        <technique_common>
          <accessor source="#mixamorig_RightHandRing1-Matrix-animation-input-array" count="25">
            <param name="TIME" type="float"/>
          </accessor>
        </technique_common>
      </source>
      <source id="mixamorig_RightHandRing1-Matrix-animation-output-transform">
        <float_array id="mixamorig_RightHandRing1-Matrix-animation-output-transform-array" count="400">

0.999575 -0.023402 0.017382 -3.988400 0.028273 0.923521 -0.382505 15.764000 -0.007101 0.382834 0.923790 0.151600 0.000000 0.000000 0.000000 1.000000
0.999568 -0.023564 0.017563 -3.988400 0.028514 0.922365 -0.385266 15.764000 -0.007122 0.385600 0.922639 0.151600 0.000000 0.000000 0.000000 1.000000
0.999587 -0.023165 0.017024 -3.988400 0.027876 0.925786 -0.377018 15.764000 -0.007027 0.377336 0.926050 0.151600 0.000000 0.000000 0.000000 1.000000
0.999607 -0.022687 0.016477 -3.988400 0.027165 0.929207 -0.368560 15.764000 -0.006949 0.368863 0.929458 0.151600 0.000000 0.000000 0.000000 1.000000
0.999566 -0.023516 0.017726 -3.988400 0.028552 0.921334 -0.387723 15.764000 -0.007214 0.388061 0.921606 0.151600 0.000000 0.000000 0.000000 1.000000
0.999396 -0.026612 0.022336 -3.988400 0.033852 0.890479 -0.453763 15.764000 -0.007814 0.454245 0.890842 0.151600 0.000000 0.000000 0.000000 1.000000
0.999050 -0.031161 0.030476 -3.988400 0.042851 0.830105 -0.555958 15.764000 -0.007974 0.556735 0.830652 0.151600 0.000000 0.000000 0.000000 1.000000
0.998615 -0.034956 0.039330 -3.988400 0.052140 0.757987 -0.650182 15.764000 -0.007084 0.651332 0.758760 0.151600 0.000000 0.000000 0.000000 1.000000
0.998303 -0.036910 0.045043 -3.988400 0.057930 0.708386 -0.703444 15.764000 -0.005944 0.704860 0.709322 0.151600 0.000000 0.000000 0.000000 1.000000
0.998205 -0.037497 0.046693 -3.988400 0.059635 0.693671 -0.717819 15.764000 -0.005473 0.719315 0.694662 0.151600 0.000000 0.000000 0.000000 1.000000
0.998245 -0.037353 0.045959 -3.988400 0.058958 0.700231 -0.711477 15.764000 -0.005606 0.712938 0.701205 0.151600 0.000000 0.000000 0.000000 1.000000
0.998284 -0.037149 0.045269 -3.988400 0.058276 0.706369 -0.705441 15.764000 -0.005770 0.706868 0.707322 0.151600 0.000000 0.000000 0.000000 1.000000
0.998288 -0.037107 0.045218 -3.988400 0.058205 0.706827 -0.704988 15.764000 -0.005801 0.706412 0.707777 0.151600 0.000000 0.000000 0.000000 1.000000
0.998275 -0.037163 0.045464 -3.988400 0.058437 0.704642 -0.707152 15.764000 -0.005756 0.708589 0.705598 0.151600 0.000000 0.000000 0.000000 1.000000
0.998272 -0.037176 0.045515 -3.988400 0.058486 0.704186 -0.707602 15.764000 -0.005745 0.709041 0.705144 0.151600 0.000000 0.000000 0.000000 1.000000
0.998279 -0.037148 0.045380 -3.988400 0.058362 0.705386 -0.706416 15.764000 -0.005768 0.707849 0.706340 0.151600 0.000000 0.000000 0.000000 1.000000
0.998274 -0.037192 0.045443 -3.988400 0.058442 0.704822 -0.706973 15.764000 -0.005736 0.708409 0.705779 0.151600 0.000000 0.000000 0.000000 1.000000
0.998252 -0.037318 0.045836 -3.988400 0.058837 0.701328 -0.710406 15.764000 -0.005635 0.711861 0.702297 0.151600 0.000000 0.000000 0.000000 1.000000
0.998244 -0.037322 0.046004 -3.988400 0.058971 0.699834 -0.711867 15.764000 -0.005627 0.713330 0.700806 0.151600 0.000000 0.000000 0.000000 1.000000
0.998345 -0.036685 0.044279 -3.988400 0.057176 0.715134 -0.696645 15.764000 -0.006109 0.698024 0.716048 0.151600 0.000000 0.000000 0.000000 1.000000
0.998596 -0.035025 0.039728 -3.988400 0.052489 0.754583 -0.654102 15.764000 -0.007068 0.655269 0.755362 0.151600 0.000000 0.000000 0.000000 1.000000
0.998945 -0.032117 0.032835 -3.988400 0.045240 0.811486 -0.582617 15.764000 -0.007933 0.583488 0.812083 0.151600 0.000000 0.000000 0.000000 1.000000
0.999267 -0.028448 0.025635 -3.988400 0.037433 0.866824 -0.497206 15.764000 -0.008076 0.497801 0.867254 0.151600 0.000000 0.000000 0.000000 1.000000
0.999481 -0.025138 0.020140 -3.988400 0.031302 0.905506 -0.423177 15.764000 -0.007599 0.423588 0.905823 0.151600 0.000000 0.000000 0.000000 1.000000
0.999575 -0.023402 0.017382 -3.988400 0.028273 0.923521 -0.382505 15.764000 -0.007101 0.382834 0.923790 0.151600 0.000000 0.000000 0.000000 1.000000</float_array>
        <technique_common>
          <accessor source="#mixamorig_RightHandRing1-Matrix-animation-output-transform-array" count="25" stride="16">
            <param type="float4x4"/>
          </accessor>
        </technique_common>
      </source>
      <source id="mixamorig_RightHandRing1-Interpolations">
        <Name_array id="mixamorig_RightHandRing1-Interpolations-array" count="25">
 LINEAR LINEAR LINEAR LINEAR LINEAR LINEAR LINEAR LINEAR LINEAR LINEAR LINEAR
LINEAR LINEAR LINEAR LINEAR LINEAR LINEAR LINEAR LINEAR LINEAR LINEAR LINEAR LINEAR
LINEAR LINEAR</Name_array>
        <technique_common>
          <accessor source="#mixamorig_RightHandRing1-Interpolations-array" count="25">
            <param type="name"/>
          </accessor>
        </technique_common>
      </source>
      <sampler id="mixamorig_RightHandRing1-Matrix-animation-transform">
        <input semantic="INPUT" source="#mixamorig_RightHandRing1-Matrix-animation-input"/>
        <input semantic="OUTPUT" source="#mixamorig_RightHandRing1-Matrix-animation-output-transform"/>
        <input semantic="INTERPOLATION" source="#mixamorig_RightHandRing1-Interpolations"/>
      </sampler>
      <channel source="#mixamorig_RightHandRing1-Matrix-animation-transform" target="mixamorig_RightHandRing1/matrix"/>
    </animation>
    <animation id="mixamorig_RightHandRing2-anim" name="mixamorig_RightHandRing2">
      <source id="mixamorig_RightHandRing2-Matrix-animation-input">
        <float_array id="mixamorig_RightHandRing2-Matrix-animation-input-array" count="25">

0.000000 0.033333 0.066667 0.100000 0.133333 0.166667 0.200000 0.233333 0.266667 0.300000 0.333333 0.366667 0.400000 0.433333 0.466667 0.500000
0.533333 0.566667 0.600000 0.633333 0.666667 0.700000 0.733333 0.766667 0.800000</float_array>
        <technique_common>
          <accessor source="#mixamorig_RightHandRing2-Matrix-animation-input-array" count="25">
            <param name="TIME" type="float"/>
          </accessor>
        </technique_common>
      </source>
      <source id="mixamorig_RightHandRing2-Matrix-animation-output-transform">
        <float_array id="mixamorig_RightHandRing2-Matrix-animation-output-transform-array" count="400">

0.998432 -0.052480 0.019494 0.000000 0.052480 0.756112 -0.652335 3.498000 0.019494 0.652335 0.757680 0.000000 0.000000 0.000000 0.000000 1.000000
0.998419 -0.052662 0.019652 0.000000 0.052662 0.754138 -0.654601 3.498000 0.019652 0.654601 0.755719 -0.000000 0.000000 0.000000 0.000000 1.000000
0.998457 -0.052117 0.019184 0.000000 0.052117 0.760002 -0.647828 3.498000 0.019183 0.647828 0.761545 0.000000 0.000000 0.000000 0.000000 1.000000
0.998495 -0.051556 0.018709 0.000000 0.051556 0.765931 -0.640852 3.498000 0.018710 0.640852 0.767437 0.000000 0.000000 0.000000 0.000000 1.000000
0.998408 -0.052823 0.019793 0.000000 0.052823 0.752383 -0.656604 3.498000 0.019792 0.656604 0.753976 0.000000 0.000000 0.000000 0.000000 1.000000
0.998085 -0.057099 0.023809 0.000000 0.057099 0.702132 -0.709754 3.498000 0.023809 0.709754 0.704048 -0.000000 0.000000 0.000000 0.000000 1.000000
0.997507 -0.063400 0.030989 0.000000 0.063400 0.612310 -0.788072 3.498000 0.030989 0.788072 0.614803 0.000000 0.000000 0.000000 0.000000 1.000000
0.996873 -0.068797 0.038864 0.000000 0.068797 0.513782 -0.855158 3.498000 0.038864 0.855158 0.516909 -0.000000 0.000000 0.000000 0.000000 1.000000
0.996461 -0.071626 0.043990 0.000000 0.071626 0.449652 -0.890327 3.498000 0.043990 0.890327 0.453191 0.000000 0.000000 0.000000 0.000000 1.000000
0.996342 -0.072357 0.045475 0.000000 0.072357 0.431076 -0.899410 3.498000 0.045475 0.899410 0.434735 -0.000000 0.000000 0.000000 0.000000 1.000000
0.996395 -0.072037 0.044815 0.000000 0.072037 0.439336 -0.895430 3.498000 0.044815 0.895430 0.442941 0.000000 0.000000 0.000000 0.000000 1.000000
0.996445 -0.071729 0.044195 0.000000 0.071729 0.447096 -0.891605 3.498000 0.044194 0.891605 0.450652 0.000000 0.000000 0.000000 0.000000 1.000000
0.996448 -0.071706 0.044148 0.000000 0.071706 0.447677 -0.891316 3.498000 0.044148 0.891316 0.451228 -0.000000 0.000000 0.000000 0.000000 1.000000
0.996431 -0.071816 0.044369 0.000000 0.071816 0.444909 -0.892692 3.498000 0.044369 0.892692 0.448478 -0.000000 0.000000 0.000000 0.000000 1.000000
0.996427 -0.071839 0.044416 -0.000000 0.071839 0.444332 -0.892977 3.498000 0.044415 0.892977 0.447905 -0.000000 0.000000 0.000000 0.000000 1.000000
0.996437 -0.071779 0.044294 0.000000 0.071779 0.445851 -0.892225 3.498000 0.044294 0.892225 0.449414 0.000000 0.000000 0.000000 0.000000 1.000000
0.996432 -0.071807 0.044351 -0.000000 0.071807 0.445137 -0.892579 3.498000 0.044351 0.892579 0.448705 0.000000 0.000000 0.000000 0.000000 1.000000
0.996404 -0.071982 0.044705 -0.000000 0.071983 0.440720 -0.894754 3.498000 0.044704 0.894754 0.444316 0.000000 0.000000 0.000000 0.000000 1.000000
0.996391 -0.072056 0.044855 -0.000000 0.072056 0.438833 -0.895675 3.498000 0.044855 0.895675 0.442442 0.000000 0.000000 0.000000 0.000000 1.000000
0.996516 -0.071276 0.043304 0.000000 0.071276 0.458235 -0.885968 3.498000 0.043304 0.885968 0.461719 0.000000 0.000000 0.000000 0.000000 1.000000
0.996845 -0.069011 0.039223 0.000000 0.069011 0.509298 -0.857819 3.498000 0.039223 0.857819 0.512453 0.000000 0.000000 0.000000 0.000000 1.000000
0.997339 -0.064971 0.033080 0.000000 0.064970 0.586141 -0.807600 3.498000 0.033081 0.807600 0.588802 -0.000000 0.000000 0.000000 0.000000 1.000000
0.997851 -0.059827 0.026707 0.000000 0.059827 0.665871 -0.743664 3.498000 0.026708 0.743664 0.668019 0.000000 0.000000 0.000000 0.000000 1.000000
0.998239 -0.055137 0.021892 0.000000 0.055137 0.726111 -0.685364 3.498000 0.021892 0.685364 0.727872 0.000000 0.000000 0.000000 0.000000 1.000000
0.998432 -0.052480 0.019494 0.000000 0.052480 0.756112 -0.652335 3.498000 0.019495 0.652335 0.757680 0.000000 0.000000 0.000000 0.000000 1.000000</float_array>
        <technique_common>
          <accessor source="#mixamorig_RightHandRing2-Matrix-animation-output-transform-array" count="25" stride="16">
            <param type="float4x4"/>
          </accessor>
        </technique_common>
      </source>
      <source id="mixamorig_RightHandRing2-Interpolations">
        <Name_array id="mixamorig_RightHandRing2-Interpolations-array" count="25">
 LINEAR LINEAR LINEAR LINEAR LINEAR LINEAR LINEAR LINEAR LINEAR LINEAR LINEAR
LINEAR LINEAR LINEAR LINEAR LINEAR LINEAR LINEAR LINEAR LINEAR LINEAR LINEAR LINEAR
LINEAR LINEAR</Name_array>
        <technique_common>
          <accessor source="#mixamorig_RightHandRing2-Interpolations-array" count="25">
            <param type="name"/>
          </accessor>
        </technique_common>
      </source>
      <sampler id="mixamorig_RightHandRing2-Matrix-animation-transform">
        <input semantic="INPUT" source="#mixamorig_RightHandRing2-Matrix-animation-input"/>
        <input semantic="OUTPUT" source="#mixamorig_RightHandRing2-Matrix-animation-output-transform"/>
        <input semantic="INTERPOLATION" source="#mixamorig_RightHandRing2-Interpolations"/>
      </sampler>
      <channel source="#mixamorig_RightHandRing2-Matrix-animation-transform" target="mixamorig_RightHandRing2/matrix"/>
    </animation>
    <animation id="mixamorig_RightHandRing3-anim" name="mixamorig_RightHandRing3">
      <source id="mixamorig_RightHandRing3-Matrix-animation-input">
        <float_array id="mixamorig_RightHandRing3-Matrix-animation-input-array" count="25">

0.000000 0.033333 0.066667 0.100000 0.133333 0.166667 0.200000 0.233333 0.266667 0.300000 0.333333 0.366667 0.400000 0.433333 0.466667 0.500000
0.533333 0.566667 0.600000 0.633333 0.666667 0.700000 0.733333 0.766667 0.800000</float_array>
        <technique_common>
          <accessor source="#mixamorig_RightHandRing3-Matrix-animation-input-array" count="25">
            <param name="TIME" type="float"/>
          </accessor>
        </technique_common>
      </source>
      <source id="mixamorig_RightHandRing3-Matrix-animation-output-transform">
        <float_array id="mixamorig_RightHandRing3-Matrix-animation-output-transform-array" count="400">

0.999862 0.016531 0.001717 0.000000 -0.016531 0.978521 0.205485 2.984000 0.001717 -0.205485 0.978659 0.000000 0.000000 0.000000 0.000000 1.000000
0.999866 0.016295 0.001667 0.000000 -0.016295 0.979136 0.202552 2.984000 0.001668 -0.202552 0.979270 -0.000000 0.000000 0.000000 0.000000 1.000000
0.999854 0.016998 0.001816 0.000000 -0.016998 0.977275 0.211293 2.984000 0.001817 -0.211293 0.977421 0.000000 0.000000 0.000000 0.000000 1.000000
0.999841 0.017716 0.001975 0.000000 -0.017716 0.975292 0.220209 2.984000 0.001975 -0.220209 0.975451 0.000000 0.000000 0.000000 0.000000 1.000000
0.999869 0.016086 0.001625 0.000000 -0.016086 0.979674 0.199948 2.984000 0.001625 -0.199948 0.979805 -0.000000 0.000000 0.000000 0.000000 1.000000
0.999947 0.010297 0.000662 0.000000 -0.010297 0.991722 0.127992 2.984000 0.000662 -0.127992 0.991775 0.000000 0.000000 0.000000 0.000000 1.000000
1.000000 0.000761 0.000004 -0.000000 -0.000761 0.999955 0.009457 2.984000 0.000004 -0.009457 0.999955 -0.000000 0.000000 0.000000 0.000000 1.000000
0.999961 -0.008785 0.000481 0.000000 0.008785 0.993982 -0.109193 2.984000 0.000481 0.109193 0.994020 0.000000 0.000000 0.000000 0.000000 1.000000
0.999893 -0.014585 0.001333 0.000000 0.014585 0.983322 -0.181289 2.984000 0.001333 0.181289 0.983429 0.000000 0.000000 0.000000 0.000000 1.000000
0.999867 -0.016211 0.001650 -0.000000 0.016211 0.979354 -0.201504 2.984000 0.001650 0.201504 0.979486 0.000000 0.000000 0.000000 0.000000 1.000000
0.999879 -0.015490 0.001505 0.000000 0.015490 0.981165 -0.192550 2.984000 0.001506 0.192550 0.981286 -0.000000 0.000000 0.000000 0.000000 1.000000
0.999889 -0.014810 0.001375 0.000000 0.014810 0.982799 -0.184086 2.984000 0.001375 0.184086 0.982909 0.000000 0.000000 0.000000 0.000000 1.000000
0.999890 -0.014758 0.001365 0.000000 0.014758 0.982918 -0.183451 2.984000 0.001366 0.183451 0.983028 0.000000 0.000000 0.000000 0.000000 1.000000
0.999886 -0.015002 0.001411 0.000000 0.015002 0.982345 -0.186477 2.984000 0.001411 0.186477 0.982458 0.000000 0.000000 0.000000 0.000000 1.000000
0.999886 -0.015053 0.001421 0.000000 0.015053 0.982224 -0.187107 2.984000 0.001421 0.187107 0.982339 -0.000000 0.000000 0.000000 0.000000 1.000000
0.999888 -0.014919 0.001395 -0.000000 0.014919 0.982541 -0.185448 2.984000 0.001396 0.185448 0.982653 -0.000000 0.000000 0.000000 0.000000 1.000000
0.999887 -0.014982 0.001407 0.000000 0.014982 0.982392 -0.186227 2.984000 0.001408 0.186227 0.982506 0.000000 0.000000 0.000000 0.000000 1.000000
0.999881 -0.015369 0.001482 0.000000 0.015369 0.981461 -0.191044 2.984000 0.001482 0.191044 0.981580 0.000000 0.000000 0.000000 0.000000 1.000000
0.999878 -0.015535 0.001514 0.000000 0.015535 0.981057 -0.193097 2.984000 0.001514 0.193097 0.981179 0.000000 0.000000 0.000000 0.000000 1.000000
0.999904 -0.013825 0.001197 -0.000000 0.013825 0.985026 -0.171849 2.984000 0.001197 0.171849 0.985122 0.000000 0.000000 0.000000 0.000000 1.000000
0.999958 -0.009200 0.000528 -0.000000 0.009200 0.993397 -0.114357 2.984000 0.000528 0.114357 0.993440 0.000000 0.000000 0.000000 0.000000 1.000000
0.999998 -0.001858 0.000021 0.000000 0.001858 0.999732 -0.023091 2.984000 0.000022 0.023091 0.999733 0.000000 0.000000 0.000000 0.000000 1.000000
0.999980 0.006336 0.000250 0.000000 -0.006336 0.996874 0.078752 2.984000 0.000250 -0.078752 0.996894 0.000000 0.000000 0.000000 0.000000 1.000000
0.999915 0.013012 0.001059 0.000000 -0.013012 0.986748 0.161740 2.984000 0.001059 -0.161740 0.986833 0.000000 0.000000 0.000000 0.000000 1.000000
0.999862 0.016531 0.001717 0.000000 -0.016531 0.978521 0.205485 2.984000 0.001717 -0.205485 0.978659 0.000000 0.000000 0.000000 0.000000 1.000000</float_array>
        <technique_common>
          <accessor source="#mixamorig_RightHandRing3-Matrix-animation-output-transform-array" count="25" stride="16">
            <param type="float4x4"/>
          </accessor>
        </technique_common>
      </source>
      <source id="mixamorig_RightHandRing3-Interpolations">
        <Name_array id="mixamorig_RightHandRing3-Interpolations-array" count="25">
 LINEAR LINEAR LINEAR LINEAR LINEAR LINEAR LINEAR LINEAR LINEAR LINEAR LINEAR
LINEAR LINEAR LINEAR LINEAR LINEAR LINEAR LINEAR LINEAR LINEAR LINEAR LINEAR LINEAR
LINEAR LINEAR</Name_array>
        <technique_common>
          <accessor source="#mixamorig_RightHandRing3-Interpolations-array" count="25">
            <param type="name"/>
          </accessor>
        </technique_common>
      </source>
      <sampler id="mixamorig_RightHandRing3-Matrix-animation-transform">
        <input semantic="INPUT" source="#mixamorig_RightHandRing3-Matrix-animation-input"/>
        <input semantic="OUTPUT" source="#mixamorig_RightHandRing3-Matrix-animation-output-transform"/>
        <input semantic="INTERPOLATION" source="#mixamorig_RightHandRing3-Interpolations"/>
      </sampler>
      <channel source="#mixamorig_RightHandRing3-Matrix-animation-transform" target="mixamorig_RightHandRing3/matrix"/>
    </animation>
    <animation id="mixamorig_RightHandPinky1-anim" name="mixamorig_RightHandPinky1">
      <source id="mixamorig_RightHandPinky1-Matrix-animation-input">
        <float_array id="mixamorig_RightHandPinky1-Matrix-animation-input-array" count="25">

0.000000 0.033333 0.066667 0.100000 0.133333 0.166667 0.200000 0.233333 0.266667 0.300000 0.333333 0.366667 0.400000 0.433333 0.466667 0.500000
0.533333 0.566667 0.600000 0.633333 0.666667 0.700000 0.733333 0.766667 0.800000</float_array>
        <technique_common>
          <accessor source="#mixamorig_RightHandPinky1-Matrix-animation-input-array" count="25">
            <param name="TIME" type="float"/>
          </accessor>
        </technique_common>
      </source>
      <source id="mixamorig_RightHandPinky1-Matrix-animation-output-transform">
        <float_array id="mixamorig_RightHandPinky1-Matrix-animation-output-transform-array" count="400">

0.998231 -0.044406 0.039526 -6.663900 0.056909 0.906037 -0.419354 12.707500 -0.017190 0.420862 0.906962 0.878800 0.000000 0.000000 0.000000 1.000000
0.998215 -0.044625 0.039684 -6.663900 0.057248 0.904214 -0.423226 12.707500 -0.016996 0.424742 0.905155 0.878800 0.000000 0.000000 0.000000 1.000000
0.998261 -0.044063 0.039154 -6.663900 0.056296 0.909601 -0.411652 12.707500 -0.017476 0.413140 0.910500 0.878800 0.000000 0.000000 0.000000 1.000000
0.998309 -0.043406 0.038669 -6.663900 0.055266 0.914953 -0.399758 12.707500 -0.018029 0.401219 0.915805 0.878800 0.000000 0.000000 0.000000 1.000000
0.998205 -0.044606 0.039966 -6.663900 0.057416 0.902585 -0.426665 12.707500 -0.017041 0.428194 0.903526 0.878800 0.000000 0.000000 0.000000 1.000000
0.997810 -0.048795 0.044667 -6.663900 0.064901 0.852785 -0.518214 12.707500 -0.012806 0.519978 0.854084 0.878800 0.000000 0.000000 0.000000 1.000000
0.997100 -0.054316 0.053307 -6.663900 0.075970 0.751978 -0.654795 12.707500 -0.004520 0.656946 0.753924 0.878800 0.000000 0.000000 0.000000 1.000000
0.996338 -0.057852 0.062962 -6.663900 0.085355 0.629426 -0.772358 12.707500 0.005052 0.774904 0.632059 0.878800 0.000000 0.000000 0.000000 1.000000
0.995855 -0.059057 0.069170 -6.663900 0.090218 0.545019 -0.833556 12.707500 0.011529 0.836341 0.548088 0.878800 0.000000 0.000000 0.000000 1.000000
0.995716 -0.059357 0.070896 -6.663900 0.091467 0.520047 -0.849226 12.707500 0.013538 0.852072 0.523249 0.878800 0.000000 0.000000 0.000000 1.000000
0.995775 -0.059364 0.070061 -6.663900 0.090934 0.531176 -0.842367 12.707500 0.012792 0.845179 0.534330 0.878800 0.000000 0.000000 0.000000 1.000000
0.995832 -0.059287 0.069313 -6.663900 0.090416 0.541595 -0.835763 12.707500 0.012010 0.838546 0.544698 0.878800 0.000000 0.000000 0.000000 1.000000
0.995837 -0.059249 0.069274 -6.663900 0.090373 0.542373 -0.835263 12.707500 0.011916 0.838046 0.545469 0.878800 0.000000 0.000000 0.000000 1.000000
0.995817 -0.059258 0.069551 -6.663900 0.090558 0.538663 -0.837641 12.707500 0.012173 0.840435 0.541776 0.878800 0.000000 0.000000 0.000000 1.000000
0.995813 -0.059262 0.069608 -6.663900 0.090596 0.537888 -0.838134 12.707500 0.012228 0.840930 0.541005 0.878800 0.000000 0.000000 0.000000 1.000000
0.995823 -0.059261 0.069455 -6.663900 0.090497 0.539926 -0.836833 12.707500 0.012092 0.839624 0.543034 0.878800 0.000000 0.000000 0.000000 1.000000
0.995817 -0.059298 0.069509 -6.663900 0.090548 0.538968 -0.837445 12.707500 0.012196 0.840236 0.542083 0.878800 0.000000 0.000000 0.000000 1.000000
0.995785 -0.059353 0.069928 -6.663900 0.090844 0.533037 -0.841201 12.707500 0.012654 0.844008 0.536182 0.878800 0.000000 0.000000 0.000000 1.000000
0.995773 -0.059317 0.070132 -6.663900 0.090959 0.530501 -0.842790 12.707500 0.012787 0.845607 0.533653 0.878800 0.000000 0.000000 0.000000 1.000000
0.995919 -0.058962 0.068325 -6.663900 0.089614 0.556486 -0.826010 12.707500 0.010681 0.828763 0.559499 0.878800 0.000000 0.000000 0.000000 1.000000
0.996306 -0.057876 0.063438 -6.663900 0.085702 0.623627 -0.777010 12.707500 0.005409 0.779577 0.626284 0.878800 0.000000 0.000000 0.000000 1.000000
0.996899 -0.055307 0.055970 -6.663900 0.078655 0.720446 -0.689036 12.707500 -0.002215 0.691302 0.722563 0.878800 0.000000 0.000000 0.000000 1.000000
0.997526 -0.051152 0.048228 -6.663900 0.069628 0.813653 -0.577166 12.707500 -0.009718 0.579096 0.815201 0.878800 0.000000 0.000000 0.000000 1.000000
0.997999 -0.046859 0.042447 -6.663900 0.061438 0.877262 -0.476065 12.707500 -0.014929 0.477720 0.878385 0.878800 0.000000 0.000000 0.000000 1.000000
0.998231 -0.044406 0.039526 -6.663900 0.056909 0.906037 -0.419354 12.707500 -0.017190 0.420862 0.906962 0.878800 0.000000 0.000000 0.000000 1.000000</float_array>
        <technique_common>
          <accessor source="#mixamorig_RightHandPinky1-Matrix-animation-output-transform-array" count="25" stride="16">
            <param type="float4x4"/>
          </accessor>
        </technique_common>
      </source>
      <source id="mixamorig_RightHandPinky1-Interpolations">
        <Name_array id="mixamorig_RightHandPinky1-Interpolations-array" count="25">
 LINEAR LINEAR LINEAR LINEAR LINEAR LINEAR LINEAR LINEAR LINEAR LINEAR LINEAR
LINEAR LINEAR LINEAR LINEAR LINEAR LINEAR LINEAR LINEAR LINEAR LINEAR LINEAR LINEAR
LINEAR LINEAR</Name_array>
        <technique_common>
          <accessor source="#mixamorig_RightHandPinky1-Interpolations-array" count="25">
            <param type="name"/>
          </accessor>
        </technique_common>
      </source>
      <sampler id="mixamorig_RightHandPinky1-Matrix-animation-transform">
        <input semantic="INPUT" source="#mixamorig_RightHandPinky1-Matrix-animation-input"/>
        <input semantic="OUTPUT" source="#mixamorig_RightHandPinky1-Matrix-animation-output-transform"/>
        <input semantic="INTERPOLATION" source="#mixamorig_RightHandPinky1-Interpolations"/>
      </sampler>
      <channel source="#mixamorig_RightHandPinky1-Matrix-animation-transform" target="mixamorig_RightHandPinky1/matrix"/>
    </animation>
    <animation id="mixamorig_RightHandPinky2-anim" name="mixamorig_RightHandPinky2">
      <source id="mixamorig_RightHandPinky2-Matrix-animation-input">
        <float_array id="mixamorig_RightHandPinky2-Matrix-animation-input-array" count="25">

0.000000 0.033333 0.066667 0.100000 0.133333 0.166667 0.200000 0.233333 0.266667 0.300000 0.333333 0.366667 0.400000 0.433333 0.466667 0.500000
0.533333 0.566667 0.600000 0.633333 0.666667 0.700000 0.733333 0.766667 0.800000</float_array>
        <technique_common>
          <accessor source="#mixamorig_RightHandPinky2-Matrix-animation-input-array" count="25">
            <param name="TIME" type="float"/>
          </accessor>
        </technique_common>
      </source>
      <source id="mixamorig_RightHandPinky2-Matrix-animation-output-transform">
        <float_array id="mixamorig_RightHandPinky2-Matrix-animation-output-transform-array" count="400">

0.997745 -0.060983 0.028028 0.000000 0.060983 0.649346 -0.758044 3.377000 0.028028 0.758044 0.651601 -0.000000 0.000000 0.000000 0.000000 1.000000
0.997724 -0.061205 0.028290 0.000000 0.061206 0.646074 -0.760816 3.377000 0.028289 0.760816 0.648350 -0.000000 0.000000 0.000000 0.000000 1.000000
0.997787 -0.060537 0.027513 0.000000 0.060537 0.655794 -0.752508 3.377000 0.027512 0.752508 0.658008 0.000000 0.000000 0.000000 0.000000 1.000000
0.997850 -0.059844 0.026727 0.000000 0.059844 0.665618 -0.743889 3.377000 0.026727 0.743889 0.667768 0.000000 0.000000 0.000000 0.000000 1.000000
0.997705 -0.061402 0.028522 0.000000 0.061403 0.643162 -0.763264 3.377000 0.028522 0.763264 0.645456 0.000000 0.000000 0.000000 0.000000 1.000000
0.997169 -0.066450 0.035191 0.000000 0.066450 0.559731 -0.826006 3.377000 0.035191 0.826006 0.562562 0.000000 0.000000 0.000000 0.000000 1.000000
0.996214 -0.073097 0.047068 0.000000 0.073098 0.411134 -0.908639 3.377000 0.047068 0.908639 0.414920 -0.000000 0.000000 0.000000 0.000000 1.000000
0.995182 -0.077628 0.059895 0.000000 0.077628 0.250660 -0.964958 3.377000 0.059895 0.964958 0.255478 0.000000 0.000000 0.000000 0.000000 1.000000
0.994524 -0.079301 0.068072 0.000000 0.079301 0.148362 -0.985749 3.377000 0.068071 0.985749 0.153838 0.000000 0.000000 0.000000 0.000000 1.000000
0.994336 -0.079617 0.070410 0.000000 0.079618 0.119111 -0.989684 3.377000 0.070409 0.989684 0.124776 0.000000 0.000000 0.000000 0.000000 1.000000
0.994419 -0.079486 0.069372 0.000000 0.079486 0.132097 -0.988045 3.377000 0.069371 0.988045 0.137678 0.000000 0.000000 0.000000 0.000000 1.000000
0.994498 -0.079349 0.068394 -0.000000 0.079349 0.144329 -0.986343 3.377000 0.068394 0.986343 0.149831 0.000000 0.000000 0.000000 0.000000 1.000000
0.994504 -0.079338 0.068321 -0.000000 0.079338 0.145245 -0.986210 3.377000 0.068321 0.986210 0.150741 0.000000 0.000000 0.000000 0.000000 1.000000
0.994476 -0.079388 0.068670 0.000000 0.079389 0.140877 -0.986839 3.377000 0.068670 0.986839 0.146401 0.000000 0.000000 0.000000 0.000000 1.000000
0.994470 -0.079399 0.068743 -0.000000 0.079399 0.139967 -0.986968 3.377000 0.068742 0.986968 0.145498 -0.000000 0.000000 0.000000 0.000000 1.000000
0.994485 -0.079371 0.068551 0.000000 0.079372 0.142363 -0.986627 3.377000 0.068551 0.986627 0.147878 0.000000 0.000000 0.000000 0.000000 1.000000
0.994478 -0.079384 0.068641 -0.000000 0.079384 0.141237 -0.986788 3.377000 0.068641 0.986788 0.146759 0.000000 0.000000 0.000000 0.000000 1.000000
0.994433 -0.079462 0.069197 -0.000000 0.079462 0.134276 -0.987753 3.377000 0.069197 0.987753 0.139842 0.000000 0.000000 0.000000 0.000000 1.000000
0.994414 -0.079494 0.069435 0.000000 0.079494 0.131305 -0.988150 3.377000 0.069434 0.988150 0.136890 0.000000 0.000000 0.000000 0.000000 1.000000
0.994611 -0.079130 0.066986 0.000000 0.079130 0.161940 -0.983623 3.377000 0.066986 0.983623 0.167328 0.000000 0.000000 0.000000 0.000000 1.000000
0.995135 -0.077776 0.060472 -0.000000 0.077776 0.243444 -0.966792 3.377000 0.060471 0.966792 0.248309 0.000000 0.000000 0.000000 0.000000 1.000000
0.995937 -0.074555 0.050501 -0.000000 0.074555 0.368183 -0.926759 3.377000 0.050501 0.926759 0.372245 -0.000000 0.000000 0.000000 0.000000 1.000000
0.996782 -0.069465 0.039999 0.000000 0.069465 0.499577 -0.863480 3.377000 0.039999 0.863480 0.502795 -0.000000 0.000000 0.000000 0.000000 1.000000
0.997425 -0.064177 0.032008 0.000000 0.064177 0.599552 -0.797758 3.377000 0.032008 0.797758 0.602127 0.000000 0.000000 0.000000 0.000000 1.000000
0.997745 -0.060983 0.028028 0.000000 0.060983 0.649346 -0.758044 3.377000 0.028028 0.758044 0.651601 0.000000 0.000000 0.000000 0.000000 1.000000</float_array>
        <technique_common>
          <accessor source="#mixamorig_RightHandPinky2-Matrix-animation-output-transform-array" count="25" stride="16">
            <param type="float4x4"/>
          </accessor>
        </technique_common>
      </source>
      <source id="mixamorig_RightHandPinky2-Interpolations">
        <Name_array id="mixamorig_RightHandPinky2-Interpolations-array" count="25">
 LINEAR LINEAR LINEAR LINEAR LINEAR LINEAR LINEAR LINEAR LINEAR LINEAR LINEAR
LINEAR LINEAR LINEAR LINEAR LINEAR LINEAR LINEAR LINEAR LINEAR LINEAR LINEAR LINEAR
LINEAR LINEAR</Name_array>
        <technique_common>
          <accessor source="#mixamorig_RightHandPinky2-Interpolations-array" count="25">
            <param type="name"/>
          </accessor>
        </technique_common>
      </source>
      <sampler id="mixamorig_RightHandPinky2-Matrix-animation-transform">
        <input semantic="INPUT" source="#mixamorig_RightHandPinky2-Matrix-animation-input"/>
        <input semantic="OUTPUT" source="#mixamorig_RightHandPinky2-Matrix-animation-output-transform"/>
        <input semantic="INTERPOLATION" source="#mixamorig_RightHandPinky2-Interpolations"/>
      </sampler>
      <channel source="#mixamorig_RightHandPinky2-Matrix-animation-transform" target="mixamorig_RightHandPinky2/matrix"/>
    </animation>
    <animation id="mixamorig_RightHandPinky3-anim" name="mixamorig_RightHandPinky3">
      <source id="mixamorig_RightHandPinky3-Matrix-animation-input">
        <float_array id="mixamorig_RightHandPinky3-Matrix-animation-input-array" count="25">

0.000000 0.033333 0.066667 0.100000 0.133333 0.166667 0.200000 0.233333 0.266667 0.300000 0.333333 0.366667 0.400000 0.433333 0.466667 0.500000
0.533333 0.566667 0.600000 0.633333 0.666667 0.700000 0.733333 0.766667 0.800000</float_array>
        <technique_common>
          <accessor source="#mixamorig_RightHandPinky3-Matrix-animation-input-array" count="25">
            <param name="TIME" type="float"/>
          </accessor>
        </technique_common>
      </source>
      <source id="mixamorig_RightHandPinky3-Matrix-animation-output-transform">
        <float_array id="mixamorig_RightHandPinky3-Matrix-animation-output-transform-array" count="400">

0.999999 0.001668 0.000017 -0.000000 -0.001668 0.999784 0.020729 2.998000 0.000017 -0.020729 0.999785 0.000000 0.000000 0.000000 0.000000 1.000000
0.999999 0.001323 0.000011 0.000000 -0.001323 0.999864 0.016449 2.998000 0.000011 -0.016449 0.999865 0.000000 0.000000 0.000000 0.000000 1.000000
0.999997 0.002350 0.000034 -0.000000 -0.002350 0.999571 0.029209 2.998000 0.000034 -0.029209 0.999573 -0.000000 0.000000 0.000000 0.000000 1.000000
0.999994 0.003399 0.000072 -0.000000 -0.003399 0.999101 0.042245 2.998000 0.000072 -0.042245 0.999107 -0.000000 0.000000 0.000000 0.000000 1.000000
0.999999 0.001018 0.000006 0.000000 -0.001018 0.999919 0.012652 2.998000 0.000007 -0.012652 0.999920 0.000000 0.000000 0.000000 0.000000 1.000000
0.999973 -0.007356 0.000337 -0.000000 0.007356 0.995783 -0.091441 2.998000 0.000337 0.091441 0.995810 0.000000 0.000000 0.000000 0.000000 1.000000
0.999780 -0.020788 0.002732 0.000000 0.020788 0.965814 -0.258400 2.998000 0.002733 0.258400 0.966034 -0.000000 0.000000 0.000000 0.000000 1.000000
0.999408 -0.033615 0.007362 0.000000 0.033615 0.907893 -0.417851 2.998000 0.007362 0.417851 0.908486 0.000000 0.000000 0.000000 0.000000 1.000000
0.999095 -0.041022 0.011251 0.000000 0.041022 0.859239 -0.509927 2.998000 0.011251 0.509927 0.860144 0.000000 0.000000 0.000000 0.000000 1.000000
0.998995 -0.043038 0.012487 0.000000 0.043038 0.843767 -0.534981 2.998000 0.012488 0.534981 0.844772 -0.000000 0.000000 0.000000 0.000000 1.000000
0.999040 -0.042149 0.011932 0.000000 0.042148 0.850720 -0.523927 2.998000 0.011932 0.523927 0.851680 0.000000 0.000000 0.000000 0.000000 1.000000
0.999081 -0.041303 0.011418 0.000000 0.041303 0.857147 -0.513413 2.998000 0.011418 0.513413 0.858065 0.000000 0.000000 0.000000 0.000000 1.000000
0.999084 -0.041239 0.011380 0.000000 0.041239 0.857623 -0.512623 2.998000 0.011380 0.512623 0.858538 -0.000000 0.000000 0.000000 0.000000 1.000000
0.999070 -0.041542 0.011562 0.000000 0.041542 0.855345 -0.516390 2.998000 0.011562 0.516390 0.856275 -0.000000 0.000000 0.000000 0.000000 1.000000
0.999067 -0.041605 0.011600 -0.000000 0.041605 0.854869 -0.517173 2.998000 0.011600 0.517173 0.855802 -0.000000 0.000000 0.000000 0.000000 1.000000
0.999075 -0.041439 0.011500 -0.000000 0.041439 0.856122 -0.515110 2.998000 0.011500 0.515110 0.857047 -0.000000 0.000000 0.000000 0.000000 1.000000
0.999071 -0.041517 0.011547 0.000000 0.041517 0.855534 -0.516080 2.998000 0.011547 0.516080 0.856463 0.000000 0.000000 0.000000 0.000000 1.000000
0.999048 -0.041999 0.011840 0.000000 0.041999 0.851873 -0.522062 2.998000 0.011840 0.522062 0.852825 -0.000000 0.000000 0.000000 0.000000 1.000000
0.999037 -0.042203 0.011966 0.000000 0.042203 0.850300 -0.524604 2.998000 0.011966 0.524604 0.851262 0.000000 0.000000 0.000000 0.000000 1.000000
0.999140 -0.040071 0.010696 0.000000 0.040071 0.866189 -0.498107 2.998000 0.010695 0.498107 0.867049 0.000000 0.000000 0.000000 0.000000 1.000000
0.999388 -0.034156 0.007613 -0.000000 0.034156 0.904747 -0.424578 2.998000 0.007614 0.424578 0.905359 0.000000 0.000000 0.000000 0.000000 1.000000
0.999696 -0.024376 0.003783 0.000000 0.024376 0.952677 -0.303006 2.998000 0.003782 0.303006 0.952981 0.000000 0.000000 0.000000 0.000000 1.000000
0.999915 -0.012998 0.001057 0.000000 0.012998 0.986775 -0.161575 2.998000 0.001057 0.161575 0.986860 0.000000 0.000000 0.000000 0.000000 1.000000
0.999994 -0.003446 0.000074 0.000000 0.003446 0.999076 -0.042834 2.998000 0.000074 0.042834 0.999082 0.000000 0.000000 0.000000 0.000000 1.000000
0.999999 0.001668 0.000017 0.000000 -0.001668 0.999784 0.020729 2.998000 0.000017 -0.020729 0.999785 0.000000 0.000000 0.000000 0.000000 1.000000</float_array>
        <technique_common>
          <accessor source="#mixamorig_RightHandPinky3-Matrix-animation-output-transform-array" count="25" stride="16">
            <param type="float4x4"/>
          </accessor>
        </technique_common>
      </source>
      <source id="mixamorig_RightHandPinky3-Interpolations">
        <Name_array id="mixamorig_RightHandPinky3-Interpolations-array" count="25">
 LINEAR LINEAR LINEAR LINEAR LINEAR LINEAR LINEAR LINEAR LINEAR LINEAR LINEAR
LINEAR LINEAR LINEAR LINEAR LINEAR LINEAR LINEAR LINEAR LINEAR LINEAR LINEAR LINEAR
LINEAR LINEAR</Name_array>
        <technique_common>
          <accessor source="#mixamorig_RightHandPinky3-Interpolations-array" count="25">
            <param type="name"/>
          </accessor>
        </technique_common>
      </source>
      <sampler id="mixamorig_RightHandPinky3-Matrix-animation-transform">
        <input semantic="INPUT" source="#mixamorig_RightHandPinky3-Matrix-animation-input"/>
        <input semantic="OUTPUT" source="#mixamorig_RightHandPinky3-Matrix-animation-output-transform"/>
        <input semantic="INTERPOLATION" source="#mixamorig_RightHandPinky3-Interpolations"/>
      </sampler>
      <channel source="#mixamorig_RightHandPinky3-Matrix-animation-transform" target="mixamorig_RightHandPinky3/matrix"/>
    </animation>
    <animation id="mixamorig_L_horn1-anim" name="mixamorig_L_horn1">
      <source id="mixamorig_L_horn1-Matrix-animation-input">
        <float_array id="mixamorig_L_horn1-Matrix-animation-input-array" count="25">

0.000000 0.033333 0.066667 0.100000 0.133333 0.166667 0.200000 0.233333 0.266667 0.300000 0.333333 0.366667 0.400000 0.433333 0.466667 0.500000
0.533333 0.566667 0.600000 0.633333 0.666667 0.700000 0.733333 0.766667 0.800000</float_array>
        <technique_common>
          <accessor source="#mixamorig_L_horn1-Matrix-animation-input-array" count="25">
            <param name="TIME" type="float"/>
          </accessor>
        </technique_common>
      </source>
      <source id="mixamorig_L_horn1-Matrix-animation-output-transform">
        <float_array id="mixamorig_L_horn1-Matrix-animation-output-transform-array" count="400">

0.602488 0.000515 0.798128 1.847600 -0.698753 0.483576 0.527160 4.379700 -0.385684 -0.875302 0.291709 -10.115900 0.000000 0.000000 0.000000 1.000000
0.602488 0.000515 0.798128 1.847600 -0.698753 0.483576 0.527160 4.379700 -0.385684 -0.875302 0.291709 -10.115900 0.000000 0.000000 0.000000 1.000000
0.602488 0.000515 0.798128 1.847600 -0.698753 0.483576 0.527160 4.379700 -0.385684 -0.875302 0.291709 -10.115900 0.000000 0.000000 0.000000 1.000000
0.602488 0.000515 0.798128 1.847600 -0.698753 0.483576 0.527160 4.379700 -0.385684 -0.875302 0.291709 -10.115900 0.000000 0.000000 0.000000 1.000000
0.602488 0.000515 0.798128 1.847600 -0.698753 0.483576 0.527160 4.379700 -0.385684 -0.875302 0.291709 -10.115900 0.000000 0.000000 0.000000 1.000000
0.602488 0.000515 0.798128 1.847600 -0.698753 0.483576 0.527160 4.379700 -0.385684 -0.875302 0.291709 -10.115900 0.000000 0.000000 0.000000 1.000000
0.602488 0.000515 0.798128 1.847600 -0.698753 0.483576 0.527160 4.379700 -0.385684 -0.875302 0.291709 -10.115900 0.000000 0.000000 0.000000 1.000000
0.602488 0.000515 0.798128 1.847600 -0.698753 0.483576 0.527160 4.379700 -0.385684 -0.875302 0.291709 -10.115900 0.000000 0.000000 0.000000 1.000000
0.602488 0.000515 0.798128 1.847600 -0.698753 0.483576 0.527160 4.379700 -0.385684 -0.875302 0.291709 -10.115900 0.000000 0.000000 0.000000 1.000000
0.602488 0.000515 0.798128 1.847600 -0.698753 0.483576 0.527160 4.379700 -0.385684 -0.875302 0.291709 -10.115900 0.000000 0.000000 0.000000 1.000000
0.602488 0.000515 0.798128 1.847600 -0.698753 0.483576 0.527160 4.379700 -0.385684 -0.875302 0.291709 -10.115900 0.000000 0.000000 0.000000 1.000000
0.602488 0.000515 0.798128 1.847600 -0.698753 0.483576 0.527160 4.379700 -0.385684 -0.875302 0.291709 -10.115900 0.000000 0.000000 0.000000 1.000000
0.602488 0.000515 0.798128 1.847600 -0.698753 0.483576 0.527160 4.379700 -0.385684 -0.875302 0.291709 -10.115900 0.000000 0.000000 0.000000 1.000000
0.602488 0.000515 0.798128 1.847600 -0.698753 0.483576 0.527160 4.379700 -0.385684 -0.875302 0.291709 -10.115900 0.000000 0.000000 0.000000 1.000000
0.602488 0.000515 0.798128 1.847600 -0.698753 0.483576 0.527160 4.379700 -0.385684 -0.875302 0.291709 -10.115900 0.000000 0.000000 0.000000 1.000000
0.602488 0.000515 0.798128 1.847600 -0.698753 0.483576 0.527160 4.379700 -0.385684 -0.875302 0.291709 -10.115900 0.000000 0.000000 0.000000 1.000000
0.602488 0.000515 0.798128 1.847600 -0.698753 0.483576 0.527160 4.379700 -0.385684 -0.875302 0.291709 -10.115900 0.000000 0.000000 0.000000 1.000000
0.602488 0.000515 0.798128 1.847600 -0.698753 0.483576 0.527160 4.379700 -0.385684 -0.875302 0.291709 -10.115900 0.000000 0.000000 0.000000 1.000000
0.602488 0.000515 0.798128 1.847600 -0.698753 0.483576 0.527160 4.379700 -0.385684 -0.875302 0.291709 -10.115900 0.000000 0.000000 0.000000 1.000000
0.602488 0.000515 0.798128 1.847600 -0.698753 0.483576 0.527160 4.379700 -0.385684 -0.875302 0.291709 -10.115900 0.000000 0.000000 0.000000 1.000000
0.602488 0.000515 0.798128 1.847600 -0.698753 0.483576 0.527160 4.379700 -0.385684 -0.875302 0.291709 -10.115900 0.000000 0.000000 0.000000 1.000000
0.602488 0.000515 0.798128 1.847600 -0.698753 0.483576 0.527160 4.379700 -0.385684 -0.875302 0.291709 -10.115900 0.000000 0.000000 0.000000 1.000000
0.602488 0.000515 0.798128 1.847600 -0.698753 0.483576 0.527160 4.379700 -0.385684 -0.875302 0.291709 -10.115900 0.000000 0.000000 0.000000 1.000000
0.602488 0.000515 0.798128 1.847600 -0.698753 0.483576 0.527160 4.379700 -0.385684 -0.875302 0.291709 -10.115900 0.000000 0.000000 0.000000 1.000000
0.602488 0.000515 0.798128 1.847600 -0.698753 0.483576 0.527160 4.379700 -0.385684 -0.875302 0.291709 -10.115900 0.000000 0.000000 0.000000 1.000000</float_array>
        <technique_common>
          <accessor source="#mixamorig_L_horn1-Matrix-animation-output-transform-array" count="25" stride="16">
            <param type="float4x4"/>
          </accessor>
        </technique_common>
      </source>
      <source id="mixamorig_L_horn1-Interpolations">
        <Name_array id="mixamorig_L_horn1-Interpolations-array" count="25">
 LINEAR LINEAR LINEAR LINEAR LINEAR LINEAR LINEAR LINEAR LINEAR LINEAR LINEAR
LINEAR LINEAR LINEAR LINEAR LINEAR LINEAR LINEAR LINEAR LINEAR LINEAR LINEAR LINEAR
LINEAR LINEAR</Name_array>
        <technique_common>
          <accessor source="#mixamorig_L_horn1-Interpolations-array" count="25">
            <param type="name"/>
          </accessor>
        </technique_common>
      </source>
      <sampler id="mixamorig_L_horn1-Matrix-animation-transform">
        <input semantic="INPUT" source="#mixamorig_L_horn1-Matrix-animation-input"/>
        <input semantic="OUTPUT" source="#mixamorig_L_horn1-Matrix-animation-output-transform"/>
        <input semantic="INTERPOLATION" source="#mixamorig_L_horn1-Interpolations"/>
      </sampler>
      <channel source="#mixamorig_L_horn1-Matrix-animation-transform" target="mixamorig_L_horn1/matrix"/>
    </animation>
    <animation id="mixamorig_R_horn1-anim" name="mixamorig_R_horn1">
      <source id="mixamorig_R_horn1-Matrix-animation-input">
        <float_array id="mixamorig_R_horn1-Matrix-animation-input-array" count="25">

0.000000 0.033333 0.066667 0.100000 0.133333 0.166667 0.200000 0.233333 0.266667 0.300000 0.333333 0.366667 0.400000 0.433333 0.466667 0.500000
0.533333 0.566667 0.600000 0.633333 0.666667 0.700000 0.733333 0.766667 0.800000</float_array>
        <technique_common>
          <accessor source="#mixamorig_R_horn1-Matrix-animation-input-array" count="25">
            <param name="TIME" type="float"/>
          </accessor>
        </technique_common>
      </source>
      <source id="mixamorig_R_horn1-Matrix-animation-output-transform">
        <float_array id="mixamorig_R_horn1-Matrix-animation-output-transform-array" count="400">

-0.591028 -0.129171 0.796242 -3.147700 -0.778219 0.351067 -0.520699 4.536700 -0.212275 -0.927398 -0.308014 -10.290500 0.000000 0.000000 0.000000 1.000000
-0.591028 -0.129171 0.796242 -3.147700 -0.778219 0.351067 -0.520699 4.536700 -0.212275 -0.927398 -0.308014 -10.290500 0.000000 0.000000 0.000000 1.000000
-0.591028 -0.129171 0.796242 -3.147700 -0.778219 0.351067 -0.520699 4.536700 -0.212275 -0.927398 -0.308014 -10.290500 0.000000 0.000000 0.000000 1.000000
-0.591028 -0.129171 0.796242 -3.147700 -0.778219 0.351067 -0.520699 4.536700 -0.212275 -0.927398 -0.308014 -10.290500 0.000000 0.000000 0.000000 1.000000
-0.591028 -0.129171 0.796242 -3.147700 -0.778219 0.351067 -0.520699 4.536700 -0.212275 -0.927398 -0.308014 -10.290500 0.000000 0.000000 0.000000 1.000000
-0.591028 -0.129171 0.796242 -3.147700 -0.778219 0.351067 -0.520699 4.536700 -0.212275 -0.927398 -0.308014 -10.290500 0.000000 0.000000 0.000000 1.000000
-0.591028 -0.129171 0.796242 -3.147700 -0.778219 0.351067 -0.520699 4.536700 -0.212275 -0.927398 -0.308014 -10.290500 0.000000 0.000000 0.000000 1.000000
-0.591028 -0.129171 0.796242 -3.147700 -0.778219 0.351067 -0.520699 4.536700 -0.212275 -0.927398 -0.308014 -10.290500 0.000000 0.000000 0.000000 1.000000
-0.591028 -0.129171 0.796242 -3.147700 -0.778219 0.351067 -0.520699 4.536700 -0.212275 -0.927398 -0.308014 -10.290500 0.000000 0.000000 0.000000 1.000000
-0.591028 -0.129171 0.796242 -3.147700 -0.778219 0.351067 -0.520699 4.536700 -0.212275 -0.927398 -0.308014 -10.290500 0.000000 0.000000 0.000000 1.000000
-0.591028 -0.129171 0.796242 -3.147700 -0.778219 0.351067 -0.520699 4.536700 -0.212275 -0.927398 -0.308014 -10.290500 0.000000 0.000000 0.000000 1.000000
-0.591028 -0.129171 0.796242 -3.147700 -0.778219 0.351067 -0.520699 4.536700 -0.212275 -0.927398 -0.308014 -10.290500 0.000000 0.000000 0.000000 1.000000
-0.591028 -0.129171 0.796242 -3.147700 -0.778219 0.351067 -0.520699 4.536700 -0.212275 -0.927398 -0.308014 -10.290500 0.000000 0.000000 0.000000 1.000000
-0.591028 -0.129171 0.796242 -3.147700 -0.778219 0.351067 -0.520699 4.536700 -0.212275 -0.927398 -0.308014 -10.290500 0.000000 0.000000 0.000000 1.000000
-0.591028 -0.129171 0.796242 -3.147700 -0.778219 0.351067 -0.520699 4.536700 -0.212275 -0.927398 -0.308014 -10.290500 0.000000 0.000000 0.000000 1.000000
-0.591028 -0.129171 0.796242 -3.147700 -0.778219 0.351067 -0.520699 4.536700 -0.212275 -0.927398 -0.308014 -10.290500 0.000000 0.000000 0.000000 1.000000
-0.591028 -0.129171 0.796242 -3.147700 -0.778219 0.351067 -0.520699 4.536700 -0.212275 -0.927398 -0.308014 -10.290500 0.000000 0.000000 0.000000 1.000000
-0.591028 -0.129171 0.796242 -3.147700 -0.778219 0.351067 -0.520699 4.536700 -0.212275 -0.927398 -0.308014 -10.290500 0.000000 0.000000 0.000000 1.000000
-0.591028 -0.129171 0.796242 -3.147700 -0.778219 0.351067 -0.520699 4.536700 -0.212275 -0.927398 -0.308014 -10.290500 0.000000 0.000000 0.000000 1.000000
-0.591028 -0.129171 0.796242 -3.147700 -0.778219 0.351067 -0.520699 4.536700 -0.212275 -0.927398 -0.308014 -10.290500 0.000000 0.000000 0.000000 1.000000
-0.591028 -0.129171 0.796242 -3.147700 -0.778219 0.351067 -0.520699 4.536700 -0.212275 -0.927398 -0.308014 -10.290500 0.000000 0.000000 0.000000 1.000000
-0.591028 -0.129171 0.796242 -3.147700 -0.778219 0.351067 -0.520699 4.536700 -0.212275 -0.927398 -0.308014 -10.290500 0.000000 0.000000 0.000000 1.000000
-0.591028 -0.129171 0.796242 -3.147700 -0.778219 0.351067 -0.520699 4.536700 -0.212275 -0.927398 -0.308014 -10.290500 0.000000 0.000000 0.000000 1.000000
-0.591028 -0.129171 0.796242 -3.147700 -0.778219 0.351067 -0.520699 4.536700 -0.212275 -0.927398 -0.308014 -10.290500 0.000000 0.000000 0.000000 1.000000
-0.591028 -0.129171 0.796242 -3.147700 -0.778219 0.351067 -0.520699 4.536700 -0.212275 -0.927398 -0.308014 -10.290500 0.000000 0.000000 0.000000 1.000000</float_array>
        <technique_common>
          <accessor source="#mixamorig_R_horn1-Matrix-animation-output-transform-array" count="25" stride="16">
            <param type="float4x4"/>
          </accessor>
        </technique_common>
      </source>
      <source id="mixamorig_R_horn1-Interpolations">
        <Name_array id="mixamorig_R_horn1-Interpolations-array" count="25">
 LINEAR LINEAR LINEAR LINEAR LINEAR LINEAR LINEAR LINEAR LINEAR LINEAR LINEAR
LINEAR LINEAR LINEAR LINEAR LINEAR LINEAR LINEAR LINEAR LINEAR LINEAR LINEAR LINEAR
LINEAR LINEAR</Name_array>
        <technique_common>
          <accessor source="#mixamorig_R_horn1-Interpolations-array" count="25">
            <param type="name"/>
          </accessor>
        </technique_common>
      </source>
      <sampler id="mixamorig_R_horn1-Matrix-animation-transform">
        <input semantic="INPUT" source="#mixamorig_R_horn1-Matrix-animation-input"/>
        <input semantic="OUTPUT" source="#mixamorig_R_horn1-Matrix-animation-output-transform"/>
        <input semantic="INTERPOLATION" source="#mixamorig_R_horn1-Interpolations"/>
      </sampler>
      <channel source="#mixamorig_R_horn1-Matrix-animation-transform" target="mixamorig_R_horn1/matrix"/>
    </animation>
    <animation id="mixamorig_LeftUpLeg-anim" name="mixamorig_LeftUpLeg">
      <source id="mixamorig_LeftUpLeg-Matrix-animation-input">
        <float_array id="mixamorig_LeftUpLeg-Matrix-animation-input-array" count="25">

0.000000 0.033333 0.066667 0.100000 0.133333 0.166667 0.200000 0.233333 0.266667 0.300000 0.333333 0.366667 0.400000 0.433333 0.466667 0.500000
0.533333 0.566667 0.600000 0.633333 0.666667 0.700000 0.733333 0.766667 0.800000</float_array>
        <technique_common>
          <accessor source="#mixamorig_LeftUpLeg-Matrix-animation-input-array" count="25">
            <param name="TIME" type="float"/>
          </accessor>
        </technique_common>
      </source>
      <source id="mixamorig_LeftUpLeg-Matrix-animation-output-transform">
        <float_array id="mixamorig_LeftUpLeg-Matrix-animation-output-transform-array" count="400">

-0.958022 -0.155989 0.240545 13.026900 0.284379 -0.410600 0.866335 -6.336300 -0.036371 0.898374 0.437724 -1.092800 0.000000 0.000000 0.000000 1.000000
-0.967608 -0.154082 0.199984 13.026900 0.252422 -0.577227 0.776590 -6.336300 -0.004222 0.801915 0.597423 -1.092800 0.000000 0.000000 0.000000 1.000000
-0.981420 -0.109859 0.157308 13.026900 0.183642 -0.775362 0.604227 -6.336300 0.055591 0.621888 0.781130 -1.092800 0.000000 0.000000 0.000000 1.000000
-0.989456 -0.011997 0.144336 13.026900 0.065889 -0.924752 0.374824 -6.336300 0.128978 0.380382 0.915791 -1.092800 0.000000 0.000000 0.000000 1.000000
-0.979138 0.078679 0.187348 13.026900 -0.036209 -0.974796 0.220141 -6.336300 0.199946 0.208764 0.957308 -1.092800 0.000000 0.000000 0.000000 1.000000
-0.969609 0.131181 0.206519 13.026900 -0.107906 -0.986863 0.120236 -6.336300 0.219579 0.094298 0.971027 -1.092800 0.000000 0.000000 0.000000 1.000000
-0.984271 0.106790 0.140735 13.026900 -0.094994 -0.991577 0.088043 -6.336300 0.148951 0.073289 0.986125 -1.092800 0.000000 0.000000 0.000000 1.000000
-0.995985 0.076074 0.047190 13.026900 -0.067953 -0.985622 0.154702 -6.336300 0.058281 0.150874 0.986834 -1.092800 0.000000 0.000000 0.000000 1.000000
-0.997590 0.066701 -0.019118 13.026900 -0.069380 -0.962763 0.261291 -6.336300 -0.000978 0.261987 0.965071 -1.092800 0.000000 0.000000 0.000000 1.000000
-0.992526 0.102619 -0.066046 13.026900 -0.120940 -0.899481 0.419890 -6.336300 -0.016318 0.424739 0.905169 -1.092800 0.000000 0.000000 0.000000 1.000000
-0.986718 0.084373 -0.138814 13.026900 -0.154536 -0.750932 0.642043 -6.336300 -0.050069 0.654967 0.753997 -1.092800 0.000000 0.000000 0.000000 1.000000
-0.980090 0.042318 -0.193990 13.026900 -0.189527 -0.490615 0.850515 -6.336300 -0.059183 0.870348 0.488867 -1.092800 0.000000 0.000000 0.000000 1.000000
-0.984663 0.003775 -0.174428 13.026900 -0.172002 -0.188521 0.966889 -6.336300 -0.029233 0.982062 0.186279 -1.092800 0.000000 0.000000 0.000000 1.000000
-0.995021 -0.001362 -0.099658 13.026900 -0.099634 0.039442 0.994242 -6.336300 0.002577 0.999221 -0.039381 -1.092800 0.000000 0.000000 0.000000 1.000000
-0.999539 0.001277 -0.030340 13.026900 -0.029861 0.140285 0.989661 -6.336300 0.005520 0.990110 -0.140182 -1.092800 0.000000 0.000000 0.000000 1.000000
-0.998710 -0.005856 0.050448 13.026900 0.048863 0.159982 0.985910 -6.336300 -0.013844 0.987103 -0.159489 -1.092800 0.000000 0.000000 0.000000 1.000000
-0.989021 -0.066603 0.131915 13.026900 0.121258 0.144452 0.982054 -6.336300 -0.084463 0.987268 -0.134790 -1.092800 0.000000 0.000000 0.000000 1.000000
-0.981765 -0.130043 0.138660 13.026900 0.130104 0.072166 0.988871 -6.336300 -0.138602 0.988879 -0.053931 -1.092800 0.000000 0.000000 0.000000 1.000000
-0.979389 -0.145208 0.140402 13.026900 0.147866 -0.041898 0.988120 -6.336300 -0.137600 0.988514 0.062506 -1.092800 0.000000 0.000000 0.000000 1.000000
-0.979899 -0.144360 0.137689 13.026900 0.168415 -0.228667 0.958826 -6.336300 -0.106931 0.962742 0.248383 -1.092800 0.000000 0.000000 0.000000 1.000000
-0.964846 -0.196520 0.174507 13.026900 0.239643 -0.385228 0.891163 -6.336300 -0.107906 0.901654 0.418780 -1.092800 0.000000 0.000000 0.000000 1.000000
-0.958089 -0.162551 0.235885 13.026900 0.283076 -0.410837 0.866650 -6.336300 -0.043965 0.897101 0.439633 -1.092800 0.000000 0.000000 0.000000 1.000000
-0.959957 -0.108808 0.258152 13.026900 0.278488 -0.270548 0.921547 -6.336300 -0.030429 0.956538 0.290016 -1.092800 0.000000 0.000000 0.000000 1.000000
-0.954059 -0.148665 0.260134 13.026900 0.291700 -0.262589 0.919760 -6.336300 -0.068428 0.953386 0.293891 -1.092800 0.000000 0.000000 0.000000 1.000000
-0.958022 -0.155989 0.240544 13.026900 0.284379 -0.410601 0.866334 -6.336300 -0.036371 0.898373 0.437725 -1.092800 0.000000 0.000000 0.000000 1.000000</float_array>
        <technique_common>
          <accessor source="#mixamorig_LeftUpLeg-Matrix-animation-output-transform-array" count="25" stride="16">
            <param type="float4x4"/>
          </accessor>
        </technique_common>
      </source>
      <source id="mixamorig_LeftUpLeg-Interpolations">
        <Name_array id="mixamorig_LeftUpLeg-Interpolations-array" count="25">
 LINEAR LINEAR LINEAR LINEAR LINEAR LINEAR LINEAR LINEAR LINEAR LINEAR LINEAR
LINEAR LINEAR LINEAR LINEAR LINEAR LINEAR LINEAR LINEAR LINEAR LINEAR LINEAR LINEAR
LINEAR LINEAR</Name_array>
        <technique_common>
          <accessor source="#mixamorig_LeftUpLeg-Interpolations-array" count="25">
            <param type="name"/>
          </accessor>
        </technique_common>
      </source>
      <sampler id="mixamorig_LeftUpLeg-Matrix-animation-transform">
        <input semantic="INPUT" source="#mixamorig_LeftUpLeg-Matrix-animation-input"/>
        <input semantic="OUTPUT" source="#mixamorig_LeftUpLeg-Matrix-animation-output-transform"/>
        <input semantic="INTERPOLATION" source="#mixamorig_LeftUpLeg-Interpolations"/>
      </sampler>
      <channel source="#mixamorig_LeftUpLeg-Matrix-animation-transform" target="mixamorig_LeftUpLeg/matrix"/>
    </animation>
    <animation id="mixamorig_LeftLeg-anim" name="mixamorig_LeftLeg">
      <source id="mixamorig_LeftLeg-Matrix-animation-input">
        <float_array id="mixamorig_LeftLeg-Matrix-animation-input-array" count="25">

0.000000 0.033333 0.066667 0.100000 0.133333 0.166667 0.200000 0.233333 0.266667 0.300000 0.333333 0.366667 0.400000 0.433333 0.466667 0.500000
0.533333 0.566667 0.600000 0.633333 0.666667 0.700000 0.733333 0.766667 0.800000</float_array>
        <technique_common>
          <accessor source="#mixamorig_LeftLeg-Matrix-animation-input-array" count="25">
            <param name="TIME" type="float"/>
          </accessor>
        </technique_common>
      </source>
      <source id="mixamorig_LeftLeg-Matrix-animation-output-transform">
        <float_array id="mixamorig_LeftLeg-Matrix-animation-output-transform-array" count="400">

0.992902 0.015882 0.117867 0.000000 -0.118908 0.152416 0.981137 46.951000 -0.002382 -0.988189 0.153223 -0.000000 0.000000 0.000000 0.000000 1.000000
0.990694 -0.014945 0.135287 -0.000000 -0.131603 0.148480 0.980120 46.951000 -0.034736 -0.988803 0.145131 0.000000 0.000000 0.000000 0.000000 1.000000
0.986134 -0.048319 0.158759 -0.000000 -0.138703 0.285237 0.948368 46.951000 -0.091108 -0.957238 0.274580 0.000000 0.000000 0.000000 0.000000 1.000000
0.983659 -0.092412 0.154513 -0.000000 -0.087602 0.504105 0.859188 46.951000 -0.157291 -0.858684 0.487772 0.000000 0.000000 0.000000 0.000000 1.000000
0.984591 -0.120602 0.126629 -0.000000 -0.018875 0.646607 0.762590 46.951000 -0.173849 -0.753229 0.634367 -0.000000 0.000000 0.000000 0.000000 1.000000
0.977151 -0.147641 0.152897 0.000000 0.013027 0.759611 0.650247 46.951000 -0.212145 -0.633398 0.744178 -0.000000 0.000000 0.000000 0.000000 1.000000
0.974081 -0.178106 0.139446 0.000000 0.029803 0.712148 0.701396 46.951000 -0.224229 -0.679061 0.698998 0.000000 0.000000 0.000000 0.000000 1.000000
0.980631 -0.176790 0.084312 0.000000 0.013874 0.492073 0.870443 46.951000 -0.195374 -0.852414 0.484995 -0.000000 0.000000 0.000000 0.000000 1.000000
0.991486 -0.129492 -0.013705 -0.000000 0.038711 0.192626 0.980508 46.951000 -0.124328 -0.972691 0.195999 0.000000 0.000000 0.000000 0.000000 1.000000
0.994167 -0.044253 -0.098353 0.000000 0.091019 -0.144926 0.985247 46.951000 -0.057854 -0.988452 -0.140053 0.000000 0.000000 0.000000 0.000000 1.000000
0.993005 0.012440 -0.117412 0.000000 0.110218 -0.454230 0.884040 46.951000 -0.042335 -0.890798 -0.452424 0.000000 0.000000 0.000000 0.000000 1.000000
0.996285 0.042894 -0.074680 -0.000000 0.084469 -0.655777 0.750214 46.951000 -0.016793 -0.753735 -0.656964 0.000000 0.000000 0.000000 0.000000 1.000000
0.999406 0.034399 -0.002149 0.000000 0.026769 -0.735421 0.677081 46.951000 0.021711 -0.676737 -0.735905 -0.000000 0.000000 0.000000 0.000000 1.000000
0.999400 0.028894 0.019100 0.000000 0.006879 -0.706038 0.708140 46.951000 0.033946 -0.707584 -0.705813 -0.000000 0.000000 0.000000 0.000000 1.000000
0.999217 0.037926 0.011257 0.000000 0.012401 -0.570487 0.821213 46.951000 0.037567 -0.820430 -0.570511 0.000000 0.000000 0.000000 0.000000 1.000000
0.998255 0.037652 0.045479 0.000000 -0.028419 -0.368756 0.929092 46.951000 0.051753 -0.928763 -0.367043 0.000000 0.000000 0.000000 0.000000 1.000000
0.996282 0.022409 0.083188 0.000000 -0.081783 -0.057647 0.994982 46.951000 0.027092 -0.998086 -0.055600 0.000000 0.000000 0.000000 0.000000 1.000000
0.997457 -0.000611 0.071265 -0.000000 -0.067731 0.302977 0.950588 46.951000 -0.022173 -0.952998 0.302165 0.000000 0.000000 0.000000 0.000000 1.000000
0.993674 -0.014992 0.111294 0.000000 -0.082090 0.579299 0.810971 46.951000 -0.076630 -0.814977 0.574404 0.000000 0.000000 0.000000 0.000000 1.000000
0.997477 0.021986 0.067507 0.000000 -0.060637 0.758395 0.648968 46.951000 -0.036929 -0.651424 0.757815 -0.000000 0.000000 0.000000 0.000000 1.000000
0.994908 0.038068 0.093322 -0.000000 -0.080165 0.860103 0.503782 46.951000 -0.061088 -0.508698 0.858775 -0.000000 0.000000 0.000000 0.000000 1.000000
0.988874 0.082154 0.124008 -0.000000 -0.141205 0.780599 0.608873 46.951000 -0.046780 -0.619610 0.783515 0.000000 0.000000 0.000000 0.000000 1.000000
0.989719 0.077744 0.120052 0.000000 -0.141713 0.419512 0.896620 46.951000 0.019344 -0.904415 0.426216 -0.000000 0.000000 0.000000 0.000000 1.000000
0.991825 0.048251 0.118130 0.000000 -0.126078 0.227775 0.965517 46.951000 0.019680 -0.972518 0.231997 0.000000 0.000000 0.000000 0.000000 1.000000
0.992902 0.015882 0.117867 0.000000 -0.118908 0.152418 0.981137 46.951000 -0.002383 -0.988189 0.153225 -0.000000 0.000000 0.000000 0.000000 1.000000</float_array>
        <technique_common>
          <accessor source="#mixamorig_LeftLeg-Matrix-animation-output-transform-array" count="25" stride="16">
            <param type="float4x4"/>
          </accessor>
        </technique_common>
      </source>
      <source id="mixamorig_LeftLeg-Interpolations">
        <Name_array id="mixamorig_LeftLeg-Interpolations-array" count="25">
 LINEAR LINEAR LINEAR LINEAR LINEAR LINEAR LINEAR LINEAR LINEAR LINEAR LINEAR
LINEAR LINEAR LINEAR LINEAR LINEAR LINEAR LINEAR LINEAR LINEAR LINEAR LINEAR LINEAR
LINEAR LINEAR</Name_array>
        <technique_common>
          <accessor source="#mixamorig_LeftLeg-Interpolations-array" count="25">
            <param type="name"/>
          </accessor>
        </technique_common>
      </source>
      <sampler id="mixamorig_LeftLeg-Matrix-animation-transform">
        <input semantic="INPUT" source="#mixamorig_LeftLeg-Matrix-animation-input"/>
        <input semantic="OUTPUT" source="#mixamorig_LeftLeg-Matrix-animation-output-transform"/>
        <input semantic="INTERPOLATION" source="#mixamorig_LeftLeg-Interpolations"/>
      </sampler>
      <channel source="#mixamorig_LeftLeg-Matrix-animation-transform" target="mixamorig_LeftLeg/matrix"/>
    </animation>
    <animation id="mixamorig_LeftFoot-anim" name="mixamorig_LeftFoot">
      <source id="mixamorig_LeftFoot-Matrix-animation-input">
        <float_array id="mixamorig_LeftFoot-Matrix-animation-input-array" count="25">

0.000000 0.033333 0.066667 0.100000 0.133333 0.166667 0.200000 0.233333 0.266667 0.300000 0.333333 0.366667 0.400000 0.433333 0.466667 0.500000
0.533333 0.566667 0.600000 0.633333 0.666667 0.700000 0.733333 0.766667 0.800000</float_array>
        <technique_common>
          <accessor source="#mixamorig_LeftFoot-Matrix-animation-input-array" count="25">
            <param name="TIME" type="float"/>
          </accessor>
        </technique_common>
      </source>
      <source id="mixamorig_LeftFoot-Matrix-animation-output-transform">
        <float_array id="mixamorig_LeftFoot-Matrix-animation-output-transform-array" count="400">

0.976845 -0.111415 0.182647 0.000000 0.198922 0.158710 -0.967079 55.112000 0.078759 0.981019 0.177198 0.000000 0.000000 0.000000 0.000000 1.000000
0.984030 -0.076606 0.160673 0.000000 0.158890 -0.028869 -0.986874 55.112000 0.080239 0.996643 -0.016236 0.000000 0.000000 0.000000 0.000000 1.000000
0.991173 -0.027204 0.129757 0.000000 0.124206 -0.151753 -0.980583 55.112000 0.046366 0.988044 -0.147035 0.000000 0.000000 0.000000 0.000000 1.000000
0.996593 0.031837 0.076088 0.000000 0.079227 -0.112993 -0.990432 55.112000 -0.022935 0.993086 -0.115130 -0.000000 0.000000 0.000000 0.000000 1.000000
0.992649 0.119044 0.021841 0.000000 0.001741 0.166392 -0.986058 55.112000 -0.121019 0.978847 0.164961 0.000000 0.000000 0.000000 0.000000 1.000000
0.969035 0.240259 -0.056976 0.000000 -0.194428 0.600191 -0.775866 55.112000 -0.152213 0.762919 0.628319 0.000000 0.000000 0.000000 0.000000 1.000000
0.979810 0.187936 -0.068216 0.000000 -0.180857 0.687688 -0.703119 55.112000 -0.085230 0.701260 0.707793 0.000000 0.000000 0.000000 0.000000 1.000000
0.985500 0.131178 -0.107617 0.000000 -0.168786 0.693137 -0.700766 55.112000 -0.017332 0.708769 0.705227 -0.000000 0.000000 0.000000 0.000000 1.000000
0.987219 0.122981 -0.101358 0.000000 -0.158977 0.715512 -0.680271 55.112000 -0.011138 0.687690 0.725919 0.000000 0.000000 0.000000 0.000000 1.000000
0.994057 0.083003 -0.070442 0.000000 -0.108722 0.723746 -0.681448 55.112000 -0.005580 0.685057 0.728468 0.000000 0.000000 0.000000 0.000000 1.000000
0.998075 0.017339 -0.059544 0.000000 -0.054050 0.713981 -0.698076 55.112000 0.030409 0.699950 0.713544 -0.000000 0.000000 0.000000 0.000000 1.000000
0.999322 -0.032058 0.018104 0.000000 0.035492 0.708147 -0.705173 55.112000 0.009786 0.705337 0.708804 0.000000 0.000000 0.000000 0.000000 1.000000
0.997230 -0.053479 0.051697 0.000000 0.074130 0.657497 -0.749801 55.112000 0.006108 0.751556 0.659641 -0.000000 0.000000 0.000000 0.000000 1.000000
0.996481 -0.056389 0.062013 -0.000000 0.083244 0.579417 -0.810769 55.112000 0.009787 0.813078 0.582072 -0.000000 0.000000 0.000000 0.000000 1.000000
0.996073 -0.056056 0.068527 0.000000 0.086886 0.470249 -0.878246 55.112000 0.017006 0.880752 0.473273 0.000000 0.000000 0.000000 0.000000 1.000000
0.993460 -0.066900 0.092528 0.000000 0.111356 0.388570 -0.914666 55.112000 0.025237 0.918987 0.393479 0.000000 0.000000 0.000000 0.000000 1.000000
0.999897 -0.001674 -0.014260 -0.000000 -0.012390 0.401218 -0.915899 55.112000 0.007254 0.915981 0.401156 -0.000000 0.000000 0.000000 0.000000 1.000000
0.981938 0.094728 -0.163781 0.000000 -0.188643 0.423642 -0.885969 55.112000 -0.014542 0.900863 0.433860 0.000000 0.000000 0.000000 0.000000 1.000000
0.932738 0.203644 -0.297538 0.000000 -0.357333 0.412036 -0.838176 55.112000 -0.048093 0.888119 0.457091 -0.000000 0.000000 0.000000 0.000000 1.000000
0.900035 0.314534 -0.301672 -0.000000 -0.423510 0.467876 -0.775713 55.112000 -0.102843 0.825930 0.554313 0.000000 0.000000 0.000000 0.000000 1.000000
0.997991 -0.008621 0.062761 -0.000000 0.046534 0.772008 -0.633908 55.112000 -0.042987 0.635555 0.770858 0.000000 0.000000 0.000000 0.000000 1.000000
0.967042 -0.214994 0.136412 0.000000 0.254421 0.794826 -0.550928 55.112000 0.010023 0.567476 0.823329 0.000000 0.000000 0.000000 0.000000 1.000000
0.964246 -0.200293 0.173529 0.000000 0.258699 0.569385 -0.780305 55.112000 0.057485 0.797297 0.600843 0.000000 0.000000 0.000000 0.000000 1.000000
0.970496 -0.172251 0.168724 -0.000000 0.222205 0.367252 -0.903189 55.112000 0.093611 0.914033 0.394691 -0.000000 0.000000 0.000000 0.000000 1.000000
0.976845 -0.111414 0.182647 -0.000000 0.198922 0.158711 -0.967078 55.112000 0.078758 0.981019 0.177199 0.000000 0.000000 0.000000 0.000000 1.000000</float_array>
        <technique_common>
          <accessor source="#mixamorig_LeftFoot-Matrix-animation-output-transform-array" count="25" stride="16">
            <param type="float4x4"/>
          </accessor>
        </technique_common>
      </source>
      <source id="mixamorig_LeftFoot-Interpolations">
        <Name_array id="mixamorig_LeftFoot-Interpolations-array" count="25">
 LINEAR LINEAR LINEAR LINEAR LINEAR LINEAR LINEAR LINEAR LINEAR LINEAR LINEAR
LINEAR LINEAR LINEAR LINEAR LINEAR LINEAR LINEAR LINEAR LINEAR LINEAR LINEAR LINEAR
LINEAR LINEAR</Name_array>
        <technique_common>
          <accessor source="#mixamorig_LeftFoot-Interpolations-array" count="25">
            <param type="name"/>
          </accessor>
        </technique_common>
      </source>
      <sampler id="mixamorig_LeftFoot-Matrix-animation-transform">
        <input semantic="INPUT" source="#mixamorig_LeftFoot-Matrix-animation-input"/>
        <input semantic="OUTPUT" source="#mixamorig_LeftFoot-Matrix-animation-output-transform"/>
        <input semantic="INTERPOLATION" source="#mixamorig_LeftFoot-Interpolations"/>
      </sampler>
      <channel source="#mixamorig_LeftFoot-Matrix-animation-transform" target="mixamorig_LeftFoot/matrix"/>
    </animation>
    <animation id="mixamorig_LeftToeBase-anim" name="mixamorig_LeftToeBase">
      <source id="mixamorig_LeftToeBase-Matrix-animation-input">
        <float_array id="mixamorig_LeftToeBase-Matrix-animation-input-array" count="25">

0.000000 0.033333 0.066667 0.100000 0.133333 0.166667 0.200000 0.233333 0.266667 0.300000 0.333333 0.366667 0.400000 0.433333 0.466667 0.500000
0.533333 0.566667 0.600000 0.633333 0.666667 0.700000 0.733333 0.766667 0.800000</float_array>
        <technique_common>
          <accessor source="#mixamorig_LeftToeBase-Matrix-animation-input-array" count="25">
            <param name="TIME" type="float"/>
          </accessor>
        </technique_common>
      </source>
      <source id="mixamorig_LeftToeBase-Matrix-animation-output-transform">
        <float_array id="mixamorig_LeftToeBase-Matrix-animation-output-transform-array" count="400">

1.000000 0.000001 0.000001 0.000000 0.000001 0.590876 -0.806762 22.799999 -0.000001 0.806762 0.590876 0.000000 0.000000 0.000000 0.000000 1.000000
1.000000 -0.000000 0.000001 0.000000 0.000001 0.590876 -0.806762 22.799999 -0.000001 0.806762 0.590876 0.000000 0.000000 0.000000 0.000000 1.000000
1.000000 -0.000000 0.000002 -0.000000 0.000001 0.590876 -0.806762 22.799999 -0.000001 0.806762 0.590876 -0.000000 0.000000 0.000000 0.000000 1.000000
1.000000 0.000000 0.000001 -0.000000 0.000001 0.520475 -0.853877 22.799999 -0.000001 0.853877 0.520475 0.000000 0.000000 0.000000 0.000000 1.000000
0.999430 0.000358 0.033769 0.000000 0.032261 0.285481 -0.957841 22.799999 -0.009983 0.958384 0.285307 -0.000000 0.000000 0.000000 0.000000 1.000000
0.994218 0.033302 0.102090 -0.000000 0.100310 0.051354 -0.993630 22.799999 -0.038333 0.998125 0.047717 -0.000000 0.000000 0.000000 0.000000 1.000000
1.000000 0.000001 0.000002 -0.000000 0.000001 0.635480 -0.772117 22.799999 -0.000002 0.772117 0.635480 -0.000000 0.000000 0.000000 0.000000 1.000000
1.000000 0.000000 0.000002 -0.000000 0.000001 0.623228 -0.782040 22.799999 -0.000001 0.782040 0.623228 0.000000 0.000000 0.000000 0.000000 1.000000
1.000000 0.000000 0.000001 -0.000000 0.000001 0.615729 -0.787958 22.799999 -0.000001 0.787958 0.615729 0.000000 0.000000 0.000000 0.000000 1.000000
1.000000 -0.000000 0.000002 0.000000 0.000001 0.614991 -0.788534 22.799999 -0.000001 0.788534 0.614991 0.000000 0.000000 0.000000 0.000000 1.000000
1.000000 -0.000001 0.000001 0.000000 0.000001 0.602584 -0.798055 22.799999 0.000000 0.798055 0.602584 0.000000 0.000000 0.000000 0.000000 1.000000
1.000000 0.000000 0.000002 0.000000 0.000001 0.587434 -0.809272 22.799999 -0.000001 0.809272 0.587434 0.000000 0.000000 0.000000 0.000000 1.000000
1.000000 0.000000 0.000001 0.000000 0.000001 0.605924 -0.795523 22.799999 -0.000001 0.795523 0.605924 0.000000 0.000000 0.000000 0.000000 1.000000
1.000000 0.000000 0.000001 0.000000 0.000001 0.621289 -0.783582 22.799999 -0.000001 0.783582 0.621289 0.000000 0.000000 0.000000 0.000000 1.000000
1.000000 -0.000001 0.000001 0.000000 0.000002 0.630516 -0.776176 22.799999 -0.000000 0.776176 0.630516 0.000000 0.000000 0.000000 0.000000 1.000000
1.000000 -0.000000 0.000002 0.000000 0.000002 0.645978 -0.763356 22.799999 -0.000001 0.763356 0.645978 0.000000 0.000000 0.000000 0.000000 1.000000
1.000000 0.000000 0.000002 0.000000 0.000001 0.643690 -0.765286 22.799999 -0.000001 0.765286 0.643690 0.000000 0.000000 0.000000 0.000000 1.000000
1.000000 -0.000000 0.000002 0.000000 0.000001 0.617115 -0.786873 22.799999 -0.000001 0.786873 0.617115 0.000000 0.000000 0.000000 0.000000 1.000000
1.000000 -0.000000 0.000002 -0.000000 0.000002 0.622617 -0.782527 22.799999 -0.000001 0.782527 0.622617 0.000000 0.000000 0.000000 0.000000 1.000000
1.000000 -0.000000 0.000002 0.000000 0.000001 0.612588 -0.790403 22.799999 -0.000001 0.790403 0.612588 0.000000 0.000000 0.000000 0.000000 1.000000
1.000000 -0.000001 0.000002 0.000000 0.000002 0.592074 -0.805883 22.799999 -0.000000 0.805883 0.592074 0.000000 0.000000 0.000000 0.000000 1.000000
1.000000 -0.000000 0.000001 -0.000000 0.000001 0.590876 -0.806762 22.799999 -0.000001 0.806762 0.590876 0.000000 0.000000 0.000000 0.000000 1.000000
1.000000 0.000000 0.000001 -0.000000 0.000001 0.590876 -0.806763 22.799999 -0.000001 0.806763 0.590876 -0.000000 0.000000 0.000000 0.000000 1.000000
1.000000 -0.000000 0.000002 0.000000 0.000001 0.590876 -0.806762 22.799999 -0.000001 0.806762 0.590876 0.000000 0.000000 0.000000 0.000000 1.000000
1.000000 -0.000000 0.000002 0.000000 0.000001 0.590876 -0.806762 22.799999 -0.000001 0.806762 0.590876 0.000000 0.000000 0.000000 0.000000 1.000000</float_array>
        <technique_common>
          <accessor source="#mixamorig_LeftToeBase-Matrix-animation-output-transform-array" count="25" stride="16">
            <param type="float4x4"/>
          </accessor>
        </technique_common>
      </source>
      <source id="mixamorig_LeftToeBase-Interpolations">
        <Name_array id="mixamorig_LeftToeBase-Interpolations-array" count="25">
 LINEAR LINEAR LINEAR LINEAR LINEAR LINEAR LINEAR LINEAR LINEAR LINEAR LINEAR
LINEAR LINEAR LINEAR LINEAR LINEAR LINEAR LINEAR LINEAR LINEAR LINEAR LINEAR LINEAR
LINEAR LINEAR</Name_array>
        <technique_common>
          <accessor source="#mixamorig_LeftToeBase-Interpolations-array" count="25">
            <param type="name"/>
          </accessor>
        </technique_common>
      </source>
      <sampler id="mixamorig_LeftToeBase-Matrix-animation-transform">
        <input semantic="INPUT" source="#mixamorig_LeftToeBase-Matrix-animation-input"/>
        <input semantic="OUTPUT" source="#mixamorig_LeftToeBase-Matrix-animation-output-transform"/>
        <input semantic="INTERPOLATION" source="#mixamorig_LeftToeBase-Interpolations"/>
      </sampler>
      <channel source="#mixamorig_LeftToeBase-Matrix-animation-transform" target="mixamorig_LeftToeBase/matrix"/>
    </animation>
    <animation id="mixamorig_RightUpLeg-anim" name="mixamorig_RightUpLeg">
      <source id="mixamorig_RightUpLeg-Matrix-animation-input">
        <float_array id="mixamorig_RightUpLeg-Matrix-animation-input-array" count="25">

0.000000 0.033333 0.066667 0.100000 0.133333 0.166667 0.200000 0.233333 0.266667 0.300000 0.333333 0.366667 0.400000 0.433333 0.466667 0.500000
0.533333 0.566667 0.600000 0.633333 0.666667 0.700000 0.733333 0.766667 0.800000</float_array>
        <technique_common>
          <accessor source="#mixamorig_RightUpLeg-Matrix-animation-input-array" count="25">
            <param name="TIME" type="float"/>
          </accessor>
        </technique_common>
      </source>
      <source id="mixamorig_RightUpLeg-Matrix-animation-output-transform">
        <float_array id="mixamorig_RightUpLeg-Matrix-animation-output-transform-array" count="400">

-0.923724 -0.314072 -0.219301 -12.883000 -0.033631 -0.503796 0.863168 -6.336200 -0.381580 0.804704 0.454806 -1.092800 0.000000 0.000000 0.000000 1.000000
-0.954061 -0.285713 -0.090194 -12.883000 -0.024812 -0.224659 0.974122 -6.336200 -0.298582 0.931610 0.207249 -1.092800 0.000000 0.000000 0.000000 1.000000
-0.974818 -0.222779 -0.009934 -12.883000 -0.000824 -0.040947 0.999161 -6.336200 -0.222999 0.974009 0.039733 -1.092800 0.000000 0.000000 0.000000 1.000000
-0.987921 -0.154671 -0.009486 -12.883000 -0.015548 0.038031 0.999156 -6.336200 -0.154179 0.987234 -0.039976 -1.092800 0.000000 0.000000 0.000000 1.000000
-0.995130 -0.093496 -0.031229 -12.883000 -0.035653 0.046023 0.998304 -6.336200 -0.091900 0.994555 -0.049132 -1.092800 0.000000 0.000000 0.000000 1.000000
-0.998608 -0.038576 -0.035974 -12.883000 -0.035736 -0.006832 0.999338 -6.336200 -0.038796 0.999232 0.005444 -1.092800 0.000000 0.000000 0.000000 1.000000
-0.999570 -0.019210 -0.022154 -12.883000 -0.019944 -0.108449 0.993902 -6.336200 -0.021496 0.993916 0.108019 -1.092800 0.000000 0.000000 0.000000 1.000000
-0.999470 0.002976 -0.032414 -12.883000 -0.032251 -0.225291 0.973758 -6.336200 -0.004405 0.974287 0.225268 -1.092800 0.000000 0.000000 0.000000 1.000000
-0.997260 0.029026 -0.068039 -12.883000 -0.072917 -0.230992 0.970219 -6.336200 0.012445 0.972523 0.232476 -1.092800 0.000000 0.000000 0.000000 1.000000
-0.992403 0.034402 -0.118118 -12.883000 -0.122776 -0.215730 0.968704 -6.336200 0.007844 0.975847 0.218315 -1.092800 0.000000 0.000000 0.000000 1.000000
-0.985364 0.010088 -0.170162 -12.883000 -0.167868 -0.230855 0.958398 -6.336200 -0.029615 0.972936 0.229170 -1.092800 0.000000 0.000000 0.000000 1.000000
-0.977404 0.043948 -0.206759 -12.883000 -0.210032 -0.312135 0.926530 -6.336200 -0.023817 0.949021 0.314313 -1.092800 0.000000 0.000000 0.000000 1.000000
-0.970762 0.098896 -0.218727 -12.883000 -0.239097 -0.479300 0.844455 -6.336200 -0.021322 0.872061 0.488932 -1.092800 0.000000 0.000000 0.000000 1.000000
-0.968220 0.130314 -0.213469 -12.883000 -0.243451 -0.686583 0.685081 -6.336200 -0.057288 0.715278 0.696488 -1.092800 0.000000 0.000000 0.000000 1.000000
-0.966793 0.155388 -0.202894 -12.883000 -0.225173 -0.893416 0.388722 -6.336200 -0.120866 0.421500 0.898738 -1.092800 0.000000 0.000000 0.000000 1.000000
-0.957452 0.206115 -0.201998 -12.883000 -0.230301 -0.967505 0.104383 -6.336200 -0.173920 0.146462 0.973807 -1.092800 0.000000 0.000000 0.000000 1.000000
-0.964126 0.149274 -0.219494 -12.883000 -0.153452 -0.988154 0.002012 -6.336200 -0.216593 0.035622 0.975612 -1.092800 0.000000 0.000000 0.000000 1.000000
-0.959537 0.144720 -0.241547 -12.883000 -0.135990 -0.989317 -0.052525 -6.336200 -0.246568 -0.017552 0.968967 -1.092800 0.000000 0.000000 0.000000 1.000000
-0.941951 0.129955 -0.309579 -12.883000 -0.105884 -0.989982 -0.093403 -6.336200 -0.318616 -0.055202 0.946275 -1.092800 0.000000 0.000000 0.000000 1.000000
-0.924238 0.060640 -0.376970 -12.883000 -0.037015 -0.996887 -0.069609 -6.336200 -0.380018 -0.050381 0.923606 -1.092800 0.000000 0.000000 0.000000 1.000000
-0.899807 -0.063475 -0.431645 -12.883000 0.046443 -0.997674 0.049896 -6.336200 -0.433809 0.024850 0.900662 -1.092800 0.000000 0.000000 0.000000 1.000000
-0.896294 -0.176780 -0.406702 -12.883000 0.072823 -0.963332 0.258240 -6.336200 -0.437441 0.201842 0.876302 -1.092800 0.000000 0.000000 0.000000 1.000000
-0.899985 -0.239129 -0.364478 -12.883000 0.045386 -0.882967 0.467235 -6.336200 -0.433552 0.403963 0.805510 -1.092800 0.000000 0.000000 0.000000 1.000000
-0.906693 -0.308075 -0.288094 -12.883000 0.013261 -0.703507 0.710565 -6.336200 -0.421583 0.640444 0.641950 -1.092800 0.000000 0.000000 0.000000 1.000000
-0.923724 -0.314072 -0.219301 -12.883000 -0.033631 -0.503797 0.863167 -6.336200 -0.381580 0.804704 0.454806 -1.092800 0.000000 0.000000 0.000000 1.000000</float_array>
        <technique_common>
          <accessor source="#mixamorig_RightUpLeg-Matrix-animation-output-transform-array" count="25" stride="16">
            <param type="float4x4"/>
          </accessor>
        </technique_common>
      </source>
      <source id="mixamorig_RightUpLeg-Interpolations">
        <Name_array id="mixamorig_RightUpLeg-Interpolations-array" count="25">
 LINEAR LINEAR LINEAR LINEAR LINEAR LINEAR LINEAR LINEAR LINEAR LINEAR LINEAR
LINEAR LINEAR LINEAR LINEAR LINEAR LINEAR LINEAR LINEAR LINEAR LINEAR LINEAR LINEAR
LINEAR LINEAR</Name_array>
        <technique_common>
          <accessor source="#mixamorig_RightUpLeg-Interpolations-array" count="25">
            <param type="name"/>
          </accessor>
        </technique_common>
      </source>
      <sampler id="mixamorig_RightUpLeg-Matrix-animation-transform">
        <input semantic="INPUT" source="#mixamorig_RightUpLeg-Matrix-animation-input"/>
        <input semantic="OUTPUT" source="#mixamorig_RightUpLeg-Matrix-animation-output-transform"/>
        <input semantic="INTERPOLATION" source="#mixamorig_RightUpLeg-Interpolations"/>
      </sampler>
      <channel source="#mixamorig_RightUpLeg-Matrix-animation-transform" target="mixamorig_RightUpLeg/matrix"/>
    </animation>
    <animation id="mixamorig_RightLeg-anim" name="mixamorig_RightLeg">
      <source id="mixamorig_RightLeg-Matrix-animation-input">
        <float_array id="mixamorig_RightLeg-Matrix-animation-input-array" count="25">

0.000000 0.033333 0.066667 0.100000 0.133333 0.166667 0.200000 0.233333 0.266667 0.300000 0.333333 0.366667 0.400000 0.433333 0.466667 0.500000
0.533333 0.566667 0.600000 0.633333 0.666667 0.700000 0.733333 0.766667 0.800000</float_array>
        <technique_common>
          <accessor source="#mixamorig_RightLeg-Matrix-animation-input-array" count="25">
            <param name="TIME" type="float"/>
          </accessor>
        </technique_common>
      </source>
      <source id="mixamorig_RightLeg-Matrix-animation-output-transform">
        <float_array id="mixamorig_RightLeg-Matrix-animation-output-transform-array" count="400">

0.998678 -0.026165 0.044235 0.000000 -0.049315 -0.730173 0.681481 46.951099 0.014469 -0.682761 -0.730498 0.000000 0.000000 0.000000 0.000000 1.000000
0.999355 -0.019501 0.030149 -0.000000 -0.034411 -0.759947 0.649073 46.951099 0.010254 -0.649692 -0.760128 -0.000000 0.000000 0.000000 0.000000 1.000000
0.999470 -0.016511 0.028053 0.000000 -0.031656 -0.693717 0.719552 46.951099 0.007580 -0.720059 -0.693872 -0.000000 0.000000 0.000000 0.000000 1.000000
0.999090 0.011919 -0.040953 0.000000 0.040897 -0.540291 0.840484 46.951099 -0.012108 -0.841394 -0.540287 0.000000 0.000000 0.000000 0.000000 1.000000
0.999907 0.003635 0.013136 0.000000 -0.011785 -0.253533 0.967255 46.951099 0.006846 -0.967320 -0.253467 0.000000 0.000000 0.000000 0.000000 1.000000
0.999434 0.023236 0.024341 0.000000 -0.026825 0.113377 0.993190 46.951099 0.020318 -0.993280 0.113936 0.000000 0.000000 0.000000 0.000000 1.000000
0.997748 0.046313 0.048516 0.000000 -0.064777 0.477787 0.876084 46.951099 0.017394 -0.877254 0.479712 0.000000 0.000000 0.000000 0.000000 1.000000
0.994553 0.084459 -0.061088 0.000000 -0.013859 0.687999 0.725580 46.951099 0.103310 -0.720781 0.685421 0.000000 0.000000 0.000000 0.000000 1.000000
0.996775 0.072666 -0.034054 -0.000000 -0.017502 0.610985 0.791448 46.951099 0.078318 -0.788300 0.610287 0.000000 0.000000 0.000000 0.000000 1.000000
0.999779 0.020964 0.001347 -0.000000 -0.010836 0.459735 0.887990 46.951099 0.017997 -0.887808 0.459861 0.000000 0.000000 0.000000 0.000000 1.000000
0.996465 -0.013346 -0.082940 -0.000000 0.083623 0.251900 0.964134 46.951099 0.008025 -0.967661 0.252126 0.000000 0.000000 0.000000 0.000000 1.000000
0.996068 -0.009010 -0.088135 -0.000000 0.088550 0.132911 0.987164 46.951099 0.002820 -0.991087 0.133186 -0.000000 0.000000 0.000000 0.000000 1.000000
0.996989 0.008656 -0.077062 -0.000000 0.075605 0.112464 0.990775 46.951099 0.017243 -0.993618 0.111471 0.000000 0.000000 0.000000 0.000000 1.000000
0.996509 0.037337 -0.074669 0.000000 0.064152 0.229879 0.971103 46.951099 0.053423 -0.972503 0.226681 0.000000 0.000000 0.000000 0.000000 1.000000
0.994970 0.083880 -0.054758 0.000000 0.002927 0.522067 0.852899 46.951099 0.100128 -0.848770 0.519196 -0.000000 0.000000 0.000000 0.000000 1.000000
0.985824 0.167653 -0.006659 0.000000 -0.121210 0.739056 0.662650 46.951099 0.116016 -0.652449 0.748900 0.000000 0.000000 0.000000 0.000000 1.000000
0.982489 0.178830 -0.052303 0.000000 -0.112488 0.793089 0.598628 46.951099 0.148534 -0.582262 0.799318 0.000000 0.000000 0.000000 0.000000 1.000000
0.977991 0.175229 -0.113267 0.000000 -0.053076 0.733932 0.677145 46.951099 0.201785 -0.656230 0.727080 0.000000 0.000000 0.000000 0.000000 1.000000
0.978268 0.135034 -0.157346 0.000000 0.044242 0.605445 0.794657 46.951099 0.202570 -0.784349 0.586313 0.000000 0.000000 0.000000 0.000000 1.000000
0.991955 0.052943 -0.114987 0.000000 0.083382 0.410197 0.908177 46.951099 0.095249 -0.910459 0.402483 0.000000 0.000000 0.000000 0.000000 1.000000
0.999403 -0.024456 -0.024418 0.000000 0.027318 0.126277 0.991619 46.951099 -0.021168 -0.991693 0.126870 0.000000 0.000000 0.000000 0.000000 1.000000
0.998869 -0.042525 0.021255 0.000000 -0.029969 -0.216164 0.975897 46.951099 -0.036905 -0.975430 -0.217194 -0.000000 0.000000 0.000000 0.000000 1.000000
0.997037 -0.046992 0.060894 -0.000000 -0.076241 -0.498998 0.863243 46.951099 -0.010179 -0.865328 -0.501103 0.000000 0.000000 0.000000 0.000000 1.000000
0.995587 -0.046080 0.081748 -0.000000 -0.091448 -0.671869 0.735003 46.951099 0.021055 -0.739235 -0.673119 0.000000 0.000000 0.000000 0.000000 1.000000
0.998678 -0.026165 0.044235 0.000000 -0.049316 -0.730173 0.681480 46.951099 0.014469 -0.682761 -0.730498 -0.000000 0.000000 0.000000 0.000000 1.000000</float_array>
        <technique_common>
          <accessor source="#mixamorig_RightLeg-Matrix-animation-output-transform-array" count="25" stride="16">
            <param type="float4x4"/>
          </accessor>
        </technique_common>
      </source>
      <source id="mixamorig_RightLeg-Interpolations">
        <Name_array id="mixamorig_RightLeg-Interpolations-array" count="25">
 LINEAR LINEAR LINEAR LINEAR LINEAR LINEAR LINEAR LINEAR LINEAR LINEAR LINEAR
LINEAR LINEAR LINEAR LINEAR LINEAR LINEAR LINEAR LINEAR LINEAR LINEAR LINEAR LINEAR
LINEAR LINEAR</Name_array>
        <technique_common>
          <accessor source="#mixamorig_RightLeg-Interpolations-array" count="25">
            <param type="name"/>
          </accessor>
        </technique_common>
      </source>
      <sampler id="mixamorig_RightLeg-Matrix-animation-transform">
        <input semantic="INPUT" source="#mixamorig_RightLeg-Matrix-animation-input"/>
        <input semantic="OUTPUT" source="#mixamorig_RightLeg-Matrix-animation-output-transform"/>
        <input semantic="INTERPOLATION" source="#mixamorig_RightLeg-Interpolations"/>
      </sampler>
      <channel source="#mixamorig_RightLeg-Matrix-animation-transform" target="mixamorig_RightLeg/matrix"/>
    </animation>
    <animation id="mixamorig_RightFoot-anim" name="mixamorig_RightFoot">
      <source id="mixamorig_RightFoot-Matrix-animation-input">
        <float_array id="mixamorig_RightFoot-Matrix-animation-input-array" count="25">

0.000000 0.033333 0.066667 0.100000 0.133333 0.166667 0.200000 0.233333 0.266667 0.300000 0.333333 0.366667 0.400000 0.433333 0.466667 0.500000
0.533333 0.566667 0.600000 0.633333 0.666667 0.700000 0.733333 0.766667 0.800000</float_array>
        <technique_common>
          <accessor source="#mixamorig_RightFoot-Matrix-animation-input-array" count="25">
            <param name="TIME" type="float"/>
          </accessor>
        </technique_common>
      </source>
      <source id="mixamorig_RightFoot-Matrix-animation-output-transform">
        <float_array id="mixamorig_RightFoot-Matrix-animation-output-transform-array" count="400">

0.989151 0.126000 -0.075521 0.000000 -0.140094 0.654463 -0.743002 55.112000 -0.044192 0.745521 0.665015 0.000000 0.000000 0.000000 0.000000 1.000000
0.993973 0.087654 -0.065839 0.000000 -0.106603 0.632765 -0.766971 55.112000 -0.025568 0.769367 0.638295 0.000000 0.000000 0.000000 0.000000 1.000000
0.996658 0.071623 -0.039282 0.000000 -0.073296 0.571775 -0.817130 55.112000 -0.036065 0.817278 0.575113 -0.000000 0.000000 0.000000 0.000000 1.000000
0.970671 -0.114545 0.211371 -0.000000 0.238985 0.364049 -0.900197 55.112000 0.026164 0.924309 0.380746 0.000000 0.000000 0.000000 0.000000 1.000000
0.993940 0.109878 0.003110 0.000000 -0.045055 0.433046 -0.900245 55.112000 -0.100264 0.894650 0.435372 0.000000 0.000000 0.000000 0.000000 1.000000
0.995270 0.088207 0.040709 0.000000 0.002855 0.392300 -0.919833 55.112000 -0.097106 0.915598 0.390193 0.000000 0.000000 0.000000 0.000000 1.000000
0.997214 -0.034212 0.066279 -0.000000 0.074370 0.388204 -0.918568 55.112000 0.005696 0.920938 0.389667 -0.000000 0.000000 0.000000 0.000000 1.000000
0.986597 -0.090400 0.135848 0.000000 0.160568 0.389560 -0.906896 55.112000 0.029062 0.916554 0.398854 0.000000 0.000000 0.000000 0.000000 1.000000
0.999633 -0.012677 0.023947 0.000000 0.027091 0.451683 -0.891767 55.112000 0.000489 0.892089 0.451860 -0.000000 0.000000 0.000000 0.000000 1.000000
0.998128 0.054290 -0.028147 0.000000 -0.055713 0.617533 -0.784570 55.112000 -0.025213 0.784669 0.619402 0.000000 0.000000 0.000000 0.000000 1.000000
0.989885 0.104570 -0.095879 -0.000000 -0.132241 0.435325 -0.890508 55.112000 -0.051381 0.894180 0.444750 -0.000000 0.000000 0.000000 0.000000 1.000000
0.983154 0.115533 -0.141637 -0.000000 -0.165273 0.230970 -0.958821 55.112000 -0.078062 0.966077 0.246174 -0.000000 0.000000 0.000000 0.000000 1.000000
0.977683 0.107054 -0.180762 0.000000 -0.183608 0.017275 -0.982848 55.112000 -0.102095 0.994103 0.036546 0.000000 0.000000 0.000000 0.000000 1.000000
0.973637 0.073863 -0.215814 -0.000000 -0.205039 -0.131178 -0.969923 55.112000 -0.099952 0.988603 -0.112574 0.000000 0.000000 0.000000 0.000000 1.000000
0.977241 0.015710 -0.211551 0.000000 -0.207201 -0.143108 -0.967775 55.112000 -0.045478 0.989582 -0.136596 -0.000000 0.000000 0.000000 0.000000 1.000000
0.986489 0.011307 -0.163435 0.000000 -0.163298 0.147918 -0.975425 55.112000 0.013146 0.988935 0.147766 0.000000 0.000000 0.000000 0.000000 1.000000
0.992735 -0.117958 -0.023748 0.000000 0.048888 0.575751 -0.816162 55.112000 0.109946 0.809071 0.577335 0.000000 0.000000 0.000000 0.000000 1.000000
0.980118 -0.169151 0.103716 0.000000 0.188370 0.629030 -0.754213 55.112000 0.062335 0.758755 0.648387 0.000000 0.000000 0.000000 0.000000 1.000000
0.978866 -0.171342 0.111640 0.000000 0.195313 0.621467 -0.758704 55.112000 0.060618 0.764474 0.641798 -0.000000 0.000000 0.000000 0.000000 1.000000
0.984270 -0.152793 0.088690 -0.000000 0.171426 0.704610 -0.688577 55.112000 0.042718 0.692950 0.719719 0.000000 0.000000 0.000000 0.000000 1.000000
0.997566 -0.033039 0.061404 -0.000000 0.065226 0.753455 -0.654257 55.112000 -0.024649 0.656669 0.753776 -0.000000 0.000000 0.000000 0.000000 1.000000
0.975998 0.191607 0.103512 0.000000 -0.077006 0.748235 -0.658949 55.112000 -0.203710 0.635162 0.745031 0.000000 0.000000 0.000000 0.000000 1.000000
0.928683 0.370337 -0.019967 0.000000 -0.271688 0.642683 -0.716341 55.112000 -0.252455 0.670678 0.697465 0.000000 0.000000 0.000000 0.000000 1.000000
0.953170 0.285619 -0.099444 0.000000 -0.264450 0.627571 -0.732271 55.112000 -0.146743 0.724277 0.673713 0.000000 0.000000 0.000000 0.000000 1.000000
0.989152 0.125999 -0.075521 -0.000000 -0.140094 0.654463 -0.743002 55.112000 -0.044192 0.745522 0.665014 0.000000 0.000000 0.000000 0.000000 1.000000</float_array>
        <technique_common>
          <accessor source="#mixamorig_RightFoot-Matrix-animation-output-transform-array" count="25" stride="16">
            <param type="float4x4"/>
          </accessor>
        </technique_common>
      </source>
      <source id="mixamorig_RightFoot-Interpolations">
        <Name_array id="mixamorig_RightFoot-Interpolations-array" count="25">
 LINEAR LINEAR LINEAR LINEAR LINEAR LINEAR LINEAR LINEAR LINEAR LINEAR LINEAR
LINEAR LINEAR LINEAR LINEAR LINEAR LINEAR LINEAR LINEAR LINEAR LINEAR LINEAR LINEAR
LINEAR LINEAR</Name_array>
        <technique_common>
          <accessor source="#mixamorig_RightFoot-Interpolations-array" count="25">
            <param type="name"/>
          </accessor>
        </technique_common>
      </source>
      <sampler id="mixamorig_RightFoot-Matrix-animation-transform">
        <input semantic="INPUT" source="#mixamorig_RightFoot-Matrix-animation-input"/>
        <input semantic="OUTPUT" source="#mixamorig_RightFoot-Matrix-animation-output-transform"/>
        <input semantic="INTERPOLATION" source="#mixamorig_RightFoot-Interpolations"/>
      </sampler>
      <channel source="#mixamorig_RightFoot-Matrix-animation-transform" target="mixamorig_RightFoot/matrix"/>
    </animation>
    <animation id="mixamorig_RightToeBase-anim" name="mixamorig_RightToeBase">
      <source id="mixamorig_RightToeBase-Matrix-animation-input">
        <float_array id="mixamorig_RightToeBase-Matrix-animation-input-array" count="25">

0.000000 0.033333 0.066667 0.100000 0.133333 0.166667 0.200000 0.233333 0.266667 0.300000 0.333333 0.366667 0.400000 0.433333 0.466667 0.500000
0.533333 0.566667 0.600000 0.633333 0.666667 0.700000 0.733333 0.766667 0.800000</float_array>
        <technique_common>
          <accessor source="#mixamorig_RightToeBase-Matrix-animation-input-array" count="25">
            <param name="TIME" type="float"/>
          </accessor>
        </technique_common>
      </source>
      <source id="mixamorig_RightToeBase-Matrix-animation-output-transform">
        <float_array id="mixamorig_RightToeBase-Matrix-animation-output-transform-array" count="400">

1.000000 -0.000002 0.000002 0.000000 0.000002 0.586596 -0.809879 22.799999 0.000000 0.809879 0.586596 0.000000 0.000000 0.000000 0.000000 1.000000
1.000000 -0.000001 0.000001 0.000000 0.000002 0.578614 -0.815602 22.799999 0.000000 0.815602 0.578614 0.000000 0.000000 0.000000 0.000000 1.000000
1.000000 -0.000002 0.000001 0.000000 0.000002 0.599837 -0.800123 22.799999 0.000001 0.800123 0.599837 0.000000 0.000000 0.000000 0.000000 1.000000
1.000000 -0.000001 0.000001 0.000000 0.000002 0.762742 -0.646702 22.799999 -0.000000 0.646702 0.762742 0.000000 0.000000 0.000000 0.000000 1.000000
1.000000 -0.000001 0.000001 0.000000 0.000002 0.612926 -0.790140 22.799999 0.000000 0.790140 0.612926 0.000000 0.000000 0.000000 0.000000 1.000000
1.000000 -0.000002 0.000001 0.000000 0.000002 0.610809 -0.791778 22.799999 0.000001 0.791778 0.610809 0.000000 0.000000 0.000000 0.000000 1.000000
1.000000 -0.000002 0.000001 0.000000 0.000002 0.591544 -0.806273 22.799999 0.000001 0.806273 0.591544 0.000000 0.000000 0.000000 0.000000 1.000000
1.000000 -0.000001 0.000001 0.000000 0.000002 0.545993 -0.837790 22.799999 0.000000 0.837790 0.545993 0.000000 0.000000 0.000000 0.000000 1.000000
1.000000 -0.000002 0.000001 0.000000 0.000002 0.523687 -0.851911 22.799999 0.000001 0.851911 0.523687 0.000000 0.000000 0.000000 0.000000 1.000000
1.000000 -0.000002 0.000001 0.000000 0.000002 0.530021 -0.847985 22.799999 0.000001 0.847985 0.530021 0.000000 0.000000 0.000000 0.000000 1.000000
1.000000 -0.000000 0.000001 -0.000000 0.000001 0.584074 -0.811700 22.799999 -0.000000 0.811700 0.584074 0.000000 0.000000 0.000000 0.000000 1.000000
1.000000 -0.000002 0.000001 0.000000 0.000002 0.584074 -0.811700 22.799999 0.000001 0.811700 0.584074 0.000000 0.000000 0.000000 0.000000 1.000000
1.000000 -0.000002 0.000001 -0.000000 0.000002 0.584074 -0.811700 22.799999 0.000001 0.811700 0.584074 0.000000 0.000000 0.000000 0.000000 1.000000
1.000000 -0.000001 0.000001 -0.000000 0.000002 0.584074 -0.811700 22.799999 0.000000 0.811700 0.584074 0.000000 0.000000 0.000000 0.000000 1.000000
1.000000 -0.000001 0.000001 -0.000000 0.000002 0.538361 -0.842714 22.799999 0.000000 0.842714 0.538361 0.000000 0.000000 0.000000 0.000000 1.000000
1.000000 -0.000001 0.000002 0.000000 0.000002 0.311733 -0.950170 22.799999 0.000001 0.950170 0.311733 -0.000000 0.000000 0.000000 0.000000 1.000000
0.975939 -0.035942 -0.215063 0.000000 -0.206933 0.158193 -0.965481 22.799999 0.068722 0.986754 0.146949 -0.000000 0.000000 0.000000 0.000000 1.000000
1.000000 -0.000002 0.000001 0.000000 0.000002 0.645263 -0.763960 22.799999 0.000001 0.763960 0.645263 0.000000 0.000000 0.000000 0.000000 1.000000
1.000000 -0.000001 0.000001 -0.000000 0.000001 0.614061 -0.789259 22.799999 0.000000 0.789259 0.614061 0.000000 0.000000 0.000000 0.000000 1.000000
1.000000 -0.000001 0.000001 -0.000000 0.000002 0.606842 -0.794822 22.799999 0.000000 0.794822 0.606842 0.000000 0.000000 0.000000 0.000000 1.000000
1.000000 -0.000001 0.000001 0.000000 0.000002 0.603892 -0.797066 22.799999 0.000000 0.797066 0.603892 0.000000 0.000000 0.000000 0.000000 1.000000
1.000000 -0.000001 0.000002 -0.000000 0.000002 0.594653 -0.803982 22.799999 -0.000000 0.803982 0.594653 0.000000 0.000000 0.000000 0.000000 1.000000
1.000000 -0.000002 0.000001 -0.000000 0.000002 0.594986 -0.803736 22.799999 0.000001 0.803736 0.594986 0.000000 0.000000 0.000000 0.000000 1.000000
1.000000 -0.000002 0.000001 0.000000 0.000002 0.567669 -0.823257 22.799999 0.000001 0.823257 0.567669 0.000000 0.000000 0.000000 0.000000 1.000000
1.000000 -0.000001 0.000001 0.000000 0.000002 0.586596 -0.809880 22.799999 0.000000 0.809880 0.586596 0.000000 0.000000 0.000000 0.000000 1.000000</float_array>
        <technique_common>
          <accessor source="#mixamorig_RightToeBase-Matrix-animation-output-transform-array" count="25" stride="16">
            <param type="float4x4"/>
          </accessor>
        </technique_common>
      </source>
      <source id="mixamorig_RightToeBase-Interpolations">
        <Name_array id="mixamorig_RightToeBase-Interpolations-array" count="25">
 LINEAR LINEAR LINEAR LINEAR LINEAR LINEAR LINEAR LINEAR LINEAR LINEAR LINEAR
LINEAR LINEAR LINEAR LINEAR LINEAR LINEAR LINEAR LINEAR LINEAR LINEAR LINEAR LINEAR
LINEAR LINEAR</Name_array>
        <technique_common>
          <accessor source="#mixamorig_RightToeBase-Interpolations-array" count="25">
            <param type="name"/>
          </accessor>
        </technique_common>
      </source>
      <sampler id="mixamorig_RightToeBase-Matrix-animation-transform">
        <input semantic="INPUT" source="#mixamorig_RightToeBase-Matrix-animation-input"/>
        <input semantic="OUTPUT" source="#mixamorig_RightToeBase-Matrix-animation-output-transform"/>
        <input semantic="INTERPOLATION" source="#mixamorig_RightToeBase-Interpolations"/>
      </sampler>
      <channel source="#mixamorig_RightToeBase-Matrix-animation-transform" target="mixamorig_RightToeBase/matrix"/>
    </animation>
    <animation id="mixamorig_L_C_skirt1-anim" name="mixamorig_L_C_skirt1">
      <source id="mixamorig_L_C_skirt1-Matrix-animation-input">
        <float_array id="mixamorig_L_C_skirt1-Matrix-animation-input-array" count="25">

0.000000 0.033333 0.066667 0.100000 0.133333 0.166667 0.200000 0.233333 0.266667 0.300000 0.333333 0.366667 0.400000 0.433333 0.466667 0.500000
0.533333 0.566667 0.600000 0.633333 0.666667 0.700000 0.733333 0.766667 0.800000</float_array>
        <technique_common>
          <accessor source="#mixamorig_L_C_skirt1-Matrix-animation-input-array" count="25">
            <param name="TIME" type="float"/>
          </accessor>
        </technique_common>
      </source>
      <source id="mixamorig_L_C_skirt1-Matrix-animation-output-transform">
        <float_array id="mixamorig_L_C_skirt1-Matrix-animation-output-transform-array" count="400">

0.035066 0.292039 0.955763 12.441200 -0.989026 0.147481 -0.008777 4.607000 -0.143520 -0.944967 0.294006 -11.833000 0.000000 0.000000 0.000000 1.000000
0.035066 0.292039 0.955763 12.441200 -0.989026 0.147481 -0.008777 4.607000 -0.143520 -0.944967 0.294006 -11.833000 0.000000 0.000000 0.000000 1.000000
0.035066 0.292039 0.955763 12.441200 -0.989026 0.147481 -0.008777 4.607000 -0.143520 -0.944967 0.294006 -11.833000 0.000000 0.000000 0.000000 1.000000
0.035066 0.292039 0.955763 12.441200 -0.989026 0.147481 -0.008777 4.607000 -0.143520 -0.944967 0.294006 -11.833000 0.000000 0.000000 0.000000 1.000000
0.035066 0.292039 0.955763 12.441200 -0.989026 0.147481 -0.008777 4.607000 -0.143520 -0.944967 0.294006 -11.833000 0.000000 0.000000 0.000000 1.000000
0.035066 0.292039 0.955763 12.441200 -0.989026 0.147481 -0.008777 4.607000 -0.143520 -0.944967 0.294006 -11.833000 0.000000 0.000000 0.000000 1.000000
0.035066 0.292039 0.955763 12.441200 -0.989026 0.147481 -0.008777 4.607000 -0.143520 -0.944967 0.294006 -11.833000 0.000000 0.000000 0.000000 1.000000
0.035066 0.292039 0.955763 12.441200 -0.989026 0.147481 -0.008777 4.607000 -0.143520 -0.944967 0.294006 -11.833000 0.000000 0.000000 0.000000 1.000000
0.035066 0.292039 0.955763 12.441200 -0.989026 0.147481 -0.008777 4.607000 -0.143520 -0.944967 0.294006 -11.833000 0.000000 0.000000 0.000000 1.000000
0.035066 0.292039 0.955763 12.441200 -0.989026 0.147481 -0.008777 4.607000 -0.143520 -0.944967 0.294006 -11.833000 0.000000 0.000000 0.000000 1.000000
0.035066 0.292039 0.955763 12.441200 -0.989026 0.147481 -0.008777 4.607000 -0.143520 -0.944967 0.294006 -11.833000 0.000000 0.000000 0.000000 1.000000
0.035066 0.292039 0.955763 12.441200 -0.989026 0.147481 -0.008777 4.607000 -0.143520 -0.944967 0.294006 -11.833000 0.000000 0.000000 0.000000 1.000000
0.035066 0.292039 0.955763 12.441200 -0.989026 0.147481 -0.008777 4.607000 -0.143520 -0.944967 0.294006 -11.833000 0.000000 0.000000 0.000000 1.000000
0.035066 0.292039 0.955763 12.441200 -0.989026 0.147481 -0.008777 4.607000 -0.143520 -0.944967 0.294006 -11.833000 0.000000 0.000000 0.000000 1.000000
0.035066 0.292039 0.955763 12.441200 -0.989026 0.147481 -0.008777 4.607000 -0.143520 -0.944967 0.294006 -11.833000 0.000000 0.000000 0.000000 1.000000
0.035066 0.292039 0.955763 12.441200 -0.989026 0.147481 -0.008777 4.607000 -0.143520 -0.944967 0.294006 -11.833000 0.000000 0.000000 0.000000 1.000000
0.035066 0.292039 0.955763 12.441200 -0.989026 0.147481 -0.008777 4.607000 -0.143520 -0.944967 0.294006 -11.833000 0.000000 0.000000 0.000000 1.000000
0.035066 0.292039 0.955763 12.441200 -0.989026 0.147481 -0.008777 4.607000 -0.143520 -0.944967 0.294006 -11.833000 0.000000 0.000000 0.000000 1.000000
0.035066 0.292039 0.955763 12.441200 -0.989026 0.147481 -0.008777 4.607000 -0.143520 -0.944967 0.294006 -11.833000 0.000000 0.000000 0.000000 1.000000
0.035066 0.292039 0.955763 12.441200 -0.989026 0.147481 -0.008777 4.607000 -0.143520 -0.944967 0.294006 -11.833000 0.000000 0.000000 0.000000 1.000000
0.035066 0.292039 0.955763 12.441200 -0.989026 0.147481 -0.008777 4.607000 -0.143520 -0.944967 0.294006 -11.833000 0.000000 0.000000 0.000000 1.000000
0.035066 0.292039 0.955763 12.441200 -0.989026 0.147481 -0.008777 4.607000 -0.143520 -0.944967 0.294006 -11.833000 0.000000 0.000000 0.000000 1.000000
0.035066 0.292039 0.955763 12.441200 -0.989026 0.147481 -0.008777 4.607000 -0.143520 -0.944967 0.294006 -11.833000 0.000000 0.000000 0.000000 1.000000
0.035066 0.292039 0.955763 12.441200 -0.989026 0.147481 -0.008777 4.607000 -0.143520 -0.944967 0.294006 -11.833000 0.000000 0.000000 0.000000 1.000000
0.035066 0.292039 0.955763 12.441200 -0.989026 0.147481 -0.008777 4.607000 -0.143520 -0.944967 0.294006 -11.833000 0.000000 0.000000 0.000000 1.000000</float_array>
        <technique_common>
          <accessor source="#mixamorig_L_C_skirt1-Matrix-animation-output-transform-array" count="25" stride="16">
            <param type="float4x4"/>
          </accessor>
        </technique_common>
      </source>
      <source id="mixamorig_L_C_skirt1-Interpolations">
        <Name_array id="mixamorig_L_C_skirt1-Interpolations-array" count="25">
 LINEAR LINEAR LINEAR LINEAR LINEAR LINEAR LINEAR LINEAR LINEAR LINEAR LINEAR
LINEAR LINEAR LINEAR LINEAR LINEAR LINEAR LINEAR LINEAR LINEAR LINEAR LINEAR LINEAR
LINEAR LINEAR</Name_array>
        <technique_common>
          <accessor source="#mixamorig_L_C_skirt1-Interpolations-array" count="25">
            <param type="name"/>
          </accessor>
        </technique_common>
      </source>
      <sampler id="mixamorig_L_C_skirt1-Matrix-animation-transform">
        <input semantic="INPUT" source="#mixamorig_L_C_skirt1-Matrix-animation-input"/>
        <input semantic="OUTPUT" source="#mixamorig_L_C_skirt1-Matrix-animation-output-transform"/>
        <input semantic="INTERPOLATION" source="#mixamorig_L_C_skirt1-Interpolations"/>
      </sampler>
      <channel source="#mixamorig_L_C_skirt1-Matrix-animation-transform" target="mixamorig_L_C_skirt1/matrix"/>
    </animation>
    <animation id="mixamorig_L_C_skirt2-anim" name="mixamorig_L_C_skirt2">
      <source id="mixamorig_L_C_skirt2-Matrix-animation-input">
        <float_array id="mixamorig_L_C_skirt2-Matrix-animation-input-array" count="25">

0.000000 0.033333 0.066667 0.100000 0.133333 0.166667 0.200000 0.233333 0.266667 0.300000 0.333333 0.366667 0.400000 0.433333 0.466667 0.500000
0.533333 0.566667 0.600000 0.633333 0.666667 0.700000 0.733333 0.766667 0.800000</float_array>
        <technique_common>
          <accessor source="#mixamorig_L_C_skirt2-Matrix-animation-input-array" count="25">
            <param name="TIME" type="float"/>
          </accessor>
        </technique_common>
      </source>
      <source id="mixamorig_L_C_skirt2-Matrix-animation-output-transform">
        <float_array id="mixamorig_L_C_skirt2-Matrix-animation-output-transform-array" count="400">

1.000000 0.000000 -0.000000 27.657801 -0.000000 1.000000 -0.000000 0.000000 -0.000000 0.000000 1.000000 -0.000000 0.000000 0.000000 0.000000 1.000000
1.000000 0.000000 0.000000 27.657801 0.000000 1.000000 -0.000000 -0.000000 -0.000000 0.000000 1.000000 0.000000 0.000000 0.000000 0.000000 1.000000
1.000000 -0.000000 0.000000 27.657801 -0.000000 1.000000 -0.000000 0.000000 -0.000000 0.000000 1.000000 0.000000 0.000000 0.000000 0.000000 1.000000
1.000000 0.000000 -0.000000 27.657801 0.000000 1.000000 -0.000000 0.000000 0.000000 0.000000 1.000000 0.000000 0.000000 0.000000 0.000000 1.000000
1.000000 -0.000000 0.000000 27.657801 -0.000000 1.000000 0.000000 0.000000 -0.000000 0.000000 1.000000 0.000000 0.000000 0.000000 0.000000 1.000000
1.000000 -0.000000 0.000000 27.657801 -0.000000 1.000000 0.000000 -0.000000 0.000000 -0.000000 1.000000 0.000000 0.000000 0.000000 0.000000 1.000000
1.000000 0.000000 0.000000 27.657801 -0.000000 1.000000 -0.000000 -0.000000 -0.000000 -0.000000 1.000000 0.000000 0.000000 0.000000 0.000000 1.000000
1.000000 0.000000 0.000000 27.657801 0.000000 1.000000 0.000000 0.000000 0.000000 0.000000 1.000000 0.000000 0.000000 0.000000 0.000000 1.000000
1.000000 -0.000000 0.000000 27.657801 0.000000 1.000000 0.000000 0.000000 0.000000 -0.000000 1.000000 -0.000000 0.000000 0.000000 0.000000 1.000000
1.000000 0.000000 -0.000000 27.657801 -0.000000 1.000000 -0.000000 -0.000000 0.000000 0.000000 1.000000 0.000000 0.000000 0.000000 0.000000 1.000000
1.000000 0.000000 0.000000 27.657801 0.000000 1.000000 0.000000 0.000000 -0.000000 0.000000 1.000000 -0.000000 0.000000 0.000000 0.000000 1.000000
1.000000 0.000000 0.000000 27.657801 -0.000000 1.000000 0.000000 0.000000 -0.000000 0.000000 1.000000 0.000000 0.000000 0.000000 0.000000 1.000000
1.000000 -0.000000 0.000000 27.657801 0.000000 1.000000 0.000000 0.000000 0.000000 -0.000000 1.000000 0.000000 0.000000 0.000000 0.000000 1.000000
1.000000 0.000000 0.000000 27.657801 -0.000000 1.000000 0.000000 -0.000000 0.000000 -0.000000 1.000000 -0.000000 0.000000 0.000000 0.000000 1.000000
1.000000 0.000000 -0.000000 27.657801 0.000000 1.000000 0.000000 0.000000 -0.000000 -0.000000 1.000000 0.000000 0.000000 0.000000 0.000000 1.000000
1.000000 0.000000 -0.000000 27.657801 -0.000000 1.000000 0.000000 0.000000 -0.000000 0.000000 1.000000 0.000000 0.000000 0.000000 0.000000 1.000000
1.000000 -0.000000 0.000000 27.657801 0.000000 1.000000 -0.000000 0.000000 0.000000 0.000000 1.000000 0.000000 0.000000 0.000000 0.000000 1.000000
1.000000 -0.000000 0.000000 27.657801 -0.000000 1.000000 0.000000 0.000000 0.000000 0.000000 1.000000 -0.000000 0.000000 0.000000 0.000000 1.000000
1.000000 -0.000000 0.000000 27.657801 0.000000 1.000000 0.000000 0.000000 0.000000 0.000000 1.000000 0.000000 0.000000 0.000000 0.000000 1.000000
1.000000 -0.000000 0.000000 27.657801 -0.000000 1.000000 -0.000000 0.000000 0.000000 0.000000 1.000000 0.000000 0.000000 0.000000 0.000000 1.000000
1.000000 0.000000 0.000000 27.657801 0.000000 1.000000 0.000000 0.000000 0.000000 0.000000 1.000000 -0.000000 0.000000 0.000000 0.000000 1.000000
1.000000 -0.000000 0.000000 27.657801 0.000000 1.000000 0.000000 0.000000 -0.000000 -0.000000 1.000000 -0.000000 0.000000 0.000000 0.000000 1.000000
1.000000 -0.000000 0.000000 27.657801 -0.000000 1.000000 0.000000 -0.000000 -0.000000 0.000000 1.000000 0.000000 0.000000 0.000000 0.000000 1.000000
1.000000 -0.000000 0.000000 27.657801 0.000000 1.000000 -0.000000 0.000000 -0.000000 0.000000 1.000000 0.000000 0.000000 0.000000 0.000000 1.000000
1.000000 0.000000 0.000000 27.657801 -0.000000 1.000000 0.000000 -0.000000 0.000000 -0.000000 1.000000 0.000000 0.000000 0.000000 0.000000 1.000000</float_array>
        <technique_common>
          <accessor source="#mixamorig_L_C_skirt2-Matrix-animation-output-transform-array" count="25" stride="16">
            <param type="float4x4"/>
          </accessor>
        </technique_common>
      </source>
      <source id="mixamorig_L_C_skirt2-Interpolations">
        <Name_array id="mixamorig_L_C_skirt2-Interpolations-array" count="25">
 LINEAR LINEAR LINEAR LINEAR LINEAR LINEAR LINEAR LINEAR LINEAR LINEAR LINEAR
LINEAR LINEAR LINEAR LINEAR LINEAR LINEAR LINEAR LINEAR LINEAR LINEAR LINEAR LINEAR
LINEAR LINEAR</Name_array>
        <technique_common>
          <accessor source="#mixamorig_L_C_skirt2-Interpolations-array" count="25">
            <param type="name"/>
          </accessor>
        </technique_common>
      </source>
      <sampler id="mixamorig_L_C_skirt2-Matrix-animation-transform">
        <input semantic="INPUT" source="#mixamorig_L_C_skirt2-Matrix-animation-input"/>
        <input semantic="OUTPUT" source="#mixamorig_L_C_skirt2-Matrix-animation-output-transform"/>
        <input semantic="INTERPOLATION" source="#mixamorig_L_C_skirt2-Interpolations"/>
      </sampler>
      <channel source="#mixamorig_L_C_skirt2-Matrix-animation-transform" target="mixamorig_L_C_skirt2/matrix"/>
    </animation>
    <animation id="mixamorig_L_C_skirt3-anim" name="mixamorig_L_C_skirt3">
      <source id="mixamorig_L_C_skirt3-Matrix-animation-input">
        <float_array id="mixamorig_L_C_skirt3-Matrix-animation-input-array" count="25">

0.000000 0.033333 0.066667 0.100000 0.133333 0.166667 0.200000 0.233333 0.266667 0.300000 0.333333 0.366667 0.400000 0.433333 0.466667 0.500000
0.533333 0.566667 0.600000 0.633333 0.666667 0.700000 0.733333 0.766667 0.800000</float_array>
        <technique_common>
          <accessor source="#mixamorig_L_C_skirt3-Matrix-animation-input-array" count="25">
            <param name="TIME" type="float"/>
          </accessor>
        </technique_common>
      </source>
      <source id="mixamorig_L_C_skirt3-Matrix-animation-output-transform">
        <float_array id="mixamorig_L_C_skirt3-Matrix-animation-output-transform-array" count="400">

1.000000 -0.000000 0.000000 23.970100 0.000000 1.000000 -0.000000 0.000000 0.000000 0.000000 1.000000 -0.000000 0.000000 0.000000 0.000000 1.000000
1.000000 0.000000 0.000000 23.970100 -0.000000 1.000000 -0.000000 0.000000 -0.000000 0.000000 1.000000 0.000000 0.000000 0.000000 0.000000 1.000000
1.000000 -0.000000 0.000000 23.970100 0.000000 1.000000 0.000000 -0.000000 0.000000 0.000000 1.000000 -0.000000 0.000000 0.000000 0.000000 1.000000
1.000000 0.000000 -0.000000 23.970100 0.000000 1.000000 -0.000000 0.000000 0.000000 0.000000 1.000000 0.000000 0.000000 0.000000 0.000000 1.000000
1.000000 -0.000000 0.000000 23.970100 -0.000000 1.000000 0.000000 -0.000000 -0.000000 0.000000 1.000000 0.000000 0.000000 0.000000 0.000000 1.000000
1.000000 -0.000000 0.000000 23.970100 -0.000000 1.000000 -0.000000 0.000000 0.000000 -0.000000 1.000000 0.000000 0.000000 0.000000 0.000000 1.000000
1.000000 0.000000 -0.000000 23.970100 0.000000 1.000000 -0.000000 0.000000 0.000000 0.000000 1.000000 -0.000000 0.000000 0.000000 0.000000 1.000000
1.000000 0.000000 0.000000 23.970100 -0.000000 1.000000 0.000000 -0.000000 0.000000 0.000000 1.000000 -0.000000 0.000000 0.000000 0.000000 1.000000
1.000000 -0.000000 0.000000 23.970100 -0.000000 1.000000 0.000000 -0.000000 0.000000 -0.000000 1.000000 -0.000000 0.000000 0.000000 0.000000 1.000000
1.000000 0.000000 -0.000000 23.970100 -0.000000 1.000000 0.000000 0.000000 -0.000000 0.000000 1.000000 -0.000000 0.000000 0.000000 0.000000 1.000000
1.000000 -0.000000 -0.000000 23.970100 0.000000 1.000000 -0.000000 0.000000 0.000000 0.000000 1.000000 0.000000 0.000000 0.000000 0.000000 1.000000
1.000000 -0.000000 0.000000 23.970100 -0.000000 1.000000 0.000000 0.000000 -0.000000 0.000000 1.000000 -0.000000 0.000000 0.000000 0.000000 1.000000
1.000000 -0.000000 0.000000 23.970100 0.000000 1.000000 0.000000 0.000000 0.000000 -0.000000 1.000000 0.000000 0.000000 0.000000 0.000000 1.000000
1.000000 0.000000 -0.000000 23.970100 -0.000000 1.000000 0.000000 -0.000000 -0.000000 0.000000 1.000000 -0.000000 0.000000 0.000000 0.000000 1.000000
1.000000 0.000000 0.000000 23.970100 -0.000000 1.000000 0.000000 0.000000 -0.000000 0.000000 1.000000 0.000000 0.000000 0.000000 0.000000 1.000000
1.000000 0.000000 -0.000000 23.970100 -0.000000 1.000000 0.000000 0.000000 0.000000 0.000000 1.000000 0.000000 0.000000 0.000000 0.000000 1.000000
1.000000 -0.000000 -0.000000 23.970100 0.000000 1.000000 0.000000 0.000000 -0.000000 -0.000000 1.000000 -0.000000 0.000000 0.000000 0.000000 1.000000
1.000000 -0.000000 0.000000 23.970100 -0.000000 1.000000 0.000000 0.000000 -0.000000 0.000000 1.000000 0.000000 0.000000 0.000000 0.000000 1.000000
1.000000 -0.000000 0.000000 23.970100 0.000000 1.000000 -0.000000 0.000000 0.000000 -0.000000 1.000000 0.000000 0.000000 0.000000 0.000000 1.000000
1.000000 -0.000000 0.000000 23.970100 -0.000000 1.000000 0.000000 -0.000000 -0.000000 0.000000 1.000000 -0.000000 0.000000 0.000000 0.000000 1.000000
1.000000 0.000000 -0.000000 23.970100 0.000000 1.000000 0.000000 0.000000 -0.000000 0.000000 1.000000 0.000000 0.000000 0.000000 0.000000 1.000000
1.000000 -0.000000 0.000000 23.970100 0.000000 1.000000 -0.000000 0.000000 -0.000000 -0.000000 1.000000 0.000000 0.000000 0.000000 0.000000 1.000000
1.000000 0.000000 -0.000000 23.970100 -0.000000 1.000000 0.000000 0.000000 0.000000 0.000000 1.000000 0.000000 0.000000 0.000000 0.000000 1.000000
1.000000 -0.000000 -0.000000 23.970100 -0.000000 1.000000 -0.000000 0.000000 0.000000 0.000000 1.000000 0.000000 0.000000 0.000000 0.000000 1.000000
1.000000 0.000000 -0.000000 23.970100 -0.000000 1.000000 0.000000 0.000000 -0.000000 0.000000 1.000000 0.000000 0.000000 0.000000 0.000000 1.000000</float_array>
        <technique_common>
          <accessor source="#mixamorig_L_C_skirt3-Matrix-animation-output-transform-array" count="25" stride="16">
            <param type="float4x4"/>
          </accessor>
        </technique_common>
      </source>
      <source id="mixamorig_L_C_skirt3-Interpolations">
        <Name_array id="mixamorig_L_C_skirt3-Interpolations-array" count="25">
 LINEAR LINEAR LINEAR LINEAR LINEAR LINEAR LINEAR LINEAR LINEAR LINEAR LINEAR
LINEAR LINEAR LINEAR LINEAR LINEAR LINEAR LINEAR LINEAR LINEAR LINEAR LINEAR LINEAR
LINEAR LINEAR</Name_array>
        <technique_common>
          <accessor source="#mixamorig_L_C_skirt3-Interpolations-array" count="25">
            <param type="name"/>
          </accessor>
        </technique_common>
      </source>
      <sampler id="mixamorig_L_C_skirt3-Matrix-animation-transform">
        <input semantic="INPUT" source="#mixamorig_L_C_skirt3-Matrix-animation-input"/>
        <input semantic="OUTPUT" source="#mixamorig_L_C_skirt3-Matrix-animation-output-transform"/>
        <input semantic="INTERPOLATION" source="#mixamorig_L_C_skirt3-Interpolations"/>
      </sampler>
      <channel source="#mixamorig_L_C_skirt3-Matrix-animation-transform" target="mixamorig_L_C_skirt3/matrix"/>
    </animation>
    <animation id="mixamorig_L_A_skirt1-anim" name="mixamorig_L_A_skirt1">
      <source id="mixamorig_L_A_skirt1-Matrix-animation-input">
        <float_array id="mixamorig_L_A_skirt1-Matrix-animation-input-array" count="25">

0.000000 0.033333 0.066667 0.100000 0.133333 0.166667 0.200000 0.233333 0.266667 0.300000 0.333333 0.366667 0.400000 0.433333 0.466667 0.500000
0.533333 0.566667 0.600000 0.633333 0.666667 0.700000 0.733333 0.766667 0.800000</float_array>
        <technique_common>
          <accessor source="#mixamorig_L_A_skirt1-Matrix-animation-input-array" count="25">
            <param name="TIME" type="float"/>
          </accessor>
        </technique_common>
      </source>
      <source id="mixamorig_L_A_skirt1-Matrix-animation-output-transform">
        <float_array id="mixamorig_L_A_skirt1-Matrix-animation-output-transform-array" count="400">

0.142123 0.623442 -0.768844 18.178400 -0.988646 0.051128 -0.141295 3.981100 -0.048780 0.780196 0.623630 19.504801 0.000000 0.000000 0.000000 1.000000
0.142123 0.623442 -0.768844 18.178400 -0.988646 0.051128 -0.141295 3.981100 -0.048780 0.780196 0.623630 19.504801 0.000000 0.000000 0.000000 1.000000
0.142123 0.623442 -0.768844 18.178400 -0.988646 0.051128 -0.141295 3.981100 -0.048780 0.780196 0.623630 19.504801 0.000000 0.000000 0.000000 1.000000
0.142123 0.623442 -0.768844 18.178400 -0.988646 0.051128 -0.141295 3.981100 -0.048780 0.780196 0.623630 19.504801 0.000000 0.000000 0.000000 1.000000
0.142123 0.623442 -0.768844 18.178400 -0.988646 0.051128 -0.141295 3.981100 -0.048780 0.780196 0.623630 19.504801 0.000000 0.000000 0.000000 1.000000
0.142123 0.623442 -0.768844 18.178400 -0.988646 0.051128 -0.141295 3.981100 -0.048780 0.780196 0.623630 19.504801 0.000000 0.000000 0.000000 1.000000
0.142123 0.623442 -0.768844 18.178400 -0.988646 0.051128 -0.141295 3.981100 -0.048780 0.780196 0.623630 19.504801 0.000000 0.000000 0.000000 1.000000
0.142123 0.623442 -0.768844 18.178400 -0.988646 0.051128 -0.141295 3.981100 -0.048780 0.780196 0.623630 19.504801 0.000000 0.000000 0.000000 1.000000
0.142123 0.623442 -0.768844 18.178400 -0.988646 0.051128 -0.141295 3.981100 -0.048780 0.780196 0.623630 19.504801 0.000000 0.000000 0.000000 1.000000
0.142123 0.623442 -0.768844 18.178400 -0.988646 0.051128 -0.141295 3.981100 -0.048780 0.780196 0.623630 19.504801 0.000000 0.000000 0.000000 1.000000
0.142123 0.623442 -0.768844 18.178400 -0.988646 0.051128 -0.141295 3.981100 -0.048780 0.780196 0.623630 19.504801 0.000000 0.000000 0.000000 1.000000
0.142123 0.623442 -0.768844 18.178400 -0.988646 0.051128 -0.141295 3.981100 -0.048780 0.780196 0.623630 19.504801 0.000000 0.000000 0.000000 1.000000
0.142123 0.623442 -0.768844 18.178400 -0.988646 0.051128 -0.141295 3.981100 -0.048780 0.780196 0.623630 19.504801 0.000000 0.000000 0.000000 1.000000
0.142123 0.623442 -0.768844 18.178400 -0.988646 0.051128 -0.141295 3.981100 -0.048780 0.780196 0.623630 19.504801 0.000000 0.000000 0.000000 1.000000
0.142123 0.623442 -0.768844 18.178400 -0.988646 0.051128 -0.141295 3.981100 -0.048780 0.780196 0.623630 19.504801 0.000000 0.000000 0.000000 1.000000
0.142123 0.623442 -0.768844 18.178400 -0.988646 0.051128 -0.141295 3.981100 -0.048780 0.780196 0.623630 19.504801 0.000000 0.000000 0.000000 1.000000
0.142123 0.623442 -0.768844 18.178400 -0.988646 0.051128 -0.141295 3.981100 -0.048780 0.780196 0.623630 19.504801 0.000000 0.000000 0.000000 1.000000
0.142123 0.623442 -0.768844 18.178400 -0.988646 0.051128 -0.141295 3.981100 -0.048780 0.780196 0.623630 19.504801 0.000000 0.000000 0.000000 1.000000
0.142123 0.623442 -0.768844 18.178400 -0.988646 0.051128 -0.141295 3.981100 -0.048780 0.780196 0.623630 19.504801 0.000000 0.000000 0.000000 1.000000
0.142123 0.623442 -0.768844 18.178400 -0.988646 0.051128 -0.141295 3.981100 -0.048780 0.780196 0.623630 19.504801 0.000000 0.000000 0.000000 1.000000
0.142123 0.623442 -0.768844 18.178400 -0.988646 0.051128 -0.141295 3.981100 -0.048780 0.780196 0.623630 19.504801 0.000000 0.000000 0.000000 1.000000
0.142123 0.623442 -0.768844 18.178400 -0.988646 0.051128 -0.141295 3.981100 -0.048780 0.780196 0.623630 19.504801 0.000000 0.000000 0.000000 1.000000
0.142123 0.623442 -0.768844 18.178400 -0.988646 0.051128 -0.141295 3.981100 -0.048780 0.780196 0.623630 19.504801 0.000000 0.000000 0.000000 1.000000
0.142123 0.623442 -0.768844 18.178400 -0.988646 0.051128 -0.141295 3.981100 -0.048780 0.780196 0.623630 19.504801 0.000000 0.000000 0.000000 1.000000
0.142123 0.623442 -0.768844 18.178400 -0.988646 0.051128 -0.141295 3.981100 -0.048780 0.780196 0.623630 19.504801 0.000000 0.000000 0.000000 1.000000</float_array>
        <technique_common>
          <accessor source="#mixamorig_L_A_skirt1-Matrix-animation-output-transform-array" count="25" stride="16">
            <param type="float4x4"/>
          </accessor>
        </technique_common>
      </source>
      <source id="mixamorig_L_A_skirt1-Interpolations">
        <Name_array id="mixamorig_L_A_skirt1-Interpolations-array" count="25">
 LINEAR LINEAR LINEAR LINEAR LINEAR LINEAR LINEAR LINEAR LINEAR LINEAR LINEAR
LINEAR LINEAR LINEAR LINEAR LINEAR LINEAR LINEAR LINEAR LINEAR LINEAR LINEAR LINEAR
LINEAR LINEAR</Name_array>
        <technique_common>
          <accessor source="#mixamorig_L_A_skirt1-Interpolations-array" count="25">
            <param type="name"/>
          </accessor>
        </technique_common>
      </source>
      <sampler id="mixamorig_L_A_skirt1-Matrix-animation-transform">
        <input semantic="INPUT" source="#mixamorig_L_A_skirt1-Matrix-animation-input"/>
        <input semantic="OUTPUT" source="#mixamorig_L_A_skirt1-Matrix-animation-output-transform"/>
        <input semantic="INTERPOLATION" source="#mixamorig_L_A_skirt1-Interpolations"/>
      </sampler>
      <channel source="#mixamorig_L_A_skirt1-Matrix-animation-transform" target="mixamorig_L_A_skirt1/matrix"/>
    </animation>
    <animation id="mixamorig_L_A_skirt2-anim" name="mixamorig_L_A_skirt2">
      <source id="mixamorig_L_A_skirt2-Matrix-animation-input">
        <float_array id="mixamorig_L_A_skirt2-Matrix-animation-input-array" count="25">

0.000000 0.033333 0.066667 0.100000 0.133333 0.166667 0.200000 0.233333 0.266667 0.300000 0.333333 0.366667 0.400000 0.433333 0.466667 0.500000
0.533333 0.566667 0.600000 0.633333 0.666667 0.700000 0.733333 0.766667 0.800000</float_array>
        <technique_common>
          <accessor source="#mixamorig_L_A_skirt2-Matrix-animation-input-array" count="25">
            <param name="TIME" type="float"/>
          </accessor>
        </technique_common>
      </source>
      <source id="mixamorig_L_A_skirt2-Matrix-animation-output-transform">
        <float_array id="mixamorig_L_A_skirt2-Matrix-animation-output-transform-array" count="400">

1.000000 0.000000 0.000000 27.335699 0.000000 1.000000 -0.000000 -0.000000 0.000000 0.000000 1.000000 0.000000 0.000000 0.000000 0.000000 1.000000
1.000000 -0.000000 0.000000 27.335699 -0.000000 1.000000 -0.000000 0.000000 -0.000000 0.000000 1.000000 -0.000000 0.000000 0.000000 0.000000 1.000000
1.000000 -0.000000 -0.000000 27.335699 -0.000000 1.000000 0.000000 0.000000 -0.000000 0.000000 1.000000 -0.000000 0.000000 0.000000 0.000000 1.000000
1.000000 0.000000 0.000000 27.335699 0.000000 1.000000 0.000000 0.000000 -0.000000 0.000000 1.000000 0.000000 0.000000 0.000000 0.000000 1.000000
1.000000 -0.000000 -0.000000 27.335699 0.000000 1.000000 0.000000 0.000000 0.000000 -0.000000 1.000000 0.000000 0.000000 0.000000 0.000000 1.000000
1.000000 -0.000000 -0.000000 27.335699 -0.000000 1.000000 0.000000 0.000000 0.000000 -0.000000 1.000000 0.000000 0.000000 0.000000 0.000000 1.000000
1.000000 -0.000000 -0.000000 27.335699 0.000000 1.000000 0.000000 0.000000 0.000000 0.000000 1.000000 -0.000000 0.000000 0.000000 0.000000 1.000000
1.000000 -0.000000 0.000000 27.335699 0.000000 1.000000 0.000000 0.000000 -0.000000 -0.000000 1.000000 0.000000 0.000000 0.000000 0.000000 1.000000
1.000000 0.000000 0.000000 27.335699 0.000000 1.000000 0.000000 -0.000000 0.000000 -0.000000 1.000000 0.000000 0.000000 0.000000 0.000000 1.000000
1.000000 -0.000000 -0.000000 27.335699 -0.000000 1.000000 0.000000 -0.000000 -0.000000 -0.000000 1.000000 0.000000 0.000000 0.000000 0.000000 1.000000
1.000000 -0.000000 -0.000000 27.335699 0.000000 1.000000 0.000000 -0.000000 -0.000000 0.000000 1.000000 0.000000 0.000000 0.000000 0.000000 1.000000
1.000000 0.000000 0.000000 27.335699 -0.000000 1.000000 0.000000 0.000000 -0.000000 0.000000 1.000000 0.000000 0.000000 0.000000 0.000000 1.000000
1.000000 -0.000000 -0.000000 27.335699 -0.000000 1.000000 -0.000000 0.000000 0.000000 0.000000 1.000000 0.000000 0.000000 0.000000 0.000000 1.000000
1.000000 -0.000000 -0.000000 27.335699 0.000000 1.000000 -0.000000 0.000000 -0.000000 0.000000 1.000000 -0.000000 0.000000 0.000000 0.000000 1.000000
1.000000 0.000000 0.000000 27.335699 0.000000 1.000000 -0.000000 0.000000 0.000000 -0.000000 1.000000 0.000000 0.000000 0.000000 0.000000 1.000000
1.000000 -0.000000 0.000000 27.335699 -0.000000 1.000000 0.000000 0.000000 0.000000 0.000000 1.000000 0.000000 0.000000 0.000000 0.000000 1.000000
1.000000 0.000000 0.000000 27.335699 -0.000000 1.000000 0.000000 -0.000000 -0.000000 0.000000 1.000000 0.000000 0.000000 0.000000 0.000000 1.000000
1.000000 -0.000000 -0.000000 27.335699 -0.000000 1.000000 0.000000 -0.000000 -0.000000 0.000000 1.000000 -0.000000 0.000000 0.000000 0.000000 1.000000
1.000000 -0.000000 0.000000 27.335699 0.000000 1.000000 0.000000 0.000000 0.000000 -0.000000 1.000000 0.000000 0.000000 0.000000 0.000000 1.000000
1.000000 -0.000000 0.000000 27.335699 0.000000 1.000000 -0.000000 0.000000 0.000000 0.000000 1.000000 0.000000 0.000000 0.000000 0.000000 1.000000
1.000000 -0.000000 0.000000 27.335699 -0.000000 1.000000 0.000000 0.000000 0.000000 -0.000000 1.000000 -0.000000 0.000000 0.000000 0.000000 1.000000
1.000000 0.000000 0.000000 27.335699 -0.000000 1.000000 -0.000000 0.000000 0.000000 -0.000000 1.000000 -0.000000 0.000000 0.000000 0.000000 1.000000
1.000000 0.000000 -0.000000 27.335699 0.000000 1.000000 0.000000 -0.000000 -0.000000 0.000000 1.000000 0.000000 0.000000 0.000000 0.000000 1.000000
1.000000 0.000000 -0.000000 27.335699 0.000000 1.000000 0.000000 -0.000000 -0.000000 0.000000 1.000000 0.000000 0.000000 0.000000 0.000000 1.000000
1.000000 0.000000 -0.000000 27.335699 0.000000 1.000000 0.000000 0.000000 -0.000000 -0.000000 1.000000 0.000000 0.000000 0.000000 0.000000 1.000000</float_array>
        <technique_common>
          <accessor source="#mixamorig_L_A_skirt2-Matrix-animation-output-transform-array" count="25" stride="16">
            <param type="float4x4"/>
          </accessor>
        </technique_common>
      </source>
      <source id="mixamorig_L_A_skirt2-Interpolations">
        <Name_array id="mixamorig_L_A_skirt2-Interpolations-array" count="25">
 LINEAR LINEAR LINEAR LINEAR LINEAR LINEAR LINEAR LINEAR LINEAR LINEAR LINEAR
LINEAR LINEAR LINEAR LINEAR LINEAR LINEAR LINEAR LINEAR LINEAR LINEAR LINEAR LINEAR
LINEAR LINEAR</Name_array>
        <technique_common>
          <accessor source="#mixamorig_L_A_skirt2-Interpolations-array" count="25">
            <param type="name"/>
          </accessor>
        </technique_common>
      </source>
      <sampler id="mixamorig_L_A_skirt2-Matrix-animation-transform">
        <input semantic="INPUT" source="#mixamorig_L_A_skirt2-Matrix-animation-input"/>
        <input semantic="OUTPUT" source="#mixamorig_L_A_skirt2-Matrix-animation-output-transform"/>
        <input semantic="INTERPOLATION" source="#mixamorig_L_A_skirt2-Interpolations"/>
      </sampler>
      <channel source="#mixamorig_L_A_skirt2-Matrix-animation-transform" target="mixamorig_L_A_skirt2/matrix"/>
    </animation>
    <animation id="mixamorig_L_A_skirt3-anim" name="mixamorig_L_A_skirt3">
      <source id="mixamorig_L_A_skirt3-Matrix-animation-input">
        <float_array id="mixamorig_L_A_skirt3-Matrix-animation-input-array" count="25">

0.000000 0.033333 0.066667 0.100000 0.133333 0.166667 0.200000 0.233333 0.266667 0.300000 0.333333 0.366667 0.400000 0.433333 0.466667 0.500000
0.533333 0.566667 0.600000 0.633333 0.666667 0.700000 0.733333 0.766667 0.800000</float_array>
        <technique_common>
          <accessor source="#mixamorig_L_A_skirt3-Matrix-animation-input-array" count="25">
            <param name="TIME" type="float"/>
          </accessor>
        </technique_common>
      </source>
      <source id="mixamorig_L_A_skirt3-Matrix-animation-output-transform">
        <float_array id="mixamorig_L_A_skirt3-Matrix-animation-output-transform-array" count="400">

1.000000 -0.000000 -0.000000 27.066099 -0.000000 1.000000 0.000000 0.000000 0.000000 -0.000000 1.000000 -0.000000 0.000000 0.000000 0.000000 1.000000
1.000000 -0.000000 0.000000 27.066099 0.000000 1.000000 -0.000000 0.000000 -0.000000 0.000000 1.000000 0.000000 0.000000 0.000000 0.000000 1.000000
1.000000 -0.000000 0.000000 27.066099 -0.000000 1.000000 0.000000 -0.000000 -0.000000 0.000000 1.000000 0.000000 0.000000 0.000000 0.000000 1.000000
1.000000 -0.000000 -0.000000 27.066099 0.000000 1.000000 -0.000000 0.000000 -0.000000 -0.000000 1.000000 -0.000000 0.000000 0.000000 0.000000 1.000000
1.000000 0.000000 0.000000 27.066099 -0.000000 1.000000 0.000000 0.000000 0.000000 -0.000000 1.000000 0.000000 0.000000 0.000000 0.000000 1.000000
1.000000 0.000000 0.000000 27.066099 0.000000 1.000000 -0.000000 0.000000 -0.000000 -0.000000 1.000000 0.000000 0.000000 0.000000 0.000000 1.000000
1.000000 -0.000000 0.000000 27.066099 0.000000 1.000000 0.000000 0.000000 -0.000000 0.000000 1.000000 0.000000 0.000000 0.000000 0.000000 1.000000
1.000000 -0.000000 -0.000000 27.066099 0.000000 1.000000 -0.000000 -0.000000 0.000000 0.000000 1.000000 0.000000 0.000000 0.000000 0.000000 1.000000
1.000000 -0.000000 0.000000 27.066099 -0.000000 1.000000 0.000000 0.000000 -0.000000 0.000000 1.000000 0.000000 0.000000 0.000000 0.000000 1.000000
1.000000 0.000000 -0.000000 27.066099 -0.000000 1.000000 0.000000 -0.000000 0.000000 -0.000000 1.000000 0.000000 0.000000 0.000000 0.000000 1.000000
1.000000 -0.000000 0.000000 27.066099 -0.000000 1.000000 0.000000 -0.000000 -0.000000 0.000000 1.000000 0.000000 0.000000 0.000000 0.000000 1.000000
1.000000 0.000000 -0.000000 27.066099 0.000000 1.000000 0.000000 -0.000000 -0.000000 0.000000 1.000000 -0.000000 0.000000 0.000000 0.000000 1.000000
1.000000 -0.000000 -0.000000 27.066099 0.000000 1.000000 0.000000 -0.000000 0.000000 0.000000 1.000000 0.000000 0.000000 0.000000 0.000000 1.000000
1.000000 -0.000000 -0.000000 27.066099 0.000000 1.000000 0.000000 0.000000 0.000000 -0.000000 1.000000 0.000000 0.000000 0.000000 0.000000 1.000000
1.000000 -0.000000 -0.000000 27.066099 -0.000000 1.000000 0.000000 -0.000000 -0.000000 0.000000 1.000000 -0.000000 0.000000 0.000000 0.000000 1.000000
1.000000 0.000000 -0.000000 27.066099 -0.000000 1.000000 0.000000 0.000000 0.000000 -0.000000 1.000000 0.000000 0.000000 0.000000 0.000000 1.000000
1.000000 0.000000 -0.000000 27.066099 0.000000 1.000000 0.000000 0.000000 -0.000000 0.000000 1.000000 0.000000 0.000000 0.000000 0.000000 1.000000
1.000000 0.000000 0.000000 27.066099 0.000000 1.000000 0.000000 -0.000000 -0.000000 0.000000 1.000000 0.000000 0.000000 0.000000 0.000000 1.000000
1.000000 -0.000000 0.000000 27.066099 -0.000000 1.000000 -0.000000 -0.000000 0.000000 -0.000000 1.000000 -0.000000 0.000000 0.000000 0.000000 1.000000
1.000000 -0.000000 0.000000 27.066099 0.000000 1.000000 -0.000000 0.000000 -0.000000 -0.000000 1.000000 0.000000 0.000000 0.000000 0.000000 1.000000
1.000000 0.000000 0.000000 27.066099 -0.000000 1.000000 0.000000 -0.000000 -0.000000 -0.000000 1.000000 0.000000 0.000000 0.000000 0.000000 1.000000
1.000000 -0.000000 0.000000 27.066099 -0.000000 1.000000 0.000000 0.000000 0.000000 0.000000 1.000000 0.000000 0.000000 0.000000 0.000000 1.000000
1.000000 -0.000000 -0.000000 27.066099 0.000000 1.000000 -0.000000 0.000000 0.000000 0.000000 1.000000 0.000000 0.000000 0.000000 0.000000 1.000000
1.000000 0.000000 -0.000000 27.066099 0.000000 1.000000 0.000000 0.000000 0.000000 0.000000 1.000000 -0.000000 0.000000 0.000000 0.000000 1.000000
1.000000 0.000000 -0.000000 27.066099 0.000000 1.000000 -0.000000 -0.000000 0.000000 -0.000000 1.000000 0.000000 0.000000 0.000000 0.000000 1.000000</float_array>
        <technique_common>
          <accessor source="#mixamorig_L_A_skirt3-Matrix-animation-output-transform-array" count="25" stride="16">
            <param type="float4x4"/>
          </accessor>
        </technique_common>
      </source>
      <source id="mixamorig_L_A_skirt3-Interpolations">
        <Name_array id="mixamorig_L_A_skirt3-Interpolations-array" count="25">
 LINEAR LINEAR LINEAR LINEAR LINEAR LINEAR LINEAR LINEAR LINEAR LINEAR LINEAR
LINEAR LINEAR LINEAR LINEAR LINEAR LINEAR LINEAR LINEAR LINEAR LINEAR LINEAR LINEAR
LINEAR LINEAR</Name_array>
        <technique_common>
          <accessor source="#mixamorig_L_A_skirt3-Interpolations-array" count="25">
            <param type="name"/>
          </accessor>
        </technique_common>
      </source>
      <sampler id="mixamorig_L_A_skirt3-Matrix-animation-transform">
        <input semantic="INPUT" source="#mixamorig_L_A_skirt3-Matrix-animation-input"/>
        <input semantic="OUTPUT" source="#mixamorig_L_A_skirt3-Matrix-animation-output-transform"/>
        <input semantic="INTERPOLATION" source="#mixamorig_L_A_skirt3-Interpolations"/>
      </sampler>
      <channel source="#mixamorig_L_A_skirt3-Matrix-animation-transform" target="mixamorig_L_A_skirt3/matrix"/>
    </animation>
    <animation id="mixamorig_L_B_skirt1-anim" name="mixamorig_L_B_skirt1">
      <source id="mixamorig_L_B_skirt1-Matrix-animation-input">
        <float_array id="mixamorig_L_B_skirt1-Matrix-animation-input-array" count="25">

0.000000 0.033333 0.066667 0.100000 0.133333 0.166667 0.200000 0.233333 0.266667 0.300000 0.333333 0.366667 0.400000 0.433333 0.466667 0.500000
0.533333 0.566667 0.600000 0.633333 0.666667 0.700000 0.733333 0.766667 0.800000</float_array>
        <technique_common>
          <accessor source="#mixamorig_L_B_skirt1-Matrix-animation-input-array" count="25">
            <param name="TIME" type="float"/>
          </accessor>
        </technique_common>
      </source>
      <source id="mixamorig_L_B_skirt1-Matrix-animation-output-transform">
        <float_array id="mixamorig_L_B_skirt1-Matrix-animation-output-transform-array" count="400">

0.142186 0.942169 0.303482 22.933800 -0.985105 0.164643 -0.049605 6.145800 -0.096702 -0.291908 0.951545 0.309300 0.000000 0.000000 0.000000 1.000000
0.142186 0.942169 0.303482 22.933800 -0.985105 0.164643 -0.049605 6.145800 -0.096702 -0.291908 0.951545 0.309300 0.000000 0.000000 0.000000 1.000000
0.142186 0.942169 0.303482 22.933800 -0.985105 0.164643 -0.049605 6.145800 -0.096702 -0.291908 0.951545 0.309300 0.000000 0.000000 0.000000 1.000000
0.142186 0.942169 0.303482 22.933800 -0.985105 0.164643 -0.049605 6.145800 -0.096702 -0.291908 0.951545 0.309300 0.000000 0.000000 0.000000 1.000000
0.142186 0.942169 0.303482 22.933800 -0.985105 0.164643 -0.049605 6.145800 -0.096702 -0.291908 0.951545 0.309300 0.000000 0.000000 0.000000 1.000000
0.142186 0.942169 0.303482 22.933800 -0.985105 0.164643 -0.049605 6.145800 -0.096702 -0.291908 0.951545 0.309300 0.000000 0.000000 0.000000 1.000000
0.142186 0.942169 0.303482 22.933800 -0.985105 0.164643 -0.049605 6.145800 -0.096702 -0.291908 0.951545 0.309300 0.000000 0.000000 0.000000 1.000000
0.142186 0.942169 0.303482 22.933800 -0.985105 0.164643 -0.049605 6.145800 -0.096702 -0.291908 0.951545 0.309300 0.000000 0.000000 0.000000 1.000000
0.142186 0.942169 0.303482 22.933800 -0.985105 0.164643 -0.049605 6.145800 -0.096702 -0.291908 0.951545 0.309300 0.000000 0.000000 0.000000 1.000000
0.142186 0.942169 0.303482 22.933800 -0.985105 0.164643 -0.049605 6.145800 -0.096702 -0.291908 0.951545 0.309300 0.000000 0.000000 0.000000 1.000000
0.142186 0.942169 0.303482 22.933800 -0.985105 0.164643 -0.049605 6.145800 -0.096702 -0.291908 0.951545 0.309300 0.000000 0.000000 0.000000 1.000000
0.142186 0.942169 0.303482 22.933800 -0.985105 0.164643 -0.049605 6.145800 -0.096702 -0.291908 0.951545 0.309300 0.000000 0.000000 0.000000 1.000000
0.142186 0.942169 0.303482 22.933800 -0.985105 0.164643 -0.049605 6.145800 -0.096702 -0.291908 0.951545 0.309300 0.000000 0.000000 0.000000 1.000000
0.142186 0.942169 0.303482 22.933800 -0.985105 0.164643 -0.049605 6.145800 -0.096702 -0.291908 0.951545 0.309300 0.000000 0.000000 0.000000 1.000000
0.142186 0.942169 0.303482 22.933800 -0.985105 0.164643 -0.049605 6.145800 -0.096702 -0.291908 0.951545 0.309300 0.000000 0.000000 0.000000 1.000000
0.142186 0.942169 0.303482 22.933800 -0.985105 0.164643 -0.049605 6.145800 -0.096702 -0.291908 0.951545 0.309300 0.000000 0.000000 0.000000 1.000000
0.142186 0.942169 0.303482 22.933800 -0.985105 0.164643 -0.049605 6.145800 -0.096702 -0.291908 0.951545 0.309300 0.000000 0.000000 0.000000 1.000000
0.142186 0.942169 0.303482 22.933800 -0.985105 0.164643 -0.049605 6.145800 -0.096702 -0.291908 0.951545 0.309300 0.000000 0.000000 0.000000 1.000000
0.142186 0.942169 0.303482 22.933800 -0.985105 0.164643 -0.049605 6.145800 -0.096702 -0.291908 0.951545 0.309300 0.000000 0.000000 0.000000 1.000000
0.142186 0.942169 0.303482 22.933800 -0.985105 0.164643 -0.049605 6.145800 -0.096702 -0.291908 0.951545 0.309300 0.000000 0.000000 0.000000 1.000000
0.142186 0.942169 0.303482 22.933800 -0.985105 0.164643 -0.049605 6.145800 -0.096702 -0.291908 0.951545 0.309300 0.000000 0.000000 0.000000 1.000000
0.142186 0.942169 0.303482 22.933800 -0.985105 0.164643 -0.049605 6.145800 -0.096702 -0.291908 0.951545 0.309300 0.000000 0.000000 0.000000 1.000000
0.142186 0.942169 0.303482 22.933800 -0.985105 0.164643 -0.049605 6.145800 -0.096702 -0.291908 0.951545 0.309300 0.000000 0.000000 0.000000 1.000000
0.142186 0.942169 0.303482 22.933800 -0.985105 0.164643 -0.049605 6.145800 -0.096702 -0.291908 0.951545 0.309300 0.000000 0.000000 0.000000 1.000000
0.142186 0.942169 0.303482 22.933800 -0.985105 0.164643 -0.049605 6.145800 -0.096702 -0.291908 0.951545 0.309300 0.000000 0.000000 0.000000 1.000000</float_array>
        <technique_common>
          <accessor source="#mixamorig_L_B_skirt1-Matrix-animation-output-transform-array" count="25" stride="16">
            <param type="float4x4"/>
          </accessor>
        </technique_common>
      </source>
      <source id="mixamorig_L_B_skirt1-Interpolations">
        <Name_array id="mixamorig_L_B_skirt1-Interpolations-array" count="25">
 LINEAR LINEAR LINEAR LINEAR LINEAR LINEAR LINEAR LINEAR LINEAR LINEAR LINEAR
LINEAR LINEAR LINEAR LINEAR LINEAR LINEAR LINEAR LINEAR LINEAR LINEAR LINEAR LINEAR
LINEAR LINEAR</Name_array>
        <technique_common>
          <accessor source="#mixamorig_L_B_skirt1-Interpolations-array" count="25">
            <param type="name"/>
          </accessor>
        </technique_common>
      </source>
      <sampler id="mixamorig_L_B_skirt1-Matrix-animation-transform">
        <input semantic="INPUT" source="#mixamorig_L_B_skirt1-Matrix-animation-input"/>
        <input semantic="OUTPUT" source="#mixamorig_L_B_skirt1-Matrix-animation-output-transform"/>
        <input semantic="INTERPOLATION" source="#mixamorig_L_B_skirt1-Interpolations"/>
      </sampler>
      <channel source="#mixamorig_L_B_skirt1-Matrix-animation-transform" target="mixamorig_L_B_skirt1/matrix"/>
    </animation>
    <animation id="mixamorig_L_B_skirt2-anim" name="mixamorig_L_B_skirt2">
      <source id="mixamorig_L_B_skirt2-Matrix-animation-input">
        <float_array id="mixamorig_L_B_skirt2-Matrix-animation-input-array" count="25">

0.000000 0.033333 0.066667 0.100000 0.133333 0.166667 0.200000 0.233333 0.266667 0.300000 0.333333 0.366667 0.400000 0.433333 0.466667 0.500000
0.533333 0.566667 0.600000 0.633333 0.666667 0.700000 0.733333 0.766667 0.800000</float_array>
        <technique_common>
          <accessor source="#mixamorig_L_B_skirt2-Matrix-animation-input-array" count="25">
            <param name="TIME" type="float"/>
          </accessor>
        </technique_common>
      </source>
      <source id="mixamorig_L_B_skirt2-Matrix-animation-output-transform">
        <float_array id="mixamorig_L_B_skirt2-Matrix-animation-output-transform-array" count="400">

1.000000 -0.000000 -0.000000 27.083401 0.000000 1.000000 0.000000 0.000000 0.000000 0.000000 1.000000 -0.000000 0.000000 0.000000 0.000000 1.000000
1.000000 -0.000000 0.000000 27.083401 0.000000 1.000000 0.000000 0.000000 0.000000 -0.000000 1.000000 -0.000000 0.000000 0.000000 0.000000 1.000000
1.000000 0.000000 -0.000000 27.083401 0.000000 1.000000 0.000000 0.000000 0.000000 0.000000 1.000000 -0.000000 0.000000 0.000000 0.000000 1.000000
1.000000 0.000000 0.000000 27.083401 0.000000 1.000000 0.000000 0.000000 -0.000000 -0.000000 1.000000 0.000000 0.000000 0.000000 0.000000 1.000000
1.000000 0.000000 0.000000 27.083401 -0.000000 1.000000 0.000000 0.000000 -0.000000 -0.000000 1.000000 0.000000 0.000000 0.000000 0.000000 1.000000
1.000000 0.000000 -0.000000 27.083401 -0.000000 1.000000 0.000000 0.000000 0.000000 0.000000 1.000000 0.000000 0.000000 0.000000 0.000000 1.000000
1.000000 0.000000 0.000000 27.083401 0.000000 1.000000 0.000000 0.000000 -0.000000 0.000000 1.000000 -0.000000 0.000000 0.000000 0.000000 1.000000
1.000000 0.000000 0.000000 27.083401 0.000000 1.000000 0.000000 -0.000000 -0.000000 0.000000 1.000000 0.000000 0.000000 0.000000 0.000000 1.000000
1.000000 -0.000000 0.000000 27.083401 -0.000000 1.000000 0.000000 0.000000 -0.000000 0.000000 1.000000 0.000000 0.000000 0.000000 0.000000 1.000000
1.000000 -0.000000 -0.000000 27.083401 0.000000 1.000000 0.000000 0.000000 0.000000 0.000000 1.000000 0.000000 0.000000 0.000000 0.000000 1.000000
1.000000 0.000000 0.000000 27.083401 0.000000 1.000000 -0.000000 0.000000 -0.000000 -0.000000 1.000000 0.000000 0.000000 0.000000 0.000000 1.000000
1.000000 0.000000 -0.000000 27.083401 -0.000000 1.000000 0.000000 0.000000 0.000000 0.000000 1.000000 0.000000 0.000000 0.000000 0.000000 1.000000
1.000000 0.000000 -0.000000 27.083401 0.000000 1.000000 -0.000000 -0.000000 0.000000 0.000000 1.000000 0.000000 0.000000 0.000000 0.000000 1.000000
1.000000 0.000000 -0.000000 27.083401 -0.000000 1.000000 0.000000 0.000000 -0.000000 0.000000 1.000000 0.000000 0.000000 0.000000 0.000000 1.000000
1.000000 -0.000000 -0.000000 27.083401 0.000000 1.000000 -0.000000 0.000000 0.000000 -0.000000 1.000000 0.000000 0.000000 0.000000 0.000000 1.000000
1.000000 0.000000 -0.000000 27.083401 -0.000000 1.000000 0.000000 -0.000000 0.000000 0.000000 1.000000 0.000000 0.000000 0.000000 0.000000 1.000000
1.000000 -0.000000 -0.000000 27.083401 0.000000 1.000000 0.000000 -0.000000 -0.000000 -0.000000 1.000000 0.000000 0.000000 0.000000 0.000000 1.000000
1.000000 -0.000000 0.000000 27.083401 0.000000 1.000000 0.000000 0.000000 -0.000000 0.000000 1.000000 0.000000 0.000000 0.000000 0.000000 1.000000
1.000000 0.000000 0.000000 27.083401 -0.000000 1.000000 0.000000 0.000000 -0.000000 -0.000000 1.000000 0.000000 0.000000 0.000000 0.000000 1.000000
1.000000 0.000000 0.000000 27.083401 0.000000 1.000000 -0.000000 0.000000 0.000000 0.000000 1.000000 0.000000 0.000000 0.000000 0.000000 1.000000
1.000000 -0.000000 -0.000000 27.083401 0.000000 1.000000 0.000000 -0.000000 -0.000000 -0.000000 1.000000 0.000000 0.000000 0.000000 0.000000 1.000000
1.000000 0.000000 -0.000000 27.083401 0.000000 1.000000 -0.000000 0.000000 -0.000000 -0.000000 1.000000 -0.000000 0.000000 0.000000 0.000000 1.000000
1.000000 0.000000 -0.000000 27.083401 0.000000 1.000000 -0.000000 0.000000 -0.000000 0.000000 1.000000 0.000000 0.000000 0.000000 0.000000 1.000000
1.000000 0.000000 -0.000000 27.083401 0.000000 1.000000 0.000000 0.000000 -0.000000 0.000000 1.000000 0.000000 0.000000 0.000000 0.000000 1.000000
1.000000 0.000000 0.000000 27.083401 -0.000000 1.000000 0.000000 0.000000 -0.000000 -0.000000 1.000000 -0.000000 0.000000 0.000000 0.000000 1.000000</float_array>
        <technique_common>
          <accessor source="#mixamorig_L_B_skirt2-Matrix-animation-output-transform-array" count="25" stride="16">
            <param type="float4x4"/>
          </accessor>
        </technique_common>
      </source>
      <source id="mixamorig_L_B_skirt2-Interpolations">
        <Name_array id="mixamorig_L_B_skirt2-Interpolations-array" count="25">
 LINEAR LINEAR LINEAR LINEAR LINEAR LINEAR LINEAR LINEAR LINEAR LINEAR LINEAR
LINEAR LINEAR LINEAR LINEAR LINEAR LINEAR LINEAR LINEAR LINEAR LINEAR LINEAR LINEAR
LINEAR LINEAR</Name_array>
        <technique_common>
          <accessor source="#mixamorig_L_B_skirt2-Interpolations-array" count="25">
            <param type="name"/>
          </accessor>
        </technique_common>
      </source>
      <sampler id="mixamorig_L_B_skirt2-Matrix-animation-transform">
        <input semantic="INPUT" source="#mixamorig_L_B_skirt2-Matrix-animation-input"/>
        <input semantic="OUTPUT" source="#mixamorig_L_B_skirt2-Matrix-animation-output-transform"/>
        <input semantic="INTERPOLATION" source="#mixamorig_L_B_skirt2-Interpolations"/>
      </sampler>
      <channel source="#mixamorig_L_B_skirt2-Matrix-animation-transform" target="mixamorig_L_B_skirt2/matrix"/>
    </animation>
    <animation id="mixamorig_L_B_skirt3-anim" name="mixamorig_L_B_skirt3">
      <source id="mixamorig_L_B_skirt3-Matrix-animation-input">
        <float_array id="mixamorig_L_B_skirt3-Matrix-animation-input-array" count="25">

0.000000 0.033333 0.066667 0.100000 0.133333 0.166667 0.200000 0.233333 0.266667 0.300000 0.333333 0.366667 0.400000 0.433333 0.466667 0.500000
0.533333 0.566667 0.600000 0.633333 0.666667 0.700000 0.733333 0.766667 0.800000</float_array>
        <technique_common>
          <accessor source="#mixamorig_L_B_skirt3-Matrix-animation-input-array" count="25">
            <param name="TIME" type="float"/>
          </accessor>
        </technique_common>
      </source>
      <source id="mixamorig_L_B_skirt3-Matrix-animation-output-transform">
        <float_array id="mixamorig_L_B_skirt3-Matrix-animation-output-transform-array" count="400">

1.000000 -0.000000 0.000000 26.734800 0.000000 1.000000 0.000000 0.000000 -0.000000 -0.000000 1.000000 0.000000 0.000000 0.000000 0.000000 1.000000
1.000000 0.000000 -0.000000 26.734800 -0.000000 1.000000 -0.000000 -0.000000 0.000000 -0.000000 1.000000 0.000000 0.000000 0.000000 0.000000 1.000000
1.000000 0.000000 0.000000 26.734800 -0.000000 1.000000 0.000000 -0.000000 0.000000 -0.000000 1.000000 -0.000000 0.000000 0.000000 0.000000 1.000000
1.000000 -0.000000 0.000000 26.734800 0.000000 1.000000 -0.000000 0.000000 -0.000000 0.000000 1.000000 0.000000 0.000000 0.000000 0.000000 1.000000
1.000000 0.000000 0.000000 26.734800 0.000000 1.000000 0.000000 0.000000 -0.000000 0.000000 1.000000 0.000000 0.000000 0.000000 0.000000 1.000000
1.000000 0.000000 0.000000 26.734800 -0.000000 1.000000 -0.000000 0.000000 0.000000 0.000000 1.000000 0.000000 0.000000 0.000000 0.000000 1.000000
1.000000 -0.000000 -0.000000 26.734800 -0.000000 1.000000 0.000000 0.000000 0.000000 0.000000 1.000000 0.000000 0.000000 0.000000 0.000000 1.000000
1.000000 0.000000 0.000000 26.734800 -0.000000 1.000000 0.000000 0.000000 -0.000000 -0.000000 1.000000 0.000000 0.000000 0.000000 0.000000 1.000000
1.000000 -0.000000 0.000000 26.734800 0.000000 1.000000 -0.000000 0.000000 -0.000000 -0.000000 1.000000 -0.000000 0.000000 0.000000 0.000000 1.000000
1.000000 0.000000 -0.000000 26.734800 -0.000000 1.000000 -0.000000 0.000000 0.000000 0.000000 1.000000 0.000000 0.000000 0.000000 0.000000 1.000000
1.000000 0.000000 -0.000000 26.734800 0.000000 1.000000 0.000000 0.000000 0.000000 0.000000 1.000000 -0.000000 0.000000 0.000000 0.000000 1.000000
1.000000 -0.000000 -0.000000 26.734800 -0.000000 1.000000 0.000000 -0.000000 -0.000000 0.000000 1.000000 -0.000000 0.000000 0.000000 0.000000 1.000000
1.000000 -0.000000 0.000000 26.734800 0.000000 1.000000 0.000000 -0.000000 0.000000 0.000000 1.000000 0.000000 0.000000 0.000000 0.000000 1.000000
1.000000 -0.000000 -0.000000 26.734800 -0.000000 1.000000 0.000000 0.000000 -0.000000 -0.000000 1.000000 0.000000 0.000000 0.000000 0.000000 1.000000
1.000000 0.000000 -0.000000 26.734800 0.000000 1.000000 0.000000 0.000000 -0.000000 -0.000000 1.000000 -0.000000 0.000000 0.000000 0.000000 1.000000
1.000000 -0.000000 0.000000 26.734800 -0.000000 1.000000 0.000000 0.000000 -0.000000 -0.000000 1.000000 -0.000000 0.000000 0.000000 0.000000 1.000000
1.000000 0.000000 -0.000000 26.734800 -0.000000 1.000000 0.000000 0.000000 0.000000 0.000000 1.000000 0.000000 0.000000 0.000000 0.000000 1.000000
1.000000 0.000000 -0.000000 26.734800 0.000000 1.000000 0.000000 0.000000 0.000000 0.000000 1.000000 0.000000 0.000000 0.000000 0.000000 1.000000
1.000000 0.000000 0.000000 26.734800 0.000000 1.000000 -0.000000 0.000000 0.000000 0.000000 1.000000 0.000000 0.000000 0.000000 0.000000 1.000000
1.000000 -0.000000 -0.000000 26.734800 0.000000 1.000000 -0.000000 -0.000000 0.000000 0.000000 1.000000 0.000000 0.000000 0.000000 0.000000 1.000000
1.000000 0.000000 -0.000000 26.734800 -0.000000 1.000000 0.000000 0.000000 0.000000 0.000000 1.000000 0.000000 0.000000 0.000000 0.000000 1.000000
1.000000 0.000000 -0.000000 26.734800 0.000000 1.000000 0.000000 0.000000 -0.000000 -0.000000 1.000000 0.000000 0.000000 0.000000 0.000000 1.000000
1.000000 -0.000000 0.000000 26.734800 -0.000000 1.000000 0.000000 0.000000 -0.000000 0.000000 1.000000 0.000000 0.000000 0.000000 0.000000 1.000000
1.000000 0.000000 -0.000000 26.734800 0.000000 1.000000 -0.000000 0.000000 -0.000000 0.000000 1.000000 0.000000 0.000000 0.000000 0.000000 1.000000
1.000000 0.000000 -0.000000 26.734800 -0.000000 1.000000 0.000000 0.000000 0.000000 -0.000000 1.000000 -0.000000 0.000000 0.000000 0.000000 1.000000</float_array>
        <technique_common>
          <accessor source="#mixamorig_L_B_skirt3-Matrix-animation-output-transform-array" count="25" stride="16">
            <param type="float4x4"/>
          </accessor>
        </technique_common>
      </source>
      <source id="mixamorig_L_B_skirt3-Interpolations">
        <Name_array id="mixamorig_L_B_skirt3-Interpolations-array" count="25">
 LINEAR LINEAR LINEAR LINEAR LINEAR LINEAR LINEAR LINEAR LINEAR LINEAR LINEAR
LINEAR LINEAR LINEAR LINEAR LINEAR LINEAR LINEAR LINEAR LINEAR LINEAR LINEAR LINEAR
LINEAR LINEAR</Name_array>
        <technique_common>
          <accessor source="#mixamorig_L_B_skirt3-Interpolations-array" count="25">
            <param type="name"/>
          </accessor>
        </technique_common>
      </source>
      <sampler id="mixamorig_L_B_skirt3-Matrix-animation-transform">
        <input semantic="INPUT" source="#mixamorig_L_B_skirt3-Matrix-animation-input"/>
        <input semantic="OUTPUT" source="#mixamorig_L_B_skirt3-Matrix-animation-output-transform"/>
        <input semantic="INTERPOLATION" source="#mixamorig_L_B_skirt3-Interpolations"/>
      </sampler>
      <channel source="#mixamorig_L_B_skirt3-Matrix-animation-transform" target="mixamorig_L_B_skirt3/matrix"/>
    </animation>
    <animation id="mixamorig_R_C_skirt1-anim" name="mixamorig_R_C_skirt1">
      <source id="mixamorig_R_C_skirt1-Matrix-animation-input">
        <float_array id="mixamorig_R_C_skirt1-Matrix-animation-input-array" count="25">

0.000000 0.033333 0.066667 0.100000 0.133333 0.166667 0.200000 0.233333 0.266667 0.300000 0.333333 0.366667 0.400000 0.433333 0.466667 0.500000
0.533333 0.566667 0.600000 0.633333 0.666667 0.700000 0.733333 0.766667 0.800000</float_array>
        <technique_common>
          <accessor source="#mixamorig_R_C_skirt1-Matrix-animation-input-array" count="25">
            <param name="TIME" type="float"/>
          </accessor>
        </technique_common>
      </source>
      <source id="mixamorig_R_C_skirt1-Matrix-animation-output-transform">
        <float_array id="mixamorig_R_C_skirt1-Matrix-animation-output-transform-array" count="400">

-0.035070 -0.292039 0.955763 -12.297300 -0.989026 0.147482 0.008774 4.606800 -0.143520 -0.944967 -0.294006 -11.833000 0.000000 0.000000 0.000000 1.000000
-0.035070 -0.292039 0.955763 -12.297300 -0.989026 0.147482 0.008774 4.606800 -0.143520 -0.944967 -0.294006 -11.833000 0.000000 0.000000 0.000000 1.000000
-0.035070 -0.292039 0.955763 -12.297300 -0.989026 0.147482 0.008774 4.606800 -0.143520 -0.944967 -0.294006 -11.833000 0.000000 0.000000 0.000000 1.000000
-0.035070 -0.292039 0.955763 -12.297300 -0.989026 0.147482 0.008774 4.606800 -0.143520 -0.944967 -0.294006 -11.833000 0.000000 0.000000 0.000000 1.000000
-0.035070 -0.292039 0.955763 -12.297300 -0.989026 0.147482 0.008774 4.606800 -0.143520 -0.944967 -0.294006 -11.833000 0.000000 0.000000 0.000000 1.000000
-0.035070 -0.292039 0.955763 -12.297300 -0.989026 0.147482 0.008774 4.606800 -0.143520 -0.944967 -0.294006 -11.833000 0.000000 0.000000 0.000000 1.000000
-0.035070 -0.292039 0.955763 -12.297300 -0.989026 0.147482 0.008774 4.606800 -0.143520 -0.944967 -0.294006 -11.833000 0.000000 0.000000 0.000000 1.000000
-0.035070 -0.292039 0.955763 -12.297300 -0.989026 0.147482 0.008774 4.606800 -0.143520 -0.944967 -0.294006 -11.833000 0.000000 0.000000 0.000000 1.000000
-0.035070 -0.292039 0.955763 -12.297300 -0.989026 0.147482 0.008774 4.606800 -0.143520 -0.944967 -0.294006 -11.833000 0.000000 0.000000 0.000000 1.000000
-0.035070 -0.292039 0.955763 -12.297300 -0.989026 0.147482 0.008774 4.606800 -0.143520 -0.944967 -0.294006 -11.833000 0.000000 0.000000 0.000000 1.000000
-0.035070 -0.292039 0.955763 -12.297300 -0.989026 0.147482 0.008774 4.606800 -0.143520 -0.944967 -0.294006 -11.833000 0.000000 0.000000 0.000000 1.000000
-0.035070 -0.292039 0.955763 -12.297300 -0.989026 0.147482 0.008774 4.606800 -0.143520 -0.944967 -0.294006 -11.833000 0.000000 0.000000 0.000000 1.000000
-0.035070 -0.292039 0.955763 -12.297300 -0.989026 0.147482 0.008774 4.606800 -0.143520 -0.944967 -0.294006 -11.833000 0.000000 0.000000 0.000000 1.000000
-0.035070 -0.292039 0.955763 -12.297300 -0.989026 0.147482 0.008774 4.606800 -0.143520 -0.944967 -0.294006 -11.833000 0.000000 0.000000 0.000000 1.000000
-0.035070 -0.292039 0.955763 -12.297300 -0.989026 0.147482 0.008774 4.606800 -0.143520 -0.944967 -0.294006 -11.833000 0.000000 0.000000 0.000000 1.000000
-0.035070 -0.292039 0.955763 -12.297300 -0.989026 0.147482 0.008774 4.606800 -0.143520 -0.944967 -0.294006 -11.833000 0.000000 0.000000 0.000000 1.000000
-0.035070 -0.292039 0.955763 -12.297300 -0.989026 0.147482 0.008774 4.606800 -0.143520 -0.944967 -0.294006 -11.833000 0.000000 0.000000 0.000000 1.000000
-0.035070 -0.292039 0.955763 -12.297300 -0.989026 0.147482 0.008774 4.606800 -0.143520 -0.944967 -0.294006 -11.833000 0.000000 0.000000 0.000000 1.000000
-0.035070 -0.292039 0.955763 -12.297300 -0.989026 0.147482 0.008774 4.606800 -0.143520 -0.944967 -0.294006 -11.833000 0.000000 0.000000 0.000000 1.000000
-0.035070 -0.292039 0.955763 -12.297300 -0.989026 0.147482 0.008774 4.606800 -0.143520 -0.944967 -0.294006 -11.833000 0.000000 0.000000 0.000000 1.000000
-0.035070 -0.292039 0.955763 -12.297300 -0.989026 0.147482 0.008774 4.606800 -0.143520 -0.944967 -0.294006 -11.833000 0.000000 0.000000 0.000000 1.000000
-0.035070 -0.292039 0.955763 -12.297300 -0.989026 0.147482 0.008774 4.606800 -0.143520 -0.944967 -0.294006 -11.833000 0.000000 0.000000 0.000000 1.000000
-0.035070 -0.292039 0.955763 -12.297300 -0.989026 0.147482 0.008774 4.606800 -0.143520 -0.944967 -0.294006 -11.833000 0.000000 0.000000 0.000000 1.000000
-0.035070 -0.292039 0.955763 -12.297300 -0.989026 0.147482 0.008774 4.606800 -0.143520 -0.944967 -0.294006 -11.833000 0.000000 0.000000 0.000000 1.000000
-0.035070 -0.292039 0.955763 -12.297300 -0.989026 0.147482 0.008774 4.606800 -0.143520 -0.944967 -0.294006 -11.833000 0.000000 0.000000 0.000000 1.000000</float_array>
        <technique_common>
          <accessor source="#mixamorig_R_C_skirt1-Matrix-animation-output-transform-array" count="25" stride="16">
            <param type="float4x4"/>
          </accessor>
        </technique_common>
      </source>
      <source id="mixamorig_R_C_skirt1-Interpolations">
        <Name_array id="mixamorig_R_C_skirt1-Interpolations-array" count="25">
 LINEAR LINEAR LINEAR LINEAR LINEAR LINEAR LINEAR LINEAR LINEAR LINEAR LINEAR
LINEAR LINEAR LINEAR LINEAR LINEAR LINEAR LINEAR LINEAR LINEAR LINEAR LINEAR LINEAR
LINEAR LINEAR</Name_array>
        <technique_common>
          <accessor source="#mixamorig_R_C_skirt1-Interpolations-array" count="25">
            <param type="name"/>
          </accessor>
        </technique_common>
      </source>
      <sampler id="mixamorig_R_C_skirt1-Matrix-animation-transform">
        <input semantic="INPUT" source="#mixamorig_R_C_skirt1-Matrix-animation-input"/>
        <input semantic="OUTPUT" source="#mixamorig_R_C_skirt1-Matrix-animation-output-transform"/>
        <input semantic="INTERPOLATION" source="#mixamorig_R_C_skirt1-Interpolations"/>
      </sampler>
      <channel source="#mixamorig_R_C_skirt1-Matrix-animation-transform" target="mixamorig_R_C_skirt1/matrix"/>
    </animation>
    <animation id="mixamorig_R_C_skirt2-anim" name="mixamorig_R_C_skirt2">
      <source id="mixamorig_R_C_skirt2-Matrix-animation-input">
        <float_array id="mixamorig_R_C_skirt2-Matrix-animation-input-array" count="25">

0.000000 0.033333 0.066667 0.100000 0.133333 0.166667 0.200000 0.233333 0.266667 0.300000 0.333333 0.366667 0.400000 0.433333 0.466667 0.500000
0.533333 0.566667 0.600000 0.633333 0.666667 0.700000 0.733333 0.766667 0.800000</float_array>
        <technique_common>
          <accessor source="#mixamorig_R_C_skirt2-Matrix-animation-input-array" count="25">
            <param name="TIME" type="float"/>
          </accessor>
        </technique_common>
      </source>
      <source id="mixamorig_R_C_skirt2-Matrix-animation-output-transform">
        <float_array id="mixamorig_R_C_skirt2-Matrix-animation-output-transform-array" count="400">

1.000000 -0.000000 0.000000 27.657600 -0.000000 1.000000 -0.000000 0.000100 0.000000 0.000000 1.000000 0.000000 0.000000 0.000000 0.000000 1.000000
1.000000 0.000000 0.000000 27.657600 -0.000000 1.000000 -0.000000 0.000100 0.000000 0.000000 1.000000 0.000000 0.000000 0.000000 0.000000 1.000000
1.000000 -0.000000 0.000000 27.657600 0.000000 1.000000 0.000000 0.000100 0.000000 -0.000000 1.000000 0.000000 0.000000 0.000000 0.000000 1.000000
1.000000 0.000000 -0.000000 27.657600 -0.000000 1.000000 0.000000 0.000100 0.000000 -0.000000 1.000000 0.000000 0.000000 0.000000 0.000000 1.000000
1.000000 0.000000 0.000000 27.657600 -0.000000 1.000000 0.000000 0.000100 0.000000 0.000000 1.000000 -0.000000 0.000000 0.000000 0.000000 1.000000
1.000000 -0.000000 -0.000000 27.657600 0.000000 1.000000 0.000000 0.000100 0.000000 -0.000000 1.000000 0.000000 0.000000 0.000000 0.000000 1.000000
1.000000 -0.000000 0.000000 27.657600 -0.000000 1.000000 -0.000000 0.000100 -0.000000 0.000000 1.000000 0.000000 0.000000 0.000000 0.000000 1.000000
1.000000 -0.000000 0.000000 27.657600 -0.000000 1.000000 -0.000000 0.000100 -0.000000 -0.000000 1.000000 -0.000000 0.000000 0.000000 0.000000 1.000000
1.000000 -0.000000 0.000000 27.657600 0.000000 1.000000 0.000000 0.000100 0.000000 -0.000000 1.000000 -0.000000 0.000000 0.000000 0.000000 1.000000
1.000000 -0.000000 0.000000 27.657600 0.000000 1.000000 0.000000 0.000100 -0.000000 -0.000000 1.000000 -0.000000 0.000000 0.000000 0.000000 1.000000
1.000000 0.000000 0.000000 27.657600 0.000000 1.000000 0.000000 0.000100 0.000000 0.000000 1.000000 0.000000 0.000000 0.000000 0.000000 1.000000
1.000000 0.000000 0.000000 27.657600 -0.000000 1.000000 0.000000 0.000100 0.000000 -0.000000 1.000000 0.000000 0.000000 0.000000 0.000000 1.000000
1.000000 0.000000 -0.000000 27.657600 -0.000000 1.000000 0.000000 0.000100 0.000000 -0.000000 1.000000 -0.000000 0.000000 0.000000 0.000000 1.000000
1.000000 -0.000000 -0.000000 27.657600 0.000000 1.000000 0.000000 0.000100 0.000000 0.000000 1.000000 -0.000000 0.000000 0.000000 0.000000 1.000000
1.000000 0.000000 -0.000000 27.657600 -0.000000 1.000000 0.000000 0.000100 -0.000000 -0.000000 1.000000 0.000000 0.000000 0.000000 0.000000 1.000000
1.000000 -0.000000 0.000000 27.657600 -0.000000 1.000000 0.000000 0.000100 -0.000000 0.000000 1.000000 -0.000000 0.000000 0.000000 0.000000 1.000000
1.000000 -0.000000 0.000000 27.657600 -0.000000 1.000000 -0.000000 0.000100 -0.000000 -0.000000 1.000000 0.000000 0.000000 0.000000 0.000000 1.000000
1.000000 -0.000000 0.000000 27.657600 0.000000 1.000000 0.000000 0.000100 0.000000 0.000000 1.000000 0.000000 0.000000 0.000000 0.000000 1.000000
1.000000 -0.000000 -0.000000 27.657600 0.000000 1.000000 0.000000 0.000100 0.000000 -0.000000 1.000000 0.000000 0.000000 0.000000 0.000000 1.000000
1.000000 -0.000000 0.000000 27.657600 0.000000 1.000000 0.000000 0.000100 -0.000000 0.000000 1.000000 -0.000000 0.000000 0.000000 0.000000 1.000000
1.000000 0.000000 -0.000000 27.657600 0.000000 1.000000 -0.000000 0.000100 -0.000000 0.000000 1.000000 -0.000000 0.000000 0.000000 0.000000 1.000000
1.000000 0.000000 -0.000000 27.657600 0.000000 1.000000 0.000000 0.000100 -0.000000 0.000000 1.000000 0.000000 0.000000 0.000000 0.000000 1.000000
1.000000 0.000000 0.000000 27.657600 -0.000000 1.000000 -0.000000 0.000100 -0.000000 0.000000 1.000000 -0.000000 0.000000 0.000000 0.000000 1.000000
1.000000 0.000000 0.000000 27.657600 0.000000 1.000000 0.000000 0.000100 0.000000 0.000000 1.000000 0.000000 0.000000 0.000000 0.000000 1.000000
1.000000 -0.000000 -0.000000 27.657600 -0.000000 1.000000 -0.000000 0.000100 -0.000000 -0.000000 1.000000 0.000000 0.000000 0.000000 0.000000 1.000000</float_array>
        <technique_common>
          <accessor source="#mixamorig_R_C_skirt2-Matrix-animation-output-transform-array" count="25" stride="16">
            <param type="float4x4"/>
          </accessor>
        </technique_common>
      </source>
      <source id="mixamorig_R_C_skirt2-Interpolations">
        <Name_array id="mixamorig_R_C_skirt2-Interpolations-array" count="25">
 LINEAR LINEAR LINEAR LINEAR LINEAR LINEAR LINEAR LINEAR LINEAR LINEAR LINEAR
LINEAR LINEAR LINEAR LINEAR LINEAR LINEAR LINEAR LINEAR LINEAR LINEAR LINEAR LINEAR
LINEAR LINEAR</Name_array>
        <technique_common>
          <accessor source="#mixamorig_R_C_skirt2-Interpolations-array" count="25">
            <param type="name"/>
          </accessor>
        </technique_common>
      </source>
      <sampler id="mixamorig_R_C_skirt2-Matrix-animation-transform">
        <input semantic="INPUT" source="#mixamorig_R_C_skirt2-Matrix-animation-input"/>
        <input semantic="OUTPUT" source="#mixamorig_R_C_skirt2-Matrix-animation-output-transform"/>
        <input semantic="INTERPOLATION" source="#mixamorig_R_C_skirt2-Interpolations"/>
      </sampler>
      <channel source="#mixamorig_R_C_skirt2-Matrix-animation-transform" target="mixamorig_R_C_skirt2/matrix"/>
    </animation>
    <animation id="mixamorig_R_C_skirt3-anim" name="mixamorig_R_C_skirt3">
      <source id="mixamorig_R_C_skirt3-Matrix-animation-input">
        <float_array id="mixamorig_R_C_skirt3-Matrix-animation-input-array" count="25">

0.000000 0.033333 0.066667 0.100000 0.133333 0.166667 0.200000 0.233333 0.266667 0.300000 0.333333 0.366667 0.400000 0.433333 0.466667 0.500000
0.533333 0.566667 0.600000 0.633333 0.666667 0.700000 0.733333 0.766667 0.800000</float_array>
        <technique_common>
          <accessor source="#mixamorig_R_C_skirt3-Matrix-animation-input-array" count="25">
            <param name="TIME" type="float"/>
          </accessor>
        </technique_common>
      </source>
      <source id="mixamorig_R_C_skirt3-Matrix-animation-output-transform">
        <float_array id="mixamorig_R_C_skirt3-Matrix-animation-output-transform-array" count="400">

1.000000 -0.000000 0.000000 23.969999 -0.000000 1.000000 -0.000000 0.000000 0.000000 0.000000 1.000000 0.000100 0.000000 0.000000 0.000000 1.000000
1.000000 -0.000000 0.000000 23.969999 0.000000 1.000000 -0.000000 0.000000 0.000000 0.000000 1.000000 0.000100 0.000000 0.000000 0.000000 1.000000
1.000000 0.000000 0.000000 23.969999 -0.000000 1.000000 0.000000 -0.000000 -0.000000 0.000000 1.000000 0.000100 0.000000 0.000000 0.000000 1.000000
1.000000 0.000000 -0.000000 23.969999 -0.000000 1.000000 0.000000 0.000000 -0.000000 0.000000 1.000000 0.000100 0.000000 0.000000 0.000000 1.000000
1.000000 0.000000 0.000000 23.969999 -0.000000 1.000000 0.000000 -0.000000 -0.000000 -0.000000 1.000000 0.000100 0.000000 0.000000 0.000000 1.000000
1.000000 -0.000000 0.000000 23.969999 -0.000000 1.000000 0.000000 0.000000 0.000000 -0.000000 1.000000 0.000100 0.000000 0.000000 0.000000 1.000000
1.000000 -0.000000 -0.000000 23.969999 -0.000000 1.000000 -0.000000 0.000000 0.000000 -0.000000 1.000000 0.000100 0.000000 0.000000 0.000000 1.000000
1.000000 -0.000000 -0.000000 23.969999 -0.000000 1.000000 -0.000000 0.000000 0.000000 -0.000000 1.000000 0.000100 0.000000 0.000000 0.000000 1.000000
1.000000 0.000000 -0.000000 23.969999 -0.000000 1.000000 0.000000 0.000000 0.000000 0.000000 1.000000 0.000100 0.000000 0.000000 0.000000 1.000000
1.000000 -0.000000 0.000000 23.969999 0.000000 1.000000 0.000000 0.000000 0.000000 -0.000000 1.000000 0.000100 0.000000 0.000000 0.000000 1.000000
1.000000 0.000000 0.000000 23.969999 -0.000000 1.000000 -0.000000 0.000000 -0.000000 0.000000 1.000000 0.000100 0.000000 0.000000 0.000000 1.000000
1.000000 -0.000000 0.000000 23.969999 0.000000 1.000000 0.000000 0.000000 0.000000 0.000000 1.000000 0.000100 0.000000 0.000000 0.000000 1.000000
1.000000 -0.000000 -0.000000 23.969999 0.000000 1.000000 -0.000000 0.000000 0.000000 0.000000 1.000000 0.000100 0.000000 0.000000 0.000000 1.000000
1.000000 0.000000 -0.000000 23.969999 -0.000000 1.000000 -0.000000 0.000000 -0.000000 0.000000 1.000000 0.000100 0.000000 0.000000 0.000000 1.000000
1.000000 -0.000000 0.000000 23.969999 0.000000 1.000000 -0.000000 0.000000 -0.000000 -0.000000 1.000000 0.000100 0.000000 0.000000 0.000000 1.000000
1.000000 0.000000 -0.000000 23.969999 -0.000000 1.000000 0.000000 0.000000 -0.000000 0.000000 1.000000 0.000100 0.000000 0.000000 0.000000 1.000000
1.000000 -0.000000 -0.000000 23.969999 -0.000000 1.000000 0.000000 -0.000000 0.000000 -0.000000 1.000000 0.000100 0.000000 0.000000 0.000000 1.000000
1.000000 -0.000000 0.000000 23.969999 0.000000 1.000000 -0.000000 0.000000 -0.000000 0.000000 1.000000 0.000100 0.000000 0.000000 0.000000 1.000000
1.000000 -0.000000 -0.000000 23.969999 -0.000000 1.000000 0.000000 -0.000000 -0.000000 -0.000000 1.000000 0.000100 0.000000 0.000000 0.000000 1.000000
1.000000 -0.000000 0.000000 23.969999 0.000000 1.000000 0.000000 0.000000 0.000000 0.000000 1.000000 0.000100 0.000000 0.000000 0.000000 1.000000
1.000000 0.000000 -0.000000 23.969999 -0.000000 1.000000 0.000000 0.000000 -0.000000 0.000000 1.000000 0.000100 0.000000 0.000000 0.000000 1.000000
1.000000 -0.000000 -0.000000 23.969999 0.000000 1.000000 0.000000 -0.000000 -0.000000 0.000000 1.000000 0.000100 0.000000 0.000000 0.000000 1.000000
1.000000 0.000000 0.000000 23.969999 -0.000000 1.000000 0.000000 0.000000 0.000000 0.000000 1.000000 0.000100 0.000000 0.000000 0.000000 1.000000
1.000000 -0.000000 -0.000000 23.969999 -0.000000 1.000000 0.000000 0.000000 0.000000 0.000000 1.000000 0.000100 0.000000 0.000000 0.000000 1.000000
1.000000 0.000000 -0.000000 23.969999 -0.000000 1.000000 0.000000 0.000000 0.000000 0.000000 1.000000 0.000100 0.000000 0.000000 0.000000 1.000000</float_array>
        <technique_common>
          <accessor source="#mixamorig_R_C_skirt3-Matrix-animation-output-transform-array" count="25" stride="16">
            <param type="float4x4"/>
          </accessor>
        </technique_common>
      </source>
      <source id="mixamorig_R_C_skirt3-Interpolations">
        <Name_array id="mixamorig_R_C_skirt3-Interpolations-array" count="25">
 LINEAR LINEAR LINEAR LINEAR LINEAR LINEAR LINEAR LINEAR LINEAR LINEAR LINEAR
LINEAR LINEAR LINEAR LINEAR LINEAR LINEAR LINEAR LINEAR LINEAR LINEAR LINEAR LINEAR
LINEAR LINEAR</Name_array>
        <technique_common>
          <accessor source="#mixamorig_R_C_skirt3-Interpolations-array" count="25">
            <param type="name"/>
          </accessor>
        </technique_common>
      </source>
      <sampler id="mixamorig_R_C_skirt3-Matrix-animation-transform">
        <input semantic="INPUT" source="#mixamorig_R_C_skirt3-Matrix-animation-input"/>
        <input semantic="OUTPUT" source="#mixamorig_R_C_skirt3-Matrix-animation-output-transform"/>
        <input semantic="INTERPOLATION" source="#mixamorig_R_C_skirt3-Interpolations"/>
      </sampler>
      <channel source="#mixamorig_R_C_skirt3-Matrix-animation-transform" target="mixamorig_R_C_skirt3/matrix"/>
    </animation>
    <animation id="mixamorig_R_A_skirt1-anim" name="mixamorig_R_A_skirt1">
      <source id="mixamorig_R_A_skirt1-Matrix-animation-input">
        <float_array id="mixamorig_R_A_skirt1-Matrix-animation-input-array" count="25">

0.000000 0.033333 0.066667 0.100000 0.133333 0.166667 0.200000 0.233333 0.266667 0.300000 0.333333 0.366667 0.400000 0.433333 0.466667 0.500000
0.533333 0.566667 0.600000 0.633333 0.666667 0.700000 0.733333 0.766667 0.800000</float_array>
        <technique_common>
          <accessor source="#mixamorig_R_A_skirt1-Matrix-animation-input-array" count="25">
            <param name="TIME" type="float"/>
          </accessor>
        </technique_common>
      </source>
      <source id="mixamorig_R_A_skirt1-Matrix-animation-output-transform">
        <float_array id="mixamorig_R_A_skirt1-Matrix-animation-output-transform-array" count="400">

-0.142126 -0.623440 -0.768845 -18.034500 -0.988646 0.051130 0.141298 3.980800 -0.048780 0.780197 -0.623629 19.504801 0.000000 0.000000 0.000000 1.000000
-0.142126 -0.623440 -0.768845 -18.034500 -0.988646 0.051130 0.141298 3.980800 -0.048780 0.780197 -0.623629 19.504801 0.000000 0.000000 0.000000 1.000000
-0.142126 -0.623440 -0.768845 -18.034500 -0.988646 0.051130 0.141298 3.980800 -0.048780 0.780197 -0.623629 19.504801 0.000000 0.000000 0.000000 1.000000
-0.142126 -0.623440 -0.768845 -18.034500 -0.988646 0.051130 0.141298 3.980800 -0.048780 0.780197 -0.623629 19.504801 0.000000 0.000000 0.000000 1.000000
-0.142126 -0.623440 -0.768845 -18.034500 -0.988646 0.051130 0.141298 3.980800 -0.048780 0.780197 -0.623629 19.504801 0.000000 0.000000 0.000000 1.000000
-0.142126 -0.623440 -0.768845 -18.034500 -0.988646 0.051130 0.141298 3.980800 -0.048780 0.780197 -0.623629 19.504801 0.000000 0.000000 0.000000 1.000000
-0.142126 -0.623440 -0.768845 -18.034500 -0.988646 0.051130 0.141298 3.980800 -0.048780 0.780197 -0.623629 19.504801 0.000000 0.000000 0.000000 1.000000
-0.142126 -0.623440 -0.768845 -18.034500 -0.988646 0.051130 0.141298 3.980800 -0.048780 0.780197 -0.623629 19.504801 0.000000 0.000000 0.000000 1.000000
-0.142126 -0.623440 -0.768845 -18.034500 -0.988646 0.051130 0.141298 3.980800 -0.048780 0.780197 -0.623629 19.504801 0.000000 0.000000 0.000000 1.000000
-0.142126 -0.623440 -0.768845 -18.034500 -0.988646 0.051130 0.141298 3.980800 -0.048780 0.780197 -0.623629 19.504801 0.000000 0.000000 0.000000 1.000000
-0.142126 -0.623440 -0.768845 -18.034500 -0.988646 0.051130 0.141298 3.980800 -0.048780 0.780197 -0.623629 19.504801 0.000000 0.000000 0.000000 1.000000
-0.142126 -0.623440 -0.768845 -18.034500 -0.988646 0.051130 0.141298 3.980800 -0.048780 0.780197 -0.623629 19.504801 0.000000 0.000000 0.000000 1.000000
-0.142126 -0.623440 -0.768845 -18.034500 -0.988646 0.051130 0.141298 3.980800 -0.048780 0.780197 -0.623629 19.504801 0.000000 0.000000 0.000000 1.000000
-0.142126 -0.623440 -0.768845 -18.034500 -0.988646 0.051130 0.141298 3.980800 -0.048780 0.780197 -0.623629 19.504801 0.000000 0.000000 0.000000 1.000000
-0.142126 -0.623440 -0.768845 -18.034500 -0.988646 0.051130 0.141298 3.980800 -0.048780 0.780197 -0.623629 19.504801 0.000000 0.000000 0.000000 1.000000
-0.142126 -0.623440 -0.768845 -18.034500 -0.988646 0.051130 0.141298 3.980800 -0.048780 0.780197 -0.623629 19.504801 0.000000 0.000000 0.000000 1.000000
-0.142126 -0.623440 -0.768845 -18.034500 -0.988646 0.051130 0.141298 3.980800 -0.048780 0.780197 -0.623629 19.504801 0.000000 0.000000 0.000000 1.000000
-0.142126 -0.623440 -0.768845 -18.034500 -0.988646 0.051130 0.141298 3.980800 -0.048780 0.780197 -0.623629 19.504801 0.000000 0.000000 0.000000 1.000000
-0.142126 -0.623440 -0.768845 -18.034500 -0.988646 0.051130 0.141298 3.980800 -0.048780 0.780197 -0.623629 19.504801 0.000000 0.000000 0.000000 1.000000
-0.142126 -0.623440 -0.768845 -18.034500 -0.988646 0.051130 0.141298 3.980800 -0.048780 0.780197 -0.623629 19.504801 0.000000 0.000000 0.000000 1.000000
-0.142126 -0.623440 -0.768845 -18.034500 -0.988646 0.051130 0.141298 3.980800 -0.048780 0.780197 -0.623629 19.504801 0.000000 0.000000 0.000000 1.000000
-0.142126 -0.623440 -0.768845 -18.034500 -0.988646 0.051130 0.141298 3.980800 -0.048780 0.780197 -0.623629 19.504801 0.000000 0.000000 0.000000 1.000000
-0.142126 -0.623440 -0.768845 -18.034500 -0.988646 0.051130 0.141298 3.980800 -0.048780 0.780197 -0.623629 19.504801 0.000000 0.000000 0.000000 1.000000
-0.142126 -0.623440 -0.768845 -18.034500 -0.988646 0.051130 0.141298 3.980800 -0.048780 0.780197 -0.623629 19.504801 0.000000 0.000000 0.000000 1.000000
-0.142126 -0.623440 -0.768845 -18.034500 -0.988646 0.051130 0.141298 3.980800 -0.048780 0.780197 -0.623629 19.504801 0.000000 0.000000 0.000000 1.000000</float_array>
        <technique_common>
          <accessor source="#mixamorig_R_A_skirt1-Matrix-animation-output-transform-array" count="25" stride="16">
            <param type="float4x4"/>
          </accessor>
        </technique_common>
      </source>
      <source id="mixamorig_R_A_skirt1-Interpolations">
        <Name_array id="mixamorig_R_A_skirt1-Interpolations-array" count="25">
 LINEAR LINEAR LINEAR LINEAR LINEAR LINEAR LINEAR LINEAR LINEAR LINEAR LINEAR
LINEAR LINEAR LINEAR LINEAR LINEAR LINEAR LINEAR LINEAR LINEAR LINEAR LINEAR LINEAR
LINEAR LINEAR</Name_array>
        <technique_common>
          <accessor source="#mixamorig_R_A_skirt1-Interpolations-array" count="25">
            <param type="name"/>
          </accessor>
        </technique_common>
      </source>
      <sampler id="mixamorig_R_A_skirt1-Matrix-animation-transform">
        <input semantic="INPUT" source="#mixamorig_R_A_skirt1-Matrix-animation-input"/>
        <input semantic="OUTPUT" source="#mixamorig_R_A_skirt1-Matrix-animation-output-transform"/>
        <input semantic="INTERPOLATION" source="#mixamorig_R_A_skirt1-Interpolations"/>
      </sampler>
      <channel source="#mixamorig_R_A_skirt1-Matrix-animation-transform" target="mixamorig_R_A_skirt1/matrix"/>
    </animation>
    <animation id="mixamorig_R_A_skirt2-anim" name="mixamorig_R_A_skirt2">
      <source id="mixamorig_R_A_skirt2-Matrix-animation-input">
        <float_array id="mixamorig_R_A_skirt2-Matrix-animation-input-array" count="25">

0.000000 0.033333 0.066667 0.100000 0.133333 0.166667 0.200000 0.233333 0.266667 0.300000 0.333333 0.366667 0.400000 0.433333 0.466667 0.500000
0.533333 0.566667 0.600000 0.633333 0.666667 0.700000 0.733333 0.766667 0.800000</float_array>
        <technique_common>
          <accessor source="#mixamorig_R_A_skirt2-Matrix-animation-input-array" count="25">
            <param name="TIME" type="float"/>
          </accessor>
        </technique_common>
      </source>
      <source id="mixamorig_R_A_skirt2-Matrix-animation-output-transform">
        <float_array id="mixamorig_R_A_skirt2-Matrix-animation-output-transform-array" count="400">

1.000000 -0.000000 0.000000 27.335400 0.000000 1.000000 0.000000 -0.000100 -0.000000 0.000000 1.000000 0.000100 0.000000 0.000000 0.000000 1.000000
1.000000 -0.000000 0.000000 27.335400 -0.000000 1.000000 0.000000 -0.000100 -0.000000 -0.000000 1.000000 0.000100 0.000000 0.000000 0.000000 1.000000
1.000000 -0.000000 0.000000 27.335400 0.000000 1.000000 0.000000 -0.000100 -0.000000 0.000000 1.000000 0.000100 0.000000 0.000000 0.000000 1.000000
1.000000 0.000000 0.000000 27.335400 -0.000000 1.000000 -0.000000 -0.000100 -0.000000 0.000000 1.000000 0.000100 0.000000 0.000000 0.000000 1.000000
1.000000 -0.000000 0.000000 27.335400 -0.000000 1.000000 0.000000 -0.000100 0.000000 0.000000 1.000000 0.000100 0.000000 0.000000 0.000000 1.000000
1.000000 -0.000000 0.000000 27.335400 0.000000 1.000000 -0.000000 -0.000100 0.000000 0.000000 1.000000 0.000100 0.000000 0.000000 0.000000 1.000000
1.000000 -0.000000 0.000000 27.335400 -0.000000 1.000000 -0.000000 -0.000100 0.000000 -0.000000 1.000000 0.000100 0.000000 0.000000 0.000000 1.000000
1.000000 -0.000000 -0.000000 27.335400 0.000000 1.000000 -0.000000 -0.000100 -0.000000 -0.000000 1.000000 0.000100 0.000000 0.000000 0.000000 1.000000
1.000000 0.000000 0.000000 27.335400 -0.000000 1.000000 0.000000 -0.000100 0.000000 0.000000 1.000000 0.000100 0.000000 0.000000 0.000000 1.000000
1.000000 -0.000000 -0.000000 27.335400 -0.000000 1.000000 0.000000 -0.000100 0.000000 0.000000 1.000000 0.000100 0.000000 0.000000 0.000000 1.000000
1.000000 0.000000 -0.000000 27.335400 -0.000000 1.000000 0.000000 -0.000100 0.000000 -0.000000 1.000000 0.000100 0.000000 0.000000 0.000000 1.000000
1.000000 0.000000 0.000000 27.335400 -0.000000 1.000000 0.000000 -0.000100 -0.000000 0.000000 1.000000 0.000100 0.000000 0.000000 0.000000 1.000000
1.000000 0.000000 -0.000000 27.335400 0.000000 1.000000 -0.000000 -0.000100 0.000000 -0.000000 1.000000 0.000100 0.000000 0.000000 0.000000 1.000000
1.000000 0.000000 0.000000 27.335400 0.000000 1.000000 0.000000 -0.000100 -0.000000 -0.000000 1.000000 0.000100 0.000000 0.000000 0.000000 1.000000
1.000000 -0.000000 0.000000 27.335400 -0.000000 1.000000 -0.000000 -0.000100 0.000000 0.000000 1.000000 0.000100 0.000000 0.000000 0.000000 1.000000
1.000000 0.000000 -0.000000 27.335400 -0.000000 1.000000 0.000000 -0.000100 -0.000000 0.000000 1.000000 0.000100 0.000000 0.000000 0.000000 1.000000
1.000000 0.000000 0.000000 27.335400 -0.000000 1.000000 0.000000 -0.000100 -0.000000 0.000000 1.000000 0.000100 0.000000 0.000000 0.000000 1.000000
1.000000 -0.000000 0.000000 27.335400 -0.000000 1.000000 -0.000000 -0.000100 0.000000 0.000000 1.000000 0.000100 0.000000 0.000000 0.000000 1.000000
1.000000 -0.000000 0.000000 27.335400 0.000000 1.000000 -0.000000 -0.000100 0.000000 0.000000 1.000000 0.000100 0.000000 0.000000 0.000000 1.000000
1.000000 -0.000000 0.000000 27.335400 -0.000000 1.000000 0.000000 -0.000100 -0.000000 0.000000 1.000000 0.000100 0.000000 0.000000 0.000000 1.000000
1.000000 -0.000000 0.000000 27.335400 0.000000 1.000000 0.000000 -0.000100 -0.000000 -0.000000 1.000000 0.000100 0.000000 0.000000 0.000000 1.000000
1.000000 -0.000000 0.000000 27.335400 0.000000 1.000000 0.000000 -0.000100 -0.000000 0.000000 1.000000 0.000100 0.000000 0.000000 0.000000 1.000000
1.000000 0.000000 0.000000 27.335400 0.000000 1.000000 0.000000 -0.000100 0.000000 -0.000000 1.000000 0.000100 0.000000 0.000000 0.000000 1.000000
1.000000 -0.000000 0.000000 27.335400 0.000000 1.000000 0.000000 -0.000100 -0.000000 0.000000 1.000000 0.000100 0.000000 0.000000 0.000000 1.000000
1.000000 0.000000 -0.000000 27.335400 -0.000000 1.000000 0.000000 -0.000100 -0.000000 0.000000 1.000000 0.000100 0.000000 0.000000 0.000000 1.000000</float_array>
        <technique_common>
          <accessor source="#mixamorig_R_A_skirt2-Matrix-animation-output-transform-array" count="25" stride="16">
            <param type="float4x4"/>
          </accessor>
        </technique_common>
      </source>
      <source id="mixamorig_R_A_skirt2-Interpolations">
        <Name_array id="mixamorig_R_A_skirt2-Interpolations-array" count="25">
 LINEAR LINEAR LINEAR LINEAR LINEAR LINEAR LINEAR LINEAR LINEAR LINEAR LINEAR
LINEAR LINEAR LINEAR LINEAR LINEAR LINEAR LINEAR LINEAR LINEAR LINEAR LINEAR LINEAR
LINEAR LINEAR</Name_array>
        <technique_common>
          <accessor source="#mixamorig_R_A_skirt2-Interpolations-array" count="25">
            <param type="name"/>
          </accessor>
        </technique_common>
      </source>
      <sampler id="mixamorig_R_A_skirt2-Matrix-animation-transform">
        <input semantic="INPUT" source="#mixamorig_R_A_skirt2-Matrix-animation-input"/>
        <input semantic="OUTPUT" source="#mixamorig_R_A_skirt2-Matrix-animation-output-transform"/>
        <input semantic="INTERPOLATION" source="#mixamorig_R_A_skirt2-Interpolations"/>
      </sampler>
      <channel source="#mixamorig_R_A_skirt2-Matrix-animation-transform" target="mixamorig_R_A_skirt2/matrix"/>
    </animation>
    <animation id="mixamorig_R_A_skirt3-anim" name="mixamorig_R_A_skirt3">
      <source id="mixamorig_R_A_skirt3-Matrix-animation-input">
        <float_array id="mixamorig_R_A_skirt3-Matrix-animation-input-array" count="25">

0.000000 0.033333 0.066667 0.100000 0.133333 0.166667 0.200000 0.233333 0.266667 0.300000 0.333333 0.366667 0.400000 0.433333 0.466667 0.500000
0.533333 0.566667 0.600000 0.633333 0.666667 0.700000 0.733333 0.766667 0.800000</float_array>
        <technique_common>
          <accessor source="#mixamorig_R_A_skirt3-Matrix-animation-input-array" count="25">
            <param name="TIME" type="float"/>
          </accessor>
        </technique_common>
      </source>
      <source id="mixamorig_R_A_skirt3-Matrix-animation-output-transform">
        <float_array id="mixamorig_R_A_skirt3-Matrix-animation-output-transform-array" count="400">

1.000000 -0.000000 0.000000 27.066099 0.000000 1.000000 -0.000000 0.000100 0.000000 -0.000000 1.000000 0.000000 0.000000 0.000000 0.000000 1.000000
1.000000 -0.000000 -0.000000 27.066099 -0.000000 1.000000 -0.000000 0.000100 -0.000000 0.000000 1.000000 0.000000 0.000000 0.000000 0.000000 1.000000
1.000000 -0.000000 -0.000000 27.066099 0.000000 1.000000 0.000000 0.000100 -0.000000 0.000000 1.000000 0.000000 0.000000 0.000000 0.000000 1.000000
1.000000 0.000000 -0.000000 27.066099 -0.000000 1.000000 -0.000000 0.000100 0.000000 0.000000 1.000000 0.000000 0.000000 0.000000 0.000000 1.000000
1.000000 -0.000000 0.000000 27.066099 -0.000000 1.000000 0.000000 0.000100 -0.000000 0.000000 1.000000 0.000000 0.000000 0.000000 0.000000 1.000000
1.000000 -0.000000 0.000000 27.066099 0.000000 1.000000 0.000000 0.000100 0.000000 0.000000 1.000000 -0.000000 0.000000 0.000000 0.000000 1.000000
1.000000 0.000000 0.000000 27.066099 0.000000 1.000000 -0.000000 0.000100 0.000000 0.000000 1.000000 0.000000 0.000000 0.000000 0.000000 1.000000
1.000000 -0.000000 -0.000000 27.066099 0.000000 1.000000 -0.000000 0.000100 0.000000 0.000000 1.000000 0.000000 0.000000 0.000000 0.000000 1.000000
1.000000 0.000000 0.000000 27.066099 -0.000000 1.000000 0.000000 0.000100 -0.000000 0.000000 1.000000 0.000000 0.000000 0.000000 0.000000 1.000000
1.000000 -0.000000 0.000000 27.066099 0.000000 1.000000 -0.000000 0.000100 0.000000 0.000000 1.000000 -0.000000 0.000000 0.000000 0.000000 1.000000
1.000000 -0.000000 -0.000000 27.066099 -0.000000 1.000000 0.000000 0.000100 -0.000000 -0.000000 1.000000 0.000000 0.000000 0.000000 0.000000 1.000000
1.000000 -0.000000 0.000000 27.066099 -0.000000 1.000000 0.000000 0.000100 -0.000000 0.000000 1.000000 0.000000 0.000000 0.000000 0.000000 1.000000
1.000000 -0.000000 -0.000000 27.066099 0.000000 1.000000 -0.000000 0.000100 -0.000000 0.000000 1.000000 0.000000 0.000000 0.000000 0.000000 1.000000
1.000000 -0.000000 0.000000 27.066099 -0.000000 1.000000 0.000000 0.000100 -0.000000 -0.000000 1.000000 0.000000 0.000000 0.000000 0.000000 1.000000
1.000000 0.000000 0.000000 27.066099 -0.000000 1.000000 0.000000 0.000100 0.000000 0.000000 1.000000 0.000000 0.000000 0.000000 0.000000 1.000000
1.000000 -0.000000 0.000000 27.066099 -0.000000 1.000000 0.000000 0.000100 0.000000 -0.000000 1.000000 0.000000 0.000000 0.000000 0.000000 1.000000
1.000000 -0.000000 -0.000000 27.066099 -0.000000 1.000000 0.000000 0.000100 0.000000 0.000000 1.000000 0.000000 0.000000 0.000000 0.000000 1.000000
1.000000 0.000000 -0.000000 27.066099 0.000000 1.000000 -0.000000 0.000100 0.000000 -0.000000 1.000000 0.000000 0.000000 0.000000 0.000000 1.000000
1.000000 0.000000 0.000000 27.066099 -0.000000 1.000000 0.000000 0.000100 0.000000 -0.000000 1.000000 0.000000 0.000000 0.000000 0.000000 1.000000
1.000000 -0.000000 0.000000 27.066099 0.000000 1.000000 0.000000 0.000100 0.000000 0.000000 1.000000 0.000000 0.000000 0.000000 0.000000 1.000000
1.000000 -0.000000 -0.000000 27.066099 0.000000 1.000000 0.000000 0.000100 -0.000000 0.000000 1.000000 0.000000 0.000000 0.000000 0.000000 1.000000
1.000000 -0.000000 0.000000 27.066099 0.000000 1.000000 -0.000000 0.000100 0.000000 0.000000 1.000000 -0.000000 0.000000 0.000000 0.000000 1.000000
1.000000 0.000000 -0.000000 27.066099 0.000000 1.000000 0.000000 0.000100 0.000000 -0.000000 1.000000 0.000000 0.000000 0.000000 0.000000 1.000000
1.000000 -0.000000 0.000000 27.066099 0.000000 1.000000 -0.000000 0.000100 0.000000 0.000000 1.000000 0.000000 0.000000 0.000000 0.000000 1.000000
1.000000 0.000000 0.000000 27.066099 -0.000000 1.000000 0.000000 0.000100 0.000000 0.000000 1.000000 0.000000 0.000000 0.000000 0.000000 1.000000</float_array>
        <technique_common>
          <accessor source="#mixamorig_R_A_skirt3-Matrix-animation-output-transform-array" count="25" stride="16">
            <param type="float4x4"/>
          </accessor>
        </technique_common>
      </source>
      <source id="mixamorig_R_A_skirt3-Interpolations">
        <Name_array id="mixamorig_R_A_skirt3-Interpolations-array" count="25">
 LINEAR LINEAR LINEAR LINEAR LINEAR LINEAR LINEAR LINEAR LINEAR LINEAR LINEAR
LINEAR LINEAR LINEAR LINEAR LINEAR LINEAR LINEAR LINEAR LINEAR LINEAR LINEAR LINEAR
LINEAR LINEAR</Name_array>
        <technique_common>
          <accessor source="#mixamorig_R_A_skirt3-Interpolations-array" count="25">
            <param type="name"/>
          </accessor>
        </technique_common>
      </source>
      <sampler id="mixamorig_R_A_skirt3-Matrix-animation-transform">
        <input semantic="INPUT" source="#mixamorig_R_A_skirt3-Matrix-animation-input"/>
        <input semantic="OUTPUT" source="#mixamorig_R_A_skirt3-Matrix-animation-output-transform"/>
        <input semantic="INTERPOLATION" source="#mixamorig_R_A_skirt3-Interpolations"/>
      </sampler>
      <channel source="#mixamorig_R_A_skirt3-Matrix-animation-transform" target="mixamorig_R_A_skirt3/matrix"/>
    </animation>
    <animation id="mixamorig_R_B_skirt1-anim" name="mixamorig_R_B_skirt1">
      <source id="mixamorig_R_B_skirt1-Matrix-animation-input">
        <float_array id="mixamorig_R_B_skirt1-Matrix-animation-input-array" count="25">

0.000000 0.033333 0.066667 0.100000 0.133333 0.166667 0.200000 0.233333 0.266667 0.300000 0.333333 0.366667 0.400000 0.433333 0.466667 0.500000
0.533333 0.566667 0.600000 0.633333 0.666667 0.700000 0.733333 0.766667 0.800000</float_array>
        <technique_common>
          <accessor source="#mixamorig_R_B_skirt1-Matrix-animation-input-array" count="25">
            <param name="TIME" type="float"/>
          </accessor>
        </technique_common>
      </source>
      <source id="mixamorig_R_B_skirt1-Matrix-animation-output-transform">
        <float_array id="mixamorig_R_B_skirt1-Matrix-animation-output-transform-array" count="400">

-0.142189 -0.942168 0.303482 -22.789900 -0.985105 0.164647 0.049604 6.145800 -0.096702 -0.291908 -0.951545 0.309300 0.000000 0.000000 0.000000 1.000000
-0.142189 -0.942168 0.303482 -22.789900 -0.985105 0.164647 0.049604 6.145800 -0.096702 -0.291908 -0.951545 0.309300 0.000000 0.000000 0.000000 1.000000
-0.142189 -0.942168 0.303482 -22.789900 -0.985105 0.164647 0.049604 6.145800 -0.096702 -0.291908 -0.951545 0.309300 0.000000 0.000000 0.000000 1.000000
-0.142189 -0.942168 0.303482 -22.789900 -0.985105 0.164647 0.049604 6.145800 -0.096702 -0.291908 -0.951545 0.309300 0.000000 0.000000 0.000000 1.000000
-0.142189 -0.942168 0.303482 -22.789900 -0.985105 0.164647 0.049604 6.145800 -0.096702 -0.291908 -0.951545 0.309300 0.000000 0.000000 0.000000 1.000000
-0.142189 -0.942168 0.303482 -22.789900 -0.985105 0.164647 0.049604 6.145800 -0.096702 -0.291908 -0.951545 0.309300 0.000000 0.000000 0.000000 1.000000
-0.142189 -0.942168 0.303482 -22.789900 -0.985105 0.164647 0.049604 6.145800 -0.096702 -0.291908 -0.951545 0.309300 0.000000 0.000000 0.000000 1.000000
-0.142189 -0.942168 0.303482 -22.789900 -0.985105 0.164647 0.049604 6.145800 -0.096702 -0.291908 -0.951545 0.309300 0.000000 0.000000 0.000000 1.000000
-0.142189 -0.942168 0.303482 -22.789900 -0.985105 0.164647 0.049604 6.145800 -0.096702 -0.291908 -0.951545 0.309300 0.000000 0.000000 0.000000 1.000000
-0.142189 -0.942168 0.303482 -22.789900 -0.985105 0.164647 0.049604 6.145800 -0.096702 -0.291908 -0.951545 0.309300 0.000000 0.000000 0.000000 1.000000
-0.142189 -0.942168 0.303482 -22.789900 -0.985105 0.164647 0.049604 6.145800 -0.096702 -0.291908 -0.951545 0.309300 0.000000 0.000000 0.000000 1.000000
-0.142189 -0.942168 0.303482 -22.789900 -0.985105 0.164647 0.049604 6.145800 -0.096702 -0.291908 -0.951545 0.309300 0.000000 0.000000 0.000000 1.000000
-0.142189 -0.942168 0.303482 -22.789900 -0.985105 0.164647 0.049604 6.145800 -0.096702 -0.291908 -0.951545 0.309300 0.000000 0.000000 0.000000 1.000000
-0.142189 -0.942168 0.303482 -22.789900 -0.985105 0.164647 0.049604 6.145800 -0.096702 -0.291908 -0.951545 0.309300 0.000000 0.000000 0.000000 1.000000
-0.142189 -0.942168 0.303482 -22.789900 -0.985105 0.164647 0.049604 6.145800 -0.096702 -0.291908 -0.951545 0.309300 0.000000 0.000000 0.000000 1.000000
-0.142189 -0.942168 0.303482 -22.789900 -0.985105 0.164647 0.049604 6.145800 -0.096702 -0.291908 -0.951545 0.309300 0.000000 0.000000 0.000000 1.000000
-0.142189 -0.942168 0.303482 -22.789900 -0.985105 0.164647 0.049604 6.145800 -0.096702 -0.291908 -0.951545 0.309300 0.000000 0.000000 0.000000 1.000000
-0.142189 -0.942168 0.303482 -22.789900 -0.985105 0.164647 0.049604 6.145800 -0.096702 -0.291908 -0.951545 0.309300 0.000000 0.000000 0.000000 1.000000
-0.142189 -0.942168 0.303482 -22.789900 -0.985105 0.164647 0.049604 6.145800 -0.096702 -0.291908 -0.951545 0.309300 0.000000 0.000000 0.000000 1.000000
-0.142189 -0.942168 0.303482 -22.789900 -0.985105 0.164647 0.049604 6.145800 -0.096702 -0.291908 -0.951545 0.309300 0.000000 0.000000 0.000000 1.000000
-0.142189 -0.942168 0.303482 -22.789900 -0.985105 0.164647 0.049604 6.145800 -0.096702 -0.291908 -0.951545 0.309300 0.000000 0.000000 0.000000 1.000000
-0.142189 -0.942168 0.303482 -22.789900 -0.985105 0.164647 0.049604 6.145800 -0.096702 -0.291908 -0.951545 0.309300 0.000000 0.000000 0.000000 1.000000
-0.142189 -0.942168 0.303482 -22.789900 -0.985105 0.164647 0.049604 6.145800 -0.096702 -0.291908 -0.951545 0.309300 0.000000 0.000000 0.000000 1.000000
-0.142189 -0.942168 0.303482 -22.789900 -0.985105 0.164647 0.049604 6.145800 -0.096702 -0.291908 -0.951545 0.309300 0.000000 0.000000 0.000000 1.000000
-0.142189 -0.942168 0.303482 -22.789900 -0.985105 0.164647 0.049604 6.145800 -0.096702 -0.291908 -0.951545 0.309300 0.000000 0.000000 0.000000 1.000000</float_array>
        <technique_common>
          <accessor source="#mixamorig_R_B_skirt1-Matrix-animation-output-transform-array" count="25" stride="16">
            <param type="float4x4"/>
          </accessor>
        </technique_common>
      </source>
      <source id="mixamorig_R_B_skirt1-Interpolations">
        <Name_array id="mixamorig_R_B_skirt1-Interpolations-array" count="25">
 LINEAR LINEAR LINEAR LINEAR LINEAR LINEAR LINEAR LINEAR LINEAR LINEAR LINEAR
LINEAR LINEAR LINEAR LINEAR LINEAR LINEAR LINEAR LINEAR LINEAR LINEAR LINEAR LINEAR
LINEAR LINEAR</Name_array>
        <technique_common>
          <accessor source="#mixamorig_R_B_skirt1-Interpolations-array" count="25">
            <param type="name"/>
          </accessor>
        </technique_common>
      </source>
      <sampler id="mixamorig_R_B_skirt1-Matrix-animation-transform">
        <input semantic="INPUT" source="#mixamorig_R_B_skirt1-Matrix-animation-input"/>
        <input semantic="OUTPUT" source="#mixamorig_R_B_skirt1-Matrix-animation-output-transform"/>
        <input semantic="INTERPOLATION" source="#mixamorig_R_B_skirt1-Interpolations"/>
      </sampler>
      <channel source="#mixamorig_R_B_skirt1-Matrix-animation-transform" target="mixamorig_R_B_skirt1/matrix"/>
    </animation>
    <animation id="mixamorig_R_B_skirt2-anim" name="mixamorig_R_B_skirt2">
      <source id="mixamorig_R_B_skirt2-Matrix-animation-input">
        <float_array id="mixamorig_R_B_skirt2-Matrix-animation-input-array" count="25">

0.000000 0.033333 0.066667 0.100000 0.133333 0.166667 0.200000 0.233333 0.266667 0.300000 0.333333 0.366667 0.400000 0.433333 0.466667 0.500000
0.533333 0.566667 0.600000 0.633333 0.666667 0.700000 0.733333 0.766667 0.800000</float_array>
        <technique_common>
          <accessor source="#mixamorig_R_B_skirt2-Matrix-animation-input-array" count="25">
            <param name="TIME" type="float"/>
          </accessor>
        </technique_common>
      </source>
      <source id="mixamorig_R_B_skirt2-Matrix-animation-output-transform">
        <float_array id="mixamorig_R_B_skirt2-Matrix-animation-output-transform-array" count="400">

1.000000 0.000000 -0.000000 27.083401 -0.000000 1.000000 -0.000000 0.000000 -0.000000 0.000000 1.000000 0.000000 0.000000 0.000000 0.000000 1.000000
1.000000 0.000000 0.000000 27.083401 0.000000 1.000000 -0.000000 0.000000 0.000000 0.000000 1.000000 -0.000000 0.000000 0.000000 0.000000 1.000000
1.000000 -0.000000 -0.000000 27.083401 0.000000 1.000000 0.000000 0.000000 -0.000000 0.000000 1.000000 0.000000 0.000000 0.000000 0.000000 1.000000
1.000000 0.000000 0.000000 27.083401 -0.000000 1.000000 0.000000 0.000000 -0.000000 0.000000 1.000000 0.000000 0.000000 0.000000 0.000000 1.000000
1.000000 0.000000 0.000000 27.083401 0.000000 1.000000 0.000000 0.000000 -0.000000 0.000000 1.000000 0.000000 0.000000 0.000000 0.000000 1.000000
1.000000 0.000000 -0.000000 27.083401 -0.000000 1.000000 0.000000 -0.000000 0.000000 -0.000000 1.000000 -0.000000 0.000000 0.000000 0.000000 1.000000
1.000000 0.000000 0.000000 27.083401 0.000000 1.000000 0.000000 0.000000 -0.000000 0.000000 1.000000 0.000000 0.000000 0.000000 0.000000 1.000000
1.000000 -0.000000 -0.000000 27.083401 0.000000 1.000000 -0.000000 0.000000 0.000000 0.000000 1.000000 0.000000 0.000000 0.000000 0.000000 1.000000
1.000000 0.000000 -0.000000 27.083401 -0.000000 1.000000 0.000000 0.000000 -0.000000 -0.000000 1.000000 0.000000 0.000000 0.000000 0.000000 1.000000
1.000000 -0.000000 0.000000 27.083401 0.000000 1.000000 0.000000 0.000000 -0.000000 0.000000 1.000000 0.000000 0.000000 0.000000 0.000000 1.000000
1.000000 0.000000 -0.000000 27.083401 0.000000 1.000000 0.000000 -0.000000 0.000000 -0.000000 1.000000 -0.000000 0.000000 0.000000 0.000000 1.000000
1.000000 -0.000000 -0.000000 27.083401 -0.000000 1.000000 -0.000000 0.000000 0.000000 -0.000000 1.000000 -0.000000 0.000000 0.000000 0.000000 1.000000
1.000000 0.000000 -0.000000 27.083401 0.000000 1.000000 -0.000000 0.000000 -0.000000 0.000000 1.000000 0.000000 0.000000 0.000000 0.000000 1.000000
1.000000 0.000000 0.000000 27.083401 0.000000 1.000000 0.000000 0.000000 0.000000 -0.000000 1.000000 0.000000 0.000000 0.000000 0.000000 1.000000
1.000000 0.000000 0.000000 27.083401 0.000000 1.000000 0.000000 0.000000 -0.000000 -0.000000 1.000000 0.000000 0.000000 0.000000 0.000000 1.000000
1.000000 0.000000 -0.000000 27.083401 0.000000 1.000000 0.000000 0.000000 0.000000 0.000000 1.000000 0.000000 0.000000 0.000000 0.000000 1.000000
1.000000 -0.000000 0.000000 27.083401 0.000000 1.000000 -0.000000 -0.000000 0.000000 0.000000 1.000000 0.000000 0.000000 0.000000 0.000000 1.000000
1.000000 -0.000000 0.000000 27.083401 0.000000 1.000000 0.000000 0.000000 0.000000 0.000000 1.000000 0.000000 0.000000 0.000000 0.000000 1.000000
1.000000 0.000000 -0.000000 27.083401 0.000000 1.000000 -0.000000 0.000000 -0.000000 0.000000 1.000000 -0.000000 0.000000 0.000000 0.000000 1.000000
1.000000 -0.000000 -0.000000 27.083401 -0.000000 1.000000 -0.000000 0.000000 0.000000 0.000000 1.000000 0.000000 0.000000 0.000000 0.000000 1.000000
1.000000 -0.000000 -0.000000 27.083401 0.000000 1.000000 -0.000000 0.000000 0.000000 0.000000 1.000000 0.000000 0.000000 0.000000 0.000000 1.000000
1.000000 0.000000 -0.000000 27.083401 -0.000000 1.000000 0.000000 0.000000 0.000000 0.000000 1.000000 0.000000 0.000000 0.000000 0.000000 1.000000
1.000000 -0.000000 -0.000000 27.083401 0.000000 1.000000 0.000000 0.000000 0.000000 0.000000 1.000000 0.000000 0.000000 0.000000 0.000000 1.000000
1.000000 -0.000000 -0.000000 27.083401 0.000000 1.000000 -0.000000 0.000000 0.000000 0.000000 1.000000 -0.000000 0.000000 0.000000 0.000000 1.000000
1.000000 0.000000 0.000000 27.083401 0.000000 1.000000 0.000000 0.000000 0.000000 -0.000000 1.000000 0.000000 0.000000 0.000000 0.000000 1.000000</float_array>
        <technique_common>
          <accessor source="#mixamorig_R_B_skirt2-Matrix-animation-output-transform-array" count="25" stride="16">
            <param type="float4x4"/>
          </accessor>
        </technique_common>
      </source>
      <source id="mixamorig_R_B_skirt2-Interpolations">
        <Name_array id="mixamorig_R_B_skirt2-Interpolations-array" count="25">
 LINEAR LINEAR LINEAR LINEAR LINEAR LINEAR LINEAR LINEAR LINEAR LINEAR LINEAR
LINEAR LINEAR LINEAR LINEAR LINEAR LINEAR LINEAR LINEAR LINEAR LINEAR LINEAR LINEAR
LINEAR LINEAR</Name_array>
        <technique_common>
          <accessor source="#mixamorig_R_B_skirt2-Interpolations-array" count="25">
            <param type="name"/>
          </accessor>
        </technique_common>
      </source>
      <sampler id="mixamorig_R_B_skirt2-Matrix-animation-transform">
        <input semantic="INPUT" source="#mixamorig_R_B_skirt2-Matrix-animation-input"/>
        <input semantic="OUTPUT" source="#mixamorig_R_B_skirt2-Matrix-animation-output-transform"/>
        <input semantic="INTERPOLATION" source="#mixamorig_R_B_skirt2-Interpolations"/>
      </sampler>
      <channel source="#mixamorig_R_B_skirt2-Matrix-animation-transform" target="mixamorig_R_B_skirt2/matrix"/>
    </animation>
    <animation id="mixamorig_R_B_skirt3-anim" name="mixamorig_R_B_skirt3">
      <source id="mixamorig_R_B_skirt3-Matrix-animation-input">
        <float_array id="mixamorig_R_B_skirt3-Matrix-animation-input-array" count="25">

0.000000 0.033333 0.066667 0.100000 0.133333 0.166667 0.200000 0.233333 0.266667 0.300000 0.333333 0.366667 0.400000 0.433333 0.466667 0.500000
0.533333 0.566667 0.600000 0.633333 0.666667 0.700000 0.733333 0.766667 0.800000</float_array>
        <technique_common>
          <accessor source="#mixamorig_R_B_skirt3-Matrix-animation-input-array" count="25">
            <param name="TIME" type="float"/>
          </accessor>
        </technique_common>
      </source>
      <source id="mixamorig_R_B_skirt3-Matrix-animation-output-transform">
        <float_array id="mixamorig_R_B_skirt3-Matrix-animation-output-transform-array" count="400">

1.000000 -0.000000 -0.000000 26.734699 -0.000000 1.000000 -0.000000 0.000000 -0.000000 0.000000 1.000000 0.000000 0.000000 0.000000 0.000000 1.000000
1.000000 0.000000 0.000000 26.734699 0.000000 1.000000 -0.000000 0.000000 0.000000 0.000000 1.000000 0.000000 0.000000 0.000000 0.000000 1.000000
1.000000 0.000000 -0.000000 26.734699 0.000000 1.000000 0.000000 -0.000000 -0.000000 0.000000 1.000000 0.000000 0.000000 0.000000 0.000000 1.000000
1.000000 0.000000 0.000000 26.734699 0.000000 1.000000 0.000000 0.000000 -0.000000 0.000000 1.000000 0.000000 0.000000 0.000000 0.000000 1.000000
1.000000 0.000000 0.000000 26.734699 0.000000 1.000000 0.000000 0.000000 0.000000 0.000000 1.000000 0.000000 0.000000 0.000000 0.000000 1.000000
1.000000 0.000000 0.000000 26.734699 0.000000 1.000000 0.000000 0.000000 0.000000 -0.000000 1.000000 0.000000 0.000000 0.000000 0.000000 1.000000
1.000000 0.000000 0.000000 26.734699 -0.000000 1.000000 0.000000 -0.000000 0.000000 -0.000000 1.000000 0.000000 0.000000 0.000000 0.000000 1.000000
1.000000 0.000000 -0.000000 26.734699 0.000000 1.000000 0.000000 0.000000 0.000000 0.000000 1.000000 0.000000 0.000000 0.000000 0.000000 1.000000
1.000000 0.000000 0.000000 26.734699 0.000000 1.000000 -0.000000 0.000000 0.000000 -0.000000 1.000000 -0.000000 0.000000 0.000000 0.000000 1.000000
1.000000 0.000000 0.000000 26.734699 0.000000 1.000000 0.000000 0.000000 -0.000000 -0.000000 1.000000 -0.000000 0.000000 0.000000 0.000000 1.000000
1.000000 0.000000 -0.000000 26.734699 0.000000 1.000000 0.000000 0.000000 0.000000 -0.000000 1.000000 0.000000 0.000000 0.000000 0.000000 1.000000
1.000000 0.000000 -0.000000 26.734699 0.000000 1.000000 0.000000 0.000000 -0.000000 0.000000 1.000000 0.000000 0.000000 0.000000 0.000000 1.000000
1.000000 0.000000 -0.000000 26.734699 0.000000 1.000000 0.000000 0.000000 -0.000000 0.000000 1.000000 -0.000000 0.000000 0.000000 0.000000 1.000000
1.000000 0.000000 0.000000 26.734699 -0.000000 1.000000 0.000000 0.000000 0.000000 -0.000000 1.000000 0.000000 0.000000 0.000000 0.000000 1.000000
1.000000 0.000000 0.000000 26.734699 0.000000 1.000000 0.000000 0.000000 0.000000 -0.000000 1.000000 -0.000000 0.000000 0.000000 0.000000 1.000000
1.000000 0.000000 0.000000 26.734699 0.000000 1.000000 0.000000 0.000000 0.000000 0.000000 1.000000 0.000000 0.000000 0.000000 0.000000 1.000000
1.000000 0.000000 0.000000 26.734699 0.000000 1.000000 0.000000 0.000000 0.000000 -0.000000 1.000000 0.000000 0.000000 0.000000 0.000000 1.000000
1.000000 -0.000000 0.000000 26.734699 0.000000 1.000000 -0.000000 0.000000 0.000000 0.000000 1.000000 0.000000 0.000000 0.000000 0.000000 1.000000
1.000000 0.000000 -0.000000 26.734699 0.000000 1.000000 0.000000 0.000000 -0.000000 0.000000 1.000000 -0.000000 0.000000 0.000000 0.000000 1.000000
1.000000 -0.000000 -0.000000 26.734699 -0.000000 1.000000 0.000000 0.000000 0.000000 0.000000 1.000000 0.000000 0.000000 0.000000 0.000000 1.000000
1.000000 0.000000 -0.000000 26.734699 0.000000 1.000000 0.000000 0.000000 -0.000000 -0.000000 1.000000 0.000000 0.000000 0.000000 0.000000 1.000000
1.000000 0.000000 -0.000000 26.734699 -0.000000 1.000000 0.000000 0.000000 -0.000000 -0.000000 1.000000 0.000000 0.000000 0.000000 0.000000 1.000000
1.000000 -0.000000 -0.000000 26.734699 0.000000 1.000000 0.000000 0.000000 0.000000 0.000000 1.000000 -0.000000 0.000000 0.000000 0.000000 1.000000
1.000000 -0.000000 -0.000000 26.734699 -0.000000 1.000000 0.000000 0.000000 0.000000 0.000000 1.000000 0.000000 0.000000 0.000000 0.000000 1.000000
1.000000 0.000000 0.000000 26.734699 0.000000 1.000000 0.000000 0.000000 0.000000 -0.000000 1.000000 -0.000000 0.000000 0.000000 0.000000 1.000000</float_array>
        <technique_common>
          <accessor source="#mixamorig_R_B_skirt3-Matrix-animation-output-transform-array" count="25" stride="16">
            <param type="float4x4"/>
          </accessor>
        </technique_common>
      </source>
      <source id="mixamorig_R_B_skirt3-Interpolations">
        <Name_array id="mixamorig_R_B_skirt3-Interpolations-array" count="25">
 LINEAR LINEAR LINEAR LINEAR LINEAR LINEAR LINEAR LINEAR LINEAR LINEAR LINEAR
LINEAR LINEAR LINEAR LINEAR LINEAR LINEAR LINEAR LINEAR LINEAR LINEAR LINEAR LINEAR
LINEAR LINEAR</Name_array>
        <technique_common>
          <accessor source="#mixamorig_R_B_skirt3-Interpolations-array" count="25">
            <param type="name"/>
          </accessor>
        </technique_common>
      </source>
      <sampler id="mixamorig_R_B_skirt3-Matrix-animation-transform">
        <input semantic="INPUT" source="#mixamorig_R_B_skirt3-Matrix-animation-input"/>
        <input semantic="OUTPUT" source="#mixamorig_R_B_skirt3-Matrix-animation-output-transform"/>
        <input semantic="INTERPOLATION" source="#mixamorig_R_B_skirt3-Interpolations"/>
      </sampler>
      <channel source="#mixamorig_R_B_skirt3-Matrix-animation-transform" target="mixamorig_R_B_skirt3/matrix"/>
    </animation>
    <animation id="mixamorig_F_skirt1-anim" name="mixamorig_F_skirt1">
      <source id="mixamorig_F_skirt1-Matrix-animation-input">
        <float_array id="mixamorig_F_skirt1-Matrix-animation-input-array" count="25">

0.000000 0.033333 0.066667 0.100000 0.133333 0.166667 0.200000 0.233333 0.266667 0.300000 0.333333 0.366667 0.400000 0.433333 0.466667 0.500000
0.533333 0.566667 0.600000 0.633333 0.666667 0.700000 0.733333 0.766667 0.800000</float_array>
        <technique_common>
          <accessor source="#mixamorig_F_skirt1-Matrix-animation-input-array" count="25">
            <param name="TIME" type="float"/>
          </accessor>
        </technique_common>
      </source>
      <source id="mixamorig_F_skirt1-Matrix-animation-output-transform">
        <float_array id="mixamorig_F_skirt1-Matrix-animation-output-transform-array" count="400">

-0.000002 0.000000 -1.000000 -0.093700 -0.998606 0.052777 0.000002 -3.741800 0.052777 0.998606 0.000000 24.067699 0.000000 0.000000 0.000000 1.000000
-0.000002 0.000000 -1.000000 -0.093700 -0.998606 0.052777 0.000002 -3.741800 0.052777 0.998606 -0.000000 24.067699 0.000000 0.000000 0.000000 1.000000
-0.000002 0.000000 -1.000000 -0.093700 -0.998606 0.052777 0.000002 -3.741800 0.052777 0.998606 0.000000 24.067699 0.000000 0.000000 0.000000 1.000000
-0.000002 0.000000 -1.000000 -0.093700 -0.998606 0.052777 0.000002 -3.741800 0.052777 0.998606 0.000000 24.067699 0.000000 0.000000 0.000000 1.000000
-0.000002 0.000000 -1.000000 -0.093700 -0.998606 0.052777 0.000002 -3.741800 0.052777 0.998606 0.000000 24.067699 0.000000 0.000000 0.000000 1.000000
-0.000002 0.000000 -1.000000 -0.093700 -0.998606 0.052777 0.000002 -3.741800 0.052777 0.998606 0.000000 24.067699 0.000000 0.000000 0.000000 1.000000
-0.000002 0.000000 -1.000000 -0.093700 -0.998606 0.052777 0.000002 -3.741800 0.052777 0.998606 0.000000 24.067699 0.000000 0.000000 0.000000 1.000000
-0.000002 0.000000 -1.000000 -0.093700 -0.998606 0.052777 0.000002 -3.741800 0.052777 0.998606 0.000000 24.067699 0.000000 0.000000 0.000000 1.000000
-0.000002 0.000000 -1.000000 -0.093700 -0.998606 0.052777 0.000002 -3.741800 0.052777 0.998606 -0.000000 24.067699 0.000000 0.000000 0.000000 1.000000
-0.000002 0.000000 -1.000000 -0.093700 -0.998606 0.052777 0.000002 -3.741800 0.052777 0.998606 0.000000 24.067699 0.000000 0.000000 0.000000 1.000000
-0.000002 0.000000 -1.000000 -0.093700 -0.998606 0.052777 0.000002 -3.741800 0.052777 0.998606 -0.000000 24.067699 0.000000 0.000000 0.000000 1.000000
-0.000002 0.000000 -1.000000 -0.093700 -0.998606 0.052777 0.000002 -3.741800 0.052777 0.998606 -0.000000 24.067699 0.000000 0.000000 0.000000 1.000000
-0.000002 0.000000 -1.000000 -0.093700 -0.998606 0.052777 0.000002 -3.741800 0.052777 0.998606 0.000000 24.067699 0.000000 0.000000 0.000000 1.000000
-0.000002 0.000000 -1.000000 -0.093700 -0.998606 0.052777 0.000002 -3.741800 0.052777 0.998606 0.000000 24.067699 0.000000 0.000000 0.000000 1.000000
-0.000002 0.000000 -1.000000 -0.093700 -0.998606 0.052777 0.000002 -3.741800 0.052777 0.998606 0.000000 24.067699 0.000000 0.000000 0.000000 1.000000
-0.000002 0.000000 -1.000000 -0.093700 -0.998606 0.052777 0.000002 -3.741800 0.052777 0.998606 0.000000 24.067699 0.000000 0.000000 0.000000 1.000000
-0.000002 0.000000 -1.000000 -0.093700 -0.998606 0.052777 0.000002 -3.741800 0.052777 0.998606 0.000000 24.067699 0.000000 0.000000 0.000000 1.000000
-0.000002 0.000000 -1.000000 -0.093700 -0.998606 0.052777 0.000002 -3.741800 0.052777 0.998606 0.000000 24.067699 0.000000 0.000000 0.000000 1.000000
-0.000002 0.000000 -1.000000 -0.093700 -0.998606 0.052777 0.000002 -3.741800 0.052777 0.998606 0.000000 24.067699 0.000000 0.000000 0.000000 1.000000
-0.000002 0.000000 -1.000000 -0.093700 -0.998606 0.052777 0.000002 -3.741800 0.052777 0.998606 0.000000 24.067699 0.000000 0.000000 0.000000 1.000000
-0.000002 0.000000 -1.000000 -0.093700 -0.998606 0.052777 0.000002 -3.741800 0.052777 0.998606 0.000000 24.067699 0.000000 0.000000 0.000000 1.000000
-0.000002 0.000000 -1.000000 -0.093700 -0.998606 0.052777 0.000002 -3.741800 0.052777 0.998606 0.000000 24.067699 0.000000 0.000000 0.000000 1.000000
-0.000002 0.000000 -1.000000 -0.093700 -0.998606 0.052777 0.000002 -3.741800 0.052777 0.998606 0.000000 24.067699 0.000000 0.000000 0.000000 1.000000
-0.000002 0.000000 -1.000000 -0.093700 -0.998606 0.052777 0.000002 -3.741800 0.052777 0.998606 0.000000 24.067699 0.000000 0.000000 0.000000 1.000000
-0.000002 0.000000 -1.000000 -0.093700 -0.998606 0.052777 0.000002 -3.741800 0.052777 0.998606 0.000000 24.067699 0.000000 0.000000 0.000000 1.000000</float_array>
        <technique_common>
          <accessor source="#mixamorig_F_skirt1-Matrix-animation-output-transform-array" count="25" stride="16">
            <param type="float4x4"/>
          </accessor>
        </technique_common>
      </source>
      <source id="mixamorig_F_skirt1-Interpolations">
        <Name_array id="mixamorig_F_skirt1-Interpolations-array" count="25">
 LINEAR LINEAR LINEAR LINEAR LINEAR LINEAR LINEAR LINEAR LINEAR LINEAR LINEAR
LINEAR LINEAR LINEAR LINEAR LINEAR LINEAR LINEAR LINEAR LINEAR LINEAR LINEAR LINEAR
LINEAR LINEAR</Name_array>
        <technique_common>
          <accessor source="#mixamorig_F_skirt1-Interpolations-array" count="25">
            <param type="name"/>
          </accessor>
        </technique_common>
      </source>
      <sampler id="mixamorig_F_skirt1-Matrix-animation-transform">
        <input semantic="INPUT" source="#mixamorig_F_skirt1-Matrix-animation-input"/>
        <input semantic="OUTPUT" source="#mixamorig_F_skirt1-Matrix-animation-output-transform"/>
        <input semantic="INTERPOLATION" source="#mixamorig_F_skirt1-Interpolations"/>
      </sampler>
      <channel source="#mixamorig_F_skirt1-Matrix-animation-transform" target="mixamorig_F_skirt1/matrix"/>
    </animation>
    <animation id="mixamorig_F_skirt2-anim" name="mixamorig_F_skirt2">
      <source id="mixamorig_F_skirt2-Matrix-animation-input">
        <float_array id="mixamorig_F_skirt2-Matrix-animation-input-array" count="25">

0.000000 0.033333 0.066667 0.100000 0.133333 0.166667 0.200000 0.233333 0.266667 0.300000 0.333333 0.366667 0.400000 0.433333 0.466667 0.500000
0.533333 0.566667 0.600000 0.633333 0.666667 0.700000 0.733333 0.766667 0.800000</float_array>
        <technique_common>
          <accessor source="#mixamorig_F_skirt2-Matrix-animation-input-array" count="25">
            <param name="TIME" type="float"/>
          </accessor>
        </technique_common>
      </source>
      <source id="mixamorig_F_skirt2-Matrix-animation-output-transform">
        <float_array id="mixamorig_F_skirt2-Matrix-animation-output-transform-array" count="400">

1.000000 0.000000 -0.000000 23.567801 -0.000000 1.000000 0.000000 0.000000 0.000000 0.000000 1.000000 0.000000 0.000000 0.000000 0.000000 1.000000
1.000000 -0.000000 0.000000 23.567801 -0.000000 1.000000 0.000000 -0.000000 -0.000000 -0.000000 1.000000 0.000000 0.000000 0.000000 0.000000 1.000000
1.000000 -0.000000 -0.000000 23.567801 -0.000000 1.000000 0.000000 0.000000 -0.000000 0.000000 1.000000 0.000000 0.000000 0.000000 0.000000 1.000000
1.000000 0.000000 0.000000 23.567801 -0.000000 1.000000 0.000000 -0.000000 -0.000000 0.000000 1.000000 0.000000 0.000000 0.000000 0.000000 1.000000
1.000000 0.000000 0.000000 23.567801 0.000000 1.000000 0.000000 -0.000000 -0.000000 0.000000 1.000000 -0.000000 0.000000 0.000000 0.000000 1.000000
1.000000 -0.000000 0.000000 23.567801 0.000000 1.000000 0.000000 0.000000 -0.000000 0.000000 1.000000 -0.000000 0.000000 0.000000 0.000000 1.000000
1.000000 -0.000000 0.000000 23.567801 -0.000000 1.000000 -0.000000 0.000000 -0.000000 0.000000 1.000000 0.000000 0.000000 0.000000 0.000000 1.000000
1.000000 0.000000 -0.000000 23.567801 0.000000 1.000000 0.000000 -0.000000 0.000000 0.000000 1.000000 -0.000000 0.000000 0.000000 0.000000 1.000000
1.000000 -0.000000 -0.000000 23.567801 -0.000000 1.000000 0.000000 0.000000 0.000000 0.000000 1.000000 -0.000000 0.000000 0.000000 0.000000 1.000000
1.000000 0.000000 -0.000000 23.567801 -0.000000 1.000000 -0.000000 -0.000000 0.000000 0.000000 1.000000 0.000000 0.000000 0.000000 0.000000 1.000000
1.000000 0.000000 0.000000 23.567801 -0.000000 1.000000 0.000000 0.000000 0.000000 -0.000000 1.000000 0.000000 0.000000 0.000000 0.000000 1.000000
1.000000 0.000000 -0.000000 23.567801 -0.000000 1.000000 -0.000000 0.000000 0.000000 0.000000 1.000000 0.000000 0.000000 0.000000 0.000000 1.000000
1.000000 0.000000 0.000000 23.567801 0.000000 1.000000 0.000000 -0.000000 -0.000000 0.000000 1.000000 0.000000 0.000000 0.000000 0.000000 1.000000
1.000000 -0.000000 -0.000000 23.567801 0.000000 1.000000 0.000000 0.000000 0.000000 0.000000 1.000000 0.000000 0.000000 0.000000 0.000000 1.000000
1.000000 0.000000 0.000000 23.567801 -0.000000 1.000000 0.000000 -0.000000 -0.000000 0.000000 1.000000 0.000000 0.000000 0.000000 0.000000 1.000000
1.000000 -0.000000 -0.000000 23.567801 0.000000 1.000000 -0.000000 0.000000 0.000000 0.000000 1.000000 0.000000 0.000000 0.000000 0.000000 1.000000
1.000000 -0.000000 0.000000 23.567801 0.000000 1.000000 0.000000 -0.000000 0.000000 0.000000 1.000000 -0.000000 0.000000 0.000000 0.000000 1.000000
1.000000 -0.000000 0.000000 23.567801 -0.000000 1.000000 -0.000000 -0.000000 0.000000 -0.000000 1.000000 -0.000000 0.000000 0.000000 0.000000 1.000000
1.000000 -0.000000 -0.000000 23.567801 0.000000 1.000000 0.000000 -0.000000 0.000000 0.000000 1.000000 -0.000000 0.000000 0.000000 0.000000 1.000000
1.000000 -0.000000 0.000000 23.567801 0.000000 1.000000 0.000000 0.000000 -0.000000 -0.000000 1.000000 0.000000 0.000000 0.000000 0.000000 1.000000
1.000000 -0.000000 0.000000 23.567801 0.000000 1.000000 0.000000 -0.000000 -0.000000 0.000000 1.000000 -0.000000 0.000000 0.000000 0.000000 1.000000
1.000000 0.000000 0.000000 23.567801 0.000000 1.000000 -0.000000 0.000000 0.000000 -0.000000 1.000000 0.000000 0.000000 0.000000 0.000000 1.000000
1.000000 0.000000 0.000000 23.567801 0.000000 1.000000 -0.000000 0.000000 -0.000000 -0.000000 1.000000 0.000000 0.000000 0.000000 0.000000 1.000000
1.000000 0.000000 0.000000 23.567801 -0.000000 1.000000 0.000000 -0.000000 0.000000 0.000000 1.000000 0.000000 0.000000 0.000000 0.000000 1.000000
1.000000 -0.000000 -0.000000 23.567801 -0.000000 1.000000 0.000000 -0.000000 0.000000 -0.000000 1.000000 0.000000 0.000000 0.000000 0.000000 1.000000</float_array>
        <technique_common>
          <accessor source="#mixamorig_F_skirt2-Matrix-animation-output-transform-array" count="25" stride="16">
            <param type="float4x4"/>
          </accessor>
        </technique_common>
      </source>
      <source id="mixamorig_F_skirt2-Interpolations">
        <Name_array id="mixamorig_F_skirt2-Interpolations-array" count="25">
 LINEAR LINEAR LINEAR LINEAR LINEAR LINEAR LINEAR LINEAR LINEAR LINEAR LINEAR
LINEAR LINEAR LINEAR LINEAR LINEAR LINEAR LINEAR LINEAR LINEAR LINEAR LINEAR LINEAR
LINEAR LINEAR</Name_array>
        <technique_common>
          <accessor source="#mixamorig_F_skirt2-Interpolations-array" count="25">
            <param type="name"/>
          </accessor>
        </technique_common>
      </source>
      <sampler id="mixamorig_F_skirt2-Matrix-animation-transform">
        <input semantic="INPUT" source="#mixamorig_F_skirt2-Matrix-animation-input"/>
        <input semantic="OUTPUT" source="#mixamorig_F_skirt2-Matrix-animation-output-transform"/>
        <input semantic="INTERPOLATION" source="#mixamorig_F_skirt2-Interpolations"/>
      </sampler>
      <channel source="#mixamorig_F_skirt2-Matrix-animation-transform" target="mixamorig_F_skirt2/matrix"/>
    </animation>
    <animation id="mixamorig_F_skirt3-anim" name="mixamorig_F_skirt3">
      <source id="mixamorig_F_skirt3-Matrix-animation-input">
        <float_array id="mixamorig_F_skirt3-Matrix-animation-input-array" count="25">

0.000000 0.033333 0.066667 0.100000 0.133333 0.166667 0.200000 0.233333 0.266667 0.300000 0.333333 0.366667 0.400000 0.433333 0.466667 0.500000
0.533333 0.566667 0.600000 0.633333 0.666667 0.700000 0.733333 0.766667 0.800000</float_array>
        <technique_common>
          <accessor source="#mixamorig_F_skirt3-Matrix-animation-input-array" count="25">
            <param name="TIME" type="float"/>
          </accessor>
        </technique_common>
      </source>
      <source id="mixamorig_F_skirt3-Matrix-animation-output-transform">
        <float_array id="mixamorig_F_skirt3-Matrix-animation-output-transform-array" count="400">

1.000000 0.000000 -0.000000 23.545500 -0.000000 1.000000 -0.000000 0.000000 -0.000000 0.000000 1.000000 0.000000 0.000000 0.000000 0.000000 1.000000
1.000000 -0.000000 0.000000 23.545500 -0.000000 1.000000 0.000000 0.000000 -0.000000 0.000000 1.000000 0.000000 0.000000 0.000000 0.000000 1.000000
1.000000 -0.000000 -0.000000 23.545500 -0.000000 1.000000 0.000000 0.000000 0.000000 0.000000 1.000000 -0.000000 0.000000 0.000000 0.000000 1.000000
1.000000 0.000000 0.000000 23.545500 -0.000000 1.000000 0.000000 0.000000 0.000000 -0.000000 1.000000 0.000000 0.000000 0.000000 0.000000 1.000000
1.000000 -0.000000 0.000000 23.545500 0.000000 1.000000 0.000000 0.000000 -0.000000 0.000000 1.000000 0.000000 0.000000 0.000000 0.000000 1.000000
1.000000 -0.000000 0.000000 23.545500 0.000000 1.000000 0.000000 0.000000 0.000000 0.000000 1.000000 0.000000 0.000000 0.000000 0.000000 1.000000
1.000000 0.000000 0.000000 23.545500 0.000000 1.000000 -0.000000 0.000000 0.000000 0.000000 1.000000 0.000000 0.000000 0.000000 0.000000 1.000000
1.000000 0.000000 0.000000 23.545500 0.000000 1.000000 0.000000 0.000000 0.000000 0.000000 1.000000 -0.000000 0.000000 0.000000 0.000000 1.000000
1.000000 0.000000 0.000000 23.545500 0.000000 1.000000 0.000000 -0.000000 0.000000 -0.000000 1.000000 0.000000 0.000000 0.000000 0.000000 1.000000
1.000000 0.000000 -0.000000 23.545500 -0.000000 1.000000 -0.000000 -0.000000 0.000000 -0.000000 1.000000 0.000000 0.000000 0.000000 0.000000 1.000000
1.000000 -0.000000 0.000000 23.545500 -0.000000 1.000000 0.000000 0.000000 -0.000000 -0.000000 1.000000 -0.000000 0.000000 0.000000 0.000000 1.000000
1.000000 0.000000 -0.000000 23.545500 -0.000000 1.000000 -0.000000 -0.000000 0.000000 0.000000 1.000000 0.000000 0.000000 0.000000 0.000000 1.000000
1.000000 -0.000000 -0.000000 23.545500 0.000000 1.000000 0.000000 0.000000 -0.000000 0.000000 1.000000 0.000000 0.000000 0.000000 0.000000 1.000000
1.000000 0.000000 -0.000000 23.545500 0.000000 1.000000 -0.000000 0.000000 0.000000 0.000000 1.000000 0.000000 0.000000 0.000000 0.000000 1.000000
1.000000 -0.000000 -0.000000 23.545500 -0.000000 1.000000 0.000000 0.000000 -0.000000 0.000000 1.000000 -0.000000 0.000000 0.000000 0.000000 1.000000
1.000000 -0.000000 0.000000 23.545500 0.000000 1.000000 -0.000000 0.000000 0.000000 0.000000 1.000000 -0.000000 0.000000 0.000000 0.000000 1.000000
1.000000 -0.000000 -0.000000 23.545500 0.000000 1.000000 0.000000 0.000000 0.000000 0.000000 1.000000 0.000000 0.000000 0.000000 0.000000 1.000000
1.000000 -0.000000 -0.000000 23.545500 -0.000000 1.000000 -0.000000 0.000000 0.000000 0.000000 1.000000 0.000000 0.000000 0.000000 0.000000 1.000000
1.000000 -0.000000 -0.000000 23.545500 0.000000 1.000000 0.000000 0.000000 -0.000000 0.000000 1.000000 -0.000000 0.000000 0.000000 0.000000 1.000000
1.000000 0.000000 0.000000 23.545500 0.000000 1.000000 -0.000000 -0.000000 -0.000000 -0.000000 1.000000 -0.000000 0.000000 0.000000 0.000000 1.000000
1.000000 0.000000 0.000000 23.545500 0.000000 1.000000 0.000000 0.000000 -0.000000 0.000000 1.000000 0.000000 0.000000 0.000000 0.000000 1.000000
1.000000 0.000000 0.000000 23.545500 0.000000 1.000000 -0.000000 -0.000000 -0.000000 0.000000 1.000000 -0.000000 0.000000 0.000000 0.000000 1.000000
1.000000 0.000000 0.000000 23.545500 0.000000 1.000000 -0.000000 0.000000 -0.000000 -0.000000 1.000000 0.000000 0.000000 0.000000 0.000000 1.000000
1.000000 0.000000 0.000000 23.545500 0.000000 1.000000 0.000000 -0.000000 0.000000 0.000000 1.000000 0.000000 0.000000 0.000000 0.000000 1.000000
1.000000 -0.000000 0.000000 23.545500 -0.000000 1.000000 0.000000 -0.000000 -0.000000 -0.000000 1.000000 0.000000 0.000000 0.000000 0.000000 1.000000</float_array>
        <technique_common>
          <accessor source="#mixamorig_F_skirt3-Matrix-animation-output-transform-array" count="25" stride="16">
            <param type="float4x4"/>
          </accessor>
        </technique_common>
      </source>
      <source id="mixamorig_F_skirt3-Interpolations">
        <Name_array id="mixamorig_F_skirt3-Interpolations-array" count="25">
 LINEAR LINEAR LINEAR LINEAR LINEAR LINEAR LINEAR LINEAR LINEAR LINEAR LINEAR
LINEAR LINEAR LINEAR LINEAR LINEAR LINEAR LINEAR LINEAR LINEAR LINEAR LINEAR LINEAR
LINEAR LINEAR</Name_array>
        <technique_common>
          <accessor source="#mixamorig_F_skirt3-Interpolations-array" count="25">
            <param type="name"/>
          </accessor>
        </technique_common>
      </source>
      <sampler id="mixamorig_F_skirt3-Matrix-animation-transform">
        <input semantic="INPUT" source="#mixamorig_F_skirt3-Matrix-animation-input"/>
        <input semantic="OUTPUT" source="#mixamorig_F_skirt3-Matrix-animation-output-transform"/>
        <input semantic="INTERPOLATION" source="#mixamorig_F_skirt3-Interpolations"/>
      </sampler>
      <channel source="#mixamorig_F_skirt3-Matrix-animation-transform" target="mixamorig_F_skirt3/matrix"/>
    </animation>
  </library_animations>
  <library_visual_scenes>
    <visual_scene id="RootNode" name="RootNode">
      <node id="mixamorig_Hips" name="mixamorig_Hips" sid="mixamorig_Hips" type="JOINT">
        <matrix sid="matrix">0.250427 -0.352768 -0.901577 5.214900 0.155717 0.933803 -0.322124 96.412109 0.955531 -0.059722 0.288781 0.949723 0.000000 0.000000 0.000000 1.000000</matrix>
        <node id="mixamorig_Spine" name="mixamorig_Spine" sid="mixamorig_Spine" type="JOINT">
          <matrix sid="matrix">0.976148 0.160693 0.145990 0.072000 -0.150998 0.985662 -0.075297 7.257300 -0.155996 0.051457 0.986416 -0.789700 0.000000 0.000000 0.000000 1.000000</matrix>
          <node id="mixamorig_Spine1" name="mixamorig_Spine1" sid="mixamorig_Spine1" type="JOINT">
            <matrix sid="matrix">0.997439 0.037321 0.061013 0.000000 -0.033727 0.997694 -0.058906 8.558700 -0.063071 0.056697 0.996397 0.000000 0.000000 0.000000 0.000000 1.000000</matrix>
            <node id="mixamorig_Spine2" name="mixamorig_Spine2" sid="mixamorig_Spine2" type="JOINT">
              <matrix sid="matrix">0.997419 0.043780 0.056903 0.000000 -0.034631 0.987643 -0.152844 29.149500 -0.062891 0.150479 0.986611 1.721100 0.000000 0.000000 0.000000 1.000000</matrix>
              <node id="mixamorig_Neck" name="mixamorig_Neck" sid="mixamorig_Neck" type="JOINT">
                <matrix sid="matrix">0.992070 -0.039773 0.119226 0.000000 0.037691 0.999096 0.019665 13.857900 -0.119900 -0.015015 0.992672 7.405300 0.000000 0.000000 0.000000 1.000000</matrix>
                <node id="mixamorig_Head" name="mixamorig_Head" sid="mixamorig_Head" type="JOINT">
                  <matrix sid="matrix">0.654083 0.194416 0.731011 -0.000000 -0.480878 0.852856 0.203452 8.198500 -0.583893 -0.484602 0.651329 5.703100 0.000000 0.000000 0.000000 1.000000</matrix>
                  <node id="mixamorig_HeadTop_End" name="mixamorig_HeadTop_End" sid="mixamorig_HeadTop_End" type="JOINT">
                    <matrix sid="matrix">1.000000 -0.000000 -0.000000 -0.000000 -0.000000 1.000000 0.000000 17.760799 0.000000 0.000000 1.000000 13.332700 0.000000 0.000000 0.000000 1.000000</matrix>
                  </node>
                  <node id="LeftEye" name="LeftEye" sid="LeftEye" type="JOINT">
                    <matrix sid="matrix">1.000000 -0.000000 -0.000000 3.087900 -0.000000 1.000000 0.000000 3.070100 0.000000 0.000000 1.000000 16.773399 0.000000 0.000000 0.000000 1.000000</matrix>
                  </node>
                  <node id="RightEye" name="RightEye" sid="RightEye" type="JOINT">
                    <matrix sid="matrix">1.000000 -0.000000 -0.000000 -3.303100 -0.000000 1.000000 0.000000 3.070100 0.000000 0.000000 1.000000 16.773399 0.000000 0.000000 0.000000 1.000000</matrix>
                  </node>
                </node>
              </node>
              <node id="mixamorig_LeftShoulder" name="mixamorig_LeftShoulder" sid="mixamorig_LeftShoulder" type="JOINT">
                <matrix sid="matrix">0.181335 0.732960 -0.655658 12.584900 -0.073450 -0.654754 -0.752264 11.395200 -0.980675 0.184570 -0.064894 -1.453100 0.000000 0.000000 0.000000 1.000000</matrix>
                <node id="mixamorig_LeftArm" name="mixamorig_LeftArm" sid="mixamorig_LeftArm" type="JOINT">
                  <matrix sid="matrix">0.966928 0.230640 0.108881 -0.000000 -0.186314 0.930280 -0.316015 15.319300 -0.174175 0.285278 0.942486 0.000000 0.000000 0.000000 0.000000 1.000000</matrix>
                  <node id="mixamorig_LeftForeArm" name="mixamorig_LeftForeArm" sid="mixamorig_LeftForeArm" type="JOINT">
                    <matrix sid="matrix">0.459735 -0.888056 0.000000 0.000000 0.888056 0.459735 0.000000 34.109299 -0.000000 0.000000 1.000000 0.000000 0.000000 0.000000 0.000000 1.000000</matrix>
                    <node id="mixamorig_LeftHand" name="mixamorig_LeftHand" sid="mixamorig_LeftHand" type="JOINT">
                      <matrix sid="matrix">0.879981 -0.053538 0.471983 0.000000 0.195097 0.946687 -0.256362 41.076000 -0.433095 0.317676 0.843511 0.000000 0.000000 0.000000 0.000000 1.000000</matrix>
                      <node id="mixamorig_LeftHandThumb1" name="mixamorig_LeftHandThumb1" sid="mixamorig_LeftHandThumb1" type="JOINT">
                        <matrix sid="matrix">0.889799 -0.396602 0.225754 -9.706200 0.456304 0.780439 -0.427437 9.904300 -0.006665 0.483345 0.875404 7.213800 0.000000 0.000000 0.000000 1.000000</matrix>
                        <node id="mixamorig_LeftHandThumb2" name="mixamorig_LeftHandThumb2" sid="mixamorig_LeftHandThumb2" type="JOINT">
                          <matrix sid="matrix">0.918415 0.383054 0.098912 0.000000 -0.395204 0.899752 0.185096 2.369000 -0.018095 -0.209086 0.977730 0.000000 0.000000 0.000000 0.000000 1.000000</matrix>
                          <node id="mixamorig_LeftHandThumb3" name="mixamorig_LeftHandThumb3" sid="mixamorig_LeftHandThumb3" type="JOINT">
                            <matrix sid="matrix">0.897929 -0.427980 -0.102747 -0.000000 0.428390 0.796231 0.427198 2.785200 -0.101022 -0.427609 0.898301 -0.000000 0.000000 0.000000 0.000000 1.000000</matrix>
                            <node id="mixamorig_LeftHandThumb4" name="mixamorig_LeftHandThumb4" sid="mixamorig_LeftHandThumb4" type="JOINT">
                              <matrix sid="matrix">1.000000 0.000000 0.000000 0.000000 0.000000 1.000000 -0.000000 6.195100 0.000000 0.000000 1.000000 0.000000 0.000000 0.000000 0.000000 1.000000</matrix>
                            </node>
                          </node>
                        </node>
                      </node>
                      <node id="mixamorig_LeftHandIndex1" name="mixamorig_LeftHandIndex1" sid="mixamorig_LeftHandIndex1" type="JOINT">
                        <matrix sid="matrix">0.997454 -0.043624 -0.056410 -4.736600 -0.012612 0.670666 -0.741652 18.296801 0.070186 0.740475 0.668409 0.973500 0.000000 0.000000 0.000000 1.000000</matrix>
                        <node id="mixamorig_LeftHandIndex2" name="mixamorig_LeftHandIndex2" sid="mixamorig_LeftHandIndex2" type="JOINT">
                          <matrix sid="matrix">0.998201 0.057280 -0.017733 0.000000 -0.057280 0.823433 -0.564514 4.697600 -0.017733 0.564514 0.825233 0.000000 0.000000 0.000000 0.000000 1.000000</matrix>
                          <node id="mixamorig_LeftHandIndex3" name="mixamorig_LeftHandIndex3" sid="mixamorig_LeftHandIndex3" type="JOINT">
                            <matrix sid="matrix">0.999540 0.029999 -0.004537 0.000000 -0.029999 0.954825 -0.295651 2.893900 -0.004537 0.295651 0.955285 0.000000 0.000000 0.000000 0.000000 1.000000</matrix>
                            <node id="mixamorig_LeftHandIndex4" name="mixamorig_LeftHandIndex4" sid="mixamorig_LeftHandIndex4" type="JOINT">
                              <matrix sid="matrix">1.000000 0.000000 0.000000 -0.000000 -0.000000 1.000000 -0.000000 6.140600 0.000000 0.000000 1.000000 0.000000 0.000000 0.000000 0.000000 1.000000</matrix>
                            </node>
                          </node>
                        </node>
                      </node>
                      <node id="mixamorig_LeftHandMiddle1" name="mixamorig_LeftHandMiddle1" sid="mixamorig_LeftHandMiddle1" type="JOINT">
                        <matrix sid="matrix">0.997249 -0.011990 -0.073155 -0.139500 -0.054993 0.542102 -0.838511 17.924500 0.049711 0.840227 0.539951 0.050800 0.000000 0.000000 0.000000 1.000000</matrix>
                        <node id="mixamorig_LeftHandMiddle2" name="mixamorig_LeftHandMiddle2" sid="mixamorig_LeftHandMiddle2" type="JOINT">
                          <matrix sid="matrix">0.995220 0.085547 -0.047111 0.000000 -0.085546 0.530928 -0.843088 5.001900 -0.047111 0.843088 0.535708 0.000000 0.000000 0.000000 0.000000 1.000000</matrix>
                          <node id="mixamorig_LeftHandMiddle3" name="mixamorig_LeftHandMiddle3" sid="mixamorig_LeftHandMiddle3" type="JOINT">
                            <matrix sid="matrix">0.999732 0.023006 -0.002643 0.000000 -0.023006 0.973686 -0.226731 3.278600 -0.002643 0.226731 0.973954 0.000000 0.000000 0.000000 0.000000 1.000000</matrix>
                            <node id="mixamorig_LeftHandMiddle4" name="mixamorig_LeftHandMiddle4" sid="mixamorig_LeftHandMiddle4" type="JOINT">
                              <matrix sid="matrix">1.000000 0.000000 0.000000 0.000000 -0.000000 1.000000 0.000000 4.422900 0.000000 -0.000000 1.000000 0.000000 0.000000 0.000000 0.000000 1.000000</matrix>
                            </node>
                          </node>
                        </node>
                      </node>
                      <node id="mixamorig_LeftHandRing1" name="mixamorig_LeftHandRing1" sid="mixamorig_LeftHandRing1" type="JOINT">
                        <matrix sid="matrix">0.995085 0.060951 -0.078049 3.988400 -0.098135 0.501307 -0.859686 15.764500 -0.013272 0.863120 0.504824 0.151700 0.000000 0.000000 0.000000 1.000000</matrix>
                        <node id="mixamorig_LeftHandRing2" name="mixamorig_LeftHandRing2" sid="mixamorig_LeftHandRing2" type="JOINT">
                          <matrix sid="matrix">0.991996 0.098598 -0.078879 0.000000 -0.098598 0.214621 -0.971708 3.497800 -0.078879 0.971708 0.222624 -0.000000 0.000000 0.000000 0.000000 1.000000</matrix>
                          <node id="mixamorig_LeftHandRing3" name="mixamorig_LeftHandRing3" sid="mixamorig_LeftHandRing3" type="JOINT">
                            <matrix sid="matrix">0.999062 0.042315 -0.009249 0.000000 -0.042315 0.907908 -0.417029 2.983800 -0.009249 0.417029 0.908846 0.000000 0.000000 0.000000 0.000000 1.000000</matrix>
                            <node id="mixamorig_LeftHandRing4" name="mixamorig_LeftHandRing4" sid="mixamorig_LeftHandRing4" type="JOINT">
                              <matrix sid="matrix">1.000000 -0.000000 0.000000 0.000000 0.000000 1.000000 -0.000000 4.922500 0.000000 -0.000000 1.000000 0.000000 0.000000 0.000000 0.000000 1.000000</matrix>
                            </node>
                          </node>
                        </node>
                      </node>
                      <node id="mixamorig_LeftHandPinky1" name="mixamorig_LeftHandPinky1" sid="mixamorig_LeftHandPinky1" type="JOINT">
                        <matrix sid="matrix">0.991673 0.080446 -0.100562 6.663900 -0.120608 0.306440 -0.944218 12.707900 -0.045143 0.948485 0.313591 0.878100 0.000000 0.000000 0.000000 1.000000</matrix>
                        <node id="mixamorig_LeftHandPinky2" name="mixamorig_LeftHandPinky2" sid="mixamorig_LeftHandPinky2" type="JOINT">
                          <matrix sid="matrix">0.988760 0.100413 -0.110777 0.000000 -0.100413 -0.102980 -0.989602 3.376600 -0.110776 0.989602 -0.091739 0.000000 0.000000 0.000000 0.000000 1.000000</matrix>
                          <node id="mixamorig_LeftHandPinky3" name="mixamorig_LeftHandPinky3" sid="mixamorig_LeftHandPinky3" type="JOINT">
                            <matrix sid="matrix">0.996989 0.071645 -0.029679 0.000000 -0.071645 0.704493 -0.706086 2.998500 -0.029679 0.706086 0.707504 0.000000 0.000000 0.000000 0.000000 1.000000</matrix>
                            <node id="mixamorig_LeftHandPinky4" name="mixamorig_LeftHandPinky4" sid="mixamorig_LeftHandPinky4" type="JOINT">
                              <matrix sid="matrix">1.000000 0.000000 0.000000 -0.000000 0.000000 1.000000 0.000000 5.798100 0.000000 0.000000 1.000000 -0.000000 0.000000 0.000000 0.000000 1.000000</matrix>
                            </node>
                          </node>
                        </node>
                      </node>
                    </node>
                  </node>
                </node>
              </node>
              <node id="mixamorig_RightShoulder" name="mixamorig_RightShoulder" sid="mixamorig_RightShoulder" type="JOINT">
                <matrix sid="matrix">0.304653 -0.764467 0.568135 -12.584900 0.064780 -0.578478 -0.813121 11.394900 0.950258 0.284524 -0.126712 -1.453100 0.000000 0.000000 0.000000 1.000000</matrix>
                <node id="mixamorig_RightArm" name="mixamorig_RightArm" sid="mixamorig_RightArm" type="JOINT">
                  <matrix sid="matrix">0.857540 -0.514170 0.015963 -0.000000 0.430315 0.699991 -0.569949 15.319300 0.281876 0.495623 0.821525 -0.000000 0.000000 0.000000 0.000000 1.000000</matrix>
                  <node id="mixamorig_RightForeArm" name="mixamorig_RightForeArm" sid="mixamorig_RightForeArm" type="JOINT">
                    <matrix sid="matrix">0.033004 0.999455 -0.000000 0.000000 -0.999455 0.033004 0.000005 34.109299 0.000005 0.000000 1.000000 0.000000 0.000000 0.000000 0.000000 1.000000</matrix>
                    <node id="mixamorig_RightHand" name="mixamorig_RightHand" sid="mixamorig_RightHand" type="JOINT">
                      <matrix sid="matrix">0.713777 0.056375 -0.698101 0.000000 0.344418 0.839650 0.419958 41.076000 0.609835 -0.540195 0.579906 -0.000000 0.000000 0.000000 0.000000 1.000000</matrix>
                      <node id="mixamorig_RightHandThumb1" name="mixamorig_RightHandThumb1" sid="mixamorig_RightHandThumb1" type="JOINT">
                        <matrix sid="matrix">0.712139 0.663821 -0.228474 9.706200 -0.682355 0.577968 -0.447599 9.903700 -0.165075 0.474652 0.864555 7.214200 0.000000 0.000000 0.000000 1.000000</matrix>
                        <node id="mixamorig_RightHandThumb2" name="mixamorig_RightHandThumb2" sid="mixamorig_RightHandThumb2" type="JOINT">
                          <matrix sid="matrix">0.969533 -0.174137 -0.172285 0.000000 0.203051 0.964723 0.167571 2.369600 0.137026 -0.197448 0.970689 -0.000000 0.000000 0.000000 0.000000 1.000000</matrix>
                          <node id="mixamorig_RightHandThumb3" name="mixamorig_RightHandThumb3" sid="mixamorig_RightHandThumb3" type="JOINT">
                            <matrix sid="matrix">0.862684 0.499057 0.081964 -0.000000 -0.481684 0.761390 0.433895 2.785100 0.154132 -0.413795 0.897227 -0.000000 0.000000 0.000000 0.000000 1.000000</matrix>
                            <node id="mixamorig_RightHandThumb4" name="mixamorig_RightHandThumb4" sid="mixamorig_RightHandThumb4" type="JOINT">
                              <matrix sid="matrix">1.000000 0.000000 0.000000 -0.000000 -0.000000 1.000000 0.000000 6.195100 0.000000 -0.000000 1.000000 -0.000000 0.000000 0.000000 0.000000 1.000000</matrix>
                            </node>
                          </node>
                        </node>
                      </node>
                      <node id="mixamorig_RightHandIndex1" name="mixamorig_RightHandIndex1" sid="mixamorig_RightHandIndex1" type="JOINT">
                        <matrix sid="matrix">0.997473 0.070157 0.011198 4.736600 -0.063110 0.947381 -0.313826 18.296400 -0.032626 0.312327 0.949414 0.973900 0.000000 0.000000 0.000000 1.000000</matrix>
                        <node id="mixamorig_RightHandIndex2" name="mixamorig_RightHandIndex2" sid="mixamorig_RightHandIndex2" type="JOINT">
                          <matrix sid="matrix">0.999977 -0.006703 0.000279 0.000000 0.006703 0.996501 -0.083316 4.698000 0.000280 0.083316 0.996523 -0.000000 0.000000 0.000000 0.000000 1.000000</matrix>
                          <node id="mixamorig_RightHandIndex3" name="mixamorig_RightHandIndex3" sid="mixamorig_RightHandIndex3" type="JOINT">
                            <matrix sid="matrix">0.999859 0.016684 0.001749 -0.000000 -0.016684 0.978117 0.207388 2.894000 0.001749 -0.207388 0.978257 0.000000 0.000000 0.000000 0.000000 1.000000</matrix>
                            <node id="mixamorig_RightHandIndex4" name="mixamorig_RightHandIndex4" sid="mixamorig_RightHandIndex4" type="JOINT">
                              <matrix sid="matrix">1.000000 0.000000 -0.000000 0.000000 -0.000000 1.000000 0.000000 6.140000 0.000000 -0.000000 1.000000 0.000000 0.000000 0.000000 0.000000 1.000000</matrix>
                            </node>
                          </node>
                        </node>
                      </node>
                      <node id="mixamorig_RightHandMiddle1" name="mixamorig_RightHandMiddle1" sid="mixamorig_RightHandMiddle1" type="JOINT">
                        <matrix sid="matrix">0.999197 0.035006 0.019496 0.139500 -0.023636 0.907825 -0.418683 17.923901 -0.032355 0.417886 0.907923 0.051600 0.000000 0.000000 0.000000 1.000000</matrix>
                        <node id="mixamorig_RightHandMiddle2" name="mixamorig_RightHandMiddle2" sid="mixamorig_RightHandMiddle2" type="JOINT">
                          <matrix sid="matrix">0.999370 -0.034622 0.007834 0.000000 0.034622 0.901990 -0.430366 5.002000 0.007834 0.430366 0.902620 -0.000000 0.000000 0.000000 0.000000 1.000000</matrix>
                          <node id="mixamorig_RightHandMiddle3" name="mixamorig_RightHandMiddle3" sid="mixamorig_RightHandMiddle3" type="JOINT">
                            <matrix sid="matrix">0.999781 0.020755 0.002724 -0.000000 -0.020755 0.965926 0.257986 3.279000 0.002723 -0.257986 0.966145 -0.000000 0.000000 0.000000 0.000000 1.000000</matrix>
                            <node id="mixamorig_RightHandMiddle4" name="mixamorig_RightHandMiddle4" sid="mixamorig_RightHandMiddle4" type="JOINT">
                              <matrix sid="matrix">1.000000 0.000000 -0.000000 0.000000 0.000000 1.000000 0.000000 4.423000 0.000000 -0.000000 1.000000 -0.000000 0.000000 0.000000 0.000000 1.000000</matrix>
                            </node>
                          </node>
                        </node>
                      </node>
                      <node id="mixamorig_RightHandRing1" name="mixamorig_RightHandRing1" sid="mixamorig_RightHandRing1" type="JOINT">
                        <matrix sid="matrix">0.999575 -0.023402 0.017382 -3.988400 0.028273 0.923521 -0.382505 15.764000 -0.007101 0.382834 0.923790 0.151600 0.000000 0.000000 0.000000 1.000000</matrix>
                        <node id="mixamorig_RightHandRing2" name="mixamorig_RightHandRing2" sid="mixamorig_RightHandRing2" type="JOINT">
                          <matrix sid="matrix">0.998432 -0.052480 0.019494 0.000000 0.052480 0.756112 -0.652335 3.498000 0.019494 0.652335 0.757680 0.000000 0.000000 0.000000 0.000000 1.000000</matrix>
                          <node id="mixamorig_RightHandRing3" name="mixamorig_RightHandRing3" sid="mixamorig_RightHandRing3" type="JOINT">
                            <matrix sid="matrix">0.999862 0.016531 0.001717 0.000000 -0.016531 0.978521 0.205485 2.984000 0.001717 -0.205485 0.978659 0.000000 0.000000 0.000000 0.000000 1.000000</matrix>
                            <node id="mixamorig_RightHandRing4" name="mixamorig_RightHandRing4" sid="mixamorig_RightHandRing4" type="JOINT">
                              <matrix sid="matrix">1.000000 0.000000 0.000000 0.000000 0.000000 1.000000 -0.000000 4.922000 0.000000 0.000000 1.000000 0.000000 0.000000 0.000000 0.000000 1.000000</matrix>
                            </node>
                          </node>
                        </node>
                      </node>
                      <node id="mixamorig_RightHandPinky1" name="mixamorig_RightHandPinky1" sid="mixamorig_RightHandPinky1" type="JOINT">
                        <matrix sid="matrix">0.998231 -0.044406 0.039526 -6.663900 0.056909 0.906037 -0.419354 12.707500 -0.017190 0.420862 0.906962 0.878800 0.000000 0.000000 0.000000 1.000000</matrix>
                        <node id="mixamorig_RightHandPinky2" name="mixamorig_RightHandPinky2" sid="mixamorig_RightHandPinky2" type="JOINT">
                          <matrix sid="matrix">0.997745 -0.060983 0.028028 0.000000 0.060983 0.649346 -0.758044 3.377000 0.028028 0.758044 0.651601 -0.000000 0.000000 0.000000 0.000000 1.000000</matrix>
                          <node id="mixamorig_RightHandPinky3" name="mixamorig_RightHandPinky3" sid="mixamorig_RightHandPinky3" type="JOINT">
                            <matrix sid="matrix">0.999999 0.001668 0.000017 -0.000000 -0.001668 0.999784 0.020729 2.998000 0.000017 -0.020729 0.999785 0.000000 0.000000 0.000000 0.000000 1.000000</matrix>
                            <node id="mixamorig_RightHandPinky4" name="mixamorig_RightHandPinky4" sid="mixamorig_RightHandPinky4" type="JOINT">
                              <matrix sid="matrix">1.000000 -0.000000 -0.000000 0.000000 0.000000 1.000000 -0.000000 5.798000 0.000000 0.000000 1.000000 0.000000 0.000000 0.000000 0.000000 1.000000</matrix>
                            </node>
                          </node>
                        </node>
                      </node>
                    </node>
                  </node>
                </node>
              </node>
            </node>
            <node id="mixamorig_L_horn1" name="mixamorig_L_horn1" sid="mixamorig_L_horn1" type="JOINT">
              <matrix sid="matrix">0.602488 0.000515 0.798128 1.847600 -0.698753 0.483576 0.527160 4.379700 -0.385684 -0.875302 0.291709 -10.115900 0.000000 0.000000 0.000000 1.000000</matrix>
              <node id="mixamorig_L_horn2" name="mixamorig_L_horn2" sid="mixamorig_L_horn2" type="JOINT">
                <matrix sid="matrix">1.000000 -0.000000 0.000000 20.340599 0.000000 1.000000 0.000000 -0.000000 0.000000 -0.000000 1.000000 0.000000 0.000000 0.000000 0.000000 1.000000</matrix>
              </node>
            </node>
            <node id="mixamorig_R_horn1" name="mixamorig_R_horn1" sid="mixamorig_R_horn1" type="JOINT">
              <matrix sid="matrix">-0.591028 -0.129171 0.796242 -3.147700 -0.778219 0.351067 -0.520699 4.536700 -0.212275 -0.927398 -0.308014 -10.290500 0.000000 0.000000 0.000000 1.000000</matrix>
              <node id="mixamorig_R_horn2" name="mixamorig_R_horn2" sid="mixamorig_R_horn2" type="JOINT">
                <matrix sid="matrix">1.000000 0.000000 0.000000 21.374399 0.000000 1.000000 0.000000 0.000000 0.000000 0.000000 1.000000 0.000000 0.000000 0.000000 0.000000 1.000000</matrix>
              </node>
            </node>
          </node>
        </node>
        <node id="mixamorig_LeftUpLeg" name="mixamorig_LeftUpLeg" sid="mixamorig_LeftUpLeg" type="JOINT">
          <matrix sid="matrix">-0.958022 -0.155989 0.240545 13.026900 0.284379 -0.410600 0.866335 -6.336300 -0.036371 0.898374 0.437724 -1.092800 0.000000 0.000000 0.000000 1.000000</matrix>
          <node id="mixamorig_LeftLeg" name="mixamorig_LeftLeg" sid="mixamorig_LeftLeg" type="JOINT">
            <matrix sid="matrix">0.992902 0.015882 0.117867 0.000000 -0.118908 0.152416 0.981137 46.951000 -0.002382 -0.988189 0.153223 -0.000000 0.000000 0.000000 0.000000 1.000000</matrix>
            <node id="mixamorig_LeftFoot" name="mixamorig_LeftFoot" sid="mixamorig_LeftFoot" type="JOINT">
              <matrix sid="matrix">0.976845 -0.111415 0.182647 0.000000 0.198922 0.158710 -0.967079 55.112000 0.078759 0.981019 0.177198 0.000000 0.000000 0.000000 0.000000 1.000000</matrix>
              <node id="mixamorig_LeftToeBase" name="mixamorig_LeftToeBase" sid="mixamorig_LeftToeBase" type="JOINT">
                <matrix sid="matrix">1.000000 0.000001 0.000001 0.000000 0.000001 0.590876 -0.806762 22.799999 -0.000001 0.806762 0.590876 0.000000 0.000000 0.000000 0.000000 1.000000</matrix>
                <node id="mixamorig_LeftToe_End" name="mixamorig_LeftToe_End" sid="mixamorig_LeftToe_End" type="JOINT">
                  <matrix sid="matrix">1.000000 0.000000 0.000000 0.000000 0.000000 1.000000 -0.000000 9.596000 -0.000000 -0.000000 1.000000 0.000000 0.000000 0.000000 0.000000 1.000000</matrix>
                </node>
              </node>
            </node>
          </node>
        </node>
        <node id="mixamorig_RightUpLeg" name="mixamorig_RightUpLeg" sid="mixamorig_RightUpLeg" type="JOINT">
          <matrix sid="matrix">-0.923724 -0.314072 -0.219301 -12.883000 -0.033631 -0.503796 0.863168 -6.336200 -0.381580 0.804704 0.454806 -1.092800 0.000000 0.000000 0.000000 1.000000</matrix>
          <node id="mixamorig_RightLeg" name="mixamorig_RightLeg" sid="mixamorig_RightLeg" type="JOINT">
            <matrix sid="matrix">0.998678 -0.026165 0.044235 0.000000 -0.049315 -0.730173 0.681481 46.951099 0.014469 -0.682761 -0.730498 0.000000 0.000000 0.000000 0.000000 1.000000</matrix>
            <node id="mixamorig_RightFoot" name="mixamorig_RightFoot" sid="mixamorig_RightFoot" type="JOINT">
              <matrix sid="matrix">0.989151 0.126000 -0.075521 0.000000 -0.140094 0.654463 -0.743002 55.112000 -0.044192 0.745521 0.665015 0.000000 0.000000 0.000000 0.000000 1.000000</matrix>
              <node id="mixamorig_RightToeBase" name="mixamorig_RightToeBase" sid="mixamorig_RightToeBase" type="JOINT">
                <matrix sid="matrix">1.000000 -0.000002 0.000002 0.000000 0.000002 0.586596 -0.809879 22.799999 0.000000 0.809879 0.586596 0.000000 0.000000 0.000000 0.000000 1.000000</matrix>
                <node id="mixamorig_RightToe_End" name="mixamorig_RightToe_End" sid="mixamorig_RightToe_End" type="JOINT">
                  <matrix sid="matrix">1.000000 0.000000 0.000000 0.000000 0.000000 1.000000 0.000000 9.596000 0.000000 -0.000000 1.000000 0.000000 0.000000 0.000000 0.000000 1.000000</matrix>
                </node>
              </node>
            </node>
          </node>
        </node>
        <node id="mixamorig_L_C_skirt1" name="mixamorig_L_C_skirt1" sid="mixamorig_L_C_skirt1" type="JOINT">
          <matrix sid="matrix">0.035066 0.292039 0.955763 12.441200 -0.989026 0.147481 -0.008777 4.607000 -0.143520 -0.944967 0.294006 -11.833000 0.000000 0.000000 0.000000 1.000000</matrix>
          <node id="mixamorig_L_C_skirt2" name="mixamorig_L_C_skirt2" sid="mixamorig_L_C_skirt2" type="JOINT">
            <matrix sid="matrix">1.000000 0.000000 -0.000000 27.657801 -0.000000 1.000000 -0.000000 0.000000 -0.000000 0.000000 1.000000 -0.000000 0.000000 0.000000 0.000000 1.000000</matrix>
            <node id="mixamorig_L_C_skirt3" name="mixamorig_L_C_skirt3" sid="mixamorig_L_C_skirt3" type="JOINT">
              <matrix sid="matrix">1.000000 -0.000000 0.000000 23.970100 0.000000 1.000000 -0.000000 0.000000 0.000000 0.000000 1.000000 -0.000000 0.000000 0.000000 0.000000 1.000000</matrix>
              <node id="mixamorig_L_C_skirt4" name="mixamorig_L_C_skirt4" sid="mixamorig_L_C_skirt4" type="JOINT">
                <matrix sid="matrix">1.000000 0.000000 -0.000000 30.792400 -0.000000 1.000000 -0.000000 0.000000 0.000000 -0.000000 1.000000 -0.000000 0.000000 0.000000 0.000000 1.000000</matrix>
              </node>
            </node>
          </node>
        </node>
        <node id="mixamorig_L_A_skirt1" name="mixamorig_L_A_skirt1" sid="mixamorig_L_A_skirt1" type="JOINT">
          <matrix sid="matrix">0.142123 0.623442 -0.768844 18.178400 -0.988646 0.051128 -0.141295 3.981100 -0.048780 0.780196 0.623630 19.504801 0.000000 0.000000 0.000000 1.000000</matrix>
          <node id="mixamorig_L_A_skirt2" name="mixamorig_L_A_skirt2" sid="mixamorig_L_A_skirt2" type="JOINT">
            <matrix sid="matrix">1.000000 0.000000 0.000000 27.335699 0.000000 1.000000 -0.000000 -0.000000 0.000000 0.000000 1.000000 0.000000 0.000000 0.000000 0.000000 1.000000</matrix>
            <node id="mixamorig_L_A_skirt3" name="mixamorig_L_A_skirt3" sid="mixamorig_L_A_skirt3" type="JOINT">
              <matrix sid="matrix">1.000000 -0.000000 -0.000000 27.066099 -0.000000 1.000000 0.000000 0.000000 0.000000 -0.000000 1.000000 -0.000000 0.000000 0.000000 0.000000 1.000000</matrix>
              <node id="mixamorig_L_A_skirt4" name="mixamorig_L_A_skirt4" sid="mixamorig_L_A_skirt4" type="JOINT">
                <matrix sid="matrix">1.000000 0.000000 0.000000 30.881599 0.000000 1.000000 -0.000000 0.000000 0.000000 -0.000000 1.000000 0.000000 0.000000 0.000000 0.000000 1.000000</matrix>
              </node>
            </node>
          </node>
        </node>
        <node id="mixamorig_L_B_skirt1" name="mixamorig_L_B_skirt1" sid="mixamorig_L_B_skirt1" type="JOINT">
          <matrix sid="matrix">0.142186 0.942169 0.303482 22.933800 -0.985105 0.164643 -0.049605 6.145800 -0.096702 -0.291908 0.951545 0.309300 0.000000 0.000000 0.000000 1.000000</matrix>
          <node id="mixamorig_L_B_skirt2" name="mixamorig_L_B_skirt2" sid="mixamorig_L_B_skirt2" type="JOINT">
            <matrix sid="matrix">1.000000 -0.000000 -0.000000 27.083401 0.000000 1.000000 0.000000 0.000000 0.000000 0.000000 1.000000 -0.000000 0.000000 0.000000 0.000000 1.000000</matrix>
            <node id="mixamorig_L_B_skirt3" name="mixamorig_L_B_skirt3" sid="mixamorig_L_B_skirt3" type="JOINT">
              <matrix sid="matrix">1.000000 -0.000000 0.000000 26.734800 0.000000 1.000000 0.000000 0.000000 -0.000000 -0.000000 1.000000 0.000000 0.000000 0.000000 0.000000 1.000000</matrix>
              <node id="mixamorig_L_B_skirt4" name="mixamorig_L_B_skirt4" sid="mixamorig_L_B_skirt4" type="JOINT">
                <matrix sid="matrix">1.000000 0.000000 -0.000000 29.821199 0.000000 1.000000 -0.000000 -0.000000 -0.000000 -0.000000 1.000000 -0.000000 0.000000 0.000000 0.000000 1.000000</matrix>
              </node>
            </node>
          </node>
        </node>
        <node id="mixamorig_R_C_skirt1" name="mixamorig_R_C_skirt1" sid="mixamorig_R_C_skirt1" type="JOINT">
          <matrix sid="matrix">-0.035070 -0.292039 0.955763 -12.297300 -0.989026 0.147482 0.008774 4.606800 -0.143520 -0.944967 -0.294006 -11.833000 0.000000 0.000000 0.000000 1.000000</matrix>
          <node id="mixamorig_R_C_skirt2" name="mixamorig_R_C_skirt2" sid="mixamorig_R_C_skirt2" type="JOINT">
            <matrix sid="matrix">1.000000 -0.000000 0.000000 27.657600 -0.000000 1.000000 -0.000000 0.000100 0.000000 0.000000 1.000000 0.000000 0.000000 0.000000 0.000000 1.000000</matrix>
            <node id="mixamorig_R_C_skirt3" name="mixamorig_R_C_skirt3" sid="mixamorig_R_C_skirt3" type="JOINT">
              <matrix sid="matrix">1.000000 -0.000000 0.000000 23.969999 -0.000000 1.000000 -0.000000 0.000000 0.000000 0.000000 1.000000 0.000100 0.000000 0.000000 0.000000 1.000000</matrix>
              <node id="mixamorig_R_C_skirt4" name="mixamorig_R_C_skirt4" sid="mixamorig_R_C_skirt4" type="JOINT">
                <matrix sid="matrix">1.000000 0.000000 -0.000000 30.792400 -0.000000 1.000000 -0.000000 0.000000 -0.000000 -0.000000 1.000000 0.000000 0.000000 0.000000 0.000000 1.000000</matrix>
              </node>
            </node>
          </node>
        </node>
        <node id="mixamorig_R_A_skirt1" name="mixamorig_R_A_skirt1" sid="mixamorig_R_A_skirt1" type="JOINT">
          <matrix sid="matrix">-0.142126 -0.623440 -0.768845 -18.034500 -0.988646 0.051130 0.141298 3.980800 -0.048780 0.780197 -0.623629 19.504801 0.000000 0.000000 0.000000 1.000000</matrix>
          <node id="mixamorig_R_A_skirt2" name="mixamorig_R_A_skirt2" sid="mixamorig_R_A_skirt2" type="JOINT">
            <matrix sid="matrix">1.000000 -0.000000 0.000000 27.335400 0.000000 1.000000 0.000000 -0.000100 -0.000000 0.000000 1.000000 0.000100 0.000000 0.000000 0.000000 1.000000</matrix>
            <node id="mixamorig_R_A_skirt3" name="mixamorig_R_A_skirt3" sid="mixamorig_R_A_skirt3" type="JOINT">
              <matrix sid="matrix">1.000000 -0.000000 0.000000 27.066099 0.000000 1.000000 -0.000000 0.000100 0.000000 -0.000000 1.000000 0.000000 0.000000 0.000000 0.000000 1.000000</matrix>
              <node id="mixamorig_R_A_skirt4" name="mixamorig_R_A_skirt4" sid="mixamorig_R_A_skirt4" type="JOINT">
                <matrix sid="matrix">1.000000 0.000000 0.000000 30.881599 0.000000 1.000000 0.000000 0.000000 0.000000 -0.000000 1.000000 -0.000000 0.000000 0.000000 0.000000 1.000000</matrix>
              </node>
            </node>
          </node>
        </node>
        <node id="mixamorig_R_B_skirt1" name="mixamorig_R_B_skirt1" sid="mixamorig_R_B_skirt1" type="JOINT">
          <matrix sid="matrix">-0.142189 -0.942168 0.303482 -22.789900 -0.985105 0.164647 0.049604 6.145800 -0.096702 -0.291908 -0.951545 0.309300 0.000000 0.000000 0.000000 1.000000</matrix>
          <node id="mixamorig_R_B_skirt2" name="mixamorig_R_B_skirt2" sid="mixamorig_R_B_skirt2" type="JOINT">
            <matrix sid="matrix">1.000000 0.000000 -0.000000 27.083401 -0.000000 1.000000 -0.000000 0.000000 -0.000000 0.000000 1.000000 0.000000 0.000000 0.000000 0.000000 1.000000</matrix>
            <node id="mixamorig_R_B_skirt3" name="mixamorig_R_B_skirt3" sid="mixamorig_R_B_skirt3" type="JOINT">
              <matrix sid="matrix">1.000000 -0.000000 -0.000000 26.734699 -0.000000 1.000000 -0.000000 0.000000 -0.000000 0.000000 1.000000 0.000000 0.000000 0.000000 0.000000 1.000000</matrix>
              <node id="mixamorig_R_B_skirt4" name="mixamorig_R_B_skirt4" sid="mixamorig_R_B_skirt4" type="JOINT">
                <matrix sid="matrix">1.000000 -0.000000 0.000000 29.821199 0.000000 1.000000 -0.000000 -0.000000 -0.000000 0.000000 1.000000 -0.000000 0.000000 0.000000 0.000000 1.000000</matrix>
              </node>
            </node>
          </node>
        </node>
        <node id="mixamorig_F_skirt1" name="mixamorig_F_skirt1" sid="mixamorig_F_skirt1" type="JOINT">
          <matrix sid="matrix">-0.000002 0.000000 -1.000000 -0.093700 -0.998606 0.052777 0.000002 -3.741800 0.052777 0.998606 0.000000 24.067699 0.000000 0.000000 0.000000 1.000000</matrix>
          <node id="mixamorig_F_skirt2" name="mixamorig_F_skirt2" sid="mixamorig_F_skirt2" type="JOINT">
            <matrix sid="matrix">1.000000 0.000000 -0.000000 23.567801 -0.000000 1.000000 0.000000 0.000000 0.000000 0.000000 1.000000 0.000000 0.000000 0.000000 0.000000 1.000000</matrix>
            <node id="mixamorig_F_skirt3" name="mixamorig_F_skirt3" sid="mixamorig_F_skirt3" type="JOINT">
              <matrix sid="matrix">1.000000 0.000000 -0.000000 23.545500 -0.000000 1.000000 -0.000000 0.000000 -0.000000 0.000000 1.000000 0.000000 0.000000 0.000000 0.000000 1.000000</matrix>
              <node id="mixamorig_F_skirt4" name="mixamorig_F_skirt4" sid="mixamorig_F_skirt4" type="JOINT">
                <matrix sid="matrix">1.000000 0.000000 -0.000000 24.919500 -0.000000 1.000000 -0.000000 -0.000000 0.000000 0.000000 1.000000 0.000000 0.000000 0.000000 0.000000 1.000000</matrix>
              </node>
            </node>
          </node>
        </node>
      </node>
    </visual_scene>
  </library_visual_scenes>
  <scene>
    <instance_visual_scene url="#RootNode"/>
  </scene>
</COLLADA>
