<?xml version="1.0" encoding="utf-8"?>
<COLLADA xmlns="http://www.collada.org/2005/11/COLLADASchema" version="1.4.1">
  <asset>
    <contributor>
      <author>Mixamo</author>
      <authoring_tool>COLLADA Mixamo exporter</authoring_tool>
      <comments/>
    </contributor>
    <created>2025-09-15T10:42:42Z</created>
    <modified>2025-09-15T10:42:42Z</modified>
    <revision/>
    <title/>
    <unit meter="0.010000"/>
    <up_axis>Y_UP</up_axis>
  </asset>
  <library_animations>
    <animation id="mixamorig_Hips-anim" name="mixamorig_Hips">
      <source id="mixamorig_Hips-Matrix-animation-input">
        <float_array id="mixamorig_Hips-Matrix-animation-input-array" count="26">

0.000000 0.033333 0.066667 0.100000 0.133333 0.166667 0.200000 0.233333 0.266667 0.300000 0.333333 0.366667 0.400000 0.433333 0.466667 0.500000
0.533333 0.566667 0.600000 0.633333 0.666667 0.700000 0.733333 0.766667 0.800000 0.833333</float_array>
        <technique_common>
          <accessor source="#mixamorig_Hips-Matrix-animation-input-array" count="26">
            <param name="TIME" type="float"/>
          </accessor>
        </technique_common>
      </source>
      <source id="mixamorig_Hips-Matrix-animation-output-transform">
        <float_array id="mixamorig_Hips-Matrix-animation-output-transform-array" count="416">

0.992731 -0.104730 -0.059311 0.506363 0.098797 0.990523 -0.095410 101.233025 0.068741 0.088856 0.993670 -1.128604 0.000000 0.000000 0.000000 1.000000
0.994394 -0.096328 -0.043618 -0.380347 0.091890 0.991292 -0.094323 104.279663 0.052324 0.089786 0.994586 1.916374 0.000000 0.000000 0.000000 1.000000
0.995738 -0.078467 -0.048460 -0.702299 0.073762 0.993000 -0.092248 109.697380 0.055359 0.088280 0.994556 4.861886 0.000000 0.000000 0.000000 1.000000
0.996177 -0.048458 -0.072691 -1.191756 0.042034 0.995282 -0.087444 115.158279 0.076585 0.084054 0.993514 7.689188 0.000000 0.000000 0.000000 1.000000
0.995166 -0.004642 -0.098097 -1.289690 -0.004377 0.995793 -0.091529 118.465942 0.098109 0.091515 0.990959 7.966176 0.000000 0.000000 0.000000 1.000000
0.996343 0.004599 -0.085323 -1.340776 -0.012302 0.995868 -0.089975 117.977432 0.084556 0.090696 0.992282 8.655515 0.000000 0.000000 0.000000 1.000000
0.998573 0.010180 -0.052419 -1.480822 -0.013827 0.997473 -0.069689 116.979301 0.051577 0.070315 0.996191 7.576602 0.000000 0.000000 0.000000 1.000000
0.998559 0.020685 -0.049510 -1.503808 -0.023266 0.998369 -0.052130 115.576263 0.048351 0.053207 0.997412 6.180352 0.000000 0.000000 0.000000 1.000000
0.996995 0.031435 -0.070800 -1.378677 -0.034425 0.998549 -0.041415 113.729286 0.069396 0.043728 0.996630 4.119303 0.000000 0.000000 0.000000 1.000000
0.996112 0.040600 -0.078183 -1.050355 -0.043921 0.998183 -0.041241 109.386139 0.076367 0.044514 0.996086 1.967883 0.000000 0.000000 0.000000 1.000000
0.996520 0.043005 -0.071403 -0.487646 -0.046188 0.997983 -0.043544 103.257431 0.069386 0.046690 0.996497 0.392516 0.000000 0.000000 0.000000 1.000000
0.995592 0.057816 -0.073847 -0.104053 -0.061918 0.996591 -0.054520 99.778984 0.070443 0.058852 0.995778 -1.483025 0.000000 0.000000 0.000000 1.000000
0.994884 0.061055 -0.080491 0.331125 -0.066349 0.995688 -0.064832 98.993301 0.076186 0.069841 0.994645 -1.068107 0.000000 0.000000 0.000000 1.000000
0.995023 0.044693 -0.089056 0.262660 -0.051050 0.996210 -0.070430 101.724174 0.085570 0.074626 0.993533 0.894552 0.000000 0.000000 0.000000 1.000000
0.997135 0.020270 -0.072872 0.072147 -0.026506 0.995973 -0.085650 106.436523 0.070842 0.087336 0.993657 4.028565 0.000000 0.000000 0.000000 1.000000
0.999287 -0.022534 -0.030306 0.001311 0.019118 0.993896 -0.108648 110.174736 0.032570 0.107991 0.993618 5.173719 0.000000 0.000000 0.000000 1.000000
0.998162 -0.060404 -0.004805 -0.079349 0.059125 0.988240 -0.141019 114.037521 0.013267 0.140476 0.989995 5.015995 0.000000 0.000000 0.000000 1.000000
0.997113 -0.075899 -0.002137 -0.350177 0.074729 0.985947 -0.149413 116.104828 0.013447 0.148822 0.988773 3.431958 0.000000 0.000000 0.000000 1.000000
0.997103 -0.075583 -0.008529 -0.362613 0.073830 0.988702 -0.130449 115.449890 0.018292 0.129441 0.991418 2.408905 0.000000 0.000000 0.000000 1.000000
0.997141 -0.074154 -0.014521 -0.213976 0.072021 0.990838 -0.114252 113.883415 0.022860 0.112879 0.993346 1.835213 0.000000 0.000000 0.000000 1.000000
0.996487 -0.078388 -0.029470 -0.050321 0.074598 0.990791 -0.112995 111.526779 0.038056 0.110400 0.993158 0.023315 0.000000 0.000000 0.000000 1.000000
0.995544 -0.080037 -0.049856 0.224802 0.074218 0.991235 -0.109289 108.435562 0.058166 0.105102 0.992759 -0.972863 0.000000 0.000000 0.000000 1.000000
0.993401 -0.083463 -0.078662 0.581502 0.074404 0.990943 -0.111789 103.512482 0.087280 0.105198 0.990614 -2.411906 0.000000 0.000000 0.000000 1.000000
0.989794 -0.116980 -0.081388 0.791992 0.107938 0.988295 -0.107806 100.323433 0.093046 0.097921 0.990835 -3.408219 0.000000 0.000000 0.000000 1.000000
0.987287 -0.131878 -0.088724 0.793474 0.122258 0.986789 -0.106305 98.694443 0.101572 0.094106 0.990367 -2.947512 0.000000 0.000000 0.000000 1.000000
0.992731 -0.104730 -0.059311 0.506363 0.098797 0.990523 -0.095410 101.233025 0.068741 0.088856 0.993670 -1.128604 0.000000 0.000000 0.000000 1.000000</float_array>
        <technique_common>
          <accessor source="#mixamorig_Hips-Matrix-animation-output-transform-array" count="26" stride="16">
            <param type="float4x4"/>
          </accessor>
        </technique_common>
      </source>
      <source id="mixamorig_Hips-Interpolations">
        <Name_array id="mixamorig_Hips-Interpolations-array" count="26">
 LINEAR LINEAR LINEAR LINEAR LINEAR LINEAR LINEAR LINEAR LINEAR LINEAR LINEAR
LINEAR LINEAR LINEAR LINEAR LINEAR LINEAR LINEAR LINEAR LINEAR LINEAR LINEAR LINEAR
LINEAR LINEAR LINEAR</Name_array>
        <technique_common>
          <accessor source="#mixamorig_Hips-Interpolations-array" count="26">
            <param type="name"/>
          </accessor>
        </technique_common>
      </source>
      <sampler id="mixamorig_Hips-Matrix-animation-transform">
        <input semantic="INPUT" source="#mixamorig_Hips-Matrix-animation-input"/>
        <input semantic="OUTPUT" source="#mixamorig_Hips-Matrix-animation-output-transform"/>
        <input semantic="INTERPOLATION" source="#mixamorig_Hips-Interpolations"/>
      </sampler>
      <channel source="#mixamorig_Hips-Matrix-animation-transform" target="mixamorig_Hips/matrix"/>
    </animation>
    <animation id="mixamorig_Spine-anim" name="mixamorig_Spine">
      <source id="mixamorig_Spine-Matrix-animation-input">
        <float_array id="mixamorig_Spine-Matrix-animation-input-array" count="26">

0.000000 0.033333 0.066667 0.100000 0.133333 0.166667 0.200000 0.233333 0.266667 0.300000 0.333333 0.366667 0.400000 0.433333 0.466667 0.500000
0.533333 0.566667 0.600000 0.633333 0.666667 0.700000 0.733333 0.766667 0.800000 0.833333</float_array>
        <technique_common>
          <accessor source="#mixamorig_Spine-Matrix-animation-input-array" count="26">
            <param name="TIME" type="float"/>
          </accessor>
        </technique_common>
      </source>
      <source id="mixamorig_Spine-Matrix-animation-output-transform">
        <float_array id="mixamorig_Spine-Matrix-animation-output-transform-array" count="416">

0.996835 0.078586 -0.012004 0.072000 -0.078471 0.996869 0.009742 7.257300 0.012732 -0.008769 0.999880 -0.789700 0.000000 0.000000 0.000000 1.000000
0.996138 0.080161 -0.035835 0.072000 -0.079584 0.996679 0.017246 7.257300 0.037098 -0.014328 0.999209 -0.789700 0.000000 0.000000 0.000000 1.000000
0.995811 0.071281 -0.057266 0.072000 -0.069933 0.997233 0.025216 7.257300 0.058905 -0.021106 0.998040 -0.789700 0.000000 0.000000 0.000000 1.000000
0.996254 0.049239 -0.071092 0.072000 -0.046991 0.998351 0.032960 7.257300 0.072598 -0.029496 0.996925 -0.789700 0.000000 0.000000 0.000000 1.000000
0.996791 0.007335 -0.079707 0.072000 -0.004184 0.999206 0.039633 7.257300 0.079935 -0.039172 0.996030 -0.789700 0.000000 0.000000 0.000000 1.000000
0.995830 -0.008985 -0.090783 0.072000 0.013099 0.998909 0.044828 7.257300 0.090281 -0.045830 0.994861 -0.789700 0.000000 0.000000 0.000000 1.000000
0.994791 -0.020360 -0.099878 0.072000 0.024627 0.998828 0.041678 7.257300 0.098913 -0.043921 0.994126 -0.789700 0.000000 0.000000 0.000000 1.000000
0.994028 -0.031004 -0.104632 0.072000 0.034870 0.998768 0.035319 7.257300 0.103408 -0.038757 0.993884 -0.789700 0.000000 0.000000 0.000000 1.000000
0.993760 -0.041394 -0.103574 0.072000 0.044461 0.998633 0.027483 7.257300 0.102295 -0.031916 0.994242 -0.789700 0.000000 0.000000 0.000000 1.000000
0.993712 -0.048434 -0.100946 0.072000 0.050500 0.998562 0.018008 7.257300 0.099929 -0.022993 0.994729 -0.789700 0.000000 0.000000 0.000000 1.000000
0.994745 -0.054401 -0.086735 0.072000 0.055385 0.998425 0.008981 7.257300 0.086109 -0.013738 0.996191 -0.789700 0.000000 0.000000 0.000000 1.000000
0.996300 -0.069010 -0.051220 0.072000 0.069227 0.997598 0.002463 7.257300 0.050927 -0.006000 0.998684 -0.789700 0.000000 0.000000 0.000000 1.000000
0.996739 -0.079553 -0.013495 0.072000 0.079560 0.996830 -0.000012 7.257300 0.013453 -0.001062 0.999909 -0.789700 0.000000 0.000000 0.000000 1.000000
0.996549 -0.080706 0.019393 0.072000 0.080699 0.996738 0.001133 7.257300 -0.019421 0.000436 0.999811 -0.789700 0.000000 0.000000 0.000000 1.000000
0.996596 -0.067926 0.046711 0.072000 0.067576 0.997673 0.009026 7.257300 -0.047216 -0.005839 0.998868 -0.789700 0.000000 0.000000 0.000000 1.000000
0.996826 -0.034888 0.071565 0.072000 0.033801 0.999295 0.016347 7.257300 -0.072085 -0.013876 0.997302 -0.789700 0.000000 0.000000 0.000000 1.000000
0.996380 0.004609 0.084887 0.072000 -0.006546 0.999724 0.022564 7.257300 -0.084760 -0.023038 0.996135 -0.789700 0.000000 0.000000 0.000000 1.000000
0.994929 0.034781 0.094370 0.072000 -0.036896 0.999103 0.020766 7.257300 -0.093563 -0.024143 0.995321 -0.789700 0.000000 0.000000 0.000000 1.000000
0.993995 0.046595 0.099011 0.072000 -0.048269 0.998728 0.014585 7.257300 -0.098206 -0.019277 0.994979 -0.789700 0.000000 0.000000 0.000000 1.000000
0.993631 0.052458 0.099725 0.072000 -0.053812 0.998491 0.010933 7.257300 -0.099002 -0.016229 0.994955 -0.789700 0.000000 0.000000 0.000000 1.000000
0.993058 0.059992 0.101180 0.072000 -0.061240 0.998080 0.009269 7.257300 -0.100430 -0.015401 0.994825 -0.789700 0.000000 0.000000 0.000000 1.000000
0.992945 0.065764 0.098668 0.072000 -0.066670 0.997758 0.005908 7.257300 -0.098058 -0.012444 0.995103 -0.789700 0.000000 0.000000 0.000000 1.000000
0.993862 0.067031 0.088004 0.072000 -0.067610 0.997705 0.003607 7.257300 -0.087560 -0.009534 0.996114 -0.789700 0.000000 0.000000 0.000000 1.000000
0.995066 0.081037 0.057236 0.072000 -0.081129 0.996703 -0.000708 7.257300 -0.057104 -0.003939 0.998360 -0.789700 0.000000 0.000000 0.000000 1.000000
0.995706 0.088585 0.026889 0.072000 -0.088714 0.996050 0.003650 7.257300 -0.026459 -0.006020 0.999632 -0.789700 0.000000 0.000000 0.000000 1.000000
0.996835 0.078586 -0.012004 0.072000 -0.078471 0.996869 0.009742 7.257300 0.012732 -0.008769 0.999880 -0.789700 0.000000 0.000000 0.000000 1.000000</float_array>
        <technique_common>
          <accessor source="#mixamorig_Spine-Matrix-animation-output-transform-array" count="26" stride="16">
            <param type="float4x4"/>
          </accessor>
        </technique_common>
      </source>
      <source id="mixamorig_Spine-Interpolations">
        <Name_array id="mixamorig_Spine-Interpolations-array" count="26">
 LINEAR LINEAR LINEAR LINEAR LINEAR LINEAR LINEAR LINEAR LINEAR LINEAR LINEAR
LINEAR LINEAR LINEAR LINEAR LINEAR LINEAR LINEAR LINEAR LINEAR LINEAR LINEAR LINEAR
LINEAR LINEAR LINEAR</Name_array>
        <technique_common>
          <accessor source="#mixamorig_Spine-Interpolations-array" count="26">
            <param type="name"/>
          </accessor>
        </technique_common>
      </source>
      <sampler id="mixamorig_Spine-Matrix-animation-transform">
        <input semantic="INPUT" source="#mixamorig_Spine-Matrix-animation-input"/>
        <input semantic="OUTPUT" source="#mixamorig_Spine-Matrix-animation-output-transform"/>
        <input semantic="INTERPOLATION" source="#mixamorig_Spine-Interpolations"/>
      </sampler>
      <channel source="#mixamorig_Spine-Matrix-animation-transform" target="mixamorig_Spine/matrix"/>
    </animation>
    <animation id="mixamorig_Spine1-anim" name="mixamorig_Spine1">
      <source id="mixamorig_Spine1-Matrix-animation-input">
        <float_array id="mixamorig_Spine1-Matrix-animation-input-array" count="26">

0.000000 0.033333 0.066667 0.100000 0.133333 0.166667 0.200000 0.233333 0.266667 0.300000 0.333333 0.366667 0.400000 0.433333 0.466667 0.500000
0.533333 0.566667 0.600000 0.633333 0.666667 0.700000 0.733333 0.766667 0.800000 0.833333</float_array>
        <technique_common>
          <accessor source="#mixamorig_Spine1-Matrix-animation-input-array" count="26">
            <param name="TIME" type="float"/>
          </accessor>
        </technique_common>
      </source>
      <source id="mixamorig_Spine1-Matrix-animation-output-transform">
        <float_array id="mixamorig_Spine1-Matrix-animation-output-transform-array" count="416">

0.998355 0.034510 -0.045791 0.000000 -0.041868 0.984389 -0.170956 8.558700 0.039176 0.172592 0.984214 0.000000 0.000000 0.000000 0.000000 1.000000
0.996509 0.023195 -0.080194 0.000000 -0.035748 0.986659 -0.158829 8.558700 0.075440 0.161141 0.984044 0.000000 0.000000 0.000000 0.000000 1.000000
0.993621 0.012853 -0.112034 -0.000000 -0.029128 0.989022 -0.144869 8.558700 0.108942 0.147208 0.983088 0.000000 0.000000 0.000000 0.000000 1.000000
0.990514 -0.000891 -0.137408 0.000000 -0.017019 0.991485 -0.129108 8.558700 0.136353 0.130221 0.982064 -0.000000 0.000000 0.000000 0.000000 1.000000
0.988356 -0.014012 -0.151515 -0.000000 -0.003000 0.993763 -0.111469 8.558700 0.152132 0.110626 0.982150 -0.000000 0.000000 0.000000 0.000000 1.000000
0.986091 -0.020432 -0.164947 0.000000 0.004019 0.995056 -0.099230 8.558700 0.166159 0.097187 0.981298 0.000000 0.000000 0.000000 0.000000 1.000000
0.985825 -0.021331 -0.166415 0.000000 0.004068 0.994632 -0.103396 8.558700 0.167727 0.101253 0.980620 0.000000 0.000000 0.000000 0.000000 1.000000
0.987511 -0.022680 -0.155908 0.000000 0.004777 0.993439 -0.114261 8.558700 0.157476 0.112089 0.981141 0.000000 0.000000 0.000000 0.000000 1.000000
0.990012 -0.024727 -0.138797 0.000000 0.006744 0.991678 -0.128565 8.558700 0.140821 0.126345 0.981940 0.000000 0.000000 0.000000 0.000000 1.000000
0.992069 -0.030159 -0.122019 0.000000 0.011957 0.989028 -0.147241 8.558700 0.125121 0.144615 0.981545 -0.000000 0.000000 0.000000 0.000000 1.000000
0.994778 -0.034128 -0.096190 0.000000 0.017797 0.986003 -0.165773 8.558700 0.100502 0.163196 0.981461 0.000000 0.000000 0.000000 0.000000 1.000000
0.998437 -0.034088 -0.044292 0.000000 0.025584 0.983321 -0.180072 8.558700 0.049691 0.178657 0.982656 0.000000 0.000000 0.000000 0.000000 1.000000
0.999666 -0.024675 0.007706 0.000000 0.025684 0.981853 -0.187897 8.558700 -0.002930 0.188032 0.982159 0.000000 0.000000 0.000000 0.000000 1.000000
0.998459 -0.004037 0.055351 0.000000 0.014488 0.981725 -0.189754 8.558700 -0.053573 0.190264 0.980270 -0.000000 0.000000 0.000000 0.000000 1.000000
0.995554 0.024011 0.091078 0.000000 -0.007441 0.983988 -0.178077 8.558700 -0.093895 0.176608 0.979792 0.000000 0.000000 0.000000 0.000000 1.000000
0.991611 0.041186 0.122524 0.000000 -0.020731 0.986282 -0.163759 8.558700 -0.127588 0.159846 0.978862 -0.000000 0.000000 0.000000 0.000000 1.000000
0.987782 0.059826 0.143902 -0.000000 -0.038209 0.988167 -0.148549 8.558700 -0.151086 0.141235 0.978379 0.000000 0.000000 0.000000 0.000000 1.000000
0.984195 0.063838 0.165179 -0.000000 -0.039328 0.988264 -0.147607 8.558700 -0.172664 0.138778 0.975155 0.000000 0.000000 0.000000 0.000000 1.000000
0.984235 0.064571 0.164655 0.000000 -0.038364 0.986751 -0.157643 8.558700 -0.172653 0.148841 0.973672 0.000000 0.000000 0.000000 0.000000 1.000000
0.986444 0.064158 0.151037 0.000000 -0.039014 0.985704 -0.163906 8.558700 -0.159394 0.155791 0.974845 0.000000 0.000000 0.000000 0.000000 1.000000
0.987988 0.065214 0.140099 0.000000 -0.041472 0.985228 -0.166147 8.558700 -0.148865 0.158341 0.976098 0.000000 0.000000 0.000000 0.000000 1.000000
0.990155 0.064681 0.124138 0.000000 -0.042709 0.984149 -0.172122 8.558700 -0.133303 0.165126 0.977222 0.000000 0.000000 0.000000 0.000000 1.000000
0.993054 0.065199 0.097942 -0.000000 -0.047047 0.983020 -0.177363 8.558700 -0.107843 0.171523 0.979260 0.000000 0.000000 0.000000 0.000000 1.000000
0.996132 0.069608 0.053618 0.000000 -0.058481 0.980683 -0.186657 8.558700 -0.065575 0.182800 0.980961 0.000000 0.000000 0.000000 0.000000 1.000000
0.997819 0.064390 0.014530 0.000000 -0.060745 0.981859 -0.179617 8.558700 -0.025832 0.178343 0.983629 0.000000 0.000000 0.000000 0.000000 1.000000
0.998355 0.034510 -0.045791 0.000000 -0.041868 0.984389 -0.170956 8.558700 0.039176 0.172592 0.984214 0.000000 0.000000 0.000000 0.000000 1.000000</float_array>
        <technique_common>
          <accessor source="#mixamorig_Spine1-Matrix-animation-output-transform-array" count="26" stride="16">
            <param type="float4x4"/>
          </accessor>
        </technique_common>
      </source>
      <source id="mixamorig_Spine1-Interpolations">
        <Name_array id="mixamorig_Spine1-Interpolations-array" count="26">
 LINEAR LINEAR LINEAR LINEAR LINEAR LINEAR LINEAR LINEAR LINEAR LINEAR LINEAR
LINEAR LINEAR LINEAR LINEAR LINEAR LINEAR LINEAR LINEAR LINEAR LINEAR LINEAR LINEAR
LINEAR LINEAR LINEAR</Name_array>
        <technique_common>
          <accessor source="#mixamorig_Spine1-Interpolations-array" count="26">
            <param type="name"/>
          </accessor>
        </technique_common>
      </source>
      <sampler id="mixamorig_Spine1-Matrix-animation-transform">
        <input semantic="INPUT" source="#mixamorig_Spine1-Matrix-animation-input"/>
        <input semantic="OUTPUT" source="#mixamorig_Spine1-Matrix-animation-output-transform"/>
        <input semantic="INTERPOLATION" source="#mixamorig_Spine1-Interpolations"/>
      </sampler>
      <channel source="#mixamorig_Spine1-Matrix-animation-transform" target="mixamorig_Spine1/matrix"/>
    </animation>
    <animation id="mixamorig_Spine2-anim" name="mixamorig_Spine2">
      <source id="mixamorig_Spine2-Matrix-animation-input">
        <float_array id="mixamorig_Spine2-Matrix-animation-input-array" count="26">

0.000000 0.033333 0.066667 0.100000 0.133333 0.166667 0.200000 0.233333 0.266667 0.300000 0.333333 0.366667 0.400000 0.433333 0.466667 0.500000
0.533333 0.566667 0.600000 0.633333 0.666667 0.700000 0.733333 0.766667 0.800000 0.833333</float_array>
        <technique_common>
          <accessor source="#mixamorig_Spine2-Matrix-animation-input-array" count="26">
            <param name="TIME" type="float"/>
          </accessor>
        </technique_common>
      </source>
      <source id="mixamorig_Spine2-Matrix-animation-output-transform">
        <float_array id="mixamorig_Spine2-Matrix-animation-output-transform-array" count="416">

0.998355 0.030016 -0.048854 -0.000000 -0.041868 0.963764 -0.263449 29.149500 0.039176 0.265061 0.963435 1.721100 0.000000 0.000000 0.000000 1.000000
0.996509 0.015493 -0.082031 0.000000 -0.035748 0.967173 -0.251592 29.149500 0.075440 0.253646 0.964351 1.721100 0.000000 0.000000 0.000000 1.000000
0.993621 0.002181 -0.112747 -0.000000 -0.029128 0.970848 -0.237918 29.149500 0.108942 0.239684 0.964719 1.721100 0.000000 0.000000 0.000000 1.000000
0.990514 -0.013905 -0.136705 0.000000 -0.017019 0.974793 -0.222461 29.149500 0.136353 0.222677 0.965310 1.721100 0.000000 0.000000 0.000000 1.000000
0.988356 -0.028303 -0.149506 -0.000000 -0.003000 0.978733 -0.205118 29.149500 0.152132 0.203178 0.967251 1.721100 0.000000 0.000000 0.000000 1.000000
0.986091 -0.035967 -0.162270 -0.000000 0.004019 0.981179 -0.193056 29.149500 0.166159 0.189719 0.967676 1.721100 0.000000 0.000000 0.000000 1.000000
0.985825 -0.037002 -0.163646 0.000000 0.004068 0.980362 -0.197163 29.149500 0.167727 0.193702 0.966616 1.721100 0.000000 0.000000 0.000000 1.000000
0.987511 -0.037349 -0.153058 0.000000 0.004777 0.978146 -0.207866 29.149500 0.157476 0.204539 0.966108 1.721100 0.000000 0.000000 0.000000 1.000000
0.990012 -0.037765 -0.135830 -0.000000 0.006744 0.975037 -0.221939 29.149500 0.140821 0.218806 0.965553 1.721100 0.000000 0.000000 0.000000 1.000000
0.992069 -0.041584 -0.118613 -0.000000 0.011957 0.970630 -0.240280 29.149500 0.125121 0.236956 0.963429 1.721100 0.000000 0.000000 0.000000 1.000000
0.994778 -0.043088 -0.092524 0.000000 0.017797 0.965863 -0.258442 29.149500 0.100502 0.255446 0.961586 1.721100 0.000000 0.000000 0.000000 1.000000
0.998437 -0.038131 -0.040863 -0.000000 0.025584 0.961838 -0.272423 29.149500 0.049692 0.270951 0.961310 1.721100 0.000000 0.000000 0.000000 1.000000
0.999666 -0.023834 0.010009 -0.000000 0.025684 0.959635 -0.280073 29.149500 -0.002930 0.280236 0.959927 1.721100 0.000000 0.000000 0.000000 1.000000
0.998459 0.001226 0.055484 -0.000000 0.014488 0.959331 -0.281910 29.149500 -0.053573 0.282280 0.957835 1.721100 0.000000 0.000000 0.000000 1.000000
0.995554 0.032532 0.088393 -0.000000 -0.007441 0.962691 -0.270500 29.149500 -0.093895 0.268640 0.958653 1.721100 0.000000 0.000000 0.000000 1.000000
0.991611 0.052609 0.118071 0.000000 -0.020731 0.966331 -0.256464 29.149500 -0.127588 0.251865 0.959315 1.721100 0.000000 0.000000 0.000000 1.000000
0.987782 0.073190 0.137587 -0.000000 -0.038209 0.969648 -0.241500 29.149500 -0.151086 0.233292 0.960598 1.721100 0.000000 0.000000 0.000000 1.000000
0.984195 0.079200 0.158388 0.000000 -0.039328 0.969834 -0.240572 29.149500 -0.172664 0.230541 0.957621 1.721100 0.000000 0.000000 0.000000 1.000000
0.984235 0.079880 0.157797 0.000000 -0.038364 0.967377 -0.250420 29.149500 -0.172653 0.240418 0.955191 1.721100 0.000000 0.000000 0.000000 1.000000
0.986444 0.078179 0.144279 0.000000 -0.039014 0.965742 -0.256555 29.149500 -0.159394 0.247448 0.955700 1.721100 0.000000 0.000000 0.000000 1.000000
0.987988 0.078194 0.133290 -0.000000 -0.041472 0.965056 -0.258741 29.149500 -0.148864 0.250105 0.956706 1.721100 0.000000 0.000000 0.000000 1.000000
0.990155 0.076151 0.117451 0.000000 -0.042709 0.963416 -0.264587 29.149500 -0.133303 0.256966 0.957183 1.721100 0.000000 0.000000 0.000000 1.000000
0.993054 0.074185 0.091324 0.000000 -0.047047 0.961795 -0.269697 29.149500 -0.107843 0.263527 0.958605 1.721100 0.000000 0.000000 0.000000 1.000000
0.996132 0.074375 0.046782 0.000000 -0.058481 0.958588 -0.278728 29.149500 -0.065575 0.274914 0.959230 1.721100 0.000000 0.000000 0.000000 1.000000
0.997819 0.065477 0.008364 0.000000 -0.060745 0.960426 -0.271831 29.149500 -0.025832 0.270730 0.962309 1.721100 0.000000 0.000000 0.000000 1.000000
0.998355 0.030016 -0.048854 -0.000000 -0.041868 0.963764 -0.263449 29.149500 0.039176 0.265061 0.963435 1.721100 0.000000 0.000000 0.000000 1.000000</float_array>
        <technique_common>
          <accessor source="#mixamorig_Spine2-Matrix-animation-output-transform-array" count="26" stride="16">
            <param type="float4x4"/>
          </accessor>
        </technique_common>
      </source>
      <source id="mixamorig_Spine2-Interpolations">
        <Name_array id="mixamorig_Spine2-Interpolations-array" count="26">
 LINEAR LINEAR LINEAR LINEAR LINEAR LINEAR LINEAR LINEAR LINEAR LINEAR LINEAR
LINEAR LINEAR LINEAR LINEAR LINEAR LINEAR LINEAR LINEAR LINEAR LINEAR LINEAR LINEAR
LINEAR LINEAR LINEAR</Name_array>
        <technique_common>
          <accessor source="#mixamorig_Spine2-Interpolations-array" count="26">
            <param type="name"/>
          </accessor>
        </technique_common>
      </source>
      <sampler id="mixamorig_Spine2-Matrix-animation-transform">
        <input semantic="INPUT" source="#mixamorig_Spine2-Matrix-animation-input"/>
        <input semantic="OUTPUT" source="#mixamorig_Spine2-Matrix-animation-output-transform"/>
        <input semantic="INTERPOLATION" source="#mixamorig_Spine2-Interpolations"/>
      </sampler>
      <channel source="#mixamorig_Spine2-Matrix-animation-transform" target="mixamorig_Spine2/matrix"/>
    </animation>
    <animation id="mixamorig_Neck-anim" name="mixamorig_Neck">
      <source id="mixamorig_Neck-Matrix-animation-input">
        <float_array id="mixamorig_Neck-Matrix-animation-input-array" count="26">

0.000000 0.033333 0.066667 0.100000 0.133333 0.166667 0.200000 0.233333 0.266667 0.300000 0.333333 0.366667 0.400000 0.433333 0.466667 0.500000
0.533333 0.566667 0.600000 0.633333 0.666667 0.700000 0.733333 0.766667 0.800000 0.833333</float_array>
        <technique_common>
          <accessor source="#mixamorig_Neck-Matrix-animation-input-array" count="26">
            <param name="TIME" type="float"/>
          </accessor>
        </technique_common>
      </source>
      <source id="mixamorig_Neck-Matrix-animation-output-transform">
        <float_array id="mixamorig_Neck-Matrix-animation-output-transform-array" count="416">

0.998465 -0.007577 0.054863 0.000000 0.000366 0.991478 0.130270 13.857900 -0.055382 -0.130050 0.989960 7.405300 0.000000 0.000000 0.000000 1.000000
0.997053 -0.005968 0.076487 -0.000000 -0.004179 0.991264 0.131823 13.857900 -0.076605 -0.131755 0.988318 7.405300 0.000000 0.000000 0.000000 1.000000
0.995050 -0.016479 0.097999 0.000000 0.005668 0.993960 0.109592 13.857900 -0.099213 -0.108494 0.989134 7.405300 0.000000 0.000000 0.000000 1.000000
0.992534 -0.010167 0.121542 -0.000000 -0.001592 0.995355 0.096259 13.857900 -0.121956 -0.095734 0.987908 7.405300 0.000000 0.000000 0.000000 1.000000
0.990948 -0.006888 0.134071 -0.000000 -0.004148 0.996635 0.081863 13.857900 -0.134184 -0.081678 0.987585 7.405300 0.000000 0.000000 0.000000 1.000000
0.989533 0.011033 0.143885 -0.000000 -0.017833 0.998780 0.046057 13.857900 -0.143201 -0.048141 0.988522 7.405300 0.000000 0.000000 0.000000 1.000000
0.989750 0.024799 0.140643 -0.000000 -0.028232 0.999349 0.022472 13.857900 -0.139994 -0.026213 0.989805 7.405300 0.000000 0.000000 0.000000 1.000000
0.991578 0.009314 0.129177 -0.000000 -0.013255 0.999472 0.029680 13.857900 -0.128832 -0.031143 0.991177 7.405300 0.000000 0.000000 0.000000 1.000000
0.992230 0.013165 0.123719 0.000000 -0.017404 0.999296 0.033244 13.857900 -0.123194 -0.035139 0.991760 7.405300 0.000000 0.000000 0.000000 1.000000
0.993251 0.016819 0.114763 0.000000 -0.024361 0.997612 0.064633 13.857900 -0.113402 -0.066993 0.991288 7.405300 0.000000 0.000000 0.000000 1.000000
0.994304 0.030744 0.102047 0.000000 -0.039813 0.995319 0.088066 13.857900 -0.098862 -0.091627 0.990874 7.405300 0.000000 0.000000 0.000000 1.000000
0.997143 0.029149 0.069690 0.000000 -0.036559 0.993530 0.107526 13.857900 -0.066105 -0.109767 0.991757 7.405300 0.000000 0.000000 0.000000 1.000000
0.999106 0.017775 0.038357 0.000000 -0.022205 0.992725 0.118337 13.857900 -0.035974 -0.119083 0.992232 7.405300 0.000000 0.000000 0.000000 1.000000
0.999018 0.037772 0.023171 0.000000 -0.040699 0.988939 0.142629 13.857900 -0.017527 -0.143432 0.989505 7.405300 0.000000 0.000000 0.000000 1.000000
0.999504 -0.020948 -0.023521 -0.000000 0.023814 0.991352 0.129049 13.857900 0.020615 -0.129545 0.991359 7.405300 0.000000 0.000000 0.000000 1.000000
0.998583 -0.009613 -0.052341 0.000000 0.017272 0.988849 0.147916 13.857900 0.050335 -0.148610 0.987614 7.405300 0.000000 0.000000 0.000000 1.000000
0.997039 -0.012856 -0.075817 -0.000000 0.025381 0.985692 0.166633 13.857900 0.072590 -0.168064 0.983100 7.405300 0.000000 0.000000 0.000000 1.000000
0.995880 -0.004316 -0.090576 0.000000 0.020644 0.983429 0.180115 13.857900 0.088297 -0.181242 0.979467 7.405300 0.000000 0.000000 0.000000 1.000000
0.995250 -0.015463 -0.096120 0.000000 0.032125 0.984168 0.174305 13.857900 0.091903 -0.176565 0.979989 7.405300 0.000000 0.000000 0.000000 1.000000
0.995933 -0.021658 -0.087456 -0.000000 0.035200 0.987064 0.156417 13.857900 0.082937 -0.158859 0.983812 7.405300 0.000000 0.000000 0.000000 1.000000
0.996234 -0.029397 -0.081572 0.000000 0.041051 0.988566 0.145092 13.857900 0.076374 -0.147894 0.986050 7.405300 0.000000 0.000000 0.000000 1.000000
0.996137 -0.044674 -0.075597 0.000000 0.055423 0.987633 0.146660 13.857900 0.068111 -0.150284 0.986294 7.405300 0.000000 0.000000 0.000000 1.000000
0.996830 -0.053226 -0.059136 0.000000 0.061922 0.985722 0.156583 13.857900 0.049958 -0.159748 0.985893 7.405300 0.000000 0.000000 0.000000 1.000000
0.998736 -0.043674 -0.024872 0.000000 0.047132 0.985712 0.161713 13.857900 0.017454 -0.162681 0.986524 7.405300 0.000000 0.000000 0.000000 1.000000
0.999343 -0.034543 0.011014 0.000000 0.032514 0.988260 0.149282 13.857900 -0.016042 -0.148826 0.988733 7.405300 0.000000 0.000000 0.000000 1.000000
0.998465 -0.007577 0.054863 0.000000 0.000366 0.991478 0.130270 13.857900 -0.055382 -0.130050 0.989960 7.405300 0.000000 0.000000 0.000000 1.000000</float_array>
        <technique_common>
          <accessor source="#mixamorig_Neck-Matrix-animation-output-transform-array" count="26" stride="16">
            <param type="float4x4"/>
          </accessor>
        </technique_common>
      </source>
      <source id="mixamorig_Neck-Interpolations">
        <Name_array id="mixamorig_Neck-Interpolations-array" count="26">
 LINEAR LINEAR LINEAR LINEAR LINEAR LINEAR LINEAR LINEAR LINEAR LINEAR LINEAR
LINEAR LINEAR LINEAR LINEAR LINEAR LINEAR LINEAR LINEAR LINEAR LINEAR LINEAR LINEAR
LINEAR LINEAR LINEAR</Name_array>
        <technique_common>
          <accessor source="#mixamorig_Neck-Interpolations-array" count="26">
            <param type="name"/>
          </accessor>
        </technique_common>
      </source>
      <sampler id="mixamorig_Neck-Matrix-animation-transform">
        <input semantic="INPUT" source="#mixamorig_Neck-Matrix-animation-input"/>
        <input semantic="OUTPUT" source="#mixamorig_Neck-Matrix-animation-output-transform"/>
        <input semantic="INTERPOLATION" source="#mixamorig_Neck-Interpolations"/>
      </sampler>
      <channel source="#mixamorig_Neck-Matrix-animation-transform" target="mixamorig_Neck/matrix"/>
    </animation>
    <animation id="mixamorig_Head-anim" name="mixamorig_Head">
      <source id="mixamorig_Head-Matrix-animation-input">
        <float_array id="mixamorig_Head-Matrix-animation-input-array" count="26">

0.000000 0.033333 0.066667 0.100000 0.133333 0.166667 0.200000 0.233333 0.266667 0.300000 0.333333 0.366667 0.400000 0.433333 0.466667 0.500000
0.533333 0.566667 0.600000 0.633333 0.666667 0.700000 0.733333 0.766667 0.800000 0.833333</float_array>
        <technique_common>
          <accessor source="#mixamorig_Head-Matrix-animation-input-array" count="26">
            <param name="TIME" type="float"/>
          </accessor>
        </technique_common>
      </source>
      <source id="mixamorig_Head-Matrix-animation-output-transform">
        <float_array id="mixamorig_Head-Matrix-animation-output-transform-array" count="416">

0.987594 -0.090815 0.128108 -0.000000 0.057729 0.968649 0.241632 8.198500 -0.146036 -0.231239 0.961874 5.703100 0.000000 0.000000 0.000000 1.000000
0.978419 -0.093594 0.184217 0.000000 0.054485 0.976840 0.206916 8.198500 -0.199317 -0.192414 0.960859 5.703100 0.000000 0.000000 0.000000 1.000000
0.963380 -0.085618 0.254102 0.000000 0.032984 0.978295 0.204577 8.198500 -0.266102 -0.188704 0.945294 5.703100 0.000000 0.000000 0.000000 1.000000
0.946726 -0.071930 0.313904 0.000000 0.024727 0.988095 0.151842 8.198500 -0.321089 -0.135991 0.937234 5.703100 0.000000 0.000000 0.000000 1.000000
0.935080 -0.048907 0.351047 0.000000 0.012125 0.994269 0.106222 8.198500 -0.354230 -0.095070 0.930313 5.703100 0.000000 0.000000 0.000000 1.000000
0.932892 -0.051807 0.356411 -0.000000 0.015658 0.994499 0.103572 8.198500 -0.359816 -0.091041 0.928571 5.703100 0.000000 0.000000 0.000000 1.000000
0.941989 -0.064452 0.329397 0.000000 0.026724 0.992677 0.117808 8.198500 -0.334577 -0.102171 0.936813 5.703100 0.000000 0.000000 0.000000 1.000000
0.944145 -0.031751 0.327997 0.000000 -0.000090 0.995323 0.096607 8.198500 -0.329531 -0.091241 0.939726 5.703100 0.000000 0.000000 0.000000 1.000000
0.946513 -0.005845 0.322614 0.000000 -0.027856 0.994623 0.099746 8.198500 -0.321462 -0.103397 0.941260 5.703100 0.000000 0.000000 0.000000 1.000000
0.951653 0.021424 0.306428 -0.000000 -0.059583 0.991493 0.115723 8.198500 -0.301342 -0.128386 0.944833 5.703100 0.000000 0.000000 0.000000 1.000000
0.962460 0.036565 0.268948 0.000000 -0.085992 0.980918 0.174373 8.198500 -0.257440 -0.190955 0.947239 5.703100 0.000000 0.000000 0.000000 1.000000
0.977358 0.063204 0.201935 -0.000000 -0.109724 0.967394 0.228275 8.198500 -0.180922 -0.245264 0.952425 5.703100 0.000000 0.000000 0.000000 1.000000
0.986304 0.079732 0.144383 0.000000 -0.115129 0.959659 0.256516 8.198500 -0.118106 -0.269625 0.955695 5.703100 0.000000 0.000000 0.000000 1.000000
0.996006 0.054726 0.070547 -0.000000 -0.070976 0.964666 0.253736 8.198500 -0.054168 -0.257730 0.964697 5.703100 0.000000 0.000000 0.000000 1.000000
0.998002 0.060599 0.017898 0.000000 -0.063159 0.965047 0.254353 8.198500 -0.001859 -0.254975 0.966946 5.703100 0.000000 0.000000 0.000000 1.000000
0.995832 0.039210 -0.082352 0.000000 -0.022055 0.979605 0.199719 8.198500 0.088503 -0.197071 0.976386 5.703100 0.000000 0.000000 0.000000 1.000000
0.989186 0.014914 -0.145909 0.000000 0.008828 0.986959 0.160729 8.198500 0.146404 -0.160279 0.976154 5.703100 0.000000 0.000000 0.000000 1.000000
0.980074 0.004641 -0.198578 0.000000 0.028266 0.986294 0.162556 8.198500 0.196611 -0.164930 0.966510 5.703100 0.000000 0.000000 0.000000 1.000000
0.978341 -0.002626 -0.206983 0.000000 0.042390 0.981270 0.187913 8.198500 0.202612 -0.192617 0.960129 5.703100 0.000000 0.000000 0.000000 1.000000
0.980386 -0.031967 -0.194478 0.000000 0.071686 0.977009 0.200783 8.198500 0.183588 -0.210786 0.960138 5.703100 0.000000 0.000000 0.000000 1.000000
0.982552 -0.050718 -0.178942 0.000000 0.087215 0.975406 0.202426 8.198500 0.164274 -0.214501 0.962810 5.703100 0.000000 0.000000 0.000000 1.000000
0.988612 -0.048426 -0.142480 0.000000 0.078382 0.973938 0.212840 8.198500 0.128459 -0.221584 0.966643 5.703100 0.000000 0.000000 0.000000 1.000000
0.994923 -0.047503 -0.088724 -0.000000 0.067800 0.967886 0.242075 8.198500 0.074376 -0.246861 0.966192 5.703100 0.000000 0.000000 0.000000 1.000000
0.997506 -0.066479 -0.023703 -0.000000 0.070412 0.960435 0.269455 8.198500 0.004852 -0.270452 0.962721 5.703100 0.000000 0.000000 0.000000 1.000000
0.995283 -0.081316 0.052918 0.000000 0.064877 0.963381 0.260168 8.198500 -0.072136 -0.255507 0.964112 5.703100 0.000000 0.000000 0.000000 1.000000
0.987594 -0.090815 0.128108 -0.000000 0.057729 0.968649 0.241632 8.198500 -0.146036 -0.231239 0.961874 5.703100 0.000000 0.000000 0.000000 1.000000</float_array>
        <technique_common>
          <accessor source="#mixamorig_Head-Matrix-animation-output-transform-array" count="26" stride="16">
            <param type="float4x4"/>
          </accessor>
        </technique_common>
      </source>
      <source id="mixamorig_Head-Interpolations">
        <Name_array id="mixamorig_Head-Interpolations-array" count="26">
 LINEAR LINEAR LINEAR LINEAR LINEAR LINEAR LINEAR LINEAR LINEAR LINEAR LINEAR
LINEAR LINEAR LINEAR LINEAR LINEAR LINEAR LINEAR LINEAR LINEAR LINEAR LINEAR LINEAR
LINEAR LINEAR LINEAR</Name_array>
        <technique_common>
          <accessor source="#mixamorig_Head-Interpolations-array" count="26">
            <param type="name"/>
          </accessor>
        </technique_common>
      </source>
      <sampler id="mixamorig_Head-Matrix-animation-transform">
        <input semantic="INPUT" source="#mixamorig_Head-Matrix-animation-input"/>
        <input semantic="OUTPUT" source="#mixamorig_Head-Matrix-animation-output-transform"/>
        <input semantic="INTERPOLATION" source="#mixamorig_Head-Interpolations"/>
      </sampler>
      <channel source="#mixamorig_Head-Matrix-animation-transform" target="mixamorig_Head/matrix"/>
    </animation>
    <animation id="mixamorig_LeftShoulder-anim" name="mixamorig_LeftShoulder">
      <source id="mixamorig_LeftShoulder-Matrix-animation-input">
        <float_array id="mixamorig_LeftShoulder-Matrix-animation-input-array" count="26">

0.000000 0.033333 0.066667 0.100000 0.133333 0.166667 0.200000 0.233333 0.266667 0.300000 0.333333 0.366667 0.400000 0.433333 0.466667 0.500000
0.533333 0.566667 0.600000 0.633333 0.666667 0.700000 0.733333 0.766667 0.800000 0.833333</float_array>
        <technique_common>
          <accessor source="#mixamorig_LeftShoulder-Matrix-animation-input-array" count="26">
            <param name="TIME" type="float"/>
          </accessor>
        </technique_common>
      </source>
      <source id="mixamorig_LeftShoulder-Matrix-animation-output-transform">
        <float_array id="mixamorig_LeftShoulder-Matrix-animation-output-transform-array" count="416">

0.207669 0.811484 -0.546230 12.584900 -0.054865 -0.547862 -0.834768 11.395200 -0.976659 0.203325 -0.069252 -1.453100 0.000000 0.000000 0.000000 1.000000
0.232284 0.813006 -0.533915 12.584900 -0.051335 -0.537917 -0.841433 11.395200 -0.971292 0.222860 -0.083213 -1.453100 0.000000 0.000000 0.000000 1.000000
0.247286 0.814215 -0.525265 12.584900 -0.048761 -0.530957 -0.845995 11.395200 -0.967715 0.234815 -0.091596 -1.453100 0.000000 0.000000 0.000000 1.000000
0.246922 0.809928 -0.532020 12.584900 -0.050752 -0.537458 -0.841762 11.395200 -0.967705 0.234851 -0.091605 -1.453100 0.000000 0.000000 0.000000 1.000000
0.239004 0.811268 -0.533593 12.584900 -0.051230 -0.538218 -0.841247 11.395200 -0.969666 0.228397 -0.087075 -1.453100 0.000000 0.000000 0.000000 1.000000
0.245719 0.809553 -0.533148 12.584900 -0.051090 -0.538430 -0.841120 11.395200 -0.967994 0.233918 -0.090942 -1.453100 0.000000 0.000000 0.000000 1.000000
0.260564 0.811923 -0.522387 12.584900 -0.047872 -0.529547 -0.846929 11.395200 -0.964269 0.245687 -0.099112 -1.453100 0.000000 0.000000 0.000000 1.000000
0.255231 0.818403 -0.514852 12.584900 -0.045691 -0.521684 -0.851914 11.395200 -0.965800 0.240959 -0.095757 -1.453100 0.000000 0.000000 0.000000 1.000000
0.250219 0.816610 -0.520133 12.584900 -0.047295 -0.526272 -0.849000 11.395200 -0.967034 0.237035 -0.093062 -1.453100 0.000000 0.000000 0.000000 1.000000
0.233744 0.815849 -0.528917 12.584900 -0.049965 -0.533189 -0.844519 11.395200 -0.971013 0.223829 -0.083865 -1.453100 0.000000 0.000000 0.000000 1.000000
0.215789 0.818754 -0.532050 12.584900 -0.051032 -0.534687 -0.843508 11.395200 -0.975106 0.209172 -0.073597 -1.453100 0.000000 0.000000 0.000000 1.000000
0.206418 0.826570 -0.523615 12.584900 -0.048970 -0.525742 -0.849233 11.395200 -0.977238 0.200938 -0.068045 -1.453100 0.000000 0.000000 0.000000 1.000000
0.189258 0.831153 -0.522843 12.584900 -0.049194 -0.523772 -0.850437 11.395200 -0.980694 0.186673 -0.058240 -1.453100 0.000000 0.000000 0.000000 1.000000
0.157728 0.827117 -0.539444 12.584900 -0.053964 -0.538246 -0.841058 11.395200 -0.986007 0.161769 -0.040262 -1.453100 0.000000 0.000000 0.000000 1.000000
0.129713 0.848812 -0.512535 12.584900 -0.048986 -0.510785 -0.858312 11.395200 -0.990341 0.136441 -0.024676 -1.453100 0.000000 0.000000 0.000000 1.000000
0.129504 0.853269 -0.505135 12.584900 -0.047521 -0.503499 -0.862688 11.395200 -0.990439 0.135726 -0.024657 -1.453100 0.000000 0.000000 0.000000 1.000000
0.115312 0.870371 -0.478704 12.584900 -0.043082 -0.477083 -0.877802 11.395200 -0.992395 0.121845 -0.017516 -1.453100 0.000000 0.000000 0.000000 1.000000
0.089622 0.877608 -0.470926 12.584900 -0.043510 -0.468928 -0.882164 11.395200 -0.995025 0.099551 -0.003841 -1.453100 0.000000 0.000000 0.000000 1.000000
0.074667 0.886220 -0.457207 12.584900 -0.042551 -0.455238 -0.889353 11.395200 -0.996300 0.085860 0.003718 -1.453100 0.000000 0.000000 0.000000 1.000000
0.072877 0.882185 -0.465229 12.584900 -0.044027 -0.463169 -0.885176 11.395200 -0.996369 0.084992 0.005086 -1.453100 0.000000 0.000000 0.000000 1.000000
0.081377 0.873455 -0.480057 12.584900 -0.045988 -0.477851 -0.877236 11.395200 -0.995622 0.093463 0.001282 -1.453100 0.000000 0.000000 0.000000 1.000000
0.090147 0.862126 -0.498611 12.584900 -0.048757 -0.496228 -0.866822 11.395200 -0.994734 0.102453 -0.002699 -1.453100 0.000000 0.000000 0.000000 1.000000
0.101159 0.845965 -0.523555 12.584900 -0.052816 -0.520946 -0.851954 11.395200 -0.993467 0.113835 -0.008018 -1.453100 0.000000 0.000000 0.000000 1.000000
0.134819 0.827120 -0.545615 12.584900 -0.056072 -0.543392 -0.837604 11.395200 -0.989282 0.143519 -0.026882 -1.453100 0.000000 0.000000 0.000000 1.000000
0.175679 0.816063 -0.550617 12.584900 -0.056359 -0.550061 -0.833221 11.395200 -0.982833 0.177411 -0.050641 -1.453100 0.000000 0.000000 0.000000 1.000000
0.207669 0.811484 -0.546230 12.584900 -0.054865 -0.547862 -0.834768 11.395200 -0.976659 0.203325 -0.069252 -1.453100 0.000000 0.000000 0.000000 1.000000</float_array>
        <technique_common>
          <accessor source="#mixamorig_LeftShoulder-Matrix-animation-output-transform-array" count="26" stride="16">
            <param type="float4x4"/>
          </accessor>
        </technique_common>
      </source>
      <source id="mixamorig_LeftShoulder-Interpolations">
        <Name_array id="mixamorig_LeftShoulder-Interpolations-array" count="26">
 LINEAR LINEAR LINEAR LINEAR LINEAR LINEAR LINEAR LINEAR LINEAR LINEAR LINEAR
LINEAR LINEAR LINEAR LINEAR LINEAR LINEAR LINEAR LINEAR LINEAR LINEAR LINEAR LINEAR
LINEAR LINEAR LINEAR</Name_array>
        <technique_common>
          <accessor source="#mixamorig_LeftShoulder-Interpolations-array" count="26">
            <param type="name"/>
          </accessor>
        </technique_common>
      </source>
      <sampler id="mixamorig_LeftShoulder-Matrix-animation-transform">
        <input semantic="INPUT" source="#mixamorig_LeftShoulder-Matrix-animation-input"/>
        <input semantic="OUTPUT" source="#mixamorig_LeftShoulder-Matrix-animation-output-transform"/>
        <input semantic="INTERPOLATION" source="#mixamorig_LeftShoulder-Interpolations"/>
      </sampler>
      <channel source="#mixamorig_LeftShoulder-Matrix-animation-transform" target="mixamorig_LeftShoulder/matrix"/>
    </animation>
    <animation id="mixamorig_LeftArm-anim" name="mixamorig_LeftArm">
      <source id="mixamorig_LeftArm-Matrix-animation-input">
        <float_array id="mixamorig_LeftArm-Matrix-animation-input-array" count="26">

0.000000 0.033333 0.066667 0.100000 0.133333 0.166667 0.200000 0.233333 0.266667 0.300000 0.333333 0.366667 0.400000 0.433333 0.466667 0.500000
0.533333 0.566667 0.600000 0.633333 0.666667 0.700000 0.733333 0.766667 0.800000 0.833333</float_array>
        <technique_common>
          <accessor source="#mixamorig_LeftArm-Matrix-animation-input-array" count="26">
            <param name="TIME" type="float"/>
          </accessor>
        </technique_common>
      </source>
      <source id="mixamorig_LeftArm-Matrix-animation-output-transform">
        <float_array id="mixamorig_LeftArm-Matrix-animation-output-transform-array" count="416">

0.945657 0.284266 -0.157879 -0.000000 -0.324919 0.807177 -0.492841 15.319300 -0.012661 0.517357 0.855676 0.000000 0.000000 0.000000 0.000000 1.000000
0.969922 0.179440 -0.164475 0.000000 -0.238495 0.835717 -0.494670 15.319300 0.048691 0.519018 0.853376 0.000000 0.000000 0.000000 0.000000 1.000000
0.972315 0.152901 -0.176706 0.000000 -0.221967 0.840699 -0.493919 15.319300 0.073036 0.519467 0.851363 0.000000 0.000000 0.000000 0.000000 1.000000
0.973396 0.141582 -0.180150 -0.000000 -0.214491 0.839565 -0.499123 15.319300 0.080581 0.524485 0.847598 0.000000 0.000000 0.000000 0.000000 1.000000
0.977240 0.122838 -0.172956 0.000000 -0.193124 0.852514 -0.485720 15.319300 0.087782 0.508067 0.856833 0.000000 0.000000 0.000000 0.000000 1.000000
0.980108 0.119053 -0.158789 -0.000000 -0.181711 0.860042 -0.476770 15.319300 0.079804 0.496140 0.864567 0.000000 0.000000 0.000000 0.000000 1.000000
0.983375 0.116950 -0.138912 -0.000000 -0.169973 0.862014 -0.477536 15.319300 0.063897 0.493208 0.867562 0.000000 0.000000 0.000000 0.000000 1.000000
0.981191 0.145105 -0.127311 0.000000 -0.189103 0.854991 -0.482939 15.319300 0.038773 0.497931 0.866350 0.000000 0.000000 0.000000 0.000000 1.000000
0.964833 0.226260 -0.133803 -0.000000 -0.262854 0.826224 -0.498258 15.319300 -0.002184 0.515907 0.856642 0.000000 0.000000 0.000000 0.000000 1.000000
0.943348 0.301412 -0.138727 0.000000 -0.328535 0.789946 -0.517736 15.319300 -0.046465 0.533982 0.844218 0.000000 0.000000 0.000000 0.000000 1.000000
0.926038 0.349523 -0.142434 -0.000000 -0.368174 0.753470 -0.544730 15.319300 -0.083076 0.556881 0.826427 0.000000 0.000000 0.000000 0.000000 1.000000
0.917305 0.372703 -0.140153 0.000000 -0.383491 0.732187 -0.562882 15.319300 -0.107170 0.570083 0.814568 -0.000000 0.000000 0.000000 0.000000 1.000000
0.893639 0.425579 -0.142447 -0.000000 -0.429567 0.719249 -0.546033 15.319300 -0.129926 0.549147 0.825564 0.000000 0.000000 0.000000 0.000000 1.000000
0.853337 0.502782 -0.137934 0.000000 -0.497014 0.704602 -0.506471 15.319300 -0.157456 0.500746 0.851153 0.000000 0.000000 0.000000 0.000000 1.000000
0.782182 0.609535 -0.129068 0.000000 -0.595446 0.670336 -0.442825 15.319300 -0.183398 0.423223 0.887270 0.000000 0.000000 0.000000 0.000000 1.000000
0.716228 0.688708 -0.112688 0.000000 -0.670091 0.633594 -0.386700 15.319300 -0.194925 0.352477 0.915295 -0.000000 0.000000 0.000000 0.000000 1.000000
0.665927 0.738391 -0.106392 -0.000000 -0.719311 0.597709 -0.354027 15.319300 -0.197819 0.312286 0.929164 0.000000 0.000000 0.000000 0.000000 1.000000
0.643984 0.758016 -0.103423 0.000000 -0.737041 0.578484 -0.349467 15.319300 -0.205073 0.301278 0.931223 -0.000000 0.000000 0.000000 0.000000 1.000000
0.626355 0.769813 -0.122750 -0.000000 -0.745822 0.545980 -0.381648 15.319300 -0.226779 0.330597 0.916121 0.000000 0.000000 0.000000 0.000000 1.000000
0.628126 0.766863 -0.131831 0.000000 -0.739833 0.536106 -0.406494 15.319300 -0.241049 0.352863 0.904092 0.000000 0.000000 0.000000 0.000000 1.000000
0.664286 0.736741 -0.126240 0.000000 -0.709225 0.567900 -0.417719 15.319300 -0.236059 0.367017 0.899764 0.000000 0.000000 0.000000 0.000000 1.000000
0.724687 0.679256 -0.115935 0.000000 -0.654639 0.626130 -0.423566 15.319300 -0.215119 0.382848 0.898416 -0.000000 0.000000 0.000000 0.000000 1.000000
0.795151 0.594960 -0.117295 0.000000 -0.578511 0.686246 -0.440899 15.319300 -0.181824 0.418438 0.889860 -0.000000 0.000000 0.000000 0.000000 1.000000
0.877010 0.463373 -0.127036 -0.000000 -0.465256 0.753007 -0.465314 15.319300 -0.119954 0.467189 0.875982 0.000000 0.000000 0.000000 0.000000 1.000000
0.927288 0.346731 -0.141120 0.000000 -0.370321 0.794482 -0.481312 15.319300 -0.054769 0.498575 0.865115 -0.000000 0.000000 0.000000 0.000000 1.000000
0.945657 0.284266 -0.157879 -0.000000 -0.324919 0.807177 -0.492841 15.319300 -0.012662 0.517357 0.855676 0.000000 0.000000 0.000000 0.000000 1.000000</float_array>
        <technique_common>
          <accessor source="#mixamorig_LeftArm-Matrix-animation-output-transform-array" count="26" stride="16">
            <param type="float4x4"/>
          </accessor>
        </technique_common>
      </source>
      <source id="mixamorig_LeftArm-Interpolations">
        <Name_array id="mixamorig_LeftArm-Interpolations-array" count="26">
 LINEAR LINEAR LINEAR LINEAR LINEAR LINEAR LINEAR LINEAR LINEAR LINEAR LINEAR
LINEAR LINEAR LINEAR LINEAR LINEAR LINEAR LINEAR LINEAR LINEAR LINEAR LINEAR LINEAR
LINEAR LINEAR LINEAR</Name_array>
        <technique_common>
          <accessor source="#mixamorig_LeftArm-Interpolations-array" count="26">
            <param type="name"/>
          </accessor>
        </technique_common>
      </source>
      <sampler id="mixamorig_LeftArm-Matrix-animation-transform">
        <input semantic="INPUT" source="#mixamorig_LeftArm-Matrix-animation-input"/>
        <input semantic="OUTPUT" source="#mixamorig_LeftArm-Matrix-animation-output-transform"/>
        <input semantic="INTERPOLATION" source="#mixamorig_LeftArm-Interpolations"/>
      </sampler>
      <channel source="#mixamorig_LeftArm-Matrix-animation-transform" target="mixamorig_LeftArm/matrix"/>
    </animation>
    <animation id="mixamorig_LeftForeArm-anim" name="mixamorig_LeftForeArm">
      <source id="mixamorig_LeftForeArm-Matrix-animation-input">
        <float_array id="mixamorig_LeftForeArm-Matrix-animation-input-array" count="26">

0.000000 0.033333 0.066667 0.100000 0.133333 0.166667 0.200000 0.233333 0.266667 0.300000 0.333333 0.366667 0.400000 0.433333 0.466667 0.500000
0.533333 0.566667 0.600000 0.633333 0.666667 0.700000 0.733333 0.766667 0.800000 0.833333</float_array>
        <technique_common>
          <accessor source="#mixamorig_LeftForeArm-Matrix-animation-input-array" count="26">
            <param name="TIME" type="float"/>
          </accessor>
        </technique_common>
      </source>
      <source id="mixamorig_LeftForeArm-Matrix-animation-output-transform">
        <float_array id="mixamorig_LeftForeArm-Matrix-animation-output-transform-array" count="416">

0.018779 -0.996479 0.081708 0.000000 0.998352 0.014257 -0.055581 34.109299 0.054220 0.082618 0.995105 0.000000 0.000000 0.000000 0.000000 1.000000
-0.022047 -0.998138 0.056874 0.000000 0.997275 -0.025963 -0.069051 34.109299 0.070399 0.055197 0.995991 -0.000000 0.000000 0.000000 0.000000 1.000000
-0.088380 -0.995090 0.044549 0.000000 0.990227 -0.092616 -0.104275 34.109299 0.107889 0.034898 0.993550 0.000000 0.000000 0.000000 0.000000 1.000000
-0.157916 -0.986533 0.042601 -0.000000 0.973664 -0.162751 -0.159659 34.109299 0.164442 0.016266 0.986253 0.000000 0.000000 0.000000 0.000000 1.000000
-0.218588 -0.974621 0.048304 0.000000 0.963699 -0.223386 -0.146228 34.109299 0.153307 0.014586 0.988071 -0.000000 0.000000 0.000000 0.000000 1.000000
-0.253491 -0.965327 0.062344 0.000000 0.955980 -0.259841 -0.136325 34.109299 0.147798 0.025042 0.988701 -0.000000 0.000000 0.000000 0.000000 1.000000
-0.268617 -0.959623 0.083480 0.000000 0.951439 -0.277854 -0.132515 34.109299 0.150360 0.043831 0.987659 0.000000 0.000000 0.000000 0.000000 1.000000
-0.260665 -0.960699 0.095449 -0.000000 0.952793 -0.271937 -0.135038 34.109299 0.155687 0.055744 0.986232 0.000000 0.000000 0.000000 0.000000 1.000000
-0.245567 -0.964608 0.096065 -0.000000 0.959055 -0.256181 -0.120772 34.109299 0.141107 0.062474 0.988021 0.000000 0.000000 0.000000 0.000000 1.000000
-0.193360 -0.976237 0.097844 -0.000000 0.972540 -0.203878 -0.112249 34.109299 0.129530 0.073452 0.988851 0.000000 0.000000 0.000000 0.000000 1.000000
-0.072935 -0.992121 0.101865 0.000000 0.992052 -0.082670 -0.094856 34.109299 0.102530 0.094137 0.990266 0.000000 0.000000 0.000000 0.000000 1.000000
0.115329 -0.984504 0.132104 -0.000000 0.991842 0.106862 -0.069501 34.109299 0.054307 0.139042 0.988796 -0.000000 0.000000 0.000000 0.000000 1.000000
0.246775 -0.953898 0.170823 0.000000 0.968713 0.238020 -0.070295 34.109299 0.026395 0.182825 0.982791 0.000000 0.000000 0.000000 0.000000 1.000000
0.283453 -0.936467 0.206598 0.000000 0.958932 0.274504 -0.071389 34.109299 0.010141 0.218349 0.975818 -0.000000 0.000000 0.000000 0.000000 1.000000
0.259219 -0.936755 0.235152 -0.000000 0.965805 0.252683 -0.058061 34.109299 -0.005030 0.242161 0.970223 0.000000 0.000000 0.000000 0.000000 1.000000
0.222939 -0.941814 0.251566 0.000000 0.974817 0.213945 -0.062919 34.109299 0.005436 0.259258 0.965793 0.000000 0.000000 0.000000 0.000000 1.000000
0.197640 -0.949011 0.245594 0.000000 0.980105 0.186637 -0.067538 34.109299 0.018257 0.254056 0.967017 0.000000 0.000000 0.000000 0.000000 1.000000
0.172118 -0.954164 0.244840 -0.000000 0.985068 0.165666 -0.046867 34.109299 0.004157 0.249250 0.968430 0.000000 0.000000 0.000000 0.000000 1.000000
0.145744 -0.962636 0.228235 0.000000 0.989314 0.142784 -0.029518 34.109299 -0.004173 0.230098 0.973158 0.000000 0.000000 0.000000 0.000000 1.000000
0.112735 -0.970167 0.214630 0.000000 0.993619 0.109287 -0.027904 34.109299 0.003615 0.216406 0.976297 0.000000 0.000000 0.000000 0.000000 1.000000
0.071348 -0.975050 0.210205 0.000000 0.997448 0.069178 -0.017668 34.109299 0.002685 0.210929 0.977498 -0.000000 0.000000 0.000000 0.000000 1.000000
0.041780 -0.978175 0.203538 0.000000 0.999113 0.041957 -0.003445 34.109299 -0.005170 0.203501 0.979061 0.000000 0.000000 0.000000 0.000000 1.000000
0.038049 -0.982704 0.181234 -0.000000 0.999241 0.035894 -0.015154 34.109299 0.008387 0.181673 0.983323 0.000000 0.000000 0.000000 0.000000 1.000000
0.081292 -0.985216 0.150802 -0.000000 0.996229 0.075717 -0.042359 34.109299 0.030314 0.153677 0.987656 0.000000 0.000000 0.000000 0.000000 1.000000
0.079169 -0.989821 0.118263 0.000000 0.995947 0.073460 -0.051887 34.109299 0.042671 0.121891 0.991626 0.000000 0.000000 0.000000 0.000000 1.000000
0.018779 -0.996479 0.081715 -0.000000 0.998352 0.014256 -0.055581 34.109299 0.054220 0.082624 0.995105 0.000000 0.000000 0.000000 0.000000 1.000000</float_array>
        <technique_common>
          <accessor source="#mixamorig_LeftForeArm-Matrix-animation-output-transform-array" count="26" stride="16">
            <param type="float4x4"/>
          </accessor>
        </technique_common>
      </source>
      <source id="mixamorig_LeftForeArm-Interpolations">
        <Name_array id="mixamorig_LeftForeArm-Interpolations-array" count="26">
 LINEAR LINEAR LINEAR LINEAR LINEAR LINEAR LINEAR LINEAR LINEAR LINEAR LINEAR
LINEAR LINEAR LINEAR LINEAR LINEAR LINEAR LINEAR LINEAR LINEAR LINEAR LINEAR LINEAR
LINEAR LINEAR LINEAR</Name_array>
        <technique_common>
          <accessor source="#mixamorig_LeftForeArm-Interpolations-array" count="26">
            <param type="name"/>
          </accessor>
        </technique_common>
      </source>
      <sampler id="mixamorig_LeftForeArm-Matrix-animation-transform">
        <input semantic="INPUT" source="#mixamorig_LeftForeArm-Matrix-animation-input"/>
        <input semantic="OUTPUT" source="#mixamorig_LeftForeArm-Matrix-animation-output-transform"/>
        <input semantic="INTERPOLATION" source="#mixamorig_LeftForeArm-Interpolations"/>
      </sampler>
      <channel source="#mixamorig_LeftForeArm-Matrix-animation-transform" target="mixamorig_LeftForeArm/matrix"/>
    </animation>
    <animation id="mixamorig_LeftHand-anim" name="mixamorig_LeftHand">
      <source id="mixamorig_LeftHand-Matrix-animation-input">
        <float_array id="mixamorig_LeftHand-Matrix-animation-input-array" count="26">

0.000000 0.033333 0.066667 0.100000 0.133333 0.166667 0.200000 0.233333 0.266667 0.300000 0.333333 0.366667 0.400000 0.433333 0.466667 0.500000
0.533333 0.566667 0.600000 0.633333 0.666667 0.700000 0.733333 0.766667 0.800000 0.833333</float_array>
        <technique_common>
          <accessor source="#mixamorig_LeftHand-Matrix-animation-input-array" count="26">
            <param name="TIME" type="float"/>
          </accessor>
        </technique_common>
      </source>
      <source id="mixamorig_LeftHand-Matrix-animation-output-transform">
        <float_array id="mixamorig_LeftHand-Matrix-animation-output-transform-array" count="416">

0.995610 -0.093496 -0.004426 0.000000 0.093251 0.994864 -0.039368 41.076000 0.008084 0.038783 0.999215 0.000000 0.000000 0.000000 0.000000 1.000000
0.994900 -0.100136 -0.012146 0.000000 0.099593 0.994256 -0.039187 41.076000 0.016000 0.037778 0.999158 0.000000 0.000000 0.000000 0.000000 1.000000
0.982789 -0.178643 -0.047041 -0.000000 0.176843 0.983425 -0.040018 41.076000 0.053410 0.031011 0.998091 0.000000 0.000000 0.000000 0.000000 1.000000
0.961237 -0.251691 -0.112582 -0.000000 0.241045 0.965341 -0.100070 41.076000 0.133867 0.069053 0.988591 0.000000 0.000000 0.000000 0.000000 1.000000
0.931304 -0.357039 -0.072085 0.000000 0.343169 0.926407 -0.154933 41.076000 0.122097 0.119552 0.985292 0.000000 0.000000 0.000000 0.000000 1.000000
0.885450 -0.463408 -0.035085 0.000000 0.447834 0.870990 -0.202041 41.076000 0.124186 0.163185 0.978748 0.000000 0.000000 0.000000 0.000000 1.000000
0.887747 -0.459616 -0.025668 0.000000 0.445314 0.871575 -0.205066 41.076000 0.116623 0.170616 0.978412 0.000000 0.000000 0.000000 0.000000 1.000000
0.890321 -0.454476 -0.027918 0.000000 0.439857 0.874293 -0.205274 41.076000 0.117700 0.170480 0.978306 0.000000 0.000000 0.000000 0.000000 1.000000
0.880782 -0.473503 -0.004297 -0.000000 0.463939 0.864736 -0.192332 41.076000 0.094785 0.167409 0.981321 -0.000000 0.000000 0.000000 0.000000 1.000000
0.905804 -0.423535 -0.011665 0.000000 0.414284 0.891118 -0.185143 41.076000 0.088810 0.162871 0.982642 0.000000 0.000000 0.000000 0.000000 1.000000
0.916918 -0.398453 -0.022273 -0.000000 0.388390 0.903804 -0.179697 41.076000 0.091732 0.156117 0.983470 0.000000 0.000000 0.000000 0.000000 1.000000
0.902819 -0.429404 -0.023016 -0.000000 0.423551 0.897210 -0.124973 41.076000 0.074314 0.103080 0.991893 -0.000000 0.000000 0.000000 0.000000 1.000000
0.910718 -0.410807 -0.042789 -0.000000 0.407556 0.910623 -0.068290 41.076000 0.067018 0.044754 0.996748 0.000000 0.000000 0.000000 0.000000 1.000000
0.912900 -0.405271 -0.048673 -0.000000 0.402363 0.913527 -0.059773 41.076000 0.068688 0.034983 0.997025 0.000000 0.000000 0.000000 0.000000 1.000000
0.923719 -0.381597 -0.033575 0.000000 0.378043 0.922239 -0.080983 41.076000 0.061867 0.062113 0.996150 0.000000 0.000000 0.000000 0.000000 1.000000
0.939790 -0.338643 -0.045992 0.000000 0.332633 0.937274 -0.104272 41.076000 0.078418 0.082695 0.993485 0.000000 0.000000 0.000000 0.000000 1.000000
0.948452 -0.311642 -0.057605 0.000000 0.302256 0.944148 -0.131245 41.076000 0.095289 0.107068 0.989675 0.000000 0.000000 0.000000 0.000000 1.000000
0.956327 -0.290867 -0.028887 0.000000 0.284709 0.949311 -0.133225 41.076000 0.066173 0.119183 0.990665 0.000000 0.000000 0.000000 0.000000 1.000000
0.967000 -0.254770 -0.001541 0.000000 0.252689 0.959837 -0.121907 41.076000 0.032537 0.117495 0.992540 -0.000000 0.000000 0.000000 0.000000 1.000000
0.973365 -0.229208 0.004894 0.000000 0.228600 0.968719 -0.096569 41.076000 0.017394 0.095116 0.995314 0.000000 0.000000 0.000000 0.000000 1.000000
0.979042 -0.201798 0.027448 -0.000000 0.203542 0.974092 -0.098566 41.076000 -0.006847 0.102087 0.994752 0.000000 0.000000 0.000000 0.000000 1.000000
0.983083 -0.175201 0.053408 0.000000 0.179705 0.978994 -0.096314 41.076000 -0.035412 0.104282 0.993917 0.000000 0.000000 0.000000 0.000000 1.000000
0.989792 -0.137856 0.036165 0.000000 0.141294 0.982379 -0.122345 41.076000 -0.018662 0.126206 0.991828 -0.000000 0.000000 0.000000 0.000000 1.000000
0.988764 -0.149211 -0.009054 0.000000 0.147771 0.984777 -0.091535 41.076000 0.022574 0.089168 0.995761 -0.000000 0.000000 0.000000 0.000000 1.000000
0.994919 -0.099633 -0.014446 0.000000 0.099306 0.994818 -0.021806 41.076000 0.016543 0.020260 0.999658 0.000000 0.000000 0.000000 0.000000 1.000000
0.995610 -0.093497 -0.004426 0.000000 0.093252 0.994864 -0.039368 41.076000 0.008084 0.038782 0.999215 0.000000 0.000000 0.000000 0.000000 1.000000</float_array>
        <technique_common>
          <accessor source="#mixamorig_LeftHand-Matrix-animation-output-transform-array" count="26" stride="16">
            <param type="float4x4"/>
          </accessor>
        </technique_common>
      </source>
      <source id="mixamorig_LeftHand-Interpolations">
        <Name_array id="mixamorig_LeftHand-Interpolations-array" count="26">
 LINEAR LINEAR LINEAR LINEAR LINEAR LINEAR LINEAR LINEAR LINEAR LINEAR LINEAR
LINEAR LINEAR LINEAR LINEAR LINEAR LINEAR LINEAR LINEAR LINEAR LINEAR LINEAR LINEAR
LINEAR LINEAR LINEAR</Name_array>
        <technique_common>
          <accessor source="#mixamorig_LeftHand-Interpolations-array" count="26">
            <param type="name"/>
          </accessor>
        </technique_common>
      </source>
      <sampler id="mixamorig_LeftHand-Matrix-animation-transform">
        <input semantic="INPUT" source="#mixamorig_LeftHand-Matrix-animation-input"/>
        <input semantic="OUTPUT" source="#mixamorig_LeftHand-Matrix-animation-output-transform"/>
        <input semantic="INTERPOLATION" source="#mixamorig_LeftHand-Interpolations"/>
      </sampler>
      <channel source="#mixamorig_LeftHand-Matrix-animation-transform" target="mixamorig_LeftHand/matrix"/>
    </animation>
    <animation id="mixamorig_LeftHandThumb1-anim" name="mixamorig_LeftHandThumb1">
      <source id="mixamorig_LeftHandThumb1-Matrix-animation-input">
        <float_array id="mixamorig_LeftHandThumb1-Matrix-animation-input-array" count="26">

0.000000 0.033333 0.066667 0.100000 0.133333 0.166667 0.200000 0.233333 0.266667 0.300000 0.333333 0.366667 0.400000 0.433333 0.466667 0.500000
0.533333 0.566667 0.600000 0.633333 0.666667 0.700000 0.733333 0.766667 0.800000 0.833333</float_array>
        <technique_common>
          <accessor source="#mixamorig_LeftHandThumb1-Matrix-animation-input-array" count="26">
            <param name="TIME" type="float"/>
          </accessor>
        </technique_common>
      </source>
      <source id="mixamorig_LeftHandThumb1-Matrix-animation-output-transform">
        <float_array id="mixamorig_LeftHandThumb1-Matrix-animation-output-transform-array" count="416">

0.835302 -0.470426 0.284552 -9.706200 0.549110 0.688079 -0.474368 9.904300 0.027361 0.552491 0.833070 7.213800 0.000000 0.000000 0.000000 1.000000
0.836276 -0.468882 0.284241 -9.706200 0.547658 0.689024 -0.474676 9.904300 0.026718 0.552626 0.833001 7.213800 0.000000 0.000000 0.000000 1.000000
0.838573 -0.465213 0.283501 -9.706200 0.544207 0.691254 -0.475402 9.904300 0.025192 0.552943 0.832838 7.213800 0.000000 0.000000 0.000000 1.000000
0.841630 -0.460270 0.282506 -9.706200 0.539558 0.694222 -0.476374 9.904300 0.023139 0.553360 0.832621 7.213800 0.000000 0.000000 0.000000 1.000000
0.844839 -0.455014 0.281441 -9.706200 0.534610 0.697341 -0.477397 9.904300 0.020962 0.553785 0.832396 7.213800 0.000000 0.000000 0.000000 1.000000
0.847559 -0.450497 0.280528 -9.706200 0.530358 0.699986 -0.478268 9.904300 0.019093 0.554141 0.832204 7.213800 0.000000 0.000000 0.000000 1.000000
0.849280 -0.447610 0.279943 -9.706200 0.527639 0.701661 -0.478821 9.904300 0.017900 0.554362 0.832083 7.213800 0.000000 0.000000 0.000000 1.000000
0.849586 -0.447121 0.279798 -9.706200 0.527152 0.701944 -0.478942 9.904300 0.017743 0.554399 0.832062 7.213800 0.000000 0.000000 0.000000 1.000000
0.849596 -0.447146 0.279728 -9.706200 0.527133 0.701929 -0.478985 9.904300 0.017827 0.554398 0.832061 7.213800 0.000000 0.000000 0.000000 1.000000
0.849602 -0.447161 0.279683 -9.706200 0.527121 0.701920 -0.479012 9.904300 0.017880 0.554397 0.832060 7.213800 0.000000 0.000000 0.000000 1.000000
0.849605 -0.447168 0.279664 -9.706200 0.527115 0.701915 -0.479024 9.904300 0.017903 0.554397 0.832060 7.213800 0.000000 0.000000 0.000000 1.000000
0.849605 -0.447168 0.279664 -9.706200 0.527115 0.701916 -0.479024 9.904300 0.017903 0.554396 0.832060 7.213800 0.000000 0.000000 0.000000 1.000000
0.849603 -0.447163 0.279679 -9.706200 0.527120 0.701918 -0.479015 9.904300 0.017886 0.554397 0.832060 7.213800 0.000000 0.000000 0.000000 1.000000
0.849599 -0.447154 0.279704 -9.706200 0.527127 0.701924 -0.479000 9.904300 0.017856 0.554397 0.832061 7.213800 0.000000 0.000000 0.000000 1.000000
0.849595 -0.447143 0.279736 -9.706200 0.527135 0.701930 -0.478980 9.904300 0.017818 0.554398 0.832061 7.213800 0.000000 0.000000 0.000000 1.000000
0.849590 -0.447131 0.279769 -9.706200 0.527144 0.701938 -0.478960 9.904300 0.017778 0.554398 0.832062 7.213800 0.000000 0.000000 0.000000 1.000000
0.849585 -0.447120 0.279800 -9.706200 0.527153 0.701944 -0.478941 9.904300 0.017740 0.554399 0.832062 7.213800 0.000000 0.000000 0.000000 1.000000
0.849582 -0.447112 0.279825 -9.706200 0.527160 0.701949 -0.478926 9.904300 0.017710 0.554399 0.832062 7.213800 0.000000 0.000000 0.000000 1.000000
0.849580 -0.447107 0.279839 -9.706200 0.527163 0.701952 -0.478918 9.904300 0.017694 0.554400 0.832062 7.213800 0.000000 0.000000 0.000000 1.000000
0.849579 -0.447106 0.279841 -9.706200 0.527164 0.701952 -0.478918 9.904300 0.017692 0.554401 0.832062 7.213800 0.000000 0.000000 0.000000 1.000000
0.848552 -0.448835 0.280192 -9.706200 0.528793 0.700952 -0.478587 9.904300 0.018406 0.554269 0.832134 7.213800 0.000000 0.000000 0.000000 1.000000
0.846015 -0.453067 0.281050 -9.706200 0.532778 0.698484 -0.477773 9.904300 0.020154 0.553940 0.832312 7.213800 0.000000 0.000000 0.000000 1.000000
0.842608 -0.458675 0.282184 -9.706200 0.538057 0.695173 -0.476685 9.904300 0.022476 0.553490 0.832553 7.213800 0.000000 0.000000 0.000000 1.000000
0.839150 -0.464284 0.283316 -9.706200 0.543334 0.691814 -0.475585 9.904300 0.024804 0.553022 0.832797 7.213800 0.000000 0.000000 0.000000 1.000000
0.836464 -0.468582 0.284181 -9.706200 0.547376 0.689207 -0.474735 9.904300 0.026593 0.552652 0.832987 7.213800 0.000000 0.000000 0.000000 1.000000
0.835302 -0.470426 0.284552 -9.706200 0.549110 0.688079 -0.474368 9.904300 0.027361 0.552491 0.833069 7.213800 0.000000 0.000000 0.000000 1.000000</float_array>
        <technique_common>
          <accessor source="#mixamorig_LeftHandThumb1-Matrix-animation-output-transform-array" count="26" stride="16">
            <param type="float4x4"/>
          </accessor>
        </technique_common>
      </source>
      <source id="mixamorig_LeftHandThumb1-Interpolations">
        <Name_array id="mixamorig_LeftHandThumb1-Interpolations-array" count="26">
 LINEAR LINEAR LINEAR LINEAR LINEAR LINEAR LINEAR LINEAR LINEAR LINEAR LINEAR
LINEAR LINEAR LINEAR LINEAR LINEAR LINEAR LINEAR LINEAR LINEAR LINEAR LINEAR LINEAR
LINEAR LINEAR LINEAR</Name_array>
        <technique_common>
          <accessor source="#mixamorig_LeftHandThumb1-Interpolations-array" count="26">
            <param type="name"/>
          </accessor>
        </technique_common>
      </source>
      <sampler id="mixamorig_LeftHandThumb1-Matrix-animation-transform">
        <input semantic="INPUT" source="#mixamorig_LeftHandThumb1-Matrix-animation-input"/>
        <input semantic="OUTPUT" source="#mixamorig_LeftHandThumb1-Matrix-animation-output-transform"/>
        <input semantic="INTERPOLATION" source="#mixamorig_LeftHandThumb1-Interpolations"/>
      </sampler>
      <channel source="#mixamorig_LeftHandThumb1-Matrix-animation-transform" target="mixamorig_LeftHandThumb1/matrix"/>
    </animation>
    <animation id="mixamorig_LeftHandThumb2-anim" name="mixamorig_LeftHandThumb2">
      <source id="mixamorig_LeftHandThumb2-Matrix-animation-input">
        <float_array id="mixamorig_LeftHandThumb2-Matrix-animation-input-array" count="26">

0.000000 0.033333 0.066667 0.100000 0.133333 0.166667 0.200000 0.233333 0.266667 0.300000 0.333333 0.366667 0.400000 0.433333 0.466667 0.500000
0.533333 0.566667 0.600000 0.633333 0.666667 0.700000 0.733333 0.766667 0.800000 0.833333</float_array>
        <technique_common>
          <accessor source="#mixamorig_LeftHandThumb2-Matrix-animation-input-array" count="26">
            <param name="TIME" type="float"/>
          </accessor>
        </technique_common>
      </source>
      <source id="mixamorig_LeftHandThumb2-Matrix-animation-output-transform">
        <float_array id="mixamorig_LeftHandThumb2-Matrix-animation-output-transform-array" count="416">

0.977248 0.212093 -0.001977 0.000000 -0.212092 0.977250 0.000776 2.369000 0.002097 -0.000339 0.999998 0.000000 0.000000 0.000000 0.000000 1.000000
0.975414 0.220368 -0.002163 0.000000 -0.220369 0.975417 -0.000185 2.369000 0.002069 0.000657 0.999998 0.000000 0.000000 0.000000 0.000000 1.000000
0.970785 0.239938 -0.002657 -0.000000 -0.239944 0.970784 -0.002457 2.369000 0.001990 0.003023 0.999993 0.000000 0.000000 0.000000 0.000000 1.000000
0.963955 0.266043 -0.003433 0.000000 -0.266059 0.963941 -0.005480 2.369000 0.001851 0.006196 0.999979 0.000000 0.000000 0.000000 0.000000 1.000000
0.955948 0.293502 -0.004406 0.000000 -0.293531 0.955910 -0.008655 2.369000 0.001671 0.009567 0.999953 -0.000000 0.000000 0.000000 0.000000 1.000000
0.948466 0.316834 -0.005355 -0.000000 -0.316875 0.948399 -0.011345 2.369000 0.001484 0.012457 0.999921 0.000000 0.000000 0.000000 0.000000 1.000000
0.943399 0.331605 -0.006016 0.000000 -0.331657 0.943310 -0.013048 2.369000 0.001348 0.014305 0.999897 0.000000 0.000000 0.000000 0.000000 1.000000
0.942482 0.334200 -0.006137 0.000000 -0.334254 0.942389 -0.013346 2.369000 0.001323 0.014630 0.999892 0.000000 0.000000 0.000000 0.000000 1.000000
0.942411 0.334401 -0.006145 0.000000 -0.334455 0.942317 -0.013362 2.369000 0.001322 0.014648 0.999892 -0.000000 0.000000 0.000000 0.000000 1.000000
0.942279 0.334772 -0.006161 0.000000 -0.334826 0.942185 -0.013401 2.369000 0.001319 0.014691 0.999891 0.000000 0.000000 0.000000 0.000000 1.000000
0.942096 0.335286 -0.006185 -0.000000 -0.335340 0.942001 -0.013461 2.369000 0.001313 0.014756 0.999890 -0.000000 0.000000 0.000000 0.000000 1.000000
0.941877 0.335899 -0.006215 0.000000 -0.335954 0.941781 -0.013537 2.369000 0.001306 0.014838 0.999889 0.000000 0.000000 0.000000 0.000000 1.000000
0.941635 0.336577 -0.006248 0.000000 -0.336633 0.941537 -0.013620 2.369000 0.001298 0.014929 0.999888 0.000000 0.000000 0.000000 0.000000 1.000000
0.941381 0.337287 -0.006281 0.000000 -0.337343 0.941282 -0.013702 2.369000 0.001291 0.015018 0.999886 -0.000000 0.000000 0.000000 0.000000 1.000000
0.941130 0.337987 -0.006314 0.000000 -0.338044 0.941029 -0.013782 2.369000 0.001284 0.015105 0.999885 -0.000000 0.000000 0.000000 0.000000 1.000000
0.940893 0.338645 -0.006345 0.000000 -0.338702 0.940792 -0.013859 2.369000 0.001276 0.015189 0.999884 -0.000000 0.000000 0.000000 0.000000 1.000000
0.940685 0.339222 -0.006374 -0.000000 -0.339279 0.940583 -0.013930 2.369000 0.001269 0.015267 0.999883 0.000000 0.000000 0.000000 0.000000 1.000000
0.940520 0.339677 -0.006395 0.000000 -0.339735 0.940417 -0.013984 2.369000 0.001264 0.015325 0.999882 0.000000 0.000000 0.000000 0.000000 1.000000
0.940409 0.339986 -0.006410 -0.000000 -0.340044 0.940305 -0.014017 2.369000 0.001261 0.015361 0.999881 0.000000 0.000000 0.000000 0.000000 1.000000
0.940365 0.340108 -0.006415 -0.000000 -0.340166 0.940261 -0.014027 2.369000 0.001261 0.015373 0.999881 0.000000 0.000000 0.000000 0.000000 1.000000
0.943657 0.330871 -0.005978 -0.000000 -0.330922 0.943569 -0.012965 2.369000 0.001351 0.014212 0.999898 -0.000000 0.000000 0.000000 0.000000 1.000000
0.951349 0.308077 -0.004981 0.000000 -0.308113 0.951294 -0.010339 2.369000 0.001553 0.011370 0.999934 -0.000000 0.000000 0.000000 0.000000 1.000000
0.960722 0.277485 -0.003814 0.000000 -0.277506 0.960700 -0.006806 2.369000 0.001776 0.007597 0.999970 0.000000 0.000000 0.000000 0.000000 1.000000
0.969143 0.246481 -0.002835 0.000000 -0.246490 0.969140 -0.003215 2.369000 0.001955 0.003815 0.999991 0.000000 0.000000 0.000000 0.000000 1.000000
0.974938 0.222464 -0.002207 0.000000 -0.222466 0.974940 -0.000429 2.369000 0.002056 0.000909 0.999997 0.000000 0.000000 0.000000 0.000000 1.000000
0.977248 0.212092 -0.001972 0.000000 -0.212091 0.977250 0.000776 2.369000 0.002092 -0.000340 0.999998 0.000000 0.000000 0.000000 0.000000 1.000000</float_array>
        <technique_common>
          <accessor source="#mixamorig_LeftHandThumb2-Matrix-animation-output-transform-array" count="26" stride="16">
            <param type="float4x4"/>
          </accessor>
        </technique_common>
      </source>
      <source id="mixamorig_LeftHandThumb2-Interpolations">
        <Name_array id="mixamorig_LeftHandThumb2-Interpolations-array" count="26">
 LINEAR LINEAR LINEAR LINEAR LINEAR LINEAR LINEAR LINEAR LINEAR LINEAR LINEAR
LINEAR LINEAR LINEAR LINEAR LINEAR LINEAR LINEAR LINEAR LINEAR LINEAR LINEAR LINEAR
LINEAR LINEAR LINEAR</Name_array>
        <technique_common>
          <accessor source="#mixamorig_LeftHandThumb2-Interpolations-array" count="26">
            <param type="name"/>
          </accessor>
        </technique_common>
      </source>
      <sampler id="mixamorig_LeftHandThumb2-Matrix-animation-transform">
        <input semantic="INPUT" source="#mixamorig_LeftHandThumb2-Matrix-animation-input"/>
        <input semantic="OUTPUT" source="#mixamorig_LeftHandThumb2-Matrix-animation-output-transform"/>
        <input semantic="INTERPOLATION" source="#mixamorig_LeftHandThumb2-Interpolations"/>
      </sampler>
      <channel source="#mixamorig_LeftHandThumb2-Matrix-animation-transform" target="mixamorig_LeftHandThumb2/matrix"/>
    </animation>
    <animation id="mixamorig_LeftHandThumb3-anim" name="mixamorig_LeftHandThumb3">
      <source id="mixamorig_LeftHandThumb3-Matrix-animation-input">
        <float_array id="mixamorig_LeftHandThumb3-Matrix-animation-input-array" count="26">

0.000000 0.033333 0.066667 0.100000 0.133333 0.166667 0.200000 0.233333 0.266667 0.300000 0.333333 0.366667 0.400000 0.433333 0.466667 0.500000
0.533333 0.566667 0.600000 0.633333 0.666667 0.700000 0.733333 0.766667 0.800000 0.833333</float_array>
        <technique_common>
          <accessor source="#mixamorig_LeftHandThumb3-Matrix-animation-input-array" count="26">
            <param name="TIME" type="float"/>
          </accessor>
        </technique_common>
      </source>
      <source id="mixamorig_LeftHandThumb3-Matrix-animation-output-transform">
        <float_array id="mixamorig_LeftHandThumb3-Matrix-animation-output-transform-array" count="416">

1.000000 -0.000000 0.000067 0.000000 0.000000 1.000000 0.000000 2.785200 -0.000067 -0.000000 1.000000 -0.000000 0.000000 0.000000 0.000000 1.000000
1.000000 0.000000 0.000067 0.000000 -0.000000 1.000000 0.000000 2.785200 -0.000067 -0.000000 1.000000 0.000000 0.000000 0.000000 0.000000 1.000000
1.000000 -0.000000 0.000067 0.000000 0.000000 1.000000 0.000000 2.785200 -0.000067 -0.000000 1.000000 0.000000 0.000000 0.000000 0.000000 1.000000
1.000000 0.000000 0.000067 0.000000 -0.000000 1.000000 0.000000 2.785200 -0.000067 -0.000000 1.000000 0.000000 0.000000 0.000000 0.000000 1.000000
1.000000 0.000000 0.000067 0.000000 -0.000000 1.000000 -0.000000 2.785200 -0.000067 0.000000 1.000000 0.000000 0.000000 0.000000 0.000000 1.000000
1.000000 0.000000 0.000067 -0.000000 -0.000000 1.000000 0.000000 2.785200 -0.000067 -0.000000 1.000000 0.000000 0.000000 0.000000 0.000000 1.000000
1.000000 0.000000 0.000067 0.000000 -0.000000 1.000000 0.000000 2.785200 -0.000067 -0.000000 1.000000 0.000000 0.000000 0.000000 0.000000 1.000000
1.000000 -0.000000 0.000067 0.000000 0.000000 1.000000 -0.000000 2.785200 -0.000067 0.000000 1.000000 -0.000000 0.000000 0.000000 0.000000 1.000000
1.000000 0.000000 0.000067 0.000000 -0.000000 1.000000 -0.000000 2.785200 -0.000067 0.000000 1.000000 0.000000 0.000000 0.000000 0.000000 1.000000
1.000000 0.000000 0.000067 0.000000 -0.000000 1.000000 0.000000 2.785200 -0.000067 -0.000000 1.000000 0.000000 0.000000 0.000000 0.000000 1.000000
1.000000 -0.000000 0.000067 0.000000 0.000000 1.000000 -0.000000 2.785200 -0.000067 0.000000 1.000000 -0.000000 0.000000 0.000000 0.000000 1.000000
1.000000 0.000000 0.000067 0.000000 -0.000000 1.000000 0.000000 2.785200 -0.000067 -0.000000 1.000000 -0.000000 0.000000 0.000000 0.000000 1.000000
1.000000 0.000000 0.000067 -0.000000 -0.000000 1.000000 -0.000000 2.785200 -0.000067 0.000000 1.000000 0.000000 0.000000 0.000000 0.000000 1.000000
1.000000 -0.000000 0.000067 0.000000 0.000000 1.000000 -0.000000 2.785200 -0.000067 0.000000 1.000000 0.000000 0.000000 0.000000 0.000000 1.000000
1.000000 -0.000000 0.000067 0.000000 0.000000 1.000000 -0.000000 2.785200 -0.000067 0.000000 1.000000 0.000000 0.000000 0.000000 0.000000 1.000000
1.000000 0.000000 0.000067 0.000000 -0.000000 1.000000 0.000000 2.785200 -0.000067 -0.000000 1.000000 0.000000 0.000000 0.000000 0.000000 1.000000
1.000000 0.000000 0.000067 -0.000000 -0.000000 1.000000 -0.000000 2.785200 -0.000067 0.000000 1.000000 -0.000000 0.000000 0.000000 0.000000 1.000000
1.000000 0.000000 0.000067 -0.000000 -0.000000 1.000000 0.000000 2.785200 -0.000067 -0.000000 1.000000 0.000000 0.000000 0.000000 0.000000 1.000000
1.000000 0.000000 0.000067 0.000000 -0.000000 1.000000 0.000000 2.785200 -0.000067 -0.000000 1.000000 -0.000000 0.000000 0.000000 0.000000 1.000000
1.000000 -0.000000 0.000067 0.000000 0.000000 1.000000 -0.000000 2.785200 -0.000067 0.000000 1.000000 -0.000000 0.000000 0.000000 0.000000 1.000000
1.000000 -0.000000 0.000067 0.000000 0.000000 1.000000 -0.000000 2.785200 -0.000067 0.000000 1.000000 0.000000 0.000000 0.000000 0.000000 1.000000
1.000000 -0.000000 0.000067 0.000000 0.000000 1.000000 0.000000 2.785200 -0.000067 -0.000000 1.000000 0.000000 0.000000 0.000000 0.000000 1.000000
1.000000 0.000000 0.000067 0.000000 -0.000000 1.000000 0.000000 2.785200 -0.000067 -0.000000 1.000000 -0.000000 0.000000 0.000000 0.000000 1.000000
1.000000 -0.000000 0.000067 0.000000 0.000000 1.000000 0.000000 2.785200 -0.000067 -0.000000 1.000000 0.000000 0.000000 0.000000 0.000000 1.000000
1.000000 -0.000000 0.000067 -0.000000 0.000000 1.000000 -0.000000 2.785200 -0.000067 0.000000 1.000000 0.000000 0.000000 0.000000 0.000000 1.000000
1.000000 0.000000 0.000067 -0.000000 -0.000000 1.000000 -0.000000 2.785200 -0.000067 0.000000 1.000000 0.000000 0.000000 0.000000 0.000000 1.000000</float_array>
        <technique_common>
          <accessor source="#mixamorig_LeftHandThumb3-Matrix-animation-output-transform-array" count="26" stride="16">
            <param type="float4x4"/>
          </accessor>
        </technique_common>
      </source>
      <source id="mixamorig_LeftHandThumb3-Interpolations">
        <Name_array id="mixamorig_LeftHandThumb3-Interpolations-array" count="26">
 LINEAR LINEAR LINEAR LINEAR LINEAR LINEAR LINEAR LINEAR LINEAR LINEAR LINEAR
LINEAR LINEAR LINEAR LINEAR LINEAR LINEAR LINEAR LINEAR LINEAR LINEAR LINEAR LINEAR
LINEAR LINEAR LINEAR</Name_array>
        <technique_common>
          <accessor source="#mixamorig_LeftHandThumb3-Interpolations-array" count="26">
            <param type="name"/>
          </accessor>
        </technique_common>
      </source>
      <sampler id="mixamorig_LeftHandThumb3-Matrix-animation-transform">
        <input semantic="INPUT" source="#mixamorig_LeftHandThumb3-Matrix-animation-input"/>
        <input semantic="OUTPUT" source="#mixamorig_LeftHandThumb3-Matrix-animation-output-transform"/>
        <input semantic="INTERPOLATION" source="#mixamorig_LeftHandThumb3-Interpolations"/>
      </sampler>
      <channel source="#mixamorig_LeftHandThumb3-Matrix-animation-transform" target="mixamorig_LeftHandThumb3/matrix"/>
    </animation>
    <animation id="mixamorig_LeftHandIndex1-anim" name="mixamorig_LeftHandIndex1">
      <source id="mixamorig_LeftHandIndex1-Matrix-animation-input">
        <float_array id="mixamorig_LeftHandIndex1-Matrix-animation-input-array" count="26">

0.000000 0.033333 0.066667 0.100000 0.133333 0.166667 0.200000 0.233333 0.266667 0.300000 0.333333 0.366667 0.400000 0.433333 0.466667 0.500000
0.533333 0.566667 0.600000 0.633333 0.666667 0.700000 0.733333 0.766667 0.800000 0.833333</float_array>
        <technique_common>
          <accessor source="#mixamorig_LeftHandIndex1-Matrix-animation-input-array" count="26">
            <param name="TIME" type="float"/>
          </accessor>
        </technique_common>
      </source>
      <source id="mixamorig_LeftHandIndex1-Matrix-animation-output-transform">
        <float_array id="mixamorig_LeftHandIndex1-Matrix-animation-output-transform-array" count="416">

0.996286 0.041983 0.075182 -4.736600 0.059801 0.290873 -0.954891 18.296801 -0.061957 0.955840 0.287282 0.973500 0.000000 0.000000 0.000000 1.000000
0.996218 0.041743 0.076209 -4.736600 0.061503 0.280807 -0.957792 18.296801 -0.061381 0.958856 0.277178 0.973500 0.000000 0.000000 0.000000 1.000000
0.996050 0.041217 0.078655 -4.736600 0.065517 0.256793 -0.964243 18.296801 -0.059941 0.965587 0.253078 0.973500 0.000000 0.000000 0.000000 1.000000
0.995808 0.040608 0.081954 -4.736600 0.070842 0.224315 -0.971938 18.296801 -0.057852 0.973670 0.220498 0.973500 0.000000 0.000000 0.000000 1.000000
0.995534 0.040083 0.085471 -4.736600 0.076408 0.189606 -0.978883 18.296801 -0.055443 0.981042 0.185697 0.973500 0.000000 0.000000 0.000000 1.000000
0.995284 0.039733 0.088497 -4.736600 0.081105 0.159678 -0.983832 18.296801 -0.053221 0.986369 0.155702 0.973500 0.000000 0.000000 0.000000 1.000000
0.995117 0.039558 0.090431 -4.736600 0.084062 0.140522 -0.986502 18.296801 -0.051731 0.989287 0.136511 0.973500 0.000000 0.000000 0.000000 1.000000
0.995101 0.039544 0.090609 -4.736600 0.084334 0.138742 -0.986731 18.296801 -0.051590 0.989539 0.134728 0.973500 0.000000 0.000000 0.000000 1.000000
0.995193 0.039633 0.089551 -4.736600 0.082720 0.149241 -0.985335 18.296801 -0.052417 0.988006 0.145245 0.973500 0.000000 0.000000 0.000000 1.000000
0.995360 0.039828 0.087597 -4.736600 0.079715 0.168592 -0.982457 18.296801 -0.053897 0.984881 0.164635 0.973500 0.000000 0.000000 0.000000 1.000000
0.995581 0.040163 0.084886 -4.736600 0.075488 0.195394 -0.977815 18.296801 -0.055858 0.979902 0.191498 0.973500 0.000000 0.000000 0.000000 1.000000
0.995831 0.040661 0.081652 -4.736600 0.070358 0.227295 -0.971281 18.296801 -0.058052 0.972977 0.223487 0.973500 0.000000 0.000000 0.000000 1.000000
0.996088 0.041332 0.078103 -4.736600 0.064616 0.262200 -0.962848 18.296801 -0.060275 0.964128 0.258504 0.973500 0.000000 0.000000 0.000000 1.000000
0.996335 0.042171 0.074420 -4.736600 0.058532 0.298320 -0.952669 18.296801 -0.062376 0.953534 0.294758 0.973500 0.000000 0.000000 0.000000 1.000000
0.996556 0.043135 0.070814 -4.736600 0.052446 0.333578 -0.941262 18.296801 -0.064224 0.941735 0.330167 0.973500 0.000000 0.000000 0.000000 1.000000
0.996744 0.044163 0.067461 -4.736600 0.046670 0.366272 -0.929337 18.296801 -0.065751 0.929459 0.363018 0.973500 0.000000 0.000000 0.000000 1.000000
0.996892 0.045162 0.064543 -4.736600 0.041551 0.394636 -0.917898 18.296801 -0.066925 0.917727 0.391533 0.973500 0.000000 0.000000 0.000000 1.000000
0.996999 0.046014 0.062262 -4.736600 0.037485 0.416763 -0.908242 18.296801 -0.067741 0.907850 0.413787 0.973500 0.000000 0.000000 0.000000 1.000000
0.997065 0.046620 0.060735 -4.736600 0.034730 0.431559 -0.901416 18.296801 -0.068235 0.900879 0.428673 0.973500 0.000000 0.000000 0.000000 1.000000
0.997089 0.046866 0.060136 -4.736600 0.033643 0.437349 -0.898662 18.296801 -0.068417 0.898070 0.434499 0.973500 0.000000 0.000000 0.000000 1.000000
0.997045 0.046432 0.061201 -4.736600 0.035574 0.427040 -0.903533 18.296801 -0.068088 0.903040 0.424126 0.973500 0.000000 0.000000 0.000000 1.000000
0.996925 0.045406 0.063873 -4.736600 0.040361 0.401149 -0.915123 18.296801 -0.067174 0.914887 0.398083 0.973500 0.000000 0.000000 0.000000 1.000000
0.996744 0.044159 0.067468 -4.736600 0.046683 0.366211 -0.929360 18.296801 -0.065747 0.929483 0.362957 0.973500 0.000000 0.000000 0.000000 1.000000
0.996538 0.043045 0.071121 -4.736600 0.052969 0.330596 -0.942285 18.296801 -0.064074 0.942790 0.327172 0.973500 0.000000 0.000000 0.000000 1.000000
0.996365 0.042284 0.073957 -4.736600 0.057756 0.302876 -0.951278 18.296801 -0.062624 0.952091 0.299333 0.973500 0.000000 0.000000 0.000000 1.000000
0.996286 0.041982 0.075182 -4.736600 0.059801 0.290874 -0.954891 18.296801 -0.061957 0.955840 0.287283 0.973500 0.000000 0.000000 0.000000 1.000000</float_array>
        <technique_common>
          <accessor source="#mixamorig_LeftHandIndex1-Matrix-animation-output-transform-array" count="26" stride="16">
            <param type="float4x4"/>
          </accessor>
        </technique_common>
      </source>
      <source id="mixamorig_LeftHandIndex1-Interpolations">
        <Name_array id="mixamorig_LeftHandIndex1-Interpolations-array" count="26">
 LINEAR LINEAR LINEAR LINEAR LINEAR LINEAR LINEAR LINEAR LINEAR LINEAR LINEAR
LINEAR LINEAR LINEAR LINEAR LINEAR LINEAR LINEAR LINEAR LINEAR LINEAR LINEAR LINEAR
LINEAR LINEAR LINEAR</Name_array>
        <technique_common>
          <accessor source="#mixamorig_LeftHandIndex1-Interpolations-array" count="26">
            <param type="name"/>
          </accessor>
        </technique_common>
      </source>
      <sampler id="mixamorig_LeftHandIndex1-Matrix-animation-transform">
        <input semantic="INPUT" source="#mixamorig_LeftHandIndex1-Matrix-animation-input"/>
        <input semantic="OUTPUT" source="#mixamorig_LeftHandIndex1-Matrix-animation-output-transform"/>
        <input semantic="INTERPOLATION" source="#mixamorig_LeftHandIndex1-Interpolations"/>
      </sampler>
      <channel source="#mixamorig_LeftHandIndex1-Matrix-animation-transform" target="mixamorig_LeftHandIndex1/matrix"/>
    </animation>
    <animation id="mixamorig_LeftHandIndex2-anim" name="mixamorig_LeftHandIndex2">
      <source id="mixamorig_LeftHandIndex2-Matrix-animation-input">
        <float_array id="mixamorig_LeftHandIndex2-Matrix-animation-input-array" count="26">

0.000000 0.033333 0.066667 0.100000 0.133333 0.166667 0.200000 0.233333 0.266667 0.300000 0.333333 0.366667 0.400000 0.433333 0.466667 0.500000
0.533333 0.566667 0.600000 0.633333 0.666667 0.700000 0.733333 0.766667 0.800000 0.833333</float_array>
        <technique_common>
          <accessor source="#mixamorig_LeftHandIndex2-Matrix-animation-input-array" count="26">
            <param name="TIME" type="float"/>
          </accessor>
        </technique_common>
      </source>
      <source id="mixamorig_LeftHandIndex2-Matrix-animation-output-transform">
        <float_array id="mixamorig_LeftHandIndex2-Matrix-animation-output-transform-array" count="416">

0.993909 -0.092910 0.059264 0.000000 0.055992 -0.037438 -0.997729 4.697600 0.094918 0.994970 -0.032007 0.000000 0.000000 0.000000 0.000000 1.000000
0.993807 -0.093342 0.060287 0.000000 0.055986 -0.048038 -0.997275 4.697600 0.095983 0.994475 -0.042514 -0.000000 0.000000 0.000000 0.000000 1.000000
0.993564 -0.094323 0.062725 0.000000 0.055918 -0.073156 -0.995752 4.697600 0.098511 0.992850 -0.067411 0.000000 0.000000 0.000000 0.000000 1.000000
0.993233 -0.095544 0.066029 0.000000 0.055724 -0.106771 -0.992721 4.697600 0.101898 0.989682 -0.100724 0.000000 0.000000 0.000000 0.000000 1.000000
0.992877 -0.096714 0.069575 -0.000000 0.055392 -0.142287 -0.988274 4.697600 0.105480 0.985089 -0.135916 0.000000 0.000000 0.000000 0.000000 1.000000
0.992569 -0.097616 0.072645 0.000000 0.055007 -0.172568 -0.983460 4.697600 0.108538 0.980149 -0.165917 0.000000 0.000000 0.000000 0.000000 1.000000
0.992371 -0.098142 0.074616 0.000000 0.054712 -0.191787 -0.979910 4.697600 0.110481 0.976517 -0.184954 0.000000 0.000000 0.000000 0.000000 1.000000
0.992353 -0.098188 0.074799 0.000000 0.054683 -0.193566 -0.979562 4.697600 0.110660 0.976161 -0.186717 0.000000 0.000000 0.000000 0.000000 1.000000
0.992461 -0.097908 0.073717 0.000000 0.054850 -0.183054 -0.981572 4.697600 0.109598 0.978215 -0.176304 0.000000 0.000000 0.000000 0.000000 1.000000
0.992661 -0.097358 0.071729 0.000000 0.055131 -0.163581 -0.984988 4.697600 0.107630 0.981714 -0.157013 0.000000 0.000000 0.000000 0.000000 1.000000
0.992937 -0.096528 0.068981 0.000000 0.055455 -0.136393 -0.989101 4.697600 0.104885 0.985941 -0.130076 0.000000 0.000000 0.000000 0.000000 1.000000
0.993264 -0.095435 0.065721 -0.000000 0.055743 -0.103698 -0.993046 4.697600 0.101586 0.990020 -0.097680 -0.000000 0.000000 0.000000 0.000000 1.000000
0.993619 -0.094104 0.062169 0.000000 0.055935 -0.067501 -0.996150 4.697600 0.097939 0.993271 -0.061807 -0.000000 0.000000 0.000000 0.000000 1.000000
0.993985 -0.092576 0.058510 0.000000 0.055993 -0.029567 -0.997993 4.697600 0.094120 0.995267 -0.024206 0.000000 0.000000 0.000000 0.000000 1.000000
0.994340 -0.090930 0.054955 -0.000000 0.055906 0.007948 -0.998404 4.697600 0.090348 0.995826 0.012986 0.000000 0.000000 0.000000 0.000000 1.000000
0.994667 -0.089262 0.051673 -0.000000 0.055695 0.043177 -0.997514 4.697600 0.086809 0.995072 0.047918 0.000000 0.000000 0.000000 0.000000 1.000000
0.994949 -0.087701 0.048837 -0.000000 0.055406 0.074101 -0.995710 4.697600 0.083706 0.993387 0.078586 0.000000 0.000000 0.000000 0.000000 1.000000
0.995168 -0.086407 0.046634 0.000000 0.055111 0.098467 -0.993613 4.697600 0.081264 0.991382 0.102753 -0.000000 0.000000 0.000000 0.000000 1.000000
0.995314 -0.085503 0.045164 0.000000 0.054877 0.114882 -0.991862 4.697600 0.079619 0.989693 0.119036 0.000000 0.000000 0.000000 0.000000 1.000000
0.995371 -0.085141 0.044590 -0.000000 0.054778 0.121333 -0.991099 4.697600 0.078973 0.988954 0.125436 0.000000 0.000000 0.000000 0.000000 1.000000
0.995269 -0.085783 0.045613 0.000000 0.054951 0.109859 -0.992427 4.697600 0.080122 0.990239 0.114053 -0.000000 0.000000 0.000000 0.000000 1.000000
0.995013 -0.087329 0.048189 0.000000 0.055327 0.081249 -0.995157 4.697600 0.082991 0.992861 0.085675 0.000000 0.000000 0.000000 0.000000 1.000000
0.994666 -0.089268 0.051679 0.000000 0.055696 0.043108 -0.997517 4.697600 0.086819 0.995074 0.047850 0.000000 0.000000 0.000000 0.000000 1.000000
0.994310 -0.091079 0.055256 -0.000000 0.055919 0.004748 -0.998424 4.697600 0.090673 0.995832 0.009815 0.000000 0.000000 0.000000 0.000000 1.000000
0.994030 -0.092377 0.058052 0.000000 0.055990 -0.024755 -0.998124 4.697600 0.093641 0.995416 -0.019435 -0.000000 0.000000 0.000000 0.000000 1.000000
0.993909 -0.092910 0.059265 0.000000 0.055994 -0.037438 -0.997729 4.697600 0.094918 0.994970 -0.032008 -0.000000 0.000000 0.000000 0.000000 1.000000</float_array>
        <technique_common>
          <accessor source="#mixamorig_LeftHandIndex2-Matrix-animation-output-transform-array" count="26" stride="16">
            <param type="float4x4"/>
          </accessor>
        </technique_common>
      </source>
      <source id="mixamorig_LeftHandIndex2-Interpolations">
        <Name_array id="mixamorig_LeftHandIndex2-Interpolations-array" count="26">
 LINEAR LINEAR LINEAR LINEAR LINEAR LINEAR LINEAR LINEAR LINEAR LINEAR LINEAR
LINEAR LINEAR LINEAR LINEAR LINEAR LINEAR LINEAR LINEAR LINEAR LINEAR LINEAR LINEAR
LINEAR LINEAR LINEAR</Name_array>
        <technique_common>
          <accessor source="#mixamorig_LeftHandIndex2-Interpolations-array" count="26">
            <param type="name"/>
          </accessor>
        </technique_common>
      </source>
      <sampler id="mixamorig_LeftHandIndex2-Matrix-animation-transform">
        <input semantic="INPUT" source="#mixamorig_LeftHandIndex2-Matrix-animation-input"/>
        <input semantic="OUTPUT" source="#mixamorig_LeftHandIndex2-Matrix-animation-output-transform"/>
        <input semantic="INTERPOLATION" source="#mixamorig_LeftHandIndex2-Interpolations"/>
      </sampler>
      <channel source="#mixamorig_LeftHandIndex2-Matrix-animation-transform" target="mixamorig_LeftHandIndex2/matrix"/>
    </animation>
    <animation id="mixamorig_LeftHandIndex3-anim" name="mixamorig_LeftHandIndex3">
      <source id="mixamorig_LeftHandIndex3-Matrix-animation-input">
        <float_array id="mixamorig_LeftHandIndex3-Matrix-animation-input-array" count="26">

0.000000 0.033333 0.066667 0.100000 0.133333 0.166667 0.200000 0.233333 0.266667 0.300000 0.333333 0.366667 0.400000 0.433333 0.466667 0.500000
0.533333 0.566667 0.600000 0.633333 0.666667 0.700000 0.733333 0.766667 0.800000 0.833333</float_array>
        <technique_common>
          <accessor source="#mixamorig_LeftHandIndex3-Matrix-animation-input-array" count="26">
            <param name="TIME" type="float"/>
          </accessor>
        </technique_common>
      </source>
      <source id="mixamorig_LeftHandIndex3-Matrix-animation-output-transform">
        <float_array id="mixamorig_LeftHandIndex3-Matrix-animation-output-transform-array" count="416">

1.000000 0.000000 -0.000000 0.000000 -0.000000 1.000000 -0.000000 2.893900 -0.000000 0.000000 1.000000 0.000000 0.000000 0.000000 0.000000 1.000000
1.000000 -0.000000 0.000000 -0.000000 0.000000 1.000000 -0.000000 2.893900 -0.000000 0.000000 1.000000 0.000000 0.000000 0.000000 0.000000 1.000000
1.000000 -0.000000 0.000000 0.000000 0.000000 1.000000 0.000000 2.893900 -0.000000 -0.000000 1.000000 0.000000 0.000000 0.000000 0.000000 1.000000
1.000000 -0.000000 -0.000000 0.000000 0.000000 1.000000 -0.000000 2.893900 0.000000 0.000000 1.000000 -0.000000 0.000000 0.000000 0.000000 1.000000
1.000000 -0.000000 -0.000000 0.000000 0.000000 1.000000 0.000000 2.893900 0.000000 -0.000000 1.000000 0.000000 0.000000 0.000000 0.000000 1.000000
1.000000 0.000000 0.000000 0.000000 -0.000000 1.000000 -0.000000 2.893900 -0.000000 0.000000 1.000000 0.000000 0.000000 0.000000 0.000000 1.000000
1.000000 0.000000 0.000000 0.000000 -0.000000 1.000000 -0.000000 2.893900 0.000000 0.000000 1.000000 0.000000 0.000000 0.000000 0.000000 1.000000
1.000000 0.000000 -0.000000 0.000000 -0.000000 1.000000 -0.000000 2.893900 0.000000 0.000000 1.000000 0.000000 0.000000 0.000000 0.000000 1.000000
1.000000 0.000000 0.000000 0.000000 -0.000000 1.000000 -0.000000 2.893900 -0.000000 0.000000 1.000000 0.000000 0.000000 0.000000 0.000000 1.000000
1.000000 0.000000 0.000000 0.000000 -0.000000 1.000000 -0.000000 2.893900 -0.000000 0.000000 1.000000 0.000000 0.000000 0.000000 0.000000 1.000000
1.000000 0.000000 -0.000000 0.000000 -0.000000 1.000000 -0.000000 2.893900 0.000000 0.000000 1.000000 0.000000 0.000000 0.000000 0.000000 1.000000
1.000000 0.000000 0.000000 0.000000 -0.000000 1.000000 -0.000000 2.893900 -0.000000 0.000000 1.000000 -0.000000 0.000000 0.000000 0.000000 1.000000
1.000000 0.000000 -0.000000 0.000000 -0.000000 1.000000 0.000000 2.893900 0.000000 -0.000000 1.000000 0.000000 0.000000 0.000000 0.000000 1.000000
1.000000 -0.000000 0.000000 -0.000000 0.000000 1.000000 0.000000 2.893900 -0.000000 -0.000000 1.000000 0.000000 0.000000 0.000000 0.000000 1.000000
1.000000 0.000000 0.000000 0.000000 -0.000000 1.000000 -0.000000 2.893900 -0.000000 0.000000 1.000000 0.000000 0.000000 0.000000 0.000000 1.000000
1.000000 0.000000 -0.000000 -0.000000 -0.000000 1.000000 -0.000000 2.893900 -0.000000 0.000000 1.000000 0.000000 0.000000 0.000000 0.000000 1.000000
1.000000 -0.000000 -0.000000 0.000000 0.000000 1.000000 0.000000 2.893900 0.000000 -0.000000 1.000000 0.000000 0.000000 0.000000 0.000000 1.000000
1.000000 0.000000 -0.000000 0.000000 -0.000000 1.000000 -0.000000 2.893900 0.000000 0.000000 1.000000 -0.000000 0.000000 0.000000 0.000000 1.000000
1.000000 0.000000 -0.000000 -0.000000 -0.000000 1.000000 -0.000000 2.893900 -0.000000 0.000000 1.000000 0.000000 0.000000 0.000000 0.000000 1.000000
1.000000 0.000000 -0.000000 -0.000000 -0.000000 1.000000 -0.000000 2.893900 -0.000000 0.000000 1.000000 -0.000000 0.000000 0.000000 0.000000 1.000000
1.000000 0.000000 -0.000000 -0.000000 -0.000000 1.000000 0.000000 2.893900 0.000000 -0.000000 1.000000 -0.000000 0.000000 0.000000 0.000000 1.000000
1.000000 0.000000 0.000000 0.000000 -0.000000 1.000000 -0.000000 2.893900 0.000000 0.000000 1.000000 0.000000 0.000000 0.000000 0.000000 1.000000
1.000000 0.000000 -0.000000 0.000000 -0.000000 1.000000 -0.000000 2.893900 0.000000 0.000000 1.000000 0.000000 0.000000 0.000000 0.000000 1.000000
1.000000 0.000000 0.000000 0.000000 -0.000000 1.000000 -0.000000 2.893900 -0.000000 0.000000 1.000000 0.000000 0.000000 0.000000 0.000000 1.000000
1.000000 0.000000 -0.000000 -0.000000 -0.000000 1.000000 -0.000000 2.893900 -0.000000 0.000000 1.000000 0.000000 0.000000 0.000000 0.000000 1.000000
1.000000 0.000000 0.000000 -0.000000 -0.000000 1.000000 -0.000000 2.893900 0.000000 0.000000 1.000000 0.000000 0.000000 0.000000 0.000000 1.000000</float_array>
        <technique_common>
          <accessor source="#mixamorig_LeftHandIndex3-Matrix-animation-output-transform-array" count="26" stride="16">
            <param type="float4x4"/>
          </accessor>
        </technique_common>
      </source>
      <source id="mixamorig_LeftHandIndex3-Interpolations">
        <Name_array id="mixamorig_LeftHandIndex3-Interpolations-array" count="26">
 LINEAR LINEAR LINEAR LINEAR LINEAR LINEAR LINEAR LINEAR LINEAR LINEAR LINEAR
LINEAR LINEAR LINEAR LINEAR LINEAR LINEAR LINEAR LINEAR LINEAR LINEAR LINEAR LINEAR
LINEAR LINEAR LINEAR</Name_array>
        <technique_common>
          <accessor source="#mixamorig_LeftHandIndex3-Interpolations-array" count="26">
            <param type="name"/>
          </accessor>
        </technique_common>
      </source>
      <sampler id="mixamorig_LeftHandIndex3-Matrix-animation-transform">
        <input semantic="INPUT" source="#mixamorig_LeftHandIndex3-Matrix-animation-input"/>
        <input semantic="OUTPUT" source="#mixamorig_LeftHandIndex3-Matrix-animation-output-transform"/>
        <input semantic="INTERPOLATION" source="#mixamorig_LeftHandIndex3-Interpolations"/>
      </sampler>
      <channel source="#mixamorig_LeftHandIndex3-Matrix-animation-transform" target="mixamorig_LeftHandIndex3/matrix"/>
    </animation>
    <animation id="mixamorig_LeftHandMiddle1-anim" name="mixamorig_LeftHandMiddle1">
      <source id="mixamorig_LeftHandMiddle1-Matrix-animation-input">
        <float_array id="mixamorig_LeftHandMiddle1-Matrix-animation-input-array" count="26">

0.000000 0.033333 0.066667 0.100000 0.133333 0.166667 0.200000 0.233333 0.266667 0.300000 0.333333 0.366667 0.400000 0.433333 0.466667 0.500000
0.533333 0.566667 0.600000 0.633333 0.666667 0.700000 0.733333 0.766667 0.800000 0.833333</float_array>
        <technique_common>
          <accessor source="#mixamorig_LeftHandMiddle1-Matrix-animation-input-array" count="26">
            <param name="TIME" type="float"/>
          </accessor>
        </technique_common>
      </source>
      <source id="mixamorig_LeftHandMiddle1-Matrix-animation-output-transform">
        <float_array id="mixamorig_LeftHandMiddle1-Matrix-animation-output-transform-array" count="416">

0.998446 -0.042885 0.035584 -0.139500 0.043530 0.201535 -0.978514 17.924500 0.034792 0.978542 0.203089 0.050800 0.000000 0.000000 0.000000 1.000000
0.998390 -0.043376 0.036546 -0.139500 0.044199 0.191147 -0.980566 17.924500 0.035548 0.980602 0.192757 0.050800 0.000000 0.000000 0.000000 1.000000
0.998254 -0.044485 0.038859 -0.139500 0.045759 0.166410 -0.984994 17.924500 0.037351 0.985053 0.168155 0.050800 0.000000 0.000000 0.000000 1.000000
0.998065 -0.045839 0.042021 -0.139500 0.047790 0.133050 -0.989957 17.924500 0.039787 0.990049 0.134983 0.050800 0.000000 0.000000 0.000000 1.000000
0.997856 -0.047098 0.045444 -0.139500 0.049870 0.097515 -0.993984 17.924500 0.042383 0.994119 0.099655 0.050800 0.000000 0.000000 0.000000 1.000000
0.997671 -0.048034 0.048423 -0.139500 0.051587 0.066972 -0.996420 17.924500 0.044619 0.996598 0.069294 0.050800 0.000000 0.000000 0.000000 1.000000
0.997551 -0.048561 0.050342 -0.139500 0.052650 0.047468 -0.997484 17.924500 0.046049 0.997692 0.049908 0.050800 0.000000 0.000000 0.000000 1.000000
0.997539 -0.048607 0.050521 -0.139500 0.052747 0.045657 -0.997564 17.924500 0.046182 0.997774 0.048109 0.050800 0.000000 0.000000 0.000000 1.000000
0.997606 -0.048328 0.049468 -0.139500 0.052169 0.056341 -0.997048 17.924500 0.045398 0.997241 0.058727 0.050800 0.000000 0.000000 0.000000 1.000000
0.997727 -0.047771 0.047533 -0.139500 0.051083 0.076060 -0.995794 17.924500 0.043954 0.995958 0.078327 0.050800 0.000000 0.000000 0.000000 1.000000
0.997891 -0.046901 0.044870 -0.139500 0.049529 0.103432 -0.993403 17.924500 0.041951 0.993530 0.105537 0.050800 0.000000 0.000000 0.000000 1.000000
0.998082 -0.045719 0.041729 -0.139500 0.047607 0.136106 -0.989550 17.924500 0.039562 0.989639 0.138021 0.050800 0.000000 0.000000 0.000000 1.000000
0.998285 -0.044242 0.038333 -0.139500 0.045409 0.171975 -0.984054 17.924500 0.036944 0.984107 0.173690 0.050800 0.000000 0.000000 0.000000 1.000000
0.998486 -0.042575 0.034842 -0.139500 0.043011 0.209228 -0.976921 17.924500 0.034303 0.976940 0.210742 0.050800 0.000000 0.000000 0.000000 1.000000
0.998671 -0.040848 0.031434 -0.139500 0.040535 0.245729 -0.968491 17.924500 0.031837 0.968477 0.247058 0.050800 0.000000 0.000000 0.000000 1.000000
0.998834 -0.039111 0.028293 -0.139500 0.038126 0.279700 -0.959330 17.924500 0.029607 0.959291 0.280865 0.050800 0.000000 0.000000 0.000000 1.000000
0.998969 -0.037494 0.025583 -0.139500 0.035944 0.309274 -0.950293 17.924500 0.027718 0.950233 0.310303 0.050800 0.000000 0.000000 0.000000 1.000000
0.999070 -0.036157 0.023480 -0.139500 0.034181 0.332413 -0.942514 17.924500 0.026273 0.942441 0.333340 0.050800 0.000000 0.000000 0.000000 1.000000
0.999135 -0.035226 0.022080 -0.139500 0.032972 0.347920 -0.936944 17.924500 0.025323 0.936862 0.348781 0.050800 0.000000 0.000000 0.000000 1.000000
0.999160 -0.034853 0.021533 -0.139500 0.032491 0.353997 -0.934682 17.924500 0.024954 0.934597 0.354832 0.050800 0.000000 0.000000 0.000000 1.000000
0.999116 -0.035514 0.022507 -0.139500 0.033344 0.343182 -0.938677 17.924500 0.025612 0.938597 0.344062 0.050800 0.000000 0.000000 0.000000 1.000000
0.998999 -0.037108 0.024964 -0.139500 0.035432 0.316079 -0.948071 17.924500 0.027290 0.948007 0.317078 0.050800 0.000000 0.000000 0.000000 1.000000
0.998834 -0.039116 0.028300 -0.139500 0.038132 0.279638 -0.959348 17.924500 0.029612 0.959309 0.280803 0.050800 0.000000 0.000000 0.000000 1.000000
0.998655 -0.041002 0.031723 -0.139500 0.040751 0.242636 -0.969261 17.924500 0.032045 0.969251 0.243980 0.050800 0.000000 0.000000 0.000000 1.000000
0.998510 -0.042363 0.034402 -0.139500 0.042700 0.213937 -0.975914 17.924500 0.033983 0.975928 0.215427 0.050800 0.000000 0.000000 0.000000 1.000000
0.998445 -0.042941 0.035559 -0.139500 0.043516 0.201536 -0.978514 17.924500 0.034852 0.978539 0.203091 0.050800 0.000000 0.000000 0.000000 1.000000</float_array>
        <technique_common>
          <accessor source="#mixamorig_LeftHandMiddle1-Matrix-animation-output-transform-array" count="26" stride="16">
            <param type="float4x4"/>
          </accessor>
        </technique_common>
      </source>
      <source id="mixamorig_LeftHandMiddle1-Interpolations">
        <Name_array id="mixamorig_LeftHandMiddle1-Interpolations-array" count="26">
 LINEAR LINEAR LINEAR LINEAR LINEAR LINEAR LINEAR LINEAR LINEAR LINEAR LINEAR
LINEAR LINEAR LINEAR LINEAR LINEAR LINEAR LINEAR LINEAR LINEAR LINEAR LINEAR LINEAR
LINEAR LINEAR LINEAR</Name_array>
        <technique_common>
          <accessor source="#mixamorig_LeftHandMiddle1-Interpolations-array" count="26">
            <param type="name"/>
          </accessor>
        </technique_common>
      </source>
      <sampler id="mixamorig_LeftHandMiddle1-Matrix-animation-transform">
        <input semantic="INPUT" source="#mixamorig_LeftHandMiddle1-Matrix-animation-input"/>
        <input semantic="OUTPUT" source="#mixamorig_LeftHandMiddle1-Matrix-animation-output-transform"/>
        <input semantic="INTERPOLATION" source="#mixamorig_LeftHandMiddle1-Interpolations"/>
      </sampler>
      <channel source="#mixamorig_LeftHandMiddle1-Matrix-animation-transform" target="mixamorig_LeftHandMiddle1/matrix"/>
    </animation>
    <animation id="mixamorig_LeftHandMiddle2-anim" name="mixamorig_LeftHandMiddle2">
      <source id="mixamorig_LeftHandMiddle2-Matrix-animation-input">
        <float_array id="mixamorig_LeftHandMiddle2-Matrix-animation-input-array" count="26">

0.000000 0.033333 0.066667 0.100000 0.133333 0.166667 0.200000 0.233333 0.266667 0.300000 0.333333 0.366667 0.400000 0.433333 0.466667 0.500000
0.533333 0.566667 0.600000 0.633333 0.666667 0.700000 0.733333 0.766667 0.800000 0.833333</float_array>
        <technique_common>
          <accessor source="#mixamorig_LeftHandMiddle2-Matrix-animation-input-array" count="26">
            <param name="TIME" type="float"/>
          </accessor>
        </technique_common>
      </source>
      <source id="mixamorig_LeftHandMiddle2-Matrix-animation-output-transform">
        <float_array id="mixamorig_LeftHandMiddle2-Matrix-animation-output-transform-array" count="416">

0.993682 -0.084067 0.074356 0.000000 0.080366 0.070517 -0.994268 5.001900 0.078341 0.993962 0.076827 0.000000 0.000000 0.000000 0.000000 1.000000
0.993600 -0.084220 0.075276 0.000000 0.080457 0.059920 -0.994955 5.001900 0.079285 0.994644 0.066313 0.000000 0.000000 0.000000 0.000000 1.000000
0.993398 -0.084562 0.077519 0.000000 0.080691 0.034759 -0.996133 5.001900 0.081541 0.995812 0.041353 0.000000 0.000000 0.000000 0.000000 1.000000
0.993127 -0.084933 0.080534 -0.000000 0.080909 0.000981 -0.996721 5.001900 0.084575 0.996386 0.007846 -0.000000 0.000000 0.000000 0.000000 1.000000
0.992837 -0.085214 0.083744 0.000000 0.081028 -0.034844 -0.996103 5.001900 0.087800 0.995753 -0.027690 0.000000 0.000000 0.000000 0.000000 1.000000
0.992589 -0.085362 0.086492 0.000000 0.081031 -0.065499 -0.994557 5.001900 0.090563 0.994195 -0.058097 0.000000 0.000000 0.000000 0.000000 1.000000
0.992432 -0.085410 0.088221 -0.000000 0.080963 -0.085009 -0.993085 5.001900 0.092319 0.992713 -0.077450 0.000000 0.000000 0.000000 0.000000 1.000000
0.992418 -0.085413 0.088379 0.000000 0.080952 -0.086817 -0.992930 5.001900 0.092482 0.992556 -0.079244 0.000000 0.000000 0.000000 0.000000 1.000000
0.992505 -0.085391 0.087422 -0.000000 0.080985 -0.076139 -0.993803 5.001900 0.091518 0.993434 -0.068653 0.000000 0.000000 0.000000 0.000000 1.000000
0.992664 -0.085326 0.085662 0.000000 0.081027 -0.056390 -0.995115 5.001900 0.089739 0.994756 -0.049063 0.000000 0.000000 0.000000 0.000000 1.000000
0.992886 -0.085174 0.083208 -0.000000 0.081015 -0.028889 -0.996294 5.001900 0.087262 0.995947 -0.021783 0.000000 0.000000 0.000000 0.000000 1.000000
0.993152 -0.084901 0.080253 -0.000000 0.080889 0.004073 -0.996715 5.001900 0.084295 0.996381 0.010913 -0.000000 0.000000 0.000000 0.000000 1.000000
0.993445 -0.084486 0.077006 0.000000 0.080637 0.040428 -0.995923 5.001900 0.081029 0.995604 0.046976 0.000000 0.000000 0.000000 0.000000 1.000000
0.993748 -0.083926 0.073630 0.000000 0.080245 0.078377 -0.993689 5.001900 0.077625 0.993385 0.084621 -0.000000 0.000000 0.000000 0.000000 1.000000
0.994045 -0.083247 0.070318 0.000000 0.079730 0.115752 -0.990073 5.001900 0.074281 0.989783 0.121700 0.000000 0.000000 0.000000 0.000000 1.000000
0.994321 -0.082497 0.067232 -0.000000 0.079134 0.150712 -0.985405 5.001900 0.071160 0.985130 0.156384 0.000000 0.000000 0.000000 0.000000 1.000000
0.994561 -0.081745 0.064542 0.000000 0.078516 0.181290 -0.980290 5.001900 0.068434 0.980026 0.186722 0.000000 0.000000 0.000000 0.000000 1.000000
0.994749 -0.081094 0.062436 0.000000 0.077970 0.205309 -0.975586 5.001900 0.066296 0.975332 0.210554 0.000000 0.000000 0.000000 0.000000 1.000000
0.994875 -0.080626 0.061023 0.000000 0.077572 0.221453 -0.972081 5.001900 0.064861 0.971832 0.226573 0.000000 0.000000 0.000000 0.000000 1.000000
0.994924 -0.080435 0.060469 0.000000 0.077409 0.227791 -0.970628 5.001900 0.064298 0.970382 0.232861 0.000000 0.000000 0.000000 0.000000 1.000000
0.994836 -0.080772 0.061455 -0.000000 0.077697 0.216516 -0.973182 5.001900 0.065300 0.972932 0.221673 0.000000 0.000000 0.000000 0.000000 1.000000
0.994616 -0.081562 0.063923 0.000000 0.078363 0.188343 -0.978972 5.001900 0.067807 0.978711 0.193720 0.000000 0.000000 0.000000 0.000000 1.000000
0.994320 -0.082500 0.067239 -0.000000 0.079136 0.150644 -0.985416 5.001900 0.071168 0.985140 0.156317 -0.000000 0.000000 0.000000 0.000000 1.000000
0.994019 -0.083314 0.070601 0.000000 0.079781 0.112571 -0.990436 5.001900 0.074570 0.990145 0.118545 0.000000 0.000000 0.000000 0.000000 1.000000
0.993786 -0.083852 0.073205 0.000000 0.080187 0.083180 -0.993303 5.001900 0.077201 0.993000 0.089387 0.000000 0.000000 0.000000 0.000000 1.000000
0.993688 -0.084051 0.074299 -0.000000 0.080307 0.070517 -0.994273 5.001900 0.078330 0.993963 0.076822 0.000000 0.000000 0.000000 0.000000 1.000000</float_array>
        <technique_common>
          <accessor source="#mixamorig_LeftHandMiddle2-Matrix-animation-output-transform-array" count="26" stride="16">
            <param type="float4x4"/>
          </accessor>
        </technique_common>
      </source>
      <source id="mixamorig_LeftHandMiddle2-Interpolations">
        <Name_array id="mixamorig_LeftHandMiddle2-Interpolations-array" count="26">
 LINEAR LINEAR LINEAR LINEAR LINEAR LINEAR LINEAR LINEAR LINEAR LINEAR LINEAR
LINEAR LINEAR LINEAR LINEAR LINEAR LINEAR LINEAR LINEAR LINEAR LINEAR LINEAR LINEAR
LINEAR LINEAR LINEAR</Name_array>
        <technique_common>
          <accessor source="#mixamorig_LeftHandMiddle2-Interpolations-array" count="26">
            <param type="name"/>
          </accessor>
        </technique_common>
      </source>
      <sampler id="mixamorig_LeftHandMiddle2-Matrix-animation-transform">
        <input semantic="INPUT" source="#mixamorig_LeftHandMiddle2-Matrix-animation-input"/>
        <input semantic="OUTPUT" source="#mixamorig_LeftHandMiddle2-Matrix-animation-output-transform"/>
        <input semantic="INTERPOLATION" source="#mixamorig_LeftHandMiddle2-Interpolations"/>
      </sampler>
      <channel source="#mixamorig_LeftHandMiddle2-Matrix-animation-transform" target="mixamorig_LeftHandMiddle2/matrix"/>
    </animation>
    <animation id="mixamorig_LeftHandMiddle3-anim" name="mixamorig_LeftHandMiddle3">
      <source id="mixamorig_LeftHandMiddle3-Matrix-animation-input">
        <float_array id="mixamorig_LeftHandMiddle3-Matrix-animation-input-array" count="26">

0.000000 0.033333 0.066667 0.100000 0.133333 0.166667 0.200000 0.233333 0.266667 0.300000 0.333333 0.366667 0.400000 0.433333 0.466667 0.500000
0.533333 0.566667 0.600000 0.633333 0.666667 0.700000 0.733333 0.766667 0.800000 0.833333</float_array>
        <technique_common>
          <accessor source="#mixamorig_LeftHandMiddle3-Matrix-animation-input-array" count="26">
            <param name="TIME" type="float"/>
          </accessor>
        </technique_common>
      </source>
      <source id="mixamorig_LeftHandMiddle3-Matrix-animation-output-transform">
        <float_array id="mixamorig_LeftHandMiddle3-Matrix-animation-output-transform-array" count="416">

1.000000 -0.000000 -0.000000 0.000000 0.000000 1.000000 -0.000000 3.278600 0.000000 0.000000 1.000000 0.000000 0.000000 0.000000 0.000000 1.000000
1.000000 -0.000000 0.000000 0.000000 0.000000 1.000000 0.000000 3.278600 -0.000000 -0.000000 1.000000 0.000000 0.000000 0.000000 0.000000 1.000000
1.000000 0.000000 -0.000000 0.000000 -0.000000 1.000000 0.000000 3.278600 0.000000 -0.000000 1.000000 0.000000 0.000000 0.000000 0.000000 1.000000
1.000000 -0.000000 0.000000 0.000000 0.000000 1.000000 0.000000 3.278600 -0.000000 -0.000000 1.000000 0.000000 0.000000 0.000000 0.000000 1.000000
1.000000 -0.000000 0.000000 -0.000000 0.000000 1.000000 0.000000 3.278600 -0.000000 -0.000000 1.000000 -0.000000 0.000000 0.000000 0.000000 1.000000
1.000000 0.000000 -0.000000 0.000000 -0.000000 1.000000 0.000000 3.278600 0.000000 -0.000000 1.000000 0.000000 0.000000 0.000000 0.000000 1.000000
1.000000 0.000000 -0.000000 0.000000 -0.000000 1.000000 0.000000 3.278600 0.000000 -0.000000 1.000000 0.000000 0.000000 0.000000 0.000000 1.000000
1.000000 0.000000 0.000000 0.000000 -0.000000 1.000000 -0.000000 3.278600 -0.000000 0.000000 1.000000 0.000000 0.000000 0.000000 0.000000 1.000000
1.000000 -0.000000 0.000000 0.000000 0.000000 1.000000 0.000000 3.278600 -0.000000 -0.000000 1.000000 0.000000 0.000000 0.000000 0.000000 1.000000
1.000000 -0.000000 0.000000 -0.000000 0.000000 1.000000 0.000000 3.278600 -0.000000 -0.000000 1.000000 -0.000000 0.000000 0.000000 0.000000 1.000000
1.000000 -0.000000 0.000000 0.000000 0.000000 1.000000 0.000000 3.278600 -0.000000 -0.000000 1.000000 0.000000 0.000000 0.000000 0.000000 1.000000
1.000000 -0.000000 0.000000 0.000000 0.000000 1.000000 0.000000 3.278600 -0.000000 -0.000000 1.000000 0.000000 0.000000 0.000000 0.000000 1.000000
1.000000 -0.000000 0.000000 0.000000 0.000000 1.000000 0.000000 3.278600 -0.000000 -0.000000 1.000000 0.000000 0.000000 0.000000 0.000000 1.000000
1.000000 -0.000000 0.000000 0.000000 0.000000 1.000000 -0.000000 3.278600 -0.000000 0.000000 1.000000 0.000000 0.000000 0.000000 0.000000 1.000000
1.000000 0.000000 0.000000 0.000000 -0.000000 1.000000 0.000000 3.278600 -0.000000 -0.000000 1.000000 -0.000000 0.000000 0.000000 0.000000 1.000000
1.000000 0.000000 -0.000000 0.000000 -0.000000 1.000000 0.000000 3.278600 0.000000 -0.000000 1.000000 0.000000 0.000000 0.000000 0.000000 1.000000
1.000000 -0.000000 0.000000 0.000000 0.000000 1.000000 0.000000 3.278600 -0.000000 -0.000000 1.000000 0.000000 0.000000 0.000000 0.000000 1.000000
1.000000 -0.000000 0.000000 0.000000 0.000000 1.000000 0.000000 3.278600 -0.000000 -0.000000 1.000000 0.000000 0.000000 0.000000 0.000000 1.000000
1.000000 -0.000000 0.000000 0.000000 0.000000 1.000000 0.000000 3.278600 -0.000000 -0.000000 1.000000 0.000000 0.000000 0.000000 0.000000 1.000000
1.000000 -0.000000 0.000000 0.000000 0.000000 1.000000 0.000000 3.278600 -0.000000 -0.000000 1.000000 0.000000 0.000000 0.000000 0.000000 1.000000
1.000000 -0.000000 0.000000 0.000000 0.000000 1.000000 -0.000000 3.278600 -0.000000 0.000000 1.000000 0.000000 0.000000 0.000000 0.000000 1.000000
1.000000 0.000000 -0.000000 0.000000 -0.000000 1.000000 -0.000000 3.278600 0.000000 0.000000 1.000000 -0.000000 0.000000 0.000000 0.000000 1.000000
1.000000 -0.000000 0.000000 0.000000 0.000000 1.000000 0.000000 3.278600 -0.000000 -0.000000 1.000000 0.000000 0.000000 0.000000 0.000000 1.000000
1.000000 -0.000000 0.000000 0.000000 0.000000 1.000000 -0.000000 3.278600 -0.000000 0.000000 1.000000 -0.000000 0.000000 0.000000 0.000000 1.000000
1.000000 -0.000000 0.000000 0.000000 0.000000 1.000000 0.000000 3.278600 -0.000000 -0.000000 1.000000 0.000000 0.000000 0.000000 0.000000 1.000000
1.000000 -0.000000 0.000000 0.000000 0.000000 1.000000 -0.000000 3.278600 -0.000000 0.000000 1.000000 0.000000 0.000000 0.000000 0.000000 1.000000</float_array>
        <technique_common>
          <accessor source="#mixamorig_LeftHandMiddle3-Matrix-animation-output-transform-array" count="26" stride="16">
            <param type="float4x4"/>
          </accessor>
        </technique_common>
      </source>
      <source id="mixamorig_LeftHandMiddle3-Interpolations">
        <Name_array id="mixamorig_LeftHandMiddle3-Interpolations-array" count="26">
 LINEAR LINEAR LINEAR LINEAR LINEAR LINEAR LINEAR LINEAR LINEAR LINEAR LINEAR
LINEAR LINEAR LINEAR LINEAR LINEAR LINEAR LINEAR LINEAR LINEAR LINEAR LINEAR LINEAR
LINEAR LINEAR LINEAR</Name_array>
        <technique_common>
          <accessor source="#mixamorig_LeftHandMiddle3-Interpolations-array" count="26">
            <param type="name"/>
          </accessor>
        </technique_common>
      </source>
      <sampler id="mixamorig_LeftHandMiddle3-Matrix-animation-transform">
        <input semantic="INPUT" source="#mixamorig_LeftHandMiddle3-Matrix-animation-input"/>
        <input semantic="OUTPUT" source="#mixamorig_LeftHandMiddle3-Matrix-animation-output-transform"/>
        <input semantic="INTERPOLATION" source="#mixamorig_LeftHandMiddle3-Interpolations"/>
      </sampler>
      <channel source="#mixamorig_LeftHandMiddle3-Matrix-animation-transform" target="mixamorig_LeftHandMiddle3/matrix"/>
    </animation>
    <animation id="mixamorig_LeftHandRing1-anim" name="mixamorig_LeftHandRing1">
      <source id="mixamorig_LeftHandRing1-Matrix-animation-input">
        <float_array id="mixamorig_LeftHandRing1-Matrix-animation-input-array" count="26">

0.000000 0.033333 0.066667 0.100000 0.133333 0.166667 0.200000 0.233333 0.266667 0.300000 0.333333 0.366667 0.400000 0.433333 0.466667 0.500000
0.533333 0.566667 0.600000 0.633333 0.666667 0.700000 0.733333 0.766667 0.800000 0.833333</float_array>
        <technique_common>
          <accessor source="#mixamorig_LeftHandRing1-Matrix-animation-input-array" count="26">
            <param name="TIME" type="float"/>
          </accessor>
        </technique_common>
      </source>
      <source id="mixamorig_LeftHandRing1-Matrix-animation-output-transform">
        <float_array id="mixamorig_LeftHandRing1-Matrix-animation-output-transform-array" count="416">

0.996529 -0.066263 -0.050393 3.988400 -0.045400 0.074812 -0.996164 15.764500 0.069779 0.994994 0.071544 0.151700 0.000000 0.000000 0.000000 1.000000
0.996458 -0.067827 -0.049711 3.988400 -0.045354 0.064333 -0.996897 15.764500 0.070815 0.995621 0.061029 0.151700 0.000000 0.000000 0.000000 1.000000
0.996281 -0.071469 -0.048137 3.988400 -0.045400 0.039432 -0.998190 15.764500 0.073238 0.996663 0.036041 0.151700 0.000000 0.000000 0.000000 1.000000
0.996029 -0.076283 -0.045904 3.988400 -0.045580 0.005981 -0.998943 15.764500 0.076477 0.997068 0.002480 0.151700 0.000000 0.000000 0.000000 1.000000
0.995746 -0.081302 -0.043361 3.988400 -0.045889 -0.029488 -0.998511 15.764500 0.079902 0.996253 -0.033094 0.151700 0.000000 0.000000 0.000000 1.000000
0.995490 -0.085526 -0.041041 3.988400 -0.046250 -0.059844 -0.997136 15.764500 0.082825 0.994537 -0.063529 0.151700 0.000000 0.000000 0.000000 1.000000
0.995321 -0.088182 -0.039489 3.988400 -0.046520 -0.079164 -0.995776 15.764500 0.084683 0.992954 -0.082896 0.151700 0.000000 0.000000 0.000000 1.000000
0.995305 -0.088425 -0.039348 3.988400 -0.046553 -0.080954 -0.995630 15.764500 0.084854 0.992788 -0.084691 0.151700 0.000000 0.000000 0.000000 1.000000
0.995399 -0.086977 -0.040201 3.988400 -0.046393 -0.070380 -0.996441 15.764500 0.083838 0.993721 -0.074092 0.151700 0.000000 0.000000 0.000000 1.000000
0.995568 -0.084280 -0.041736 3.988400 -0.046125 -0.050824 -0.997642 15.764500 0.081960 0.995145 -0.054486 0.151700 0.000000 0.000000 0.000000 1.000000
0.995794 -0.080473 -0.043795 3.988400 -0.045828 -0.023595 -0.998671 15.764500 0.079333 0.996477 -0.027183 0.151700 0.000000 0.000000 0.000000 1.000000
0.996053 -0.075845 -0.046116 3.988400 -0.045560 0.009039 -0.998921 15.764500 0.076180 0.997079 0.005547 0.151700 0.000000 0.000000 0.000000 1.000000
0.996321 -0.070653 -0.048496 3.988400 -0.045383 0.045027 -0.997954 15.764500 0.072693 0.996484 0.041655 0.151700 0.000000 0.000000 0.000000 1.000000
0.996583 -0.065137 -0.050782 3.988400 -0.045332 0.082586 -0.995552 15.764500 0.069041 0.994453 0.079351 0.151700 0.000000 0.000000 0.000000 1.000000
0.996823 -0.059605 -0.052834 3.988400 -0.045418 0.119572 -0.991786 15.764500 0.065433 0.991035 0.116485 0.151700 0.000000 0.000000 0.000000 1.000000
0.997030 -0.054342 -0.054572 3.988400 -0.045620 0.154163 -0.986992 15.764500 0.062048 0.986550 0.151226 0.151700 0.000000 0.000000 0.000000 1.000000
0.997198 -0.049667 -0.055946 3.988400 -0.045896 0.184415 -0.981776 15.764500 0.059079 0.981593 0.181619 0.151700 0.000000 0.000000 0.000000 1.000000
0.997320 -0.045947 -0.056929 3.988400 -0.046178 0.208175 -0.977001 15.764500 0.056741 0.977012 0.205495 0.151700 0.000000 0.000000 0.000000 1.000000
0.997398 -0.043421 -0.057543 3.988400 -0.046403 0.224143 -0.973451 15.764500 0.055166 0.973588 0.221545 0.151700 0.000000 0.000000 0.000000 1.000000
0.997428 -0.042420 -0.057782 3.988400 -0.046508 0.230411 -0.971981 15.764500 0.054544 0.972168 0.227845 0.151700 0.000000 0.000000 0.000000 1.000000
0.997375 -0.044197 -0.057357 3.988400 -0.046329 0.219261 -0.974566 15.764500 0.055649 0.974665 0.216638 0.151700 0.000000 0.000000 0.000000 1.000000
0.997235 -0.048579 -0.056243 3.988400 -0.045972 0.191394 -0.980436 15.764500 0.058394 0.980310 0.188631 0.151700 0.000000 0.000000 0.000000 1.000000
0.997030 -0.054353 -0.054568 3.988400 -0.045618 0.154100 -0.987002 15.764500 0.062056 0.986559 0.151163 0.151700 0.000000 0.000000 0.000000 1.000000
0.996803 -0.060081 -0.052666 3.988400 -0.045403 0.116431 -0.992161 15.764500 0.065742 0.991380 0.113330 0.151700 0.000000 0.000000 0.000000 1.000000
0.996615 -0.064433 -0.051056 3.988400 -0.045333 0.087347 -0.995146 15.764500 0.068580 0.994092 0.084130 0.151700 0.000000 0.000000 0.000000 1.000000
0.996531 -0.066299 -0.050302 3.988400 -0.045306 0.074816 -0.996168 15.764500 0.069808 0.994991 0.071553 0.151700 0.000000 0.000000 0.000000 1.000000</float_array>
        <technique_common>
          <accessor source="#mixamorig_LeftHandRing1-Matrix-animation-output-transform-array" count="26" stride="16">
            <param type="float4x4"/>
          </accessor>
        </technique_common>
      </source>
      <source id="mixamorig_LeftHandRing1-Interpolations">
        <Name_array id="mixamorig_LeftHandRing1-Interpolations-array" count="26">
 LINEAR LINEAR LINEAR LINEAR LINEAR LINEAR LINEAR LINEAR LINEAR LINEAR LINEAR
LINEAR LINEAR LINEAR LINEAR LINEAR LINEAR LINEAR LINEAR LINEAR LINEAR LINEAR LINEAR
LINEAR LINEAR LINEAR</Name_array>
        <technique_common>
          <accessor source="#mixamorig_LeftHandRing1-Interpolations-array" count="26">
            <param type="name"/>
          </accessor>
        </technique_common>
      </source>
      <sampler id="mixamorig_LeftHandRing1-Matrix-animation-transform">
        <input semantic="INPUT" source="#mixamorig_LeftHandRing1-Matrix-animation-input"/>
        <input semantic="OUTPUT" source="#mixamorig_LeftHandRing1-Matrix-animation-output-transform"/>
        <input semantic="INTERPOLATION" source="#mixamorig_LeftHandRing1-Interpolations"/>
      </sampler>
      <channel source="#mixamorig_LeftHandRing1-Matrix-animation-transform" target="mixamorig_LeftHandRing1/matrix"/>
    </animation>
    <animation id="mixamorig_LeftHandRing2-anim" name="mixamorig_LeftHandRing2">
      <source id="mixamorig_LeftHandRing2-Matrix-animation-input">
        <float_array id="mixamorig_LeftHandRing2-Matrix-animation-input-array" count="26">

0.000000 0.033333 0.066667 0.100000 0.133333 0.166667 0.200000 0.233333 0.266667 0.300000 0.333333 0.366667 0.400000 0.433333 0.466667 0.500000
0.533333 0.566667 0.600000 0.633333 0.666667 0.700000 0.733333 0.766667 0.800000 0.833333</float_array>
        <technique_common>
          <accessor source="#mixamorig_LeftHandRing2-Matrix-animation-input-array" count="26">
            <param name="TIME" type="float"/>
          </accessor>
        </technique_common>
      </source>
      <source id="mixamorig_LeftHandRing2-Matrix-animation-output-transform">
        <float_array id="mixamorig_LeftHandRing2-Matrix-animation-output-transform-array" count="416">

0.991288 -0.096136 0.090032 0.000000 0.092672 0.023354 -0.995423 3.497800 0.093594 0.995094 0.032059 0.000000 0.000000 0.000000 0.000000 1.000000
0.991201 -0.096105 0.091016 0.000000 0.092656 0.012737 -0.995617 3.497800 0.094524 0.995290 0.021529 -0.000000 0.000000 0.000000 0.000000 1.000000
0.991009 -0.095962 0.093229 0.000000 0.092458 -0.012452 -0.995639 3.497800 0.096704 0.995307 -0.003468 0.000000 0.000000 0.000000 0.000000 1.000000
0.990757 -0.095681 0.096158 0.000000 0.092075 -0.046223 -0.994679 3.497800 0.099616 0.994338 -0.036986 0.000000 0.000000 0.000000 0.000000 1.000000
0.990490 -0.095273 0.099259 0.000000 0.091566 -0.081980 -0.992419 3.497800 0.102687 0.992070 -0.072476 0.000000 0.000000 0.000000 0.000000 1.000000
0.990260 -0.094839 0.101939 0.000000 0.091081 -0.112528 -0.989465 3.497800 0.105311 0.989112 -0.102794 0.000000 0.000000 0.000000 0.000000 1.000000
0.990113 -0.094519 0.103642 -0.000000 0.090730 -0.131947 -0.987096 3.497800 0.106975 0.986740 -0.122067 0.000000 0.000000 0.000000 0.000000 1.000000
0.990100 -0.094488 0.103800 -0.000000 0.090696 -0.133746 -0.986857 3.497800 0.107129 0.986501 -0.123852 -0.000000 0.000000 0.000000 0.000000 1.000000
0.990179 -0.094670 0.102874 -0.000000 0.090899 -0.123121 -0.988220 3.497800 0.106221 0.987866 -0.113306 0.000000 0.000000 0.000000 0.000000 1.000000
0.990326 -0.094978 0.101156 0.000000 0.091246 -0.103456 -0.990440 3.497800 0.104535 0.990089 -0.093789 -0.000000 0.000000 0.000000 0.000000 1.000000
0.990534 -0.095348 0.098748 0.000000 0.091663 -0.076041 -0.992883 3.497800 0.102178 0.992535 -0.066581 0.000000 0.000000 0.000000 0.000000 1.000000
0.990780 -0.095709 0.095887 0.000000 0.092111 -0.043134 -0.994814 3.497800 0.099348 0.994474 -0.033921 -0.000000 0.000000 0.000000 0.000000 1.000000
0.991053 -0.095998 0.092726 0.000000 0.092503 -0.006781 -0.995689 3.497800 0.096213 0.995358 0.002160 -0.000000 0.000000 0.000000 0.000000 1.000000
0.991340 -0.096178 0.089412 0.000000 0.092789 0.031231 -0.995196 3.497800 0.092923 0.994874 0.039885 -0.000000 0.000000 0.000000 0.000000 1.000000
0.991625 -0.096231 0.086134 -0.000000 0.092950 0.068737 -0.993295 3.497800 0.089665 0.992983 0.077106 0.000000 0.000000 0.000000 0.000000 1.000000
0.991894 -0.096168 0.083054 -0.000000 0.092987 0.103881 -0.990233 3.497800 0.086601 0.989930 0.111981 0.000000 0.000000 0.000000 0.000000 1.000000
0.992131 -0.096023 0.080352 0.000000 0.092931 0.134667 -0.986524 3.497800 0.083908 0.986227 0.142530 0.000000 0.000000 0.000000 0.000000 1.000000
0.992318 -0.095848 0.078221 -0.000000 0.092827 0.158883 -0.982924 3.497800 0.081784 0.982634 0.166559 -0.000000 0.000000 0.000000 0.000000 1.000000
0.992445 -0.095700 0.076782 0.000000 0.092724 0.175177 -0.980161 3.497800 0.080351 0.979875 0.182727 0.000000 0.000000 0.000000 0.000000 1.000000
0.992496 -0.095630 0.076207 0.000000 0.092666 0.181575 -0.979001 3.497800 0.079785 0.978716 0.189074 0.000000 0.000000 0.000000 0.000000 1.000000
0.992405 -0.095749 0.077225 -0.000000 0.092761 0.170191 -0.981035 3.497800 0.080790 0.980748 0.177781 0.000000 0.000000 0.000000 0.000000 1.000000
0.992185 -0.095978 0.079728 -0.000000 0.092907 0.141774 -0.985529 3.497800 0.083286 0.985235 0.149583 -0.000000 0.000000 0.000000 0.000000 1.000000
0.991893 -0.096170 0.083062 -0.000000 0.092989 0.103811 -0.990241 3.497800 0.086608 0.989937 0.111912 0.000000 0.000000 0.000000 0.000000 1.000000
0.991600 -0.096234 0.086417 0.000000 0.092944 0.065543 -0.993512 3.497800 0.089945 0.993198 0.073936 -0.000000 0.000000 0.000000 0.000000 1.000000
0.991376 -0.096196 0.088995 0.000000 0.092821 0.036049 -0.995030 3.497800 0.092509 0.994709 0.044667 -0.000000 0.000000 0.000000 0.000000 1.000000
0.991277 -0.096163 0.090128 0.000000 0.092770 0.023353 -0.995414 3.497800 0.093617 0.995092 0.032070 0.000000 0.000000 0.000000 0.000000 1.000000</float_array>
        <technique_common>
          <accessor source="#mixamorig_LeftHandRing2-Matrix-animation-output-transform-array" count="26" stride="16">
            <param type="float4x4"/>
          </accessor>
        </technique_common>
      </source>
      <source id="mixamorig_LeftHandRing2-Interpolations">
        <Name_array id="mixamorig_LeftHandRing2-Interpolations-array" count="26">
 LINEAR LINEAR LINEAR LINEAR LINEAR LINEAR LINEAR LINEAR LINEAR LINEAR LINEAR
LINEAR LINEAR LINEAR LINEAR LINEAR LINEAR LINEAR LINEAR LINEAR LINEAR LINEAR LINEAR
LINEAR LINEAR LINEAR</Name_array>
        <technique_common>
          <accessor source="#mixamorig_LeftHandRing2-Interpolations-array" count="26">
            <param type="name"/>
          </accessor>
        </technique_common>
      </source>
      <sampler id="mixamorig_LeftHandRing2-Matrix-animation-transform">
        <input semantic="INPUT" source="#mixamorig_LeftHandRing2-Matrix-animation-input"/>
        <input semantic="OUTPUT" source="#mixamorig_LeftHandRing2-Matrix-animation-output-transform"/>
        <input semantic="INTERPOLATION" source="#mixamorig_LeftHandRing2-Interpolations"/>
      </sampler>
      <channel source="#mixamorig_LeftHandRing2-Matrix-animation-transform" target="mixamorig_LeftHandRing2/matrix"/>
    </animation>
    <animation id="mixamorig_LeftHandRing3-anim" name="mixamorig_LeftHandRing3">
      <source id="mixamorig_LeftHandRing3-Matrix-animation-input">
        <float_array id="mixamorig_LeftHandRing3-Matrix-animation-input-array" count="26">

0.000000 0.033333 0.066667 0.100000 0.133333 0.166667 0.200000 0.233333 0.266667 0.300000 0.333333 0.366667 0.400000 0.433333 0.466667 0.500000
0.533333 0.566667 0.600000 0.633333 0.666667 0.700000 0.733333 0.766667 0.800000 0.833333</float_array>
        <technique_common>
          <accessor source="#mixamorig_LeftHandRing3-Matrix-animation-input-array" count="26">
            <param name="TIME" type="float"/>
          </accessor>
        </technique_common>
      </source>
      <source id="mixamorig_LeftHandRing3-Matrix-animation-output-transform">
        <float_array id="mixamorig_LeftHandRing3-Matrix-animation-output-transform-array" count="416">

1.000000 0.000000 -0.000000 0.000000 -0.000000 1.000000 -0.000000 2.983800 0.000000 0.000000 1.000000 0.000000 0.000000 0.000000 0.000000 1.000000
1.000000 0.000000 -0.000000 -0.000000 -0.000000 1.000000 0.000000 2.983800 0.000000 -0.000000 1.000000 -0.000000 0.000000 0.000000 0.000000 1.000000
1.000000 0.000000 -0.000000 0.000000 -0.000000 1.000000 -0.000000 2.983800 0.000000 0.000000 1.000000 0.000000 0.000000 0.000000 0.000000 1.000000
1.000000 0.000000 -0.000000 0.000000 -0.000000 1.000000 -0.000000 2.983800 0.000000 0.000000 1.000000 0.000000 0.000000 0.000000 0.000000 1.000000
1.000000 -0.000000 -0.000000 0.000000 0.000000 1.000000 0.000000 2.983800 0.000000 -0.000000 1.000000 0.000000 0.000000 0.000000 0.000000 1.000000
1.000000 0.000000 -0.000000 -0.000000 -0.000000 1.000000 -0.000000 2.983800 0.000000 0.000000 1.000000 0.000000 0.000000 0.000000 0.000000 1.000000
1.000000 0.000000 -0.000000 0.000000 -0.000000 1.000000 -0.000000 2.983800 0.000000 0.000000 1.000000 0.000000 0.000000 0.000000 0.000000 1.000000
1.000000 -0.000000 -0.000000 0.000000 0.000000 1.000000 -0.000000 2.983800 0.000000 0.000000 1.000000 0.000000 0.000000 0.000000 0.000000 1.000000
1.000000 0.000000 -0.000000 0.000000 -0.000000 1.000000 -0.000000 2.983800 0.000000 0.000000 1.000000 0.000000 0.000000 0.000000 0.000000 1.000000
1.000000 0.000000 0.000000 0.000000 -0.000000 1.000000 -0.000000 2.983800 -0.000000 0.000000 1.000000 0.000000 0.000000 0.000000 0.000000 1.000000
1.000000 0.000000 -0.000000 -0.000000 -0.000000 1.000000 -0.000000 2.983800 0.000000 0.000000 1.000000 0.000000 0.000000 0.000000 0.000000 1.000000
1.000000 0.000000 -0.000000 0.000000 -0.000000 1.000000 -0.000000 2.983800 0.000000 0.000000 1.000000 0.000000 0.000000 0.000000 0.000000 1.000000
1.000000 0.000000 -0.000000 0.000000 -0.000000 1.000000 -0.000000 2.983800 0.000000 0.000000 1.000000 -0.000000 0.000000 0.000000 0.000000 1.000000
1.000000 0.000000 -0.000000 -0.000000 -0.000000 1.000000 -0.000000 2.983800 0.000000 0.000000 1.000000 0.000000 0.000000 0.000000 0.000000 1.000000
1.000000 0.000000 -0.000000 0.000000 -0.000000 1.000000 -0.000000 2.983800 0.000000 0.000000 1.000000 0.000000 0.000000 0.000000 0.000000 1.000000
1.000000 0.000000 -0.000000 0.000000 -0.000000 1.000000 -0.000000 2.983800 0.000000 0.000000 1.000000 0.000000 0.000000 0.000000 0.000000 1.000000
1.000000 0.000000 -0.000000 -0.000000 -0.000000 1.000000 -0.000000 2.983800 0.000000 0.000000 1.000000 0.000000 0.000000 0.000000 0.000000 1.000000
1.000000 0.000000 -0.000000 0.000000 -0.000000 1.000000 -0.000000 2.983800 0.000000 0.000000 1.000000 0.000000 0.000000 0.000000 0.000000 1.000000
1.000000 0.000000 -0.000000 -0.000000 -0.000000 1.000000 -0.000000 2.983800 0.000000 0.000000 1.000000 0.000000 0.000000 0.000000 0.000000 1.000000
1.000000 0.000000 -0.000000 0.000000 -0.000000 1.000000 -0.000000 2.983800 0.000000 0.000000 1.000000 -0.000000 0.000000 0.000000 0.000000 1.000000
1.000000 0.000000 -0.000000 0.000000 -0.000000 1.000000 -0.000000 2.983800 0.000000 0.000000 1.000000 0.000000 0.000000 0.000000 0.000000 1.000000
1.000000 -0.000000 -0.000000 0.000000 0.000000 1.000000 0.000000 2.983800 0.000000 -0.000000 1.000000 0.000000 0.000000 0.000000 0.000000 1.000000
1.000000 0.000000 -0.000000 0.000000 -0.000000 1.000000 -0.000000 2.983800 0.000000 0.000000 1.000000 0.000000 0.000000 0.000000 0.000000 1.000000
1.000000 0.000000 -0.000000 0.000000 -0.000000 1.000000 -0.000000 2.983800 0.000000 0.000000 1.000000 0.000000 0.000000 0.000000 0.000000 1.000000
1.000000 0.000000 -0.000000 0.000000 -0.000000 1.000000 -0.000000 2.983800 0.000000 0.000000 1.000000 0.000000 0.000000 0.000000 0.000000 1.000000
1.000000 0.000000 0.000000 0.000000 -0.000000 1.000000 -0.000000 2.983800 -0.000000 0.000000 1.000000 0.000000 0.000000 0.000000 0.000000 1.000000</float_array>
        <technique_common>
          <accessor source="#mixamorig_LeftHandRing3-Matrix-animation-output-transform-array" count="26" stride="16">
            <param type="float4x4"/>
          </accessor>
        </technique_common>
      </source>
      <source id="mixamorig_LeftHandRing3-Interpolations">
        <Name_array id="mixamorig_LeftHandRing3-Interpolations-array" count="26">
 LINEAR LINEAR LINEAR LINEAR LINEAR LINEAR LINEAR LINEAR LINEAR LINEAR LINEAR
LINEAR LINEAR LINEAR LINEAR LINEAR LINEAR LINEAR LINEAR LINEAR LINEAR LINEAR LINEAR
LINEAR LINEAR LINEAR</Name_array>
        <technique_common>
          <accessor source="#mixamorig_LeftHandRing3-Interpolations-array" count="26">
            <param type="name"/>
          </accessor>
        </technique_common>
      </source>
      <sampler id="mixamorig_LeftHandRing3-Matrix-animation-transform">
        <input semantic="INPUT" source="#mixamorig_LeftHandRing3-Matrix-animation-input"/>
        <input semantic="OUTPUT" source="#mixamorig_LeftHandRing3-Matrix-animation-output-transform"/>
        <input semantic="INTERPOLATION" source="#mixamorig_LeftHandRing3-Interpolations"/>
      </sampler>
      <channel source="#mixamorig_LeftHandRing3-Matrix-animation-transform" target="mixamorig_LeftHandRing3/matrix"/>
    </animation>
    <animation id="mixamorig_LeftHandPinky1-anim" name="mixamorig_LeftHandPinky1">
      <source id="mixamorig_LeftHandPinky1-Matrix-animation-input">
        <float_array id="mixamorig_LeftHandPinky1-Matrix-animation-input-array" count="26">

0.000000 0.033333 0.066667 0.100000 0.133333 0.166667 0.200000 0.233333 0.266667 0.300000 0.333333 0.366667 0.400000 0.433333 0.466667 0.500000
0.533333 0.566667 0.600000 0.633333 0.666667 0.700000 0.733333 0.766667 0.800000 0.833333</float_array>
        <technique_common>
          <accessor source="#mixamorig_LeftHandPinky1-Matrix-animation-input-array" count="26">
            <param name="TIME" type="float"/>
          </accessor>
        </technique_common>
      </source>
      <source id="mixamorig_LeftHandPinky1-Matrix-animation-output-transform">
        <float_array id="mixamorig_LeftHandPinky1-Matrix-animation-output-transform-array" count="416">

0.988014 -0.103175 -0.114819 6.663900 -0.129455 -0.148643 -0.980381 12.707900 0.084084 0.983494 -0.160218 0.878100 0.000000 0.000000 0.000000 1.000000
0.987881 -0.105534 -0.113815 6.663900 -0.129730 -0.158825 -0.978746 12.707900 0.085214 0.981650 -0.170591 0.878100 0.000000 0.000000 0.000000 1.000000
0.987552 -0.111087 -0.111361 6.663900 -0.130457 -0.182916 -0.974435 12.707900 0.087877 0.976832 -0.195131 0.878100 0.000000 0.000000 0.000000 1.000000
0.987081 -0.118435 -0.107906 6.663900 -0.131591 -0.215054 -0.967696 12.707900 0.091403 0.969394 -0.227861 0.878100 0.000000 0.000000 0.000000 1.000000
0.986551 -0.126095 -0.104007 6.663900 -0.132949 -0.248852 -0.959373 12.707900 0.095089 0.960298 -0.262270 0.878100 0.000000 0.000000 0.000000 1.000000
0.986078 -0.132540 -0.100416 6.663900 -0.134180 -0.277552 -0.951294 12.707900 0.098213 0.951524 -0.291472 0.878100 0.000000 0.000000 0.000000 1.000000
0.985762 -0.136592 -0.098061 6.663900 -0.135049 -0.295707 -0.945685 12.707900 0.100176 0.945463 -0.309943 0.878100 0.000000 0.000000 0.000000 1.000000
0.985732 -0.136966 -0.097845 6.663900 -0.135138 -0.297385 -0.945146 12.707900 0.100356 0.944882 -0.311651 0.878100 0.000000 0.000000 0.000000 1.000000
0.985907 -0.134753 -0.099137 6.663900 -0.134644 -0.287464 -0.948280 12.707900 0.099286 0.948265 -0.301556 0.878100 0.000000 0.000000 0.000000 1.000000
0.986221 -0.130635 -0.101505 6.663900 -0.133805 -0.269046 -0.953787 12.707900 0.097289 0.954227 -0.282818 0.878100 0.000000 0.000000 0.000000 1.000000
0.986640 -0.124831 -0.104683 6.663900 -0.132722 -0.243256 -0.960839 12.707900 0.094477 0.961896 -0.256574 0.878100 0.000000 0.000000 0.000000 1.000000
0.987123 -0.117767 -0.108258 6.663900 -0.131507 -0.212126 -0.968353 12.707900 0.091076 0.970120 -0.224882 0.878100 0.000000 0.000000 0.000000 1.000000
0.987624 -0.109842 -0.111956 6.663900 -0.130319 -0.177515 -0.975451 12.707900 0.087271 0.977969 -0.189633 0.878100 0.000000 0.000000 0.000000 1.000000
0.988114 -0.101417 -0.115523 6.663900 -0.129233 -0.141079 -0.981527 12.707900 0.083245 0.984790 -0.152508 0.878100 0.000000 0.000000 0.000000 1.000000
0.988566 -0.092966 -0.118717 6.663900 -0.128293 -0.104881 -0.986175 12.707900 0.079229 0.990130 -0.115609 0.878100 0.000000 0.000000 0.000000 1.000000
0.988961 -0.084923 -0.121428 6.663900 -0.127545 -0.070741 -0.989307 12.707900 0.075425 0.993873 -0.080792 0.878100 0.000000 0.000000 0.000000 1.000000
0.989282 -0.077778 -0.123577 6.663900 -0.126997 -0.040653 -0.991070 12.707900 0.072060 0.996141 -0.050095 0.878100 0.000000 0.000000 0.000000 1.000000
0.989519 -0.072091 -0.125117 6.663900 -0.126636 -0.016869 -0.991806 12.707900 0.069389 0.997255 -0.025822 0.878100 0.000000 0.000000 0.000000 1.000000
0.989671 -0.068231 -0.126078 6.663900 -0.126428 -0.000810 -0.991976 12.707900 0.067582 0.997669 -0.009428 0.878100 0.000000 0.000000 0.000000 1.000000
0.989729 -0.066708 -0.126439 6.663900 -0.126354 0.005516 -0.991970 12.707900 0.066870 0.997757 -0.002970 0.878100 0.000000 0.000000 0.000000 1.000000
0.989625 -0.069414 -0.125791 6.663900 -0.126488 -0.005721 -0.991952 12.707900 0.068136 0.997572 -0.014442 0.878100 0.000000 0.000000 0.000000 1.000000
0.989353 -0.076116 -0.124042 6.663900 -0.126883 -0.033683 -0.991346 12.707900 0.071279 0.996530 -0.042982 0.878100 0.000000 0.000000 0.000000 1.000000
0.988960 -0.084940 -0.121422 6.663900 -0.127545 -0.070804 -0.989302 12.707900 0.075434 0.993867 -0.080856 0.878100 0.000000 0.000000 0.000000 1.000000
0.988529 -0.093692 -0.118456 6.663900 -0.128366 -0.107968 -0.985832 12.707900 0.079576 0.989730 -0.118756 0.878100 0.000000 0.000000 0.000000 1.000000
0.988175 -0.100341 -0.115936 6.663900 -0.129089 -0.136436 -0.982202 12.707900 0.082737 0.985554 -0.147776 0.878100 0.000000 0.000000 0.000000 1.000000
0.988021 -0.103179 -0.114756 6.663900 -0.129392 -0.148643 -0.980389 12.707900 0.084098 0.983493 -0.160213 0.878100 0.000000 0.000000 0.000000 1.000000</float_array>
        <technique_common>
          <accessor source="#mixamorig_LeftHandPinky1-Matrix-animation-output-transform-array" count="26" stride="16">
            <param type="float4x4"/>
          </accessor>
        </technique_common>
      </source>
      <source id="mixamorig_LeftHandPinky1-Interpolations">
        <Name_array id="mixamorig_LeftHandPinky1-Interpolations-array" count="26">
 LINEAR LINEAR LINEAR LINEAR LINEAR LINEAR LINEAR LINEAR LINEAR LINEAR LINEAR
LINEAR LINEAR LINEAR LINEAR LINEAR LINEAR LINEAR LINEAR LINEAR LINEAR LINEAR LINEAR
LINEAR LINEAR LINEAR</Name_array>
        <technique_common>
          <accessor source="#mixamorig_LeftHandPinky1-Interpolations-array" count="26">
            <param type="name"/>
          </accessor>
        </technique_common>
      </source>
      <sampler id="mixamorig_LeftHandPinky1-Matrix-animation-transform">
        <input semantic="INPUT" source="#mixamorig_LeftHandPinky1-Matrix-animation-input"/>
        <input semantic="OUTPUT" source="#mixamorig_LeftHandPinky1-Matrix-animation-output-transform"/>
        <input semantic="INTERPOLATION" source="#mixamorig_LeftHandPinky1-Interpolations"/>
      </sampler>
      <channel source="#mixamorig_LeftHandPinky1-Matrix-animation-transform" target="mixamorig_LeftHandPinky1/matrix"/>
    </animation>
    <animation id="mixamorig_LeftHandPinky2-anim" name="mixamorig_LeftHandPinky2">
      <source id="mixamorig_LeftHandPinky2-Matrix-animation-input">
        <float_array id="mixamorig_LeftHandPinky2-Matrix-animation-input-array" count="26">

0.000000 0.033333 0.066667 0.100000 0.133333 0.166667 0.200000 0.233333 0.266667 0.300000 0.333333 0.366667 0.400000 0.433333 0.466667 0.500000
0.533333 0.566667 0.600000 0.633333 0.666667 0.700000 0.733333 0.766667 0.800000 0.833333</float_array>
        <technique_common>
          <accessor source="#mixamorig_LeftHandPinky2-Matrix-animation-input-array" count="26">
            <param name="TIME" type="float"/>
          </accessor>
        </technique_common>
      </source>
      <source id="mixamorig_LeftHandPinky2-Matrix-animation-output-transform">
        <float_array id="mixamorig_LeftHandPinky2-Matrix-animation-output-transform-array" count="416">

0.982985 -0.085454 0.162599 -0.000000 0.149214 -0.144768 -0.978150 3.376600 0.107126 0.985769 -0.129554 -0.000000 0.000000 0.000000 0.000000 1.000000
0.982937 -0.084534 0.163368 -0.000000 0.148961 -0.155237 -0.976582 3.376600 0.107915 0.984254 -0.139996 0.000000 0.000000 0.000000 0.000000 1.000000
0.982827 -0.082320 0.165149 0.000000 0.148323 -0.180001 -0.972420 3.376600 0.109776 0.980216 -0.164700 -0.000000 0.000000 0.000000 0.000000 1.000000
0.982688 -0.079283 0.167447 0.000000 0.147392 -0.213037 -0.965863 3.376600 0.112249 0.973822 -0.197663 0.000000 0.000000 0.000000 0.000000 1.000000
0.982550 -0.075978 0.169772 -0.000000 0.146316 -0.247805 -0.957697 3.376600 0.114835 0.965826 -0.232364 -0.000000 0.000000 0.000000 0.000000 1.000000
0.982440 -0.073082 0.171670 0.000000 0.145321 -0.277340 -0.949718 3.376600 0.117018 0.957988 -0.261849 0.000000 0.000000 0.000000 0.000000 1.000000
0.982374 -0.071207 0.172834 -0.000000 0.144654 -0.296031 -0.944162 3.376600 0.118395 0.952521 -0.280512 0.000000 0.000000 0.000000 0.000000 1.000000
0.982368 -0.071032 0.172940 -0.000000 0.144590 -0.297758 -0.943628 3.376600 0.118523 0.951995 -0.282238 0.000000 0.000000 0.000000 0.000000 1.000000
0.982404 -0.072063 0.172308 -0.000000 0.144960 -0.287543 -0.946734 3.376600 0.117770 0.955053 -0.272038 0.000000 0.000000 0.000000 0.000000 1.000000
0.982472 -0.073949 0.171115 0.000000 0.145624 -0.268584 -0.952185 3.376600 0.116372 0.960413 -0.253108 0.000000 0.000000 0.000000 0.000000 1.000000
0.982572 -0.076533 0.169393 -0.000000 0.146501 -0.242045 -0.959141 3.376600 0.114407 0.967242 -0.226615 0.000000 0.000000 0.000000 0.000000 1.000000
0.982701 -0.079563 0.167238 -0.000000 0.147479 -0.210023 -0.966509 3.376600 0.112022 0.974454 -0.194656 0.000000 0.000000 0.000000 0.000000 1.000000
0.982852 -0.082821 0.164749 0.000000 0.148467 -0.174437 -0.973411 3.376600 0.109357 0.981179 -0.159149 0.000000 0.000000 0.000000 0.000000 1.000000
0.983021 -0.086128 0.162021 0.000000 0.149396 -0.136988 -0.979242 3.376600 0.106535 0.986821 -0.121795 -0.000000 0.000000 0.000000 0.000000 1.000000
0.983199 -0.089290 0.159206 0.000000 0.150208 -0.099804 -0.983604 3.376600 0.103716 0.990993 -0.084715 0.000000 0.000000 0.000000 0.000000 1.000000
0.983376 -0.092162 0.156455 -0.000000 0.150873 -0.064746 -0.986431 3.376600 0.101042 0.993637 -0.049765 -0.000000 0.000000 0.000000 0.000000 1.000000
0.983538 -0.094606 0.153955 -0.000000 0.151380 -0.033862 -0.987896 3.376600 0.098674 0.994939 -0.018984 0.000000 0.000000 0.000000 0.000000 1.000000
0.983672 -0.096479 0.151928 0.000000 0.151727 -0.009456 -0.988377 3.376600 0.096794 0.995290 0.005337 0.000000 0.000000 0.000000 0.000000 1.000000
0.983764 -0.097716 0.150534 0.000000 0.151936 0.007024 -0.988365 3.376600 0.095521 0.995190 0.021756 0.000000 0.000000 0.000000 0.000000 1.000000
0.983801 -0.098195 0.149980 0.000000 0.152012 0.013507 -0.988286 3.376600 0.095019 0.995075 0.028215 -0.000000 0.000000 0.000000 0.000000 1.000000
0.983735 -0.097339 0.150964 0.000000 0.151875 0.001975 -0.988398 3.376600 0.095912 0.995249 0.016726 -0.000000 0.000000 0.000000 0.000000 1.000000
0.983577 -0.095161 0.153366 -0.000000 0.151487 -0.026709 -0.988098 3.376600 0.098125 0.995104 -0.011855 -0.000000 0.000000 0.000000 0.000000 1.000000
0.983375 -0.092159 0.156461 0.000000 0.150872 -0.064814 -0.986426 3.376600 0.101049 0.993633 -0.049832 -0.000000 0.000000 0.000000 0.000000 1.000000
0.983183 -0.089027 0.159452 0.000000 0.150144 -0.102978 -0.983286 3.376600 0.103959 0.990691 -0.087880 0.000000 0.000000 0.000000 0.000000 1.000000
0.983043 -0.086543 0.161669 0.000000 0.149508 -0.132225 -0.979880 3.376600 0.106178 0.987435 -0.117044 0.000000 0.000000 0.000000 0.000000 1.000000
0.982985 -0.085454 0.162599 -0.000000 0.149214 -0.144768 -0.978150 3.376600 0.107126 0.985769 -0.129554 0.000000 0.000000 0.000000 0.000000 1.000000</float_array>
        <technique_common>
          <accessor source="#mixamorig_LeftHandPinky2-Matrix-animation-output-transform-array" count="26" stride="16">
            <param type="float4x4"/>
          </accessor>
        </technique_common>
      </source>
      <source id="mixamorig_LeftHandPinky2-Interpolations">
        <Name_array id="mixamorig_LeftHandPinky2-Interpolations-array" count="26">
 LINEAR LINEAR LINEAR LINEAR LINEAR LINEAR LINEAR LINEAR LINEAR LINEAR LINEAR
LINEAR LINEAR LINEAR LINEAR LINEAR LINEAR LINEAR LINEAR LINEAR LINEAR LINEAR LINEAR
LINEAR LINEAR LINEAR</Name_array>
        <technique_common>
          <accessor source="#mixamorig_LeftHandPinky2-Interpolations-array" count="26">
            <param type="name"/>
          </accessor>
        </technique_common>
      </source>
      <sampler id="mixamorig_LeftHandPinky2-Matrix-animation-transform">
        <input semantic="INPUT" source="#mixamorig_LeftHandPinky2-Matrix-animation-input"/>
        <input semantic="OUTPUT" source="#mixamorig_LeftHandPinky2-Matrix-animation-output-transform"/>
        <input semantic="INTERPOLATION" source="#mixamorig_LeftHandPinky2-Interpolations"/>
      </sampler>
      <channel source="#mixamorig_LeftHandPinky2-Matrix-animation-transform" target="mixamorig_LeftHandPinky2/matrix"/>
    </animation>
    <animation id="mixamorig_LeftHandPinky3-anim" name="mixamorig_LeftHandPinky3">
      <source id="mixamorig_LeftHandPinky3-Matrix-animation-input">
        <float_array id="mixamorig_LeftHandPinky3-Matrix-animation-input-array" count="26">

0.000000 0.033333 0.066667 0.100000 0.133333 0.166667 0.200000 0.233333 0.266667 0.300000 0.333333 0.366667 0.400000 0.433333 0.466667 0.500000
0.533333 0.566667 0.600000 0.633333 0.666667 0.700000 0.733333 0.766667 0.800000 0.833333</float_array>
        <technique_common>
          <accessor source="#mixamorig_LeftHandPinky3-Matrix-animation-input-array" count="26">
            <param name="TIME" type="float"/>
          </accessor>
        </technique_common>
      </source>
      <source id="mixamorig_LeftHandPinky3-Matrix-animation-output-transform">
        <float_array id="mixamorig_LeftHandPinky3-Matrix-animation-output-transform-array" count="416">

1.000000 -0.000000 0.000000 -0.000000 0.000000 1.000000 0.000000 2.998500 -0.000000 -0.000000 1.000000 0.000000 0.000000 0.000000 0.000000 1.000000
1.000000 0.000000 0.000000 0.000000 -0.000000 1.000000 0.000000 2.998500 0.000000 -0.000000 1.000000 0.000000 0.000000 0.000000 0.000000 1.000000
1.000000 0.000000 0.000000 0.000000 -0.000000 1.000000 0.000000 2.998500 0.000000 -0.000000 1.000000 0.000000 0.000000 0.000000 0.000000 1.000000
1.000000 -0.000000 0.000000 0.000000 0.000000 1.000000 -0.000000 2.998500 -0.000000 0.000000 1.000000 0.000000 0.000000 0.000000 0.000000 1.000000
1.000000 -0.000000 -0.000000 0.000000 0.000000 1.000000 -0.000000 2.998500 0.000000 0.000000 1.000000 0.000000 0.000000 0.000000 0.000000 1.000000
1.000000 -0.000000 0.000000 0.000000 0.000000 1.000000 0.000000 2.998500 -0.000000 -0.000000 1.000000 -0.000000 0.000000 0.000000 0.000000 1.000000
1.000000 0.000000 0.000000 0.000000 -0.000000 1.000000 0.000000 2.998500 -0.000000 -0.000000 1.000000 0.000000 0.000000 0.000000 0.000000 1.000000
1.000000 0.000000 0.000000 0.000000 -0.000000 1.000000 0.000000 2.998500 -0.000000 -0.000000 1.000000 0.000000 0.000000 0.000000 0.000000 1.000000
1.000000 -0.000000 0.000000 -0.000000 0.000000 1.000000 0.000000 2.998500 -0.000000 -0.000000 1.000000 -0.000000 0.000000 0.000000 0.000000 1.000000
1.000000 0.000000 -0.000000 0.000000 -0.000000 1.000000 0.000000 2.998500 -0.000000 -0.000000 1.000000 0.000000 0.000000 0.000000 0.000000 1.000000
1.000000 0.000000 0.000000 0.000000 -0.000000 1.000000 0.000000 2.998500 -0.000000 -0.000000 1.000000 0.000000 0.000000 0.000000 0.000000 1.000000
1.000000 0.000000 -0.000000 0.000000 -0.000000 1.000000 -0.000000 2.998500 0.000000 0.000000 1.000000 -0.000000 0.000000 0.000000 0.000000 1.000000
1.000000 0.000000 0.000000 0.000000 -0.000000 1.000000 0.000000 2.998500 -0.000000 -0.000000 1.000000 0.000000 0.000000 0.000000 0.000000 1.000000
1.000000 0.000000 0.000000 0.000000 -0.000000 1.000000 0.000000 2.998500 -0.000000 -0.000000 1.000000 0.000000 0.000000 0.000000 0.000000 1.000000
1.000000 0.000000 0.000000 0.000000 -0.000000 1.000000 0.000000 2.998500 -0.000000 -0.000000 1.000000 -0.000000 0.000000 0.000000 0.000000 1.000000
1.000000 -0.000000 -0.000000 -0.000000 0.000000 1.000000 0.000000 2.998500 0.000000 -0.000000 1.000000 0.000000 0.000000 0.000000 0.000000 1.000000
1.000000 -0.000000 0.000000 -0.000000 0.000000 1.000000 0.000000 2.998500 -0.000000 -0.000000 1.000000 0.000000 0.000000 0.000000 0.000000 1.000000
1.000000 0.000000 -0.000000 -0.000000 -0.000000 1.000000 -0.000000 2.998500 0.000000 0.000000 1.000000 0.000000 0.000000 0.000000 0.000000 1.000000
1.000000 0.000000 -0.000000 0.000000 -0.000000 1.000000 0.000000 2.998500 0.000000 -0.000000 1.000000 0.000000 0.000000 0.000000 0.000000 1.000000
1.000000 -0.000000 0.000000 0.000000 0.000000 1.000000 -0.000000 2.998500 -0.000000 0.000000 1.000000 0.000000 0.000000 0.000000 0.000000 1.000000
1.000000 -0.000000 0.000000 0.000000 0.000000 1.000000 0.000000 2.998500 -0.000000 -0.000000 1.000000 -0.000000 0.000000 0.000000 0.000000 1.000000
1.000000 0.000000 0.000000 0.000000 -0.000000 1.000000 0.000000 2.998500 0.000000 -0.000000 1.000000 0.000000 0.000000 0.000000 0.000000 1.000000
1.000000 0.000000 0.000000 0.000000 -0.000000 1.000000 0.000000 2.998500 -0.000000 -0.000000 1.000000 0.000000 0.000000 0.000000 0.000000 1.000000
1.000000 -0.000000 -0.000000 0.000000 0.000000 1.000000 -0.000000 2.998500 0.000000 0.000000 1.000000 0.000000 0.000000 0.000000 0.000000 1.000000
1.000000 0.000000 0.000000 0.000000 -0.000000 1.000000 0.000000 2.998500 0.000000 -0.000000 1.000000 0.000000 0.000000 0.000000 0.000000 1.000000
1.000000 0.000000 0.000000 -0.000000 -0.000000 1.000000 0.000000 2.998500 -0.000000 -0.000000 1.000000 -0.000000 0.000000 0.000000 0.000000 1.000000</float_array>
        <technique_common>
          <accessor source="#mixamorig_LeftHandPinky3-Matrix-animation-output-transform-array" count="26" stride="16">
            <param type="float4x4"/>
          </accessor>
        </technique_common>
      </source>
      <source id="mixamorig_LeftHandPinky3-Interpolations">
        <Name_array id="mixamorig_LeftHandPinky3-Interpolations-array" count="26">
 LINEAR LINEAR LINEAR LINEAR LINEAR LINEAR LINEAR LINEAR LINEAR LINEAR LINEAR
LINEAR LINEAR LINEAR LINEAR LINEAR LINEAR LINEAR LINEAR LINEAR LINEAR LINEAR LINEAR
LINEAR LINEAR LINEAR</Name_array>
        <technique_common>
          <accessor source="#mixamorig_LeftHandPinky3-Interpolations-array" count="26">
            <param type="name"/>
          </accessor>
        </technique_common>
      </source>
      <sampler id="mixamorig_LeftHandPinky3-Matrix-animation-transform">
        <input semantic="INPUT" source="#mixamorig_LeftHandPinky3-Matrix-animation-input"/>
        <input semantic="OUTPUT" source="#mixamorig_LeftHandPinky3-Matrix-animation-output-transform"/>
        <input semantic="INTERPOLATION" source="#mixamorig_LeftHandPinky3-Interpolations"/>
      </sampler>
      <channel source="#mixamorig_LeftHandPinky3-Matrix-animation-transform" target="mixamorig_LeftHandPinky3/matrix"/>
    </animation>
    <animation id="mixamorig_RightShoulder-anim" name="mixamorig_RightShoulder">
      <source id="mixamorig_RightShoulder-Matrix-animation-input">
        <float_array id="mixamorig_RightShoulder-Matrix-animation-input-array" count="26">

0.000000 0.033333 0.066667 0.100000 0.133333 0.166667 0.200000 0.233333 0.266667 0.300000 0.333333 0.366667 0.400000 0.433333 0.466667 0.500000
0.533333 0.566667 0.600000 0.633333 0.666667 0.700000 0.733333 0.766667 0.800000 0.833333</float_array>
        <technique_common>
          <accessor source="#mixamorig_RightShoulder-Matrix-animation-input-array" count="26">
            <param name="TIME" type="float"/>
          </accessor>
        </technique_common>
      </source>
      <source id="mixamorig_RightShoulder-Matrix-animation-output-transform">
        <float_array id="mixamorig_RightShoulder-Matrix-animation-output-transform-array" count="416">

0.125305 -0.830318 0.543020 -12.584900 0.048518 -0.541550 -0.839267 11.394900 0.990931 0.131511 -0.027574 -1.453100 0.000000 0.000000 0.000000 1.000000
0.113405 -0.836146 0.536656 -12.584900 0.046826 -0.535042 -0.843527 11.394900 0.992445 0.120790 -0.021523 -1.453100 0.000000 0.000000 0.000000 1.000000
0.099780 -0.843199 0.528261 -12.584900 0.044927 -0.526551 -0.848955 11.394900 0.993995 0.108442 -0.014657 -1.453100 0.000000 0.000000 0.000000 1.000000
0.085806 -0.850377 0.519131 -12.584900 0.043226 -0.517384 -0.854661 11.394900 0.995374 0.095775 -0.007636 -1.453100 0.000000 0.000000 0.000000 1.000000
0.073431 -0.856427 0.511020 -12.584900 0.042063 -0.509288 -0.859568 11.394900 0.996413 0.084614 -0.001374 -1.453100 0.000000 0.000000 0.000000 1.000000
0.065410 -0.859628 0.506716 -12.584900 0.041662 -0.505008 -0.862109 11.394900 0.996988 0.077501 0.002782 -1.453100 0.000000 0.000000 0.000000 1.000000
0.064363 -0.858546 0.508680 -12.584900 0.042100 -0.506947 -0.860948 11.394900 0.997038 0.076829 0.003516 -1.453100 0.000000 0.000000 0.000000 1.000000
0.073154 -0.851874 0.518612 -12.584900 0.043534 -0.516782 -0.855009 11.394900 0.996370 0.085125 -0.000719 -1.453100 0.000000 0.000000 0.000000 1.000000
0.091334 -0.840643 0.533832 -12.584900 0.046003 -0.531939 -0.845532 11.394900 0.994757 0.101783 -0.009912 -1.453100 0.000000 0.000000 0.000000 1.000000
0.116590 -0.827138 0.549773 -12.584900 0.049329 -0.548042 -0.834995 11.394900 0.991954 0.124472 -0.023094 -1.453100 0.000000 0.000000 0.000000 1.000000
0.145488 -0.814749 0.561264 -12.584900 0.052716 -0.560110 -0.826739 11.394900 0.987955 0.149868 -0.038539 -1.453100 0.000000 0.000000 0.000000 1.000000
0.173069 -0.806341 0.565563 -12.584900 0.054980 -0.565424 -0.822966 11.394900 0.983374 0.173525 -0.053525 -1.453100 0.000000 0.000000 0.000000 1.000000
0.195399 -0.802405 0.563885 -12.584900 0.055623 -0.564975 -0.823231 11.394900 0.979145 0.192224 -0.065763 -1.453100 0.000000 0.000000 0.000000 1.000000
0.209022 -0.802061 0.559471 -12.584900 0.054986 -0.561564 -0.825604 11.394900 0.976364 0.203332 -0.073276 -1.453100 0.000000 0.000000 0.000000 1.000000
0.213172 -0.803098 0.556409 -12.584900 0.054213 -0.558899 -0.827462 11.394900 0.975509 0.206557 -0.075603 -1.453100 0.000000 0.000000 0.000000 1.000000
0.210641 -0.803891 0.556228 -12.584900 0.053975 -0.558562 -0.827705 11.394900 0.976072 0.204371 -0.074266 -1.453100 0.000000 0.000000 0.000000 1.000000
0.205385 -0.803668 0.558511 -12.584900 0.054338 -0.560432 -0.826416 11.394900 0.977172 0.200082 -0.071434 -1.453100 0.000000 0.000000 0.000000 1.000000
0.201835 -0.802417 0.561595 -12.584900 0.055007 -0.563204 -0.824485 11.394900 0.977874 0.197302 -0.069535 -1.453100 0.000000 0.000000 0.000000 1.000000
0.201413 -0.800565 0.564384 -12.584900 0.055745 -0.565889 -0.822595 11.394900 0.977919 0.197143 -0.069350 -1.453100 0.000000 0.000000 0.000000 1.000000
0.203101 -0.798600 0.566559 -12.584900 0.056429 -0.568110 -0.821016 11.394900 0.977530 0.198720 -0.070320 -1.453100 0.000000 0.000000 0.000000 1.000000
0.203680 -0.797623 0.567726 -12.584900 0.056791 -0.569279 -0.820180 11.394900 0.977389 0.199296 -0.070654 -1.453100 0.000000 0.000000 0.000000 1.000000
0.200221 -0.798954 0.567084 -12.584900 0.056448 -0.568436 -0.820789 11.394900 0.978123 0.196350 -0.068714 -1.453100 0.000000 0.000000 0.000000 1.000000
0.190812 -0.803612 0.563736 -12.584900 0.055110 -0.564612 -0.823514 11.394900 0.980078 0.188204 -0.063448 -1.453100 0.000000 0.000000 0.000000 1.000000
0.174278 -0.811689 0.557484 -12.584900 0.052873 -0.557618 -0.828412 11.394900 0.983276 0.173850 -0.054264 -1.453100 0.000000 0.000000 0.000000 1.000000
0.152114 -0.821243 0.549928 -12.584900 0.050472 -0.549223 -0.834150 11.394900 0.987073 0.154642 -0.042095 -1.453100 0.000000 0.000000 0.000000 1.000000
0.125305 -0.830318 0.543020 -12.584900 0.048518 -0.541550 -0.839267 11.394900 0.990931 0.131511 -0.027574 -1.453100 0.000000 0.000000 0.000000 1.000000</float_array>
        <technique_common>
          <accessor source="#mixamorig_RightShoulder-Matrix-animation-output-transform-array" count="26" stride="16">
            <param type="float4x4"/>
          </accessor>
        </technique_common>
      </source>
      <source id="mixamorig_RightShoulder-Interpolations">
        <Name_array id="mixamorig_RightShoulder-Interpolations-array" count="26">
 LINEAR LINEAR LINEAR LINEAR LINEAR LINEAR LINEAR LINEAR LINEAR LINEAR LINEAR
LINEAR LINEAR LINEAR LINEAR LINEAR LINEAR LINEAR LINEAR LINEAR LINEAR LINEAR LINEAR
LINEAR LINEAR LINEAR</Name_array>
        <technique_common>
          <accessor source="#mixamorig_RightShoulder-Interpolations-array" count="26">
            <param type="name"/>
          </accessor>
        </technique_common>
      </source>
      <sampler id="mixamorig_RightShoulder-Matrix-animation-transform">
        <input semantic="INPUT" source="#mixamorig_RightShoulder-Matrix-animation-input"/>
        <input semantic="OUTPUT" source="#mixamorig_RightShoulder-Matrix-animation-output-transform"/>
        <input semantic="INTERPOLATION" source="#mixamorig_RightShoulder-Interpolations"/>
      </sampler>
      <channel source="#mixamorig_RightShoulder-Matrix-animation-transform" target="mixamorig_RightShoulder/matrix"/>
    </animation>
    <animation id="mixamorig_RightArm-anim" name="mixamorig_RightArm">
      <source id="mixamorig_RightArm-Matrix-animation-input">
        <float_array id="mixamorig_RightArm-Matrix-animation-input-array" count="26">

0.000000 0.033333 0.066667 0.100000 0.133333 0.166667 0.200000 0.233333 0.266667 0.300000 0.333333 0.366667 0.400000 0.433333 0.466667 0.500000
0.533333 0.566667 0.600000 0.633333 0.666667 0.700000 0.733333 0.766667 0.800000 0.833333</float_array>
        <technique_common>
          <accessor source="#mixamorig_RightArm-Matrix-animation-input-array" count="26">
            <param name="TIME" type="float"/>
          </accessor>
        </technique_common>
      </source>
      <source id="mixamorig_RightArm-Matrix-animation-output-transform">
        <float_array id="mixamorig_RightArm-Matrix-animation-output-transform-array" count="416">

0.834646 -0.515956 0.192759 0.000000 0.506439 0.581325 -0.636852 15.319300 0.216531 0.629167 0.746501 0.000000 0.000000 0.000000 0.000000 1.000000
0.812058 -0.553915 0.183687 0.000000 0.538576 0.590139 -0.601391 15.319300 0.224718 0.587294 0.777552 0.000000 0.000000 0.000000 0.000000 1.000000
0.797326 -0.584541 0.150279 0.000000 0.554986 0.612225 -0.563179 15.319300 0.237197 0.532440 0.812555 -0.000000 0.000000 0.000000 0.000000 1.000000
0.788252 -0.606576 0.103559 0.000000 0.561619 0.640381 -0.523923 15.319300 0.251482 0.471144 0.845447 0.000000 0.000000 0.000000 0.000000 1.000000
0.782904 -0.619785 0.054103 0.000000 0.562098 0.667391 -0.488503 15.319300 0.266659 0.412863 0.870883 0.000000 0.000000 0.000000 0.000000 1.000000
0.781315 -0.623980 0.013965 -0.000000 0.558766 0.689338 -0.461079 15.319300 0.278078 0.368052 0.887249 0.000000 0.000000 0.000000 0.000000 1.000000
0.788968 -0.614354 -0.009882 0.000000 0.547659 0.710427 -0.441999 15.319300 0.278565 0.343311 0.896961 -0.000000 0.000000 0.000000 0.000000 1.000000
0.815774 -0.578227 -0.012894 0.000000 0.517963 0.740308 -0.428553 15.319300 0.257346 0.342924 0.903425 0.000000 0.000000 0.000000 0.000000 1.000000
0.862310 -0.506372 0.002831 -0.000000 0.460540 0.781913 -0.420136 15.319300 0.210532 0.363592 0.907457 -0.000000 0.000000 0.000000 0.000000 1.000000
0.916308 -0.399123 0.032867 -0.000000 0.374424 0.824697 -0.423888 15.319300 0.142078 0.400718 0.905118 0.000000 0.000000 0.000000 0.000000 1.000000
0.960275 -0.270462 0.068712 0.000000 0.271853 0.851115 -0.449109 15.319300 0.062985 0.449948 0.890831 0.000000 0.000000 0.000000 0.000000 1.000000
0.983641 -0.150328 0.099258 0.000000 0.179807 0.852842 -0.490234 15.319300 -0.010956 0.500062 0.865921 0.000000 0.000000 0.000000 0.000000 1.000000
0.990626 -0.059663 0.122880 0.000000 0.116351 0.839840 -0.530218 15.319300 -0.071565 0.539545 0.838910 0.000000 0.000000 0.000000 0.000000 1.000000
0.989183 -0.008086 0.146463 0.000000 0.088596 0.828721 -0.552605 15.319300 -0.116909 0.559604 0.820473 -0.000000 0.000000 0.000000 0.000000 1.000000
0.984283 0.010774 0.176267 0.000000 0.089660 0.829432 -0.551365 15.319300 -0.152142 0.558503 0.815430 0.000000 0.000000 0.000000 0.000000 1.000000
0.977567 0.009635 0.210403 0.000000 0.106329 0.839741 -0.532474 15.319300 -0.181814 0.542901 0.819879 -0.000000 0.000000 0.000000 0.000000 1.000000
0.970144 -0.001704 0.242522 0.000000 0.127984 0.853001 -0.505973 15.319300 -0.206009 0.521906 0.827753 0.000000 0.000000 0.000000 0.000000 1.000000
0.964112 -0.019270 0.264794 0.000000 0.150468 0.861380 -0.485165 15.319300 -0.218739 0.507596 0.833366 -0.000000 0.000000 0.000000 0.000000 1.000000
0.960695 -0.048255 0.273380 -0.000000 0.178911 0.860605 -0.476812 15.319300 -0.212264 0.506982 0.835412 0.000000 0.000000 0.000000 0.000000 1.000000
0.958979 -0.096379 0.266591 0.000000 0.219469 0.847657 -0.483022 15.319300 -0.179425 0.521716 0.834038 -0.000000 0.000000 0.000000 0.000000 1.000000
0.955220 -0.164048 0.246260 0.000000 0.270699 0.820557 -0.503398 15.319300 -0.119489 0.547517 0.828219 -0.000000 0.000000 0.000000 0.000000 1.000000
0.945783 -0.239691 0.219186 0.000000 0.321887 0.781857 -0.533937 15.319300 -0.043393 0.575542 0.816620 0.000000 0.000000 0.000000 0.000000 1.000000
0.929839 -0.313938 0.191942 -0.000000 0.366056 0.736128 -0.569315 15.319300 0.037436 0.599633 0.799399 0.000000 0.000000 0.000000 0.000000 1.000000
0.907343 -0.382906 0.173526 0.000000 0.405474 0.688131 -0.601720 15.319300 0.110993 0.616327 0.779629 0.000000 0.000000 0.000000 0.000000 1.000000
0.876677 -0.449454 0.171546 -0.000000 0.449099 0.636760 -0.626774 15.319300 0.172472 0.626520 0.760083 -0.000000 0.000000 0.000000 0.000000 1.000000
0.834646 -0.515956 0.192760 0.000000 0.506440 0.581325 -0.636851 15.319300 0.216531 0.629166 0.746501 0.000000 0.000000 0.000000 0.000000 1.000000</float_array>
        <technique_common>
          <accessor source="#mixamorig_RightArm-Matrix-animation-output-transform-array" count="26" stride="16">
            <param type="float4x4"/>
          </accessor>
        </technique_common>
      </source>
      <source id="mixamorig_RightArm-Interpolations">
        <Name_array id="mixamorig_RightArm-Interpolations-array" count="26">
 LINEAR LINEAR LINEAR LINEAR LINEAR LINEAR LINEAR LINEAR LINEAR LINEAR LINEAR
LINEAR LINEAR LINEAR LINEAR LINEAR LINEAR LINEAR LINEAR LINEAR LINEAR LINEAR LINEAR
LINEAR LINEAR LINEAR</Name_array>
        <technique_common>
          <accessor source="#mixamorig_RightArm-Interpolations-array" count="26">
            <param type="name"/>
          </accessor>
        </technique_common>
      </source>
      <sampler id="mixamorig_RightArm-Matrix-animation-transform">
        <input semantic="INPUT" source="#mixamorig_RightArm-Matrix-animation-input"/>
        <input semantic="OUTPUT" source="#mixamorig_RightArm-Matrix-animation-output-transform"/>
        <input semantic="INTERPOLATION" source="#mixamorig_RightArm-Interpolations"/>
      </sampler>
      <channel source="#mixamorig_RightArm-Matrix-animation-transform" target="mixamorig_RightArm/matrix"/>
    </animation>
    <animation id="mixamorig_RightForeArm-anim" name="mixamorig_RightForeArm">
      <source id="mixamorig_RightForeArm-Matrix-animation-input">
        <float_array id="mixamorig_RightForeArm-Matrix-animation-input-array" count="26">

0.000000 0.033333 0.066667 0.100000 0.133333 0.166667 0.200000 0.233333 0.266667 0.300000 0.333333 0.366667 0.400000 0.433333 0.466667 0.500000
0.533333 0.566667 0.600000 0.633333 0.666667 0.700000 0.733333 0.766667 0.800000 0.833333</float_array>
        <technique_common>
          <accessor source="#mixamorig_RightForeArm-Matrix-animation-input-array" count="26">
            <param name="TIME" type="float"/>
          </accessor>
        </technique_common>
      </source>
      <source id="mixamorig_RightForeArm-Matrix-animation-output-transform">
        <float_array id="mixamorig_RightForeArm-Matrix-animation-output-transform-array" count="416">

-0.240755 0.951158 -0.193227 -0.000000 -0.970338 -0.240371 0.025786 34.109299 -0.021920 0.193703 0.980815 0.000000 0.000000 0.000000 0.000000 1.000000
-0.147401 0.964348 -0.219788 0.000000 -0.988809 -0.138509 0.055418 34.109299 0.023000 0.225497 0.973972 0.000000 0.000000 0.000000 0.000000 1.000000
-0.049102 0.968822 -0.242843 0.000000 -0.996104 -0.029667 0.083050 34.109299 0.073256 0.245975 0.966504 0.000000 0.000000 0.000000 0.000000 1.000000
0.041893 0.963803 -0.263303 0.000000 -0.991702 0.072169 0.106386 34.109299 0.121538 0.256662 0.958829 0.000000 0.000000 0.000000 0.000000 1.000000
0.110607 0.954156 -0.278124 0.000000 -0.981204 0.149359 0.122190 34.109299 0.158128 0.259381 0.952742 -0.000000 0.000000 0.000000 0.000000 1.000000
0.152094 0.945623 -0.287513 0.000000 -0.972228 0.195494 0.128669 34.109299 0.177879 0.259959 0.949095 0.000000 0.000000 0.000000 0.000000 1.000000
0.168438 0.941007 -0.293487 0.000000 -0.969192 0.212387 0.124736 34.109299 0.179710 0.263435 0.947790 0.000000 0.000000 0.000000 0.000000 1.000000
0.165347 0.939997 -0.298439 0.000000 -0.972495 0.205736 0.109207 34.109299 0.164054 0.272174 0.948160 0.000000 0.000000 0.000000 0.000000 1.000000
0.153710 0.940886 -0.301839 0.000000 -0.978713 0.187010 0.084541 34.109299 0.135990 0.282419 0.949603 -0.000000 0.000000 0.000000 0.000000 1.000000
0.139617 0.943700 -0.299895 0.000000 -0.985110 0.163060 0.054491 34.109299 0.100324 0.287822 0.952415 -0.000000 0.000000 0.000000 0.000000 1.000000
0.123056 0.950039 -0.286851 0.000000 -0.990482 0.135534 0.023978 34.109299 0.061658 0.281170 0.957675 0.000000 0.000000 0.000000 0.000000 1.000000
0.097027 0.960611 -0.260407 -0.000000 -0.994983 0.100026 -0.001746 34.109299 0.024371 0.259270 0.965497 0.000000 0.000000 0.000000 0.000000 1.000000
0.053152 0.973435 -0.222710 0.000000 -0.998546 0.049801 -0.020639 34.109299 -0.008999 0.223483 0.974666 0.000000 0.000000 0.000000 0.000000 1.000000
-0.016111 0.984033 -0.177257 0.000000 -0.999201 -0.022330 -0.033143 34.109299 -0.036571 0.176581 0.983606 0.000000 0.000000 0.000000 0.000000 1.000000
-0.109299 0.985532 -0.129536 0.000000 -0.992351 -0.115709 -0.043019 34.109299 -0.057385 0.123843 0.990641 0.000000 0.000000 0.000000 0.000000 1.000000
-0.214918 0.972934 -0.084914 0.000000 -0.974070 -0.219837 -0.053481 34.109299 -0.070701 0.071218 0.994952 0.000000 0.000000 0.000000 0.000000 1.000000
-0.318321 0.946718 -0.048946 0.000000 -0.944906 -0.321022 -0.064015 34.109299 -0.076317 0.025872 0.996748 -0.000000 0.000000 0.000000 0.000000 1.000000
-0.404500 0.914149 -0.026680 -0.000000 -0.911355 -0.405353 -0.071562 34.109299 -0.076233 -0.004632 0.997079 0.000000 0.000000 0.000000 0.000000 1.000000
-0.467360 0.883853 -0.019468 0.000000 -0.880873 -0.467429 -0.074648 34.109299 -0.075078 -0.017738 0.997020 0.000000 0.000000 0.000000 0.000000 1.000000
-0.504068 0.863200 -0.028318 -0.000000 -0.860135 -0.504699 -0.073800 34.109299 -0.077996 -0.012843 0.996871 0.000000 0.000000 0.000000 0.000000 1.000000
-0.511754 0.857507 -0.052815 -0.000000 -0.854546 -0.514403 -0.071695 34.109299 -0.088647 0.008443 0.996027 0.000000 0.000000 0.000000 0.000000 1.000000
-0.491389 0.866518 -0.087654 -0.000000 -0.864724 -0.497408 -0.069555 34.109299 -0.103870 0.041618 0.993720 -0.000000 0.000000 0.000000 0.000000 1.000000
-0.443698 0.887223 -0.126361 0.000000 -0.888737 -0.453749 -0.065260 34.109299 -0.115236 0.083346 0.989835 0.000000 0.000000 0.000000 0.000000 1.000000
-0.375898 0.912784 -0.159768 0.000000 -0.920216 -0.387992 -0.051612 34.109299 -0.109100 0.127620 0.985804 -0.000000 0.000000 0.000000 0.000000 1.000000
-0.304010 0.934867 -0.183309 0.000000 -0.949369 -0.313297 -0.023316 34.109299 -0.079228 0.166940 0.982779 0.000000 0.000000 0.000000 0.000000 1.000000
-0.240755 0.951157 -0.193227 0.000000 -0.970338 -0.240371 0.025786 34.109299 -0.021920 0.193704 0.980815 0.000000 0.000000 0.000000 0.000000 1.000000</float_array>
        <technique_common>
          <accessor source="#mixamorig_RightForeArm-Matrix-animation-output-transform-array" count="26" stride="16">
            <param type="float4x4"/>
          </accessor>
        </technique_common>
      </source>
      <source id="mixamorig_RightForeArm-Interpolations">
        <Name_array id="mixamorig_RightForeArm-Interpolations-array" count="26">
 LINEAR LINEAR LINEAR LINEAR LINEAR LINEAR LINEAR LINEAR LINEAR LINEAR LINEAR
LINEAR LINEAR LINEAR LINEAR LINEAR LINEAR LINEAR LINEAR LINEAR LINEAR LINEAR LINEAR
LINEAR LINEAR LINEAR</Name_array>
        <technique_common>
          <accessor source="#mixamorig_RightForeArm-Interpolations-array" count="26">
            <param type="name"/>
          </accessor>
        </technique_common>
      </source>
      <sampler id="mixamorig_RightForeArm-Matrix-animation-transform">
        <input semantic="INPUT" source="#mixamorig_RightForeArm-Matrix-animation-input"/>
        <input semantic="OUTPUT" source="#mixamorig_RightForeArm-Matrix-animation-output-transform"/>
        <input semantic="INTERPOLATION" source="#mixamorig_RightForeArm-Interpolations"/>
      </sampler>
      <channel source="#mixamorig_RightForeArm-Matrix-animation-transform" target="mixamorig_RightForeArm/matrix"/>
    </animation>
    <animation id="mixamorig_RightHand-anim" name="mixamorig_RightHand">
      <source id="mixamorig_RightHand-Matrix-animation-input">
        <float_array id="mixamorig_RightHand-Matrix-animation-input-array" count="26">

0.000000 0.033333 0.066667 0.100000 0.133333 0.166667 0.200000 0.233333 0.266667 0.300000 0.333333 0.366667 0.400000 0.433333 0.466667 0.500000
0.533333 0.566667 0.600000 0.633333 0.666667 0.700000 0.733333 0.766667 0.800000 0.833333</float_array>
        <technique_common>
          <accessor source="#mixamorig_RightHand-Matrix-animation-input-array" count="26">
            <param name="TIME" type="float"/>
          </accessor>
        </technique_common>
      </source>
      <source id="mixamorig_RightHand-Matrix-animation-output-transform">
        <float_array id="mixamorig_RightHand-Matrix-animation-output-transform-array" count="416">

0.920838 0.341795 -0.187708 0.000000 -0.338661 0.939603 0.049545 41.076000 0.193305 0.017947 0.980975 0.000000 0.000000 0.000000 0.000000 1.000000
0.913792 0.340401 -0.221612 0.000000 -0.337531 0.939882 0.051908 41.076000 0.225959 0.027368 0.973752 0.000000 0.000000 0.000000 0.000000 1.000000
0.909357 0.341509 -0.237572 0.000000 -0.338170 0.939418 0.055991 41.076000 0.242301 0.029424 0.969755 0.000000 0.000000 0.000000 0.000000 1.000000
0.907508 0.344256 -0.240659 -0.000000 -0.340014 0.938485 0.060307 41.076000 0.246616 0.027098 0.968734 0.000000 0.000000 0.000000 0.000000 1.000000
0.908149 0.347487 -0.233492 0.000000 -0.342502 0.937407 0.062931 41.076000 0.240745 0.022821 0.970320 0.000000 0.000000 0.000000 0.000000 1.000000
0.910251 0.350506 -0.220426 -0.000000 -0.345439 0.936361 0.062443 41.076000 0.228285 0.019305 0.973403 0.000000 0.000000 0.000000 0.000000 1.000000
0.913149 0.353745 -0.202542 -0.000000 -0.349328 0.935179 0.058391 41.076000 0.210069 0.017434 0.977531 0.000000 0.000000 0.000000 0.000000 1.000000
0.916196 0.358690 -0.178677 -0.000000 -0.355346 0.933314 0.051512 41.076000 0.185239 0.016297 0.982558 -0.000000 0.000000 0.000000 0.000000 1.000000
0.918438 0.366636 -0.148493 0.000000 -0.364040 0.930281 0.045300 41.076000 0.154749 0.012453 0.987875 0.000000 0.000000 0.000000 0.000000 1.000000
0.919020 0.377485 -0.113611 0.000000 -0.374925 0.926013 0.043943 41.076000 0.121793 0.002212 0.992553 0.000000 0.000000 0.000000 0.000000 1.000000
0.917522 0.389897 -0.078313 0.000000 -0.386869 0.920705 0.051328 41.076000 0.092116 -0.016798 0.995607 -0.000000 0.000000 0.000000 0.000000 1.000000
0.914459 0.401713 -0.048899 0.000000 -0.398331 0.914838 0.066359 41.076000 0.071392 -0.041205 0.996597 0.000000 0.000000 0.000000 0.000000 1.000000
0.910752 0.411939 -0.028933 0.000000 -0.408426 0.908899 0.084205 41.076000 0.060985 -0.064873 0.996028 -0.000000 0.000000 0.000000 0.000000 1.000000
0.907163 0.420321 -0.019621 0.000000 -0.416592 0.903722 0.098677 41.076000 0.059207 -0.081342 0.994926 0.000000 0.000000 0.000000 0.000000 1.000000
0.904244 0.426637 -0.017997 0.000000 -0.422689 0.900270 0.104148 41.076000 0.060636 -0.086568 0.994399 0.000000 0.000000 0.000000 0.000000 1.000000
0.902335 0.430574 -0.019919 -0.000000 -0.426725 0.898877 0.099624 41.076000 0.060800 -0.081395 0.994826 -0.000000 0.000000 0.000000 0.000000 1.000000
0.901700 0.431747 -0.023051 0.000000 -0.428428 0.899400 0.086770 41.076000 0.058195 -0.068365 0.995962 0.000000 0.000000 0.000000 0.000000 1.000000
0.902189 0.430422 -0.028125 -0.000000 -0.427766 0.901185 0.069867 41.076000 0.055418 -0.051003 0.997160 0.000000 0.000000 0.000000 0.000000 1.000000
0.903249 0.427443 -0.037867 -0.000000 -0.425330 0.903483 0.053035 41.076000 0.056881 -0.031798 0.997874 0.000000 0.000000 0.000000 0.000000 1.000000
0.905328 0.421220 -0.054354 0.000000 -0.419551 0.906863 0.039696 41.076000 0.066013 -0.013133 0.997732 -0.000000 0.000000 0.000000 0.000000 1.000000
0.907496 0.413304 -0.075039 0.000000 -0.411860 0.910593 0.034519 41.076000 0.082597 -0.000421 0.996583 -0.000000 0.000000 0.000000 0.000000 1.000000
0.908490 0.407328 -0.093434 0.000000 -0.405416 0.913280 0.039467 41.076000 0.101408 0.002024 0.994843 0.000000 0.000000 0.000000 0.000000 1.000000
0.908673 0.403829 -0.106000 0.000000 -0.400358 0.914816 0.053156 41.076000 0.118436 -0.005864 0.992944 -0.000000 0.000000 0.000000 0.000000 1.000000
0.909790 0.398176 -0.117211 0.000000 -0.392766 0.917186 0.067117 41.076000 0.134229 -0.015026 0.990836 0.000000 0.000000 0.000000 0.000000 1.000000
0.913048 0.383218 -0.139599 0.000000 -0.377108 0.923600 0.068936 41.076000 0.155351 -0.010298 0.987806 -0.000000 0.000000 0.000000 0.000000 1.000000
0.920838 0.341795 -0.187708 0.000000 -0.338661 0.939603 0.049544 41.076000 0.193305 0.017948 0.980975 0.000000 0.000000 0.000000 0.000000 1.000000</float_array>
        <technique_common>
          <accessor source="#mixamorig_RightHand-Matrix-animation-output-transform-array" count="26" stride="16">
            <param type="float4x4"/>
          </accessor>
        </technique_common>
      </source>
      <source id="mixamorig_RightHand-Interpolations">
        <Name_array id="mixamorig_RightHand-Interpolations-array" count="26">
 LINEAR LINEAR LINEAR LINEAR LINEAR LINEAR LINEAR LINEAR LINEAR LINEAR LINEAR
LINEAR LINEAR LINEAR LINEAR LINEAR LINEAR LINEAR LINEAR LINEAR LINEAR LINEAR LINEAR
LINEAR LINEAR LINEAR</Name_array>
        <technique_common>
          <accessor source="#mixamorig_RightHand-Interpolations-array" count="26">
            <param type="name"/>
          </accessor>
        </technique_common>
      </source>
      <sampler id="mixamorig_RightHand-Matrix-animation-transform">
        <input semantic="INPUT" source="#mixamorig_RightHand-Matrix-animation-input"/>
        <input semantic="OUTPUT" source="#mixamorig_RightHand-Matrix-animation-output-transform"/>
        <input semantic="INTERPOLATION" source="#mixamorig_RightHand-Interpolations"/>
      </sampler>
      <channel source="#mixamorig_RightHand-Matrix-animation-transform" target="mixamorig_RightHand/matrix"/>
    </animation>
    <animation id="mixamorig_RightHandThumb1-anim" name="mixamorig_RightHandThumb1">
      <source id="mixamorig_RightHandThumb1-Matrix-animation-input">
        <float_array id="mixamorig_RightHandThumb1-Matrix-animation-input-array" count="26">

0.000000 0.033333 0.066667 0.100000 0.133333 0.166667 0.200000 0.233333 0.266667 0.300000 0.333333 0.366667 0.400000 0.433333 0.466667 0.500000
0.533333 0.566667 0.600000 0.633333 0.666667 0.700000 0.733333 0.766667 0.800000 0.833333</float_array>
        <technique_common>
          <accessor source="#mixamorig_RightHandThumb1-Matrix-animation-input-array" count="26">
            <param name="TIME" type="float"/>
          </accessor>
        </technique_common>
      </source>
      <source id="mixamorig_RightHandThumb1-Matrix-animation-output-transform">
        <float_array id="mixamorig_RightHandThumb1-Matrix-animation-output-transform-array" count="416">

0.783574 0.571197 -0.244428 9.706200 -0.613893 0.651239 -0.446120 9.903700 -0.095642 0.499621 0.860948 7.214200 0.000000 0.000000 0.000000 1.000000
0.783574 0.571197 -0.244428 9.706200 -0.613893 0.651239 -0.446120 9.903700 -0.095642 0.499621 0.860948 7.214200 0.000000 0.000000 0.000000 1.000000
0.783574 0.571197 -0.244428 9.706200 -0.613892 0.651240 -0.446120 9.903700 -0.095641 0.499621 0.860948 7.214200 0.000000 0.000000 0.000000 1.000000
0.783574 0.571197 -0.244428 9.706200 -0.613893 0.651239 -0.446120 9.903700 -0.095642 0.499621 0.860948 7.214200 0.000000 0.000000 0.000000 1.000000
0.783574 0.571198 -0.244428 9.706200 -0.613893 0.651239 -0.446121 9.903700 -0.095642 0.499621 0.860948 7.214200 0.000000 0.000000 0.000000 1.000000
0.783574 0.571197 -0.244428 9.706200 -0.613893 0.651240 -0.446120 9.903700 -0.095641 0.499621 0.860948 7.214200 0.000000 0.000000 0.000000 1.000000
0.783574 0.571198 -0.244428 9.706200 -0.613893 0.651239 -0.446120 9.903700 -0.095642 0.499621 0.860948 7.214200 0.000000 0.000000 0.000000 1.000000
0.783574 0.571197 -0.244428 9.706200 -0.613893 0.651239 -0.446120 9.903700 -0.095642 0.499621 0.860948 7.214200 0.000000 0.000000 0.000000 1.000000
0.783574 0.571198 -0.244428 9.706200 -0.613893 0.651239 -0.446120 9.903700 -0.095642 0.499621 0.860948 7.214200 0.000000 0.000000 0.000000 1.000000
0.783575 0.571197 -0.244428 9.706200 -0.613892 0.651240 -0.446120 9.903700 -0.095641 0.499621 0.860948 7.214200 0.000000 0.000000 0.000000 1.000000
0.783574 0.571197 -0.244428 9.706200 -0.613893 0.651239 -0.446120 9.903700 -0.095641 0.499621 0.860948 7.214200 0.000000 0.000000 0.000000 1.000000
0.783574 0.571198 -0.244428 9.706200 -0.613893 0.651239 -0.446120 9.903700 -0.095642 0.499621 0.860948 7.214200 0.000000 0.000000 0.000000 1.000000
0.783574 0.571198 -0.244428 9.706200 -0.613893 0.651239 -0.446120 9.903700 -0.095642 0.499621 0.860948 7.214200 0.000000 0.000000 0.000000 1.000000
0.783574 0.571198 -0.244428 9.706200 -0.613893 0.651239 -0.446120 9.903700 -0.095642 0.499621 0.860948 7.214200 0.000000 0.000000 0.000000 1.000000
0.783574 0.571197 -0.244428 9.706200 -0.613893 0.651239 -0.446121 9.903700 -0.095642 0.499621 0.860948 7.214200 0.000000 0.000000 0.000000 1.000000
0.783574 0.571197 -0.244428 9.706200 -0.613893 0.651239 -0.446120 9.903700 -0.095642 0.499621 0.860948 7.214200 0.000000 0.000000 0.000000 1.000000
0.783574 0.571197 -0.244428 9.706200 -0.613892 0.651240 -0.446120 9.903700 -0.095642 0.499621 0.860948 7.214200 0.000000 0.000000 0.000000 1.000000
0.783574 0.571197 -0.244427 9.706200 -0.613892 0.651239 -0.446120 9.903700 -0.095642 0.499621 0.860948 7.214200 0.000000 0.000000 0.000000 1.000000
0.783574 0.571197 -0.244428 9.706200 -0.613893 0.651239 -0.446120 9.903700 -0.095641 0.499621 0.860948 7.214200 0.000000 0.000000 0.000000 1.000000
0.783574 0.571197 -0.244428 9.706200 -0.613892 0.651239 -0.446120 9.903700 -0.095642 0.499621 0.860948 7.214200 0.000000 0.000000 0.000000 1.000000
0.783574 0.571197 -0.244428 9.706200 -0.613892 0.651239 -0.446121 9.903700 -0.095642 0.499621 0.860948 7.214200 0.000000 0.000000 0.000000 1.000000
0.783574 0.571197 -0.244428 9.706200 -0.613893 0.651239 -0.446120 9.903700 -0.095642 0.499621 0.860948 7.214200 0.000000 0.000000 0.000000 1.000000
0.783574 0.571197 -0.244428 9.706200 -0.613893 0.651239 -0.446121 9.903700 -0.095642 0.499621 0.860948 7.214200 0.000000 0.000000 0.000000 1.000000
0.783574 0.571197 -0.244428 9.706200 -0.613893 0.651239 -0.446120 9.903700 -0.095641 0.499621 0.860948 7.214200 0.000000 0.000000 0.000000 1.000000
0.783575 0.571197 -0.244428 9.706200 -0.613892 0.651240 -0.446120 9.903700 -0.095641 0.499621 0.860948 7.214200 0.000000 0.000000 0.000000 1.000000
0.783574 0.571197 -0.244428 9.706200 -0.613892 0.651239 -0.446120 9.903700 -0.095641 0.499621 0.860948 7.214200 0.000000 0.000000 0.000000 1.000000</float_array>
        <technique_common>
          <accessor source="#mixamorig_RightHandThumb1-Matrix-animation-output-transform-array" count="26" stride="16">
            <param type="float4x4"/>
          </accessor>
        </technique_common>
      </source>
      <source id="mixamorig_RightHandThumb1-Interpolations">
        <Name_array id="mixamorig_RightHandThumb1-Interpolations-array" count="26">
 LINEAR LINEAR LINEAR LINEAR LINEAR LINEAR LINEAR LINEAR LINEAR LINEAR LINEAR
LINEAR LINEAR LINEAR LINEAR LINEAR LINEAR LINEAR LINEAR LINEAR LINEAR LINEAR LINEAR
LINEAR LINEAR LINEAR</Name_array>
        <technique_common>
          <accessor source="#mixamorig_RightHandThumb1-Interpolations-array" count="26">
            <param type="name"/>
          </accessor>
        </technique_common>
      </source>
      <sampler id="mixamorig_RightHandThumb1-Matrix-animation-transform">
        <input semantic="INPUT" source="#mixamorig_RightHandThumb1-Matrix-animation-input"/>
        <input semantic="OUTPUT" source="#mixamorig_RightHandThumb1-Matrix-animation-output-transform"/>
        <input semantic="INTERPOLATION" source="#mixamorig_RightHandThumb1-Interpolations"/>
      </sampler>
      <channel source="#mixamorig_RightHandThumb1-Matrix-animation-transform" target="mixamorig_RightHandThumb1/matrix"/>
    </animation>
    <animation id="mixamorig_RightHandThumb2-anim" name="mixamorig_RightHandThumb2">
      <source id="mixamorig_RightHandThumb2-Matrix-animation-input">
        <float_array id="mixamorig_RightHandThumb2-Matrix-animation-input-array" count="26">

0.000000 0.033333 0.066667 0.100000 0.133333 0.166667 0.200000 0.233333 0.266667 0.300000 0.333333 0.366667 0.400000 0.433333 0.466667 0.500000
0.533333 0.566667 0.600000 0.633333 0.666667 0.700000 0.733333 0.766667 0.800000 0.833333</float_array>
        <technique_common>
          <accessor source="#mixamorig_RightHandThumb2-Matrix-animation-input-array" count="26">
            <param name="TIME" type="float"/>
          </accessor>
        </technique_common>
      </source>
      <source id="mixamorig_RightHandThumb2-Matrix-animation-output-transform">
        <float_array id="mixamorig_RightHandThumb2-Matrix-animation-output-transform-array" count="416">

0.965713 -0.259594 0.003190 -0.000000 0.259603 0.965710 -0.003146 2.369600 -0.002263 0.003867 0.999990 0.000000 0.000000 0.000000 0.000000 1.000000
0.965713 -0.259594 0.003190 0.000000 0.259604 0.965710 -0.003146 2.369600 -0.002264 0.003866 0.999990 -0.000000 0.000000 0.000000 0.000000 1.000000
0.965713 -0.259594 0.003189 0.000000 0.259604 0.965710 -0.003147 2.369600 -0.002263 0.003867 0.999990 0.000000 0.000000 0.000000 0.000000 1.000000
0.965713 -0.259594 0.003189 0.000000 0.259604 0.965710 -0.003147 2.369600 -0.002263 0.003867 0.999990 0.000000 0.000000 0.000000 0.000000 1.000000
0.965713 -0.259594 0.003189 0.000000 0.259604 0.965710 -0.003147 2.369600 -0.002263 0.003867 0.999990 0.000000 0.000000 0.000000 0.000000 1.000000
0.965713 -0.259594 0.003190 0.000000 0.259604 0.965710 -0.003147 2.369600 -0.002263 0.003867 0.999990 0.000000 0.000000 0.000000 0.000000 1.000000
0.965713 -0.259594 0.003189 -0.000000 0.259604 0.965710 -0.003147 2.369600 -0.002263 0.003867 0.999990 -0.000000 0.000000 0.000000 0.000000 1.000000
0.965713 -0.259594 0.003190 -0.000000 0.259604 0.965710 -0.003147 2.369600 -0.002263 0.003867 0.999990 0.000000 0.000000 0.000000 0.000000 1.000000
0.965713 -0.259594 0.003189 0.000000 0.259604 0.965710 -0.003147 2.369600 -0.002263 0.003867 0.999990 0.000000 0.000000 0.000000 0.000000 1.000000
0.965713 -0.259594 0.003189 0.000000 0.259603 0.965710 -0.003147 2.369600 -0.002263 0.003867 0.999990 0.000000 0.000000 0.000000 0.000000 1.000000
0.965713 -0.259594 0.003190 -0.000000 0.259604 0.965710 -0.003147 2.369600 -0.002263 0.003867 0.999990 0.000000 0.000000 0.000000 0.000000 1.000000
0.965713 -0.259594 0.003189 0.000000 0.259604 0.965710 -0.003147 2.369600 -0.002263 0.003867 0.999990 0.000000 0.000000 0.000000 0.000000 1.000000
0.965713 -0.259594 0.003190 0.000000 0.259604 0.965710 -0.003147 2.369600 -0.002263 0.003867 0.999990 0.000000 0.000000 0.000000 0.000000 1.000000
0.965713 -0.259594 0.003190 0.000000 0.259603 0.965710 -0.003147 2.369600 -0.002264 0.003867 0.999990 0.000000 0.000000 0.000000 0.000000 1.000000
0.965713 -0.259594 0.003190 -0.000000 0.259604 0.965710 -0.003146 2.369600 -0.002264 0.003867 0.999990 0.000000 0.000000 0.000000 0.000000 1.000000
0.965713 -0.259594 0.003189 0.000000 0.259604 0.965710 -0.003146 2.369600 -0.002263 0.003866 0.999990 0.000000 0.000000 0.000000 0.000000 1.000000
0.965713 -0.259594 0.003190 -0.000000 0.259604 0.965710 -0.003147 2.369600 -0.002263 0.003867 0.999990 0.000000 0.000000 0.000000 0.000000 1.000000
0.965712 -0.259594 0.003189 0.000000 0.259604 0.965710 -0.003146 2.369600 -0.002263 0.003866 0.999990 0.000000 0.000000 0.000000 0.000000 1.000000
0.965713 -0.259594 0.003190 0.000000 0.259604 0.965710 -0.003147 2.369600 -0.002263 0.003867 0.999990 0.000000 0.000000 0.000000 0.000000 1.000000
0.965713 -0.259594 0.003189 0.000000 0.259603 0.965710 -0.003147 2.369600 -0.002263 0.003867 0.999990 0.000000 0.000000 0.000000 0.000000 1.000000
0.965713 -0.259594 0.003189 -0.000000 0.259604 0.965710 -0.003147 2.369600 -0.002263 0.003867 0.999990 0.000000 0.000000 0.000000 0.000000 1.000000
0.965713 -0.259594 0.003190 0.000000 0.259604 0.965710 -0.003146 2.369600 -0.002263 0.003866 0.999990 -0.000000 0.000000 0.000000 0.000000 1.000000
0.965712 -0.259595 0.003189 0.000000 0.259604 0.965710 -0.003146 2.369600 -0.002263 0.003866 0.999990 -0.000000 0.000000 0.000000 0.000000 1.000000
0.965712 -0.259595 0.003190 0.000000 0.259604 0.965710 -0.003147 2.369600 -0.002263 0.003867 0.999990 0.000000 0.000000 0.000000 0.000000 1.000000
0.965713 -0.259594 0.003190 0.000000 0.259604 0.965710 -0.003147 2.369600 -0.002263 0.003867 0.999990 0.000000 0.000000 0.000000 0.000000 1.000000
0.965713 -0.259594 0.003189 -0.000000 0.259604 0.965710 -0.003147 2.369600 -0.002263 0.003867 0.999990 0.000000 0.000000 0.000000 0.000000 1.000000</float_array>
        <technique_common>
          <accessor source="#mixamorig_RightHandThumb2-Matrix-animation-output-transform-array" count="26" stride="16">
            <param type="float4x4"/>
          </accessor>
        </technique_common>
      </source>
      <source id="mixamorig_RightHandThumb2-Interpolations">
        <Name_array id="mixamorig_RightHandThumb2-Interpolations-array" count="26">
 LINEAR LINEAR LINEAR LINEAR LINEAR LINEAR LINEAR LINEAR LINEAR LINEAR LINEAR
LINEAR LINEAR LINEAR LINEAR LINEAR LINEAR LINEAR LINEAR LINEAR LINEAR LINEAR LINEAR
LINEAR LINEAR LINEAR</Name_array>
        <technique_common>
          <accessor source="#mixamorig_RightHandThumb2-Interpolations-array" count="26">
            <param type="name"/>
          </accessor>
        </technique_common>
      </source>
      <sampler id="mixamorig_RightHandThumb2-Matrix-animation-transform">
        <input semantic="INPUT" source="#mixamorig_RightHandThumb2-Matrix-animation-input"/>
        <input semantic="OUTPUT" source="#mixamorig_RightHandThumb2-Matrix-animation-output-transform"/>
        <input semantic="INTERPOLATION" source="#mixamorig_RightHandThumb2-Interpolations"/>
      </sampler>
      <channel source="#mixamorig_RightHandThumb2-Matrix-animation-transform" target="mixamorig_RightHandThumb2/matrix"/>
    </animation>
    <animation id="mixamorig_RightHandThumb3-anim" name="mixamorig_RightHandThumb3">
      <source id="mixamorig_RightHandThumb3-Matrix-animation-input">
        <float_array id="mixamorig_RightHandThumb3-Matrix-animation-input-array" count="26">

0.000000 0.033333 0.066667 0.100000 0.133333 0.166667 0.200000 0.233333 0.266667 0.300000 0.333333 0.366667 0.400000 0.433333 0.466667 0.500000
0.533333 0.566667 0.600000 0.633333 0.666667 0.700000 0.733333 0.766667 0.800000 0.833333</float_array>
        <technique_common>
          <accessor source="#mixamorig_RightHandThumb3-Matrix-animation-input-array" count="26">
            <param name="TIME" type="float"/>
          </accessor>
        </technique_common>
      </source>
      <source id="mixamorig_RightHandThumb3-Matrix-animation-output-transform">
        <float_array id="mixamorig_RightHandThumb3-Matrix-animation-output-transform-array" count="416">

1.000000 0.000000 -0.000070 -0.000000 -0.000000 1.000000 -0.000000 2.785100 0.000070 0.000000 1.000000 0.000000 0.000000 0.000000 0.000000 1.000000
1.000000 0.000000 -0.000071 0.000000 -0.000000 1.000000 -0.000000 2.785100 0.000071 0.000000 1.000000 -0.000000 0.000000 0.000000 0.000000 1.000000
1.000000 -0.000000 -0.000071 -0.000000 0.000000 1.000000 0.000000 2.785100 0.000071 -0.000000 1.000000 0.000000 0.000000 0.000000 0.000000 1.000000
1.000000 -0.000000 -0.000071 -0.000000 0.000000 1.000000 0.000000 2.785100 0.000071 -0.000000 1.000000 0.000000 0.000000 0.000000 0.000000 1.000000
1.000000 -0.000000 -0.000071 0.000000 0.000000 1.000000 -0.000000 2.785100 0.000071 0.000000 1.000000 0.000000 0.000000 0.000000 0.000000 1.000000
1.000000 -0.000000 -0.000070 0.000000 0.000000 1.000000 -0.000000 2.785100 0.000070 0.000000 1.000000 0.000000 0.000000 0.000000 0.000000 1.000000
1.000000 -0.000000 -0.000071 0.000000 0.000000 1.000000 0.000000 2.785100 0.000071 -0.000000 1.000000 0.000000 0.000000 0.000000 0.000000 1.000000
1.000000 0.000000 -0.000070 0.000000 -0.000000 1.000000 -0.000000 2.785100 0.000070 0.000000 1.000000 -0.000000 0.000000 0.000000 0.000000 1.000000
1.000000 -0.000000 -0.000071 0.000000 0.000000 1.000000 0.000000 2.785100 0.000071 -0.000000 1.000000 0.000000 0.000000 0.000000 0.000000 1.000000
1.000000 -0.000000 -0.000071 0.000000 0.000000 1.000000 0.000000 2.785100 0.000071 -0.000000 1.000000 0.000000 0.000000 0.000000 0.000000 1.000000
1.000000 0.000000 -0.000070 0.000000 -0.000000 1.000000 -0.000000 2.785100 0.000070 0.000000 1.000000 0.000000 0.000000 0.000000 0.000000 1.000000
1.000000 0.000000 -0.000071 -0.000000 -0.000000 1.000000 0.000000 2.785100 0.000071 -0.000000 1.000000 0.000000 0.000000 0.000000 0.000000 1.000000
1.000000 -0.000000 -0.000070 -0.000000 0.000000 1.000000 -0.000000 2.785100 0.000070 0.000000 1.000000 0.000000 0.000000 0.000000 0.000000 1.000000
1.000000 0.000000 -0.000071 0.000000 -0.000000 1.000000 -0.000000 2.785100 0.000071 0.000000 1.000000 0.000000 0.000000 0.000000 0.000000 1.000000
1.000000 -0.000000 -0.000071 0.000000 0.000000 1.000000 0.000000 2.785100 0.000071 -0.000000 1.000000 0.000000 0.000000 0.000000 0.000000 1.000000
1.000000 -0.000000 -0.000071 0.000000 0.000000 1.000000 -0.000000 2.785100 0.000071 0.000000 1.000000 0.000000 0.000000 0.000000 0.000000 1.000000
1.000000 0.000000 -0.000070 0.000000 -0.000000 1.000000 -0.000000 2.785100 0.000070 0.000000 1.000000 0.000000 0.000000 0.000000 0.000000 1.000000
1.000000 0.000000 -0.000071 0.000000 -0.000000 1.000000 0.000000 2.785100 0.000071 -0.000000 1.000000 0.000000 0.000000 0.000000 0.000000 1.000000
1.000000 -0.000000 -0.000071 -0.000000 0.000000 1.000000 0.000000 2.785100 0.000071 -0.000000 1.000000 0.000000 0.000000 0.000000 0.000000 1.000000
1.000000 -0.000000 -0.000070 -0.000000 0.000000 1.000000 -0.000000 2.785100 0.000070 0.000000 1.000000 0.000000 0.000000 0.000000 0.000000 1.000000
1.000000 -0.000000 -0.000071 -0.000000 0.000000 1.000000 -0.000000 2.785100 0.000071 0.000000 1.000000 0.000000 0.000000 0.000000 0.000000 1.000000
1.000000 -0.000000 -0.000070 0.000000 0.000000 1.000000 0.000000 2.785100 0.000070 -0.000000 1.000000 0.000000 0.000000 0.000000 0.000000 1.000000
1.000000 0.000000 -0.000071 0.000000 -0.000000 1.000000 0.000000 2.785100 0.000071 -0.000000 1.000000 0.000000 0.000000 0.000000 0.000000 1.000000
1.000000 0.000000 -0.000071 0.000000 -0.000000 1.000000 0.000000 2.785100 0.000071 -0.000000 1.000000 0.000000 0.000000 0.000000 0.000000 1.000000
1.000000 -0.000000 -0.000071 0.000000 0.000000 1.000000 0.000000 2.785100 0.000071 -0.000000 1.000000 0.000000 0.000000 0.000000 0.000000 1.000000
1.000000 -0.000000 -0.000071 0.000000 0.000000 1.000000 0.000000 2.785100 0.000071 -0.000000 1.000000 0.000000 0.000000 0.000000 0.000000 1.000000</float_array>
        <technique_common>
          <accessor source="#mixamorig_RightHandThumb3-Matrix-animation-output-transform-array" count="26" stride="16">
            <param type="float4x4"/>
          </accessor>
        </technique_common>
      </source>
      <source id="mixamorig_RightHandThumb3-Interpolations">
        <Name_array id="mixamorig_RightHandThumb3-Interpolations-array" count="26">
 LINEAR LINEAR LINEAR LINEAR LINEAR LINEAR LINEAR LINEAR LINEAR LINEAR LINEAR
LINEAR LINEAR LINEAR LINEAR LINEAR LINEAR LINEAR LINEAR LINEAR LINEAR LINEAR LINEAR
LINEAR LINEAR LINEAR</Name_array>
        <technique_common>
          <accessor source="#mixamorig_RightHandThumb3-Interpolations-array" count="26">
            <param type="name"/>
          </accessor>
        </technique_common>
      </source>
      <sampler id="mixamorig_RightHandThumb3-Matrix-animation-transform">
        <input semantic="INPUT" source="#mixamorig_RightHandThumb3-Matrix-animation-input"/>
        <input semantic="OUTPUT" source="#mixamorig_RightHandThumb3-Matrix-animation-output-transform"/>
        <input semantic="INTERPOLATION" source="#mixamorig_RightHandThumb3-Interpolations"/>
      </sampler>
      <channel source="#mixamorig_RightHandThumb3-Matrix-animation-transform" target="mixamorig_RightHandThumb3/matrix"/>
    </animation>
    <animation id="mixamorig_RightHandIndex1-anim" name="mixamorig_RightHandIndex1">
      <source id="mixamorig_RightHandIndex1-Matrix-animation-input">
        <float_array id="mixamorig_RightHandIndex1-Matrix-animation-input-array" count="26">

0.000000 0.033333 0.066667 0.100000 0.133333 0.166667 0.200000 0.233333 0.266667 0.300000 0.333333 0.366667 0.400000 0.433333 0.466667 0.500000
0.533333 0.566667 0.600000 0.633333 0.666667 0.700000 0.733333 0.766667 0.800000 0.833333</float_array>
        <technique_common>
          <accessor source="#mixamorig_RightHandIndex1-Matrix-animation-input-array" count="26">
            <param name="TIME" type="float"/>
          </accessor>
        </technique_common>
      </source>
      <source id="mixamorig_RightHandIndex1-Matrix-animation-output-transform">
        <float_array id="mixamorig_RightHandIndex1-Matrix-animation-output-transform-array" count="416">

0.991126 0.101937 -0.085314 4.736600 -0.104679 0.202971 -0.973573 18.296400 -0.081927 0.973864 0.211840 0.973900 0.000000 0.000000 0.000000 1.000000
0.991324 0.101630 -0.083353 4.736600 -0.104319 0.222552 -0.969324 18.296400 -0.079962 0.969609 0.231223 0.973900 0.000000 0.000000 0.000000 1.000000
0.991783 0.100766 -0.078817 4.736600 -0.103329 0.267725 -0.957939 18.296400 -0.075427 0.958212 0.275937 0.973900 0.000000 0.000000 0.000000 1.000000
0.992374 0.099327 -0.072988 4.736600 -0.101726 0.325590 -0.940023 18.296400 -0.069605 0.940279 0.333212 0.973900 0.000000 0.000000 0.000000 1.000000
0.992955 0.097543 -0.067280 4.736600 -0.099781 0.382036 -0.918745 18.296400 -0.063914 0.918985 0.389078 0.973900 0.000000 0.000000 0.000000 1.000000
0.993384 0.095975 -0.063063 4.736600 -0.098092 0.423577 -0.900533 18.296400 -0.059717 0.900761 0.430189 0.973900 0.000000 0.000000 0.000000 1.000000
0.993556 0.095287 -0.061377 4.736600 -0.097355 0.440147 -0.892632 18.296400 -0.058041 0.892855 0.446588 0.973900 0.000000 0.000000 0.000000 1.000000
0.993506 0.095491 -0.061869 4.736600 -0.097573 0.435315 -0.894975 18.296400 -0.058530 0.895199 0.441806 0.973900 0.000000 0.000000 0.000000 1.000000
0.993377 0.096001 -0.063128 4.736600 -0.098120 0.422933 -0.900833 18.296400 -0.059782 0.901061 0.429552 0.973900 0.000000 0.000000 0.000000 1.000000
0.993185 0.096728 -0.065016 4.736600 -0.098901 0.404352 -0.909240 18.296400 -0.061660 0.909474 0.411163 0.973900 0.000000 0.000000 0.000000 1.000000
0.992938 0.097599 -0.067443 4.736600 -0.099842 0.380423 -0.919408 18.296400 -0.064076 0.919648 0.387481 0.973900 0.000000 0.000000 0.000000 1.000000
0.992652 0.098520 -0.070252 4.736600 -0.100841 0.352666 -0.930300 18.296400 -0.066877 0.930548 0.360010 0.973900 0.000000 0.000000 0.000000 1.000000
0.992343 0.099414 -0.073301 4.736600 -0.101821 0.322484 -0.941083 18.296400 -0.069919 0.941340 0.330137 0.973900 0.000000 0.000000 0.000000 1.000000
0.992022 0.100229 -0.076458 4.736600 -0.102726 0.291174 -0.951139 18.296400 -0.073070 0.951405 0.299147 0.973900 0.000000 0.000000 0.000000 1.000000
0.991708 0.100923 -0.079558 4.736600 -0.103505 0.260352 -0.959950 18.296400 -0.076168 0.960225 0.268639 0.973900 0.000000 0.000000 0.000000 1.000000
0.991414 0.101477 -0.082461 4.736600 -0.104141 0.231435 -0.967260 18.296400 -0.079070 0.967543 0.240016 0.973900 0.000000 0.000000 0.000000 1.000000
0.991157 0.101890 -0.085005 4.736600 -0.104624 0.206049 -0.972933 18.296400 -0.081617 0.973223 0.214887 0.973900 0.000000 0.000000 0.000000 1.000000
0.990955 0.102168 -0.087008 4.736600 -0.104956 0.186036 -0.976921 18.296400 -0.083623 0.977217 0.195077 0.973900 0.000000 0.000000 0.000000 1.000000
0.990819 0.102330 -0.088357 4.736600 -0.105156 0.172548 -0.979372 18.296400 -0.084974 0.979671 0.181725 0.973900 0.000000 0.000000 0.000000 1.000000
0.990765 0.102390 -0.088885 4.736600 -0.105229 0.167252 -0.980282 18.296400 -0.085505 0.980583 0.176482 0.973900 0.000000 0.000000 0.000000 1.000000
0.990790 0.102363 -0.088635 4.736600 -0.105195 0.169763 -0.979854 18.296400 -0.085254 0.980154 0.178968 0.973900 0.000000 0.000000 0.000000 1.000000
0.990856 0.102289 -0.087987 4.736600 -0.105104 0.176249 -0.978718 18.296400 -0.084604 0.979017 0.185388 0.973900 0.000000 0.000000 0.000000 1.000000
0.990943 0.102184 -0.087126 4.736600 -0.104975 0.184862 -0.977142 18.296400 -0.083742 0.977438 0.193914 0.973900 0.000000 0.000000 0.000000 1.000000
0.991030 0.102070 -0.086263 4.736600 -0.104838 0.193494 -0.975484 18.296400 -0.082876 0.975777 0.202460 0.973900 0.000000 0.000000 0.000000 1.000000
0.991097 0.101978 -0.085599 4.736600 -0.104728 0.200123 -0.974158 18.296400 -0.082212 0.974449 0.209021 0.973900 0.000000 0.000000 0.000000 1.000000
0.991121 0.101952 -0.085353 4.736600 -0.104720 0.202969 -0.973569 18.296400 -0.081933 0.973863 0.211843 0.973900 0.000000 0.000000 0.000000 1.000000</float_array>
        <technique_common>
          <accessor source="#mixamorig_RightHandIndex1-Matrix-animation-output-transform-array" count="26" stride="16">
            <param type="float4x4"/>
          </accessor>
        </technique_common>
      </source>
      <source id="mixamorig_RightHandIndex1-Interpolations">
        <Name_array id="mixamorig_RightHandIndex1-Interpolations-array" count="26">
 LINEAR LINEAR LINEAR LINEAR LINEAR LINEAR LINEAR LINEAR LINEAR LINEAR LINEAR
LINEAR LINEAR LINEAR LINEAR LINEAR LINEAR LINEAR LINEAR LINEAR LINEAR LINEAR LINEAR
LINEAR LINEAR LINEAR</Name_array>
        <technique_common>
          <accessor source="#mixamorig_RightHandIndex1-Interpolations-array" count="26">
            <param type="name"/>
          </accessor>
        </technique_common>
      </source>
      <sampler id="mixamorig_RightHandIndex1-Matrix-animation-transform">
        <input semantic="INPUT" source="#mixamorig_RightHandIndex1-Matrix-animation-input"/>
        <input semantic="OUTPUT" source="#mixamorig_RightHandIndex1-Matrix-animation-output-transform"/>
        <input semantic="INTERPOLATION" source="#mixamorig_RightHandIndex1-Interpolations"/>
      </sampler>
      <channel source="#mixamorig_RightHandIndex1-Matrix-animation-transform" target="mixamorig_RightHandIndex1/matrix"/>
    </animation>
    <animation id="mixamorig_RightHandIndex2-anim" name="mixamorig_RightHandIndex2">
      <source id="mixamorig_RightHandIndex2-Matrix-animation-input">
        <float_array id="mixamorig_RightHandIndex2-Matrix-animation-input-array" count="26">

0.000000 0.033333 0.066667 0.100000 0.133333 0.166667 0.200000 0.233333 0.266667 0.300000 0.333333 0.366667 0.400000 0.433333 0.466667 0.500000
0.533333 0.566667 0.600000 0.633333 0.666667 0.700000 0.733333 0.766667 0.800000 0.833333</float_array>
        <technique_common>
          <accessor source="#mixamorig_RightHandIndex2-Matrix-animation-input-array" count="26">
            <param name="TIME" type="float"/>
          </accessor>
        </technique_common>
      </source>
      <source id="mixamorig_RightHandIndex2-Matrix-animation-output-transform">
        <float_array id="mixamorig_RightHandIndex2-Matrix-animation-output-transform-array" count="416">

0.991374 0.115312 -0.062295 0.000000 -0.070462 0.068154 -0.995183 4.698000 -0.110511 0.990988 0.075691 0.000000 0.000000 0.000000 0.000000 1.000000
0.991650 0.114107 -0.060081 0.000000 -0.070338 0.088107 -0.993624 4.698000 -0.108086 0.989554 0.095398 0.000000 0.000000 0.000000 0.000000 1.000000
0.992281 0.111129 -0.055027 0.000000 -0.069862 0.134354 -0.988468 4.698000 -0.102454 0.984682 0.141081 0.000000 0.000000 0.000000 0.000000 1.000000
0.993077 0.106904 -0.048672 0.000000 -0.068850 0.194045 -0.978574 4.698000 -0.095169 0.975150 0.200062 0.000000 0.000000 0.000000 0.000000 1.000000
0.993839 0.102320 -0.042606 0.000000 -0.067403 0.252793 -0.965170 4.698000 -0.087986 0.962095 0.258132 0.000000 0.000000 0.000000 0.000000 1.000000
0.994389 0.098634 -0.038232 0.000000 -0.066030 0.296376 -0.952786 4.698000 -0.082646 0.949964 0.301226 0.000000 0.000000 0.000000 0.000000 1.000000
0.994606 0.097086 -0.036509 0.000000 -0.065405 0.313849 -0.947218 4.698000 -0.080504 0.944496 0.318506 -0.000000 0.000000 0.000000 0.000000 1.000000
0.994543 0.097543 -0.037010 0.000000 -0.065592 0.308748 -0.948880 4.698000 -0.081130 0.946129 0.313461 0.000000 0.000000 0.000000 0.000000 1.000000
0.994381 0.098694 -0.038298 0.000000 -0.066053 0.295697 -0.952995 4.698000 -0.082730 0.950170 0.300554 0.000000 0.000000 0.000000 0.000000 1.000000
0.994135 0.100374 -0.040245 0.000000 -0.066698 0.276167 -0.958792 4.698000 -0.085123 0.955854 0.281243 -0.000000 0.000000 0.000000 0.000000 1.000000
0.993817 0.102457 -0.042776 -0.000000 -0.067449 0.251106 -0.965607 4.698000 -0.088192 0.962522 0.256464 -0.000000 0.000000 0.000000 0.000000 1.000000
0.993445 0.104764 -0.045742 0.000000 -0.068211 0.222159 -0.972622 4.698000 -0.091734 0.969366 0.227848 0.000000 0.000000 0.000000 0.000000 1.000000
0.993035 0.107142 -0.049006 0.000000 -0.068913 0.190826 -0.979202 4.698000 -0.095562 0.975759 0.196880 0.000000 0.000000 0.000000 0.000000 1.000000
0.992606 0.109471 -0.052432 -0.000000 -0.069503 0.158477 -0.984913 4.698000 -0.099510 0.981275 0.164914 0.000000 0.000000 0.000000 0.000000 1.000000
0.992180 0.111631 -0.055842 -0.000000 -0.069953 0.126780 -0.989461 4.698000 -0.103375 0.985629 0.133597 -0.000000 0.000000 0.000000 0.000000 1.000000
0.991776 0.113540 -0.059075 -0.000000 -0.070260 0.097172 -0.992785 4.698000 -0.106980 0.988770 0.104351 0.000000 0.000000 0.000000 0.000000 1.000000
0.991418 0.115126 -0.061940 -0.000000 -0.070439 0.071282 -0.994966 4.698000 -0.110131 0.990790 0.078779 0.000000 0.000000 0.000000 0.000000 1.000000
0.991134 0.116316 -0.064215 -0.000000 -0.070522 0.050937 -0.996209 4.698000 -0.112604 0.991905 0.058689 0.000000 0.000000 0.000000 0.000000 1.000000
0.990942 0.117089 -0.065757 0.000000 -0.070549 0.037259 -0.996812 4.698000 -0.114266 0.992422 0.045182 -0.000000 0.000000 0.000000 0.000000 1.000000
0.990866 0.117387 -0.066365 0.000000 -0.070554 0.031895 -0.996998 4.698000 -0.114918 0.992574 0.039886 0.000000 0.000000 0.000000 0.000000 1.000000
0.990902 0.117246 -0.066077 0.000000 -0.070553 0.034438 -0.996913 4.698000 -0.114609 0.992506 0.042396 0.000000 0.000000 0.000000 0.000000 1.000000
0.990995 0.116880 -0.065335 -0.000000 -0.070546 0.041010 -0.996665 4.698000 -0.113811 0.992299 0.048887 0.000000 0.000000 0.000000 0.000000 1.000000
0.991117 0.116385 -0.064353 0.000000 -0.070529 0.049748 -0.996268 4.698000 -0.112749 0.991957 0.057515 0.000000 0.000000 0.000000 0.000000 1.000000
0.991240 0.115879 -0.063371 0.000000 -0.070503 0.058517 -0.995794 4.698000 -0.111683 0.991538 0.066174 0.000000 0.000000 0.000000 0.000000 1.000000
0.991334 0.115484 -0.062619 0.000000 -0.070476 0.065257 -0.995377 4.698000 -0.110864 0.991163 0.072830 0.000000 0.000000 0.000000 0.000000 1.000000
0.991374 0.115313 -0.062296 0.000000 -0.070463 0.068154 -0.995183 4.698000 -0.110512 0.990988 0.075691 0.000000 0.000000 0.000000 0.000000 1.000000</float_array>
        <technique_common>
          <accessor source="#mixamorig_RightHandIndex2-Matrix-animation-output-transform-array" count="26" stride="16">
            <param type="float4x4"/>
          </accessor>
        </technique_common>
      </source>
      <source id="mixamorig_RightHandIndex2-Interpolations">
        <Name_array id="mixamorig_RightHandIndex2-Interpolations-array" count="26">
 LINEAR LINEAR LINEAR LINEAR LINEAR LINEAR LINEAR LINEAR LINEAR LINEAR LINEAR
LINEAR LINEAR LINEAR LINEAR LINEAR LINEAR LINEAR LINEAR LINEAR LINEAR LINEAR LINEAR
LINEAR LINEAR LINEAR</Name_array>
        <technique_common>
          <accessor source="#mixamorig_RightHandIndex2-Interpolations-array" count="26">
            <param type="name"/>
          </accessor>
        </technique_common>
      </source>
      <sampler id="mixamorig_RightHandIndex2-Matrix-animation-transform">
        <input semantic="INPUT" source="#mixamorig_RightHandIndex2-Matrix-animation-input"/>
        <input semantic="OUTPUT" source="#mixamorig_RightHandIndex2-Matrix-animation-output-transform"/>
        <input semantic="INTERPOLATION" source="#mixamorig_RightHandIndex2-Interpolations"/>
      </sampler>
      <channel source="#mixamorig_RightHandIndex2-Matrix-animation-transform" target="mixamorig_RightHandIndex2/matrix"/>
    </animation>
    <animation id="mixamorig_RightHandIndex3-anim" name="mixamorig_RightHandIndex3">
      <source id="mixamorig_RightHandIndex3-Matrix-animation-input">
        <float_array id="mixamorig_RightHandIndex3-Matrix-animation-input-array" count="26">

0.000000 0.033333 0.066667 0.100000 0.133333 0.166667 0.200000 0.233333 0.266667 0.300000 0.333333 0.366667 0.400000 0.433333 0.466667 0.500000
0.533333 0.566667 0.600000 0.633333 0.666667 0.700000 0.733333 0.766667 0.800000 0.833333</float_array>
        <technique_common>
          <accessor source="#mixamorig_RightHandIndex3-Matrix-animation-input-array" count="26">
            <param name="TIME" type="float"/>
          </accessor>
        </technique_common>
      </source>
      <source id="mixamorig_RightHandIndex3-Matrix-animation-output-transform">
        <float_array id="mixamorig_RightHandIndex3-Matrix-animation-output-transform-array" count="416">

1.000000 -0.000000 -0.000000 0.000000 0.000000 1.000000 0.000000 2.894000 0.000000 -0.000000 1.000000 -0.000000 0.000000 0.000000 0.000000 1.000000
1.000000 0.000000 -0.000000 0.000000 -0.000000 1.000000 -0.000000 2.894000 0.000000 0.000000 1.000000 0.000000 0.000000 0.000000 0.000000 1.000000
1.000000 -0.000000 0.000000 -0.000000 0.000000 1.000000 0.000000 2.894000 0.000000 -0.000000 1.000000 0.000000 0.000000 0.000000 0.000000 1.000000
1.000000 0.000000 -0.000000 0.000000 -0.000000 1.000000 0.000000 2.894000 0.000000 -0.000000 1.000000 0.000000 0.000000 0.000000 0.000000 1.000000
1.000000 -0.000000 -0.000000 0.000000 0.000000 1.000000 0.000000 2.894000 0.000000 -0.000000 1.000000 0.000000 0.000000 0.000000 0.000000 1.000000
1.000000 -0.000000 -0.000000 0.000000 0.000000 1.000000 0.000000 2.894000 0.000000 -0.000000 1.000000 0.000000 0.000000 0.000000 0.000000 1.000000
1.000000 0.000000 0.000000 -0.000000 -0.000000 1.000000 0.000000 2.894000 -0.000000 -0.000000 1.000000 -0.000000 0.000000 0.000000 0.000000 1.000000
1.000000 -0.000000 -0.000000 0.000000 0.000000 1.000000 0.000000 2.894000 0.000000 -0.000000 1.000000 0.000000 0.000000 0.000000 0.000000 1.000000
1.000000 -0.000000 -0.000000 0.000000 0.000000 1.000000 0.000000 2.894000 0.000000 -0.000000 1.000000 0.000000 0.000000 0.000000 0.000000 1.000000
1.000000 -0.000000 -0.000000 0.000000 0.000000 1.000000 0.000000 2.894000 0.000000 -0.000000 1.000000 0.000000 0.000000 0.000000 0.000000 1.000000
1.000000 -0.000000 0.000000 0.000000 0.000000 1.000000 -0.000000 2.894000 -0.000000 0.000000 1.000000 -0.000000 0.000000 0.000000 0.000000 1.000000
1.000000 -0.000000 0.000000 0.000000 0.000000 1.000000 0.000000 2.894000 -0.000000 -0.000000 1.000000 0.000000 0.000000 0.000000 0.000000 1.000000
1.000000 -0.000000 -0.000000 0.000000 0.000000 1.000000 0.000000 2.894000 -0.000000 -0.000000 1.000000 -0.000000 0.000000 0.000000 0.000000 1.000000
1.000000 -0.000000 -0.000000 0.000000 0.000000 1.000000 0.000000 2.894000 0.000000 -0.000000 1.000000 0.000000 0.000000 0.000000 0.000000 1.000000
1.000000 -0.000000 -0.000000 0.000000 0.000000 1.000000 0.000000 2.894000 0.000000 -0.000000 1.000000 0.000000 0.000000 0.000000 0.000000 1.000000
1.000000 -0.000000 0.000000 0.000000 0.000000 1.000000 0.000000 2.894000 0.000000 -0.000000 1.000000 0.000000 0.000000 0.000000 0.000000 1.000000
1.000000 -0.000000 -0.000000 -0.000000 0.000000 1.000000 0.000000 2.894000 0.000000 -0.000000 1.000000 0.000000 0.000000 0.000000 0.000000 1.000000
1.000000 -0.000000 0.000000 0.000000 0.000000 1.000000 -0.000000 2.894000 -0.000000 0.000000 1.000000 0.000000 0.000000 0.000000 0.000000 1.000000
1.000000 0.000000 0.000000 0.000000 -0.000000 1.000000 0.000000 2.894000 -0.000000 -0.000000 1.000000 0.000000 0.000000 0.000000 0.000000 1.000000
1.000000 0.000000 -0.000000 0.000000 -0.000000 1.000000 -0.000000 2.894000 0.000000 0.000000 1.000000 0.000000 0.000000 0.000000 0.000000 1.000000
1.000000 -0.000000 -0.000000 0.000000 0.000000 1.000000 0.000000 2.894000 0.000000 -0.000000 1.000000 0.000000 0.000000 0.000000 0.000000 1.000000
1.000000 -0.000000 -0.000000 0.000000 0.000000 1.000000 0.000000 2.894000 0.000000 -0.000000 1.000000 0.000000 0.000000 0.000000 0.000000 1.000000
1.000000 -0.000000 -0.000000 0.000000 0.000000 1.000000 0.000000 2.894000 -0.000000 -0.000000 1.000000 0.000000 0.000000 0.000000 0.000000 1.000000
1.000000 -0.000000 -0.000000 -0.000000 0.000000 1.000000 0.000000 2.894000 0.000000 -0.000000 1.000000 0.000000 0.000000 0.000000 0.000000 1.000000
1.000000 -0.000000 -0.000000 0.000000 0.000000 1.000000 0.000000 2.894000 -0.000000 -0.000000 1.000000 0.000000 0.000000 0.000000 0.000000 1.000000
1.000000 -0.000000 -0.000000 0.000000 0.000000 1.000000 0.000000 2.894000 -0.000000 -0.000000 1.000000 0.000000 0.000000 0.000000 0.000000 1.000000</float_array>
        <technique_common>
          <accessor source="#mixamorig_RightHandIndex3-Matrix-animation-output-transform-array" count="26" stride="16">
            <param type="float4x4"/>
          </accessor>
        </technique_common>
      </source>
      <source id="mixamorig_RightHandIndex3-Interpolations">
        <Name_array id="mixamorig_RightHandIndex3-Interpolations-array" count="26">
 LINEAR LINEAR LINEAR LINEAR LINEAR LINEAR LINEAR LINEAR LINEAR LINEAR LINEAR
LINEAR LINEAR LINEAR LINEAR LINEAR LINEAR LINEAR LINEAR LINEAR LINEAR LINEAR LINEAR
LINEAR LINEAR LINEAR</Name_array>
        <technique_common>
          <accessor source="#mixamorig_RightHandIndex3-Interpolations-array" count="26">
            <param type="name"/>
          </accessor>
        </technique_common>
      </source>
      <sampler id="mixamorig_RightHandIndex3-Matrix-animation-transform">
        <input semantic="INPUT" source="#mixamorig_RightHandIndex3-Matrix-animation-input"/>
        <input semantic="OUTPUT" source="#mixamorig_RightHandIndex3-Matrix-animation-output-transform"/>
        <input semantic="INTERPOLATION" source="#mixamorig_RightHandIndex3-Interpolations"/>
      </sampler>
      <channel source="#mixamorig_RightHandIndex3-Matrix-animation-transform" target="mixamorig_RightHandIndex3/matrix"/>
    </animation>
    <animation id="mixamorig_RightHandMiddle1-anim" name="mixamorig_RightHandMiddle1">
      <source id="mixamorig_RightHandMiddle1-Matrix-animation-input">
        <float_array id="mixamorig_RightHandMiddle1-Matrix-animation-input-array" count="26">

0.000000 0.033333 0.066667 0.100000 0.133333 0.166667 0.200000 0.233333 0.266667 0.300000 0.333333 0.366667 0.400000 0.433333 0.466667 0.500000
0.533333 0.566667 0.600000 0.633333 0.666667 0.700000 0.733333 0.766667 0.800000 0.833333</float_array>
        <technique_common>
          <accessor source="#mixamorig_RightHandMiddle1-Matrix-animation-input-array" count="26">
            <param name="TIME" type="float"/>
          </accessor>
        </technique_common>
      </source>
      <source id="mixamorig_RightHandMiddle1-Matrix-animation-output-transform">
        <float_array id="mixamorig_RightHandMiddle1-Matrix-animation-output-transform-array" count="416">

0.993264 0.098816 -0.060510 0.139500 -0.074402 0.143572 -0.986839 17.923901 -0.088828 0.984694 0.149957 0.051600 0.000000 0.000000 0.000000 1.000000
0.993450 0.098051 -0.058671 0.139500 -0.074223 0.163368 -0.983769 17.923901 -0.086874 0.981681 0.169576 0.051600 0.000000 0.000000 0.000000 1.000000
0.993886 0.096094 -0.054370 0.139500 -0.073563 0.209136 -0.975116 17.923901 -0.082332 0.973154 0.214926 0.051600 0.000000 0.000000 0.000000 1.000000
0.994440 0.093250 -0.048920 0.139500 -0.072388 0.267967 -0.960705 17.923901 -0.076476 0.958905 0.273227 0.051600 0.000000 0.000000 0.000000 1.000000
0.994975 0.090093 -0.043671 0.139500 -0.070865 0.325583 -0.942854 17.923901 -0.070726 0.941211 0.330332 0.051600 0.000000 0.000000 0.000000 1.000000
0.995366 0.087513 -0.039856 0.139500 -0.069492 0.368141 -0.927169 17.923901 -0.066467 0.925642 0.372517 0.051600 0.000000 0.000000 0.000000 1.000000
0.995521 0.086419 -0.038345 0.139500 -0.068881 0.385156 -0.920277 17.923901 -0.064761 0.918796 0.389383 0.051600 0.000000 0.000000 0.000000 1.000000
0.995476 0.086742 -0.038784 0.139500 -0.069063 0.380191 -0.922326 17.923901 -0.065259 0.920831 0.384462 0.051600 0.000000 0.000000 0.000000 1.000000
0.995360 0.087554 -0.039914 0.139500 -0.069515 0.367479 -0.927430 17.923901 -0.066533 0.925901 0.371860 0.051600 0.000000 0.000000 0.000000 1.000000
0.995185 0.088735 -0.041616 0.139500 -0.070155 0.348428 -0.934706 17.923901 -0.068441 0.933126 0.352976 0.051600 0.000000 0.000000 0.000000 1.000000
0.994960 0.090189 -0.043821 0.139500 -0.070914 0.323933 -0.943419 17.923901 -0.070891 0.941771 0.328696 0.051600 0.000000 0.000000 0.000000 1.000000
0.994698 0.091785 -0.046393 0.139500 -0.071705 0.295575 -0.952625 17.923901 -0.073724 0.950900 0.300589 0.051600 0.000000 0.000000 0.000000 1.000000
0.994411 0.093413 -0.049210 0.139500 -0.072460 0.264802 -0.961577 17.923901 -0.076793 0.959768 0.270091 0.051600 0.000000 0.000000 0.000000 1.000000
0.994111 0.094987 -0.052152 0.139500 -0.073131 0.232949 -0.969735 17.923901 -0.079964 0.967839 0.238524 0.051600 0.000000 0.000000 0.000000 1.000000
0.993815 0.096428 -0.055069 0.139500 -0.073686 0.201658 -0.976680 17.923901 -0.083075 0.974698 0.207516 0.051600 0.000000 0.000000 0.000000 1.000000
0.993536 0.097683 -0.057822 0.139500 -0.074111 0.172358 -0.982242 17.923901 -0.085982 0.980179 0.178484 0.051600 0.000000 0.000000 0.000000 1.000000
0.993290 0.098710 -0.060252 0.139500 -0.074410 0.146682 -0.986381 17.923901 -0.088528 0.984246 0.153043 0.051600 0.000000 0.000000 0.000000 1.000000
0.993097 0.099466 -0.062163 0.139500 -0.074584 0.126470 -0.989163 17.923901 -0.090526 0.986971 0.133016 0.051600 0.000000 0.000000 0.000000 1.000000
0.992970 0.099942 -0.063428 0.139500 -0.074649 0.112862 -0.990803 17.923901 -0.091864 0.988572 0.119529 0.051600 0.000000 0.000000 0.000000 1.000000
0.992921 0.100109 -0.063926 0.139500 -0.074668 0.107522 -0.991395 17.923901 -0.092374 0.989150 0.114236 0.051600 0.000000 0.000000 0.000000 1.000000
0.992945 0.100021 -0.063689 0.139500 -0.074658 0.110053 -0.991118 17.923901 -0.092123 0.988880 0.116744 0.051600 0.000000 0.000000 0.000000 1.000000
0.993005 0.099814 -0.063079 0.139500 -0.074632 0.116594 -0.990372 17.923901 -0.091498 0.988151 0.123228 0.051600 0.000000 0.000000 0.000000 1.000000
0.993084 0.099515 -0.062289 0.139500 -0.074607 0.125285 -0.989312 17.923901 -0.090647 0.987117 0.131843 0.051600 0.000000 0.000000 0.000000 1.000000
0.993164 0.099210 -0.061503 0.139500 -0.074580 0.133999 -0.988171 17.923901 -0.089795 0.986003 0.140482 0.051600 0.000000 0.000000 0.000000 1.000000
0.993224 0.098984 -0.060897 0.139500 -0.074551 0.140695 -0.987242 17.923901 -0.089153 0.985093 0.147121 0.051600 0.000000 0.000000 0.000000 1.000000
0.993247 0.098921 -0.060623 0.139500 -0.074530 0.143573 -0.986829 17.923901 -0.088914 0.984683 0.149976 0.051600 0.000000 0.000000 0.000000 1.000000</float_array>
        <technique_common>
          <accessor source="#mixamorig_RightHandMiddle1-Matrix-animation-output-transform-array" count="26" stride="16">
            <param type="float4x4"/>
          </accessor>
        </technique_common>
      </source>
      <source id="mixamorig_RightHandMiddle1-Interpolations">
        <Name_array id="mixamorig_RightHandMiddle1-Interpolations-array" count="26">
 LINEAR LINEAR LINEAR LINEAR LINEAR LINEAR LINEAR LINEAR LINEAR LINEAR LINEAR
LINEAR LINEAR LINEAR LINEAR LINEAR LINEAR LINEAR LINEAR LINEAR LINEAR LINEAR LINEAR
LINEAR LINEAR LINEAR</Name_array>
        <technique_common>
          <accessor source="#mixamorig_RightHandMiddle1-Interpolations-array" count="26">
            <param type="name"/>
          </accessor>
        </technique_common>
      </source>
      <sampler id="mixamorig_RightHandMiddle1-Matrix-animation-transform">
        <input semantic="INPUT" source="#mixamorig_RightHandMiddle1-Matrix-animation-input"/>
        <input semantic="OUTPUT" source="#mixamorig_RightHandMiddle1-Matrix-animation-output-transform"/>
        <input semantic="INTERPOLATION" source="#mixamorig_RightHandMiddle1-Interpolations"/>
      </sampler>
      <channel source="#mixamorig_RightHandMiddle1-Matrix-animation-transform" target="mixamorig_RightHandMiddle1/matrix"/>
    </animation>
    <animation id="mixamorig_RightHandMiddle2-anim" name="mixamorig_RightHandMiddle2">
      <source id="mixamorig_RightHandMiddle2-Matrix-animation-input">
        <float_array id="mixamorig_RightHandMiddle2-Matrix-animation-input-array" count="26">

0.000000 0.033333 0.066667 0.100000 0.133333 0.166667 0.200000 0.233333 0.266667 0.300000 0.333333 0.366667 0.400000 0.433333 0.466667 0.500000
0.533333 0.566667 0.600000 0.633333 0.666667 0.700000 0.733333 0.766667 0.800000 0.833333</float_array>
        <technique_common>
          <accessor source="#mixamorig_RightHandMiddle2-Matrix-animation-input-array" count="26">
            <param name="TIME" type="float"/>
          </accessor>
        </technique_common>
      </source>
      <source id="mixamorig_RightHandMiddle2-Matrix-animation-output-transform">
        <float_array id="mixamorig_RightHandMiddle2-Matrix-animation-output-transform-array" count="416">

0.991339 0.109571 -0.072400 -0.000000 -0.090959 0.175197 -0.980323 5.002000 -0.094731 0.978417 0.183646 -0.000000 0.000000 0.000000 0.000000 1.000000
0.991572 0.108815 -0.070323 -0.000000 -0.090650 0.194890 -0.976627 5.002000 -0.092566 0.974770 0.203111 -0.000000 0.000000 0.000000 0.000000 1.000000
0.992107 0.106895 -0.065555 -0.000000 -0.089762 0.240363 -0.966524 5.002000 -0.087559 0.964779 0.248061 -0.000000 0.000000 0.000000 0.000000 1.000000
0.992789 0.104064 -0.059498 0.000000 -0.088259 0.298704 -0.950256 5.002000 -0.081115 0.948655 0.305735 0.000000 0.000000 0.000000 0.000000 1.000000
0.993451 0.100885 -0.053645 -0.000000 -0.086375 0.355725 -0.930591 5.002000 -0.074800 0.929130 0.362109 -0.000000 0.000000 0.000000 0.000000 1.000000
0.993935 0.098263 -0.049376 0.000000 -0.084708 0.397761 -0.913570 5.002000 -0.070131 0.912212 0.403672 -0.000000 0.000000 0.000000 0.000000 1.000000
0.994127 0.097147 -0.047682 0.000000 -0.083973 0.414548 -0.906145 5.002000 -0.068263 0.904827 0.420272 0.000000 0.000000 0.000000 0.000000 1.000000
0.994071 0.097478 -0.048176 0.000000 -0.084191 0.409652 -0.908349 5.002000 -0.068808 0.907019 0.415430 -0.000000 0.000000 0.000000 0.000000 1.000000
0.993927 0.098306 -0.049441 0.000000 -0.084735 0.397108 -0.913852 5.002000 -0.070203 0.912492 0.403027 0.000000 0.000000 0.000000 0.000000 1.000000
0.993711 0.099507 -0.051347 0.000000 -0.085509 0.378299 -0.921726 5.002000 -0.072294 0.920320 0.384428 -0.000000 0.000000 0.000000 0.000000 1.000000
0.993432 0.100981 -0.053810 -0.000000 -0.086433 0.354092 -0.931208 5.002000 -0.074981 0.929743 0.360495 -0.000000 0.000000 0.000000 0.000000 1.000000
0.993107 0.102592 -0.056681 0.000000 -0.087406 0.326041 -0.941306 5.002000 -0.078090 0.939772 0.332761 0.000000 0.000000 0.000000 0.000000 1.000000
0.992753 0.104226 -0.059818 0.000000 -0.088346 0.295567 -0.951228 5.002000 -0.081463 0.949619 0.302633 0.000000 0.000000 0.000000 0.000000 1.000000
0.992384 0.105797 -0.063090 0.000000 -0.089200 0.263988 -0.960392 5.002000 -0.084951 0.958706 0.271415 0.000000 0.000000 0.000000 0.000000 1.000000
0.992020 0.107223 -0.066326 0.000000 -0.089918 0.232931 -0.968327 5.002000 -0.088377 0.966564 0.240714 0.000000 0.000000 0.000000 0.000000 1.000000
0.991678 0.108454 -0.069377 0.000000 -0.090488 0.203821 -0.974817 5.002000 -0.091583 0.972982 0.211939 0.000000 0.000000 0.000000 0.000000 1.000000
0.991376 0.109454 -0.072066 -0.000000 -0.090906 0.178287 -0.979770 5.002000 -0.094391 0.977872 0.186699 0.000000 0.000000 0.000000 0.000000 1.000000
0.991138 0.110188 -0.074194 -0.000000 -0.091183 0.158172 -0.983192 5.002000 -0.096601 0.981244 0.166818 -0.000000 0.000000 0.000000 0.000000 1.000000
0.990977 0.110655 -0.075626 0.000000 -0.091339 0.144621 -0.985262 5.002000 -0.098087 0.983280 0.153424 0.000000 0.000000 0.000000 0.000000 1.000000
0.990916 0.110827 -0.076171 0.000000 -0.091375 0.139303 -0.986025 5.002000 -0.098667 0.984029 0.148164 0.000000 0.000000 0.000000 0.000000 1.000000
0.990945 0.110746 -0.075911 0.000000 -0.091357 0.141825 -0.985667 5.002000 -0.098392 0.983677 0.150658 -0.000000 0.000000 0.000000 0.000000 1.000000
0.991021 0.110531 -0.075239 0.000000 -0.091305 0.148340 -0.984713 5.002000 -0.097680 0.982740 0.157100 -0.000000 0.000000 0.000000 0.000000 1.000000
0.991123 0.110231 -0.074324 0.000000 -0.091204 0.156994 -0.983379 5.002000 -0.096730 0.981429 0.165653 0.000000 0.000000 0.000000 0.000000 1.000000
0.991226 0.109921 -0.073406 0.000000 -0.091093 0.165671 -0.981965 5.002000 -0.095777 0.980036 0.174231 -0.000000 0.000000 0.000000 0.000000 1.000000
0.991300 0.109694 -0.072746 0.000000 -0.091047 0.172334 -0.980822 5.002000 -0.095054 0.978912 0.180822 0.000000 0.000000 0.000000 0.000000 1.000000
0.991329 0.109623 -0.072460 0.000000 -0.091029 0.175198 -0.980316 5.002000 -0.094770 0.978411 0.183657 0.000000 0.000000 0.000000 0.000000 1.000000</float_array>
        <technique_common>
          <accessor source="#mixamorig_RightHandMiddle2-Matrix-animation-output-transform-array" count="26" stride="16">
            <param type="float4x4"/>
          </accessor>
        </technique_common>
      </source>
      <source id="mixamorig_RightHandMiddle2-Interpolations">
        <Name_array id="mixamorig_RightHandMiddle2-Interpolations-array" count="26">
 LINEAR LINEAR LINEAR LINEAR LINEAR LINEAR LINEAR LINEAR LINEAR LINEAR LINEAR
LINEAR LINEAR LINEAR LINEAR LINEAR LINEAR LINEAR LINEAR LINEAR LINEAR LINEAR LINEAR
LINEAR LINEAR LINEAR</Name_array>
        <technique_common>
          <accessor source="#mixamorig_RightHandMiddle2-Interpolations-array" count="26">
            <param type="name"/>
          </accessor>
        </technique_common>
      </source>
      <sampler id="mixamorig_RightHandMiddle2-Matrix-animation-transform">
        <input semantic="INPUT" source="#mixamorig_RightHandMiddle2-Matrix-animation-input"/>
        <input semantic="OUTPUT" source="#mixamorig_RightHandMiddle2-Matrix-animation-output-transform"/>
        <input semantic="INTERPOLATION" source="#mixamorig_RightHandMiddle2-Interpolations"/>
      </sampler>
      <channel source="#mixamorig_RightHandMiddle2-Matrix-animation-transform" target="mixamorig_RightHandMiddle2/matrix"/>
    </animation>
    <animation id="mixamorig_RightHandMiddle3-anim" name="mixamorig_RightHandMiddle3">
      <source id="mixamorig_RightHandMiddle3-Matrix-animation-input">
        <float_array id="mixamorig_RightHandMiddle3-Matrix-animation-input-array" count="26">

0.000000 0.033333 0.066667 0.100000 0.133333 0.166667 0.200000 0.233333 0.266667 0.300000 0.333333 0.366667 0.400000 0.433333 0.466667 0.500000
0.533333 0.566667 0.600000 0.633333 0.666667 0.700000 0.733333 0.766667 0.800000 0.833333</float_array>
        <technique_common>
          <accessor source="#mixamorig_RightHandMiddle3-Matrix-animation-input-array" count="26">
            <param name="TIME" type="float"/>
          </accessor>
        </technique_common>
      </source>
      <source id="mixamorig_RightHandMiddle3-Matrix-animation-output-transform">
        <float_array id="mixamorig_RightHandMiddle3-Matrix-animation-output-transform-array" count="416">

1.000000 0.000000 0.000000 0.000000 -0.000000 1.000000 0.000000 3.279000 -0.000000 -0.000000 1.000000 0.000000 0.000000 0.000000 0.000000 1.000000
1.000000 0.000000 -0.000000 -0.000000 -0.000000 1.000000 -0.000000 3.279000 0.000000 0.000000 1.000000 0.000000 0.000000 0.000000 0.000000 1.000000
1.000000 0.000000 -0.000000 0.000000 -0.000000 1.000000 -0.000000 3.279000 -0.000000 0.000000 1.000000 0.000000 0.000000 0.000000 0.000000 1.000000
1.000000 0.000000 0.000000 0.000000 -0.000000 1.000000 0.000000 3.279000 -0.000000 -0.000000 1.000000 0.000000 0.000000 0.000000 0.000000 1.000000
1.000000 0.000000 0.000000 0.000000 -0.000000 1.000000 -0.000000 3.279000 -0.000000 0.000000 1.000000 0.000000 0.000000 0.000000 0.000000 1.000000
1.000000 0.000000 0.000000 0.000000 -0.000000 1.000000 -0.000000 3.279000 -0.000000 0.000000 1.000000 -0.000000 0.000000 0.000000 0.000000 1.000000
1.000000 0.000000 0.000000 0.000000 -0.000000 1.000000 -0.000000 3.279000 -0.000000 0.000000 1.000000 0.000000 0.000000 0.000000 0.000000 1.000000
1.000000 0.000000 -0.000000 0.000000 -0.000000 1.000000 -0.000000 3.279000 0.000000 0.000000 1.000000 -0.000000 0.000000 0.000000 0.000000 1.000000
1.000000 0.000000 -0.000000 0.000000 -0.000000 1.000000 -0.000000 3.279000 0.000000 0.000000 1.000000 0.000000 0.000000 0.000000 0.000000 1.000000
1.000000 0.000000 0.000000 0.000000 -0.000000 1.000000 -0.000000 3.279000 0.000000 0.000000 1.000000 0.000000 0.000000 0.000000 0.000000 1.000000
1.000000 0.000000 0.000000 0.000000 -0.000000 1.000000 -0.000000 3.279000 -0.000000 0.000000 1.000000 0.000000 0.000000 0.000000 0.000000 1.000000
1.000000 0.000000 -0.000000 0.000000 -0.000000 1.000000 -0.000000 3.279000 0.000000 0.000000 1.000000 -0.000000 0.000000 0.000000 0.000000 1.000000
1.000000 0.000000 0.000000 -0.000000 -0.000000 1.000000 -0.000000 3.279000 -0.000000 0.000000 1.000000 0.000000 0.000000 0.000000 0.000000 1.000000
1.000000 0.000000 0.000000 0.000000 -0.000000 1.000000 -0.000000 3.279000 -0.000000 0.000000 1.000000 0.000000 0.000000 0.000000 0.000000 1.000000
1.000000 0.000000 -0.000000 0.000000 -0.000000 1.000000 -0.000000 3.279000 -0.000000 0.000000 1.000000 0.000000 0.000000 0.000000 0.000000 1.000000
1.000000 0.000000 -0.000000 -0.000000 -0.000000 1.000000 0.000000 3.279000 0.000000 -0.000000 1.000000 0.000000 0.000000 0.000000 0.000000 1.000000
1.000000 0.000000 0.000000 -0.000000 -0.000000 1.000000 -0.000000 3.279000 -0.000000 0.000000 1.000000 0.000000 0.000000 0.000000 0.000000 1.000000
1.000000 0.000000 0.000000 0.000000 -0.000000 1.000000 -0.000000 3.279000 -0.000000 0.000000 1.000000 0.000000 0.000000 0.000000 0.000000 1.000000
1.000000 0.000000 0.000000 0.000000 -0.000000 1.000000 -0.000000 3.279000 0.000000 0.000000 1.000000 0.000000 0.000000 0.000000 0.000000 1.000000
1.000000 0.000000 0.000000 0.000000 -0.000000 1.000000 -0.000000 3.279000 -0.000000 0.000000 1.000000 0.000000 0.000000 0.000000 0.000000 1.000000
1.000000 -0.000000 0.000000 0.000000 0.000000 1.000000 0.000000 3.279000 -0.000000 -0.000000 1.000000 0.000000 0.000000 0.000000 0.000000 1.000000
1.000000 0.000000 0.000000 0.000000 -0.000000 1.000000 -0.000000 3.279000 0.000000 0.000000 1.000000 0.000000 0.000000 0.000000 0.000000 1.000000
1.000000 -0.000000 0.000000 0.000000 0.000000 1.000000 0.000000 3.279000 -0.000000 -0.000000 1.000000 0.000000 0.000000 0.000000 0.000000 1.000000
1.000000 0.000000 0.000000 0.000000 -0.000000 1.000000 -0.000000 3.279000 0.000000 0.000000 1.000000 0.000000 0.000000 0.000000 0.000000 1.000000
1.000000 0.000000 0.000000 0.000000 -0.000000 1.000000 -0.000000 3.279000 0.000000 0.000000 1.000000 -0.000000 0.000000 0.000000 0.000000 1.000000
1.000000 -0.000000 0.000000 0.000000 0.000000 1.000000 -0.000000 3.279000 -0.000000 0.000000 1.000000 0.000000 0.000000 0.000000 0.000000 1.000000</float_array>
        <technique_common>
          <accessor source="#mixamorig_RightHandMiddle3-Matrix-animation-output-transform-array" count="26" stride="16">
            <param type="float4x4"/>
          </accessor>
        </technique_common>
      </source>
      <source id="mixamorig_RightHandMiddle3-Interpolations">
        <Name_array id="mixamorig_RightHandMiddle3-Interpolations-array" count="26">
 LINEAR LINEAR LINEAR LINEAR LINEAR LINEAR LINEAR LINEAR LINEAR LINEAR LINEAR
LINEAR LINEAR LINEAR LINEAR LINEAR LINEAR LINEAR LINEAR LINEAR LINEAR LINEAR LINEAR
LINEAR LINEAR LINEAR</Name_array>
        <technique_common>
          <accessor source="#mixamorig_RightHandMiddle3-Interpolations-array" count="26">
            <param type="name"/>
          </accessor>
        </technique_common>
      </source>
      <sampler id="mixamorig_RightHandMiddle3-Matrix-animation-transform">
        <input semantic="INPUT" source="#mixamorig_RightHandMiddle3-Matrix-animation-input"/>
        <input semantic="OUTPUT" source="#mixamorig_RightHandMiddle3-Matrix-animation-output-transform"/>
        <input semantic="INTERPOLATION" source="#mixamorig_RightHandMiddle3-Interpolations"/>
      </sampler>
      <channel source="#mixamorig_RightHandMiddle3-Matrix-animation-transform" target="mixamorig_RightHandMiddle3/matrix"/>
    </animation>
    <animation id="mixamorig_RightHandRing1-anim" name="mixamorig_RightHandRing1">
      <source id="mixamorig_RightHandRing1-Matrix-animation-input">
        <float_array id="mixamorig_RightHandRing1-Matrix-animation-input-array" count="26">

0.000000 0.033333 0.066667 0.100000 0.133333 0.166667 0.200000 0.233333 0.266667 0.300000 0.333333 0.366667 0.400000 0.433333 0.466667 0.500000
0.533333 0.566667 0.600000 0.633333 0.666667 0.700000 0.733333 0.766667 0.800000 0.833333</float_array>
        <technique_common>
          <accessor source="#mixamorig_RightHandRing1-Matrix-animation-input-array" count="26">
            <param name="TIME" type="float"/>
          </accessor>
        </technique_common>
      </source>
      <source id="mixamorig_RightHandRing1-Matrix-animation-output-transform">
        <float_array id="mixamorig_RightHandRing1-Matrix-animation-output-transform-array" count="416">

0.995806 0.051531 0.075601 -3.988400 0.071775 0.072442 -0.994787 15.764000 -0.056739 0.996041 0.068440 0.151600 0.000000 0.000000 0.000000 1.000000
0.995863 0.048584 0.076787 -3.988400 0.072077 0.092208 -0.993128 15.764000 -0.055330 0.994554 0.088325 0.151600 0.000000 0.000000 0.000000 1.000000
0.995984 0.041680 0.079233 -3.988400 0.072803 0.138018 -0.987750 15.764000 -0.052105 0.989552 0.134429 0.151600 0.000000 0.000000 0.000000 1.000000
0.996107 0.032543 0.081931 -3.988400 0.073967 0.197128 -0.977583 15.764000 -0.047964 0.979837 0.193953 0.151600 0.000000 0.000000 0.000000 1.000000
0.996188 0.023297 0.084065 -3.988400 0.075372 0.255279 -0.963925 15.764000 -0.043916 0.966587 0.252550 0.151600 0.000000 0.000000 0.000000 1.000000
0.996222 0.016268 0.085300 -3.988400 0.076586 0.298404 -0.951362 15.764000 -0.040931 0.954301 0.296031 0.151600 0.000000 0.000000 0.000000 1.000000
0.996230 0.013409 0.085709 -3.988400 0.077114 0.315688 -0.945724 15.764000 -0.039739 0.948768 0.313464 0.151600 0.000000 0.000000 0.000000 1.000000
0.996228 0.014246 0.085594 -3.988400 0.076957 0.310643 -0.947406 15.764000 -0.040087 0.950420 0.308375 0.151600 0.000000 0.000000 0.000000 1.000000
0.996222 0.016379 0.085284 -3.988400 0.076566 0.297733 -0.951574 15.764000 -0.040978 0.954509 0.295354 0.151600 0.000000 0.000000 0.000000 1.000000
0.996209 0.019546 0.084765 -3.988400 0.076005 0.278410 -0.957450 15.764000 -0.042313 0.960263 0.275869 0.151600 0.000000 0.000000 0.000000 1.000000
0.996186 0.023565 0.084010 -3.988400 0.075328 0.253610 -0.964369 15.764000 -0.044032 0.967019 0.250868 0.151600 0.000000 0.000000 0.000000 1.000000
0.996150 0.028150 0.083018 -3.988400 0.074607 0.224960 -0.971507 15.764000 -0.046024 0.973961 0.221994 0.151600 0.000000 0.000000 0.000000 1.000000
0.996101 0.033042 0.081800 -3.988400 0.073898 0.193942 -0.978226 15.764000 -0.048187 0.980456 0.190744 0.151600 0.000000 0.000000 0.000000 1.000000
0.996038 0.038018 0.080388 -3.988400 0.073243 0.161912 -0.984083 15.764000 -0.050429 0.986073 0.158486 0.151600 0.000000 0.000000 0.000000 1.000000
0.995966 0.042820 0.078855 -3.988400 0.072674 0.130522 -0.988778 15.764000 -0.052632 0.990520 0.126883 0.151600 0.000000 0.000000 0.000000 1.000000
0.995889 0.047241 0.077291 -3.988400 0.072208 0.101195 -0.992243 15.764000 -0.054696 0.993744 0.097367 0.151600 0.000000 0.000000 0.000000 1.000000
0.995813 0.051058 0.075822 -3.988400 0.071852 0.075544 -0.994550 15.764000 -0.056508 0.995834 0.071559 0.151600 0.000000 0.000000 0.000000 1.000000
0.995750 0.054029 0.074587 -3.988400 0.071593 0.055387 -0.995895 15.764000 -0.057938 0.997002 0.051284 0.151600 0.000000 0.000000 0.000000 1.000000
0.995706 0.056017 0.073701 -3.988400 0.071411 0.041833 -0.996569 15.764000 -0.058908 0.997553 0.037653 0.151600 0.000000 0.000000 0.000000 1.000000
0.995687 0.056805 0.073347 -3.988400 0.071344 0.036520 -0.996783 15.764000 -0.059300 0.997717 0.032310 0.151600 0.000000 0.000000 0.000000 1.000000
0.995696 0.056429 0.073519 -3.988400 0.071380 0.039038 -0.996685 15.764000 -0.059112 0.997643 0.034843 0.151600 0.000000 0.000000 0.000000 1.000000
0.995717 0.055468 0.073963 -3.988400 0.071477 0.045549 -0.996402 15.764000 -0.058638 0.997421 0.041389 0.151600 0.000000 0.000000 0.000000 1.000000
0.995744 0.054188 0.074552 -3.988400 0.071618 0.054203 -0.995958 15.764000 -0.058010 0.997059 0.050092 0.151600 0.000000 0.000000 0.000000 1.000000
0.995770 0.052895 0.075127 -3.988400 0.071762 0.062887 -0.995437 15.764000 -0.057378 0.996618 0.058826 0.151600 0.000000 0.000000 0.000000 1.000000
0.995790 0.051890 0.075561 -3.988400 0.071875 0.069561 -0.994985 15.764000 -0.056886 0.996227 0.065539 0.151600 0.000000 0.000000 0.000000 1.000000
0.995801 0.051424 0.075732 -3.988400 0.071915 0.072426 -0.994778 15.764000 -0.056640 0.996047 0.068423 0.151600 0.000000 0.000000 0.000000 1.000000</float_array>
        <technique_common>
          <accessor source="#mixamorig_RightHandRing1-Matrix-animation-output-transform-array" count="26" stride="16">
            <param type="float4x4"/>
          </accessor>
        </technique_common>
      </source>
      <source id="mixamorig_RightHandRing1-Interpolations">
        <Name_array id="mixamorig_RightHandRing1-Interpolations-array" count="26">
 LINEAR LINEAR LINEAR LINEAR LINEAR LINEAR LINEAR LINEAR LINEAR LINEAR LINEAR
LINEAR LINEAR LINEAR LINEAR LINEAR LINEAR LINEAR LINEAR LINEAR LINEAR LINEAR LINEAR
LINEAR LINEAR LINEAR</Name_array>
        <technique_common>
          <accessor source="#mixamorig_RightHandRing1-Interpolations-array" count="26">
            <param type="name"/>
          </accessor>
        </technique_common>
      </source>
      <sampler id="mixamorig_RightHandRing1-Matrix-animation-transform">
        <input semantic="INPUT" source="#mixamorig_RightHandRing1-Matrix-animation-input"/>
        <input semantic="OUTPUT" source="#mixamorig_RightHandRing1-Matrix-animation-output-transform"/>
        <input semantic="INTERPOLATION" source="#mixamorig_RightHandRing1-Interpolations"/>
      </sampler>
      <channel source="#mixamorig_RightHandRing1-Matrix-animation-transform" target="mixamorig_RightHandRing1/matrix"/>
    </animation>
    <animation id="mixamorig_RightHandRing2-anim" name="mixamorig_RightHandRing2">
      <source id="mixamorig_RightHandRing2-Matrix-animation-input">
        <float_array id="mixamorig_RightHandRing2-Matrix-animation-input-array" count="26">

0.000000 0.033333 0.066667 0.100000 0.133333 0.166667 0.200000 0.233333 0.266667 0.300000 0.333333 0.366667 0.400000 0.433333 0.466667 0.500000
0.533333 0.566667 0.600000 0.633333 0.666667 0.700000 0.733333 0.766667 0.800000 0.833333</float_array>
        <technique_common>
          <accessor source="#mixamorig_RightHandRing2-Matrix-animation-input-array" count="26">
            <param name="TIME" type="float"/>
          </accessor>
        </technique_common>
      </source>
      <source id="mixamorig_RightHandRing2-Matrix-animation-output-transform">
        <float_array id="mixamorig_RightHandRing2-Matrix-animation-output-transform-array" count="416">

0.995553 0.055976 -0.075775 -0.000000 -0.082471 0.129023 -0.988206 3.498000 -0.045539 0.990061 0.133065 0.000000 0.000000 0.000000 0.000000 1.000000
0.995635 0.056245 -0.074479 -0.000000 -0.082126 0.148865 -0.985441 3.498000 -0.044339 0.987257 0.152834 -0.000000 0.000000 0.000000 0.000000 1.000000
0.995828 0.056769 -0.071446 0.000000 -0.081233 0.194757 -0.977482 3.498000 -0.041576 0.979207 0.198556 0.000000 0.000000 0.000000 0.000000 1.000000
0.996078 0.057234 -0.067473 -0.000000 -0.079880 0.253793 -0.963955 3.498000 -0.038047 0.965564 0.257369 0.000000 0.000000 0.000000 0.000000 1.000000
0.996327 0.057459 -0.063493 0.000000 -0.078321 0.311669 -0.946957 3.498000 -0.034622 0.948452 0.315024 0.000000 0.000000 0.000000 0.000000 1.000000
0.996513 0.057468 -0.060496 0.000000 -0.077015 0.354455 -0.931896 3.498000 -0.032111 0.933305 0.357645 0.000000 0.000000 0.000000 0.000000 1.000000
0.996588 0.057434 -0.059283 0.000000 -0.076453 0.371570 -0.925252 3.498000 -0.031113 0.926627 0.374693 0.000000 0.000000 0.000000 0.000000 1.000000
0.996566 0.057446 -0.059638 0.000000 -0.076619 0.366576 -0.927228 3.498000 -0.031404 0.928613 0.369718 -0.000000 0.000000 0.000000 0.000000 1.000000
0.996510 0.057469 -0.060542 -0.000000 -0.077035 0.353790 -0.932147 3.498000 -0.032151 0.933558 0.356982 0.000000 0.000000 0.000000 0.000000 1.000000
0.996426 0.057480 -0.061889 0.000000 -0.077635 0.334632 -0.939145 3.498000 -0.033272 0.940594 0.337899 0.000000 0.000000 0.000000 0.000000 1.000000
0.996320 0.057455 -0.063607 -0.000000 -0.078367 0.310009 -0.947498 3.498000 -0.034720 0.948996 0.313371 0.000000 0.000000 0.000000 0.000000 1.000000
0.996197 0.057370 -0.065574 0.000000 -0.079159 0.281517 -0.956286 3.498000 -0.036402 0.957840 0.284988 0.000000 0.000000 0.000000 0.000000 1.000000
0.996065 0.057215 -0.067684 0.000000 -0.079954 0.250614 -0.964780 3.498000 -0.038237 0.966395 0.254202 0.000000 0.000000 0.000000 0.000000 1.000000
0.995929 0.056984 -0.069843 0.000000 -0.080707 0.218642 -0.972462 3.498000 -0.040144 0.974140 0.222351 -0.000000 0.000000 0.000000 0.000000 1.000000
0.995797 0.056690 -0.071939 0.000000 -0.081381 0.187250 -0.978935 3.498000 -0.042026 0.980675 0.191077 -0.000000 0.000000 0.000000 0.000000 1.000000
0.995673 0.056358 -0.073880 0.000000 -0.081954 0.157871 -0.984053 3.498000 -0.043795 0.985850 0.161807 0.000000 0.000000 0.000000 0.000000 1.000000
0.995566 0.056020 -0.075564 0.000000 -0.082410 0.132134 -0.987800 3.498000 -0.045352 0.989648 0.136165 0.000000 0.000000 0.000000 0.000000 1.000000
0.995482 0.055724 -0.076879 -0.000000 -0.082739 0.111883 -0.990271 3.498000 -0.046581 0.992158 0.115988 0.000000 0.000000 0.000000 0.000000 1.000000
0.995425 0.055511 -0.077762 0.000000 -0.082950 0.098251 -0.991699 3.498000 -0.047410 0.993612 0.102407 -0.000000 0.000000 0.000000 0.000000 1.000000
0.995401 0.055447 -0.078119 0.000000 -0.083044 0.092903 -0.992206 3.498000 -0.047757 0.994130 0.097081 0.000000 0.000000 0.000000 0.000000 1.000000
0.995412 0.055477 -0.077954 0.000000 -0.083003 0.095439 -0.991969 3.498000 -0.047591 0.993888 0.099606 0.000000 0.000000 0.000000 0.000000 1.000000
0.995441 0.055571 -0.077520 0.000000 -0.082893 0.101991 -0.991326 3.498000 -0.047182 0.993232 0.106133 0.000000 0.000000 0.000000 0.000000 1.000000
0.995477 0.055706 -0.076958 0.000000 -0.082760 0.110698 -0.990402 3.498000 -0.046652 0.992292 0.114808 0.000000 0.000000 0.000000 0.000000 1.000000
0.995513 0.055837 -0.076396 0.000000 -0.082625 0.119431 -0.989398 3.498000 -0.046121 0.991271 0.123508 -0.000000 0.000000 0.000000 0.000000 1.000000
0.995545 0.055919 -0.075922 0.000000 -0.082476 0.126139 -0.988578 3.498000 -0.045704 0.990435 0.130189 0.000000 0.000000 0.000000 0.000000 1.000000
0.995559 0.055929 -0.075719 0.000000 -0.082409 0.129023 -0.988212 3.498000 -0.045501 0.990063 0.133059 0.000000 0.000000 0.000000 0.000000 1.000000</float_array>
        <technique_common>
          <accessor source="#mixamorig_RightHandRing2-Matrix-animation-output-transform-array" count="26" stride="16">
            <param type="float4x4"/>
          </accessor>
        </technique_common>
      </source>
      <source id="mixamorig_RightHandRing2-Interpolations">
        <Name_array id="mixamorig_RightHandRing2-Interpolations-array" count="26">
 LINEAR LINEAR LINEAR LINEAR LINEAR LINEAR LINEAR LINEAR LINEAR LINEAR LINEAR
LINEAR LINEAR LINEAR LINEAR LINEAR LINEAR LINEAR LINEAR LINEAR LINEAR LINEAR LINEAR
LINEAR LINEAR LINEAR</Name_array>
        <technique_common>
          <accessor source="#mixamorig_RightHandRing2-Interpolations-array" count="26">
            <param type="name"/>
          </accessor>
        </technique_common>
      </source>
      <sampler id="mixamorig_RightHandRing2-Matrix-animation-transform">
        <input semantic="INPUT" source="#mixamorig_RightHandRing2-Matrix-animation-input"/>
        <input semantic="OUTPUT" source="#mixamorig_RightHandRing2-Matrix-animation-output-transform"/>
        <input semantic="INTERPOLATION" source="#mixamorig_RightHandRing2-Interpolations"/>
      </sampler>
      <channel source="#mixamorig_RightHandRing2-Matrix-animation-transform" target="mixamorig_RightHandRing2/matrix"/>
    </animation>
    <animation id="mixamorig_RightHandRing3-anim" name="mixamorig_RightHandRing3">
      <source id="mixamorig_RightHandRing3-Matrix-animation-input">
        <float_array id="mixamorig_RightHandRing3-Matrix-animation-input-array" count="26">

0.000000 0.033333 0.066667 0.100000 0.133333 0.166667 0.200000 0.233333 0.266667 0.300000 0.333333 0.366667 0.400000 0.433333 0.466667 0.500000
0.533333 0.566667 0.600000 0.633333 0.666667 0.700000 0.733333 0.766667 0.800000 0.833333</float_array>
        <technique_common>
          <accessor source="#mixamorig_RightHandRing3-Matrix-animation-input-array" count="26">
            <param name="TIME" type="float"/>
          </accessor>
        </technique_common>
      </source>
      <source id="mixamorig_RightHandRing3-Matrix-animation-output-transform">
        <float_array id="mixamorig_RightHandRing3-Matrix-animation-output-transform-array" count="416">

1.000000 0.000000 -0.000000 -0.000000 -0.000000 1.000000 0.000000 2.984000 0.000000 -0.000000 1.000000 0.000000 0.000000 0.000000 0.000000 1.000000
1.000000 0.000000 -0.000000 -0.000000 -0.000000 1.000000 0.000000 2.984000 0.000000 -0.000000 1.000000 0.000000 0.000000 0.000000 0.000000 1.000000
1.000000 -0.000000 -0.000000 0.000000 0.000000 1.000000 -0.000000 2.984000 0.000000 0.000000 1.000000 -0.000000 0.000000 0.000000 0.000000 1.000000
1.000000 -0.000000 -0.000000 0.000000 0.000000 1.000000 0.000000 2.984000 0.000000 -0.000000 1.000000 0.000000 0.000000 0.000000 0.000000 1.000000
1.000000 -0.000000 -0.000000 0.000000 0.000000 1.000000 -0.000000 2.984000 0.000000 0.000000 1.000000 0.000000 0.000000 0.000000 0.000000 1.000000
1.000000 -0.000000 -0.000000 0.000000 0.000000 1.000000 -0.000000 2.984000 0.000000 0.000000 1.000000 0.000000 0.000000 0.000000 0.000000 1.000000
1.000000 0.000000 -0.000000 0.000000 -0.000000 1.000000 0.000000 2.984000 0.000000 -0.000000 1.000000 0.000000 0.000000 0.000000 0.000000 1.000000
1.000000 0.000000 -0.000000 0.000000 -0.000000 1.000000 0.000000 2.984000 0.000000 -0.000000 1.000000 -0.000000 0.000000 0.000000 0.000000 1.000000
1.000000 0.000000 -0.000000 0.000000 -0.000000 1.000000 0.000000 2.984000 0.000000 -0.000000 1.000000 0.000000 0.000000 0.000000 0.000000 1.000000
1.000000 0.000000 -0.000000 0.000000 -0.000000 1.000000 -0.000000 2.984000 0.000000 0.000000 1.000000 0.000000 0.000000 0.000000 0.000000 1.000000
1.000000 -0.000000 -0.000000 -0.000000 0.000000 1.000000 -0.000000 2.984000 0.000000 0.000000 1.000000 -0.000000 0.000000 0.000000 0.000000 1.000000
1.000000 -0.000000 -0.000000 0.000000 0.000000 1.000000 -0.000000 2.984000 0.000000 0.000000 1.000000 0.000000 0.000000 0.000000 0.000000 1.000000
1.000000 -0.000000 -0.000000 -0.000000 0.000000 1.000000 -0.000000 2.984000 0.000000 0.000000 1.000000 -0.000000 0.000000 0.000000 0.000000 1.000000
1.000000 0.000000 -0.000000 0.000000 -0.000000 1.000000 -0.000000 2.984000 0.000000 0.000000 1.000000 -0.000000 0.000000 0.000000 0.000000 1.000000
1.000000 0.000000 -0.000000 0.000000 -0.000000 1.000000 0.000000 2.984000 0.000000 -0.000000 1.000000 0.000000 0.000000 0.000000 0.000000 1.000000
1.000000 0.000000 -0.000000 0.000000 -0.000000 1.000000 0.000000 2.984000 0.000000 -0.000000 1.000000 0.000000 0.000000 0.000000 0.000000 1.000000
1.000000 -0.000000 -0.000000 0.000000 0.000000 1.000000 0.000000 2.984000 0.000000 -0.000000 1.000000 0.000000 0.000000 0.000000 0.000000 1.000000
1.000000 0.000000 -0.000000 0.000000 -0.000000 1.000000 -0.000000 2.984000 0.000000 0.000000 1.000000 0.000000 0.000000 0.000000 0.000000 1.000000
1.000000 -0.000000 -0.000000 0.000000 0.000000 1.000000 -0.000000 2.984000 0.000000 0.000000 1.000000 0.000000 0.000000 0.000000 0.000000 1.000000
1.000000 0.000000 -0.000000 -0.000000 -0.000000 1.000000 -0.000000 2.984000 0.000000 0.000000 1.000000 0.000000 0.000000 0.000000 0.000000 1.000000
1.000000 -0.000000 -0.000000 0.000000 0.000000 1.000000 0.000000 2.984000 0.000000 -0.000000 1.000000 0.000000 0.000000 0.000000 0.000000 1.000000
1.000000 -0.000000 -0.000000 -0.000000 0.000000 1.000000 0.000000 2.984000 0.000000 -0.000000 1.000000 0.000000 0.000000 0.000000 0.000000 1.000000
1.000000 -0.000000 -0.000000 0.000000 0.000000 1.000000 -0.000000 2.984000 0.000000 0.000000 1.000000 0.000000 0.000000 0.000000 0.000000 1.000000
1.000000 0.000000 -0.000000 -0.000000 -0.000000 1.000000 0.000000 2.984000 0.000000 -0.000000 1.000000 -0.000000 0.000000 0.000000 0.000000 1.000000
1.000000 -0.000000 -0.000000 0.000000 0.000000 1.000000 -0.000000 2.984000 0.000000 0.000000 1.000000 0.000000 0.000000 0.000000 0.000000 1.000000
1.000000 0.000000 -0.000000 -0.000000 -0.000000 1.000000 0.000000 2.984000 0.000000 -0.000000 1.000000 0.000000 0.000000 0.000000 0.000000 1.000000</float_array>
        <technique_common>
          <accessor source="#mixamorig_RightHandRing3-Matrix-animation-output-transform-array" count="26" stride="16">
            <param type="float4x4"/>
          </accessor>
        </technique_common>
      </source>
      <source id="mixamorig_RightHandRing3-Interpolations">
        <Name_array id="mixamorig_RightHandRing3-Interpolations-array" count="26">
 LINEAR LINEAR LINEAR LINEAR LINEAR LINEAR LINEAR LINEAR LINEAR LINEAR LINEAR
LINEAR LINEAR LINEAR LINEAR LINEAR LINEAR LINEAR LINEAR LINEAR LINEAR LINEAR LINEAR
LINEAR LINEAR LINEAR</Name_array>
        <technique_common>
          <accessor source="#mixamorig_RightHandRing3-Interpolations-array" count="26">
            <param type="name"/>
          </accessor>
        </technique_common>
      </source>
      <sampler id="mixamorig_RightHandRing3-Matrix-animation-transform">
        <input semantic="INPUT" source="#mixamorig_RightHandRing3-Matrix-animation-input"/>
        <input semantic="OUTPUT" source="#mixamorig_RightHandRing3-Matrix-animation-output-transform"/>
        <input semantic="INTERPOLATION" source="#mixamorig_RightHandRing3-Interpolations"/>
      </sampler>
      <channel source="#mixamorig_RightHandRing3-Matrix-animation-transform" target="mixamorig_RightHandRing3/matrix"/>
    </animation>
    <animation id="mixamorig_RightHandPinky1-anim" name="mixamorig_RightHandPinky1">
      <source id="mixamorig_RightHandPinky1-Matrix-animation-input">
        <float_array id="mixamorig_RightHandPinky1-Matrix-animation-input-array" count="26">

0.000000 0.033333 0.066667 0.100000 0.133333 0.166667 0.200000 0.233333 0.266667 0.300000 0.333333 0.366667 0.400000 0.433333 0.466667 0.500000
0.533333 0.566667 0.600000 0.633333 0.666667 0.700000 0.733333 0.766667 0.800000 0.833333</float_array>
        <technique_common>
          <accessor source="#mixamorig_RightHandPinky1-Matrix-animation-input-array" count="26">
            <param name="TIME" type="float"/>
          </accessor>
        </technique_common>
      </source>
      <source id="mixamorig_RightHandPinky1-Matrix-animation-output-transform">
        <float_array id="mixamorig_RightHandPinky1-Matrix-animation-output-transform-array" count="416">

0.982443 0.048759 0.180081 -6.663900 0.181286 -0.021503 -0.983195 12.707500 -0.044068 0.998579 -0.029965 0.878800 0.000000 0.000000 0.000000 1.000000
0.982449 0.044076 0.181248 -6.663900 0.181512 -0.002024 -0.983387 12.707500 -0.042977 0.999026 -0.009989 0.878800 0.000000 0.000000 0.000000 1.000000
0.982444 0.033102 0.183598 -6.663900 0.182118 0.043256 -0.982325 12.707500 -0.040459 0.998515 0.036468 0.878800 0.000000 0.000000 0.000000 1.000000
0.982393 0.018687 0.185887 -6.663900 0.183077 0.101981 -0.977795 12.707500 -0.037229 0.994611 0.096764 0.878800 0.000000 0.000000 0.000000 1.000000
0.982294 0.004220 0.187296 -6.663900 0.184218 0.160089 -0.969760 12.707500 -0.034076 0.987094 0.156477 0.878800 0.000000 0.000000 0.000000 1.000000
0.982189 -0.006700 0.187779 -6.663900 0.185196 0.203404 -0.961420 12.707500 -0.031753 0.979072 0.201022 0.878800 0.000000 0.000000 0.000000 1.000000
0.982138 -0.011125 0.187834 -6.663900 0.185621 0.220820 -0.957488 12.707500 -0.030826 0.975251 0.218941 0.878800 0.000000 0.000000 0.000000 1.000000
0.982153 -0.009831 0.187827 -6.663900 0.185495 0.215733 -0.958671 12.707500 -0.031096 0.976403 0.213707 0.878800 0.000000 0.000000 0.000000 1.000000
0.982190 -0.006529 0.187776 -6.663900 0.185181 0.202728 -0.961566 12.707500 -0.031789 0.979213 0.200327 0.878800 0.000000 0.000000 0.000000 1.000000
0.982241 -0.001617 0.187616 -6.663900 0.184728 0.183297 -0.965545 12.707500 -0.032829 0.983056 0.180340 0.878800 0.000000 0.000000 0.000000 1.000000
0.982298 0.004639 0.187267 -6.663900 0.184182 0.158415 -0.970042 12.707500 -0.034166 0.987362 0.154756 0.878800 0.000000 0.000000 0.000000 1.000000
0.982352 0.011800 0.186667 -6.663900 0.183598 0.129749 -0.974401 12.707500 -0.035718 0.991477 0.125293 0.878800 0.000000 0.000000 0.000000 1.000000
0.982397 0.019472 0.185785 -6.663900 0.183020 0.098807 -0.978131 12.707500 -0.037403 0.994916 0.093503 0.878800 0.000000 0.000000 0.000000 1.000000
0.982429 0.027310 0.184626 -6.663900 0.182482 0.066954 -0.980927 12.707500 -0.039151 0.997382 0.060794 0.878800 0.000000 0.000000 0.000000 1.000000
0.982447 0.034909 0.183248 -6.663900 0.182012 0.035833 -0.982643 12.707500 -0.040870 0.998748 0.028850 0.878800 0.000000 0.000000 0.000000 1.000000
0.982450 0.041936 0.181749 -6.663900 0.181622 0.006843 -0.983345 12.707500 -0.042481 0.999097 -0.000894 0.878800 0.000000 0.000000 0.000000 1.000000
0.982444 0.048026 0.180271 -6.663900 0.181321 -0.018447 -0.983251 12.707500 -0.043896 0.998676 -0.026831 0.878800 0.000000 0.000000 0.000000 1.000000
0.982432 0.052774 0.179001 -6.663900 0.181109 -0.038278 -0.982718 12.707500 -0.045011 0.997873 -0.047163 0.878800 0.000000 0.000000 0.000000 1.000000
0.982422 0.055950 0.178090 -6.663900 0.180976 -0.051592 -0.982133 12.707500 -0.045762 0.997100 -0.060810 0.878800 0.000000 0.000000 0.000000 1.000000
0.982421 0.057194 0.177704 -6.663900 0.180909 -0.056807 -0.981858 12.707500 -0.046062 0.996746 -0.066155 0.878800 0.000000 0.000000 0.000000 1.000000
0.982422 0.056605 0.177885 -6.663900 0.180938 -0.054335 -0.981992 12.707500 -0.045920 0.996917 -0.063622 0.878800 0.000000 0.000000 0.000000 1.000000
0.982425 0.055081 0.178347 -6.663900 0.181014 -0.047943 -0.982311 12.707500 -0.045556 0.997330 -0.057071 0.878800 0.000000 0.000000 0.000000 1.000000
0.982431 0.053052 0.178925 -6.663900 0.181098 -0.039438 -0.982674 12.707500 -0.045076 0.997813 -0.048353 0.878800 0.000000 0.000000 0.000000 1.000000
0.982437 0.051010 0.179485 -6.663900 0.181186 -0.030898 -0.982963 12.707500 -0.044595 0.998220 -0.039597 0.878800 0.000000 0.000000 0.000000 1.000000
0.982433 0.049428 0.179952 -6.663900 0.181303 -0.024332 -0.983126 12.707500 -0.044215 0.998481 -0.032866 0.878800 0.000000 0.000000 0.000000 1.000000
0.982429 0.048746 0.180159 -6.663900 0.181364 -0.021508 -0.983181 12.707500 -0.044051 0.998580 -0.029971 0.878800 0.000000 0.000000 0.000000 1.000000</float_array>
        <technique_common>
          <accessor source="#mixamorig_RightHandPinky1-Matrix-animation-output-transform-array" count="26" stride="16">
            <param type="float4x4"/>
          </accessor>
        </technique_common>
      </source>
      <source id="mixamorig_RightHandPinky1-Interpolations">
        <Name_array id="mixamorig_RightHandPinky1-Interpolations-array" count="26">
 LINEAR LINEAR LINEAR LINEAR LINEAR LINEAR LINEAR LINEAR LINEAR LINEAR LINEAR
LINEAR LINEAR LINEAR LINEAR LINEAR LINEAR LINEAR LINEAR LINEAR LINEAR LINEAR LINEAR
LINEAR LINEAR LINEAR</Name_array>
        <technique_common>
          <accessor source="#mixamorig_RightHandPinky1-Interpolations-array" count="26">
            <param type="name"/>
          </accessor>
        </technique_common>
      </source>
      <sampler id="mixamorig_RightHandPinky1-Matrix-animation-transform">
        <input semantic="INPUT" source="#mixamorig_RightHandPinky1-Matrix-animation-input"/>
        <input semantic="OUTPUT" source="#mixamorig_RightHandPinky1-Matrix-animation-output-transform"/>
        <input semantic="INTERPOLATION" source="#mixamorig_RightHandPinky1-Interpolations"/>
      </sampler>
      <channel source="#mixamorig_RightHandPinky1-Matrix-animation-transform" target="mixamorig_RightHandPinky1/matrix"/>
    </animation>
    <animation id="mixamorig_RightHandPinky2-anim" name="mixamorig_RightHandPinky2">
      <source id="mixamorig_RightHandPinky2-Matrix-animation-input">
        <float_array id="mixamorig_RightHandPinky2-Matrix-animation-input-array" count="26">

0.000000 0.033333 0.066667 0.100000 0.133333 0.166667 0.200000 0.233333 0.266667 0.300000 0.333333 0.366667 0.400000 0.433333 0.466667 0.500000
0.533333 0.566667 0.600000 0.633333 0.666667 0.700000 0.733333 0.766667 0.800000 0.833333</float_array>
        <technique_common>
          <accessor source="#mixamorig_RightHandPinky2-Matrix-animation-input-array" count="26">
            <param name="TIME" type="float"/>
          </accessor>
        </technique_common>
      </source>
      <source id="mixamorig_RightHandPinky2-Matrix-animation-output-transform">
        <float_array id="mixamorig_RightHandPinky2-Matrix-animation-output-transform-array" count="416">

0.992348 0.013466 -0.122740 0.000000 -0.122244 -0.032974 -0.991952 3.377000 -0.017405 0.999365 -0.031075 0.000000 0.000000 0.000000 0.000000 1.000000
0.992387 0.015468 -0.122186 0.000000 -0.121990 -0.013040 -0.992446 3.377000 -0.016945 0.999795 -0.011053 0.000000 0.000000 0.000000 0.000000 1.000000
0.992481 0.020076 -0.120745 -0.000000 -0.121366 0.033323 -0.992048 3.377000 -0.015893 0.999243 0.035508 0.000000 0.000000 0.000000 0.000000 1.000000
0.992608 0.025957 -0.118553 0.000000 -0.120484 0.093496 -0.988303 3.377000 -0.014569 0.995281 0.095932 -0.000000 0.000000 0.000000 0.000000 1.000000
0.992742 0.031673 -0.116019 -0.000000 -0.119526 0.153096 -0.980956 3.377000 -0.013308 0.987704 0.155770 0.000000 0.000000 0.000000 0.000000 1.000000
0.992846 0.035865 -0.113889 0.000000 -0.118757 0.197561 -0.973071 3.377000 -0.012399 0.979634 0.200407 0.000000 0.000000 0.000000 0.000000 1.000000
0.992889 0.037533 -0.112973 0.000000 -0.118435 0.215449 -0.969307 3.377000 -0.012041 0.975794 0.218362 -0.000000 0.000000 0.000000 0.000000 1.000000
0.992876 0.037047 -0.113244 -0.000000 -0.118529 0.210223 -0.970442 3.377000 -0.012145 0.976951 0.213117 0.000000 0.000000 0.000000 0.000000 1.000000
0.992844 0.035800 -0.113923 -0.000000 -0.118769 0.196866 -0.973210 3.377000 -0.012413 0.979777 0.199709 0.000000 0.000000 0.000000 0.000000 1.000000
0.992797 0.033927 -0.114903 0.000000 -0.119119 0.176915 -0.976991 3.377000 -0.012818 0.983641 0.179683 0.000000 0.000000 0.000000 0.000000 1.000000
0.992738 0.031509 -0.116095 0.000000 -0.119553 0.151378 -0.981220 3.377000 -0.013344 0.987974 0.154045 0.000000 0.000000 0.000000 0.000000 1.000000
0.992672 0.028701 -0.117384 -0.000000 -0.120033 0.121968 -0.985249 3.377000 -0.013961 0.992119 0.124519 -0.000000 0.000000 0.000000 0.000000 1.000000
0.992602 0.025642 -0.118676 0.000000 -0.120529 0.090238 -0.988600 3.377000 -0.014640 0.995590 0.092661 0.000000 0.000000 0.000000 0.000000 1.000000
0.992532 0.022461 -0.119899 0.000000 -0.121015 0.057593 -0.990979 3.377000 -0.015353 0.998087 0.059881 0.000000 0.000000 0.000000 0.000000 1.000000
0.992466 0.019324 -0.120990 0.000000 -0.121465 0.025712 -0.992263 3.377000 -0.016063 0.999483 0.027866 0.000000 0.000000 0.000000 0.000000 1.000000
0.992406 0.016375 -0.121912 0.000000 -0.121863 -0.003971 -0.992539 3.377000 -0.016737 0.999858 -0.001946 0.000000 0.000000 0.000000 0.000000 1.000000
0.992355 0.013781 -0.122646 -0.000000 -0.122195 -0.029855 -0.992057 3.377000 -0.017333 0.999459 -0.027943 0.000000 0.000000 0.000000 0.000000 1.000000
0.992316 0.011734 -0.123174 0.000000 -0.122444 -0.050145 -0.991208 3.377000 -0.017807 0.998673 -0.048323 0.000000 0.000000 0.000000 0.000000 1.000000
0.992290 0.010353 -0.123505 0.000000 -0.122606 -0.063764 -0.990405 3.377000 -0.018129 0.997911 -0.062003 0.000000 0.000000 0.000000 0.000000 1.000000
0.992280 0.009810 -0.123631 -0.000000 -0.122669 -0.069098 -0.990039 3.377000 -0.018255 0.997562 -0.067361 0.000000 0.000000 0.000000 0.000000 1.000000
0.992284 0.010067 -0.123574 -0.000000 -0.122641 -0.066569 -0.990216 3.377000 -0.018195 0.997731 -0.064821 0.000000 0.000000 0.000000 0.000000 1.000000
0.992296 0.010732 -0.123420 0.000000 -0.122565 -0.060029 -0.990643 3.377000 -0.018040 0.998139 -0.058251 0.000000 0.000000 0.000000 0.000000 1.000000
0.992313 0.011613 -0.123210 0.000000 -0.122464 -0.051328 -0.991145 3.377000 -0.017835 0.998614 -0.049511 0.000000 0.000000 0.000000 0.000000 1.000000
0.992329 0.012497 -0.122990 0.000000 -0.122360 -0.042588 -0.991572 3.377000 -0.017630 0.999015 -0.040732 -0.000000 0.000000 0.000000 0.000000 1.000000
0.992342 0.013175 -0.122817 0.000000 -0.122279 -0.035865 -0.991847 3.377000 -0.017472 0.999270 -0.033980 0.000000 0.000000 0.000000 0.000000 1.000000
0.992352 0.013453 -0.122708 -0.000000 -0.122212 -0.032974 -0.991956 3.377000 -0.017391 0.999366 -0.031078 0.000000 0.000000 0.000000 0.000000 1.000000</float_array>
        <technique_common>
          <accessor source="#mixamorig_RightHandPinky2-Matrix-animation-output-transform-array" count="26" stride="16">
            <param type="float4x4"/>
          </accessor>
        </technique_common>
      </source>
      <source id="mixamorig_RightHandPinky2-Interpolations">
        <Name_array id="mixamorig_RightHandPinky2-Interpolations-array" count="26">
 LINEAR LINEAR LINEAR LINEAR LINEAR LINEAR LINEAR LINEAR LINEAR LINEAR LINEAR
LINEAR LINEAR LINEAR LINEAR LINEAR LINEAR LINEAR LINEAR LINEAR LINEAR LINEAR LINEAR
LINEAR LINEAR LINEAR</Name_array>
        <technique_common>
          <accessor source="#mixamorig_RightHandPinky2-Interpolations-array" count="26">
            <param type="name"/>
          </accessor>
        </technique_common>
      </source>
      <sampler id="mixamorig_RightHandPinky2-Matrix-animation-transform">
        <input semantic="INPUT" source="#mixamorig_RightHandPinky2-Matrix-animation-input"/>
        <input semantic="OUTPUT" source="#mixamorig_RightHandPinky2-Matrix-animation-output-transform"/>
        <input semantic="INTERPOLATION" source="#mixamorig_RightHandPinky2-Interpolations"/>
      </sampler>
      <channel source="#mixamorig_RightHandPinky2-Matrix-animation-transform" target="mixamorig_RightHandPinky2/matrix"/>
    </animation>
    <animation id="mixamorig_RightHandPinky3-anim" name="mixamorig_RightHandPinky3">
      <source id="mixamorig_RightHandPinky3-Matrix-animation-input">
        <float_array id="mixamorig_RightHandPinky3-Matrix-animation-input-array" count="26">

0.000000 0.033333 0.066667 0.100000 0.133333 0.166667 0.200000 0.233333 0.266667 0.300000 0.333333 0.366667 0.400000 0.433333 0.466667 0.500000
0.533333 0.566667 0.600000 0.633333 0.666667 0.700000 0.733333 0.766667 0.800000 0.833333</float_array>
        <technique_common>
          <accessor source="#mixamorig_RightHandPinky3-Matrix-animation-input-array" count="26">
            <param name="TIME" type="float"/>
          </accessor>
        </technique_common>
      </source>
      <source id="mixamorig_RightHandPinky3-Matrix-animation-output-transform">
        <float_array id="mixamorig_RightHandPinky3-Matrix-animation-output-transform-array" count="416">

1.000000 -0.000000 -0.000000 0.000000 0.000000 1.000000 -0.000000 2.998000 0.000000 0.000000 1.000000 0.000000 0.000000 0.000000 0.000000 1.000000
1.000000 0.000000 -0.000000 0.000000 -0.000000 1.000000 -0.000000 2.998000 0.000000 0.000000 1.000000 0.000000 0.000000 0.000000 0.000000 1.000000
1.000000 -0.000000 -0.000000 0.000000 0.000000 1.000000 0.000000 2.998000 0.000000 -0.000000 1.000000 0.000000 0.000000 0.000000 0.000000 1.000000
1.000000 0.000000 -0.000000 0.000000 -0.000000 1.000000 -0.000000 2.998000 0.000000 0.000000 1.000000 0.000000 0.000000 0.000000 0.000000 1.000000
1.000000 -0.000000 -0.000000 0.000000 0.000000 1.000000 0.000000 2.998000 0.000000 -0.000000 1.000000 0.000000 0.000000 0.000000 0.000000 1.000000
1.000000 0.000000 -0.000000 0.000000 -0.000000 1.000000 -0.000000 2.998000 0.000000 0.000000 1.000000 0.000000 0.000000 0.000000 0.000000 1.000000
1.000000 0.000000 -0.000000 -0.000000 -0.000000 1.000000 -0.000000 2.998000 0.000000 0.000000 1.000000 0.000000 0.000000 0.000000 0.000000 1.000000
1.000000 -0.000000 -0.000000 0.000000 0.000000 1.000000 -0.000000 2.998000 0.000000 0.000000 1.000000 0.000000 0.000000 0.000000 0.000000 1.000000
1.000000 0.000000 -0.000000 0.000000 -0.000000 1.000000 -0.000000 2.998000 0.000000 0.000000 1.000000 0.000000 0.000000 0.000000 0.000000 1.000000
1.000000 -0.000000 0.000000 -0.000000 0.000000 1.000000 -0.000000 2.998000 -0.000000 0.000000 1.000000 0.000000 0.000000 0.000000 0.000000 1.000000
1.000000 -0.000000 -0.000000 0.000000 0.000000 1.000000 -0.000000 2.998000 0.000000 0.000000 1.000000 0.000000 0.000000 0.000000 0.000000 1.000000
1.000000 0.000000 -0.000000 -0.000000 -0.000000 1.000000 -0.000000 2.998000 0.000000 0.000000 1.000000 0.000000 0.000000 0.000000 0.000000 1.000000
1.000000 -0.000000 -0.000000 0.000000 0.000000 1.000000 0.000000 2.998000 0.000000 -0.000000 1.000000 0.000000 0.000000 0.000000 0.000000 1.000000
1.000000 -0.000000 -0.000000 0.000000 0.000000 1.000000 0.000000 2.998000 0.000000 -0.000000 1.000000 0.000000 0.000000 0.000000 0.000000 1.000000
1.000000 0.000000 -0.000000 0.000000 -0.000000 1.000000 0.000000 2.998000 0.000000 -0.000000 1.000000 0.000000 0.000000 0.000000 0.000000 1.000000
1.000000 -0.000000 -0.000000 0.000000 0.000000 1.000000 0.000000 2.998000 0.000000 -0.000000 1.000000 0.000000 0.000000 0.000000 0.000000 1.000000
1.000000 0.000000 0.000000 0.000000 -0.000000 1.000000 -0.000000 2.998000 -0.000000 0.000000 1.000000 0.000000 0.000000 0.000000 0.000000 1.000000
1.000000 0.000000 0.000000 0.000000 -0.000000 1.000000 -0.000000 2.998000 -0.000000 0.000000 1.000000 0.000000 0.000000 0.000000 0.000000 1.000000
1.000000 0.000000 -0.000000 0.000000 -0.000000 1.000000 -0.000000 2.998000 0.000000 0.000000 1.000000 0.000000 0.000000 0.000000 0.000000 1.000000
1.000000 0.000000 0.000000 0.000000 -0.000000 1.000000 0.000000 2.998000 -0.000000 -0.000000 1.000000 0.000000 0.000000 0.000000 0.000000 1.000000
1.000000 -0.000000 -0.000000 0.000000 0.000000 1.000000 -0.000000 2.998000 0.000000 0.000000 1.000000 0.000000 0.000000 0.000000 0.000000 1.000000
1.000000 -0.000000 -0.000000 0.000000 0.000000 1.000000 0.000000 2.998000 0.000000 -0.000000 1.000000 0.000000 0.000000 0.000000 0.000000 1.000000
1.000000 -0.000000 -0.000000 0.000000 0.000000 1.000000 -0.000000 2.998000 0.000000 0.000000 1.000000 0.000000 0.000000 0.000000 0.000000 1.000000
1.000000 -0.000000 -0.000000 0.000000 0.000000 1.000000 0.000000 2.998000 0.000000 -0.000000 1.000000 0.000000 0.000000 0.000000 0.000000 1.000000
1.000000 -0.000000 -0.000000 0.000000 0.000000 1.000000 -0.000000 2.998000 0.000000 0.000000 1.000000 0.000000 0.000000 0.000000 0.000000 1.000000
1.000000 0.000000 -0.000000 0.000000 -0.000000 1.000000 0.000000 2.998000 0.000000 -0.000000 1.000000 0.000000 0.000000 0.000000 0.000000 1.000000</float_array>
        <technique_common>
          <accessor source="#mixamorig_RightHandPinky3-Matrix-animation-output-transform-array" count="26" stride="16">
            <param type="float4x4"/>
          </accessor>
        </technique_common>
      </source>
      <source id="mixamorig_RightHandPinky3-Interpolations">
        <Name_array id="mixamorig_RightHandPinky3-Interpolations-array" count="26">
 LINEAR LINEAR LINEAR LINEAR LINEAR LINEAR LINEAR LINEAR LINEAR LINEAR LINEAR
LINEAR LINEAR LINEAR LINEAR LINEAR LINEAR LINEAR LINEAR LINEAR LINEAR LINEAR LINEAR
LINEAR LINEAR LINEAR</Name_array>
        <technique_common>
          <accessor source="#mixamorig_RightHandPinky3-Interpolations-array" count="26">
            <param type="name"/>
          </accessor>
        </technique_common>
      </source>
      <sampler id="mixamorig_RightHandPinky3-Matrix-animation-transform">
        <input semantic="INPUT" source="#mixamorig_RightHandPinky3-Matrix-animation-input"/>
        <input semantic="OUTPUT" source="#mixamorig_RightHandPinky3-Matrix-animation-output-transform"/>
        <input semantic="INTERPOLATION" source="#mixamorig_RightHandPinky3-Interpolations"/>
      </sampler>
      <channel source="#mixamorig_RightHandPinky3-Matrix-animation-transform" target="mixamorig_RightHandPinky3/matrix"/>
    </animation>
    <animation id="mixamorig_L_horn1-anim" name="mixamorig_L_horn1">
      <source id="mixamorig_L_horn1-Matrix-animation-input">
        <float_array id="mixamorig_L_horn1-Matrix-animation-input-array" count="26">

0.000000 0.033333 0.066667 0.100000 0.133333 0.166667 0.200000 0.233333 0.266667 0.300000 0.333333 0.366667 0.400000 0.433333 0.466667 0.500000
0.533333 0.566667 0.600000 0.633333 0.666667 0.700000 0.733333 0.766667 0.800000 0.833333</float_array>
        <technique_common>
          <accessor source="#mixamorig_L_horn1-Matrix-animation-input-array" count="26">
            <param name="TIME" type="float"/>
          </accessor>
        </technique_common>
      </source>
      <source id="mixamorig_L_horn1-Matrix-animation-output-transform">
        <float_array id="mixamorig_L_horn1-Matrix-animation-output-transform-array" count="416">

0.602488 0.000515 0.798128 1.847600 -0.698753 0.483576 0.527160 4.379700 -0.385684 -0.875302 0.291709 -10.115900 0.000000 0.000000 0.000000 1.000000
0.602488 0.000515 0.798128 1.847600 -0.698753 0.483576 0.527160 4.379700 -0.385684 -0.875302 0.291709 -10.115900 0.000000 0.000000 0.000000 1.000000
0.602488 0.000515 0.798128 1.847600 -0.698753 0.483576 0.527160 4.379700 -0.385684 -0.875302 0.291709 -10.115900 0.000000 0.000000 0.000000 1.000000
0.602488 0.000515 0.798128 1.847600 -0.698753 0.483576 0.527160 4.379700 -0.385684 -0.875302 0.291709 -10.115900 0.000000 0.000000 0.000000 1.000000
0.602488 0.000515 0.798128 1.847600 -0.698753 0.483576 0.527160 4.379700 -0.385684 -0.875302 0.291709 -10.115900 0.000000 0.000000 0.000000 1.000000
0.602488 0.000515 0.798128 1.847600 -0.698753 0.483576 0.527160 4.379700 -0.385684 -0.875302 0.291709 -10.115900 0.000000 0.000000 0.000000 1.000000
0.602488 0.000515 0.798128 1.847600 -0.698753 0.483576 0.527160 4.379700 -0.385684 -0.875302 0.291709 -10.115900 0.000000 0.000000 0.000000 1.000000
0.602488 0.000515 0.798128 1.847600 -0.698753 0.483576 0.527160 4.379700 -0.385684 -0.875302 0.291709 -10.115900 0.000000 0.000000 0.000000 1.000000
0.602488 0.000515 0.798128 1.847600 -0.698753 0.483576 0.527160 4.379700 -0.385684 -0.875302 0.291709 -10.115900 0.000000 0.000000 0.000000 1.000000
0.602488 0.000515 0.798128 1.847600 -0.698753 0.483576 0.527160 4.379700 -0.385684 -0.875302 0.291709 -10.115900 0.000000 0.000000 0.000000 1.000000
0.602488 0.000515 0.798128 1.847600 -0.698753 0.483576 0.527160 4.379700 -0.385684 -0.875302 0.291709 -10.115900 0.000000 0.000000 0.000000 1.000000
0.602488 0.000515 0.798128 1.847600 -0.698753 0.483576 0.527160 4.379700 -0.385684 -0.875302 0.291709 -10.115900 0.000000 0.000000 0.000000 1.000000
0.602488 0.000515 0.798128 1.847600 -0.698753 0.483576 0.527160 4.379700 -0.385684 -0.875302 0.291709 -10.115900 0.000000 0.000000 0.000000 1.000000
0.602488 0.000515 0.798128 1.847600 -0.698753 0.483576 0.527160 4.379700 -0.385684 -0.875302 0.291709 -10.115900 0.000000 0.000000 0.000000 1.000000
0.602488 0.000515 0.798128 1.847600 -0.698753 0.483576 0.527160 4.379700 -0.385684 -0.875302 0.291709 -10.115900 0.000000 0.000000 0.000000 1.000000
0.602488 0.000515 0.798128 1.847600 -0.698753 0.483576 0.527160 4.379700 -0.385684 -0.875302 0.291709 -10.115900 0.000000 0.000000 0.000000 1.000000
0.602488 0.000515 0.798128 1.847600 -0.698753 0.483576 0.527160 4.379700 -0.385684 -0.875302 0.291709 -10.115900 0.000000 0.000000 0.000000 1.000000
0.602488 0.000515 0.798128 1.847600 -0.698753 0.483576 0.527160 4.379700 -0.385684 -0.875302 0.291709 -10.115900 0.000000 0.000000 0.000000 1.000000
0.602488 0.000515 0.798128 1.847600 -0.698753 0.483576 0.527160 4.379700 -0.385684 -0.875302 0.291709 -10.115900 0.000000 0.000000 0.000000 1.000000
0.602488 0.000515 0.798128 1.847600 -0.698753 0.483576 0.527160 4.379700 -0.385684 -0.875302 0.291709 -10.115900 0.000000 0.000000 0.000000 1.000000
0.602488 0.000515 0.798128 1.847600 -0.698753 0.483576 0.527160 4.379700 -0.385684 -0.875302 0.291709 -10.115900 0.000000 0.000000 0.000000 1.000000
0.602488 0.000515 0.798128 1.847600 -0.698753 0.483576 0.527160 4.379700 -0.385684 -0.875302 0.291709 -10.115900 0.000000 0.000000 0.000000 1.000000
0.602488 0.000515 0.798128 1.847600 -0.698753 0.483576 0.527160 4.379700 -0.385684 -0.875302 0.291709 -10.115900 0.000000 0.000000 0.000000 1.000000
0.602488 0.000515 0.798128 1.847600 -0.698753 0.483576 0.527160 4.379700 -0.385684 -0.875302 0.291709 -10.115900 0.000000 0.000000 0.000000 1.000000
0.602488 0.000515 0.798128 1.847600 -0.698753 0.483576 0.527160 4.379700 -0.385684 -0.875302 0.291709 -10.115900 0.000000 0.000000 0.000000 1.000000
0.602488 0.000515 0.798128 1.847600 -0.698753 0.483576 0.527160 4.379700 -0.385684 -0.875302 0.291709 -10.115900 0.000000 0.000000 0.000000 1.000000</float_array>
        <technique_common>
          <accessor source="#mixamorig_L_horn1-Matrix-animation-output-transform-array" count="26" stride="16">
            <param type="float4x4"/>
          </accessor>
        </technique_common>
      </source>
      <source id="mixamorig_L_horn1-Interpolations">
        <Name_array id="mixamorig_L_horn1-Interpolations-array" count="26">
 LINEAR LINEAR LINEAR LINEAR LINEAR LINEAR LINEAR LINEAR LINEAR LINEAR LINEAR
LINEAR LINEAR LINEAR LINEAR LINEAR LINEAR LINEAR LINEAR LINEAR LINEAR LINEAR LINEAR
LINEAR LINEAR LINEAR</Name_array>
        <technique_common>
          <accessor source="#mixamorig_L_horn1-Interpolations-array" count="26">
            <param type="name"/>
          </accessor>
        </technique_common>
      </source>
      <sampler id="mixamorig_L_horn1-Matrix-animation-transform">
        <input semantic="INPUT" source="#mixamorig_L_horn1-Matrix-animation-input"/>
        <input semantic="OUTPUT" source="#mixamorig_L_horn1-Matrix-animation-output-transform"/>
        <input semantic="INTERPOLATION" source="#mixamorig_L_horn1-Interpolations"/>
      </sampler>
      <channel source="#mixamorig_L_horn1-Matrix-animation-transform" target="mixamorig_L_horn1/matrix"/>
    </animation>
    <animation id="mixamorig_R_horn1-anim" name="mixamorig_R_horn1">
      <source id="mixamorig_R_horn1-Matrix-animation-input">
        <float_array id="mixamorig_R_horn1-Matrix-animation-input-array" count="26">

0.000000 0.033333 0.066667 0.100000 0.133333 0.166667 0.200000 0.233333 0.266667 0.300000 0.333333 0.366667 0.400000 0.433333 0.466667 0.500000
0.533333 0.566667 0.600000 0.633333 0.666667 0.700000 0.733333 0.766667 0.800000 0.833333</float_array>
        <technique_common>
          <accessor source="#mixamorig_R_horn1-Matrix-animation-input-array" count="26">
            <param name="TIME" type="float"/>
          </accessor>
        </technique_common>
      </source>
      <source id="mixamorig_R_horn1-Matrix-animation-output-transform">
        <float_array id="mixamorig_R_horn1-Matrix-animation-output-transform-array" count="416">

-0.591028 -0.129171 0.796242 -3.147700 -0.778219 0.351067 -0.520699 4.536700 -0.212275 -0.927398 -0.308014 -10.290500 0.000000 0.000000 0.000000 1.000000
-0.591028 -0.129171 0.796242 -3.147700 -0.778219 0.351067 -0.520699 4.536700 -0.212275 -0.927398 -0.308014 -10.290500 0.000000 0.000000 0.000000 1.000000
-0.591028 -0.129171 0.796242 -3.147700 -0.778219 0.351067 -0.520699 4.536700 -0.212275 -0.927398 -0.308014 -10.290500 0.000000 0.000000 0.000000 1.000000
-0.591028 -0.129171 0.796242 -3.147700 -0.778219 0.351067 -0.520699 4.536700 -0.212275 -0.927398 -0.308014 -10.290500 0.000000 0.000000 0.000000 1.000000
-0.591028 -0.129171 0.796242 -3.147700 -0.778219 0.351067 -0.520699 4.536700 -0.212275 -0.927398 -0.308014 -10.290500 0.000000 0.000000 0.000000 1.000000
-0.591028 -0.129171 0.796242 -3.147700 -0.778219 0.351067 -0.520699 4.536700 -0.212275 -0.927398 -0.308014 -10.290500 0.000000 0.000000 0.000000 1.000000
-0.591028 -0.129171 0.796242 -3.147700 -0.778219 0.351067 -0.520699 4.536700 -0.212275 -0.927398 -0.308014 -10.290500 0.000000 0.000000 0.000000 1.000000
-0.591028 -0.129171 0.796242 -3.147700 -0.778219 0.351067 -0.520699 4.536700 -0.212275 -0.927398 -0.308014 -10.290500 0.000000 0.000000 0.000000 1.000000
-0.591028 -0.129171 0.796242 -3.147700 -0.778219 0.351067 -0.520699 4.536700 -0.212275 -0.927398 -0.308014 -10.290500 0.000000 0.000000 0.000000 1.000000
-0.591028 -0.129171 0.796242 -3.147700 -0.778219 0.351067 -0.520699 4.536700 -0.212275 -0.927398 -0.308014 -10.290500 0.000000 0.000000 0.000000 1.000000
-0.591028 -0.129171 0.796242 -3.147700 -0.778219 0.351067 -0.520699 4.536700 -0.212275 -0.927398 -0.308014 -10.290500 0.000000 0.000000 0.000000 1.000000
-0.591028 -0.129171 0.796242 -3.147700 -0.778219 0.351067 -0.520699 4.536700 -0.212275 -0.927398 -0.308014 -10.290500 0.000000 0.000000 0.000000 1.000000
-0.591028 -0.129171 0.796242 -3.147700 -0.778219 0.351067 -0.520699 4.536700 -0.212275 -0.927398 -0.308014 -10.290500 0.000000 0.000000 0.000000 1.000000
-0.591028 -0.129171 0.796242 -3.147700 -0.778219 0.351067 -0.520699 4.536700 -0.212275 -0.927398 -0.308014 -10.290500 0.000000 0.000000 0.000000 1.000000
-0.591028 -0.129171 0.796242 -3.147700 -0.778219 0.351067 -0.520699 4.536700 -0.212275 -0.927398 -0.308014 -10.290500 0.000000 0.000000 0.000000 1.000000
-0.591028 -0.129171 0.796242 -3.147700 -0.778219 0.351067 -0.520699 4.536700 -0.212275 -0.927398 -0.308014 -10.290500 0.000000 0.000000 0.000000 1.000000
-0.591028 -0.129171 0.796242 -3.147700 -0.778219 0.351067 -0.520699 4.536700 -0.212275 -0.927398 -0.308014 -10.290500 0.000000 0.000000 0.000000 1.000000
-0.591028 -0.129171 0.796242 -3.147700 -0.778219 0.351067 -0.520699 4.536700 -0.212275 -0.927398 -0.308014 -10.290500 0.000000 0.000000 0.000000 1.000000
-0.591028 -0.129171 0.796242 -3.147700 -0.778219 0.351067 -0.520699 4.536700 -0.212275 -0.927398 -0.308014 -10.290500 0.000000 0.000000 0.000000 1.000000
-0.591028 -0.129171 0.796242 -3.147700 -0.778219 0.351067 -0.520699 4.536700 -0.212275 -0.927398 -0.308014 -10.290500 0.000000 0.000000 0.000000 1.000000
-0.591028 -0.129171 0.796242 -3.147700 -0.778219 0.351067 -0.520699 4.536700 -0.212275 -0.927398 -0.308014 -10.290500 0.000000 0.000000 0.000000 1.000000
-0.591028 -0.129171 0.796242 -3.147700 -0.778219 0.351067 -0.520699 4.536700 -0.212275 -0.927398 -0.308014 -10.290500 0.000000 0.000000 0.000000 1.000000
-0.591028 -0.129171 0.796242 -3.147700 -0.778219 0.351067 -0.520699 4.536700 -0.212275 -0.927398 -0.308014 -10.290500 0.000000 0.000000 0.000000 1.000000
-0.591028 -0.129171 0.796242 -3.147700 -0.778219 0.351067 -0.520699 4.536700 -0.212275 -0.927398 -0.308014 -10.290500 0.000000 0.000000 0.000000 1.000000
-0.591028 -0.129171 0.796242 -3.147700 -0.778219 0.351067 -0.520699 4.536700 -0.212275 -0.927398 -0.308014 -10.290500 0.000000 0.000000 0.000000 1.000000
-0.591028 -0.129171 0.796242 -3.147700 -0.778219 0.351067 -0.520699 4.536700 -0.212275 -0.927398 -0.308014 -10.290500 0.000000 0.000000 0.000000 1.000000</float_array>
        <technique_common>
          <accessor source="#mixamorig_R_horn1-Matrix-animation-output-transform-array" count="26" stride="16">
            <param type="float4x4"/>
          </accessor>
        </technique_common>
      </source>
      <source id="mixamorig_R_horn1-Interpolations">
        <Name_array id="mixamorig_R_horn1-Interpolations-array" count="26">
 LINEAR LINEAR LINEAR LINEAR LINEAR LINEAR LINEAR LINEAR LINEAR LINEAR LINEAR
LINEAR LINEAR LINEAR LINEAR LINEAR LINEAR LINEAR LINEAR LINEAR LINEAR LINEAR LINEAR
LINEAR LINEAR LINEAR</Name_array>
        <technique_common>
          <accessor source="#mixamorig_R_horn1-Interpolations-array" count="26">
            <param type="name"/>
          </accessor>
        </technique_common>
      </source>
      <sampler id="mixamorig_R_horn1-Matrix-animation-transform">
        <input semantic="INPUT" source="#mixamorig_R_horn1-Matrix-animation-input"/>
        <input semantic="OUTPUT" source="#mixamorig_R_horn1-Matrix-animation-output-transform"/>
        <input semantic="INTERPOLATION" source="#mixamorig_R_horn1-Interpolations"/>
      </sampler>
      <channel source="#mixamorig_R_horn1-Matrix-animation-transform" target="mixamorig_R_horn1/matrix"/>
    </animation>
    <animation id="mixamorig_LeftUpLeg-anim" name="mixamorig_LeftUpLeg">
      <source id="mixamorig_LeftUpLeg-Matrix-animation-input">
        <float_array id="mixamorig_LeftUpLeg-Matrix-animation-input-array" count="26">

0.000000 0.033333 0.066667 0.100000 0.133333 0.166667 0.200000 0.233333 0.266667 0.300000 0.333333 0.366667 0.400000 0.433333 0.466667 0.500000
0.533333 0.566667 0.600000 0.633333 0.666667 0.700000 0.733333 0.766667 0.800000 0.833333</float_array>
        <technique_common>
          <accessor source="#mixamorig_LeftUpLeg-Matrix-animation-input-array" count="26">
            <param name="TIME" type="float"/>
          </accessor>
        </technique_common>
      </source>
      <source id="mixamorig_LeftUpLeg-Matrix-animation-output-transform">
        <float_array id="mixamorig_LeftUpLeg-Matrix-animation-output-transform-array" count="416">

-0.981980 -0.095136 0.163293 13.026900 0.174061 -0.791835 0.585406 -6.336300 0.073608 0.603280 0.794125 -1.092800 0.000000 0.000000 0.000000 1.000000
-0.980400 -0.090756 0.174867 13.026900 0.140579 -0.944103 0.298173 -6.336300 0.138031 0.316912 0.938357 -1.092800 0.000000 0.000000 0.000000 1.000000
-0.978102 -0.062968 0.198374 13.026900 0.071606 -0.996759 0.036669 -6.336300 0.195422 0.050071 0.979440 -1.092800 0.000000 0.000000 0.000000 1.000000
-0.967287 -0.036940 0.250981 13.026900 -0.005653 -0.985957 -0.166905 -6.336300 0.253622 -0.162864 0.953494 -1.092800 0.000000 0.000000 0.000000 1.000000
-0.965911 0.011084 0.258638 13.026900 -0.073983 -0.969233 -0.234762 -6.336300 0.248078 -0.245894 0.937013 -1.092800 0.000000 0.000000 0.000000 1.000000
-0.974132 0.048090 0.220804 13.026900 -0.107970 -0.957400 -0.267820 -6.336300 0.198519 -0.284732 0.937826 -1.092800 0.000000 0.000000 0.000000 1.000000
-0.983359 0.095673 0.154441 13.026900 -0.130929 -0.962556 -0.237369 -6.336300 0.125949 -0.253639 0.959064 -1.092800 0.000000 0.000000 0.000000 1.000000
-0.985815 0.108120 0.128368 13.026900 -0.127066 -0.980489 -0.149983 -6.336300 0.109647 -0.164166 0.980320 -1.092800 0.000000 0.000000 0.000000 1.000000
-0.988904 0.124960 0.080336 13.026900 -0.127423 -0.991500 -0.026275 -6.336300 0.076370 -0.036220 0.996421 -1.092800 0.000000 0.000000 0.000000 1.000000
-0.990098 0.138555 0.022542 13.026900 -0.133181 -0.977905 0.161137 -6.336300 0.044370 0.156539 0.986675 -1.092800 0.000000 0.000000 0.000000 1.000000
-0.990588 0.132109 -0.035800 13.026900 -0.135364 -0.906800 0.399238 -6.336300 0.020279 0.400326 0.916148 -1.092800 0.000000 0.000000 0.000000 1.000000
-0.985968 0.141430 -0.088683 13.026900 -0.164420 -0.730875 0.662411 -6.336300 0.028869 0.667697 0.743873 -1.092800 0.000000 0.000000 0.000000 1.000000
-0.982585 0.143890 -0.117570 13.026900 -0.175312 -0.508168 0.843226 -6.336300 0.061587 0.849153 0.524544 -1.092800 0.000000 0.000000 0.000000 1.000000
-0.983720 0.150084 -0.098843 13.026900 -0.151470 -0.396484 0.905460 -6.336300 0.096705 0.905690 0.412763 -1.092800 0.000000 0.000000 0.000000 1.000000
-0.988924 0.132418 -0.067037 13.026900 -0.111639 -0.366029 0.923883 -6.336300 0.097802 0.921134 0.376758 -1.092800 0.000000 0.000000 0.000000 1.000000
-0.997782 0.065315 -0.012812 13.026900 -0.035767 -0.363804 0.930789 -6.336300 0.056134 0.929183 0.365333 -1.092800 0.000000 0.000000 0.000000 1.000000
-0.999470 0.017326 0.027561 13.026900 0.018149 -0.406298 0.913560 -6.336300 0.027027 0.913576 0.405768 -1.092800 0.000000 0.000000 0.000000 1.000000
-0.998803 -0.006149 0.048534 13.026900 0.045309 -0.490424 0.870305 -6.336300 0.018450 0.871462 0.490116 -1.092800 0.000000 0.000000 0.000000 1.000000
-0.998195 -0.016878 0.057634 13.026900 0.058313 -0.501866 0.862977 -6.336300 0.014359 0.864781 0.501944 -1.092800 0.000000 0.000000 0.000000 1.000000
-0.997543 -0.027014 0.064638 13.026900 0.069272 -0.517993 0.852575 -6.336300 0.010450 0.854958 0.518592 -1.092800 0.000000 0.000000 0.000000 1.000000
-0.996919 -0.027632 0.073411 13.026900 0.076403 -0.553906 0.829066 -6.336300 0.017754 0.832120 0.554311 -1.092800 0.000000 0.000000 0.000000 1.000000
-0.995534 -0.040823 0.085120 13.026900 0.093264 -0.564972 0.819822 -6.336300 0.014623 0.824099 0.566257 -1.092800 0.000000 0.000000 0.000000 1.000000
-0.993486 -0.011819 0.113336 13.026900 0.104665 -0.487906 0.866599 -6.336300 0.045055 0.872816 0.485965 -1.092800 0.000000 0.000000 0.000000 1.000000
-0.989342 -0.034899 0.141368 13.026900 0.138846 -0.518602 0.843667 -6.336300 0.043871 0.854303 0.517920 -1.092800 0.000000 0.000000 0.000000 1.000000
-0.984406 -0.064503 0.163657 13.026900 0.167577 -0.626802 0.760945 -6.336300 0.053498 0.776504 0.627837 -1.092800 0.000000 0.000000 0.000000 1.000000
-0.981980 -0.095136 0.163293 13.026900 0.174061 -0.791835 0.585406 -6.336300 0.073608 0.603280 0.794125 -1.092800 0.000000 0.000000 0.000000 1.000000</float_array>
        <technique_common>
          <accessor source="#mixamorig_LeftUpLeg-Matrix-animation-output-transform-array" count="26" stride="16">
            <param type="float4x4"/>
          </accessor>
        </technique_common>
      </source>
      <source id="mixamorig_LeftUpLeg-Interpolations">
        <Name_array id="mixamorig_LeftUpLeg-Interpolations-array" count="26">
 LINEAR LINEAR LINEAR LINEAR LINEAR LINEAR LINEAR LINEAR LINEAR LINEAR LINEAR
LINEAR LINEAR LINEAR LINEAR LINEAR LINEAR LINEAR LINEAR LINEAR LINEAR LINEAR LINEAR
LINEAR LINEAR LINEAR</Name_array>
        <technique_common>
          <accessor source="#mixamorig_LeftUpLeg-Interpolations-array" count="26">
            <param type="name"/>
          </accessor>
        </technique_common>
      </source>
      <sampler id="mixamorig_LeftUpLeg-Matrix-animation-transform">
        <input semantic="INPUT" source="#mixamorig_LeftUpLeg-Matrix-animation-input"/>
        <input semantic="OUTPUT" source="#mixamorig_LeftUpLeg-Matrix-animation-output-transform"/>
        <input semantic="INTERPOLATION" source="#mixamorig_LeftUpLeg-Interpolations"/>
      </sampler>
      <channel source="#mixamorig_LeftUpLeg-Matrix-animation-transform" target="mixamorig_LeftUpLeg/matrix"/>
    </animation>
    <animation id="mixamorig_LeftLeg-anim" name="mixamorig_LeftLeg">
      <source id="mixamorig_LeftLeg-Matrix-animation-input">
        <float_array id="mixamorig_LeftLeg-Matrix-animation-input-array" count="26">

0.000000 0.033333 0.066667 0.100000 0.133333 0.166667 0.200000 0.233333 0.266667 0.300000 0.333333 0.366667 0.400000 0.433333 0.466667 0.500000
0.533333 0.566667 0.600000 0.633333 0.666667 0.700000 0.733333 0.766667 0.800000 0.833333</float_array>
        <technique_common>
          <accessor source="#mixamorig_LeftLeg-Matrix-animation-input-array" count="26">
            <param name="TIME" type="float"/>
          </accessor>
        </technique_common>
      </source>
      <source id="mixamorig_LeftLeg-Matrix-animation-output-transform">
        <float_array id="mixamorig_LeftLeg-Matrix-animation-output-transform-array" count="416">

0.999339 -0.027726 -0.023530 0.000000 0.028823 0.209373 0.977411 46.951000 -0.022173 -0.977443 0.210033 0.000000 0.000000 0.000000 0.000000 1.000000
0.997650 -0.053733 0.042509 0.000000 -0.015699 0.424650 0.905222 46.951000 -0.066692 -0.903762 0.422808 -0.000000 0.000000 0.000000 0.000000 1.000000
0.983964 -0.079358 0.159738 0.000000 -0.068762 0.657570 0.750249 46.951000 -0.164577 -0.749202 0.641568 0.000000 0.000000 0.000000 0.000000 1.000000
0.965276 -0.125630 0.229040 0.000000 -0.031760 0.813827 0.580239 46.951000 -0.259295 -0.567365 0.781577 -0.000000 0.000000 0.000000 0.000000 1.000000
0.974143 -0.105127 0.199984 0.000000 -0.032135 0.811681 0.583216 46.951000 -0.223635 -0.574563 0.787315 0.000000 0.000000 0.000000 0.000000 1.000000
0.988580 -0.071125 0.132855 -0.000000 -0.042003 0.716623 0.696195 46.951000 -0.144724 -0.693825 0.705451 0.000000 0.000000 0.000000 0.000000 1.000000
0.998651 -0.030553 -0.041984 0.000000 0.051760 0.521535 0.851658 46.951000 -0.004125 -0.852682 0.522413 0.000000 0.000000 0.000000 0.000000 1.000000
0.999142 -0.035287 -0.021691 0.000000 0.029917 0.252612 0.967105 46.951000 -0.028647 -0.966924 0.253451 0.000000 0.000000 0.000000 0.000000 1.000000
0.998236 0.012281 -0.058088 0.000000 0.058121 -0.002378 0.998307 46.951000 0.012123 -0.999922 -0.003087 0.000000 0.000000 0.000000 0.000000 1.000000
0.998052 0.045933 -0.042223 0.000000 0.053289 -0.275627 0.959787 46.951000 0.032448 -0.960167 -0.277537 0.000000 0.000000 0.000000 0.000000 1.000000
0.998518 0.052689 0.013644 -0.000000 0.015468 -0.515068 0.857010 46.951000 0.052183 -0.855528 -0.515120 0.000000 0.000000 0.000000 0.000000 1.000000
0.997541 0.050533 0.048571 0.000000 -0.004764 -0.642490 0.766279 46.951000 0.069928 -0.764626 -0.640669 -0.000000 0.000000 0.000000 0.000000 1.000000
0.997396 0.054620 0.047089 -0.000000 -0.000668 -0.645940 0.763388 46.951000 0.072113 -0.761432 -0.644221 0.000000 0.000000 0.000000 0.000000 1.000000
0.997876 0.061807 0.020574 -0.000000 0.013923 -0.510908 0.859523 46.951000 0.063636 -0.857411 -0.510683 -0.000000 0.000000 0.000000 0.000000 1.000000
0.997335 0.071179 -0.015992 0.000000 0.034594 -0.268424 0.962679 46.951000 0.064230 -0.960667 -0.270171 0.000000 0.000000 0.000000 0.000000 1.000000
0.997659 0.061123 -0.030665 0.000000 0.028448 0.036812 0.998917 46.951000 0.062186 -0.997451 0.034987 0.000000 0.000000 0.000000 0.000000 1.000000
0.993683 0.057469 -0.096393 0.000000 0.063825 0.417092 0.906620 46.951000 0.092307 -0.907045 0.410789 0.000000 0.000000 0.000000 0.000000 1.000000
0.987986 0.040966 -0.149012 -0.000000 0.072714 0.727595 0.682143 46.951000 0.136365 -0.684783 0.715875 0.000000 0.000000 0.000000 0.000000 1.000000
0.998400 0.009766 -0.055694 0.000000 0.026423 0.790233 0.612237 46.951000 0.049990 -0.612729 0.788711 0.000000 0.000000 0.000000 0.000000 1.000000
0.999844 -0.016052 0.007423 0.000000 0.008480 0.803475 0.595277 46.951000 -0.015520 -0.595121 0.803486 -0.000000 0.000000 0.000000 0.000000 1.000000
0.999838 -0.014010 -0.011275 0.000000 0.017968 0.804170 0.594128 46.951000 0.000743 -0.594234 0.804292 0.000000 0.000000 0.000000 0.000000 1.000000
0.998970 -0.012927 -0.043502 0.000000 0.039196 0.728912 0.683484 46.951000 0.022874 -0.684485 0.728668 0.000000 0.000000 0.000000 0.000000 1.000000
0.999633 0.015889 -0.021956 0.000000 0.012116 0.462690 0.886438 46.951000 0.024243 -0.886378 0.462327 0.000000 0.000000 0.000000 0.000000 1.000000
0.998930 0.032326 -0.033074 0.000000 0.023708 0.256104 0.966358 46.951000 0.039709 -0.966109 0.255064 0.000000 0.000000 0.000000 0.000000 1.000000
0.998820 0.028721 -0.039163 -0.000000 0.034514 0.147543 0.988453 46.951000 0.034168 -0.988639 0.146378 0.000000 0.000000 0.000000 0.000000 1.000000
0.999339 -0.027726 -0.023530 0.000000 0.028823 0.209373 0.977411 46.951000 -0.022173 -0.977443 0.210033 0.000000 0.000000 0.000000 0.000000 1.000000</float_array>
        <technique_common>
          <accessor source="#mixamorig_LeftLeg-Matrix-animation-output-transform-array" count="26" stride="16">
            <param type="float4x4"/>
          </accessor>
        </technique_common>
      </source>
      <source id="mixamorig_LeftLeg-Interpolations">
        <Name_array id="mixamorig_LeftLeg-Interpolations-array" count="26">
 LINEAR LINEAR LINEAR LINEAR LINEAR LINEAR LINEAR LINEAR LINEAR LINEAR LINEAR
LINEAR LINEAR LINEAR LINEAR LINEAR LINEAR LINEAR LINEAR LINEAR LINEAR LINEAR LINEAR
LINEAR LINEAR LINEAR</Name_array>
        <technique_common>
          <accessor source="#mixamorig_LeftLeg-Interpolations-array" count="26">
            <param type="name"/>
          </accessor>
        </technique_common>
      </source>
      <sampler id="mixamorig_LeftLeg-Matrix-animation-transform">
        <input semantic="INPUT" source="#mixamorig_LeftLeg-Matrix-animation-input"/>
        <input semantic="OUTPUT" source="#mixamorig_LeftLeg-Matrix-animation-output-transform"/>
        <input semantic="INTERPOLATION" source="#mixamorig_LeftLeg-Interpolations"/>
      </sampler>
      <channel source="#mixamorig_LeftLeg-Matrix-animation-transform" target="mixamorig_LeftLeg/matrix"/>
    </animation>
    <animation id="mixamorig_LeftFoot-anim" name="mixamorig_LeftFoot">
      <source id="mixamorig_LeftFoot-Matrix-animation-input">
        <float_array id="mixamorig_LeftFoot-Matrix-animation-input-array" count="26">

0.000000 0.033333 0.066667 0.100000 0.133333 0.166667 0.200000 0.233333 0.266667 0.300000 0.333333 0.366667 0.400000 0.433333 0.466667 0.500000
0.533333 0.566667 0.600000 0.633333 0.666667 0.700000 0.733333 0.766667 0.800000 0.833333</float_array>
        <technique_common>
          <accessor source="#mixamorig_LeftFoot-Matrix-animation-input-array" count="26">
            <param name="TIME" type="float"/>
          </accessor>
        </technique_common>
      </source>
      <source id="mixamorig_LeftFoot-Matrix-animation-output-transform">
        <float_array id="mixamorig_LeftFoot-Matrix-animation-output-transform-array" count="416">

0.999235 -0.012461 0.037071 0.000000 0.038371 0.129122 -0.990886 55.112000 0.007561 0.991550 0.129501 0.000000 0.000000 0.000000 0.000000 1.000000
0.998735 -0.012417 0.048727 0.000000 0.049888 0.123307 -0.991114 55.112000 0.006298 0.992291 0.123771 -0.000000 0.000000 0.000000 0.000000 1.000000
0.998831 0.034529 -0.033818 0.000000 -0.045959 0.462037 -0.885669 55.112000 -0.014956 0.886188 0.463084 0.000000 0.000000 0.000000 0.000000 1.000000
0.967112 0.202133 -0.154389 0.000000 -0.254249 0.751178 -0.609170 55.112000 -0.007160 0.628389 0.777866 -0.000000 0.000000 0.000000 0.000000 1.000000
0.962655 0.227727 -0.146410 -0.000000 -0.270504 0.831202 -0.485727 55.112000 0.011083 0.507192 0.861762 0.000000 0.000000 0.000000 0.000000 1.000000
0.961173 0.235167 -0.144372 0.000000 -0.275810 0.835221 -0.475747 55.112000 0.008703 0.497094 0.867653 0.000000 0.000000 0.000000 0.000000 1.000000
0.969455 0.210103 -0.126545 0.000000 -0.244970 0.854911 -0.457294 55.112000 0.012106 0.474326 0.880266 0.000000 0.000000 0.000000 0.000000 1.000000
0.980539 0.166603 -0.103860 0.000000 -0.196286 0.842528 -0.501617 55.112000 0.003934 0.512241 0.858833 0.000000 0.000000 0.000000 0.000000 1.000000
0.980126 0.167737 -0.105911 -0.000000 -0.198343 0.819084 -0.538295 55.112000 -0.003542 0.548603 0.836075 0.000000 0.000000 0.000000 0.000000 1.000000
0.989308 0.121815 -0.080191 -0.000000 -0.145550 0.789974 -0.595614 55.112000 -0.009206 0.600917 0.799258 -0.000000 0.000000 0.000000 0.000000 1.000000
0.995334 0.079594 -0.054541 0.000000 -0.095844 0.750373 -0.654029 55.112000 -0.011131 0.656205 0.754501 -0.000000 0.000000 0.000000 0.000000 1.000000
0.997078 0.062119 -0.044455 0.000000 -0.075954 0.744391 -0.663410 55.112000 -0.008119 0.664848 0.746935 0.000000 0.000000 0.000000 0.000000 1.000000
0.998345 0.046567 -0.033757 0.000000 -0.057296 0.754052 -0.654310 55.112000 -0.005015 0.655161 0.755472 0.000000 0.000000 0.000000 0.000000 1.000000
0.999843 0.014968 -0.009498 0.000000 -0.017483 0.743976 -0.667977 55.112000 -0.002932 0.668038 0.744121 0.000000 0.000000 0.000000 0.000000 1.000000
0.999969 0.007684 -0.001414 0.000000 -0.006313 0.687964 -0.725717 55.112000 -0.004604 0.725704 0.687992 -0.000000 0.000000 0.000000 0.000000 1.000000
0.999844 -0.010560 0.014193 -0.000000 0.017660 0.642902 -0.765745 55.112000 -0.001039 0.765876 0.642987 -0.000000 0.000000 0.000000 0.000000 1.000000
0.999659 0.020486 -0.016185 0.000000 -0.025412 0.621171 -0.783263 55.112000 -0.005992 0.783407 0.621480 0.000000 0.000000 0.000000 0.000000 1.000000
0.998085 0.044136 -0.043349 0.000000 -0.061307 0.611830 -0.788610 55.112000 -0.008284 0.789757 0.613364 0.000000 0.000000 0.000000 0.000000 1.000000
0.996327 0.060097 -0.060999 0.000000 -0.083497 0.523808 -0.847735 55.112000 -0.018994 0.849714 0.526902 0.000000 0.000000 0.000000 0.000000 1.000000
0.987929 0.105039 -0.113854 0.000000 -0.150410 0.474655 -0.867225 55.112000 -0.037051 0.873882 0.484725 0.000000 0.000000 0.000000 0.000000 1.000000
0.986125 0.111530 -0.122960 0.000000 -0.161954 0.483674 -0.860134 55.112000 -0.036458 0.868113 0.495026 0.000000 0.000000 0.000000 0.000000 1.000000
0.999104 0.029905 -0.029948 0.000000 -0.042026 0.617309 -0.785598 55.112000 -0.005006 0.786152 0.618013 -0.000000 0.000000 0.000000 0.000000 1.000000
0.999430 -0.024811 0.022880 -0.000000 0.033073 0.584878 -0.810446 55.112000 0.006726 0.810741 0.585366 -0.000000 0.000000 0.000000 0.000000 1.000000
0.999077 -0.027434 0.033064 0.000000 0.041078 0.384440 -0.922236 55.112000 0.012590 0.922742 0.385212 0.000000 0.000000 0.000000 0.000000 1.000000
0.999187 -0.021364 0.034192 0.000000 0.037530 0.182962 -0.982403 55.112000 0.014732 0.982888 0.183615 0.000000 0.000000 0.000000 0.000000 1.000000
0.999235 -0.012461 0.037071 0.000000 0.038371 0.129122 -0.990886 55.112000 0.007561 0.991550 0.129501 0.000000 0.000000 0.000000 0.000000 1.000000</float_array>
        <technique_common>
          <accessor source="#mixamorig_LeftFoot-Matrix-animation-output-transform-array" count="26" stride="16">
            <param type="float4x4"/>
          </accessor>
        </technique_common>
      </source>
      <source id="mixamorig_LeftFoot-Interpolations">
        <Name_array id="mixamorig_LeftFoot-Interpolations-array" count="26">
 LINEAR LINEAR LINEAR LINEAR LINEAR LINEAR LINEAR LINEAR LINEAR LINEAR LINEAR
LINEAR LINEAR LINEAR LINEAR LINEAR LINEAR LINEAR LINEAR LINEAR LINEAR LINEAR LINEAR
LINEAR LINEAR LINEAR</Name_array>
        <technique_common>
          <accessor source="#mixamorig_LeftFoot-Interpolations-array" count="26">
            <param type="name"/>
          </accessor>
        </technique_common>
      </source>
      <sampler id="mixamorig_LeftFoot-Matrix-animation-transform">
        <input semantic="INPUT" source="#mixamorig_LeftFoot-Matrix-animation-input"/>
        <input semantic="OUTPUT" source="#mixamorig_LeftFoot-Matrix-animation-output-transform"/>
        <input semantic="INTERPOLATION" source="#mixamorig_LeftFoot-Interpolations"/>
      </sampler>
      <channel source="#mixamorig_LeftFoot-Matrix-animation-transform" target="mixamorig_LeftFoot/matrix"/>
    </animation>
    <animation id="mixamorig_LeftToeBase-anim" name="mixamorig_LeftToeBase">
      <source id="mixamorig_LeftToeBase-Matrix-animation-input">
        <float_array id="mixamorig_LeftToeBase-Matrix-animation-input-array" count="26">

0.000000 0.033333 0.066667 0.100000 0.133333 0.166667 0.200000 0.233333 0.266667 0.300000 0.333333 0.366667 0.400000 0.433333 0.466667 0.500000
0.533333 0.566667 0.600000 0.633333 0.666667 0.700000 0.733333 0.766667 0.800000 0.833333</float_array>
        <technique_common>
          <accessor source="#mixamorig_LeftToeBase-Matrix-animation-input-array" count="26">
            <param name="TIME" type="float"/>
          </accessor>
        </technique_common>
      </source>
      <source id="mixamorig_LeftToeBase-Matrix-animation-output-transform">
        <float_array id="mixamorig_LeftToeBase-Matrix-animation-output-transform-array" count="416">

0.974223 0.224698 0.020037 0.000000 -0.111851 0.558264 -0.822089 22.799999 -0.195907 0.798657 0.569006 0.000000 0.000000 0.000000 0.000000 1.000000
0.969699 0.242726 0.027724 0.000000 -0.093266 0.472688 -0.876281 22.799999 -0.225801 0.847142 0.481003 0.000000 0.000000 0.000000 0.000000 1.000000
0.967917 0.223143 0.115513 0.000000 0.047285 0.289746 -0.955935 22.799999 -0.246780 0.930728 0.269898 0.000000 0.000000 0.000000 0.000000 1.000000
0.938531 0.157465 0.307189 0.000000 0.224875 0.396267 -0.890171 22.799999 -0.261900 0.904531 0.336499 -0.000000 0.000000 0.000000 0.000000 1.000000
0.988711 0.056627 0.138720 0.000000 0.078160 0.594961 -0.799945 22.799999 -0.127831 0.801757 0.583819 0.000000 0.000000 0.000000 0.000000 1.000000
0.996586 0.049084 0.066381 -0.000000 0.021032 0.626588 -0.779067 22.799999 -0.079833 0.777804 0.623416 0.000000 0.000000 0.000000 0.000000 1.000000
0.992575 0.097523 0.072690 0.000000 0.006338 0.555334 -0.831603 22.799999 -0.121468 0.825889 0.550593 0.000000 0.000000 0.000000 0.000000 1.000000
0.981259 0.163423 0.102099 0.000000 0.016486 0.456706 -0.889465 22.799999 -0.191988 0.874478 0.445452 0.000000 0.000000 0.000000 0.000000 1.000000
0.971445 0.210125 0.110187 0.000000 0.011652 0.421595 -0.906710 22.799999 -0.236977 0.882103 0.407108 0.000000 0.000000 0.000000 0.000000 1.000000
0.974607 0.197123 0.106221 0.000000 0.009543 0.437374 -0.899229 22.799999 -0.223717 0.877409 0.424387 0.000000 0.000000 0.000000 0.000000 1.000000
0.980042 0.174787 0.094696 0.000000 0.001263 0.470878 -0.882198 22.799999 -0.198787 0.864710 0.461259 0.000000 0.000000 0.000000 0.000000 1.000000
0.980273 0.178770 0.084298 0.000000 -0.018420 0.507282 -0.861583 22.799999 -0.196788 0.843034 0.500568 0.000000 0.000000 0.000000 0.000000 1.000000
0.981261 0.172732 0.085390 0.000000 -0.015846 0.513995 -0.857647 22.799999 -0.192033 0.840222 0.507100 0.000000 0.000000 0.000000 0.000000 1.000000
0.982706 0.162583 0.088632 0.000000 -0.007868 0.514876 -0.857229 22.799999 -0.185006 0.841706 0.507251 -0.000000 0.000000 0.000000 0.000000 1.000000
0.980090 0.179982 0.083849 0.000000 -0.028962 0.547367 -0.836391 22.799999 -0.196432 0.817310 0.541682 0.000000 0.000000 0.000000 0.000000 1.000000
0.982899 0.166691 0.078252 0.000000 -0.031301 0.570006 -0.821044 22.799999 -0.181464 0.804554 0.565476 0.000000 0.000000 0.000000 0.000000 1.000000
0.979246 0.185881 0.080785 0.000000 -0.045478 0.589949 -0.806159 22.799999 -0.197509 0.785754 0.586158 -0.000000 0.000000 0.000000 0.000000 1.000000
0.964456 0.244047 0.101319 0.000000 -0.064993 0.590736 -0.804243 22.799999 -0.256125 0.769072 0.585600 -0.000000 0.000000 0.000000 0.000000 1.000000
0.969219 0.225907 0.097877 0.000000 -0.061832 0.608165 -0.791399 22.799999 -0.238308 0.760987 0.603414 -0.000000 0.000000 0.000000 0.000000 1.000000
0.961669 0.250778 0.110918 0.000000 -0.068348 0.610944 -0.788718 22.799999 -0.265558 0.750905 0.604666 0.000000 0.000000 0.000000 0.000000 1.000000
0.957864 0.258181 0.125854 0.000000 -0.054345 0.593173 -0.803239 22.799999 -0.282034 0.762554 0.582210 -0.000000 0.000000 0.000000 0.000000 1.000000
0.966646 0.222330 0.127140 0.000000 -0.025607 0.577829 -0.815756 22.799999 -0.254832 0.785292 0.564249 -0.000000 0.000000 0.000000 0.000000 1.000000
0.974783 0.200371 0.098231 0.000000 -0.058048 0.652718 -0.755374 22.799999 -0.215472 0.730624 0.647889 -0.000000 0.000000 0.000000 0.000000 1.000000
0.976473 0.209733 0.050130 0.000000 -0.100524 0.648390 -0.754643 22.799999 -0.190777 0.731849 0.654218 -0.000000 0.000000 0.000000 0.000000 1.000000
0.976781 0.211871 0.031768 0.000000 -0.111374 0.628844 -0.769513 22.799999 -0.183015 0.748108 0.637840 0.000000 0.000000 0.000000 0.000000 1.000000
0.974223 0.224698 0.020037 0.000000 -0.111851 0.558264 -0.822089 22.799999 -0.195907 0.798657 0.569006 0.000000 0.000000 0.000000 0.000000 1.000000</float_array>
        <technique_common>
          <accessor source="#mixamorig_LeftToeBase-Matrix-animation-output-transform-array" count="26" stride="16">
            <param type="float4x4"/>
          </accessor>
        </technique_common>
      </source>
      <source id="mixamorig_LeftToeBase-Interpolations">
        <Name_array id="mixamorig_LeftToeBase-Interpolations-array" count="26">
 LINEAR LINEAR LINEAR LINEAR LINEAR LINEAR LINEAR LINEAR LINEAR LINEAR LINEAR
LINEAR LINEAR LINEAR LINEAR LINEAR LINEAR LINEAR LINEAR LINEAR LINEAR LINEAR LINEAR
LINEAR LINEAR LINEAR</Name_array>
        <technique_common>
          <accessor source="#mixamorig_LeftToeBase-Interpolations-array" count="26">
            <param type="name"/>
          </accessor>
        </technique_common>
      </source>
      <sampler id="mixamorig_LeftToeBase-Matrix-animation-transform">
        <input semantic="INPUT" source="#mixamorig_LeftToeBase-Matrix-animation-input"/>
        <input semantic="OUTPUT" source="#mixamorig_LeftToeBase-Matrix-animation-output-transform"/>
        <input semantic="INTERPOLATION" source="#mixamorig_LeftToeBase-Interpolations"/>
      </sampler>
      <channel source="#mixamorig_LeftToeBase-Matrix-animation-transform" target="mixamorig_LeftToeBase/matrix"/>
    </animation>
    <animation id="mixamorig_RightUpLeg-anim" name="mixamorig_RightUpLeg">
      <source id="mixamorig_RightUpLeg-Matrix-animation-input">
        <float_array id="mixamorig_RightUpLeg-Matrix-animation-input-array" count="26">

0.000000 0.033333 0.066667 0.100000 0.133333 0.166667 0.200000 0.233333 0.266667 0.300000 0.333333 0.366667 0.400000 0.433333 0.466667 0.500000
0.533333 0.566667 0.600000 0.633333 0.666667 0.700000 0.733333 0.766667 0.800000 0.833333</float_array>
        <technique_common>
          <accessor source="#mixamorig_RightUpLeg-Matrix-animation-input-array" count="26">
            <param name="TIME" type="float"/>
          </accessor>
        </technique_common>
      </source>
      <source id="mixamorig_RightUpLeg-Matrix-animation-output-transform">
        <float_array id="mixamorig_RightUpLeg-Matrix-animation-output-transform-array" count="416">

-0.999108 -0.030188 -0.029539 -12.883000 -0.010179 -0.506653 0.862090 -6.336200 -0.040991 0.861621 0.505894 -1.092800 0.000000 0.000000 0.000000 1.000000
-0.999295 -0.036217 0.009928 -12.883000 0.024397 -0.425111 0.904813 -6.336200 -0.028549 0.904417 0.425694 -1.092800 0.000000 0.000000 0.000000 1.000000
-0.999440 -0.026716 0.020126 -12.883000 0.030218 -0.463175 0.885752 -6.336200 -0.014342 0.885864 0.463723 -1.092800 0.000000 0.000000 0.000000 1.000000
-0.999658 0.021443 0.014981 -12.883000 0.000391 -0.560420 0.828208 -6.336200 0.026155 0.827931 0.560220 -1.092800 0.000000 0.000000 0.000000 1.000000
-0.995137 0.094759 0.026903 -12.883000 -0.041189 -0.648379 0.760203 -6.336200 0.089479 0.755398 0.649129 -1.092800 0.000000 0.000000 0.000000 1.000000
-0.992406 0.114357 0.045317 -12.883000 -0.035293 -0.617620 0.785685 -6.336200 0.117837 0.778118 0.616965 -1.092800 0.000000 0.000000 0.000000 1.000000
-0.992949 0.111530 0.040163 -12.883000 -0.037987 -0.620317 0.783431 -6.336200 0.112290 0.776381 0.620180 -1.092800 0.000000 0.000000 0.000000 1.000000
-0.990560 0.130459 0.042083 -12.883000 -0.054664 -0.657473 0.751493 -6.336200 0.125708 0.742098 0.658398 -1.092800 0.000000 0.000000 0.000000 1.000000
-0.985314 0.165871 0.040535 -12.883000 -0.088905 -0.701031 0.707567 -6.336200 0.145782 0.693572 0.705483 -1.092800 0.000000 0.000000 0.000000 1.000000
-0.981275 0.192142 0.013427 -12.883000 -0.116345 -0.646848 0.753692 -6.336200 0.153501 0.738017 0.657091 -1.092800 0.000000 0.000000 0.000000 1.000000
-0.985404 0.167313 -0.031388 -12.883000 -0.126199 -0.594243 0.794323 -6.336200 0.114249 0.786690 0.606685 -1.092800 0.000000 0.000000 0.000000 1.000000
-0.987031 0.141544 -0.075726 -12.883000 -0.149900 -0.643897 0.750285 -6.336200 0.057439 0.751906 0.656764 -1.092800 0.000000 0.000000 0.000000 1.000000
-0.988091 0.125120 -0.089562 -12.883000 -0.153771 -0.781970 0.604050 -6.336200 0.005544 0.610629 0.791898 -1.092800 0.000000 0.000000 0.000000 1.000000
-0.990134 0.107689 -0.089648 -12.883000 -0.131289 -0.936552 0.325015 -6.336200 -0.048960 0.333578 0.941450 -1.092800 0.000000 0.000000 0.000000 1.000000
-0.990585 0.070109 -0.117581 -12.883000 -0.077771 -0.995048 0.061890 -6.336200 -0.112660 0.070452 0.991133 -1.092800 0.000000 0.000000 0.000000 1.000000
-0.984858 0.024130 -0.171678 -12.883000 -0.019474 -0.999397 -0.028751 -6.336200 -0.172268 -0.024972 0.984734 -1.092800 0.000000 0.000000 0.000000 1.000000
-0.980312 -0.017067 -0.196716 -12.883000 0.033283 -0.996285 -0.079420 -6.336200 -0.194630 -0.084404 0.977239 -1.092800 0.000000 0.000000 0.000000 1.000000
-0.987707 0.001315 -0.156313 -12.883000 0.018636 -0.991843 -0.126099 -6.336200 -0.155204 -0.127462 0.979625 -1.092800 0.000000 0.000000 0.000000 1.000000
-0.991420 0.020394 -0.129114 -12.883000 -0.003912 -0.991940 -0.126645 -6.336200 -0.130656 -0.125053 0.983509 -1.092800 0.000000 0.000000 0.000000 1.000000
-0.991956 0.006743 -0.126401 -12.883000 0.002808 -0.997163 -0.075226 -6.336200 -0.126550 -0.074976 0.989123 -1.092800 0.000000 0.000000 0.000000 1.000000
-0.992898 -0.026655 -0.115944 -12.883000 0.021975 -0.998899 0.041456 -6.336200 -0.116921 0.038614 0.992390 -1.092800 0.000000 0.000000 0.000000 1.000000
-0.994599 -0.058963 -0.085419 -12.883000 0.040987 -0.979205 0.198690 -6.336200 -0.095358 0.194116 0.976333 -1.092800 0.000000 0.000000 0.000000 1.000000
-0.996933 -0.062982 -0.046455 -12.883000 0.039588 -0.917888 0.394859 -6.336200 -0.067509 0.391809 0.917566 -1.092800 0.000000 0.000000 0.000000 1.000000
-0.997556 -0.065947 -0.023082 -12.883000 0.037179 -0.780723 0.623771 -6.336200 -0.059157 0.621388 0.781266 -1.092800 0.000000 0.000000 0.000000 1.000000
-0.999737 -0.018639 0.013390 -12.883000 0.021977 -0.609431 0.792535 -6.336200 -0.006612 0.792620 0.609680 -1.092800 0.000000 0.000000 0.000000 1.000000
-0.999108 -0.030188 -0.029539 -12.883000 -0.010179 -0.506653 0.862090 -6.336200 -0.040991 0.861621 0.505894 -1.092800 0.000000 0.000000 0.000000 1.000000</float_array>
        <technique_common>
          <accessor source="#mixamorig_RightUpLeg-Matrix-animation-output-transform-array" count="26" stride="16">
            <param type="float4x4"/>
          </accessor>
        </technique_common>
      </source>
      <source id="mixamorig_RightUpLeg-Interpolations">
        <Name_array id="mixamorig_RightUpLeg-Interpolations-array" count="26">
 LINEAR LINEAR LINEAR LINEAR LINEAR LINEAR LINEAR LINEAR LINEAR LINEAR LINEAR
LINEAR LINEAR LINEAR LINEAR LINEAR LINEAR LINEAR LINEAR LINEAR LINEAR LINEAR LINEAR
LINEAR LINEAR LINEAR</Name_array>
        <technique_common>
          <accessor source="#mixamorig_RightUpLeg-Interpolations-array" count="26">
            <param type="name"/>
          </accessor>
        </technique_common>
      </source>
      <sampler id="mixamorig_RightUpLeg-Matrix-animation-transform">
        <input semantic="INPUT" source="#mixamorig_RightUpLeg-Matrix-animation-input"/>
        <input semantic="OUTPUT" source="#mixamorig_RightUpLeg-Matrix-animation-output-transform"/>
        <input semantic="INTERPOLATION" source="#mixamorig_RightUpLeg-Interpolations"/>
      </sampler>
      <channel source="#mixamorig_RightUpLeg-Matrix-animation-transform" target="mixamorig_RightUpLeg/matrix"/>
    </animation>
    <animation id="mixamorig_RightLeg-anim" name="mixamorig_RightLeg">
      <source id="mixamorig_RightLeg-Matrix-animation-input">
        <float_array id="mixamorig_RightLeg-Matrix-animation-input-array" count="26">

0.000000 0.033333 0.066667 0.100000 0.133333 0.166667 0.200000 0.233333 0.266667 0.300000 0.333333 0.366667 0.400000 0.433333 0.466667 0.500000
0.533333 0.566667 0.600000 0.633333 0.666667 0.700000 0.733333 0.766667 0.800000 0.833333</float_array>
        <technique_common>
          <accessor source="#mixamorig_RightLeg-Matrix-animation-input-array" count="26">
            <param name="TIME" type="float"/>
          </accessor>
        </technique_common>
      </source>
      <source id="mixamorig_RightLeg-Matrix-animation-output-transform">
        <float_array id="mixamorig_RightLeg-Matrix-animation-output-transform-array" count="416">

0.975700 0.007632 0.218978 0.000000 -0.180640 -0.537611 0.823616 46.951099 0.124011 -0.843158 -0.523169 -0.000000 0.000000 0.000000 0.000000 1.000000
0.985052 -0.002197 0.172243 0.000000 -0.160555 -0.373976 0.913435 46.951099 0.062408 -0.927436 -0.368739 -0.000000 0.000000 0.000000 0.000000 1.000000
0.983769 -0.043728 0.174028 0.000000 -0.175969 -0.045345 0.983351 46.951099 -0.035109 -0.998014 -0.052304 0.000000 0.000000 0.000000 0.000000 1.000000
0.987772 -0.058385 0.144560 -0.000000 -0.113596 0.365549 0.923834 46.951099 -0.106782 -0.928959 0.354447 0.000000 0.000000 0.000000 0.000000 1.000000
0.988738 -0.046231 0.142334 0.000000 -0.069133 0.702426 0.708391 46.951099 -0.132729 -0.710253 0.691320 0.000000 0.000000 0.000000 0.000000 1.000000
0.992280 -0.032123 0.119782 0.000000 -0.057300 0.737833 0.672547 46.951099 -0.109984 -0.674219 0.730296 0.000000 0.000000 0.000000 0.000000 1.000000
0.997707 -0.024580 0.063065 0.000000 -0.023240 0.750688 0.660248 46.951099 -0.063572 -0.660200 0.748395 0.000000 0.000000 0.000000 0.000000 1.000000
0.997770 -0.015250 0.064987 0.000000 -0.029708 0.770378 0.636895 46.951099 -0.059778 -0.637405 0.768206 -0.000000 0.000000 0.000000 0.000000 1.000000
0.996879 -0.011026 0.078176 0.000000 -0.040374 0.779736 0.624806 46.951099 -0.067846 -0.626012 0.776857 -0.000000 0.000000 0.000000 0.000000 1.000000
0.996753 -0.006928 0.080223 -0.000000 -0.057229 0.639910 0.766316 46.951099 -0.056645 -0.768419 0.637435 0.000000 0.000000 0.000000 0.000000 1.000000
0.999182 -0.013667 0.038062 -0.000000 -0.030933 0.347965 0.936997 46.951099 -0.026051 -0.937408 0.347257 0.000000 0.000000 0.000000 0.000000 1.000000
0.999808 -0.019064 -0.004613 -0.000000 0.008130 0.188741 0.981993 46.951099 -0.017850 -0.981842 0.188860 0.000000 0.000000 0.000000 0.000000 1.000000
0.999308 0.001159 -0.037182 0.000000 0.036269 0.191897 0.980745 46.951099 0.008272 -0.981414 0.191722 0.000000 0.000000 0.000000 0.000000 1.000000
0.996507 0.047072 -0.068976 -0.000000 0.044250 0.402840 0.914200 46.951099 0.070820 -0.914059 0.399350 -0.000000 0.000000 0.000000 0.000000 1.000000
0.991302 0.071011 -0.110810 0.000000 0.041662 0.629339 0.776013 46.951099 0.124842 -0.773879 0.620907 0.000000 0.000000 0.000000 0.000000 1.000000
0.988594 0.099449 -0.113102 0.000000 0.012841 0.692588 0.721219 46.951099 0.150058 -0.714445 0.683411 0.000000 0.000000 0.000000 0.000000 1.000000
0.990595 0.096120 -0.097378 -0.000000 0.001059 0.706283 0.707929 46.951099 0.136822 -0.701374 0.699538 0.000000 0.000000 0.000000 0.000000 1.000000
0.988748 0.117666 -0.092375 -0.000000 -0.008006 0.658241 0.752765 46.951099 0.149379 -0.743555 0.651776 -0.000000 0.000000 0.000000 0.000000 1.000000
0.988557 0.141826 -0.051390 0.000000 -0.024482 0.486991 0.873064 46.951099 0.148849 -0.861815 0.484890 0.000000 0.000000 0.000000 0.000000 1.000000
0.991464 0.126600 0.031182 -0.000000 -0.064741 0.270427 0.960561 46.951099 0.113174 -0.954380 0.276314 0.000000 0.000000 0.000000 0.000000 1.000000
0.988380 0.095655 0.118128 -0.000000 -0.121147 0.026381 0.992284 46.951099 0.091801 -0.995065 0.037662 0.000000 0.000000 0.000000 0.000000 1.000000
0.974950 0.058953 0.214467 0.000000 -0.197010 -0.218686 0.955701 46.951099 0.103242 -0.974013 -0.201593 -0.000000 0.000000 0.000000 0.000000 1.000000
0.967672 0.038923 0.249190 0.000000 -0.205108 -0.453513 0.867327 46.951099 0.146770 -0.890399 -0.430869 0.000000 0.000000 0.000000 0.000000 1.000000
0.975986 0.042258 0.213696 0.000000 -0.146959 -0.596393 0.789125 46.951099 0.160794 -0.801580 -0.575861 -0.000000 0.000000 0.000000 0.000000 1.000000
0.978356 0.033816 0.204148 0.000000 -0.136923 -0.633910 0.761190 46.951099 0.155152 -0.772667 -0.615560 0.000000 0.000000 0.000000 0.000000 1.000000
0.975700 0.007632 0.218978 0.000000 -0.180640 -0.537611 0.823616 46.951099 0.124011 -0.843158 -0.523169 -0.000000 0.000000 0.000000 0.000000 1.000000</float_array>
        <technique_common>
          <accessor source="#mixamorig_RightLeg-Matrix-animation-output-transform-array" count="26" stride="16">
            <param type="float4x4"/>
          </accessor>
        </technique_common>
      </source>
      <source id="mixamorig_RightLeg-Interpolations">
        <Name_array id="mixamorig_RightLeg-Interpolations-array" count="26">
 LINEAR LINEAR LINEAR LINEAR LINEAR LINEAR LINEAR LINEAR LINEAR LINEAR LINEAR
LINEAR LINEAR LINEAR LINEAR LINEAR LINEAR LINEAR LINEAR LINEAR LINEAR LINEAR LINEAR
LINEAR LINEAR LINEAR</Name_array>
        <technique_common>
          <accessor source="#mixamorig_RightLeg-Interpolations-array" count="26">
            <param type="name"/>
          </accessor>
        </technique_common>
      </source>
      <sampler id="mixamorig_RightLeg-Matrix-animation-transform">
        <input semantic="INPUT" source="#mixamorig_RightLeg-Matrix-animation-input"/>
        <input semantic="OUTPUT" source="#mixamorig_RightLeg-Matrix-animation-output-transform"/>
        <input semantic="INTERPOLATION" source="#mixamorig_RightLeg-Interpolations"/>
      </sampler>
      <channel source="#mixamorig_RightLeg-Matrix-animation-transform" target="mixamorig_RightLeg/matrix"/>
    </animation>
    <animation id="mixamorig_RightFoot-anim" name="mixamorig_RightFoot">
      <source id="mixamorig_RightFoot-Matrix-animation-input">
        <float_array id="mixamorig_RightFoot-Matrix-animation-input-array" count="26">

0.000000 0.033333 0.066667 0.100000 0.133333 0.166667 0.200000 0.233333 0.266667 0.300000 0.333333 0.366667 0.400000 0.433333 0.466667 0.500000
0.533333 0.566667 0.600000 0.633333 0.666667 0.700000 0.733333 0.766667 0.800000 0.833333</float_array>
        <technique_common>
          <accessor source="#mixamorig_RightFoot-Matrix-animation-input-array" count="26">
            <param name="TIME" type="float"/>
          </accessor>
        </technique_common>
      </source>
      <source id="mixamorig_RightFoot-Matrix-animation-output-transform">
        <float_array id="mixamorig_RightFoot-Matrix-animation-output-transform-array" count="416">

0.993098 0.071940 -0.092631 -0.000000 -0.115370 0.457032 -0.881937 55.112000 -0.021112 0.886536 0.462177 0.000000 0.000000 0.000000 0.000000 1.000000
0.994440 -0.072112 0.076743 0.000000 0.099806 0.412934 -0.905276 55.112000 0.033592 0.907902 0.417835 0.000000 0.000000 0.000000 0.000000 1.000000
0.999585 -0.020186 0.020574 -0.000000 0.026956 0.402008 -0.915239 55.112000 0.010204 0.915414 0.402385 0.000000 0.000000 0.000000 0.000000 1.000000
0.999866 -0.009463 0.013360 0.000000 0.015999 0.391397 -0.920083 55.112000 0.003477 0.920173 0.391496 0.000000 0.000000 0.000000 0.000000 1.000000
0.999190 -0.020872 0.034406 0.000000 0.039842 0.392835 -0.918745 55.112000 0.005660 0.919372 0.393348 -0.000000 0.000000 0.000000 0.000000 1.000000
0.998770 -0.024313 0.043220 0.000000 0.048416 0.289639 -0.955911 55.112000 0.010723 0.956827 0.290459 0.000000 0.000000 0.000000 0.000000 1.000000
0.999419 -0.014343 0.030920 -0.000000 0.033508 0.247191 -0.968387 55.112000 0.006246 0.968861 0.247528 0.000000 0.000000 0.000000 0.000000 1.000000
0.999500 -0.011893 0.029311 0.000000 0.031445 0.272751 -0.961571 55.112000 0.003441 0.962011 0.272989 0.000000 0.000000 0.000000 0.000000 1.000000
0.999665 0.020412 -0.015910 0.000000 -0.022140 0.356207 -0.934145 55.112000 -0.013400 0.934184 0.356539 0.000000 0.000000 0.000000 0.000000 1.000000
0.996638 0.060398 -0.055361 0.000000 -0.079863 0.565288 -0.821018 55.112000 -0.018293 0.822679 0.568211 -0.000000 0.000000 0.000000 0.000000 1.000000
0.996321 0.059367 -0.061800 0.000000 -0.081113 0.420630 -0.903599 55.112000 -0.027649 0.905288 0.423898 0.000000 0.000000 0.000000 0.000000 1.000000
0.993811 0.064917 -0.090137 0.000000 -0.101183 0.194211 -0.975727 55.112000 -0.045835 0.978809 0.199578 0.000000 0.000000 0.000000 0.000000 1.000000
0.993066 0.056734 -0.102963 0.000000 -0.102689 -0.007744 -0.994683 55.112000 -0.057229 0.998359 -0.001864 -0.000000 0.000000 0.000000 0.000000 1.000000
0.994283 0.046179 -0.096278 0.000000 -0.091655 -0.093513 -0.991390 55.112000 -0.054784 0.994547 -0.088746 0.000000 0.000000 0.000000 0.000000 1.000000
0.995207 0.049572 -0.084299 0.000000 -0.090422 0.138080 -0.986285 55.112000 -0.037252 0.989180 0.141900 0.000000 0.000000 0.000000 0.000000 1.000000
0.999904 0.008955 -0.010534 0.000000 -0.013675 0.528233 -0.848989 55.112000 -0.002038 0.849052 0.528305 0.000000 0.000000 0.000000 0.000000 1.000000
0.999823 -0.014270 0.012265 0.000000 0.018352 0.595577 -0.803089 55.112000 0.004155 0.803171 0.595733 0.000000 0.000000 0.000000 0.000000 1.000000
0.999787 -0.015570 0.013540 0.000000 0.020373 0.640671 -0.767545 55.112000 0.003276 0.767657 0.640852 0.000000 0.000000 0.000000 0.000000 1.000000
0.997782 -0.047212 0.046929 0.000000 0.066326 0.644984 -0.761312 55.112000 0.005674 0.762736 0.646685 0.000000 0.000000 0.000000 0.000000 1.000000
0.994849 -0.072784 0.070550 0.000000 0.101109 0.663134 -0.741640 55.112000 0.007196 0.744954 0.667077 -0.000000 0.000000 0.000000 0.000000 1.000000
0.994462 -0.074544 0.074080 0.000000 0.104621 0.635463 -0.765011 55.112000 0.009952 0.768525 0.639742 0.000000 0.000000 0.000000 0.000000 1.000000
0.993245 -0.081714 0.082382 0.000000 0.115030 0.600200 -0.791536 55.112000 0.015234 0.795665 0.605545 0.000000 0.000000 0.000000 0.000000 1.000000
0.998970 -0.032364 0.031802 0.000000 0.044037 0.522705 -0.851376 55.112000 0.010931 0.851899 0.523592 0.000000 0.000000 0.000000 0.000000 1.000000
0.999928 0.005233 -0.010811 -0.000000 -0.011978 0.500780 -0.865491 55.112000 0.000884 0.865559 0.500807 -0.000000 0.000000 0.000000 0.000000 1.000000
0.998332 0.034826 -0.046047 0.000000 -0.057145 0.482411 -0.874079 55.112000 -0.008227 0.875253 0.483596 -0.000000 0.000000 0.000000 0.000000 1.000000
0.993098 0.071940 -0.092631 -0.000000 -0.115370 0.457032 -0.881937 55.112000 -0.021112 0.886536 0.462177 0.000000 0.000000 0.000000 0.000000 1.000000</float_array>
        <technique_common>
          <accessor source="#mixamorig_RightFoot-Matrix-animation-output-transform-array" count="26" stride="16">
            <param type="float4x4"/>
          </accessor>
        </technique_common>
      </source>
      <source id="mixamorig_RightFoot-Interpolations">
        <Name_array id="mixamorig_RightFoot-Interpolations-array" count="26">
 LINEAR LINEAR LINEAR LINEAR LINEAR LINEAR LINEAR LINEAR LINEAR LINEAR LINEAR
LINEAR LINEAR LINEAR LINEAR LINEAR LINEAR LINEAR LINEAR LINEAR LINEAR LINEAR LINEAR
LINEAR LINEAR LINEAR</Name_array>
        <technique_common>
          <accessor source="#mixamorig_RightFoot-Interpolations-array" count="26">
            <param type="name"/>
          </accessor>
        </technique_common>
      </source>
      <sampler id="mixamorig_RightFoot-Matrix-animation-transform">
        <input semantic="INPUT" source="#mixamorig_RightFoot-Matrix-animation-input"/>
        <input semantic="OUTPUT" source="#mixamorig_RightFoot-Matrix-animation-output-transform"/>
        <input semantic="INTERPOLATION" source="#mixamorig_RightFoot-Interpolations"/>
      </sampler>
      <channel source="#mixamorig_RightFoot-Matrix-animation-transform" target="mixamorig_RightFoot/matrix"/>
    </animation>
    <animation id="mixamorig_RightToeBase-anim" name="mixamorig_RightToeBase">
      <source id="mixamorig_RightToeBase-Matrix-animation-input">
        <float_array id="mixamorig_RightToeBase-Matrix-animation-input-array" count="26">

0.000000 0.033333 0.066667 0.100000 0.133333 0.166667 0.200000 0.233333 0.266667 0.300000 0.333333 0.366667 0.400000 0.433333 0.466667 0.500000
0.533333 0.566667 0.600000 0.633333 0.666667 0.700000 0.733333 0.766667 0.800000 0.833333</float_array>
        <technique_common>
          <accessor source="#mixamorig_RightToeBase-Matrix-animation-input-array" count="26">
            <param name="TIME" type="float"/>
          </accessor>
        </technique_common>
      </source>
      <source id="mixamorig_RightToeBase-Matrix-animation-output-transform">
        <float_array id="mixamorig_RightToeBase-Matrix-animation-output-transform-array" count="416">

0.992056 -0.050455 0.115238 0.000000 0.117293 0.702107 -0.702344 22.799999 -0.045473 0.710281 0.702447 0.000000 0.000000 0.000000 0.000000 1.000000
0.997751 0.021257 -0.063571 0.000000 -0.059280 0.722523 -0.688801 22.799999 0.031290 0.691020 0.722158 -0.000000 0.000000 0.000000 0.000000 1.000000
0.999085 -0.032178 -0.028190 0.000000 0.001605 0.686692 -0.726947 22.799999 0.042750 0.726236 0.686115 0.000000 0.000000 0.000000 0.000000 1.000000
0.998271 -0.057318 0.012997 -0.000000 0.048230 0.672531 -0.738496 22.799999 0.033588 0.737846 0.674133 0.000000 0.000000 0.000000 0.000000 1.000000
0.997062 -0.071785 0.026716 0.000000 0.067639 0.661504 -0.746885 22.799999 0.035942 0.746498 0.664416 0.000000 0.000000 0.000000 0.000000 1.000000
0.998221 -0.059415 0.004963 -0.000000 0.043509 0.669016 -0.741974 22.799999 0.040764 0.740870 0.670411 0.000000 0.000000 0.000000 0.000000 1.000000
0.995103 -0.074494 0.064963 0.000000 0.098150 0.667180 -0.738402 22.799999 0.011665 0.741162 0.671225 0.000000 0.000000 0.000000 0.000000 1.000000
0.996402 -0.070609 0.046870 0.000000 0.082108 0.667316 -0.740234 22.799999 0.020990 0.741420 0.670713 0.000000 0.000000 0.000000 0.000000 1.000000
0.997202 -0.065646 0.035748 0.000000 0.070593 0.669843 -0.739140 22.799999 0.024575 0.739596 0.672603 0.000000 0.000000 0.000000 0.000000 1.000000
0.995956 -0.081321 0.038185 -0.000000 0.082255 0.654476 -0.751595 22.799999 0.036130 0.751696 0.658519 0.000000 0.000000 0.000000 0.000000 1.000000
0.997071 -0.075892 0.009488 0.000000 0.056687 0.650026 -0.757794 22.799999 0.051343 0.756113 0.652424 0.000000 0.000000 0.000000 0.000000 1.000000
0.996959 -0.076288 0.015917 0.000000 0.061878 0.650746 -0.756770 22.799999 0.047375 0.755453 0.653488 -0.000000 0.000000 0.000000 0.000000 1.000000
0.996600 -0.078114 0.026221 0.000000 0.070949 0.651689 -0.755161 22.799999 0.041901 0.754453 0.655015 0.000000 0.000000 0.000000 0.000000 1.000000
0.997328 -0.072950 0.003965 0.000000 0.050257 0.645675 -0.761957 22.799999 0.053025 0.760120 0.647616 0.000000 0.000000 0.000000 0.000000 1.000000
0.996213 -0.080521 -0.032796 -0.000000 0.004610 0.425601 -0.904899 22.799999 0.086822 0.901322 0.424360 0.000000 0.000000 0.000000 0.000000 1.000000
0.993866 -0.089897 -0.064411 0.000000 -0.035207 0.294928 -0.954871 22.799999 0.104836 0.951281 0.289954 0.000000 0.000000 0.000000 0.000000 1.000000
0.995634 -0.082139 0.044351 0.000000 0.091755 0.773749 -0.626813 22.799999 0.017169 0.628145 0.777907 0.000000 0.000000 0.000000 0.000000 1.000000
0.993458 -0.079717 0.081768 0.000000 0.113476 0.769411 -0.628593 22.799999 -0.012804 0.633760 0.773424 0.000000 0.000000 0.000000 0.000000 1.000000
0.994304 -0.070949 0.079538 -0.000000 0.106427 0.701397 -0.704780 22.799999 -0.005784 0.709231 0.704953 0.000000 0.000000 0.000000 0.000000 1.000000
0.994701 -0.063229 0.081065 -0.000000 0.102359 0.682688 -0.723505 22.799999 -0.009596 0.727969 0.685543 0.000000 0.000000 0.000000 0.000000 1.000000
0.994026 -0.070729 0.083128 0.000000 0.109046 0.676108 -0.728688 22.799999 -0.004664 0.733400 0.679782 -0.000000 0.000000 0.000000 0.000000 1.000000
0.996717 -0.046225 0.066468 0.000000 0.079896 0.694359 -0.715180 22.799999 -0.013094 0.718142 0.695773 0.000000 0.000000 0.000000 0.000000 1.000000
0.997312 -0.032605 0.065612 0.000000 0.069462 0.705607 -0.705190 22.799999 -0.023303 0.707852 0.705976 0.000000 0.000000 0.000000 0.000000 1.000000
0.986047 -0.086330 0.142331 0.000000 0.162965 0.675046 -0.719552 22.799999 -0.033961 0.732707 0.679696 0.000000 0.000000 0.000000 0.000000 1.000000
0.976425 -0.117301 0.181203 -0.000000 0.213339 0.652249 -0.727363 22.799999 -0.032870 0.748873 0.661898 0.000000 0.000000 0.000000 0.000000 1.000000
0.992056 -0.050455 0.115238 0.000000 0.117293 0.702107 -0.702344 22.799999 -0.045473 0.710281 0.702448 0.000000 0.000000 0.000000 0.000000 1.000000</float_array>
        <technique_common>
          <accessor source="#mixamorig_RightToeBase-Matrix-animation-output-transform-array" count="26" stride="16">
            <param type="float4x4"/>
          </accessor>
        </technique_common>
      </source>
      <source id="mixamorig_RightToeBase-Interpolations">
        <Name_array id="mixamorig_RightToeBase-Interpolations-array" count="26">
 LINEAR LINEAR LINEAR LINEAR LINEAR LINEAR LINEAR LINEAR LINEAR LINEAR LINEAR
LINEAR LINEAR LINEAR LINEAR LINEAR LINEAR LINEAR LINEAR LINEAR LINEAR LINEAR LINEAR
LINEAR LINEAR LINEAR</Name_array>
        <technique_common>
          <accessor source="#mixamorig_RightToeBase-Interpolations-array" count="26">
            <param type="name"/>
          </accessor>
        </technique_common>
      </source>
      <sampler id="mixamorig_RightToeBase-Matrix-animation-transform">
        <input semantic="INPUT" source="#mixamorig_RightToeBase-Matrix-animation-input"/>
        <input semantic="OUTPUT" source="#mixamorig_RightToeBase-Matrix-animation-output-transform"/>
        <input semantic="INTERPOLATION" source="#mixamorig_RightToeBase-Interpolations"/>
      </sampler>
      <channel source="#mixamorig_RightToeBase-Matrix-animation-transform" target="mixamorig_RightToeBase/matrix"/>
    </animation>
    <animation id="mixamorig_L_C_skirt1-anim" name="mixamorig_L_C_skirt1">
      <source id="mixamorig_L_C_skirt1-Matrix-animation-input">
        <float_array id="mixamorig_L_C_skirt1-Matrix-animation-input-array" count="26">

0.000000 0.033333 0.066667 0.100000 0.133333 0.166667 0.200000 0.233333 0.266667 0.300000 0.333333 0.366667 0.400000 0.433333 0.466667 0.500000
0.533333 0.566667 0.600000 0.633333 0.666667 0.700000 0.733333 0.766667 0.800000 0.833333</float_array>
        <technique_common>
          <accessor source="#mixamorig_L_C_skirt1-Matrix-animation-input-array" count="26">
            <param name="TIME" type="float"/>
          </accessor>
        </technique_common>
      </source>
      <source id="mixamorig_L_C_skirt1-Matrix-animation-output-transform">
        <float_array id="mixamorig_L_C_skirt1-Matrix-animation-output-transform-array" count="416">

0.035066 0.292039 0.955763 12.441200 -0.989026 0.147481 -0.008777 4.607000 -0.143520 -0.944967 0.294006 -11.833000 0.000000 0.000000 0.000000 1.000000
0.035066 0.292039 0.955763 12.441200 -0.989026 0.147481 -0.008777 4.607000 -0.143520 -0.944967 0.294006 -11.833000 0.000000 0.000000 0.000000 1.000000
0.035066 0.292039 0.955763 12.441200 -0.989026 0.147481 -0.008777 4.607000 -0.143520 -0.944967 0.294006 -11.833000 0.000000 0.000000 0.000000 1.000000
0.035066 0.292039 0.955763 12.441200 -0.989026 0.147481 -0.008777 4.607000 -0.143520 -0.944967 0.294006 -11.833000 0.000000 0.000000 0.000000 1.000000
0.035066 0.292039 0.955763 12.441200 -0.989026 0.147481 -0.008777 4.607000 -0.143520 -0.944967 0.294006 -11.833000 0.000000 0.000000 0.000000 1.000000
0.035066 0.292039 0.955763 12.441200 -0.989026 0.147481 -0.008777 4.607000 -0.143520 -0.944967 0.294006 -11.833000 0.000000 0.000000 0.000000 1.000000
0.035066 0.292039 0.955763 12.441200 -0.989026 0.147481 -0.008777 4.607000 -0.143520 -0.944967 0.294006 -11.833000 0.000000 0.000000 0.000000 1.000000
0.035066 0.292039 0.955763 12.441200 -0.989026 0.147481 -0.008777 4.607000 -0.143520 -0.944967 0.294006 -11.833000 0.000000 0.000000 0.000000 1.000000
0.035066 0.292039 0.955763 12.441200 -0.989026 0.147481 -0.008777 4.607000 -0.143520 -0.944967 0.294006 -11.833000 0.000000 0.000000 0.000000 1.000000
0.035066 0.292039 0.955763 12.441200 -0.989026 0.147481 -0.008777 4.607000 -0.143520 -0.944967 0.294006 -11.833000 0.000000 0.000000 0.000000 1.000000
0.035066 0.292039 0.955763 12.441200 -0.989026 0.147481 -0.008777 4.607000 -0.143520 -0.944967 0.294006 -11.833000 0.000000 0.000000 0.000000 1.000000
0.035066 0.292039 0.955763 12.441200 -0.989026 0.147481 -0.008777 4.607000 -0.143520 -0.944967 0.294006 -11.833000 0.000000 0.000000 0.000000 1.000000
0.035066 0.292039 0.955763 12.441200 -0.989026 0.147481 -0.008777 4.607000 -0.143520 -0.944967 0.294006 -11.833000 0.000000 0.000000 0.000000 1.000000
0.035066 0.292039 0.955763 12.441200 -0.989026 0.147481 -0.008777 4.607000 -0.143520 -0.944967 0.294006 -11.833000 0.000000 0.000000 0.000000 1.000000
0.035066 0.292039 0.955763 12.441200 -0.989026 0.147481 -0.008777 4.607000 -0.143520 -0.944967 0.294006 -11.833000 0.000000 0.000000 0.000000 1.000000
0.035066 0.292039 0.955763 12.441200 -0.989026 0.147481 -0.008777 4.607000 -0.143520 -0.944967 0.294006 -11.833000 0.000000 0.000000 0.000000 1.000000
0.035066 0.292039 0.955763 12.441200 -0.989026 0.147481 -0.008777 4.607000 -0.143520 -0.944967 0.294006 -11.833000 0.000000 0.000000 0.000000 1.000000
0.035066 0.292039 0.955763 12.441200 -0.989026 0.147481 -0.008777 4.607000 -0.143520 -0.944967 0.294006 -11.833000 0.000000 0.000000 0.000000 1.000000
0.035066 0.292039 0.955763 12.441200 -0.989026 0.147481 -0.008777 4.607000 -0.143520 -0.944967 0.294006 -11.833000 0.000000 0.000000 0.000000 1.000000
0.035066 0.292039 0.955763 12.441200 -0.989026 0.147481 -0.008777 4.607000 -0.143520 -0.944967 0.294006 -11.833000 0.000000 0.000000 0.000000 1.000000
0.035066 0.292039 0.955763 12.441200 -0.989026 0.147481 -0.008777 4.607000 -0.143520 -0.944967 0.294006 -11.833000 0.000000 0.000000 0.000000 1.000000
0.035066 0.292039 0.955763 12.441200 -0.989026 0.147481 -0.008777 4.607000 -0.143520 -0.944967 0.294006 -11.833000 0.000000 0.000000 0.000000 1.000000
0.035066 0.292039 0.955763 12.441200 -0.989026 0.147481 -0.008777 4.607000 -0.143520 -0.944967 0.294006 -11.833000 0.000000 0.000000 0.000000 1.000000
0.035066 0.292039 0.955763 12.441200 -0.989026 0.147481 -0.008777 4.607000 -0.143520 -0.944967 0.294006 -11.833000 0.000000 0.000000 0.000000 1.000000
0.035066 0.292039 0.955763 12.441200 -0.989026 0.147481 -0.008777 4.607000 -0.143520 -0.944967 0.294006 -11.833000 0.000000 0.000000 0.000000 1.000000
0.035066 0.292039 0.955763 12.441200 -0.989026 0.147481 -0.008777 4.607000 -0.143520 -0.944967 0.294006 -11.833000 0.000000 0.000000 0.000000 1.000000</float_array>
        <technique_common>
          <accessor source="#mixamorig_L_C_skirt1-Matrix-animation-output-transform-array" count="26" stride="16">
            <param type="float4x4"/>
          </accessor>
        </technique_common>
      </source>
      <source id="mixamorig_L_C_skirt1-Interpolations">
        <Name_array id="mixamorig_L_C_skirt1-Interpolations-array" count="26">
 LINEAR LINEAR LINEAR LINEAR LINEAR LINEAR LINEAR LINEAR LINEAR LINEAR LINEAR
LINEAR LINEAR LINEAR LINEAR LINEAR LINEAR LINEAR LINEAR LINEAR LINEAR LINEAR LINEAR
LINEAR LINEAR LINEAR</Name_array>
        <technique_common>
          <accessor source="#mixamorig_L_C_skirt1-Interpolations-array" count="26">
            <param type="name"/>
          </accessor>
        </technique_common>
      </source>
      <sampler id="mixamorig_L_C_skirt1-Matrix-animation-transform">
        <input semantic="INPUT" source="#mixamorig_L_C_skirt1-Matrix-animation-input"/>
        <input semantic="OUTPUT" source="#mixamorig_L_C_skirt1-Matrix-animation-output-transform"/>
        <input semantic="INTERPOLATION" source="#mixamorig_L_C_skirt1-Interpolations"/>
      </sampler>
      <channel source="#mixamorig_L_C_skirt1-Matrix-animation-transform" target="mixamorig_L_C_skirt1/matrix"/>
    </animation>
    <animation id="mixamorig_L_C_skirt2-anim" name="mixamorig_L_C_skirt2">
      <source id="mixamorig_L_C_skirt2-Matrix-animation-input">
        <float_array id="mixamorig_L_C_skirt2-Matrix-animation-input-array" count="26">

0.000000 0.033333 0.066667 0.100000 0.133333 0.166667 0.200000 0.233333 0.266667 0.300000 0.333333 0.366667 0.400000 0.433333 0.466667 0.500000
0.533333 0.566667 0.600000 0.633333 0.666667 0.700000 0.733333 0.766667 0.800000 0.833333</float_array>
        <technique_common>
          <accessor source="#mixamorig_L_C_skirt2-Matrix-animation-input-array" count="26">
            <param name="TIME" type="float"/>
          </accessor>
        </technique_common>
      </source>
      <source id="mixamorig_L_C_skirt2-Matrix-animation-output-transform">
        <float_array id="mixamorig_L_C_skirt2-Matrix-animation-output-transform-array" count="416">

1.000000 0.000000 0.000000 27.657801 -0.000000 1.000000 -0.000000 0.000000 0.000000 0.000000 1.000000 0.000000 0.000000 0.000000 0.000000 1.000000
1.000000 0.000000 0.000000 27.657801 0.000000 1.000000 0.000000 0.000000 0.000000 -0.000000 1.000000 0.000000 0.000000 0.000000 0.000000 1.000000
1.000000 0.000000 -0.000000 27.657801 0.000000 1.000000 -0.000000 0.000000 -0.000000 0.000000 1.000000 0.000000 0.000000 0.000000 0.000000 1.000000
1.000000 0.000000 -0.000000 27.657801 0.000000 1.000000 -0.000000 -0.000000 -0.000000 0.000000 1.000000 0.000000 0.000000 0.000000 0.000000 1.000000
1.000000 0.000000 -0.000000 27.657801 0.000000 1.000000 0.000000 0.000000 0.000000 -0.000000 1.000000 0.000000 0.000000 0.000000 0.000000 1.000000
1.000000 0.000000 0.000000 27.657801 0.000000 1.000000 -0.000000 0.000000 0.000000 0.000000 1.000000 0.000000 0.000000 0.000000 0.000000 1.000000
1.000000 0.000000 -0.000000 27.657801 0.000000 1.000000 -0.000000 -0.000000 0.000000 0.000000 1.000000 -0.000000 0.000000 0.000000 0.000000 1.000000
1.000000 0.000000 0.000000 27.657801 0.000000 1.000000 0.000000 0.000000 0.000000 0.000000 1.000000 0.000000 0.000000 0.000000 0.000000 1.000000
1.000000 0.000000 -0.000000 27.657801 0.000000 1.000000 0.000000 0.000000 0.000000 0.000000 1.000000 0.000000 0.000000 0.000000 0.000000 1.000000
1.000000 0.000000 0.000000 27.657801 0.000000 1.000000 0.000000 0.000000 0.000000 0.000000 1.000000 -0.000000 0.000000 0.000000 0.000000 1.000000
1.000000 0.000000 -0.000000 27.657801 0.000000 1.000000 -0.000000 0.000000 -0.000000 -0.000000 1.000000 0.000000 0.000000 0.000000 0.000000 1.000000
1.000000 0.000000 0.000000 27.657801 -0.000000 1.000000 0.000000 0.000000 0.000000 0.000000 1.000000 0.000000 0.000000 0.000000 0.000000 1.000000
1.000000 0.000000 -0.000000 27.657801 0.000000 1.000000 0.000000 0.000000 0.000000 0.000000 1.000000 0.000000 0.000000 0.000000 0.000000 1.000000
1.000000 -0.000000 -0.000000 27.657801 -0.000000 1.000000 0.000000 0.000000 -0.000000 0.000000 1.000000 0.000000 0.000000 0.000000 0.000000 1.000000
1.000000 0.000000 0.000000 27.657801 -0.000000 1.000000 0.000000 0.000000 0.000000 0.000000 1.000000 -0.000000 0.000000 0.000000 0.000000 1.000000
1.000000 -0.000000 0.000000 27.657801 -0.000000 1.000000 0.000000 0.000000 0.000000 0.000000 1.000000 -0.000000 0.000000 0.000000 0.000000 1.000000
1.000000 0.000000 0.000000 27.657801 0.000000 1.000000 0.000000 0.000000 0.000000 0.000000 1.000000 0.000000 0.000000 0.000000 0.000000 1.000000
1.000000 0.000000 0.000000 27.657801 0.000000 1.000000 -0.000000 -0.000000 -0.000000 -0.000000 1.000000 -0.000000 0.000000 0.000000 0.000000 1.000000
1.000000 0.000000 0.000000 27.657801 -0.000000 1.000000 -0.000000 -0.000000 0.000000 0.000000 1.000000 0.000000 0.000000 0.000000 0.000000 1.000000
1.000000 -0.000000 0.000000 27.657801 0.000000 1.000000 0.000000 0.000000 -0.000000 -0.000000 1.000000 0.000000 0.000000 0.000000 0.000000 1.000000
1.000000 0.000000 -0.000000 27.657801 -0.000000 1.000000 0.000000 -0.000000 -0.000000 0.000000 1.000000 0.000000 0.000000 0.000000 0.000000 1.000000
1.000000 0.000000 0.000000 27.657801 0.000000 1.000000 0.000000 -0.000000 0.000000 0.000000 1.000000 -0.000000 0.000000 0.000000 0.000000 1.000000
1.000000 -0.000000 -0.000000 27.657801 0.000000 1.000000 0.000000 0.000000 -0.000000 0.000000 1.000000 -0.000000 0.000000 0.000000 0.000000 1.000000
1.000000 -0.000000 -0.000000 27.657801 0.000000 1.000000 0.000000 -0.000000 0.000000 0.000000 1.000000 -0.000000 0.000000 0.000000 0.000000 1.000000
1.000000 0.000000 0.000000 27.657801 0.000000 1.000000 0.000000 0.000000 0.000000 -0.000000 1.000000 0.000000 0.000000 0.000000 0.000000 1.000000
1.000000 0.000000 0.000000 27.657801 -0.000000 1.000000 -0.000000 0.000000 0.000000 0.000000 1.000000 0.000000 0.000000 0.000000 0.000000 1.000000</float_array>
        <technique_common>
          <accessor source="#mixamorig_L_C_skirt2-Matrix-animation-output-transform-array" count="26" stride="16">
            <param type="float4x4"/>
          </accessor>
        </technique_common>
      </source>
      <source id="mixamorig_L_C_skirt2-Interpolations">
        <Name_array id="mixamorig_L_C_skirt2-Interpolations-array" count="26">
 LINEAR LINEAR LINEAR LINEAR LINEAR LINEAR LINEAR LINEAR LINEAR LINEAR LINEAR
LINEAR LINEAR LINEAR LINEAR LINEAR LINEAR LINEAR LINEAR LINEAR LINEAR LINEAR LINEAR
LINEAR LINEAR LINEAR</Name_array>
        <technique_common>
          <accessor source="#mixamorig_L_C_skirt2-Interpolations-array" count="26">
            <param type="name"/>
          </accessor>
        </technique_common>
      </source>
      <sampler id="mixamorig_L_C_skirt2-Matrix-animation-transform">
        <input semantic="INPUT" source="#mixamorig_L_C_skirt2-Matrix-animation-input"/>
        <input semantic="OUTPUT" source="#mixamorig_L_C_skirt2-Matrix-animation-output-transform"/>
        <input semantic="INTERPOLATION" source="#mixamorig_L_C_skirt2-Interpolations"/>
      </sampler>
      <channel source="#mixamorig_L_C_skirt2-Matrix-animation-transform" target="mixamorig_L_C_skirt2/matrix"/>
    </animation>
    <animation id="mixamorig_L_C_skirt3-anim" name="mixamorig_L_C_skirt3">
      <source id="mixamorig_L_C_skirt3-Matrix-animation-input">
        <float_array id="mixamorig_L_C_skirt3-Matrix-animation-input-array" count="26">

0.000000 0.033333 0.066667 0.100000 0.133333 0.166667 0.200000 0.233333 0.266667 0.300000 0.333333 0.366667 0.400000 0.433333 0.466667 0.500000
0.533333 0.566667 0.600000 0.633333 0.666667 0.700000 0.733333 0.766667 0.800000 0.833333</float_array>
        <technique_common>
          <accessor source="#mixamorig_L_C_skirt3-Matrix-animation-input-array" count="26">
            <param name="TIME" type="float"/>
          </accessor>
        </technique_common>
      </source>
      <source id="mixamorig_L_C_skirt3-Matrix-animation-output-transform">
        <float_array id="mixamorig_L_C_skirt3-Matrix-animation-output-transform-array" count="416">

1.000000 0.000000 -0.000000 23.970100 -0.000000 1.000000 -0.000000 -0.000000 -0.000000 0.000000 1.000000 -0.000000 0.000000 0.000000 0.000000 1.000000
1.000000 0.000000 -0.000000 23.970100 0.000000 1.000000 -0.000000 0.000000 0.000000 0.000000 1.000000 0.000000 0.000000 0.000000 0.000000 1.000000
1.000000 0.000000 0.000000 23.970100 0.000000 1.000000 -0.000000 0.000000 0.000000 0.000000 1.000000 0.000000 0.000000 0.000000 0.000000 1.000000
1.000000 0.000000 0.000000 23.970100 0.000000 1.000000 0.000000 0.000000 -0.000000 0.000000 1.000000 -0.000000 0.000000 0.000000 0.000000 1.000000
1.000000 0.000000 -0.000000 23.970100 -0.000000 1.000000 0.000000 0.000000 0.000000 -0.000000 1.000000 0.000000 0.000000 0.000000 0.000000 1.000000
1.000000 -0.000000 0.000000 23.970100 0.000000 1.000000 0.000000 0.000000 0.000000 0.000000 1.000000 0.000000 0.000000 0.000000 0.000000 1.000000
1.000000 0.000000 -0.000000 23.970100 0.000000 1.000000 -0.000000 0.000000 0.000000 0.000000 1.000000 0.000000 0.000000 0.000000 0.000000 1.000000
1.000000 0.000000 0.000000 23.970100 0.000000 1.000000 0.000000 0.000000 0.000000 0.000000 1.000000 -0.000000 0.000000 0.000000 0.000000 1.000000
1.000000 -0.000000 0.000000 23.970100 0.000000 1.000000 0.000000 0.000000 0.000000 0.000000 1.000000 -0.000000 0.000000 0.000000 0.000000 1.000000
1.000000 0.000000 0.000000 23.970100 0.000000 1.000000 0.000000 0.000000 -0.000000 -0.000000 1.000000 0.000000 0.000000 0.000000 0.000000 1.000000
1.000000 0.000000 0.000000 23.970100 0.000000 1.000000 0.000000 0.000000 -0.000000 0.000000 1.000000 0.000000 0.000000 0.000000 0.000000 1.000000
1.000000 0.000000 0.000000 23.970100 -0.000000 1.000000 0.000000 0.000000 0.000000 0.000000 1.000000 0.000000 0.000000 0.000000 0.000000 1.000000
1.000000 -0.000000 0.000000 23.970100 0.000000 1.000000 0.000000 0.000000 -0.000000 0.000000 1.000000 0.000000 0.000000 0.000000 0.000000 1.000000
1.000000 0.000000 -0.000000 23.970100 -0.000000 1.000000 0.000000 0.000000 0.000000 0.000000 1.000000 -0.000000 0.000000 0.000000 0.000000 1.000000
1.000000 -0.000000 0.000000 23.970100 -0.000000 1.000000 0.000000 0.000000 0.000000 0.000000 1.000000 0.000000 0.000000 0.000000 0.000000 1.000000
1.000000 0.000000 -0.000000 23.970100 -0.000000 1.000000 0.000000 0.000000 0.000000 0.000000 1.000000 0.000000 0.000000 0.000000 0.000000 1.000000
1.000000 0.000000 0.000000 23.970100 0.000000 1.000000 -0.000000 0.000000 -0.000000 0.000000 1.000000 0.000000 0.000000 0.000000 0.000000 1.000000
1.000000 0.000000 0.000000 23.970100 0.000000 1.000000 0.000000 0.000000 0.000000 0.000000 1.000000 0.000000 0.000000 0.000000 0.000000 1.000000
1.000000 -0.000000 0.000000 23.970100 -0.000000 1.000000 -0.000000 0.000000 0.000000 0.000000 1.000000 0.000000 0.000000 0.000000 0.000000 1.000000
1.000000 -0.000000 0.000000 23.970100 0.000000 1.000000 0.000000 0.000000 0.000000 -0.000000 1.000000 -0.000000 0.000000 0.000000 0.000000 1.000000
1.000000 -0.000000 -0.000000 23.970100 -0.000000 1.000000 0.000000 0.000000 -0.000000 0.000000 1.000000 0.000000 0.000000 0.000000 0.000000 1.000000
1.000000 0.000000 0.000000 23.970100 0.000000 1.000000 0.000000 0.000000 -0.000000 0.000000 1.000000 0.000000 0.000000 0.000000 0.000000 1.000000
1.000000 -0.000000 0.000000 23.970100 0.000000 1.000000 0.000000 0.000000 0.000000 0.000000 1.000000 0.000000 0.000000 0.000000 0.000000 1.000000
1.000000 -0.000000 -0.000000 23.970100 0.000000 1.000000 0.000000 0.000000 -0.000000 0.000000 1.000000 0.000000 0.000000 0.000000 0.000000 1.000000
1.000000 -0.000000 0.000000 23.970100 -0.000000 1.000000 0.000000 0.000000 0.000000 0.000000 1.000000 0.000000 0.000000 0.000000 0.000000 1.000000
1.000000 0.000000 -0.000000 23.970100 -0.000000 1.000000 -0.000000 -0.000000 -0.000000 0.000000 1.000000 -0.000000 0.000000 0.000000 0.000000 1.000000</float_array>
        <technique_common>
          <accessor source="#mixamorig_L_C_skirt3-Matrix-animation-output-transform-array" count="26" stride="16">
            <param type="float4x4"/>
          </accessor>
        </technique_common>
      </source>
      <source id="mixamorig_L_C_skirt3-Interpolations">
        <Name_array id="mixamorig_L_C_skirt3-Interpolations-array" count="26">
 LINEAR LINEAR LINEAR LINEAR LINEAR LINEAR LINEAR LINEAR LINEAR LINEAR LINEAR
LINEAR LINEAR LINEAR LINEAR LINEAR LINEAR LINEAR LINEAR LINEAR LINEAR LINEAR LINEAR
LINEAR LINEAR LINEAR</Name_array>
        <technique_common>
          <accessor source="#mixamorig_L_C_skirt3-Interpolations-array" count="26">
            <param type="name"/>
          </accessor>
        </technique_common>
      </source>
      <sampler id="mixamorig_L_C_skirt3-Matrix-animation-transform">
        <input semantic="INPUT" source="#mixamorig_L_C_skirt3-Matrix-animation-input"/>
        <input semantic="OUTPUT" source="#mixamorig_L_C_skirt3-Matrix-animation-output-transform"/>
        <input semantic="INTERPOLATION" source="#mixamorig_L_C_skirt3-Interpolations"/>
      </sampler>
      <channel source="#mixamorig_L_C_skirt3-Matrix-animation-transform" target="mixamorig_L_C_skirt3/matrix"/>
    </animation>
    <animation id="mixamorig_L_A_skirt1-anim" name="mixamorig_L_A_skirt1">
      <source id="mixamorig_L_A_skirt1-Matrix-animation-input">
        <float_array id="mixamorig_L_A_skirt1-Matrix-animation-input-array" count="26">

0.000000 0.033333 0.066667 0.100000 0.133333 0.166667 0.200000 0.233333 0.266667 0.300000 0.333333 0.366667 0.400000 0.433333 0.466667 0.500000
0.533333 0.566667 0.600000 0.633333 0.666667 0.700000 0.733333 0.766667 0.800000 0.833333</float_array>
        <technique_common>
          <accessor source="#mixamorig_L_A_skirt1-Matrix-animation-input-array" count="26">
            <param name="TIME" type="float"/>
          </accessor>
        </technique_common>
      </source>
      <source id="mixamorig_L_A_skirt1-Matrix-animation-output-transform">
        <float_array id="mixamorig_L_A_skirt1-Matrix-animation-output-transform-array" count="416">

0.142123 0.623442 -0.768844 18.178400 -0.988646 0.051128 -0.141295 3.981100 -0.048780 0.780196 0.623630 19.504801 0.000000 0.000000 0.000000 1.000000
0.142123 0.623442 -0.768844 18.178400 -0.988646 0.051128 -0.141295 3.981100 -0.048780 0.780196 0.623630 19.504801 0.000000 0.000000 0.000000 1.000000
0.142123 0.623442 -0.768844 18.178400 -0.988646 0.051128 -0.141295 3.981100 -0.048780 0.780196 0.623630 19.504801 0.000000 0.000000 0.000000 1.000000
0.142123 0.623442 -0.768844 18.178400 -0.988646 0.051128 -0.141295 3.981100 -0.048780 0.780196 0.623630 19.504801 0.000000 0.000000 0.000000 1.000000
0.142123 0.623442 -0.768844 18.178400 -0.988646 0.051128 -0.141295 3.981100 -0.048780 0.780196 0.623630 19.504801 0.000000 0.000000 0.000000 1.000000
0.142123 0.623442 -0.768844 18.178400 -0.988646 0.051128 -0.141295 3.981100 -0.048780 0.780196 0.623630 19.504801 0.000000 0.000000 0.000000 1.000000
0.142123 0.623442 -0.768844 18.178400 -0.988646 0.051128 -0.141295 3.981100 -0.048780 0.780196 0.623630 19.504801 0.000000 0.000000 0.000000 1.000000
0.142123 0.623442 -0.768844 18.178400 -0.988646 0.051128 -0.141295 3.981100 -0.048780 0.780196 0.623630 19.504801 0.000000 0.000000 0.000000 1.000000
0.142123 0.623442 -0.768844 18.178400 -0.988646 0.051128 -0.141295 3.981100 -0.048780 0.780196 0.623630 19.504801 0.000000 0.000000 0.000000 1.000000
0.142123 0.623442 -0.768844 18.178400 -0.988646 0.051128 -0.141295 3.981100 -0.048780 0.780196 0.623630 19.504801 0.000000 0.000000 0.000000 1.000000
0.142123 0.623442 -0.768844 18.178400 -0.988646 0.051128 -0.141295 3.981100 -0.048780 0.780196 0.623630 19.504801 0.000000 0.000000 0.000000 1.000000
0.142123 0.623442 -0.768844 18.178400 -0.988646 0.051128 -0.141295 3.981100 -0.048780 0.780196 0.623630 19.504801 0.000000 0.000000 0.000000 1.000000
0.142123 0.623442 -0.768844 18.178400 -0.988646 0.051128 -0.141295 3.981100 -0.048780 0.780196 0.623630 19.504801 0.000000 0.000000 0.000000 1.000000
0.142123 0.623442 -0.768844 18.178400 -0.988646 0.051128 -0.141295 3.981100 -0.048780 0.780196 0.623630 19.504801 0.000000 0.000000 0.000000 1.000000
0.142123 0.623442 -0.768844 18.178400 -0.988646 0.051128 -0.141295 3.981100 -0.048780 0.780196 0.623630 19.504801 0.000000 0.000000 0.000000 1.000000
0.142123 0.623442 -0.768844 18.178400 -0.988646 0.051128 -0.141295 3.981100 -0.048780 0.780196 0.623630 19.504801 0.000000 0.000000 0.000000 1.000000
0.142123 0.623442 -0.768844 18.178400 -0.988646 0.051128 -0.141295 3.981100 -0.048780 0.780196 0.623630 19.504801 0.000000 0.000000 0.000000 1.000000
0.142123 0.623442 -0.768844 18.178400 -0.988646 0.051128 -0.141295 3.981100 -0.048780 0.780196 0.623630 19.504801 0.000000 0.000000 0.000000 1.000000
0.142123 0.623442 -0.768844 18.178400 -0.988646 0.051128 -0.141295 3.981100 -0.048780 0.780196 0.623630 19.504801 0.000000 0.000000 0.000000 1.000000
0.142123 0.623442 -0.768844 18.178400 -0.988646 0.051128 -0.141295 3.981100 -0.048780 0.780196 0.623630 19.504801 0.000000 0.000000 0.000000 1.000000
0.142123 0.623442 -0.768844 18.178400 -0.988646 0.051128 -0.141295 3.981100 -0.048780 0.780196 0.623630 19.504801 0.000000 0.000000 0.000000 1.000000
0.142123 0.623442 -0.768844 18.178400 -0.988646 0.051128 -0.141295 3.981100 -0.048780 0.780196 0.623630 19.504801 0.000000 0.000000 0.000000 1.000000
0.142123 0.623442 -0.768844 18.178400 -0.988646 0.051128 -0.141295 3.981100 -0.048780 0.780196 0.623630 19.504801 0.000000 0.000000 0.000000 1.000000
0.142123 0.623442 -0.768844 18.178400 -0.988646 0.051128 -0.141295 3.981100 -0.048780 0.780196 0.623630 19.504801 0.000000 0.000000 0.000000 1.000000
0.142123 0.623442 -0.768844 18.178400 -0.988646 0.051128 -0.141295 3.981100 -0.048780 0.780196 0.623630 19.504801 0.000000 0.000000 0.000000 1.000000
0.142123 0.623442 -0.768844 18.178400 -0.988646 0.051128 -0.141295 3.981100 -0.048780 0.780196 0.623630 19.504801 0.000000 0.000000 0.000000 1.000000</float_array>
        <technique_common>
          <accessor source="#mixamorig_L_A_skirt1-Matrix-animation-output-transform-array" count="26" stride="16">
            <param type="float4x4"/>
          </accessor>
        </technique_common>
      </source>
      <source id="mixamorig_L_A_skirt1-Interpolations">
        <Name_array id="mixamorig_L_A_skirt1-Interpolations-array" count="26">
 LINEAR LINEAR LINEAR LINEAR LINEAR LINEAR LINEAR LINEAR LINEAR LINEAR LINEAR
LINEAR LINEAR LINEAR LINEAR LINEAR LINEAR LINEAR LINEAR LINEAR LINEAR LINEAR LINEAR
LINEAR LINEAR LINEAR</Name_array>
        <technique_common>
          <accessor source="#mixamorig_L_A_skirt1-Interpolations-array" count="26">
            <param type="name"/>
          </accessor>
        </technique_common>
      </source>
      <sampler id="mixamorig_L_A_skirt1-Matrix-animation-transform">
        <input semantic="INPUT" source="#mixamorig_L_A_skirt1-Matrix-animation-input"/>
        <input semantic="OUTPUT" source="#mixamorig_L_A_skirt1-Matrix-animation-output-transform"/>
        <input semantic="INTERPOLATION" source="#mixamorig_L_A_skirt1-Interpolations"/>
      </sampler>
      <channel source="#mixamorig_L_A_skirt1-Matrix-animation-transform" target="mixamorig_L_A_skirt1/matrix"/>
    </animation>
    <animation id="mixamorig_L_A_skirt2-anim" name="mixamorig_L_A_skirt2">
      <source id="mixamorig_L_A_skirt2-Matrix-animation-input">
        <float_array id="mixamorig_L_A_skirt2-Matrix-animation-input-array" count="26">

0.000000 0.033333 0.066667 0.100000 0.133333 0.166667 0.200000 0.233333 0.266667 0.300000 0.333333 0.366667 0.400000 0.433333 0.466667 0.500000
0.533333 0.566667 0.600000 0.633333 0.666667 0.700000 0.733333 0.766667 0.800000 0.833333</float_array>
        <technique_common>
          <accessor source="#mixamorig_L_A_skirt2-Matrix-animation-input-array" count="26">
            <param name="TIME" type="float"/>
          </accessor>
        </technique_common>
      </source>
      <source id="mixamorig_L_A_skirt2-Matrix-animation-output-transform">
        <float_array id="mixamorig_L_A_skirt2-Matrix-animation-output-transform-array" count="416">

1.000000 0.000000 0.000000 27.335699 -0.000000 1.000000 0.000000 0.000000 0.000000 -0.000000 1.000000 0.000000 0.000000 0.000000 0.000000 1.000000
1.000000 0.000000 0.000000 27.335699 0.000000 1.000000 0.000000 0.000000 -0.000000 0.000000 1.000000 -0.000000 0.000000 0.000000 0.000000 1.000000
1.000000 0.000000 -0.000000 27.335699 -0.000000 1.000000 0.000000 0.000000 -0.000000 -0.000000 1.000000 0.000000 0.000000 0.000000 0.000000 1.000000
1.000000 0.000000 0.000000 27.335699 0.000000 1.000000 0.000000 0.000000 0.000000 -0.000000 1.000000 0.000000 0.000000 0.000000 0.000000 1.000000
1.000000 0.000000 0.000000 27.335699 -0.000000 1.000000 0.000000 0.000000 0.000000 -0.000000 1.000000 -0.000000 0.000000 0.000000 0.000000 1.000000
1.000000 -0.000000 -0.000000 27.335699 0.000000 1.000000 0.000000 0.000000 -0.000000 0.000000 1.000000 0.000000 0.000000 0.000000 0.000000 1.000000
1.000000 -0.000000 -0.000000 27.335699 0.000000 1.000000 0.000000 0.000000 0.000000 -0.000000 1.000000 0.000000 0.000000 0.000000 0.000000 1.000000
1.000000 -0.000000 -0.000000 27.335699 0.000000 1.000000 -0.000000 0.000000 -0.000000 -0.000000 1.000000 -0.000000 0.000000 0.000000 0.000000 1.000000
1.000000 -0.000000 -0.000000 27.335699 -0.000000 1.000000 -0.000000 0.000000 0.000000 -0.000000 1.000000 -0.000000 0.000000 0.000000 0.000000 1.000000
1.000000 0.000000 -0.000000 27.335699 -0.000000 1.000000 0.000000 0.000000 0.000000 -0.000000 1.000000 0.000000 0.000000 0.000000 0.000000 1.000000
1.000000 0.000000 0.000000 27.335699 -0.000000 1.000000 -0.000000 0.000000 0.000000 0.000000 1.000000 -0.000000 0.000000 0.000000 0.000000 1.000000
1.000000 -0.000000 -0.000000 27.335699 -0.000000 1.000000 0.000000 0.000000 -0.000000 0.000000 1.000000 -0.000000 0.000000 0.000000 0.000000 1.000000
1.000000 -0.000000 -0.000000 27.335699 -0.000000 1.000000 0.000000 0.000000 0.000000 -0.000000 1.000000 0.000000 0.000000 0.000000 0.000000 1.000000
1.000000 0.000000 0.000000 27.335699 0.000000 1.000000 -0.000000 0.000000 0.000000 0.000000 1.000000 0.000000 0.000000 0.000000 0.000000 1.000000
1.000000 0.000000 0.000000 27.335699 0.000000 1.000000 -0.000000 0.000000 0.000000 -0.000000 1.000000 0.000000 0.000000 0.000000 0.000000 1.000000
1.000000 0.000000 -0.000000 27.335699 0.000000 1.000000 0.000000 0.000000 0.000000 -0.000000 1.000000 0.000000 0.000000 0.000000 0.000000 1.000000
1.000000 0.000000 -0.000000 27.335699 0.000000 1.000000 -0.000000 0.000000 0.000000 0.000000 1.000000 0.000000 0.000000 0.000000 0.000000 1.000000
1.000000 -0.000000 -0.000000 27.335699 0.000000 1.000000 -0.000000 0.000000 0.000000 0.000000 1.000000 0.000000 0.000000 0.000000 0.000000 1.000000
1.000000 0.000000 0.000000 27.335699 -0.000000 1.000000 -0.000000 0.000000 -0.000000 -0.000000 1.000000 -0.000000 0.000000 0.000000 0.000000 1.000000
1.000000 -0.000000 0.000000 27.335699 0.000000 1.000000 0.000000 0.000000 -0.000000 -0.000000 1.000000 0.000000 0.000000 0.000000 0.000000 1.000000
1.000000 0.000000 -0.000000 27.335699 0.000000 1.000000 -0.000000 0.000000 0.000000 0.000000 1.000000 0.000000 0.000000 0.000000 0.000000 1.000000
1.000000 -0.000000 0.000000 27.335699 -0.000000 1.000000 0.000000 -0.000000 0.000000 -0.000000 1.000000 0.000000 0.000000 0.000000 0.000000 1.000000
1.000000 0.000000 -0.000000 27.335699 0.000000 1.000000 0.000000 -0.000000 0.000000 -0.000000 1.000000 0.000000 0.000000 0.000000 0.000000 1.000000
1.000000 -0.000000 -0.000000 27.335699 -0.000000 1.000000 0.000000 0.000000 0.000000 0.000000 1.000000 -0.000000 0.000000 0.000000 0.000000 1.000000
1.000000 0.000000 -0.000000 27.335699 0.000000 1.000000 0.000000 -0.000000 0.000000 -0.000000 1.000000 0.000000 0.000000 0.000000 0.000000 1.000000
1.000000 0.000000 0.000000 27.335699 -0.000000 1.000000 0.000000 0.000000 0.000000 -0.000000 1.000000 0.000000 0.000000 0.000000 0.000000 1.000000</float_array>
        <technique_common>
          <accessor source="#mixamorig_L_A_skirt2-Matrix-animation-output-transform-array" count="26" stride="16">
            <param type="float4x4"/>
          </accessor>
        </technique_common>
      </source>
      <source id="mixamorig_L_A_skirt2-Interpolations">
        <Name_array id="mixamorig_L_A_skirt2-Interpolations-array" count="26">
 LINEAR LINEAR LINEAR LINEAR LINEAR LINEAR LINEAR LINEAR LINEAR LINEAR LINEAR
LINEAR LINEAR LINEAR LINEAR LINEAR LINEAR LINEAR LINEAR LINEAR LINEAR LINEAR LINEAR
LINEAR LINEAR LINEAR</Name_array>
        <technique_common>
          <accessor source="#mixamorig_L_A_skirt2-Interpolations-array" count="26">
            <param type="name"/>
          </accessor>
        </technique_common>
      </source>
      <sampler id="mixamorig_L_A_skirt2-Matrix-animation-transform">
        <input semantic="INPUT" source="#mixamorig_L_A_skirt2-Matrix-animation-input"/>
        <input semantic="OUTPUT" source="#mixamorig_L_A_skirt2-Matrix-animation-output-transform"/>
        <input semantic="INTERPOLATION" source="#mixamorig_L_A_skirt2-Interpolations"/>
      </sampler>
      <channel source="#mixamorig_L_A_skirt2-Matrix-animation-transform" target="mixamorig_L_A_skirt2/matrix"/>
    </animation>
    <animation id="mixamorig_L_A_skirt3-anim" name="mixamorig_L_A_skirt3">
      <source id="mixamorig_L_A_skirt3-Matrix-animation-input">
        <float_array id="mixamorig_L_A_skirt3-Matrix-animation-input-array" count="26">

0.000000 0.033333 0.066667 0.100000 0.133333 0.166667 0.200000 0.233333 0.266667 0.300000 0.333333 0.366667 0.400000 0.433333 0.466667 0.500000
0.533333 0.566667 0.600000 0.633333 0.666667 0.700000 0.733333 0.766667 0.800000 0.833333</float_array>
        <technique_common>
          <accessor source="#mixamorig_L_A_skirt3-Matrix-animation-input-array" count="26">
            <param name="TIME" type="float"/>
          </accessor>
        </technique_common>
      </source>
      <source id="mixamorig_L_A_skirt3-Matrix-animation-output-transform">
        <float_array id="mixamorig_L_A_skirt3-Matrix-animation-output-transform-array" count="416">

1.000000 0.000000 0.000000 27.066099 0.000000 1.000000 0.000000 -0.000000 -0.000000 0.000000 1.000000 0.000000 0.000000 0.000000 0.000000 1.000000
1.000000 -0.000000 0.000000 27.066099 0.000000 1.000000 0.000000 -0.000000 0.000000 0.000000 1.000000 0.000000 0.000000 0.000000 0.000000 1.000000
1.000000 0.000000 0.000000 27.066099 -0.000000 1.000000 0.000000 0.000000 0.000000 -0.000000 1.000000 0.000000 0.000000 0.000000 0.000000 1.000000
1.000000 0.000000 0.000000 27.066099 0.000000 1.000000 0.000000 0.000000 0.000000 -0.000000 1.000000 0.000000 0.000000 0.000000 0.000000 1.000000
1.000000 -0.000000 0.000000 27.066099 -0.000000 1.000000 -0.000000 -0.000000 0.000000 -0.000000 1.000000 -0.000000 0.000000 0.000000 0.000000 1.000000
1.000000 0.000000 -0.000000 27.066099 0.000000 1.000000 -0.000000 0.000000 -0.000000 0.000000 1.000000 0.000000 0.000000 0.000000 0.000000 1.000000
1.000000 0.000000 0.000000 27.066099 0.000000 1.000000 0.000000 0.000000 0.000000 0.000000 1.000000 0.000000 0.000000 0.000000 0.000000 1.000000
1.000000 -0.000000 -0.000000 27.066099 0.000000 1.000000 -0.000000 0.000000 0.000000 -0.000000 1.000000 0.000000 0.000000 0.000000 0.000000 1.000000
1.000000 -0.000000 0.000000 27.066099 0.000000 1.000000 -0.000000 0.000000 0.000000 -0.000000 1.000000 0.000000 0.000000 0.000000 0.000000 1.000000
1.000000 -0.000000 -0.000000 27.066099 0.000000 1.000000 -0.000000 0.000000 0.000000 -0.000000 1.000000 0.000000 0.000000 0.000000 0.000000 1.000000
1.000000 0.000000 -0.000000 27.066099 0.000000 1.000000 -0.000000 0.000000 0.000000 -0.000000 1.000000 0.000000 0.000000 0.000000 0.000000 1.000000
1.000000 0.000000 -0.000000 27.066099 0.000000 1.000000 0.000000 0.000000 -0.000000 -0.000000 1.000000 0.000000 0.000000 0.000000 0.000000 1.000000
1.000000 -0.000000 -0.000000 27.066099 0.000000 1.000000 0.000000 0.000000 0.000000 -0.000000 1.000000 0.000000 0.000000 0.000000 0.000000 1.000000
1.000000 0.000000 0.000000 27.066099 -0.000000 1.000000 0.000000 0.000000 0.000000 0.000000 1.000000 0.000000 0.000000 0.000000 0.000000 1.000000
1.000000 0.000000 0.000000 27.066099 -0.000000 1.000000 0.000000 -0.000000 -0.000000 -0.000000 1.000000 0.000000 0.000000 0.000000 0.000000 1.000000
1.000000 -0.000000 -0.000000 27.066099 -0.000000 1.000000 0.000000 0.000000 -0.000000 0.000000 1.000000 0.000000 0.000000 0.000000 0.000000 1.000000
1.000000 0.000000 0.000000 27.066099 -0.000000 1.000000 0.000000 0.000000 0.000000 0.000000 1.000000 0.000000 0.000000 0.000000 0.000000 1.000000
1.000000 0.000000 -0.000000 27.066099 0.000000 1.000000 -0.000000 0.000000 0.000000 0.000000 1.000000 0.000000 0.000000 0.000000 0.000000 1.000000
1.000000 0.000000 0.000000 27.066099 0.000000 1.000000 0.000000 -0.000000 -0.000000 -0.000000 1.000000 -0.000000 0.000000 0.000000 0.000000 1.000000
1.000000 -0.000000 -0.000000 27.066099 0.000000 1.000000 0.000000 0.000000 -0.000000 -0.000000 1.000000 0.000000 0.000000 0.000000 0.000000 1.000000
1.000000 -0.000000 -0.000000 27.066099 0.000000 1.000000 -0.000000 0.000000 -0.000000 0.000000 1.000000 0.000000 0.000000 0.000000 0.000000 1.000000
1.000000 -0.000000 0.000000 27.066099 -0.000000 1.000000 0.000000 0.000000 0.000000 -0.000000 1.000000 0.000000 0.000000 0.000000 0.000000 1.000000
1.000000 0.000000 0.000000 27.066099 0.000000 1.000000 0.000000 0.000000 -0.000000 -0.000000 1.000000 0.000000 0.000000 0.000000 0.000000 1.000000
1.000000 -0.000000 0.000000 27.066099 -0.000000 1.000000 0.000000 -0.000000 0.000000 0.000000 1.000000 0.000000 0.000000 0.000000 0.000000 1.000000
1.000000 0.000000 -0.000000 27.066099 0.000000 1.000000 -0.000000 0.000000 0.000000 -0.000000 1.000000 -0.000000 0.000000 0.000000 0.000000 1.000000
1.000000 0.000000 0.000000 27.066099 0.000000 1.000000 0.000000 -0.000000 -0.000000 0.000000 1.000000 0.000000 0.000000 0.000000 0.000000 1.000000</float_array>
        <technique_common>
          <accessor source="#mixamorig_L_A_skirt3-Matrix-animation-output-transform-array" count="26" stride="16">
            <param type="float4x4"/>
          </accessor>
        </technique_common>
      </source>
      <source id="mixamorig_L_A_skirt3-Interpolations">
        <Name_array id="mixamorig_L_A_skirt3-Interpolations-array" count="26">
 LINEAR LINEAR LINEAR LINEAR LINEAR LINEAR LINEAR LINEAR LINEAR LINEAR LINEAR
LINEAR LINEAR LINEAR LINEAR LINEAR LINEAR LINEAR LINEAR LINEAR LINEAR LINEAR LINEAR
LINEAR LINEAR LINEAR</Name_array>
        <technique_common>
          <accessor source="#mixamorig_L_A_skirt3-Interpolations-array" count="26">
            <param type="name"/>
          </accessor>
        </technique_common>
      </source>
      <sampler id="mixamorig_L_A_skirt3-Matrix-animation-transform">
        <input semantic="INPUT" source="#mixamorig_L_A_skirt3-Matrix-animation-input"/>
        <input semantic="OUTPUT" source="#mixamorig_L_A_skirt3-Matrix-animation-output-transform"/>
        <input semantic="INTERPOLATION" source="#mixamorig_L_A_skirt3-Interpolations"/>
      </sampler>
      <channel source="#mixamorig_L_A_skirt3-Matrix-animation-transform" target="mixamorig_L_A_skirt3/matrix"/>
    </animation>
    <animation id="mixamorig_L_B_skirt1-anim" name="mixamorig_L_B_skirt1">
      <source id="mixamorig_L_B_skirt1-Matrix-animation-input">
        <float_array id="mixamorig_L_B_skirt1-Matrix-animation-input-array" count="26">

0.000000 0.033333 0.066667 0.100000 0.133333 0.166667 0.200000 0.233333 0.266667 0.300000 0.333333 0.366667 0.400000 0.433333 0.466667 0.500000
0.533333 0.566667 0.600000 0.633333 0.666667 0.700000 0.733333 0.766667 0.800000 0.833333</float_array>
        <technique_common>
          <accessor source="#mixamorig_L_B_skirt1-Matrix-animation-input-array" count="26">
            <param name="TIME" type="float"/>
          </accessor>
        </technique_common>
      </source>
      <source id="mixamorig_L_B_skirt1-Matrix-animation-output-transform">
        <float_array id="mixamorig_L_B_skirt1-Matrix-animation-output-transform-array" count="416">

0.142186 0.942169 0.303482 22.933800 -0.985105 0.164643 -0.049605 6.145800 -0.096702 -0.291908 0.951545 0.309300 0.000000 0.000000 0.000000 1.000000
0.142186 0.942169 0.303482 22.933800 -0.985105 0.164643 -0.049605 6.145800 -0.096702 -0.291908 0.951545 0.309300 0.000000 0.000000 0.000000 1.000000
0.142186 0.942169 0.303482 22.933800 -0.985105 0.164643 -0.049605 6.145800 -0.096702 -0.291908 0.951545 0.309300 0.000000 0.000000 0.000000 1.000000
0.142186 0.942169 0.303482 22.933800 -0.985105 0.164643 -0.049605 6.145800 -0.096702 -0.291908 0.951545 0.309300 0.000000 0.000000 0.000000 1.000000
0.142186 0.942169 0.303482 22.933800 -0.985105 0.164643 -0.049605 6.145800 -0.096702 -0.291908 0.951545 0.309300 0.000000 0.000000 0.000000 1.000000
0.142186 0.942169 0.303482 22.933800 -0.985105 0.164643 -0.049605 6.145800 -0.096702 -0.291908 0.951545 0.309300 0.000000 0.000000 0.000000 1.000000
0.142186 0.942169 0.303482 22.933800 -0.985105 0.164643 -0.049605 6.145800 -0.096702 -0.291908 0.951545 0.309300 0.000000 0.000000 0.000000 1.000000
0.142186 0.942169 0.303482 22.933800 -0.985105 0.164643 -0.049605 6.145800 -0.096702 -0.291908 0.951545 0.309300 0.000000 0.000000 0.000000 1.000000
0.142186 0.942169 0.303482 22.933800 -0.985105 0.164643 -0.049605 6.145800 -0.096702 -0.291908 0.951545 0.309300 0.000000 0.000000 0.000000 1.000000
0.142186 0.942169 0.303482 22.933800 -0.985105 0.164643 -0.049605 6.145800 -0.096702 -0.291908 0.951545 0.309300 0.000000 0.000000 0.000000 1.000000
0.142186 0.942169 0.303482 22.933800 -0.985105 0.164643 -0.049605 6.145800 -0.096702 -0.291908 0.951545 0.309300 0.000000 0.000000 0.000000 1.000000
0.142186 0.942169 0.303482 22.933800 -0.985105 0.164643 -0.049605 6.145800 -0.096702 -0.291908 0.951545 0.309300 0.000000 0.000000 0.000000 1.000000
0.142186 0.942169 0.303482 22.933800 -0.985105 0.164643 -0.049605 6.145800 -0.096702 -0.291908 0.951545 0.309300 0.000000 0.000000 0.000000 1.000000
0.142186 0.942169 0.303482 22.933800 -0.985105 0.164643 -0.049605 6.145800 -0.096702 -0.291908 0.951545 0.309300 0.000000 0.000000 0.000000 1.000000
0.142186 0.942169 0.303482 22.933800 -0.985105 0.164643 -0.049605 6.145800 -0.096702 -0.291908 0.951545 0.309300 0.000000 0.000000 0.000000 1.000000
0.142186 0.942169 0.303482 22.933800 -0.985105 0.164643 -0.049605 6.145800 -0.096702 -0.291908 0.951545 0.309300 0.000000 0.000000 0.000000 1.000000
0.142186 0.942169 0.303482 22.933800 -0.985105 0.164643 -0.049605 6.145800 -0.096702 -0.291908 0.951545 0.309300 0.000000 0.000000 0.000000 1.000000
0.142186 0.942169 0.303482 22.933800 -0.985105 0.164643 -0.049605 6.145800 -0.096702 -0.291908 0.951545 0.309300 0.000000 0.000000 0.000000 1.000000
0.142186 0.942169 0.303482 22.933800 -0.985105 0.164643 -0.049605 6.145800 -0.096702 -0.291908 0.951545 0.309300 0.000000 0.000000 0.000000 1.000000
0.142186 0.942169 0.303482 22.933800 -0.985105 0.164643 -0.049605 6.145800 -0.096702 -0.291908 0.951545 0.309300 0.000000 0.000000 0.000000 1.000000
0.142186 0.942169 0.303482 22.933800 -0.985105 0.164643 -0.049605 6.145800 -0.096702 -0.291908 0.951545 0.309300 0.000000 0.000000 0.000000 1.000000
0.142186 0.942169 0.303482 22.933800 -0.985105 0.164643 -0.049605 6.145800 -0.096702 -0.291908 0.951545 0.309300 0.000000 0.000000 0.000000 1.000000
0.142186 0.942169 0.303482 22.933800 -0.985105 0.164643 -0.049605 6.145800 -0.096702 -0.291908 0.951545 0.309300 0.000000 0.000000 0.000000 1.000000
0.142186 0.942169 0.303482 22.933800 -0.985105 0.164643 -0.049605 6.145800 -0.096702 -0.291908 0.951545 0.309300 0.000000 0.000000 0.000000 1.000000
0.142186 0.942169 0.303482 22.933800 -0.985105 0.164643 -0.049605 6.145800 -0.096702 -0.291908 0.951545 0.309300 0.000000 0.000000 0.000000 1.000000
0.142186 0.942169 0.303482 22.933800 -0.985105 0.164643 -0.049605 6.145800 -0.096702 -0.291908 0.951545 0.309300 0.000000 0.000000 0.000000 1.000000</float_array>
        <technique_common>
          <accessor source="#mixamorig_L_B_skirt1-Matrix-animation-output-transform-array" count="26" stride="16">
            <param type="float4x4"/>
          </accessor>
        </technique_common>
      </source>
      <source id="mixamorig_L_B_skirt1-Interpolations">
        <Name_array id="mixamorig_L_B_skirt1-Interpolations-array" count="26">
 LINEAR LINEAR LINEAR LINEAR LINEAR LINEAR LINEAR LINEAR LINEAR LINEAR LINEAR
LINEAR LINEAR LINEAR LINEAR LINEAR LINEAR LINEAR LINEAR LINEAR LINEAR LINEAR LINEAR
LINEAR LINEAR LINEAR</Name_array>
        <technique_common>
          <accessor source="#mixamorig_L_B_skirt1-Interpolations-array" count="26">
            <param type="name"/>
          </accessor>
        </technique_common>
      </source>
      <sampler id="mixamorig_L_B_skirt1-Matrix-animation-transform">
        <input semantic="INPUT" source="#mixamorig_L_B_skirt1-Matrix-animation-input"/>
        <input semantic="OUTPUT" source="#mixamorig_L_B_skirt1-Matrix-animation-output-transform"/>
        <input semantic="INTERPOLATION" source="#mixamorig_L_B_skirt1-Interpolations"/>
      </sampler>
      <channel source="#mixamorig_L_B_skirt1-Matrix-animation-transform" target="mixamorig_L_B_skirt1/matrix"/>
    </animation>
    <animation id="mixamorig_L_B_skirt2-anim" name="mixamorig_L_B_skirt2">
      <source id="mixamorig_L_B_skirt2-Matrix-animation-input">
        <float_array id="mixamorig_L_B_skirt2-Matrix-animation-input-array" count="26">

0.000000 0.033333 0.066667 0.100000 0.133333 0.166667 0.200000 0.233333 0.266667 0.300000 0.333333 0.366667 0.400000 0.433333 0.466667 0.500000
0.533333 0.566667 0.600000 0.633333 0.666667 0.700000 0.733333 0.766667 0.800000 0.833333</float_array>
        <technique_common>
          <accessor source="#mixamorig_L_B_skirt2-Matrix-animation-input-array" count="26">
            <param name="TIME" type="float"/>
          </accessor>
        </technique_common>
      </source>
      <source id="mixamorig_L_B_skirt2-Matrix-animation-output-transform">
        <float_array id="mixamorig_L_B_skirt2-Matrix-animation-output-transform-array" count="416">

1.000000 0.000000 0.000000 27.083401 -0.000000 1.000000 0.000000 -0.000000 0.000000 0.000000 1.000000 0.000000 0.000000 0.000000 0.000000 1.000000
1.000000 0.000000 0.000000 27.083401 -0.000000 1.000000 0.000000 0.000000 0.000000 0.000000 1.000000 0.000000 0.000000 0.000000 0.000000 1.000000
1.000000 0.000000 0.000000 27.083401 0.000000 1.000000 0.000000 0.000000 0.000000 0.000000 1.000000 -0.000000 0.000000 0.000000 0.000000 1.000000
1.000000 0.000000 0.000000 27.083401 0.000000 1.000000 -0.000000 0.000000 0.000000 0.000000 1.000000 0.000000 0.000000 0.000000 0.000000 1.000000
1.000000 -0.000000 0.000000 27.083401 0.000000 1.000000 0.000000 0.000000 -0.000000 -0.000000 1.000000 0.000000 0.000000 0.000000 0.000000 1.000000
1.000000 0.000000 -0.000000 27.083401 -0.000000 1.000000 0.000000 -0.000000 -0.000000 0.000000 1.000000 -0.000000 0.000000 0.000000 0.000000 1.000000
1.000000 0.000000 -0.000000 27.083401 0.000000 1.000000 -0.000000 -0.000000 0.000000 0.000000 1.000000 0.000000 0.000000 0.000000 0.000000 1.000000
1.000000 0.000000 0.000000 27.083401 -0.000000 1.000000 0.000000 0.000000 0.000000 -0.000000 1.000000 -0.000000 0.000000 0.000000 0.000000 1.000000
1.000000 0.000000 0.000000 27.083401 0.000000 1.000000 -0.000000 0.000000 0.000000 0.000000 1.000000 0.000000 0.000000 0.000000 0.000000 1.000000
1.000000 0.000000 0.000000 27.083401 0.000000 1.000000 0.000000 -0.000000 0.000000 -0.000000 1.000000 0.000000 0.000000 0.000000 0.000000 1.000000
1.000000 -0.000000 0.000000 27.083401 -0.000000 1.000000 0.000000 0.000000 0.000000 0.000000 1.000000 0.000000 0.000000 0.000000 0.000000 1.000000
1.000000 0.000000 0.000000 27.083401 0.000000 1.000000 0.000000 -0.000000 -0.000000 0.000000 1.000000 -0.000000 0.000000 0.000000 0.000000 1.000000
1.000000 0.000000 0.000000 27.083401 0.000000 1.000000 -0.000000 0.000000 0.000000 -0.000000 1.000000 -0.000000 0.000000 0.000000 0.000000 1.000000
1.000000 -0.000000 0.000000 27.083401 0.000000 1.000000 0.000000 0.000000 0.000000 -0.000000 1.000000 -0.000000 0.000000 0.000000 0.000000 1.000000
1.000000 0.000000 0.000000 27.083401 0.000000 1.000000 0.000000 0.000000 0.000000 -0.000000 1.000000 0.000000 0.000000 0.000000 0.000000 1.000000
1.000000 -0.000000 0.000000 27.083401 0.000000 1.000000 0.000000 -0.000000 0.000000 0.000000 1.000000 0.000000 0.000000 0.000000 0.000000 1.000000
1.000000 -0.000000 0.000000 27.083401 -0.000000 1.000000 -0.000000 0.000000 0.000000 0.000000 1.000000 0.000000 0.000000 0.000000 0.000000 1.000000
1.000000 0.000000 0.000000 27.083401 0.000000 1.000000 0.000000 0.000000 0.000000 0.000000 1.000000 0.000000 0.000000 0.000000 0.000000 1.000000
1.000000 -0.000000 -0.000000 27.083401 0.000000 1.000000 0.000000 0.000000 -0.000000 0.000000 1.000000 -0.000000 0.000000 0.000000 0.000000 1.000000
1.000000 0.000000 0.000000 27.083401 0.000000 1.000000 -0.000000 -0.000000 0.000000 -0.000000 1.000000 0.000000 0.000000 0.000000 0.000000 1.000000
1.000000 0.000000 0.000000 27.083401 -0.000000 1.000000 0.000000 0.000000 0.000000 -0.000000 1.000000 -0.000000 0.000000 0.000000 0.000000 1.000000
1.000000 0.000000 0.000000 27.083401 0.000000 1.000000 -0.000000 0.000000 0.000000 0.000000 1.000000 0.000000 0.000000 0.000000 0.000000 1.000000
1.000000 0.000000 -0.000000 27.083401 0.000000 1.000000 0.000000 0.000000 0.000000 0.000000 1.000000 0.000000 0.000000 0.000000 0.000000 1.000000
1.000000 -0.000000 0.000000 27.083401 0.000000 1.000000 -0.000000 0.000000 0.000000 0.000000 1.000000 0.000000 0.000000 0.000000 0.000000 1.000000
1.000000 0.000000 -0.000000 27.083401 -0.000000 1.000000 0.000000 0.000000 0.000000 0.000000 1.000000 0.000000 0.000000 0.000000 0.000000 1.000000
1.000000 0.000000 0.000000 27.083401 -0.000000 1.000000 0.000000 -0.000000 0.000000 0.000000 1.000000 0.000000 0.000000 0.000000 0.000000 1.000000</float_array>
        <technique_common>
          <accessor source="#mixamorig_L_B_skirt2-Matrix-animation-output-transform-array" count="26" stride="16">
            <param type="float4x4"/>
          </accessor>
        </technique_common>
      </source>
      <source id="mixamorig_L_B_skirt2-Interpolations">
        <Name_array id="mixamorig_L_B_skirt2-Interpolations-array" count="26">
 LINEAR LINEAR LINEAR LINEAR LINEAR LINEAR LINEAR LINEAR LINEAR LINEAR LINEAR
LINEAR LINEAR LINEAR LINEAR LINEAR LINEAR LINEAR LINEAR LINEAR LINEAR LINEAR LINEAR
LINEAR LINEAR LINEAR</Name_array>
        <technique_common>
          <accessor source="#mixamorig_L_B_skirt2-Interpolations-array" count="26">
            <param type="name"/>
          </accessor>
        </technique_common>
      </source>
      <sampler id="mixamorig_L_B_skirt2-Matrix-animation-transform">
        <input semantic="INPUT" source="#mixamorig_L_B_skirt2-Matrix-animation-input"/>
        <input semantic="OUTPUT" source="#mixamorig_L_B_skirt2-Matrix-animation-output-transform"/>
        <input semantic="INTERPOLATION" source="#mixamorig_L_B_skirt2-Interpolations"/>
      </sampler>
      <channel source="#mixamorig_L_B_skirt2-Matrix-animation-transform" target="mixamorig_L_B_skirt2/matrix"/>
    </animation>
    <animation id="mixamorig_L_B_skirt3-anim" name="mixamorig_L_B_skirt3">
      <source id="mixamorig_L_B_skirt3-Matrix-animation-input">
        <float_array id="mixamorig_L_B_skirt3-Matrix-animation-input-array" count="26">

0.000000 0.033333 0.066667 0.100000 0.133333 0.166667 0.200000 0.233333 0.266667 0.300000 0.333333 0.366667 0.400000 0.433333 0.466667 0.500000
0.533333 0.566667 0.600000 0.633333 0.666667 0.700000 0.733333 0.766667 0.800000 0.833333</float_array>
        <technique_common>
          <accessor source="#mixamorig_L_B_skirt3-Matrix-animation-input-array" count="26">
            <param name="TIME" type="float"/>
          </accessor>
        </technique_common>
      </source>
      <source id="mixamorig_L_B_skirt3-Matrix-animation-output-transform">
        <float_array id="mixamorig_L_B_skirt3-Matrix-animation-output-transform-array" count="416">

1.000000 0.000000 0.000000 26.734800 -0.000000 1.000000 0.000000 -0.000000 0.000000 0.000000 1.000000 -0.000000 0.000000 0.000000 0.000000 1.000000
1.000000 0.000000 -0.000000 26.734800 0.000000 1.000000 -0.000000 -0.000000 0.000000 0.000000 1.000000 0.000000 0.000000 0.000000 0.000000 1.000000
1.000000 0.000000 0.000000 26.734800 -0.000000 1.000000 0.000000 0.000000 -0.000000 0.000000 1.000000 0.000000 0.000000 0.000000 0.000000 1.000000
1.000000 0.000000 0.000000 26.734800 0.000000 1.000000 -0.000000 0.000000 0.000000 0.000000 1.000000 -0.000000 0.000000 0.000000 0.000000 1.000000
1.000000 -0.000000 0.000000 26.734800 0.000000 1.000000 -0.000000 0.000000 -0.000000 0.000000 1.000000 -0.000000 0.000000 0.000000 0.000000 1.000000
1.000000 0.000000 -0.000000 26.734800 -0.000000 1.000000 0.000000 0.000000 -0.000000 0.000000 1.000000 -0.000000 0.000000 0.000000 0.000000 1.000000
1.000000 0.000000 -0.000000 26.734800 -0.000000 1.000000 -0.000000 0.000000 0.000000 -0.000000 1.000000 -0.000000 0.000000 0.000000 0.000000 1.000000
1.000000 0.000000 0.000000 26.734800 0.000000 1.000000 0.000000 0.000000 -0.000000 0.000000 1.000000 -0.000000 0.000000 0.000000 0.000000 1.000000
1.000000 0.000000 0.000000 26.734800 -0.000000 1.000000 -0.000000 0.000000 -0.000000 0.000000 1.000000 -0.000000 0.000000 0.000000 0.000000 1.000000
1.000000 -0.000000 0.000000 26.734800 -0.000000 1.000000 0.000000 0.000000 0.000000 -0.000000 1.000000 0.000000 0.000000 0.000000 0.000000 1.000000
1.000000 -0.000000 -0.000000 26.734800 -0.000000 1.000000 0.000000 -0.000000 0.000000 0.000000 1.000000 0.000000 0.000000 0.000000 0.000000 1.000000
1.000000 -0.000000 0.000000 26.734800 0.000000 1.000000 0.000000 0.000000 0.000000 0.000000 1.000000 0.000000 0.000000 0.000000 0.000000 1.000000
1.000000 0.000000 0.000000 26.734800 -0.000000 1.000000 0.000000 0.000000 -0.000000 0.000000 1.000000 -0.000000 0.000000 0.000000 0.000000 1.000000
1.000000 0.000000 -0.000000 26.734800 0.000000 1.000000 -0.000000 0.000000 -0.000000 -0.000000 1.000000 0.000000 0.000000 0.000000 0.000000 1.000000
1.000000 0.000000 -0.000000 26.734800 0.000000 1.000000 0.000000 0.000000 0.000000 -0.000000 1.000000 -0.000000 0.000000 0.000000 0.000000 1.000000
1.000000 -0.000000 0.000000 26.734800 0.000000 1.000000 0.000000 0.000000 0.000000 -0.000000 1.000000 0.000000 0.000000 0.000000 0.000000 1.000000
1.000000 0.000000 -0.000000 26.734800 0.000000 1.000000 0.000000 0.000000 -0.000000 -0.000000 1.000000 0.000000 0.000000 0.000000 0.000000 1.000000
1.000000 0.000000 0.000000 26.734800 0.000000 1.000000 0.000000 0.000000 0.000000 0.000000 1.000000 0.000000 0.000000 0.000000 0.000000 1.000000
1.000000 0.000000 0.000000 26.734800 -0.000000 1.000000 0.000000 0.000000 -0.000000 0.000000 1.000000 0.000000 0.000000 0.000000 0.000000 1.000000
1.000000 -0.000000 -0.000000 26.734800 -0.000000 1.000000 -0.000000 0.000000 -0.000000 -0.000000 1.000000 0.000000 0.000000 0.000000 0.000000 1.000000
1.000000 0.000000 0.000000 26.734800 -0.000000 1.000000 0.000000 -0.000000 0.000000 -0.000000 1.000000 -0.000000 0.000000 0.000000 0.000000 1.000000
1.000000 -0.000000 0.000000 26.734800 0.000000 1.000000 0.000000 0.000000 0.000000 0.000000 1.000000 0.000000 0.000000 0.000000 0.000000 1.000000
1.000000 0.000000 -0.000000 26.734800 -0.000000 1.000000 -0.000000 0.000000 0.000000 -0.000000 1.000000 -0.000000 0.000000 0.000000 0.000000 1.000000
1.000000 -0.000000 -0.000000 26.734800 0.000000 1.000000 0.000000 0.000000 0.000000 0.000000 1.000000 -0.000000 0.000000 0.000000 0.000000 1.000000
1.000000 0.000000 -0.000000 26.734800 -0.000000 1.000000 0.000000 0.000000 0.000000 0.000000 1.000000 0.000000 0.000000 0.000000 0.000000 1.000000
1.000000 0.000000 0.000000 26.734800 -0.000000 1.000000 0.000000 -0.000000 0.000000 0.000000 1.000000 -0.000000 0.000000 0.000000 0.000000 1.000000</float_array>
        <technique_common>
          <accessor source="#mixamorig_L_B_skirt3-Matrix-animation-output-transform-array" count="26" stride="16">
            <param type="float4x4"/>
          </accessor>
        </technique_common>
      </source>
      <source id="mixamorig_L_B_skirt3-Interpolations">
        <Name_array id="mixamorig_L_B_skirt3-Interpolations-array" count="26">
 LINEAR LINEAR LINEAR LINEAR LINEAR LINEAR LINEAR LINEAR LINEAR LINEAR LINEAR
LINEAR LINEAR LINEAR LINEAR LINEAR LINEAR LINEAR LINEAR LINEAR LINEAR LINEAR LINEAR
LINEAR LINEAR LINEAR</Name_array>
        <technique_common>
          <accessor source="#mixamorig_L_B_skirt3-Interpolations-array" count="26">
            <param type="name"/>
          </accessor>
        </technique_common>
      </source>
      <sampler id="mixamorig_L_B_skirt3-Matrix-animation-transform">
        <input semantic="INPUT" source="#mixamorig_L_B_skirt3-Matrix-animation-input"/>
        <input semantic="OUTPUT" source="#mixamorig_L_B_skirt3-Matrix-animation-output-transform"/>
        <input semantic="INTERPOLATION" source="#mixamorig_L_B_skirt3-Interpolations"/>
      </sampler>
      <channel source="#mixamorig_L_B_skirt3-Matrix-animation-transform" target="mixamorig_L_B_skirt3/matrix"/>
    </animation>
    <animation id="mixamorig_R_C_skirt1-anim" name="mixamorig_R_C_skirt1">
      <source id="mixamorig_R_C_skirt1-Matrix-animation-input">
        <float_array id="mixamorig_R_C_skirt1-Matrix-animation-input-array" count="26">

0.000000 0.033333 0.066667 0.100000 0.133333 0.166667 0.200000 0.233333 0.266667 0.300000 0.333333 0.366667 0.400000 0.433333 0.466667 0.500000
0.533333 0.566667 0.600000 0.633333 0.666667 0.700000 0.733333 0.766667 0.800000 0.833333</float_array>
        <technique_common>
          <accessor source="#mixamorig_R_C_skirt1-Matrix-animation-input-array" count="26">
            <param name="TIME" type="float"/>
          </accessor>
        </technique_common>
      </source>
      <source id="mixamorig_R_C_skirt1-Matrix-animation-output-transform">
        <float_array id="mixamorig_R_C_skirt1-Matrix-animation-output-transform-array" count="416">

-0.035070 -0.292039 0.955763 -12.297300 -0.989026 0.147482 0.008774 4.606800 -0.143520 -0.944967 -0.294006 -11.833000 0.000000 0.000000 0.000000 1.000000
-0.035070 -0.292039 0.955763 -12.297300 -0.989026 0.147482 0.008774 4.606800 -0.143520 -0.944967 -0.294006 -11.833000 0.000000 0.000000 0.000000 1.000000
-0.035070 -0.292039 0.955763 -12.297300 -0.989026 0.147482 0.008774 4.606800 -0.143520 -0.944967 -0.294006 -11.833000 0.000000 0.000000 0.000000 1.000000
-0.035070 -0.292039 0.955763 -12.297300 -0.989026 0.147482 0.008774 4.606800 -0.143520 -0.944967 -0.294006 -11.833000 0.000000 0.000000 0.000000 1.000000
-0.035070 -0.292039 0.955763 -12.297300 -0.989026 0.147482 0.008774 4.606800 -0.143520 -0.944967 -0.294006 -11.833000 0.000000 0.000000 0.000000 1.000000
-0.035070 -0.292039 0.955763 -12.297300 -0.989026 0.147482 0.008774 4.606800 -0.143520 -0.944967 -0.294006 -11.833000 0.000000 0.000000 0.000000 1.000000
-0.035070 -0.292039 0.955763 -12.297300 -0.989026 0.147482 0.008774 4.606800 -0.143520 -0.944967 -0.294006 -11.833000 0.000000 0.000000 0.000000 1.000000
-0.035070 -0.292039 0.955763 -12.297300 -0.989026 0.147482 0.008774 4.606800 -0.143520 -0.944967 -0.294006 -11.833000 0.000000 0.000000 0.000000 1.000000
-0.035070 -0.292039 0.955763 -12.297300 -0.989026 0.147482 0.008774 4.606800 -0.143520 -0.944967 -0.294006 -11.833000 0.000000 0.000000 0.000000 1.000000
-0.035070 -0.292039 0.955763 -12.297300 -0.989026 0.147482 0.008774 4.606800 -0.143520 -0.944967 -0.294006 -11.833000 0.000000 0.000000 0.000000 1.000000
-0.035070 -0.292039 0.955763 -12.297300 -0.989026 0.147482 0.008774 4.606800 -0.143520 -0.944967 -0.294006 -11.833000 0.000000 0.000000 0.000000 1.000000
-0.035070 -0.292039 0.955763 -12.297300 -0.989026 0.147482 0.008774 4.606800 -0.143520 -0.944967 -0.294006 -11.833000 0.000000 0.000000 0.000000 1.000000
-0.035070 -0.292039 0.955763 -12.297300 -0.989026 0.147482 0.008774 4.606800 -0.143520 -0.944967 -0.294006 -11.833000 0.000000 0.000000 0.000000 1.000000
-0.035070 -0.292039 0.955763 -12.297300 -0.989026 0.147482 0.008774 4.606800 -0.143520 -0.944967 -0.294006 -11.833000 0.000000 0.000000 0.000000 1.000000
-0.035070 -0.292039 0.955763 -12.297300 -0.989026 0.147482 0.008774 4.606800 -0.143520 -0.944967 -0.294006 -11.833000 0.000000 0.000000 0.000000 1.000000
-0.035070 -0.292039 0.955763 -12.297300 -0.989026 0.147482 0.008774 4.606800 -0.143520 -0.944967 -0.294006 -11.833000 0.000000 0.000000 0.000000 1.000000
-0.035070 -0.292039 0.955763 -12.297300 -0.989026 0.147482 0.008774 4.606800 -0.143520 -0.944967 -0.294006 -11.833000 0.000000 0.000000 0.000000 1.000000
-0.035070 -0.292039 0.955763 -12.297300 -0.989026 0.147482 0.008774 4.606800 -0.143520 -0.944967 -0.294006 -11.833000 0.000000 0.000000 0.000000 1.000000
-0.035070 -0.292039 0.955763 -12.297300 -0.989026 0.147482 0.008774 4.606800 -0.143520 -0.944967 -0.294006 -11.833000 0.000000 0.000000 0.000000 1.000000
-0.035070 -0.292039 0.955763 -12.297300 -0.989026 0.147482 0.008774 4.606800 -0.143520 -0.944967 -0.294006 -11.833000 0.000000 0.000000 0.000000 1.000000
-0.035070 -0.292039 0.955763 -12.297300 -0.989026 0.147482 0.008774 4.606800 -0.143520 -0.944967 -0.294006 -11.833000 0.000000 0.000000 0.000000 1.000000
-0.035070 -0.292039 0.955763 -12.297300 -0.989026 0.147482 0.008774 4.606800 -0.143520 -0.944967 -0.294006 -11.833000 0.000000 0.000000 0.000000 1.000000
-0.035070 -0.292039 0.955763 -12.297300 -0.989026 0.147482 0.008774 4.606800 -0.143520 -0.944967 -0.294006 -11.833000 0.000000 0.000000 0.000000 1.000000
-0.035070 -0.292039 0.955763 -12.297300 -0.989026 0.147482 0.008774 4.606800 -0.143520 -0.944967 -0.294006 -11.833000 0.000000 0.000000 0.000000 1.000000
-0.035070 -0.292039 0.955763 -12.297300 -0.989026 0.147482 0.008774 4.606800 -0.143520 -0.944967 -0.294006 -11.833000 0.000000 0.000000 0.000000 1.000000
-0.035070 -0.292039 0.955763 -12.297300 -0.989026 0.147482 0.008774 4.606800 -0.143520 -0.944967 -0.294006 -11.833000 0.000000 0.000000 0.000000 1.000000</float_array>
        <technique_common>
          <accessor source="#mixamorig_R_C_skirt1-Matrix-animation-output-transform-array" count="26" stride="16">
            <param type="float4x4"/>
          </accessor>
        </technique_common>
      </source>
      <source id="mixamorig_R_C_skirt1-Interpolations">
        <Name_array id="mixamorig_R_C_skirt1-Interpolations-array" count="26">
 LINEAR LINEAR LINEAR LINEAR LINEAR LINEAR LINEAR LINEAR LINEAR LINEAR LINEAR
LINEAR LINEAR LINEAR LINEAR LINEAR LINEAR LINEAR LINEAR LINEAR LINEAR LINEAR LINEAR
LINEAR LINEAR LINEAR</Name_array>
        <technique_common>
          <accessor source="#mixamorig_R_C_skirt1-Interpolations-array" count="26">
            <param type="name"/>
          </accessor>
        </technique_common>
      </source>
      <sampler id="mixamorig_R_C_skirt1-Matrix-animation-transform">
        <input semantic="INPUT" source="#mixamorig_R_C_skirt1-Matrix-animation-input"/>
        <input semantic="OUTPUT" source="#mixamorig_R_C_skirt1-Matrix-animation-output-transform"/>
        <input semantic="INTERPOLATION" source="#mixamorig_R_C_skirt1-Interpolations"/>
      </sampler>
      <channel source="#mixamorig_R_C_skirt1-Matrix-animation-transform" target="mixamorig_R_C_skirt1/matrix"/>
    </animation>
    <animation id="mixamorig_R_C_skirt2-anim" name="mixamorig_R_C_skirt2">
      <source id="mixamorig_R_C_skirt2-Matrix-animation-input">
        <float_array id="mixamorig_R_C_skirt2-Matrix-animation-input-array" count="26">

0.000000 0.033333 0.066667 0.100000 0.133333 0.166667 0.200000 0.233333 0.266667 0.300000 0.333333 0.366667 0.400000 0.433333 0.466667 0.500000
0.533333 0.566667 0.600000 0.633333 0.666667 0.700000 0.733333 0.766667 0.800000 0.833333</float_array>
        <technique_common>
          <accessor source="#mixamorig_R_C_skirt2-Matrix-animation-input-array" count="26">
            <param name="TIME" type="float"/>
          </accessor>
        </technique_common>
      </source>
      <source id="mixamorig_R_C_skirt2-Matrix-animation-output-transform">
        <float_array id="mixamorig_R_C_skirt2-Matrix-animation-output-transform-array" count="416">

1.000000 0.000000 -0.000000 27.657600 0.000000 1.000000 0.000000 0.000100 -0.000000 0.000000 1.000000 -0.000000 0.000000 0.000000 0.000000 1.000000
1.000000 -0.000000 0.000000 27.657600 0.000000 1.000000 -0.000000 0.000100 -0.000000 -0.000000 1.000000 -0.000000 0.000000 0.000000 0.000000 1.000000
1.000000 0.000000 -0.000000 27.657600 0.000000 1.000000 0.000000 0.000100 0.000000 0.000000 1.000000 -0.000000 0.000000 0.000000 0.000000 1.000000
1.000000 0.000000 0.000000 27.657600 0.000000 1.000000 0.000000 0.000100 -0.000000 0.000000 1.000000 -0.000000 0.000000 0.000000 0.000000 1.000000
1.000000 0.000000 0.000000 27.657600 0.000000 1.000000 0.000000 0.000100 0.000000 0.000000 1.000000 0.000000 0.000000 0.000000 0.000000 1.000000
1.000000 0.000000 0.000000 27.657600 0.000000 1.000000 0.000000 0.000100 -0.000000 -0.000000 1.000000 -0.000000 0.000000 0.000000 0.000000 1.000000
1.000000 -0.000000 -0.000000 27.657600 -0.000000 1.000000 -0.000000 0.000100 0.000000 -0.000000 1.000000 0.000000 0.000000 0.000000 0.000000 1.000000
1.000000 -0.000000 0.000000 27.657600 0.000000 1.000000 -0.000000 0.000100 0.000000 0.000000 1.000000 -0.000000 0.000000 0.000000 0.000000 1.000000
1.000000 0.000000 0.000000 27.657600 0.000000 1.000000 -0.000000 0.000100 0.000000 -0.000000 1.000000 0.000000 0.000000 0.000000 0.000000 1.000000
1.000000 0.000000 -0.000000 27.657600 0.000000 1.000000 0.000000 0.000100 -0.000000 0.000000 1.000000 0.000000 0.000000 0.000000 0.000000 1.000000
1.000000 -0.000000 0.000000 27.657600 -0.000000 1.000000 -0.000000 0.000100 -0.000000 -0.000000 1.000000 0.000000 0.000000 0.000000 0.000000 1.000000
1.000000 -0.000000 0.000000 27.657600 -0.000000 1.000000 -0.000000 0.000100 -0.000000 -0.000000 1.000000 0.000000 0.000000 0.000000 0.000000 1.000000
1.000000 0.000000 -0.000000 27.657600 0.000000 1.000000 0.000000 0.000100 0.000000 0.000000 1.000000 0.000000 0.000000 0.000000 0.000000 1.000000
1.000000 0.000000 0.000000 27.657600 -0.000000 1.000000 0.000000 0.000100 0.000000 0.000000 1.000000 -0.000000 0.000000 0.000000 0.000000 1.000000
1.000000 0.000000 0.000000 27.657600 -0.000000 1.000000 0.000000 0.000100 0.000000 0.000000 1.000000 -0.000000 0.000000 0.000000 0.000000 1.000000
1.000000 0.000000 0.000000 27.657600 0.000000 1.000000 -0.000000 0.000100 -0.000000 0.000000 1.000000 0.000000 0.000000 0.000000 0.000000 1.000000
1.000000 0.000000 -0.000000 27.657600 -0.000000 1.000000 -0.000000 0.000100 -0.000000 -0.000000 1.000000 -0.000000 0.000000 0.000000 0.000000 1.000000
1.000000 -0.000000 -0.000000 27.657600 0.000000 1.000000 0.000000 0.000100 0.000000 -0.000000 1.000000 -0.000000 0.000000 0.000000 0.000000 1.000000
1.000000 0.000000 0.000000 27.657600 0.000000 1.000000 0.000000 0.000100 0.000000 0.000000 1.000000 0.000000 0.000000 0.000000 0.000000 1.000000
1.000000 0.000000 0.000000 27.657600 -0.000000 1.000000 0.000000 0.000100 0.000000 -0.000000 1.000000 -0.000000 0.000000 0.000000 0.000000 1.000000
1.000000 -0.000000 -0.000000 27.657600 -0.000000 1.000000 0.000000 0.000100 0.000000 -0.000000 1.000000 -0.000000 0.000000 0.000000 0.000000 1.000000
1.000000 0.000000 -0.000000 27.657600 0.000000 1.000000 0.000000 0.000100 -0.000000 -0.000000 1.000000 -0.000000 0.000000 0.000000 0.000000 1.000000
1.000000 0.000000 0.000000 27.657600 0.000000 1.000000 0.000000 0.000100 -0.000000 -0.000000 1.000000 0.000000 0.000000 0.000000 0.000000 1.000000
1.000000 0.000000 0.000000 27.657600 0.000000 1.000000 -0.000000 0.000100 0.000000 -0.000000 1.000000 -0.000000 0.000000 0.000000 0.000000 1.000000
1.000000 0.000000 0.000000 27.657600 0.000000 1.000000 -0.000000 0.000100 -0.000000 0.000000 1.000000 -0.000000 0.000000 0.000000 0.000000 1.000000
1.000000 0.000000 -0.000000 27.657600 0.000000 1.000000 0.000000 0.000100 -0.000000 0.000000 1.000000 -0.000000 0.000000 0.000000 0.000000 1.000000</float_array>
        <technique_common>
          <accessor source="#mixamorig_R_C_skirt2-Matrix-animation-output-transform-array" count="26" stride="16">
            <param type="float4x4"/>
          </accessor>
        </technique_common>
      </source>
      <source id="mixamorig_R_C_skirt2-Interpolations">
        <Name_array id="mixamorig_R_C_skirt2-Interpolations-array" count="26">
 LINEAR LINEAR LINEAR LINEAR LINEAR LINEAR LINEAR LINEAR LINEAR LINEAR LINEAR
LINEAR LINEAR LINEAR LINEAR LINEAR LINEAR LINEAR LINEAR LINEAR LINEAR LINEAR LINEAR
LINEAR LINEAR LINEAR</Name_array>
        <technique_common>
          <accessor source="#mixamorig_R_C_skirt2-Interpolations-array" count="26">
            <param type="name"/>
          </accessor>
        </technique_common>
      </source>
      <sampler id="mixamorig_R_C_skirt2-Matrix-animation-transform">
        <input semantic="INPUT" source="#mixamorig_R_C_skirt2-Matrix-animation-input"/>
        <input semantic="OUTPUT" source="#mixamorig_R_C_skirt2-Matrix-animation-output-transform"/>
        <input semantic="INTERPOLATION" source="#mixamorig_R_C_skirt2-Interpolations"/>
      </sampler>
      <channel source="#mixamorig_R_C_skirt2-Matrix-animation-transform" target="mixamorig_R_C_skirt2/matrix"/>
    </animation>
    <animation id="mixamorig_R_C_skirt3-anim" name="mixamorig_R_C_skirt3">
      <source id="mixamorig_R_C_skirt3-Matrix-animation-input">
        <float_array id="mixamorig_R_C_skirt3-Matrix-animation-input-array" count="26">

0.000000 0.033333 0.066667 0.100000 0.133333 0.166667 0.200000 0.233333 0.266667 0.300000 0.333333 0.366667 0.400000 0.433333 0.466667 0.500000
0.533333 0.566667 0.600000 0.633333 0.666667 0.700000 0.733333 0.766667 0.800000 0.833333</float_array>
        <technique_common>
          <accessor source="#mixamorig_R_C_skirt3-Matrix-animation-input-array" count="26">
            <param name="TIME" type="float"/>
          </accessor>
        </technique_common>
      </source>
      <source id="mixamorig_R_C_skirt3-Matrix-animation-output-transform">
        <float_array id="mixamorig_R_C_skirt3-Matrix-animation-output-transform-array" count="416">

1.000000 0.000000 -0.000000 23.969999 -0.000000 1.000000 -0.000000 0.000000 -0.000000 0.000000 1.000000 0.000100 0.000000 0.000000 0.000000 1.000000
1.000000 -0.000000 0.000000 23.969999 0.000000 1.000000 -0.000000 0.000000 -0.000000 -0.000000 1.000000 0.000100 0.000000 0.000000 0.000000 1.000000
1.000000 0.000000 -0.000000 23.969999 0.000000 1.000000 0.000000 0.000000 0.000000 -0.000000 1.000000 0.000100 0.000000 0.000000 0.000000 1.000000
1.000000 0.000000 0.000000 23.969999 0.000000 1.000000 0.000000 0.000000 -0.000000 0.000000 1.000000 0.000100 0.000000 0.000000 0.000000 1.000000
1.000000 0.000000 0.000000 23.969999 0.000000 1.000000 0.000000 -0.000000 0.000000 0.000000 1.000000 0.000100 0.000000 0.000000 0.000000 1.000000
1.000000 0.000000 0.000000 23.969999 0.000000 1.000000 0.000000 0.000000 -0.000000 -0.000000 1.000000 0.000100 0.000000 0.000000 0.000000 1.000000
1.000000 -0.000000 0.000000 23.969999 0.000000 1.000000 0.000000 0.000000 0.000000 -0.000000 1.000000 0.000100 0.000000 0.000000 0.000000 1.000000
1.000000 0.000000 0.000000 23.969999 -0.000000 1.000000 -0.000000 -0.000000 0.000000 0.000000 1.000000 0.000100 0.000000 0.000000 0.000000 1.000000
1.000000 -0.000000 -0.000000 23.969999 0.000000 1.000000 -0.000000 0.000000 0.000000 -0.000000 1.000000 0.000100 0.000000 0.000000 0.000000 1.000000
1.000000 0.000000 -0.000000 23.969999 0.000000 1.000000 0.000000 0.000000 0.000000 0.000000 1.000000 0.000100 0.000000 0.000000 0.000000 1.000000
1.000000 0.000000 -0.000000 23.969999 0.000000 1.000000 0.000000 0.000000 -0.000000 -0.000000 1.000000 0.000100 0.000000 0.000000 0.000000 1.000000
1.000000 -0.000000 0.000000 23.969999 -0.000000 1.000000 -0.000000 0.000000 0.000000 0.000000 1.000000 0.000100 0.000000 0.000000 0.000000 1.000000
1.000000 0.000000 0.000000 23.969999 0.000000 1.000000 0.000000 -0.000000 0.000000 0.000000 1.000000 0.000100 0.000000 0.000000 0.000000 1.000000
1.000000 0.000000 0.000000 23.969999 -0.000000 1.000000 0.000000 -0.000000 0.000000 -0.000000 1.000000 0.000100 0.000000 0.000000 0.000000 1.000000
1.000000 0.000000 0.000000 23.969999 -0.000000 1.000000 0.000000 0.000000 0.000000 0.000000 1.000000 0.000100 0.000000 0.000000 0.000000 1.000000
1.000000 -0.000000 0.000000 23.969999 0.000000 1.000000 -0.000000 0.000000 -0.000000 -0.000000 1.000000 0.000100 0.000000 0.000000 0.000000 1.000000
1.000000 0.000000 0.000000 23.969999 -0.000000 1.000000 -0.000000 0.000000 -0.000000 -0.000000 1.000000 0.000100 0.000000 0.000000 0.000000 1.000000
1.000000 -0.000000 -0.000000 23.969999 0.000000 1.000000 -0.000000 0.000000 0.000000 0.000000 1.000000 0.000100 0.000000 0.000000 0.000000 1.000000
1.000000 0.000000 0.000000 23.969999 0.000000 1.000000 0.000000 0.000000 0.000000 0.000000 1.000000 0.000100 0.000000 0.000000 0.000000 1.000000
1.000000 0.000000 0.000000 23.969999 -0.000000 1.000000 0.000000 -0.000000 0.000000 -0.000000 1.000000 0.000100 0.000000 0.000000 0.000000 1.000000
1.000000 -0.000000 -0.000000 23.969999 -0.000000 1.000000 0.000000 0.000000 -0.000000 0.000000 1.000000 0.000100 0.000000 0.000000 0.000000 1.000000
1.000000 0.000000 0.000000 23.969999 0.000000 1.000000 0.000000 0.000000 -0.000000 -0.000000 1.000000 0.000100 0.000000 0.000000 0.000000 1.000000
1.000000 0.000000 -0.000000 23.969999 0.000000 1.000000 -0.000000 0.000000 -0.000000 0.000000 1.000000 0.000100 0.000000 0.000000 0.000000 1.000000
1.000000 0.000000 0.000000 23.969999 0.000000 1.000000 -0.000000 0.000000 -0.000000 -0.000000 1.000000 0.000100 0.000000 0.000000 0.000000 1.000000
1.000000 0.000000 0.000000 23.969999 -0.000000 1.000000 0.000000 -0.000000 -0.000000 0.000000 1.000000 0.000100 0.000000 0.000000 0.000000 1.000000
1.000000 0.000000 -0.000000 23.969999 -0.000000 1.000000 -0.000000 0.000000 -0.000000 0.000000 1.000000 0.000100 0.000000 0.000000 0.000000 1.000000</float_array>
        <technique_common>
          <accessor source="#mixamorig_R_C_skirt3-Matrix-animation-output-transform-array" count="26" stride="16">
            <param type="float4x4"/>
          </accessor>
        </technique_common>
      </source>
      <source id="mixamorig_R_C_skirt3-Interpolations">
        <Name_array id="mixamorig_R_C_skirt3-Interpolations-array" count="26">
 LINEAR LINEAR LINEAR LINEAR LINEAR LINEAR LINEAR LINEAR LINEAR LINEAR LINEAR
LINEAR LINEAR LINEAR LINEAR LINEAR LINEAR LINEAR LINEAR LINEAR LINEAR LINEAR LINEAR
LINEAR LINEAR LINEAR</Name_array>
        <technique_common>
          <accessor source="#mixamorig_R_C_skirt3-Interpolations-array" count="26">
            <param type="name"/>
          </accessor>
        </technique_common>
      </source>
      <sampler id="mixamorig_R_C_skirt3-Matrix-animation-transform">
        <input semantic="INPUT" source="#mixamorig_R_C_skirt3-Matrix-animation-input"/>
        <input semantic="OUTPUT" source="#mixamorig_R_C_skirt3-Matrix-animation-output-transform"/>
        <input semantic="INTERPOLATION" source="#mixamorig_R_C_skirt3-Interpolations"/>
      </sampler>
      <channel source="#mixamorig_R_C_skirt3-Matrix-animation-transform" target="mixamorig_R_C_skirt3/matrix"/>
    </animation>
    <animation id="mixamorig_R_A_skirt1-anim" name="mixamorig_R_A_skirt1">
      <source id="mixamorig_R_A_skirt1-Matrix-animation-input">
        <float_array id="mixamorig_R_A_skirt1-Matrix-animation-input-array" count="26">

0.000000 0.033333 0.066667 0.100000 0.133333 0.166667 0.200000 0.233333 0.266667 0.300000 0.333333 0.366667 0.400000 0.433333 0.466667 0.500000
0.533333 0.566667 0.600000 0.633333 0.666667 0.700000 0.733333 0.766667 0.800000 0.833333</float_array>
        <technique_common>
          <accessor source="#mixamorig_R_A_skirt1-Matrix-animation-input-array" count="26">
            <param name="TIME" type="float"/>
          </accessor>
        </technique_common>
      </source>
      <source id="mixamorig_R_A_skirt1-Matrix-animation-output-transform">
        <float_array id="mixamorig_R_A_skirt1-Matrix-animation-output-transform-array" count="416">

-0.142126 -0.623440 -0.768845 -18.034500 -0.988646 0.051130 0.141298 3.980800 -0.048780 0.780197 -0.623629 19.504801 0.000000 0.000000 0.000000 1.000000
-0.142126 -0.623440 -0.768845 -18.034500 -0.988646 0.051130 0.141298 3.980800 -0.048780 0.780197 -0.623629 19.504801 0.000000 0.000000 0.000000 1.000000
-0.142126 -0.623440 -0.768845 -18.034500 -0.988646 0.051130 0.141298 3.980800 -0.048780 0.780197 -0.623629 19.504801 0.000000 0.000000 0.000000 1.000000
-0.142126 -0.623440 -0.768845 -18.034500 -0.988646 0.051130 0.141298 3.980800 -0.048780 0.780197 -0.623629 19.504801 0.000000 0.000000 0.000000 1.000000
-0.142126 -0.623440 -0.768845 -18.034500 -0.988646 0.051130 0.141298 3.980800 -0.048780 0.780197 -0.623629 19.504801 0.000000 0.000000 0.000000 1.000000
-0.142126 -0.623440 -0.768845 -18.034500 -0.988646 0.051130 0.141298 3.980800 -0.048780 0.780197 -0.623629 19.504801 0.000000 0.000000 0.000000 1.000000
-0.142126 -0.623440 -0.768845 -18.034500 -0.988646 0.051130 0.141298 3.980800 -0.048780 0.780197 -0.623629 19.504801 0.000000 0.000000 0.000000 1.000000
-0.142126 -0.623440 -0.768845 -18.034500 -0.988646 0.051130 0.141298 3.980800 -0.048780 0.780197 -0.623629 19.504801 0.000000 0.000000 0.000000 1.000000
-0.142126 -0.623440 -0.768845 -18.034500 -0.988646 0.051130 0.141298 3.980800 -0.048780 0.780197 -0.623629 19.504801 0.000000 0.000000 0.000000 1.000000
-0.142126 -0.623440 -0.768845 -18.034500 -0.988646 0.051130 0.141298 3.980800 -0.048780 0.780197 -0.623629 19.504801 0.000000 0.000000 0.000000 1.000000
-0.142126 -0.623440 -0.768845 -18.034500 -0.988646 0.051130 0.141298 3.980800 -0.048780 0.780197 -0.623629 19.504801 0.000000 0.000000 0.000000 1.000000
-0.142126 -0.623440 -0.768845 -18.034500 -0.988646 0.051130 0.141298 3.980800 -0.048780 0.780197 -0.623629 19.504801 0.000000 0.000000 0.000000 1.000000
-0.142126 -0.623440 -0.768845 -18.034500 -0.988646 0.051130 0.141298 3.980800 -0.048780 0.780197 -0.623629 19.504801 0.000000 0.000000 0.000000 1.000000
-0.142126 -0.623440 -0.768845 -18.034500 -0.988646 0.051130 0.141298 3.980800 -0.048780 0.780197 -0.623629 19.504801 0.000000 0.000000 0.000000 1.000000
-0.142126 -0.623440 -0.768845 -18.034500 -0.988646 0.051130 0.141298 3.980800 -0.048780 0.780197 -0.623629 19.504801 0.000000 0.000000 0.000000 1.000000
-0.142126 -0.623440 -0.768845 -18.034500 -0.988646 0.051130 0.141298 3.980800 -0.048780 0.780197 -0.623629 19.504801 0.000000 0.000000 0.000000 1.000000
-0.142126 -0.623440 -0.768845 -18.034500 -0.988646 0.051130 0.141298 3.980800 -0.048780 0.780197 -0.623629 19.504801 0.000000 0.000000 0.000000 1.000000
-0.142126 -0.623440 -0.768845 -18.034500 -0.988646 0.051130 0.141298 3.980800 -0.048780 0.780197 -0.623629 19.504801 0.000000 0.000000 0.000000 1.000000
-0.142126 -0.623440 -0.768845 -18.034500 -0.988646 0.051130 0.141298 3.980800 -0.048780 0.780197 -0.623629 19.504801 0.000000 0.000000 0.000000 1.000000
-0.142126 -0.623440 -0.768845 -18.034500 -0.988646 0.051130 0.141298 3.980800 -0.048780 0.780197 -0.623629 19.504801 0.000000 0.000000 0.000000 1.000000
-0.142126 -0.623440 -0.768845 -18.034500 -0.988646 0.051130 0.141298 3.980800 -0.048780 0.780197 -0.623629 19.504801 0.000000 0.000000 0.000000 1.000000
-0.142126 -0.623440 -0.768845 -18.034500 -0.988646 0.051130 0.141298 3.980800 -0.048780 0.780197 -0.623629 19.504801 0.000000 0.000000 0.000000 1.000000
-0.142126 -0.623440 -0.768845 -18.034500 -0.988646 0.051130 0.141298 3.980800 -0.048780 0.780197 -0.623629 19.504801 0.000000 0.000000 0.000000 1.000000
-0.142126 -0.623440 -0.768845 -18.034500 -0.988646 0.051130 0.141298 3.980800 -0.048780 0.780197 -0.623629 19.504801 0.000000 0.000000 0.000000 1.000000
-0.142126 -0.623440 -0.768845 -18.034500 -0.988646 0.051130 0.141298 3.980800 -0.048780 0.780197 -0.623629 19.504801 0.000000 0.000000 0.000000 1.000000
-0.142126 -0.623440 -0.768845 -18.034500 -0.988646 0.051130 0.141298 3.980800 -0.048780 0.780197 -0.623629 19.504801 0.000000 0.000000 0.000000 1.000000</float_array>
        <technique_common>
          <accessor source="#mixamorig_R_A_skirt1-Matrix-animation-output-transform-array" count="26" stride="16">
            <param type="float4x4"/>
          </accessor>
        </technique_common>
      </source>
      <source id="mixamorig_R_A_skirt1-Interpolations">
        <Name_array id="mixamorig_R_A_skirt1-Interpolations-array" count="26">
 LINEAR LINEAR LINEAR LINEAR LINEAR LINEAR LINEAR LINEAR LINEAR LINEAR LINEAR
LINEAR LINEAR LINEAR LINEAR LINEAR LINEAR LINEAR LINEAR LINEAR LINEAR LINEAR LINEAR
LINEAR LINEAR LINEAR</Name_array>
        <technique_common>
          <accessor source="#mixamorig_R_A_skirt1-Interpolations-array" count="26">
            <param type="name"/>
          </accessor>
        </technique_common>
      </source>
      <sampler id="mixamorig_R_A_skirt1-Matrix-animation-transform">
        <input semantic="INPUT" source="#mixamorig_R_A_skirt1-Matrix-animation-input"/>
        <input semantic="OUTPUT" source="#mixamorig_R_A_skirt1-Matrix-animation-output-transform"/>
        <input semantic="INTERPOLATION" source="#mixamorig_R_A_skirt1-Interpolations"/>
      </sampler>
      <channel source="#mixamorig_R_A_skirt1-Matrix-animation-transform" target="mixamorig_R_A_skirt1/matrix"/>
    </animation>
    <animation id="mixamorig_R_A_skirt2-anim" name="mixamorig_R_A_skirt2">
      <source id="mixamorig_R_A_skirt2-Matrix-animation-input">
        <float_array id="mixamorig_R_A_skirt2-Matrix-animation-input-array" count="26">

0.000000 0.033333 0.066667 0.100000 0.133333 0.166667 0.200000 0.233333 0.266667 0.300000 0.333333 0.366667 0.400000 0.433333 0.466667 0.500000
0.533333 0.566667 0.600000 0.633333 0.666667 0.700000 0.733333 0.766667 0.800000 0.833333</float_array>
        <technique_common>
          <accessor source="#mixamorig_R_A_skirt2-Matrix-animation-input-array" count="26">
            <param name="TIME" type="float"/>
          </accessor>
        </technique_common>
      </source>
      <source id="mixamorig_R_A_skirt2-Matrix-animation-output-transform">
        <float_array id="mixamorig_R_A_skirt2-Matrix-animation-output-transform-array" count="416">

1.000000 -0.000000 0.000000 27.335400 0.000000 1.000000 0.000000 -0.000100 0.000000 -0.000000 1.000000 0.000100 0.000000 0.000000 0.000000 1.000000
1.000000 0.000000 -0.000000 27.335400 0.000000 1.000000 0.000000 -0.000100 0.000000 0.000000 1.000000 0.000100 0.000000 0.000000 0.000000 1.000000
1.000000 -0.000000 0.000000 27.335400 0.000000 1.000000 0.000000 -0.000100 -0.000000 -0.000000 1.000000 0.000100 0.000000 0.000000 0.000000 1.000000
1.000000 0.000000 -0.000000 27.335400 0.000000 1.000000 -0.000000 -0.000100 -0.000000 0.000000 1.000000 0.000100 0.000000 0.000000 0.000000 1.000000
1.000000 0.000000 -0.000000 27.335400 0.000000 1.000000 0.000000 -0.000100 -0.000000 -0.000000 1.000000 0.000100 0.000000 0.000000 0.000000 1.000000
1.000000 -0.000000 0.000000 27.335400 0.000000 1.000000 0.000000 -0.000100 0.000000 0.000000 1.000000 0.000100 0.000000 0.000000 0.000000 1.000000
1.000000 0.000000 -0.000000 27.335400 0.000000 1.000000 0.000000 -0.000100 0.000000 0.000000 1.000000 0.000100 0.000000 0.000000 0.000000 1.000000
1.000000 0.000000 -0.000000 27.335400 0.000000 1.000000 0.000000 -0.000100 0.000000 -0.000000 1.000000 0.000100 0.000000 0.000000 0.000000 1.000000
1.000000 0.000000 -0.000000 27.335400 0.000000 1.000000 0.000000 -0.000100 0.000000 0.000000 1.000000 0.000100 0.000000 0.000000 0.000000 1.000000
1.000000 0.000000 -0.000000 27.335400 0.000000 1.000000 -0.000000 -0.000100 -0.000000 0.000000 1.000000 0.000100 0.000000 0.000000 0.000000 1.000000
1.000000 0.000000 0.000000 27.335400 -0.000000 1.000000 -0.000000 -0.000100 0.000000 -0.000000 1.000000 0.000100 0.000000 0.000000 0.000000 1.000000
1.000000 -0.000000 0.000000 27.335400 0.000000 1.000000 0.000000 -0.000100 -0.000000 0.000000 1.000000 0.000100 0.000000 0.000000 0.000000 1.000000
1.000000 0.000000 -0.000000 27.335400 0.000000 1.000000 0.000000 -0.000100 -0.000000 -0.000000 1.000000 0.000100 0.000000 0.000000 0.000000 1.000000
1.000000 0.000000 0.000000 27.335400 0.000000 1.000000 0.000000 -0.000100 -0.000000 0.000000 1.000000 0.000100 0.000000 0.000000 0.000000 1.000000
1.000000 0.000000 0.000000 27.335400 0.000000 1.000000 0.000000 -0.000100 0.000000 0.000000 1.000000 0.000100 0.000000 0.000000 0.000000 1.000000
1.000000 0.000000 0.000000 27.335400 0.000000 1.000000 0.000000 -0.000100 0.000000 0.000000 1.000000 0.000100 0.000000 0.000000 0.000000 1.000000
1.000000 -0.000000 0.000000 27.335400 -0.000000 1.000000 -0.000000 -0.000100 0.000000 -0.000000 1.000000 0.000100 0.000000 0.000000 0.000000 1.000000
1.000000 0.000000 0.000000 27.335400 0.000000 1.000000 0.000000 -0.000100 -0.000000 -0.000000 1.000000 0.000100 0.000000 0.000000 0.000000 1.000000
1.000000 0.000000 0.000000 27.335400 0.000000 1.000000 0.000000 -0.000100 0.000000 0.000000 1.000000 0.000100 0.000000 0.000000 0.000000 1.000000
1.000000 0.000000 0.000000 27.335400 -0.000000 1.000000 0.000000 -0.000100 0.000000 0.000000 1.000000 0.000100 0.000000 0.000000 0.000000 1.000000
1.000000 0.000000 -0.000000 27.335400 0.000000 1.000000 -0.000000 -0.000100 0.000000 0.000000 1.000000 0.000100 0.000000 0.000000 0.000000 1.000000
1.000000 -0.000000 0.000000 27.335400 0.000000 1.000000 0.000000 -0.000100 -0.000000 0.000000 1.000000 0.000100 0.000000 0.000000 0.000000 1.000000
1.000000 -0.000000 0.000000 27.335400 0.000000 1.000000 0.000000 -0.000100 0.000000 0.000000 1.000000 0.000100 0.000000 0.000000 0.000000 1.000000
1.000000 -0.000000 -0.000000 27.335400 0.000000 1.000000 0.000000 -0.000100 -0.000000 -0.000000 1.000000 0.000100 0.000000 0.000000 0.000000 1.000000
1.000000 -0.000000 0.000000 27.335400 0.000000 1.000000 0.000000 -0.000100 -0.000000 0.000000 1.000000 0.000100 0.000000 0.000000 0.000000 1.000000
1.000000 -0.000000 0.000000 27.335400 0.000000 1.000000 0.000000 -0.000100 0.000000 -0.000000 1.000000 0.000100 0.000000 0.000000 0.000000 1.000000</float_array>
        <technique_common>
          <accessor source="#mixamorig_R_A_skirt2-Matrix-animation-output-transform-array" count="26" stride="16">
            <param type="float4x4"/>
          </accessor>
        </technique_common>
      </source>
      <source id="mixamorig_R_A_skirt2-Interpolations">
        <Name_array id="mixamorig_R_A_skirt2-Interpolations-array" count="26">
 LINEAR LINEAR LINEAR LINEAR LINEAR LINEAR LINEAR LINEAR LINEAR LINEAR LINEAR
LINEAR LINEAR LINEAR LINEAR LINEAR LINEAR LINEAR LINEAR LINEAR LINEAR LINEAR LINEAR
LINEAR LINEAR LINEAR</Name_array>
        <technique_common>
          <accessor source="#mixamorig_R_A_skirt2-Interpolations-array" count="26">
            <param type="name"/>
          </accessor>
        </technique_common>
      </source>
      <sampler id="mixamorig_R_A_skirt2-Matrix-animation-transform">
        <input semantic="INPUT" source="#mixamorig_R_A_skirt2-Matrix-animation-input"/>
        <input semantic="OUTPUT" source="#mixamorig_R_A_skirt2-Matrix-animation-output-transform"/>
        <input semantic="INTERPOLATION" source="#mixamorig_R_A_skirt2-Interpolations"/>
      </sampler>
      <channel source="#mixamorig_R_A_skirt2-Matrix-animation-transform" target="mixamorig_R_A_skirt2/matrix"/>
    </animation>
    <animation id="mixamorig_R_A_skirt3-anim" name="mixamorig_R_A_skirt3">
      <source id="mixamorig_R_A_skirt3-Matrix-animation-input">
        <float_array id="mixamorig_R_A_skirt3-Matrix-animation-input-array" count="26">

0.000000 0.033333 0.066667 0.100000 0.133333 0.166667 0.200000 0.233333 0.266667 0.300000 0.333333 0.366667 0.400000 0.433333 0.466667 0.500000
0.533333 0.566667 0.600000 0.633333 0.666667 0.700000 0.733333 0.766667 0.800000 0.833333</float_array>
        <technique_common>
          <accessor source="#mixamorig_R_A_skirt3-Matrix-animation-input-array" count="26">
            <param name="TIME" type="float"/>
          </accessor>
        </technique_common>
      </source>
      <source id="mixamorig_R_A_skirt3-Matrix-animation-output-transform">
        <float_array id="mixamorig_R_A_skirt3-Matrix-animation-output-transform-array" count="416">

1.000000 -0.000000 0.000000 27.066099 0.000000 1.000000 0.000000 0.000100 -0.000000 0.000000 1.000000 -0.000000 0.000000 0.000000 0.000000 1.000000
1.000000 0.000000 0.000000 27.066099 -0.000000 1.000000 0.000000 0.000100 0.000000 -0.000000 1.000000 -0.000000 0.000000 0.000000 0.000000 1.000000
1.000000 0.000000 0.000000 27.066099 0.000000 1.000000 0.000000 0.000100 0.000000 -0.000000 1.000000 0.000000 0.000000 0.000000 0.000000 1.000000
1.000000 0.000000 -0.000000 27.066099 0.000000 1.000000 0.000000 0.000100 0.000000 0.000000 1.000000 0.000000 0.000000 0.000000 0.000000 1.000000
1.000000 0.000000 -0.000000 27.066099 0.000000 1.000000 0.000000 0.000100 -0.000000 -0.000000 1.000000 0.000000 0.000000 0.000000 0.000000 1.000000
1.000000 -0.000000 0.000000 27.066099 0.000000 1.000000 0.000000 0.000100 0.000000 0.000000 1.000000 0.000000 0.000000 0.000000 0.000000 1.000000
1.000000 -0.000000 0.000000 27.066099 0.000000 1.000000 0.000000 0.000100 0.000000 0.000000 1.000000 0.000000 0.000000 0.000000 0.000000 1.000000
1.000000 -0.000000 -0.000000 27.066099 -0.000000 1.000000 -0.000000 0.000100 0.000000 0.000000 1.000000 0.000000 0.000000 0.000000 0.000000 1.000000
1.000000 0.000000 0.000000 27.066099 0.000000 1.000000 0.000000 0.000100 0.000000 -0.000000 1.000000 -0.000000 0.000000 0.000000 0.000000 1.000000
1.000000 -0.000000 0.000000 27.066099 -0.000000 1.000000 0.000000 0.000100 -0.000000 0.000000 1.000000 -0.000000 0.000000 0.000000 0.000000 1.000000
1.000000 -0.000000 0.000000 27.066099 -0.000000 1.000000 -0.000000 0.000100 0.000000 -0.000000 1.000000 0.000000 0.000000 0.000000 0.000000 1.000000
1.000000 0.000000 -0.000000 27.066099 0.000000 1.000000 0.000000 0.000100 -0.000000 0.000000 1.000000 0.000000 0.000000 0.000000 0.000000 1.000000
1.000000 0.000000 -0.000000 27.066099 0.000000 1.000000 0.000000 0.000100 -0.000000 -0.000000 1.000000 -0.000000 0.000000 0.000000 0.000000 1.000000
1.000000 -0.000000 0.000000 27.066099 -0.000000 1.000000 0.000000 0.000100 0.000000 0.000000 1.000000 0.000000 0.000000 0.000000 0.000000 1.000000
1.000000 0.000000 0.000000 27.066099 0.000000 1.000000 0.000000 0.000100 0.000000 0.000000 1.000000 0.000000 0.000000 0.000000 0.000000 1.000000
1.000000 0.000000 0.000000 27.066099 0.000000 1.000000 -0.000000 0.000100 -0.000000 0.000000 1.000000 0.000000 0.000000 0.000000 0.000000 1.000000
1.000000 0.000000 0.000000 27.066099 -0.000000 1.000000 -0.000000 0.000100 0.000000 -0.000000 1.000000 0.000000 0.000000 0.000000 0.000000 1.000000
1.000000 0.000000 -0.000000 27.066099 0.000000 1.000000 0.000000 0.000100 -0.000000 -0.000000 1.000000 -0.000000 0.000000 0.000000 0.000000 1.000000
1.000000 0.000000 -0.000000 27.066099 -0.000000 1.000000 -0.000000 0.000100 0.000000 -0.000000 1.000000 0.000000 0.000000 0.000000 0.000000 1.000000
1.000000 -0.000000 0.000000 27.066099 0.000000 1.000000 -0.000000 0.000100 0.000000 -0.000000 1.000000 0.000000 0.000000 0.000000 0.000000 1.000000
1.000000 -0.000000 -0.000000 27.066099 0.000000 1.000000 0.000000 0.000100 0.000000 0.000000 1.000000 0.000000 0.000000 0.000000 0.000000 1.000000
1.000000 -0.000000 0.000000 27.066099 0.000000 1.000000 0.000000 0.000100 0.000000 -0.000000 1.000000 0.000000 0.000000 0.000000 0.000000 1.000000
1.000000 0.000000 0.000000 27.066099 0.000000 1.000000 0.000000 0.000100 0.000000 0.000000 1.000000 -0.000000 0.000000 0.000000 0.000000 1.000000
1.000000 0.000000 -0.000000 27.066099 0.000000 1.000000 0.000000 0.000100 -0.000000 -0.000000 1.000000 0.000000 0.000000 0.000000 0.000000 1.000000
1.000000 -0.000000 0.000000 27.066099 0.000000 1.000000 0.000000 0.000100 -0.000000 0.000000 1.000000 0.000000 0.000000 0.000000 0.000000 1.000000
1.000000 -0.000000 0.000000 27.066099 0.000000 1.000000 0.000000 0.000100 -0.000000 0.000000 1.000000 -0.000000 0.000000 0.000000 0.000000 1.000000</float_array>
        <technique_common>
          <accessor source="#mixamorig_R_A_skirt3-Matrix-animation-output-transform-array" count="26" stride="16">
            <param type="float4x4"/>
          </accessor>
        </technique_common>
      </source>
      <source id="mixamorig_R_A_skirt3-Interpolations">
        <Name_array id="mixamorig_R_A_skirt3-Interpolations-array" count="26">
 LINEAR LINEAR LINEAR LINEAR LINEAR LINEAR LINEAR LINEAR LINEAR LINEAR LINEAR
LINEAR LINEAR LINEAR LINEAR LINEAR LINEAR LINEAR LINEAR LINEAR LINEAR LINEAR LINEAR
LINEAR LINEAR LINEAR</Name_array>
        <technique_common>
          <accessor source="#mixamorig_R_A_skirt3-Interpolations-array" count="26">
            <param type="name"/>
          </accessor>
        </technique_common>
      </source>
      <sampler id="mixamorig_R_A_skirt3-Matrix-animation-transform">
        <input semantic="INPUT" source="#mixamorig_R_A_skirt3-Matrix-animation-input"/>
        <input semantic="OUTPUT" source="#mixamorig_R_A_skirt3-Matrix-animation-output-transform"/>
        <input semantic="INTERPOLATION" source="#mixamorig_R_A_skirt3-Interpolations"/>
      </sampler>
      <channel source="#mixamorig_R_A_skirt3-Matrix-animation-transform" target="mixamorig_R_A_skirt3/matrix"/>
    </animation>
    <animation id="mixamorig_R_B_skirt1-anim" name="mixamorig_R_B_skirt1">
      <source id="mixamorig_R_B_skirt1-Matrix-animation-input">
        <float_array id="mixamorig_R_B_skirt1-Matrix-animation-input-array" count="26">

0.000000 0.033333 0.066667 0.100000 0.133333 0.166667 0.200000 0.233333 0.266667 0.300000 0.333333 0.366667 0.400000 0.433333 0.466667 0.500000
0.533333 0.566667 0.600000 0.633333 0.666667 0.700000 0.733333 0.766667 0.800000 0.833333</float_array>
        <technique_common>
          <accessor source="#mixamorig_R_B_skirt1-Matrix-animation-input-array" count="26">
            <param name="TIME" type="float"/>
          </accessor>
        </technique_common>
      </source>
      <source id="mixamorig_R_B_skirt1-Matrix-animation-output-transform">
        <float_array id="mixamorig_R_B_skirt1-Matrix-animation-output-transform-array" count="416">

-0.142189 -0.942168 0.303482 -22.789900 -0.985105 0.164647 0.049604 6.145800 -0.096702 -0.291908 -0.951545 0.309300 0.000000 0.000000 0.000000 1.000000
-0.142189 -0.942168 0.303482 -22.789900 -0.985105 0.164647 0.049604 6.145800 -0.096702 -0.291908 -0.951545 0.309300 0.000000 0.000000 0.000000 1.000000
-0.142189 -0.942168 0.303482 -22.789900 -0.985105 0.164647 0.049604 6.145800 -0.096702 -0.291908 -0.951545 0.309300 0.000000 0.000000 0.000000 1.000000
-0.142189 -0.942168 0.303482 -22.789900 -0.985105 0.164647 0.049604 6.145800 -0.096702 -0.291908 -0.951545 0.309300 0.000000 0.000000 0.000000 1.000000
-0.142189 -0.942168 0.303482 -22.789900 -0.985105 0.164647 0.049604 6.145800 -0.096702 -0.291908 -0.951545 0.309300 0.000000 0.000000 0.000000 1.000000
-0.142189 -0.942168 0.303482 -22.789900 -0.985105 0.164647 0.049604 6.145800 -0.096702 -0.291908 -0.951545 0.309300 0.000000 0.000000 0.000000 1.000000
-0.142189 -0.942168 0.303482 -22.789900 -0.985105 0.164647 0.049604 6.145800 -0.096702 -0.291908 -0.951545 0.309300 0.000000 0.000000 0.000000 1.000000
-0.142189 -0.942168 0.303482 -22.789900 -0.985105 0.164647 0.049604 6.145800 -0.096702 -0.291908 -0.951545 0.309300 0.000000 0.000000 0.000000 1.000000
-0.142189 -0.942168 0.303482 -22.789900 -0.985105 0.164647 0.049604 6.145800 -0.096702 -0.291908 -0.951545 0.309300 0.000000 0.000000 0.000000 1.000000
-0.142189 -0.942168 0.303482 -22.789900 -0.985105 0.164647 0.049604 6.145800 -0.096702 -0.291908 -0.951545 0.309300 0.000000 0.000000 0.000000 1.000000
-0.142189 -0.942168 0.303482 -22.789900 -0.985105 0.164647 0.049604 6.145800 -0.096702 -0.291908 -0.951545 0.309300 0.000000 0.000000 0.000000 1.000000
-0.142189 -0.942168 0.303482 -22.789900 -0.985105 0.164647 0.049604 6.145800 -0.096702 -0.291908 -0.951545 0.309300 0.000000 0.000000 0.000000 1.000000
-0.142189 -0.942168 0.303482 -22.789900 -0.985105 0.164647 0.049604 6.145800 -0.096702 -0.291908 -0.951545 0.309300 0.000000 0.000000 0.000000 1.000000
-0.142189 -0.942168 0.303482 -22.789900 -0.985105 0.164647 0.049604 6.145800 -0.096702 -0.291908 -0.951545 0.309300 0.000000 0.000000 0.000000 1.000000
-0.142189 -0.942168 0.303482 -22.789900 -0.985105 0.164647 0.049604 6.145800 -0.096702 -0.291908 -0.951545 0.309300 0.000000 0.000000 0.000000 1.000000
-0.142189 -0.942168 0.303482 -22.789900 -0.985105 0.164647 0.049604 6.145800 -0.096702 -0.291908 -0.951545 0.309300 0.000000 0.000000 0.000000 1.000000
-0.142189 -0.942168 0.303482 -22.789900 -0.985105 0.164647 0.049604 6.145800 -0.096702 -0.291908 -0.951545 0.309300 0.000000 0.000000 0.000000 1.000000
-0.142189 -0.942168 0.303482 -22.789900 -0.985105 0.164647 0.049604 6.145800 -0.096702 -0.291908 -0.951545 0.309300 0.000000 0.000000 0.000000 1.000000
-0.142189 -0.942168 0.303482 -22.789900 -0.985105 0.164647 0.049604 6.145800 -0.096702 -0.291908 -0.951545 0.309300 0.000000 0.000000 0.000000 1.000000
-0.142189 -0.942168 0.303482 -22.789900 -0.985105 0.164647 0.049604 6.145800 -0.096702 -0.291908 -0.951545 0.309300 0.000000 0.000000 0.000000 1.000000
-0.142189 -0.942168 0.303482 -22.789900 -0.985105 0.164647 0.049604 6.145800 -0.096702 -0.291908 -0.951545 0.309300 0.000000 0.000000 0.000000 1.000000
-0.142189 -0.942168 0.303482 -22.789900 -0.985105 0.164647 0.049604 6.145800 -0.096702 -0.291908 -0.951545 0.309300 0.000000 0.000000 0.000000 1.000000
-0.142189 -0.942168 0.303482 -22.789900 -0.985105 0.164647 0.049604 6.145800 -0.096702 -0.291908 -0.951545 0.309300 0.000000 0.000000 0.000000 1.000000
-0.142189 -0.942168 0.303482 -22.789900 -0.985105 0.164647 0.049604 6.145800 -0.096702 -0.291908 -0.951545 0.309300 0.000000 0.000000 0.000000 1.000000
-0.142189 -0.942168 0.303482 -22.789900 -0.985105 0.164647 0.049604 6.145800 -0.096702 -0.291908 -0.951545 0.309300 0.000000 0.000000 0.000000 1.000000
-0.142189 -0.942168 0.303482 -22.789900 -0.985105 0.164647 0.049604 6.145800 -0.096702 -0.291908 -0.951545 0.309300 0.000000 0.000000 0.000000 1.000000</float_array>
        <technique_common>
          <accessor source="#mixamorig_R_B_skirt1-Matrix-animation-output-transform-array" count="26" stride="16">
            <param type="float4x4"/>
          </accessor>
        </technique_common>
      </source>
      <source id="mixamorig_R_B_skirt1-Interpolations">
        <Name_array id="mixamorig_R_B_skirt1-Interpolations-array" count="26">
 LINEAR LINEAR LINEAR LINEAR LINEAR LINEAR LINEAR LINEAR LINEAR LINEAR LINEAR
LINEAR LINEAR LINEAR LINEAR LINEAR LINEAR LINEAR LINEAR LINEAR LINEAR LINEAR LINEAR
LINEAR LINEAR LINEAR</Name_array>
        <technique_common>
          <accessor source="#mixamorig_R_B_skirt1-Interpolations-array" count="26">
            <param type="name"/>
          </accessor>
        </technique_common>
      </source>
      <sampler id="mixamorig_R_B_skirt1-Matrix-animation-transform">
        <input semantic="INPUT" source="#mixamorig_R_B_skirt1-Matrix-animation-input"/>
        <input semantic="OUTPUT" source="#mixamorig_R_B_skirt1-Matrix-animation-output-transform"/>
        <input semantic="INTERPOLATION" source="#mixamorig_R_B_skirt1-Interpolations"/>
      </sampler>
      <channel source="#mixamorig_R_B_skirt1-Matrix-animation-transform" target="mixamorig_R_B_skirt1/matrix"/>
    </animation>
    <animation id="mixamorig_R_B_skirt2-anim" name="mixamorig_R_B_skirt2">
      <source id="mixamorig_R_B_skirt2-Matrix-animation-input">
        <float_array id="mixamorig_R_B_skirt2-Matrix-animation-input-array" count="26">

0.000000 0.033333 0.066667 0.100000 0.133333 0.166667 0.200000 0.233333 0.266667 0.300000 0.333333 0.366667 0.400000 0.433333 0.466667 0.500000
0.533333 0.566667 0.600000 0.633333 0.666667 0.700000 0.733333 0.766667 0.800000 0.833333</float_array>
        <technique_common>
          <accessor source="#mixamorig_R_B_skirt2-Matrix-animation-input-array" count="26">
            <param name="TIME" type="float"/>
          </accessor>
        </technique_common>
      </source>
      <source id="mixamorig_R_B_skirt2-Matrix-animation-output-transform">
        <float_array id="mixamorig_R_B_skirt2-Matrix-animation-output-transform-array" count="416">

1.000000 -0.000000 0.000000 27.083401 0.000000 1.000000 0.000000 -0.000000 -0.000000 -0.000000 1.000000 0.000000 0.000000 0.000000 0.000000 1.000000
1.000000 0.000000 0.000000 27.083401 -0.000000 1.000000 -0.000000 0.000000 0.000000 0.000000 1.000000 -0.000000 0.000000 0.000000 0.000000 1.000000
1.000000 0.000000 0.000000 27.083401 -0.000000 1.000000 0.000000 -0.000000 0.000000 -0.000000 1.000000 0.000000 0.000000 0.000000 0.000000 1.000000
1.000000 0.000000 0.000000 27.083401 -0.000000 1.000000 -0.000000 0.000000 0.000000 0.000000 1.000000 0.000000 0.000000 0.000000 0.000000 1.000000
1.000000 0.000000 0.000000 27.083401 -0.000000 1.000000 0.000000 0.000000 0.000000 -0.000000 1.000000 0.000000 0.000000 0.000000 0.000000 1.000000
1.000000 -0.000000 0.000000 27.083401 -0.000000 1.000000 -0.000000 -0.000000 0.000000 0.000000 1.000000 -0.000000 0.000000 0.000000 0.000000 1.000000
1.000000 -0.000000 0.000000 27.083401 0.000000 1.000000 0.000000 -0.000000 0.000000 0.000000 1.000000 0.000000 0.000000 0.000000 0.000000 1.000000
1.000000 0.000000 0.000000 27.083401 -0.000000 1.000000 0.000000 -0.000000 0.000000 0.000000 1.000000 -0.000000 0.000000 0.000000 0.000000 1.000000
1.000000 -0.000000 0.000000 27.083401 0.000000 1.000000 -0.000000 0.000000 0.000000 -0.000000 1.000000 0.000000 0.000000 0.000000 0.000000 1.000000
1.000000 -0.000000 0.000000 27.083401 -0.000000 1.000000 -0.000000 0.000000 -0.000000 -0.000000 1.000000 0.000000 0.000000 0.000000 0.000000 1.000000
1.000000 0.000000 0.000000 27.083401 0.000000 1.000000 0.000000 0.000000 0.000000 -0.000000 1.000000 -0.000000 0.000000 0.000000 0.000000 1.000000
1.000000 0.000000 0.000000 27.083401 0.000000 1.000000 0.000000 0.000000 -0.000000 0.000000 1.000000 -0.000000 0.000000 0.000000 0.000000 1.000000
1.000000 -0.000000 0.000000 27.083401 0.000000 1.000000 -0.000000 -0.000000 -0.000000 0.000000 1.000000 0.000000 0.000000 0.000000 0.000000 1.000000
1.000000 0.000000 0.000000 27.083401 -0.000000 1.000000 0.000000 -0.000000 -0.000000 -0.000000 1.000000 -0.000000 0.000000 0.000000 0.000000 1.000000
1.000000 -0.000000 0.000000 27.083401 -0.000000 1.000000 0.000000 0.000000 -0.000000 0.000000 1.000000 -0.000000 0.000000 0.000000 0.000000 1.000000
1.000000 0.000000 0.000000 27.083401 -0.000000 1.000000 -0.000000 -0.000000 0.000000 0.000000 1.000000 0.000000 0.000000 0.000000 0.000000 1.000000
1.000000 -0.000000 0.000000 27.083401 -0.000000 1.000000 0.000000 0.000000 -0.000000 -0.000000 1.000000 -0.000000 0.000000 0.000000 0.000000 1.000000
1.000000 -0.000000 -0.000000 27.083401 -0.000000 1.000000 0.000000 0.000000 -0.000000 -0.000000 1.000000 -0.000000 0.000000 0.000000 0.000000 1.000000
1.000000 0.000000 0.000000 27.083401 0.000000 1.000000 0.000000 0.000000 -0.000000 0.000000 1.000000 0.000000 0.000000 0.000000 0.000000 1.000000
1.000000 -0.000000 -0.000000 27.083401 0.000000 1.000000 -0.000000 0.000000 0.000000 -0.000000 1.000000 -0.000000 0.000000 0.000000 0.000000 1.000000
1.000000 -0.000000 -0.000000 27.083401 -0.000000 1.000000 -0.000000 0.000000 0.000000 -0.000000 1.000000 0.000000 0.000000 0.000000 0.000000 1.000000
1.000000 0.000000 0.000000 27.083401 0.000000 1.000000 0.000000 0.000000 0.000000 0.000000 1.000000 0.000000 0.000000 0.000000 0.000000 1.000000
1.000000 -0.000000 0.000000 27.083401 -0.000000 1.000000 -0.000000 -0.000000 -0.000000 0.000000 1.000000 -0.000000 0.000000 0.000000 0.000000 1.000000
1.000000 0.000000 -0.000000 27.083401 -0.000000 1.000000 0.000000 0.000000 0.000000 0.000000 1.000000 0.000000 0.000000 0.000000 0.000000 1.000000
1.000000 0.000000 -0.000000 27.083401 0.000000 1.000000 0.000000 0.000000 0.000000 0.000000 1.000000 0.000000 0.000000 0.000000 0.000000 1.000000
1.000000 -0.000000 0.000000 27.083401 0.000000 1.000000 0.000000 -0.000000 -0.000000 -0.000000 1.000000 0.000000 0.000000 0.000000 0.000000 1.000000</float_array>
        <technique_common>
          <accessor source="#mixamorig_R_B_skirt2-Matrix-animation-output-transform-array" count="26" stride="16">
            <param type="float4x4"/>
          </accessor>
        </technique_common>
      </source>
      <source id="mixamorig_R_B_skirt2-Interpolations">
        <Name_array id="mixamorig_R_B_skirt2-Interpolations-array" count="26">
 LINEAR LINEAR LINEAR LINEAR LINEAR LINEAR LINEAR LINEAR LINEAR LINEAR LINEAR
LINEAR LINEAR LINEAR LINEAR LINEAR LINEAR LINEAR LINEAR LINEAR LINEAR LINEAR LINEAR
LINEAR LINEAR LINEAR</Name_array>
        <technique_common>
          <accessor source="#mixamorig_R_B_skirt2-Interpolations-array" count="26">
            <param type="name"/>
          </accessor>
        </technique_common>
      </source>
      <sampler id="mixamorig_R_B_skirt2-Matrix-animation-transform">
        <input semantic="INPUT" source="#mixamorig_R_B_skirt2-Matrix-animation-input"/>
        <input semantic="OUTPUT" source="#mixamorig_R_B_skirt2-Matrix-animation-output-transform"/>
        <input semantic="INTERPOLATION" source="#mixamorig_R_B_skirt2-Interpolations"/>
      </sampler>
      <channel source="#mixamorig_R_B_skirt2-Matrix-animation-transform" target="mixamorig_R_B_skirt2/matrix"/>
    </animation>
    <animation id="mixamorig_R_B_skirt3-anim" name="mixamorig_R_B_skirt3">
      <source id="mixamorig_R_B_skirt3-Matrix-animation-input">
        <float_array id="mixamorig_R_B_skirt3-Matrix-animation-input-array" count="26">

0.000000 0.033333 0.066667 0.100000 0.133333 0.166667 0.200000 0.233333 0.266667 0.300000 0.333333 0.366667 0.400000 0.433333 0.466667 0.500000
0.533333 0.566667 0.600000 0.633333 0.666667 0.700000 0.733333 0.766667 0.800000 0.833333</float_array>
        <technique_common>
          <accessor source="#mixamorig_R_B_skirt3-Matrix-animation-input-array" count="26">
            <param name="TIME" type="float"/>
          </accessor>
        </technique_common>
      </source>
      <source id="mixamorig_R_B_skirt3-Matrix-animation-output-transform">
        <float_array id="mixamorig_R_B_skirt3-Matrix-animation-output-transform-array" count="416">

1.000000 0.000000 0.000000 26.734699 0.000000 1.000000 0.000000 0.000000 0.000000 0.000000 1.000000 0.000000 0.000000 0.000000 0.000000 1.000000
1.000000 -0.000000 0.000000 26.734699 -0.000000 1.000000 0.000000 0.000000 0.000000 -0.000000 1.000000 0.000000 0.000000 0.000000 0.000000 1.000000
1.000000 0.000000 -0.000000 26.734699 0.000000 1.000000 -0.000000 0.000000 -0.000000 0.000000 1.000000 0.000000 0.000000 0.000000 0.000000 1.000000
1.000000 0.000000 0.000000 26.734699 0.000000 1.000000 -0.000000 0.000000 0.000000 0.000000 1.000000 -0.000000 0.000000 0.000000 0.000000 1.000000
1.000000 -0.000000 -0.000000 26.734699 -0.000000 1.000000 0.000000 0.000000 0.000000 0.000000 1.000000 0.000000 0.000000 0.000000 0.000000 1.000000
1.000000 -0.000000 0.000000 26.734699 -0.000000 1.000000 0.000000 0.000000 0.000000 -0.000000 1.000000 -0.000000 0.000000 0.000000 0.000000 1.000000
1.000000 0.000000 -0.000000 26.734699 0.000000 1.000000 0.000000 0.000000 0.000000 -0.000000 1.000000 0.000000 0.000000 0.000000 0.000000 1.000000
1.000000 0.000000 0.000000 26.734699 -0.000000 1.000000 0.000000 -0.000000 -0.000000 -0.000000 1.000000 0.000000 0.000000 0.000000 0.000000 1.000000
1.000000 0.000000 0.000000 26.734699 0.000000 1.000000 -0.000000 0.000000 0.000000 -0.000000 1.000000 0.000000 0.000000 0.000000 0.000000 1.000000
1.000000 0.000000 0.000000 26.734699 0.000000 1.000000 -0.000000 0.000000 0.000000 0.000000 1.000000 0.000000 0.000000 0.000000 0.000000 1.000000
1.000000 -0.000000 0.000000 26.734699 -0.000000 1.000000 -0.000000 0.000000 0.000000 -0.000000 1.000000 -0.000000 0.000000 0.000000 0.000000 1.000000
1.000000 0.000000 0.000000 26.734699 -0.000000 1.000000 -0.000000 -0.000000 0.000000 -0.000000 1.000000 0.000000 0.000000 0.000000 0.000000 1.000000
1.000000 0.000000 0.000000 26.734699 -0.000000 1.000000 0.000000 0.000000 -0.000000 0.000000 1.000000 -0.000000 0.000000 0.000000 0.000000 1.000000
1.000000 0.000000 0.000000 26.734699 0.000000 1.000000 0.000000 0.000000 -0.000000 0.000000 1.000000 -0.000000 0.000000 0.000000 0.000000 1.000000
1.000000 0.000000 0.000000 26.734699 0.000000 1.000000 0.000000 0.000000 0.000000 -0.000000 1.000000 -0.000000 0.000000 0.000000 0.000000 1.000000
1.000000 -0.000000 0.000000 26.734699 -0.000000 1.000000 -0.000000 0.000000 0.000000 0.000000 1.000000 -0.000000 0.000000 0.000000 0.000000 1.000000
1.000000 -0.000000 0.000000 26.734699 -0.000000 1.000000 -0.000000 0.000000 -0.000000 -0.000000 1.000000 0.000000 0.000000 0.000000 0.000000 1.000000
1.000000 -0.000000 -0.000000 26.734699 0.000000 1.000000 0.000000 -0.000000 -0.000000 -0.000000 1.000000 0.000000 0.000000 0.000000 0.000000 1.000000
1.000000 -0.000000 0.000000 26.734699 0.000000 1.000000 0.000000 0.000000 0.000000 0.000000 1.000000 0.000000 0.000000 0.000000 0.000000 1.000000
1.000000 -0.000000 -0.000000 26.734699 0.000000 1.000000 -0.000000 0.000000 0.000000 0.000000 1.000000 0.000000 0.000000 0.000000 0.000000 1.000000
1.000000 -0.000000 0.000000 26.734699 -0.000000 1.000000 0.000000 0.000000 0.000000 0.000000 1.000000 0.000000 0.000000 0.000000 0.000000 1.000000
1.000000 -0.000000 0.000000 26.734699 0.000000 1.000000 0.000000 0.000000 0.000000 0.000000 1.000000 0.000000 0.000000 0.000000 0.000000 1.000000
1.000000 0.000000 0.000000 26.734699 -0.000000 1.000000 -0.000000 0.000000 -0.000000 0.000000 1.000000 -0.000000 0.000000 0.000000 0.000000 1.000000
1.000000 -0.000000 -0.000000 26.734699 0.000000 1.000000 0.000000 0.000000 -0.000000 0.000000 1.000000 -0.000000 0.000000 0.000000 0.000000 1.000000
1.000000 0.000000 -0.000000 26.734699 -0.000000 1.000000 0.000000 -0.000000 -0.000000 -0.000000 1.000000 0.000000 0.000000 0.000000 0.000000 1.000000
1.000000 0.000000 0.000000 26.734699 0.000000 1.000000 0.000000 0.000000 0.000000 0.000000 1.000000 0.000000 0.000000 0.000000 0.000000 1.000000</float_array>
        <technique_common>
          <accessor source="#mixamorig_R_B_skirt3-Matrix-animation-output-transform-array" count="26" stride="16">
            <param type="float4x4"/>
          </accessor>
        </technique_common>
      </source>
      <source id="mixamorig_R_B_skirt3-Interpolations">
        <Name_array id="mixamorig_R_B_skirt3-Interpolations-array" count="26">
 LINEAR LINEAR LINEAR LINEAR LINEAR LINEAR LINEAR LINEAR LINEAR LINEAR LINEAR
LINEAR LINEAR LINEAR LINEAR LINEAR LINEAR LINEAR LINEAR LINEAR LINEAR LINEAR LINEAR
LINEAR LINEAR LINEAR</Name_array>
        <technique_common>
          <accessor source="#mixamorig_R_B_skirt3-Interpolations-array" count="26">
            <param type="name"/>
          </accessor>
        </technique_common>
      </source>
      <sampler id="mixamorig_R_B_skirt3-Matrix-animation-transform">
        <input semantic="INPUT" source="#mixamorig_R_B_skirt3-Matrix-animation-input"/>
        <input semantic="OUTPUT" source="#mixamorig_R_B_skirt3-Matrix-animation-output-transform"/>
        <input semantic="INTERPOLATION" source="#mixamorig_R_B_skirt3-Interpolations"/>
      </sampler>
      <channel source="#mixamorig_R_B_skirt3-Matrix-animation-transform" target="mixamorig_R_B_skirt3/matrix"/>
    </animation>
    <animation id="mixamorig_F_skirt1-anim" name="mixamorig_F_skirt1">
      <source id="mixamorig_F_skirt1-Matrix-animation-input">
        <float_array id="mixamorig_F_skirt1-Matrix-animation-input-array" count="26">

0.000000 0.033333 0.066667 0.100000 0.133333 0.166667 0.200000 0.233333 0.266667 0.300000 0.333333 0.366667 0.400000 0.433333 0.466667 0.500000
0.533333 0.566667 0.600000 0.633333 0.666667 0.700000 0.733333 0.766667 0.800000 0.833333</float_array>
        <technique_common>
          <accessor source="#mixamorig_F_skirt1-Matrix-animation-input-array" count="26">
            <param name="TIME" type="float"/>
          </accessor>
        </technique_common>
      </source>
      <source id="mixamorig_F_skirt1-Matrix-animation-output-transform">
        <float_array id="mixamorig_F_skirt1-Matrix-animation-output-transform-array" count="416">

-0.000002 0.000000 -1.000000 -0.093700 -0.998606 0.052777 0.000002 -3.741800 0.052777 0.998606 0.000000 24.067699 0.000000 0.000000 0.000000 1.000000
-0.000002 0.000000 -1.000000 -0.093700 -0.998606 0.052777 0.000002 -3.741800 0.052777 0.998606 0.000000 24.067699 0.000000 0.000000 0.000000 1.000000
-0.000002 0.000000 -1.000000 -0.093700 -0.998606 0.052777 0.000002 -3.741800 0.052777 0.998606 0.000000 24.067699 0.000000 0.000000 0.000000 1.000000
-0.000002 0.000000 -1.000000 -0.093700 -0.998606 0.052777 0.000002 -3.741800 0.052777 0.998606 0.000000 24.067699 0.000000 0.000000 0.000000 1.000000
-0.000002 0.000000 -1.000000 -0.093700 -0.998606 0.052777 0.000002 -3.741800 0.052777 0.998606 0.000000 24.067699 0.000000 0.000000 0.000000 1.000000
-0.000002 0.000000 -1.000000 -0.093700 -0.998606 0.052777 0.000002 -3.741800 0.052777 0.998606 0.000000 24.067699 0.000000 0.000000 0.000000 1.000000
-0.000002 0.000000 -1.000000 -0.093700 -0.998606 0.052777 0.000002 -3.741800 0.052777 0.998606 0.000000 24.067699 0.000000 0.000000 0.000000 1.000000
-0.000002 0.000000 -1.000000 -0.093700 -0.998606 0.052777 0.000002 -3.741800 0.052777 0.998606 0.000000 24.067699 0.000000 0.000000 0.000000 1.000000
-0.000002 0.000000 -1.000000 -0.093700 -0.998606 0.052777 0.000002 -3.741800 0.052777 0.998606 0.000000 24.067699 0.000000 0.000000 0.000000 1.000000
-0.000002 0.000000 -1.000000 -0.093700 -0.998606 0.052777 0.000002 -3.741800 0.052777 0.998606 0.000000 24.067699 0.000000 0.000000 0.000000 1.000000
-0.000002 0.000000 -1.000000 -0.093700 -0.998606 0.052777 0.000002 -3.741800 0.052777 0.998606 0.000000 24.067699 0.000000 0.000000 0.000000 1.000000
-0.000002 0.000000 -1.000000 -0.093700 -0.998606 0.052777 0.000002 -3.741800 0.052777 0.998606 0.000000 24.067699 0.000000 0.000000 0.000000 1.000000
-0.000002 0.000000 -1.000000 -0.093700 -0.998606 0.052777 0.000002 -3.741800 0.052777 0.998606 0.000000 24.067699 0.000000 0.000000 0.000000 1.000000
-0.000002 0.000000 -1.000000 -0.093700 -0.998606 0.052777 0.000002 -3.741800 0.052777 0.998606 0.000000 24.067699 0.000000 0.000000 0.000000 1.000000
-0.000002 0.000000 -1.000000 -0.093700 -0.998606 0.052777 0.000002 -3.741800 0.052777 0.998606 0.000000 24.067699 0.000000 0.000000 0.000000 1.000000
-0.000002 0.000000 -1.000000 -0.093700 -0.998606 0.052777 0.000002 -3.741800 0.052777 0.998606 0.000000 24.067699 0.000000 0.000000 0.000000 1.000000
-0.000002 0.000000 -1.000000 -0.093700 -0.998606 0.052777 0.000002 -3.741800 0.052777 0.998606 0.000000 24.067699 0.000000 0.000000 0.000000 1.000000
-0.000002 0.000000 -1.000000 -0.093700 -0.998606 0.052777 0.000002 -3.741800 0.052777 0.998606 0.000000 24.067699 0.000000 0.000000 0.000000 1.000000
-0.000002 0.000000 -1.000000 -0.093700 -0.998606 0.052777 0.000002 -3.741800 0.052777 0.998606 0.000000 24.067699 0.000000 0.000000 0.000000 1.000000
-0.000002 0.000000 -1.000000 -0.093700 -0.998606 0.052777 0.000002 -3.741800 0.052777 0.998606 0.000000 24.067699 0.000000 0.000000 0.000000 1.000000
-0.000002 0.000000 -1.000000 -0.093700 -0.998606 0.052777 0.000002 -3.741800 0.052777 0.998606 0.000000 24.067699 0.000000 0.000000 0.000000 1.000000
-0.000002 0.000000 -1.000000 -0.093700 -0.998606 0.052777 0.000002 -3.741800 0.052777 0.998606 0.000000 24.067699 0.000000 0.000000 0.000000 1.000000
-0.000002 0.000000 -1.000000 -0.093700 -0.998606 0.052777 0.000002 -3.741800 0.052777 0.998606 0.000000 24.067699 0.000000 0.000000 0.000000 1.000000
-0.000002 0.000000 -1.000000 -0.093700 -0.998606 0.052777 0.000002 -3.741800 0.052777 0.998606 0.000000 24.067699 0.000000 0.000000 0.000000 1.000000
-0.000002 0.000000 -1.000000 -0.093700 -0.998606 0.052777 0.000002 -3.741800 0.052777 0.998606 0.000000 24.067699 0.000000 0.000000 0.000000 1.000000
-0.000002 0.000000 -1.000000 -0.093700 -0.998606 0.052777 0.000002 -3.741800 0.052777 0.998606 0.000000 24.067699 0.000000 0.000000 0.000000 1.000000</float_array>
        <technique_common>
          <accessor source="#mixamorig_F_skirt1-Matrix-animation-output-transform-array" count="26" stride="16">
            <param type="float4x4"/>
          </accessor>
        </technique_common>
      </source>
      <source id="mixamorig_F_skirt1-Interpolations">
        <Name_array id="mixamorig_F_skirt1-Interpolations-array" count="26">
 LINEAR LINEAR LINEAR LINEAR LINEAR LINEAR LINEAR LINEAR LINEAR LINEAR LINEAR
LINEAR LINEAR LINEAR LINEAR LINEAR LINEAR LINEAR LINEAR LINEAR LINEAR LINEAR LINEAR
LINEAR LINEAR LINEAR</Name_array>
        <technique_common>
          <accessor source="#mixamorig_F_skirt1-Interpolations-array" count="26">
            <param type="name"/>
          </accessor>
        </technique_common>
      </source>
      <sampler id="mixamorig_F_skirt1-Matrix-animation-transform">
        <input semantic="INPUT" source="#mixamorig_F_skirt1-Matrix-animation-input"/>
        <input semantic="OUTPUT" source="#mixamorig_F_skirt1-Matrix-animation-output-transform"/>
        <input semantic="INTERPOLATION" source="#mixamorig_F_skirt1-Interpolations"/>
      </sampler>
      <channel source="#mixamorig_F_skirt1-Matrix-animation-transform" target="mixamorig_F_skirt1/matrix"/>
    </animation>
    <animation id="mixamorig_F_skirt2-anim" name="mixamorig_F_skirt2">
      <source id="mixamorig_F_skirt2-Matrix-animation-input">
        <float_array id="mixamorig_F_skirt2-Matrix-animation-input-array" count="26">

0.000000 0.033333 0.066667 0.100000 0.133333 0.166667 0.200000 0.233333 0.266667 0.300000 0.333333 0.366667 0.400000 0.433333 0.466667 0.500000
0.533333 0.566667 0.600000 0.633333 0.666667 0.700000 0.733333 0.766667 0.800000 0.833333</float_array>
        <technique_common>
          <accessor source="#mixamorig_F_skirt2-Matrix-animation-input-array" count="26">
            <param name="TIME" type="float"/>
          </accessor>
        </technique_common>
      </source>
      <source id="mixamorig_F_skirt2-Matrix-animation-output-transform">
        <float_array id="mixamorig_F_skirt2-Matrix-animation-output-transform-array" count="416">

1.000000 -0.000000 0.000000 23.567801 0.000000 1.000000 -0.000000 0.000000 -0.000000 -0.000000 1.000000 0.000000 0.000000 0.000000 0.000000 1.000000
1.000000 0.000000 -0.000000 23.567801 0.000000 1.000000 0.000000 0.000000 -0.000000 0.000000 1.000000 0.000000 0.000000 0.000000 0.000000 1.000000
1.000000 0.000000 0.000000 23.567801 0.000000 1.000000 0.000000 0.000000 0.000000 -0.000000 1.000000 -0.000000 0.000000 0.000000 0.000000 1.000000
1.000000 -0.000000 0.000000 23.567801 -0.000000 1.000000 0.000000 0.000000 -0.000000 -0.000000 1.000000 0.000000 0.000000 0.000000 0.000000 1.000000
1.000000 -0.000000 0.000000 23.567801 -0.000000 1.000000 -0.000000 -0.000000 -0.000000 -0.000000 1.000000 0.000000 0.000000 0.000000 0.000000 1.000000
1.000000 -0.000000 -0.000000 23.567801 -0.000000 1.000000 0.000000 0.000000 0.000000 -0.000000 1.000000 -0.000000 0.000000 0.000000 0.000000 1.000000
1.000000 0.000000 0.000000 23.567801 0.000000 1.000000 0.000000 0.000000 -0.000000 0.000000 1.000000 -0.000000 0.000000 0.000000 0.000000 1.000000
1.000000 -0.000000 -0.000000 23.567801 -0.000000 1.000000 -0.000000 0.000000 -0.000000 0.000000 1.000000 0.000000 0.000000 0.000000 0.000000 1.000000
1.000000 0.000000 -0.000000 23.567801 0.000000 1.000000 0.000000 -0.000000 0.000000 0.000000 1.000000 -0.000000 0.000000 0.000000 0.000000 1.000000
1.000000 -0.000000 -0.000000 23.567801 0.000000 1.000000 -0.000000 0.000000 0.000000 0.000000 1.000000 -0.000000 0.000000 0.000000 0.000000 1.000000
1.000000 0.000000 -0.000000 23.567801 0.000000 1.000000 0.000000 0.000000 -0.000000 0.000000 1.000000 -0.000000 0.000000 0.000000 0.000000 1.000000
1.000000 0.000000 0.000000 23.567801 -0.000000 1.000000 0.000000 0.000000 0.000000 -0.000000 1.000000 -0.000000 0.000000 0.000000 0.000000 1.000000
1.000000 -0.000000 0.000000 23.567801 0.000000 1.000000 0.000000 -0.000000 -0.000000 -0.000000 1.000000 -0.000000 0.000000 0.000000 0.000000 1.000000
1.000000 0.000000 -0.000000 23.567801 0.000000 1.000000 0.000000 0.000000 0.000000 0.000000 1.000000 0.000000 0.000000 0.000000 0.000000 1.000000
1.000000 0.000000 -0.000000 23.567801 0.000000 1.000000 0.000000 0.000000 0.000000 0.000000 1.000000 -0.000000 0.000000 0.000000 0.000000 1.000000
1.000000 -0.000000 0.000000 23.567801 0.000000 1.000000 0.000000 0.000000 0.000000 0.000000 1.000000 0.000000 0.000000 0.000000 0.000000 1.000000
1.000000 0.000000 0.000000 23.567801 -0.000000 1.000000 -0.000000 0.000000 0.000000 -0.000000 1.000000 0.000000 0.000000 0.000000 0.000000 1.000000
1.000000 -0.000000 0.000000 23.567801 -0.000000 1.000000 0.000000 0.000000 0.000000 0.000000 1.000000 0.000000 0.000000 0.000000 0.000000 1.000000
1.000000 0.000000 -0.000000 23.567801 0.000000 1.000000 -0.000000 0.000000 0.000000 -0.000000 1.000000 0.000000 0.000000 0.000000 0.000000 1.000000
1.000000 0.000000 0.000000 23.567801 -0.000000 1.000000 -0.000000 0.000000 0.000000 -0.000000 1.000000 0.000000 0.000000 0.000000 0.000000 1.000000
1.000000 0.000000 0.000000 23.567801 0.000000 1.000000 -0.000000 0.000000 -0.000000 0.000000 1.000000 0.000000 0.000000 0.000000 0.000000 1.000000
1.000000 0.000000 0.000000 23.567801 0.000000 1.000000 0.000000 0.000000 0.000000 0.000000 1.000000 0.000000 0.000000 0.000000 0.000000 1.000000
1.000000 0.000000 0.000000 23.567801 0.000000 1.000000 0.000000 0.000000 -0.000000 0.000000 1.000000 0.000000 0.000000 0.000000 0.000000 1.000000
1.000000 -0.000000 0.000000 23.567801 0.000000 1.000000 0.000000 -0.000000 0.000000 -0.000000 1.000000 0.000000 0.000000 0.000000 0.000000 1.000000
1.000000 0.000000 -0.000000 23.567801 0.000000 1.000000 0.000000 0.000000 0.000000 -0.000000 1.000000 0.000000 0.000000 0.000000 0.000000 1.000000
1.000000 -0.000000 0.000000 23.567801 0.000000 1.000000 -0.000000 0.000000 -0.000000 -0.000000 1.000000 0.000000 0.000000 0.000000 0.000000 1.000000</float_array>
        <technique_common>
          <accessor source="#mixamorig_F_skirt2-Matrix-animation-output-transform-array" count="26" stride="16">
            <param type="float4x4"/>
          </accessor>
        </technique_common>
      </source>
      <source id="mixamorig_F_skirt2-Interpolations">
        <Name_array id="mixamorig_F_skirt2-Interpolations-array" count="26">
 LINEAR LINEAR LINEAR LINEAR LINEAR LINEAR LINEAR LINEAR LINEAR LINEAR LINEAR
LINEAR LINEAR LINEAR LINEAR LINEAR LINEAR LINEAR LINEAR LINEAR LINEAR LINEAR LINEAR
LINEAR LINEAR LINEAR</Name_array>
        <technique_common>
          <accessor source="#mixamorig_F_skirt2-Interpolations-array" count="26">
            <param type="name"/>
          </accessor>
        </technique_common>
      </source>
      <sampler id="mixamorig_F_skirt2-Matrix-animation-transform">
        <input semantic="INPUT" source="#mixamorig_F_skirt2-Matrix-animation-input"/>
        <input semantic="OUTPUT" source="#mixamorig_F_skirt2-Matrix-animation-output-transform"/>
        <input semantic="INTERPOLATION" source="#mixamorig_F_skirt2-Interpolations"/>
      </sampler>
      <channel source="#mixamorig_F_skirt2-Matrix-animation-transform" target="mixamorig_F_skirt2/matrix"/>
    </animation>
    <animation id="mixamorig_F_skirt3-anim" name="mixamorig_F_skirt3">
      <source id="mixamorig_F_skirt3-Matrix-animation-input">
        <float_array id="mixamorig_F_skirt3-Matrix-animation-input-array" count="26">

0.000000 0.033333 0.066667 0.100000 0.133333 0.166667 0.200000 0.233333 0.266667 0.300000 0.333333 0.366667 0.400000 0.433333 0.466667 0.500000
0.533333 0.566667 0.600000 0.633333 0.666667 0.700000 0.733333 0.766667 0.800000 0.833333</float_array>
        <technique_common>
          <accessor source="#mixamorig_F_skirt3-Matrix-animation-input-array" count="26">
            <param name="TIME" type="float"/>
          </accessor>
        </technique_common>
      </source>
      <source id="mixamorig_F_skirt3-Matrix-animation-output-transform">
        <float_array id="mixamorig_F_skirt3-Matrix-animation-output-transform-array" count="416">

1.000000 0.000000 -0.000000 23.545500 -0.000000 1.000000 -0.000000 -0.000000 -0.000000 0.000000 1.000000 0.000000 0.000000 0.000000 0.000000 1.000000
1.000000 0.000000 -0.000000 23.545500 0.000000 1.000000 0.000000 0.000000 -0.000000 0.000000 1.000000 0.000000 0.000000 0.000000 0.000000 1.000000
1.000000 -0.000000 0.000000 23.545500 0.000000 1.000000 0.000000 0.000000 0.000000 0.000000 1.000000 0.000000 0.000000 0.000000 0.000000 1.000000
1.000000 0.000000 0.000000 23.545500 -0.000000 1.000000 0.000000 0.000000 0.000000 0.000000 1.000000 0.000000 0.000000 0.000000 0.000000 1.000000
1.000000 -0.000000 0.000000 23.545500 -0.000000 1.000000 -0.000000 0.000000 -0.000000 0.000000 1.000000 0.000000 0.000000 0.000000 0.000000 1.000000
1.000000 -0.000000 0.000000 23.545500 0.000000 1.000000 0.000000 -0.000000 0.000000 0.000000 1.000000 0.000000 0.000000 0.000000 0.000000 1.000000
1.000000 0.000000 0.000000 23.545500 0.000000 1.000000 0.000000 0.000000 -0.000000 0.000000 1.000000 -0.000000 0.000000 0.000000 0.000000 1.000000
1.000000 -0.000000 -0.000000 23.545500 -0.000000 1.000000 0.000000 0.000000 -0.000000 0.000000 1.000000 -0.000000 0.000000 0.000000 0.000000 1.000000
1.000000 0.000000 -0.000000 23.545500 0.000000 1.000000 -0.000000 0.000000 0.000000 -0.000000 1.000000 0.000000 0.000000 0.000000 0.000000 1.000000
1.000000 -0.000000 -0.000000 23.545500 0.000000 1.000000 -0.000000 -0.000000 0.000000 0.000000 1.000000 0.000000 0.000000 0.000000 0.000000 1.000000
1.000000 -0.000000 -0.000000 23.545500 0.000000 1.000000 0.000000 -0.000000 -0.000000 0.000000 1.000000 0.000000 0.000000 0.000000 0.000000 1.000000
1.000000 0.000000 0.000000 23.545500 -0.000000 1.000000 -0.000000 0.000000 0.000000 0.000000 1.000000 0.000000 0.000000 0.000000 0.000000 1.000000
1.000000 0.000000 -0.000000 23.545500 -0.000000 1.000000 0.000000 0.000000 -0.000000 -0.000000 1.000000 -0.000000 0.000000 0.000000 0.000000 1.000000
1.000000 0.000000 -0.000000 23.545500 -0.000000 1.000000 0.000000 0.000000 0.000000 0.000000 1.000000 0.000000 0.000000 0.000000 0.000000 1.000000
1.000000 0.000000 0.000000 23.545500 -0.000000 1.000000 -0.000000 0.000000 0.000000 0.000000 1.000000 0.000000 0.000000 0.000000 0.000000 1.000000
1.000000 -0.000000 -0.000000 23.545500 0.000000 1.000000 0.000000 -0.000000 0.000000 0.000000 1.000000 0.000000 0.000000 0.000000 0.000000 1.000000
1.000000 0.000000 0.000000 23.545500 -0.000000 1.000000 -0.000000 0.000000 0.000000 -0.000000 1.000000 -0.000000 0.000000 0.000000 0.000000 1.000000
1.000000 0.000000 0.000000 23.545500 0.000000 1.000000 0.000000 0.000000 -0.000000 0.000000 1.000000 0.000000 0.000000 0.000000 0.000000 1.000000
1.000000 0.000000 -0.000000 23.545500 0.000000 1.000000 -0.000000 -0.000000 0.000000 -0.000000 1.000000 0.000000 0.000000 0.000000 0.000000 1.000000
1.000000 0.000000 0.000000 23.545500 -0.000000 1.000000 0.000000 0.000000 0.000000 -0.000000 1.000000 0.000000 0.000000 0.000000 0.000000 1.000000
1.000000 0.000000 0.000000 23.545500 0.000000 1.000000 -0.000000 0.000000 -0.000000 -0.000000 1.000000 0.000000 0.000000 0.000000 0.000000 1.000000
1.000000 0.000000 0.000000 23.545500 -0.000000 1.000000 0.000000 -0.000000 0.000000 0.000000 1.000000 -0.000000 0.000000 0.000000 0.000000 1.000000
1.000000 0.000000 0.000000 23.545500 0.000000 1.000000 0.000000 -0.000000 -0.000000 0.000000 1.000000 0.000000 0.000000 0.000000 0.000000 1.000000
1.000000 -0.000000 -0.000000 23.545500 0.000000 1.000000 0.000000 -0.000000 0.000000 -0.000000 1.000000 0.000000 0.000000 0.000000 0.000000 1.000000
1.000000 0.000000 -0.000000 23.545500 0.000000 1.000000 0.000000 0.000000 0.000000 -0.000000 1.000000 0.000000 0.000000 0.000000 0.000000 1.000000
1.000000 0.000000 -0.000000 23.545500 -0.000000 1.000000 -0.000000 -0.000000 -0.000000 0.000000 1.000000 0.000000 0.000000 0.000000 0.000000 1.000000</float_array>
        <technique_common>
          <accessor source="#mixamorig_F_skirt3-Matrix-animation-output-transform-array" count="26" stride="16">
            <param type="float4x4"/>
          </accessor>
        </technique_common>
      </source>
      <source id="mixamorig_F_skirt3-Interpolations">
        <Name_array id="mixamorig_F_skirt3-Interpolations-array" count="26">
 LINEAR LINEAR LINEAR LINEAR LINEAR LINEAR LINEAR LINEAR LINEAR LINEAR LINEAR
LINEAR LINEAR LINEAR LINEAR LINEAR LINEAR LINEAR LINEAR LINEAR LINEAR LINEAR LINEAR
LINEAR LINEAR LINEAR</Name_array>
        <technique_common>
          <accessor source="#mixamorig_F_skirt3-Interpolations-array" count="26">
            <param type="name"/>
          </accessor>
        </technique_common>
      </source>
      <sampler id="mixamorig_F_skirt3-Matrix-animation-transform">
        <input semantic="INPUT" source="#mixamorig_F_skirt3-Matrix-animation-input"/>
        <input semantic="OUTPUT" source="#mixamorig_F_skirt3-Matrix-animation-output-transform"/>
        <input semantic="INTERPOLATION" source="#mixamorig_F_skirt3-Interpolations"/>
      </sampler>
      <channel source="#mixamorig_F_skirt3-Matrix-animation-transform" target="mixamorig_F_skirt3/matrix"/>
    </animation>
  </library_animations>
  <library_visual_scenes>
    <visual_scene id="RootNode" name="RootNode">
      <node id="mixamorig_Hips" name="mixamorig_Hips" sid="mixamorig_Hips" type="JOINT">
        <matrix sid="matrix">0.992731 -0.104730 -0.059311 0.506363 0.098797 0.990523 -0.095410 101.233025 0.068741 0.088856 0.993670 -1.128604 0.000000 0.000000 0.000000 1.000000</matrix>
        <node id="mixamorig_Spine" name="mixamorig_Spine" sid="mixamorig_Spine" type="JOINT">
          <matrix sid="matrix">0.996835 0.078586 -0.012004 0.072000 -0.078471 0.996869 0.009742 7.257300 0.012732 -0.008769 0.999880 -0.789700 0.000000 0.000000 0.000000 1.000000</matrix>
          <node id="mixamorig_Spine1" name="mixamorig_Spine1" sid="mixamorig_Spine1" type="JOINT">
            <matrix sid="matrix">0.998355 0.034510 -0.045791 0.000000 -0.041868 0.984389 -0.170956 8.558700 0.039176 0.172592 0.984214 0.000000 0.000000 0.000000 0.000000 1.000000</matrix>
            <node id="mixamorig_Spine2" name="mixamorig_Spine2" sid="mixamorig_Spine2" type="JOINT">
              <matrix sid="matrix">0.998355 0.030016 -0.048854 -0.000000 -0.041868 0.963764 -0.263449 29.149500 0.039176 0.265061 0.963435 1.721100 0.000000 0.000000 0.000000 1.000000</matrix>
              <node id="mixamorig_Neck" name="mixamorig_Neck" sid="mixamorig_Neck" type="JOINT">
                <matrix sid="matrix">0.998465 -0.007577 0.054863 0.000000 0.000366 0.991478 0.130270 13.857900 -0.055382 -0.130050 0.989960 7.405300 0.000000 0.000000 0.000000 1.000000</matrix>
                <node id="mixamorig_Head" name="mixamorig_Head" sid="mixamorig_Head" type="JOINT">
                  <matrix sid="matrix">0.987594 -0.090815 0.128108 -0.000000 0.057729 0.968649 0.241632 8.198500 -0.146036 -0.231239 0.961874 5.703100 0.000000 0.000000 0.000000 1.000000</matrix>
                  <node id="mixamorig_HeadTop_End" name="mixamorig_HeadTop_End" sid="mixamorig_HeadTop_End" type="JOINT">
                    <matrix sid="matrix">1.000000 0.000000 -0.000000 0.000000 -0.000000 1.000000 -0.000000 17.760799 0.000000 -0.000000 1.000000 13.332700 0.000000 0.000000 0.000000 1.000000</matrix>
                  </node>
                  <node id="LeftEye" name="LeftEye" sid="LeftEye" type="JOINT">
                    <matrix sid="matrix">1.000000 0.000000 -0.000000 3.087900 -0.000000 1.000000 -0.000000 3.070100 0.000000 -0.000000 1.000000 16.773399 0.000000 0.000000 0.000000 1.000000</matrix>
                  </node>
                  <node id="RightEye" name="RightEye" sid="RightEye" type="JOINT">
                    <matrix sid="matrix">1.000000 0.000000 -0.000000 -3.303100 -0.000000 1.000000 -0.000000 3.070100 0.000000 -0.000000 1.000000 16.773399 0.000000 0.000000 0.000000 1.000000</matrix>
                  </node>
                </node>
              </node>
              <node id="mixamorig_LeftShoulder" name="mixamorig_LeftShoulder" sid="mixamorig_LeftShoulder" type="JOINT">
                <matrix sid="matrix">0.207669 0.811484 -0.546230 12.584900 -0.054865 -0.547862 -0.834768 11.395200 -0.976659 0.203325 -0.069252 -1.453100 0.000000 0.000000 0.000000 1.000000</matrix>
                <node id="mixamorig_LeftArm" name="mixamorig_LeftArm" sid="mixamorig_LeftArm" type="JOINT">
                  <matrix sid="matrix">0.945657 0.284266 -0.157879 -0.000000 -0.324919 0.807177 -0.492841 15.319300 -0.012661 0.517357 0.855676 0.000000 0.000000 0.000000 0.000000 1.000000</matrix>
                  <node id="mixamorig_LeftForeArm" name="mixamorig_LeftForeArm" sid="mixamorig_LeftForeArm" type="JOINT">
                    <matrix sid="matrix">0.018779 -0.996479 0.081708 0.000000 0.998352 0.014257 -0.055581 34.109299 0.054220 0.082618 0.995105 0.000000 0.000000 0.000000 0.000000 1.000000</matrix>
                    <node id="mixamorig_LeftHand" name="mixamorig_LeftHand" sid="mixamorig_LeftHand" type="JOINT">
                      <matrix sid="matrix">0.995610 -0.093496 -0.004426 0.000000 0.093251 0.994864 -0.039368 41.076000 0.008084 0.038783 0.999215 0.000000 0.000000 0.000000 0.000000 1.000000</matrix>
                      <node id="mixamorig_LeftHandThumb1" name="mixamorig_LeftHandThumb1" sid="mixamorig_LeftHandThumb1" type="JOINT">
                        <matrix sid="matrix">0.835302 -0.470426 0.284552 -9.706200 0.549110 0.688079 -0.474368 9.904300 0.027361 0.552491 0.833070 7.213800 0.000000 0.000000 0.000000 1.000000</matrix>
                        <node id="mixamorig_LeftHandThumb2" name="mixamorig_LeftHandThumb2" sid="mixamorig_LeftHandThumb2" type="JOINT">
                          <matrix sid="matrix">0.977248 0.212093 -0.001977 0.000000 -0.212092 0.977250 0.000776 2.369000 0.002097 -0.000339 0.999998 0.000000 0.000000 0.000000 0.000000 1.000000</matrix>
                          <node id="mixamorig_LeftHandThumb3" name="mixamorig_LeftHandThumb3" sid="mixamorig_LeftHandThumb3" type="JOINT">
                            <matrix sid="matrix">1.000000 -0.000000 0.000067 0.000000 0.000000 1.000000 0.000000 2.785200 -0.000067 -0.000000 1.000000 -0.000000 0.000000 0.000000 0.000000 1.000000</matrix>
                            <node id="mixamorig_LeftHandThumb4" name="mixamorig_LeftHandThumb4" sid="mixamorig_LeftHandThumb4" type="JOINT">
                              <matrix sid="matrix">1.000000 0.000000 0.000000 0.000000 0.000000 1.000000 -0.000000 6.195100 -0.000000 -0.000000 1.000000 0.000000 0.000000 0.000000 0.000000 1.000000</matrix>
                            </node>
                          </node>
                        </node>
                      </node>
                      <node id="mixamorig_LeftHandIndex1" name="mixamorig_LeftHandIndex1" sid="mixamorig_LeftHandIndex1" type="JOINT">
                        <matrix sid="matrix">0.996286 0.041983 0.075182 -4.736600 0.059801 0.290873 -0.954891 18.296801 -0.061957 0.955840 0.287282 0.973500 0.000000 0.000000 0.000000 1.000000</matrix>
                        <node id="mixamorig_LeftHandIndex2" name="mixamorig_LeftHandIndex2" sid="mixamorig_LeftHandIndex2" type="JOINT">
                          <matrix sid="matrix">0.993909 -0.092910 0.059264 0.000000 0.055992 -0.037438 -0.997729 4.697600 0.094918 0.994970 -0.032007 0.000000 0.000000 0.000000 0.000000 1.000000</matrix>
                          <node id="mixamorig_LeftHandIndex3" name="mixamorig_LeftHandIndex3" sid="mixamorig_LeftHandIndex3" type="JOINT">
                            <matrix sid="matrix">1.000000 0.000000 -0.000000 0.000000 -0.000000 1.000000 -0.000000 2.893900 -0.000000 0.000000 1.000000 0.000000 0.000000 0.000000 0.000000 1.000000</matrix>
                            <node id="mixamorig_LeftHandIndex4" name="mixamorig_LeftHandIndex4" sid="mixamorig_LeftHandIndex4" type="JOINT">
                              <matrix sid="matrix">1.000000 0.000000 -0.000000 0.000000 0.000000 1.000000 0.000000 6.140600 -0.000000 0.000000 1.000000 0.000000 0.000000 0.000000 0.000000 1.000000</matrix>
                            </node>
                          </node>
                        </node>
                      </node>
                      <node id="mixamorig_LeftHandMiddle1" name="mixamorig_LeftHandMiddle1" sid="mixamorig_LeftHandMiddle1" type="JOINT">
                        <matrix sid="matrix">0.998446 -0.042885 0.035584 -0.139500 0.043530 0.201535 -0.978514 17.924500 0.034792 0.978542 0.203089 0.050800 0.000000 0.000000 0.000000 1.000000</matrix>
                        <node id="mixamorig_LeftHandMiddle2" name="mixamorig_LeftHandMiddle2" sid="mixamorig_LeftHandMiddle2" type="JOINT">
                          <matrix sid="matrix">0.993682 -0.084067 0.074356 0.000000 0.080366 0.070517 -0.994268 5.001900 0.078341 0.993962 0.076827 0.000000 0.000000 0.000000 0.000000 1.000000</matrix>
                          <node id="mixamorig_LeftHandMiddle3" name="mixamorig_LeftHandMiddle3" sid="mixamorig_LeftHandMiddle3" type="JOINT">
                            <matrix sid="matrix">1.000000 -0.000000 -0.000000 0.000000 0.000000 1.000000 -0.000000 3.278600 0.000000 0.000000 1.000000 0.000000 0.000000 0.000000 0.000000 1.000000</matrix>
                            <node id="mixamorig_LeftHandMiddle4" name="mixamorig_LeftHandMiddle4" sid="mixamorig_LeftHandMiddle4" type="JOINT">
                              <matrix sid="matrix">1.000000 -0.000000 0.000000 -0.000000 0.000000 1.000000 -0.000000 4.422900 0.000000 0.000000 1.000000 0.000000 0.000000 0.000000 0.000000 1.000000</matrix>
                            </node>
                          </node>
                        </node>
                      </node>
                      <node id="mixamorig_LeftHandRing1" name="mixamorig_LeftHandRing1" sid="mixamorig_LeftHandRing1" type="JOINT">
                        <matrix sid="matrix">0.996529 -0.066263 -0.050393 3.988400 -0.045400 0.074812 -0.996164 15.764500 0.069779 0.994994 0.071544 0.151700 0.000000 0.000000 0.000000 1.000000</matrix>
                        <node id="mixamorig_LeftHandRing2" name="mixamorig_LeftHandRing2" sid="mixamorig_LeftHandRing2" type="JOINT">
                          <matrix sid="matrix">0.991288 -0.096136 0.090032 0.000000 0.092672 0.023354 -0.995423 3.497800 0.093594 0.995094 0.032059 0.000000 0.000000 0.000000 0.000000 1.000000</matrix>
                          <node id="mixamorig_LeftHandRing3" name="mixamorig_LeftHandRing3" sid="mixamorig_LeftHandRing3" type="JOINT">
                            <matrix sid="matrix">1.000000 0.000000 -0.000000 0.000000 -0.000000 1.000000 -0.000000 2.983800 0.000000 0.000000 1.000000 0.000000 0.000000 0.000000 0.000000 1.000000</matrix>
                            <node id="mixamorig_LeftHandRing4" name="mixamorig_LeftHandRing4" sid="mixamorig_LeftHandRing4" type="JOINT">
                              <matrix sid="matrix">1.000000 0.000000 0.000000 0.000000 -0.000000 1.000000 -0.000000 4.922500 -0.000000 -0.000000 1.000000 0.000000 0.000000 0.000000 0.000000 1.000000</matrix>
                            </node>
                          </node>
                        </node>
                      </node>
                      <node id="mixamorig_LeftHandPinky1" name="mixamorig_LeftHandPinky1" sid="mixamorig_LeftHandPinky1" type="JOINT">
                        <matrix sid="matrix">0.988014 -0.103175 -0.114819 6.663900 -0.129455 -0.148643 -0.980381 12.707900 0.084084 0.983494 -0.160218 0.878100 0.000000 0.000000 0.000000 1.000000</matrix>
                        <node id="mixamorig_LeftHandPinky2" name="mixamorig_LeftHandPinky2" sid="mixamorig_LeftHandPinky2" type="JOINT">
                          <matrix sid="matrix">0.982985 -0.085454 0.162599 -0.000000 0.149214 -0.144768 -0.978150 3.376600 0.107126 0.985769 -0.129554 -0.000000 0.000000 0.000000 0.000000 1.000000</matrix>
                          <node id="mixamorig_LeftHandPinky3" name="mixamorig_LeftHandPinky3" sid="mixamorig_LeftHandPinky3" type="JOINT">
                            <matrix sid="matrix">1.000000 -0.000000 0.000000 -0.000000 0.000000 1.000000 0.000000 2.998500 -0.000000 -0.000000 1.000000 0.000000 0.000000 0.000000 0.000000 1.000000</matrix>
                            <node id="mixamorig_LeftHandPinky4" name="mixamorig_LeftHandPinky4" sid="mixamorig_LeftHandPinky4" type="JOINT">
                              <matrix sid="matrix">1.000000 -0.000000 -0.000000 0.000000 -0.000000 1.000000 0.000000 5.798100 -0.000000 0.000000 1.000000 0.000000 0.000000 0.000000 0.000000 1.000000</matrix>
                            </node>
                          </node>
                        </node>
                      </node>
                    </node>
                  </node>
                </node>
              </node>
              <node id="mixamorig_RightShoulder" name="mixamorig_RightShoulder" sid="mixamorig_RightShoulder" type="JOINT">
                <matrix sid="matrix">0.125305 -0.830318 0.543020 -12.584900 0.048518 -0.541550 -0.839267 11.394900 0.990931 0.131511 -0.027574 -1.453100 0.000000 0.000000 0.000000 1.000000</matrix>
                <node id="mixamorig_RightArm" name="mixamorig_RightArm" sid="mixamorig_RightArm" type="JOINT">
                  <matrix sid="matrix">0.834646 -0.515956 0.192759 0.000000 0.506439 0.581325 -0.636852 15.319300 0.216531 0.629167 0.746501 0.000000 0.000000 0.000000 0.000000 1.000000</matrix>
                  <node id="mixamorig_RightForeArm" name="mixamorig_RightForeArm" sid="mixamorig_RightForeArm" type="JOINT">
                    <matrix sid="matrix">-0.240755 0.951158 -0.193227 -0.000000 -0.970338 -0.240371 0.025786 34.109299 -0.021920 0.193703 0.980815 0.000000 0.000000 0.000000 0.000000 1.000000</matrix>
                    <node id="mixamorig_RightHand" name="mixamorig_RightHand" sid="mixamorig_RightHand" type="JOINT">
                      <matrix sid="matrix">0.920838 0.341795 -0.187708 0.000000 -0.338661 0.939603 0.049545 41.076000 0.193305 0.017947 0.980975 0.000000 0.000000 0.000000 0.000000 1.000000</matrix>
                      <node id="mixamorig_RightHandThumb1" name="mixamorig_RightHandThumb1" sid="mixamorig_RightHandThumb1" type="JOINT">
                        <matrix sid="matrix">0.783574 0.571197 -0.244428 9.706200 -0.613893 0.651239 -0.446120 9.903700 -0.095642 0.499621 0.860948 7.214200 0.000000 0.000000 0.000000 1.000000</matrix>
                        <node id="mixamorig_RightHandThumb2" name="mixamorig_RightHandThumb2" sid="mixamorig_RightHandThumb2" type="JOINT">
                          <matrix sid="matrix">0.965713 -0.259594 0.003190 -0.000000 0.259603 0.965710 -0.003146 2.369600 -0.002263 0.003867 0.999990 0.000000 0.000000 0.000000 0.000000 1.000000</matrix>
                          <node id="mixamorig_RightHandThumb3" name="mixamorig_RightHandThumb3" sid="mixamorig_RightHandThumb3" type="JOINT">
                            <matrix sid="matrix">1.000000 0.000000 -0.000070 -0.000000 -0.000000 1.000000 -0.000000 2.785100 0.000070 0.000000 1.000000 0.000000 0.000000 0.000000 0.000000 1.000000</matrix>
                            <node id="mixamorig_RightHandThumb4" name="mixamorig_RightHandThumb4" sid="mixamorig_RightHandThumb4" type="JOINT">
                              <matrix sid="matrix">1.000000 0.000000 0.000000 -0.000000 -0.000000 1.000000 0.000000 6.195100 -0.000000 -0.000000 1.000000 0.000000 0.000000 0.000000 0.000000 1.000000</matrix>
                            </node>
                          </node>
                        </node>
                      </node>
                      <node id="mixamorig_RightHandIndex1" name="mixamorig_RightHandIndex1" sid="mixamorig_RightHandIndex1" type="JOINT">
                        <matrix sid="matrix">0.991126 0.101937 -0.085314 4.736600 -0.104679 0.202971 -0.973573 18.296400 -0.081927 0.973864 0.211840 0.973900 0.000000 0.000000 0.000000 1.000000</matrix>
                        <node id="mixamorig_RightHandIndex2" name="mixamorig_RightHandIndex2" sid="mixamorig_RightHandIndex2" type="JOINT">
                          <matrix sid="matrix">0.991374 0.115312 -0.062295 0.000000 -0.070462 0.068154 -0.995183 4.698000 -0.110511 0.990988 0.075691 0.000000 0.000000 0.000000 0.000000 1.000000</matrix>
                          <node id="mixamorig_RightHandIndex3" name="mixamorig_RightHandIndex3" sid="mixamorig_RightHandIndex3" type="JOINT">
                            <matrix sid="matrix">1.000000 -0.000000 -0.000000 0.000000 0.000000 1.000000 0.000000 2.894000 0.000000 -0.000000 1.000000 -0.000000 0.000000 0.000000 0.000000 1.000000</matrix>
                            <node id="mixamorig_RightHandIndex4" name="mixamorig_RightHandIndex4" sid="mixamorig_RightHandIndex4" type="JOINT">
                              <matrix sid="matrix">1.000000 -0.000000 -0.000000 0.000000 -0.000000 1.000000 0.000000 6.140000 -0.000000 0.000000 1.000000 0.000000 0.000000 0.000000 0.000000 1.000000</matrix>
                            </node>
                          </node>
                        </node>
                      </node>
                      <node id="mixamorig_RightHandMiddle1" name="mixamorig_RightHandMiddle1" sid="mixamorig_RightHandMiddle1" type="JOINT">
                        <matrix sid="matrix">0.993264 0.098816 -0.060510 0.139500 -0.074402 0.143572 -0.986839 17.923901 -0.088828 0.984694 0.149957 0.051600 0.000000 0.000000 0.000000 1.000000</matrix>
                        <node id="mixamorig_RightHandMiddle2" name="mixamorig_RightHandMiddle2" sid="mixamorig_RightHandMiddle2" type="JOINT">
                          <matrix sid="matrix">0.991339 0.109571 -0.072400 -0.000000 -0.090959 0.175197 -0.980323 5.002000 -0.094731 0.978417 0.183646 -0.000000 0.000000 0.000000 0.000000 1.000000</matrix>
                          <node id="mixamorig_RightHandMiddle3" name="mixamorig_RightHandMiddle3" sid="mixamorig_RightHandMiddle3" type="JOINT">
                            <matrix sid="matrix">1.000000 0.000000 0.000000 0.000000 -0.000000 1.000000 0.000000 3.279000 -0.000000 -0.000000 1.000000 0.000000 0.000000 0.000000 0.000000 1.000000</matrix>
                            <node id="mixamorig_RightHandMiddle4" name="mixamorig_RightHandMiddle4" sid="mixamorig_RightHandMiddle4" type="JOINT">
                              <matrix sid="matrix">1.000000 0.000000 0.000000 0.000000 0.000000 1.000000 0.000000 4.423000 0.000000 -0.000000 1.000000 0.000000 0.000000 0.000000 0.000000 1.000000</matrix>
                            </node>
                          </node>
                        </node>
                      </node>
                      <node id="mixamorig_RightHandRing1" name="mixamorig_RightHandRing1" sid="mixamorig_RightHandRing1" type="JOINT">
                        <matrix sid="matrix">0.995806 0.051531 0.075601 -3.988400 0.071775 0.072442 -0.994787 15.764000 -0.056739 0.996041 0.068440 0.151600 0.000000 0.000000 0.000000 1.000000</matrix>
                        <node id="mixamorig_RightHandRing2" name="mixamorig_RightHandRing2" sid="mixamorig_RightHandRing2" type="JOINT">
                          <matrix sid="matrix">0.995553 0.055976 -0.075775 -0.000000 -0.082471 0.129023 -0.988206 3.498000 -0.045539 0.990061 0.133065 0.000000 0.000000 0.000000 0.000000 1.000000</matrix>
                          <node id="mixamorig_RightHandRing3" name="mixamorig_RightHandRing3" sid="mixamorig_RightHandRing3" type="JOINT">
                            <matrix sid="matrix">1.000000 0.000000 -0.000000 -0.000000 -0.000000 1.000000 0.000000 2.984000 0.000000 -0.000000 1.000000 0.000000 0.000000 0.000000 0.000000 1.000000</matrix>
                            <node id="mixamorig_RightHandRing4" name="mixamorig_RightHandRing4" sid="mixamorig_RightHandRing4" type="JOINT">
                              <matrix sid="matrix">1.000000 -0.000000 0.000000 0.000000 -0.000000 1.000000 -0.000000 4.922000 -0.000000 -0.000000 1.000000 0.000000 0.000000 0.000000 0.000000 1.000000</matrix>
                            </node>
                          </node>
                        </node>
                      </node>
                      <node id="mixamorig_RightHandPinky1" name="mixamorig_RightHandPinky1" sid="mixamorig_RightHandPinky1" type="JOINT">
                        <matrix sid="matrix">0.982443 0.048759 0.180081 -6.663900 0.181286 -0.021503 -0.983195 12.707500 -0.044068 0.998579 -0.029965 0.878800 0.000000 0.000000 0.000000 1.000000</matrix>
                        <node id="mixamorig_RightHandPinky2" name="mixamorig_RightHandPinky2" sid="mixamorig_RightHandPinky2" type="JOINT">
                          <matrix sid="matrix">0.992348 0.013466 -0.122740 0.000000 -0.122244 -0.032974 -0.991952 3.377000 -0.017405 0.999365 -0.031075 0.000000 0.000000 0.000000 0.000000 1.000000</matrix>
                          <node id="mixamorig_RightHandPinky3" name="mixamorig_RightHandPinky3" sid="mixamorig_RightHandPinky3" type="JOINT">
                            <matrix sid="matrix">1.000000 -0.000000 -0.000000 0.000000 0.000000 1.000000 -0.000000 2.998000 0.000000 0.000000 1.000000 0.000000 0.000000 0.000000 0.000000 1.000000</matrix>
                            <node id="mixamorig_RightHandPinky4" name="mixamorig_RightHandPinky4" sid="mixamorig_RightHandPinky4" type="JOINT">
                              <matrix sid="matrix">1.000000 0.000000 0.000000 -0.000000 -0.000000 1.000000 -0.000000 5.798000 0.000000 0.000000 1.000000 -0.000000 0.000000 0.000000 0.000000 1.000000</matrix>
                            </node>
                          </node>
                        </node>
                      </node>
                    </node>
                  </node>
                </node>
              </node>
            </node>
            <node id="mixamorig_L_horn1" name="mixamorig_L_horn1" sid="mixamorig_L_horn1" type="JOINT">
              <matrix sid="matrix">0.602488 0.000515 0.798128 1.847600 -0.698753 0.483576 0.527160 4.379700 -0.385684 -0.875302 0.291709 -10.115900 0.000000 0.000000 0.000000 1.000000</matrix>
              <node id="mixamorig_L_horn2" name="mixamorig_L_horn2" sid="mixamorig_L_horn2" type="JOINT">
                <matrix sid="matrix">1.000000 0.000000 0.000000 20.340599 0.000000 1.000000 0.000000 0.000000 -0.000000 0.000000 1.000000 0.000000 0.000000 0.000000 0.000000 1.000000</matrix>
              </node>
            </node>
            <node id="mixamorig_R_horn1" name="mixamorig_R_horn1" sid="mixamorig_R_horn1" type="JOINT">
              <matrix sid="matrix">-0.591028 -0.129171 0.796242 -3.147700 -0.778219 0.351067 -0.520699 4.536700 -0.212275 -0.927398 -0.308014 -10.290500 0.000000 0.000000 0.000000 1.000000</matrix>
              <node id="mixamorig_R_horn2" name="mixamorig_R_horn2" sid="mixamorig_R_horn2" type="JOINT">
                <matrix sid="matrix">1.000000 -0.000000 -0.000000 21.374399 -0.000000 1.000000 -0.000000 0.000000 -0.000000 -0.000000 1.000000 0.000000 0.000000 0.000000 0.000000 1.000000</matrix>
              </node>
            </node>
          </node>
        </node>
        <node id="mixamorig_LeftUpLeg" name="mixamorig_LeftUpLeg" sid="mixamorig_LeftUpLeg" type="JOINT">
          <matrix sid="matrix">-0.981980 -0.095136 0.163293 13.026900 0.174061 -0.791835 0.585406 -6.336300 0.073608 0.603280 0.794125 -1.092800 0.000000 0.000000 0.000000 1.000000</matrix>
          <node id="mixamorig_LeftLeg" name="mixamorig_LeftLeg" sid="mixamorig_LeftLeg" type="JOINT">
            <matrix sid="matrix">0.999339 -0.027726 -0.023530 0.000000 0.028823 0.209373 0.977411 46.951000 -0.022173 -0.977443 0.210033 0.000000 0.000000 0.000000 0.000000 1.000000</matrix>
            <node id="mixamorig_LeftFoot" name="mixamorig_LeftFoot" sid="mixamorig_LeftFoot" type="JOINT">
              <matrix sid="matrix">0.999235 -0.012461 0.037071 0.000000 0.038371 0.129122 -0.990886 55.112000 0.007561 0.991550 0.129501 0.000000 0.000000 0.000000 0.000000 1.000000</matrix>
              <node id="mixamorig_LeftToeBase" name="mixamorig_LeftToeBase" sid="mixamorig_LeftToeBase" type="JOINT">
                <matrix sid="matrix">0.974223 0.224698 0.020037 0.000000 -0.111851 0.558264 -0.822089 22.799999 -0.195907 0.798657 0.569006 0.000000 0.000000 0.000000 0.000000 1.000000</matrix>
                <node id="mixamorig_LeftToe_End" name="mixamorig_LeftToe_End" sid="mixamorig_LeftToe_End" type="JOINT">
                  <matrix sid="matrix">1.000000 0.000000 0.000000 0.000000 0.000000 1.000000 0.000000 9.596000 0.000000 0.000000 1.000000 -0.000000 0.000000 0.000000 0.000000 1.000000</matrix>
                </node>
              </node>
            </node>
          </node>
        </node>
        <node id="mixamorig_RightUpLeg" name="mixamorig_RightUpLeg" sid="mixamorig_RightUpLeg" type="JOINT">
          <matrix sid="matrix">-0.999108 -0.030188 -0.029539 -12.883000 -0.010179 -0.506653 0.862090 -6.336200 -0.040991 0.861621 0.505894 -1.092800 0.000000 0.000000 0.000000 1.000000</matrix>
          <node id="mixamorig_RightLeg" name="mixamorig_RightLeg" sid="mixamorig_RightLeg" type="JOINT">
            <matrix sid="matrix">0.975700 0.007632 0.218978 0.000000 -0.180640 -0.537611 0.823616 46.951099 0.124011 -0.843158 -0.523169 -0.000000 0.000000 0.000000 0.000000 1.000000</matrix>
            <node id="mixamorig_RightFoot" name="mixamorig_RightFoot" sid="mixamorig_RightFoot" type="JOINT">
              <matrix sid="matrix">0.993098 0.071940 -0.092631 -0.000000 -0.115370 0.457032 -0.881937 55.112000 -0.021112 0.886536 0.462177 0.000000 0.000000 0.000000 0.000000 1.000000</matrix>
              <node id="mixamorig_RightToeBase" name="mixamorig_RightToeBase" sid="mixamorig_RightToeBase" type="JOINT">
                <matrix sid="matrix">0.992056 -0.050455 0.115238 0.000000 0.117293 0.702107 -0.702344 22.799999 -0.045473 0.710281 0.702447 0.000000 0.000000 0.000000 0.000000 1.000000</matrix>
                <node id="mixamorig_RightToe_End" name="mixamorig_RightToe_End" sid="mixamorig_RightToe_End" type="JOINT">
                  <matrix sid="matrix">1.000000 0.000000 0.000000 0.000000 0.000000 1.000000 0.000000 9.596000 0.000000 0.000000 1.000000 0.000000 0.000000 0.000000 0.000000 1.000000</matrix>
                </node>
              </node>
            </node>
          </node>
        </node>
        <node id="mixamorig_L_C_skirt1" name="mixamorig_L_C_skirt1" sid="mixamorig_L_C_skirt1" type="JOINT">
          <matrix sid="matrix">0.035066 0.292039 0.955763 12.441200 -0.989026 0.147481 -0.008777 4.607000 -0.143520 -0.944967 0.294006 -11.833000 0.000000 0.000000 0.000000 1.000000</matrix>
          <node id="mixamorig_L_C_skirt2" name="mixamorig_L_C_skirt2" sid="mixamorig_L_C_skirt2" type="JOINT">
            <matrix sid="matrix">1.000000 0.000000 0.000000 27.657801 -0.000000 1.000000 -0.000000 0.000000 0.000000 0.000000 1.000000 0.000000 0.000000 0.000000 0.000000 1.000000</matrix>
            <node id="mixamorig_L_C_skirt3" name="mixamorig_L_C_skirt3" sid="mixamorig_L_C_skirt3" type="JOINT">
              <matrix sid="matrix">1.000000 0.000000 -0.000000 23.970100 -0.000000 1.000000 -0.000000 -0.000000 -0.000000 0.000000 1.000000 -0.000000 0.000000 0.000000 0.000000 1.000000</matrix>
              <node id="mixamorig_L_C_skirt4" name="mixamorig_L_C_skirt4" sid="mixamorig_L_C_skirt4" type="JOINT">
                <matrix sid="matrix">1.000000 0.000000 -0.000000 30.792400 0.000000 1.000000 0.000000 0.000000 0.000000 0.000000 1.000000 -0.000000 0.000000 0.000000 0.000000 1.000000</matrix>
              </node>
            </node>
          </node>
        </node>
        <node id="mixamorig_L_A_skirt1" name="mixamorig_L_A_skirt1" sid="mixamorig_L_A_skirt1" type="JOINT">
          <matrix sid="matrix">0.142123 0.623442 -0.768844 18.178400 -0.988646 0.051128 -0.141295 3.981100 -0.048780 0.780196 0.623630 19.504801 0.000000 0.000000 0.000000 1.000000</matrix>
          <node id="mixamorig_L_A_skirt2" name="mixamorig_L_A_skirt2" sid="mixamorig_L_A_skirt2" type="JOINT">
            <matrix sid="matrix">1.000000 0.000000 0.000000 27.335699 -0.000000 1.000000 0.000000 0.000000 0.000000 -0.000000 1.000000 0.000000 0.000000 0.000000 0.000000 1.000000</matrix>
            <node id="mixamorig_L_A_skirt3" name="mixamorig_L_A_skirt3" sid="mixamorig_L_A_skirt3" type="JOINT">
              <matrix sid="matrix">1.000000 0.000000 0.000000 27.066099 0.000000 1.000000 0.000000 -0.000000 -0.000000 0.000000 1.000000 0.000000 0.000000 0.000000 0.000000 1.000000</matrix>
              <node id="mixamorig_L_A_skirt4" name="mixamorig_L_A_skirt4" sid="mixamorig_L_A_skirt4" type="JOINT">
                <matrix sid="matrix">1.000000 0.000000 -0.000000 30.881599 -0.000000 1.000000 0.000000 0.000000 -0.000000 0.000000 1.000000 -0.000000 0.000000 0.000000 0.000000 1.000000</matrix>
              </node>
            </node>
          </node>
        </node>
        <node id="mixamorig_L_B_skirt1" name="mixamorig_L_B_skirt1" sid="mixamorig_L_B_skirt1" type="JOINT">
          <matrix sid="matrix">0.142186 0.942169 0.303482 22.933800 -0.985105 0.164643 -0.049605 6.145800 -0.096702 -0.291908 0.951545 0.309300 0.000000 0.000000 0.000000 1.000000</matrix>
          <node id="mixamorig_L_B_skirt2" name="mixamorig_L_B_skirt2" sid="mixamorig_L_B_skirt2" type="JOINT">
            <matrix sid="matrix">1.000000 0.000000 0.000000 27.083401 -0.000000 1.000000 0.000000 -0.000000 0.000000 0.000000 1.000000 0.000000 0.000000 0.000000 0.000000 1.000000</matrix>
            <node id="mixamorig_L_B_skirt3" name="mixamorig_L_B_skirt3" sid="mixamorig_L_B_skirt3" type="JOINT">
              <matrix sid="matrix">1.000000 0.000000 0.000000 26.734800 -0.000000 1.000000 0.000000 -0.000000 0.000000 0.000000 1.000000 -0.000000 0.000000 0.000000 0.000000 1.000000</matrix>
              <node id="mixamorig_L_B_skirt4" name="mixamorig_L_B_skirt4" sid="mixamorig_L_B_skirt4" type="JOINT">
                <matrix sid="matrix">1.000000 0.000000 0.000000 29.821199 -0.000000 1.000000 -0.000000 0.000000 0.000000 0.000000 1.000000 0.000000 0.000000 0.000000 0.000000 1.000000</matrix>
              </node>
            </node>
          </node>
        </node>
        <node id="mixamorig_R_C_skirt1" name="mixamorig_R_C_skirt1" sid="mixamorig_R_C_skirt1" type="JOINT">
          <matrix sid="matrix">-0.035070 -0.292039 0.955763 -12.297300 -0.989026 0.147482 0.008774 4.606800 -0.143520 -0.944967 -0.294006 -11.833000 0.000000 0.000000 0.000000 1.000000</matrix>
          <node id="mixamorig_R_C_skirt2" name="mixamorig_R_C_skirt2" sid="mixamorig_R_C_skirt2" type="JOINT">
            <matrix sid="matrix">1.000000 0.000000 -0.000000 27.657600 0.000000 1.000000 0.000000 0.000100 -0.000000 0.000000 1.000000 -0.000000 0.000000 0.000000 0.000000 1.000000</matrix>
            <node id="mixamorig_R_C_skirt3" name="mixamorig_R_C_skirt3" sid="mixamorig_R_C_skirt3" type="JOINT">
              <matrix sid="matrix">1.000000 0.000000 -0.000000 23.969999 -0.000000 1.000000 -0.000000 0.000000 -0.000000 0.000000 1.000000 0.000100 0.000000 0.000000 0.000000 1.000000</matrix>
              <node id="mixamorig_R_C_skirt4" name="mixamorig_R_C_skirt4" sid="mixamorig_R_C_skirt4" type="JOINT">
                <matrix sid="matrix">1.000000 0.000000 0.000000 30.792400 -0.000000 1.000000 -0.000000 0.000000 -0.000000 0.000000 1.000000 0.000000 0.000000 0.000000 0.000000 1.000000</matrix>
              </node>
            </node>
          </node>
        </node>
        <node id="mixamorig_R_A_skirt1" name="mixamorig_R_A_skirt1" sid="mixamorig_R_A_skirt1" type="JOINT">
          <matrix sid="matrix">-0.142126 -0.623440 -0.768845 -18.034500 -0.988646 0.051130 0.141298 3.980800 -0.048780 0.780197 -0.623629 19.504801 0.000000 0.000000 0.000000 1.000000</matrix>
          <node id="mixamorig_R_A_skirt2" name="mixamorig_R_A_skirt2" sid="mixamorig_R_A_skirt2" type="JOINT">
            <matrix sid="matrix">1.000000 -0.000000 0.000000 27.335400 0.000000 1.000000 0.000000 -0.000100 0.000000 -0.000000 1.000000 0.000100 0.000000 0.000000 0.000000 1.000000</matrix>
            <node id="mixamorig_R_A_skirt3" name="mixamorig_R_A_skirt3" sid="mixamorig_R_A_skirt3" type="JOINT">
              <matrix sid="matrix">1.000000 -0.000000 0.000000 27.066099 0.000000 1.000000 0.000000 0.000100 -0.000000 0.000000 1.000000 -0.000000 0.000000 0.000000 0.000000 1.000000</matrix>
              <node id="mixamorig_R_A_skirt4" name="mixamorig_R_A_skirt4" sid="mixamorig_R_A_skirt4" type="JOINT">
                <matrix sid="matrix">1.000000 0.000000 0.000000 30.881599 0.000000 1.000000 0.000000 -0.000000 -0.000000 0.000000 1.000000 0.000000 0.000000 0.000000 0.000000 1.000000</matrix>
              </node>
            </node>
          </node>
        </node>
        <node id="mixamorig_R_B_skirt1" name="mixamorig_R_B_skirt1" sid="mixamorig_R_B_skirt1" type="JOINT">
          <matrix sid="matrix">-0.142189 -0.942168 0.303482 -22.789900 -0.985105 0.164647 0.049604 6.145800 -0.096702 -0.291908 -0.951545 0.309300 0.000000 0.000000 0.000000 1.000000</matrix>
          <node id="mixamorig_R_B_skirt2" name="mixamorig_R_B_skirt2" sid="mixamorig_R_B_skirt2" type="JOINT">
            <matrix sid="matrix">1.000000 -0.000000 0.000000 27.083401 0.000000 1.000000 0.000000 -0.000000 -0.000000 -0.000000 1.000000 0.000000 0.000000 0.000000 0.000000 1.000000</matrix>
            <node id="mixamorig_R_B_skirt3" name="mixamorig_R_B_skirt3" sid="mixamorig_R_B_skirt3" type="JOINT">
              <matrix sid="matrix">1.000000 0.000000 0.000000 26.734699 0.000000 1.000000 0.000000 0.000000 0.000000 0.000000 1.000000 0.000000 0.000000 0.000000 0.000000 1.000000</matrix>
              <node id="mixamorig_R_B_skirt4" name="mixamorig_R_B_skirt4" sid="mixamorig_R_B_skirt4" type="JOINT">
                <matrix sid="matrix">1.000000 0.000000 0.000000 29.821199 0.000000 1.000000 -0.000000 0.000000 0.000000 -0.000000 1.000000 0.000000 0.000000 0.000000 0.000000 1.000000</matrix>
              </node>
            </node>
          </node>
        </node>
        <node id="mixamorig_F_skirt1" name="mixamorig_F_skirt1" sid="mixamorig_F_skirt1" type="JOINT">
          <matrix sid="matrix">-0.000002 0.000000 -1.000000 -0.093700 -0.998606 0.052777 0.000002 -3.741800 0.052777 0.998606 0.000000 24.067699 0.000000 0.000000 0.000000 1.000000</matrix>
          <node id="mixamorig_F_skirt2" name="mixamorig_F_skirt2" sid="mixamorig_F_skirt2" type="JOINT">
            <matrix sid="matrix">1.000000 -0.000000 0.000000 23.567801 0.000000 1.000000 -0.000000 0.000000 -0.000000 -0.000000 1.000000 0.000000 0.000000 0.000000 0.000000 1.000000</matrix>
            <node id="mixamorig_F_skirt3" name="mixamorig_F_skirt3" sid="mixamorig_F_skirt3" type="JOINT">
              <matrix sid="matrix">1.000000 0.000000 -0.000000 23.545500 -0.000000 1.000000 -0.000000 -0.000000 -0.000000 0.000000 1.000000 0.000000 0.000000 0.000000 0.000000 1.000000</matrix>
              <node id="mixamorig_F_skirt4" name="mixamorig_F_skirt4" sid="mixamorig_F_skirt4" type="JOINT">
                <matrix sid="matrix">1.000000 -0.000000 -0.000000 24.919500 -0.000000 1.000000 -0.000000 0.000000 -0.000000 0.000000 1.000000 0.000000 0.000000 0.000000 0.000000 1.000000</matrix>
              </node>
            </node>
          </node>
        </node>
      </node>
    </visual_scene>
  </library_visual_scenes>
  <scene>
    <instance_visual_scene url="#RootNode"/>
  </scene>
</COLLADA>
