<?xml version="1.0" encoding="utf-8"?>
<COLLADA xmlns="http://www.collada.org/2005/11/COLLADASchema" version="1.4.1">
  <asset>
    <contributor>
      <author>Mixamo</author>
      <authoring_tool>COLLADA Mixamo exporter</authoring_tool>
      <comments/>
    </contributor>
    <created>2025-09-14T13:06:47Z</created>
    <modified>2025-09-14T13:06:47Z</modified>
    <revision/>
    <title/>
    <unit meter="0.010000"/>
    <up_axis>Y_UP</up_axis>
  </asset>
  <library_animations>
    <animation id="mixamorig_Hips-anim" name="mixamorig_Hips">
      <source id="mixamorig_Hips-Matrix-animation-input">
        <float_array id="mixamorig_Hips-Matrix-animation-input-array" count="26">

0.000000 0.033333 0.066667 0.100000 0.133333 0.166667 0.200000 0.233333 0.266667 0.300000 0.333333 0.366667 0.400000 0.433333 0.466667 0.500000
0.533333 0.566667 0.600000 0.633333 0.666667 0.700000 0.733333 0.766667 0.800000 0.833333</float_array>
        <technique_common>
          <accessor source="#mixamorig_Hips-Matrix-animation-input-array" count="26">
            <param name="TIME" type="float"/>
          </accessor>
        </technique_common>
      </source>
      <source id="mixamorig_Hips-Matrix-animation-output-transform">
        <float_array id="mixamorig_Hips-Matrix-animation-output-transform-array" count="416">

0.992731 0.104726 0.059311 -0.649237 -0.098793 0.990524 -0.095410 101.247307 -0.068740 0.088857 0.993670 -1.118694 0.000000 0.000000 0.000000 1.000000
0.994394 0.096325 0.043618 0.237228 -0.091887 0.991292 -0.094323 104.292946 -0.052323 0.089786 0.994586 1.923935 0.000000 0.000000 0.000000 1.000000
0.995738 0.078465 0.048460 0.558991 -0.073759 0.993000 -0.092248 109.708115 -0.055359 0.088281 0.994556 4.869920 0.000000 0.000000 0.000000 1.000000
0.996176 0.048465 0.072696 1.048476 -0.042041 0.995282 -0.087444 115.164764 -0.076591 0.084054 0.993513 7.700574 0.000000 0.000000 0.000000 1.000000
0.995166 0.004639 0.098097 1.146463 0.004381 0.995793 -0.091529 118.465408 -0.098109 0.091516 0.990959 7.980388 0.000000 0.000000 0.000000 1.000000
0.996343 -0.004602 0.085323 1.197389 0.012305 0.995868 -0.089975 117.975777 -0.084556 0.090696 0.992282 8.667800 0.000000 0.000000 0.000000 1.000000
0.998573 -0.010183 0.052419 1.337104 0.013830 0.997473 -0.069689 116.977348 -0.051576 0.070315 0.996191 7.584091 0.000000 0.000000 0.000000 1.000000
0.998559 -0.020689 0.049510 1.360102 0.023270 0.998369 -0.052130 115.573029 -0.048351 0.053207 0.997412 6.187330 0.000000 0.000000 0.000000 1.000000
0.996995 -0.031438 0.070800 1.235191 0.034428 0.998549 -0.041415 113.724426 -0.069396 0.043728 0.996630 4.129341 0.000000 0.000000 0.000000 1.000000
0.996108 -0.040673 0.078190 0.908449 0.043995 0.998180 -0.041241 109.386749 -0.076371 0.044521 0.996085 1.976152 0.000000 0.000000 0.000000 1.000000
0.996504 -0.043426 0.071372 0.346881 0.046609 0.997963 -0.043553 103.294540 -0.069336 0.046727 0.996498 0.387043 0.000000 0.000000 0.000000 1.000000
0.995575 -0.058199 0.073778 -0.037634 0.062298 0.996567 -0.054527 99.800987 -0.070352 0.058882 0.995783 -1.479273 0.000000 0.000000 0.000000 1.000000
0.994864 -0.061465 0.080420 -0.473529 0.066756 0.995660 -0.064838 99.008896 -0.076086 0.069873 0.994650 -1.054876 0.000000 0.000000 0.000000 1.000000
0.995018 -0.044795 0.089069 -0.405906 0.051153 0.996204 -0.070430 101.722038 -0.085576 0.074636 0.993532 0.907431 0.000000 0.000000 0.000000 1.000000
0.997136 -0.019677 0.073020 -0.225091 0.025926 0.995988 -0.085651 106.394691 -0.071041 0.087299 0.993646 4.003828 0.000000 0.000000 0.000000 1.000000
0.999287 0.022531 0.030306 -0.145136 -0.019114 0.993896 -0.108648 110.177551 -0.032569 0.107992 0.993618 5.178383 0.000000 0.000000 0.000000 1.000000
0.998163 0.060401 0.004805 -0.064312 -0.059122 0.988240 -0.141019 114.046127 -0.013266 0.140476 0.989995 5.017862 0.000000 0.000000 0.000000 1.000000
0.997113 0.075896 0.002136 0.206674 -0.074726 0.985947 -0.149413 116.115700 -0.013446 0.148822 0.988773 3.433792 0.000000 0.000000 0.000000 1.000000
0.997103 0.075580 0.008529 0.219101 -0.073827 0.988703 -0.130449 115.460587 -0.018292 0.129441 0.991418 2.411447 0.000000 0.000000 0.000000 1.000000
0.997141 0.074150 0.014521 0.070470 -0.072018 0.990838 -0.114252 113.893936 -0.022859 0.112880 0.993346 1.838394 0.000000 0.000000 0.000000 1.000000
0.996488 0.078385 0.029470 -0.093098 -0.074595 0.990791 -0.112995 111.537598 -0.038056 0.110400 0.993158 0.028715 0.000000 0.000000 0.000000 1.000000
0.995545 0.080034 0.049856 -0.368085 -0.074214 0.991236 -0.109289 108.446350 -0.058166 0.105102 0.992759 -0.964548 0.000000 0.000000 0.000000 1.000000
0.993402 0.083459 0.078662 -0.724482 -0.074401 0.990943 -0.111789 103.523262 -0.087279 0.105199 0.990614 -2.399367 0.000000 0.000000 0.000000 1.000000
0.989785 0.117049 0.081397 -0.934857 -0.108006 0.988288 -0.107808 100.347305 -0.093063 0.097915 0.990834 -3.397185 0.000000 0.000000 0.000000 1.000000
0.987269 0.132014 0.088729 -0.936112 -0.122393 0.986772 -0.106307 98.722923 -0.101589 0.094093 0.990367 -2.933539 0.000000 0.000000 0.000000 1.000000
0.992731 0.104726 0.059311 -0.649237 -0.098793 0.990524 -0.095410 101.247307 -0.068740 0.088857 0.993670 -1.118694 0.000000 0.000000 0.000000 1.000000</float_array>
        <technique_common>
          <accessor source="#mixamorig_Hips-Matrix-animation-output-transform-array" count="26" stride="16">
            <param type="float4x4"/>
          </accessor>
        </technique_common>
      </source>
      <source id="mixamorig_Hips-Interpolations">
        <Name_array id="mixamorig_Hips-Interpolations-array" count="26">
 LINEAR LINEAR LINEAR LINEAR LINEAR LINEAR LINEAR LINEAR LINEAR LINEAR LINEAR
LINEAR LINEAR LINEAR LINEAR LINEAR LINEAR LINEAR LINEAR LINEAR LINEAR LINEAR LINEAR
LINEAR LINEAR LINEAR</Name_array>
        <technique_common>
          <accessor source="#mixamorig_Hips-Interpolations-array" count="26">
            <param type="name"/>
          </accessor>
        </technique_common>
      </source>
      <sampler id="mixamorig_Hips-Matrix-animation-transform">
        <input semantic="INPUT" source="#mixamorig_Hips-Matrix-animation-input"/>
        <input semantic="OUTPUT" source="#mixamorig_Hips-Matrix-animation-output-transform"/>
        <input semantic="INTERPOLATION" source="#mixamorig_Hips-Interpolations"/>
      </sampler>
      <channel source="#mixamorig_Hips-Matrix-animation-transform" target="mixamorig_Hips/matrix"/>
    </animation>
    <animation id="mixamorig_Spine-anim" name="mixamorig_Spine">
      <source id="mixamorig_Spine-Matrix-animation-input">
        <float_array id="mixamorig_Spine-Matrix-animation-input-array" count="26">

0.000000 0.033333 0.066667 0.100000 0.133333 0.166667 0.200000 0.233333 0.266667 0.300000 0.333333 0.366667 0.400000 0.433333 0.466667 0.500000
0.533333 0.566667 0.600000 0.633333 0.666667 0.700000 0.733333 0.766667 0.800000 0.833333</float_array>
        <technique_common>
          <accessor source="#mixamorig_Spine-Matrix-animation-input-array" count="26">
            <param name="TIME" type="float"/>
          </accessor>
        </technique_common>
      </source>
      <source id="mixamorig_Spine-Matrix-animation-output-transform">
        <float_array id="mixamorig_Spine-Matrix-animation-output-transform-array" count="416">

0.996835 -0.078582 0.012004 0.072000 0.078468 0.996869 0.009742 7.257300 -0.012732 -0.008769 0.999880 -0.789700 0.000000 0.000000 0.000000 1.000000
0.996138 -0.080157 0.035835 0.072000 0.079580 0.996679 0.017246 7.257300 -0.037098 -0.014328 0.999209 -0.789700 0.000000 0.000000 0.000000 1.000000
0.995811 -0.071278 0.057266 0.072000 0.069930 0.997233 0.025216 7.257300 -0.058905 -0.021106 0.998040 -0.789700 0.000000 0.000000 0.000000 1.000000
0.996254 -0.049246 0.071086 0.072000 0.046998 0.998351 0.032961 7.257300 -0.072592 -0.029496 0.996925 -0.789700 0.000000 0.000000 0.000000 1.000000
0.996791 -0.007332 0.079707 0.072000 0.004181 0.999206 0.039633 7.257300 -0.079935 -0.039172 0.996030 -0.789700 0.000000 0.000000 0.000000 1.000000
0.995830 0.008988 0.090782 0.072000 -0.013102 0.998909 0.044827 7.257300 -0.090280 -0.045830 0.994861 -0.789700 0.000000 0.000000 0.000000 1.000000
0.994791 0.020363 0.099878 0.072000 -0.024630 0.998827 0.041678 7.257300 -0.098912 -0.043921 0.994126 -0.789700 0.000000 0.000000 0.000000 1.000000
0.994027 0.031008 0.104633 0.072000 -0.034874 0.998767 0.035319 7.257300 -0.103408 -0.038757 0.993884 -0.789700 0.000000 0.000000 0.000000 1.000000
0.993760 0.041398 0.103574 0.072000 -0.044465 0.998633 0.027482 7.257300 -0.102295 -0.031916 0.994242 -0.789700 0.000000 0.000000 0.000000 1.000000
0.993709 0.048508 0.100940 0.072000 -0.050573 0.998558 0.018002 7.257300 -0.099922 -0.022994 0.994730 -0.789700 0.000000 0.000000 0.000000 1.000000
0.994719 0.054823 0.086769 0.072000 -0.055807 0.998401 0.008952 7.257300 -0.086140 -0.013747 0.996188 -0.789700 0.000000 0.000000 0.000000 1.000000
0.996270 0.069394 0.051290 0.072000 -0.069611 0.997571 0.002446 7.257300 -0.050996 -0.006008 0.998681 -0.789700 0.000000 0.000000 0.000000 1.000000
0.996705 0.079965 0.013566 0.072000 -0.079972 0.996797 -0.000017 7.257300 -0.013524 -0.001068 0.999908 -0.789700 0.000000 0.000000 0.000000 1.000000
0.996541 0.080808 -0.019406 0.072000 -0.080801 0.996730 0.001136 7.257300 0.019434 0.000436 0.999811 -0.789700 0.000000 0.000000 0.000000 1.000000
0.996629 0.067333 -0.046865 0.072000 -0.066983 0.997714 0.009004 7.257300 0.047364 -0.005834 0.998861 -0.789700 0.000000 0.000000 0.000000 1.000000
0.996825 0.034892 -0.071565 0.072000 -0.033805 0.999295 0.016347 7.257300 0.072085 -0.013876 0.997302 -0.789700 0.000000 0.000000 0.000000 1.000000
0.996380 -0.004605 -0.084887 0.072000 0.006543 0.999724 0.022565 7.257300 0.084760 -0.023038 0.996135 -0.789700 0.000000 0.000000 0.000000 1.000000
0.994930 -0.034778 -0.094370 0.072000 0.036893 0.999103 0.020766 7.257300 0.093563 -0.024142 0.995321 -0.789700 0.000000 0.000000 0.000000 1.000000
0.993995 -0.046591 -0.099011 0.072000 0.048266 0.998728 0.014585 7.257300 0.098205 -0.019277 0.994979 -0.789700 0.000000 0.000000 0.000000 1.000000
0.993631 -0.052455 -0.099725 0.072000 0.053809 0.998491 0.010933 7.257300 0.099001 -0.016229 0.994955 -0.789700 0.000000 0.000000 0.000000 1.000000
0.993058 -0.059989 -0.101180 0.072000 0.061237 0.998080 0.009270 7.257300 0.100430 -0.015401 0.994825 -0.789700 0.000000 0.000000 0.000000 1.000000
0.992945 -0.065761 -0.098668 0.072000 0.066666 0.997758 0.005908 7.257300 0.098058 -0.012445 0.995103 -0.789700 0.000000 0.000000 0.000000 1.000000
0.993863 -0.067028 -0.088003 0.072000 0.067606 0.997706 0.003607 7.257300 0.087560 -0.009534 0.996114 -0.789700 0.000000 0.000000 0.000000 1.000000
0.995060 -0.081106 -0.057245 0.072000 0.081199 0.996698 -0.000711 7.257300 0.057114 -0.003941 0.998360 -0.789700 0.000000 0.000000 0.000000 1.000000
0.995693 -0.088721 -0.026894 0.072000 0.088851 0.996038 0.003647 7.257300 0.026464 -0.006021 0.999632 -0.789700 0.000000 0.000000 0.000000 1.000000
0.996835 -0.078582 0.012004 0.072000 0.078468 0.996869 0.009742 7.257300 -0.012732 -0.008769 0.999880 -0.789700 0.000000 0.000000 0.000000 1.000000</float_array>
        <technique_common>
          <accessor source="#mixamorig_Spine-Matrix-animation-output-transform-array" count="26" stride="16">
            <param type="float4x4"/>
          </accessor>
        </technique_common>
      </source>
      <source id="mixamorig_Spine-Interpolations">
        <Name_array id="mixamorig_Spine-Interpolations-array" count="26">
 LINEAR LINEAR LINEAR LINEAR LINEAR LINEAR LINEAR LINEAR LINEAR LINEAR LINEAR
LINEAR LINEAR LINEAR LINEAR LINEAR LINEAR LINEAR LINEAR LINEAR LINEAR LINEAR LINEAR
LINEAR LINEAR LINEAR</Name_array>
        <technique_common>
          <accessor source="#mixamorig_Spine-Interpolations-array" count="26">
            <param type="name"/>
          </accessor>
        </technique_common>
      </source>
      <sampler id="mixamorig_Spine-Matrix-animation-transform">
        <input semantic="INPUT" source="#mixamorig_Spine-Matrix-animation-input"/>
        <input semantic="OUTPUT" source="#mixamorig_Spine-Matrix-animation-output-transform"/>
        <input semantic="INTERPOLATION" source="#mixamorig_Spine-Interpolations"/>
      </sampler>
      <channel source="#mixamorig_Spine-Matrix-animation-transform" target="mixamorig_Spine/matrix"/>
    </animation>
    <animation id="mixamorig_Spine1-anim" name="mixamorig_Spine1">
      <source id="mixamorig_Spine1-Matrix-animation-input">
        <float_array id="mixamorig_Spine1-Matrix-animation-input-array" count="26">

0.000000 0.033333 0.066667 0.100000 0.133333 0.166667 0.200000 0.233333 0.266667 0.300000 0.333333 0.366667 0.400000 0.433333 0.466667 0.500000
0.533333 0.566667 0.600000 0.633333 0.666667 0.700000 0.733333 0.766667 0.800000 0.833333</float_array>
        <technique_common>
          <accessor source="#mixamorig_Spine1-Matrix-animation-input-array" count="26">
            <param name="TIME" type="float"/>
          </accessor>
        </technique_common>
      </source>
      <source id="mixamorig_Spine1-Matrix-animation-output-transform">
        <float_array id="mixamorig_Spine1-Matrix-animation-output-transform-array" count="416">

0.998355 -0.034510 0.045791 -0.000000 0.041868 0.984389 -0.170956 8.558700 -0.039176 0.172592 0.984214 0.000000 0.000000 0.000000 0.000000 1.000000
0.996509 -0.023195 0.080194 0.000000 0.035748 0.986659 -0.158829 8.558700 -0.075440 0.161141 0.984044 -0.000000 0.000000 0.000000 0.000000 1.000000
0.993621 -0.012853 0.112034 -0.000000 0.029128 0.989022 -0.144869 8.558700 -0.108942 0.147208 0.983088 -0.000000 0.000000 0.000000 0.000000 1.000000
0.990514 0.000890 0.137408 -0.000000 0.017019 0.991485 -0.129107 8.558700 -0.136353 0.130221 0.982064 0.000000 0.000000 0.000000 0.000000 1.000000
0.988356 0.014012 0.151515 0.000000 0.003000 0.993763 -0.111470 8.558700 -0.152132 0.110626 0.982150 -0.000000 0.000000 0.000000 0.000000 1.000000
0.986091 0.020432 0.164947 0.000000 -0.004019 0.995056 -0.099230 8.558700 -0.166159 0.097187 0.981298 -0.000000 0.000000 0.000000 0.000000 1.000000
0.985825 0.021331 0.166415 0.000000 -0.004068 0.994632 -0.103396 8.558700 -0.167727 0.101253 0.980620 0.000000 0.000000 0.000000 0.000000 1.000000
0.987511 0.022680 0.155908 -0.000000 -0.004777 0.993439 -0.114261 8.558700 -0.157477 0.112089 0.981141 0.000000 0.000000 0.000000 0.000000 1.000000
0.990012 0.024727 0.138797 0.000000 -0.006744 0.991678 -0.128565 8.558700 -0.140821 0.126345 0.981940 -0.000000 0.000000 0.000000 0.000000 1.000000
0.992069 0.030159 0.122020 -0.000000 -0.011957 0.989028 -0.147241 8.558700 -0.125122 0.144615 0.981545 -0.000000 0.000000 0.000000 0.000000 1.000000
0.994778 0.034128 0.096190 0.000000 -0.017797 0.986003 -0.165773 8.558700 -0.100502 0.163196 0.981461 0.000000 0.000000 0.000000 0.000000 1.000000
0.998437 0.034088 0.044292 0.000000 -0.025584 0.983321 -0.180072 8.558700 -0.049692 0.178657 0.982656 0.000000 0.000000 0.000000 0.000000 1.000000
0.999666 0.024675 -0.007706 0.000000 -0.025684 0.981853 -0.187897 8.558700 0.002930 0.188032 0.982159 -0.000000 0.000000 0.000000 0.000000 1.000000
0.998459 0.004036 -0.055351 0.000000 -0.014488 0.981725 -0.189754 8.558700 0.053573 0.190264 0.980270 0.000000 0.000000 0.000000 0.000000 1.000000
0.995554 -0.024011 -0.091078 -0.000000 0.007441 0.983988 -0.178078 8.558700 0.093895 0.176608 0.979792 0.000000 0.000000 0.000000 0.000000 1.000000
0.991611 -0.041186 -0.122524 0.000000 0.020731 0.986282 -0.163759 8.558700 0.127588 0.159845 0.978862 0.000000 0.000000 0.000000 0.000000 1.000000
0.987782 -0.059826 -0.143902 0.000000 0.038208 0.988167 -0.148548 8.558700 0.151086 0.141235 0.978379 -0.000000 0.000000 0.000000 0.000000 1.000000
0.984195 -0.063838 -0.165180 0.000000 0.039328 0.988264 -0.147607 8.558700 0.172664 0.138778 0.975155 0.000000 0.000000 0.000000 0.000000 1.000000
0.984235 -0.064571 -0.164655 0.000000 0.038364 0.986751 -0.157643 8.558700 0.172653 0.148841 0.973672 -0.000000 0.000000 0.000000 0.000000 1.000000
0.986444 -0.064158 -0.151037 0.000000 0.039014 0.985704 -0.163906 8.558700 0.159394 0.155792 0.974845 0.000000 0.000000 0.000000 0.000000 1.000000
0.987988 -0.065214 -0.140099 0.000000 0.041472 0.985228 -0.166147 8.558700 0.148865 0.158341 0.976098 0.000000 0.000000 0.000000 0.000000 1.000000
0.990155 -0.064681 -0.124138 -0.000000 0.042709 0.984149 -0.172122 8.558700 0.133303 0.165125 0.977223 0.000000 0.000000 0.000000 0.000000 1.000000
0.993054 -0.065199 -0.097942 -0.000000 0.047047 0.983020 -0.177363 8.558700 0.107843 0.171523 0.979260 0.000000 0.000000 0.000000 0.000000 1.000000
0.996132 -0.069608 -0.053618 0.000000 0.058482 0.980683 -0.186657 8.558700 0.065576 0.182800 0.980961 -0.000000 0.000000 0.000000 0.000000 1.000000
0.997819 -0.064390 -0.014530 0.000000 0.060745 0.981859 -0.179617 8.558700 0.025832 0.178343 0.983629 0.000000 0.000000 0.000000 0.000000 1.000000
0.998355 -0.034510 0.045791 -0.000000 0.041868 0.984389 -0.170956 8.558700 -0.039176 0.172592 0.984214 0.000000 0.000000 0.000000 0.000000 1.000000</float_array>
        <technique_common>
          <accessor source="#mixamorig_Spine1-Matrix-animation-output-transform-array" count="26" stride="16">
            <param type="float4x4"/>
          </accessor>
        </technique_common>
      </source>
      <source id="mixamorig_Spine1-Interpolations">
        <Name_array id="mixamorig_Spine1-Interpolations-array" count="26">
 LINEAR LINEAR LINEAR LINEAR LINEAR LINEAR LINEAR LINEAR LINEAR LINEAR LINEAR
LINEAR LINEAR LINEAR LINEAR LINEAR LINEAR LINEAR LINEAR LINEAR LINEAR LINEAR LINEAR
LINEAR LINEAR LINEAR</Name_array>
        <technique_common>
          <accessor source="#mixamorig_Spine1-Interpolations-array" count="26">
            <param type="name"/>
          </accessor>
        </technique_common>
      </source>
      <sampler id="mixamorig_Spine1-Matrix-animation-transform">
        <input semantic="INPUT" source="#mixamorig_Spine1-Matrix-animation-input"/>
        <input semantic="OUTPUT" source="#mixamorig_Spine1-Matrix-animation-output-transform"/>
        <input semantic="INTERPOLATION" source="#mixamorig_Spine1-Interpolations"/>
      </sampler>
      <channel source="#mixamorig_Spine1-Matrix-animation-transform" target="mixamorig_Spine1/matrix"/>
    </animation>
    <animation id="mixamorig_Spine2-anim" name="mixamorig_Spine2">
      <source id="mixamorig_Spine2-Matrix-animation-input">
        <float_array id="mixamorig_Spine2-Matrix-animation-input-array" count="26">

0.000000 0.033333 0.066667 0.100000 0.133333 0.166667 0.200000 0.233333 0.266667 0.300000 0.333333 0.366667 0.400000 0.433333 0.466667 0.500000
0.533333 0.566667 0.600000 0.633333 0.666667 0.700000 0.733333 0.766667 0.800000 0.833333</float_array>
        <technique_common>
          <accessor source="#mixamorig_Spine2-Matrix-animation-input-array" count="26">
            <param name="TIME" type="float"/>
          </accessor>
        </technique_common>
      </source>
      <source id="mixamorig_Spine2-Matrix-animation-output-transform">
        <float_array id="mixamorig_Spine2-Matrix-animation-output-transform-array" count="416">

0.998355 -0.030016 0.048854 0.000000 0.041868 0.963764 -0.263449 29.149500 -0.039176 0.265061 0.963435 1.721100 0.000000 0.000000 0.000000 1.000000
0.996509 -0.015494 0.082031 0.000000 0.035748 0.967173 -0.251591 29.149500 -0.075440 0.253645 0.964351 1.721100 0.000000 0.000000 0.000000 1.000000
0.993621 -0.002181 0.112747 -0.000000 0.029128 0.970848 -0.237918 29.149500 -0.108942 0.239684 0.964719 1.721100 0.000000 0.000000 0.000000 1.000000
0.990514 0.013905 0.136705 0.000000 0.017019 0.974793 -0.222461 29.149500 -0.136353 0.222677 0.965310 1.721100 0.000000 0.000000 0.000000 1.000000
0.988356 0.028304 0.149506 0.000000 0.003000 0.978733 -0.205118 29.149500 -0.152132 0.203178 0.967251 1.721100 0.000000 0.000000 0.000000 1.000000
0.986091 0.035967 0.162270 0.000000 -0.004019 0.981179 -0.193056 29.149500 -0.166159 0.189719 0.967676 1.721100 0.000000 0.000000 0.000000 1.000000
0.985825 0.037002 0.163646 0.000000 -0.004068 0.980362 -0.197163 29.149500 -0.167727 0.193702 0.966616 1.721100 0.000000 0.000000 0.000000 1.000000
0.987511 0.037349 0.153058 0.000000 -0.004777 0.978146 -0.207866 29.149500 -0.157477 0.204539 0.966108 1.721100 0.000000 0.000000 0.000000 1.000000
0.990012 0.037765 0.135830 -0.000000 -0.006744 0.975037 -0.221939 29.149500 -0.140821 0.218806 0.965553 1.721100 0.000000 0.000000 0.000000 1.000000
0.992069 0.041584 0.118614 0.000000 -0.011957 0.970630 -0.240280 29.149500 -0.125122 0.236956 0.963429 1.721100 0.000000 0.000000 0.000000 1.000000
0.994778 0.043088 0.092525 0.000000 -0.017797 0.965863 -0.258442 29.149500 -0.100502 0.255446 0.961586 1.721100 0.000000 0.000000 0.000000 1.000000
0.998437 0.038131 0.040863 0.000000 -0.025584 0.961837 -0.272423 29.149500 -0.049692 0.270951 0.961310 1.721100 0.000000 0.000000 0.000000 1.000000
0.999666 0.023834 -0.010009 0.000000 -0.025684 0.959635 -0.280073 29.149500 0.002930 0.280237 0.959926 1.721100 0.000000 0.000000 0.000000 1.000000
0.998459 -0.001226 -0.055484 -0.000000 -0.014488 0.959331 -0.281910 29.149500 0.053573 0.282280 0.957835 1.721100 0.000000 0.000000 0.000000 1.000000
0.995554 -0.032532 -0.088393 -0.000000 0.007441 0.962691 -0.270501 29.149500 0.093895 0.268640 0.958653 1.721100 0.000000 0.000000 0.000000 1.000000
0.991611 -0.052609 -0.118071 0.000000 0.020731 0.966331 -0.256464 29.149500 0.127588 0.251865 0.959315 1.721100 0.000000 0.000000 0.000000 1.000000
0.987782 -0.073190 -0.137587 0.000000 0.038208 0.969648 -0.241500 29.149500 0.151086 0.233292 0.960598 1.721100 0.000000 0.000000 0.000000 1.000000
0.984195 -0.079200 -0.158389 0.000000 0.039328 0.969834 -0.240572 29.149500 0.172664 0.230541 0.957621 1.721100 0.000000 0.000000 0.000000 1.000000
0.984235 -0.079880 -0.157797 0.000000 0.038364 0.967377 -0.250420 29.149500 0.172653 0.240418 0.955191 1.721100 0.000000 0.000000 0.000000 1.000000
0.986444 -0.078179 -0.144280 0.000000 0.039014 0.965742 -0.256555 29.149500 0.159394 0.247448 0.955700 1.721100 0.000000 0.000000 0.000000 1.000000
0.987988 -0.078194 -0.133290 -0.000000 0.041472 0.965056 -0.258741 29.149500 0.148865 0.250105 0.956706 1.721100 0.000000 0.000000 0.000000 1.000000
0.990155 -0.076151 -0.117451 0.000000 0.042709 0.963416 -0.264587 29.149500 0.133303 0.256965 0.957183 1.721100 0.000000 0.000000 0.000000 1.000000
0.993054 -0.074185 -0.091324 -0.000000 0.047047 0.961795 -0.269697 29.149500 0.107843 0.263528 0.958605 1.721100 0.000000 0.000000 0.000000 1.000000
0.996132 -0.074375 -0.046783 -0.000000 0.058482 0.958588 -0.278728 29.149500 0.065576 0.274914 0.959230 1.721100 0.000000 0.000000 0.000000 1.000000
0.997819 -0.065477 -0.008364 -0.000000 0.060745 0.960426 -0.271831 29.149500 0.025832 0.270730 0.962309 1.721100 0.000000 0.000000 0.000000 1.000000
0.998355 -0.030016 0.048854 0.000000 0.041868 0.963764 -0.263449 29.149500 -0.039176 0.265061 0.963435 1.721100 0.000000 0.000000 0.000000 1.000000</float_array>
        <technique_common>
          <accessor source="#mixamorig_Spine2-Matrix-animation-output-transform-array" count="26" stride="16">
            <param type="float4x4"/>
          </accessor>
        </technique_common>
      </source>
      <source id="mixamorig_Spine2-Interpolations">
        <Name_array id="mixamorig_Spine2-Interpolations-array" count="26">
 LINEAR LINEAR LINEAR LINEAR LINEAR LINEAR LINEAR LINEAR LINEAR LINEAR LINEAR
LINEAR LINEAR LINEAR LINEAR LINEAR LINEAR LINEAR LINEAR LINEAR LINEAR LINEAR LINEAR
LINEAR LINEAR LINEAR</Name_array>
        <technique_common>
          <accessor source="#mixamorig_Spine2-Interpolations-array" count="26">
            <param type="name"/>
          </accessor>
        </technique_common>
      </source>
      <sampler id="mixamorig_Spine2-Matrix-animation-transform">
        <input semantic="INPUT" source="#mixamorig_Spine2-Matrix-animation-input"/>
        <input semantic="OUTPUT" source="#mixamorig_Spine2-Matrix-animation-output-transform"/>
        <input semantic="INTERPOLATION" source="#mixamorig_Spine2-Interpolations"/>
      </sampler>
      <channel source="#mixamorig_Spine2-Matrix-animation-transform" target="mixamorig_Spine2/matrix"/>
    </animation>
    <animation id="mixamorig_Neck-anim" name="mixamorig_Neck">
      <source id="mixamorig_Neck-Matrix-animation-input">
        <float_array id="mixamorig_Neck-Matrix-animation-input-array" count="26">

0.000000 0.033333 0.066667 0.100000 0.133333 0.166667 0.200000 0.233333 0.266667 0.300000 0.333333 0.366667 0.400000 0.433333 0.466667 0.500000
0.533333 0.566667 0.600000 0.633333 0.666667 0.700000 0.733333 0.766667 0.800000 0.833333</float_array>
        <technique_common>
          <accessor source="#mixamorig_Neck-Matrix-animation-input-array" count="26">
            <param name="TIME" type="float"/>
          </accessor>
        </technique_common>
      </source>
      <source id="mixamorig_Neck-Matrix-animation-output-transform">
        <float_array id="mixamorig_Neck-Matrix-animation-output-transform-array" count="416">

0.998465 0.007577 -0.054863 0.000000 -0.000366 0.991478 0.130271 13.857900 0.055382 -0.130051 0.989959 7.405300 0.000000 0.000000 0.000000 1.000000
0.997053 0.005968 -0.076486 -0.000000 0.004179 0.991265 0.131823 13.857900 0.076605 -0.131754 0.988318 7.405300 0.000000 0.000000 0.000000 1.000000
0.995050 0.016479 -0.097999 0.000000 -0.005668 0.993960 0.109592 13.857900 0.099213 -0.108494 0.989134 7.405300 0.000000 0.000000 0.000000 1.000000
0.992534 0.010167 -0.121542 -0.000000 0.001592 0.995355 0.096259 13.857900 0.121956 -0.095734 0.987908 7.405300 0.000000 0.000000 0.000000 1.000000
0.990948 0.006888 -0.134072 0.000000 0.004148 0.996635 0.081863 13.857900 0.134184 -0.081678 0.987585 7.405300 0.000000 0.000000 0.000000 1.000000
0.989533 -0.011033 -0.143885 0.000000 0.017833 0.998780 0.046057 13.857900 0.143201 -0.048141 0.988522 7.405300 0.000000 0.000000 0.000000 1.000000
0.989750 -0.024799 -0.140643 0.000000 0.028232 0.999349 0.022473 13.857900 0.139994 -0.026213 0.989805 7.405300 0.000000 0.000000 0.000000 1.000000
0.991578 -0.009314 -0.129178 -0.000000 0.013255 0.999472 0.029681 13.857900 0.128833 -0.031143 0.991177 7.405300 0.000000 0.000000 0.000000 1.000000
0.992230 -0.013165 -0.123718 0.000000 0.017403 0.999296 0.033244 13.857900 0.123193 -0.035139 0.991760 7.405300 0.000000 0.000000 0.000000 1.000000
0.993250 -0.016819 -0.114764 0.000000 0.024361 0.997612 0.064634 13.857900 0.113402 -0.066993 0.991288 7.405300 0.000000 0.000000 0.000000 1.000000
0.994304 -0.030744 -0.102047 -0.000000 0.039813 0.995319 0.088066 13.857900 0.098862 -0.091627 0.990874 7.405300 0.000000 0.000000 0.000000 1.000000
0.997143 -0.029149 -0.069690 0.000000 0.036559 0.993530 0.107527 13.857900 0.066105 -0.109767 0.991757 7.405300 0.000000 0.000000 0.000000 1.000000
0.999106 -0.017775 -0.038357 -0.000000 0.022205 0.992725 0.118337 13.857900 0.035974 -0.119083 0.992232 7.405300 0.000000 0.000000 0.000000 1.000000
0.999018 -0.037772 -0.023171 -0.000000 0.040699 0.988939 0.142628 13.857900 0.017528 -0.143431 0.989505 7.405300 0.000000 0.000000 0.000000 1.000000
0.999504 0.020948 0.023522 0.000000 -0.023814 0.991352 0.129050 13.857900 -0.020615 -0.129546 0.991359 7.405300 0.000000 0.000000 0.000000 1.000000
0.998583 0.009613 0.052341 0.000000 -0.017272 0.988849 0.147916 13.857900 -0.050335 -0.148610 0.987614 7.405300 0.000000 0.000000 0.000000 1.000000
0.997039 0.012856 0.075817 -0.000000 -0.025381 0.985692 0.166633 13.857900 -0.072590 -0.168064 0.983100 7.405300 0.000000 0.000000 0.000000 1.000000
0.995880 0.004317 0.090576 -0.000000 -0.020644 0.983429 0.180115 13.857900 -0.088298 -0.181243 0.979466 7.405300 0.000000 0.000000 0.000000 1.000000
0.995250 0.015463 0.096120 -0.000000 -0.032125 0.984168 0.174305 13.857900 -0.091903 -0.176565 0.979989 7.405300 0.000000 0.000000 0.000000 1.000000
0.995933 0.021658 0.087456 0.000000 -0.035201 0.987064 0.156417 13.857900 -0.082937 -0.158859 0.983812 7.405300 0.000000 0.000000 0.000000 1.000000
0.996234 0.029397 0.081572 -0.000000 -0.041051 0.988566 0.145091 13.857900 -0.076374 -0.147894 0.986050 7.405300 0.000000 0.000000 0.000000 1.000000
0.996137 0.044674 0.075597 0.000000 -0.055422 0.987633 0.146660 13.857900 -0.068110 -0.150283 0.986294 7.405300 0.000000 0.000000 0.000000 1.000000
0.996830 0.053226 0.059136 -0.000000 -0.061923 0.985722 0.156583 13.857900 -0.049958 -0.159748 0.985893 7.405300 0.000000 0.000000 0.000000 1.000000
0.998736 0.043674 0.024872 0.000000 -0.047132 0.985712 0.161714 13.857900 -0.017454 -0.162682 0.986524 7.405300 0.000000 0.000000 0.000000 1.000000
0.999343 0.034543 -0.011015 0.000000 -0.032514 0.988260 0.149282 13.857900 0.016042 -0.148826 0.988733 7.405300 0.000000 0.000000 0.000000 1.000000
0.998465 0.007577 -0.054863 0.000000 -0.000366 0.991478 0.130271 13.857900 0.055382 -0.130051 0.989959 7.405300 0.000000 0.000000 0.000000 1.000000</float_array>
        <technique_common>
          <accessor source="#mixamorig_Neck-Matrix-animation-output-transform-array" count="26" stride="16">
            <param type="float4x4"/>
          </accessor>
        </technique_common>
      </source>
      <source id="mixamorig_Neck-Interpolations">
        <Name_array id="mixamorig_Neck-Interpolations-array" count="26">
 LINEAR LINEAR LINEAR LINEAR LINEAR LINEAR LINEAR LINEAR LINEAR LINEAR LINEAR
LINEAR LINEAR LINEAR LINEAR LINEAR LINEAR LINEAR LINEAR LINEAR LINEAR LINEAR LINEAR
LINEAR LINEAR LINEAR</Name_array>
        <technique_common>
          <accessor source="#mixamorig_Neck-Interpolations-array" count="26">
            <param type="name"/>
          </accessor>
        </technique_common>
      </source>
      <sampler id="mixamorig_Neck-Matrix-animation-transform">
        <input semantic="INPUT" source="#mixamorig_Neck-Matrix-animation-input"/>
        <input semantic="OUTPUT" source="#mixamorig_Neck-Matrix-animation-output-transform"/>
        <input semantic="INTERPOLATION" source="#mixamorig_Neck-Interpolations"/>
      </sampler>
      <channel source="#mixamorig_Neck-Matrix-animation-transform" target="mixamorig_Neck/matrix"/>
    </animation>
    <animation id="mixamorig_Head-anim" name="mixamorig_Head">
      <source id="mixamorig_Head-Matrix-animation-input">
        <float_array id="mixamorig_Head-Matrix-animation-input-array" count="26">

0.000000 0.033333 0.066667 0.100000 0.133333 0.166667 0.200000 0.233333 0.266667 0.300000 0.333333 0.366667 0.400000 0.433333 0.466667 0.500000
0.533333 0.566667 0.600000 0.633333 0.666667 0.700000 0.733333 0.766667 0.800000 0.833333</float_array>
        <technique_common>
          <accessor source="#mixamorig_Head-Matrix-animation-input-array" count="26">
            <param name="TIME" type="float"/>
          </accessor>
        </technique_common>
      </source>
      <source id="mixamorig_Head-Matrix-animation-output-transform">
        <float_array id="mixamorig_Head-Matrix-animation-output-transform-array" count="416">

0.987594 0.090815 -0.128108 0.000000 -0.057729 0.968649 0.241632 8.198500 0.146036 -0.231239 0.961874 5.703100 0.000000 0.000000 0.000000 1.000000
0.978419 0.093594 -0.184217 0.000000 -0.054485 0.976840 0.206916 8.198500 0.199317 -0.192414 0.960859 5.703100 0.000000 0.000000 0.000000 1.000000
0.963380 0.085618 -0.254102 0.000000 -0.032984 0.978295 0.204577 8.198500 0.266102 -0.188704 0.945294 5.703100 0.000000 0.000000 0.000000 1.000000
0.946726 0.071930 -0.313904 0.000000 -0.024727 0.988095 0.151842 8.198500 0.321089 -0.135991 0.937234 5.703100 0.000000 0.000000 0.000000 1.000000
0.935080 0.048907 -0.351047 -0.000000 -0.012125 0.994269 0.106222 8.198500 0.354230 -0.095069 0.930313 5.703100 0.000000 0.000000 0.000000 1.000000
0.932892 0.051807 -0.356411 -0.000000 -0.015658 0.994499 0.103572 8.198500 0.359816 -0.091041 0.928571 5.703100 0.000000 0.000000 0.000000 1.000000
0.941989 0.064452 -0.329397 -0.000000 -0.026724 0.992677 0.117808 8.198500 0.334577 -0.102171 0.936813 5.703100 0.000000 0.000000 0.000000 1.000000
0.944145 0.031751 -0.327998 -0.000000 0.000090 0.995323 0.096607 8.198500 0.329531 -0.091241 0.939726 5.703100 0.000000 0.000000 0.000000 1.000000
0.946513 0.005845 -0.322614 0.000000 0.027856 0.994623 0.099746 8.198500 0.321462 -0.103397 0.941260 5.703100 0.000000 0.000000 0.000000 1.000000
0.951653 -0.021424 -0.306428 0.000000 0.059583 0.991493 0.115723 8.198500 0.301342 -0.128386 0.944833 5.703100 0.000000 0.000000 0.000000 1.000000
0.962461 -0.036565 -0.268948 -0.000000 0.085992 0.980918 0.174373 8.198500 0.257439 -0.190955 0.947239 5.703100 0.000000 0.000000 0.000000 1.000000
0.977358 -0.063204 -0.201934 0.000000 0.109724 0.967394 0.228275 8.198500 0.180922 -0.245264 0.952425 5.703100 0.000000 0.000000 0.000000 1.000000
0.986304 -0.079732 -0.144383 0.000000 0.115129 0.959659 0.256516 8.198500 0.118106 -0.269625 0.955695 5.703100 0.000000 0.000000 0.000000 1.000000
0.996006 -0.054726 -0.070546 -0.000000 0.070976 0.964666 0.253736 8.198500 0.054168 -0.257730 0.964697 5.703100 0.000000 0.000000 0.000000 1.000000
0.998002 -0.060599 -0.017898 0.000000 0.063160 0.965047 0.254353 8.198500 0.001859 -0.254975 0.966946 5.703100 0.000000 0.000000 0.000000 1.000000
0.995832 -0.039210 0.082352 0.000000 0.022055 0.979605 0.199719 8.198500 -0.088503 -0.197071 0.976386 5.703100 0.000000 0.000000 0.000000 1.000000
0.989186 -0.014914 0.145909 0.000000 -0.008828 0.986959 0.160730 8.198500 -0.146404 -0.160279 0.976154 5.703100 0.000000 0.000000 0.000000 1.000000
0.980074 -0.004641 0.198578 -0.000000 -0.028266 0.986294 0.162556 8.198500 -0.196611 -0.164930 0.966510 5.703100 0.000000 0.000000 0.000000 1.000000
0.978341 0.002626 0.206983 0.000000 -0.042390 0.981270 0.187913 8.198500 -0.202612 -0.192617 0.960129 5.703100 0.000000 0.000000 0.000000 1.000000
0.980386 0.031967 0.194478 0.000000 -0.071686 0.977009 0.200783 8.198500 -0.183588 -0.210787 0.960138 5.703100 0.000000 0.000000 0.000000 1.000000
0.982552 0.050718 0.178942 -0.000000 -0.087215 0.975406 0.202426 8.198500 -0.164274 -0.214501 0.962810 5.703100 0.000000 0.000000 0.000000 1.000000
0.988612 0.048426 0.142480 -0.000000 -0.078382 0.973938 0.212840 8.198500 -0.128459 -0.221584 0.966643 5.703100 0.000000 0.000000 0.000000 1.000000
0.994923 0.047503 0.088724 0.000000 -0.067800 0.967886 0.242075 8.198500 -0.074376 -0.246861 0.966192 5.703100 0.000000 0.000000 0.000000 1.000000
0.997506 0.066479 0.023703 0.000000 -0.070412 0.960435 0.269455 8.198500 -0.004852 -0.270452 0.962721 5.703100 0.000000 0.000000 0.000000 1.000000
0.995283 0.081316 -0.052918 0.000000 -0.064877 0.963381 0.260168 8.198500 0.072136 -0.255507 0.964112 5.703100 0.000000 0.000000 0.000000 1.000000
0.987594 0.090815 -0.128108 0.000000 -0.057729 0.968649 0.241632 8.198500 0.146036 -0.231239 0.961874 5.703100 0.000000 0.000000 0.000000 1.000000</float_array>
        <technique_common>
          <accessor source="#mixamorig_Head-Matrix-animation-output-transform-array" count="26" stride="16">
            <param type="float4x4"/>
          </accessor>
        </technique_common>
      </source>
      <source id="mixamorig_Head-Interpolations">
        <Name_array id="mixamorig_Head-Interpolations-array" count="26">
 LINEAR LINEAR LINEAR LINEAR LINEAR LINEAR LINEAR LINEAR LINEAR LINEAR LINEAR
LINEAR LINEAR LINEAR LINEAR LINEAR LINEAR LINEAR LINEAR LINEAR LINEAR LINEAR LINEAR
LINEAR LINEAR LINEAR</Name_array>
        <technique_common>
          <accessor source="#mixamorig_Head-Interpolations-array" count="26">
            <param type="name"/>
          </accessor>
        </technique_common>
      </source>
      <sampler id="mixamorig_Head-Matrix-animation-transform">
        <input semantic="INPUT" source="#mixamorig_Head-Matrix-animation-input"/>
        <input semantic="OUTPUT" source="#mixamorig_Head-Matrix-animation-output-transform"/>
        <input semantic="INTERPOLATION" source="#mixamorig_Head-Interpolations"/>
      </sampler>
      <channel source="#mixamorig_Head-Matrix-animation-transform" target="mixamorig_Head/matrix"/>
    </animation>
    <animation id="mixamorig_LeftShoulder-anim" name="mixamorig_LeftShoulder">
      <source id="mixamorig_LeftShoulder-Matrix-animation-input">
        <float_array id="mixamorig_LeftShoulder-Matrix-animation-input-array" count="26">

0.000000 0.033333 0.066667 0.100000 0.133333 0.166667 0.200000 0.233333 0.266667 0.300000 0.333333 0.366667 0.400000 0.433333 0.466667 0.500000
0.533333 0.566667 0.600000 0.633333 0.666667 0.700000 0.733333 0.766667 0.800000 0.833333</float_array>
        <technique_common>
          <accessor source="#mixamorig_LeftShoulder-Matrix-animation-input-array" count="26">
            <param name="TIME" type="float"/>
          </accessor>
        </technique_common>
      </source>
      <source id="mixamorig_LeftShoulder-Matrix-animation-output-transform">
        <float_array id="mixamorig_LeftShoulder-Matrix-animation-output-transform-array" count="416">

0.125305 0.830313 -0.543027 12.584900 -0.048519 -0.541558 -0.839262 11.395200 -0.990931 0.131511 -0.027574 -1.453100 0.000000 0.000000 0.000000 1.000000
0.113404 0.836140 -0.536665 12.584900 -0.046826 -0.535051 -0.843521 11.395200 -0.992445 0.120789 -0.021523 -1.453100 0.000000 0.000000 0.000000 1.000000
0.099779 0.843191 -0.528273 12.584900 -0.044928 -0.526564 -0.848948 11.395200 -0.993995 0.108442 -0.014657 -1.453100 0.000000 0.000000 0.000000 1.000000
0.085805 0.850370 -0.519142 12.584900 -0.043227 -0.517395 -0.854654 11.395200 -0.995374 0.095774 -0.007636 -1.453100 0.000000 0.000000 0.000000 1.000000
0.073431 0.856420 -0.511031 12.584900 -0.042065 -0.509298 -0.859561 11.395200 -0.996413 0.084614 -0.001373 -1.453100 0.000000 0.000000 0.000000 1.000000
0.065409 0.859620 -0.506729 12.584900 -0.041664 -0.505021 -0.862101 11.395200 -0.996988 0.077501 0.002782 -1.453100 0.000000 0.000000 0.000000 1.000000
0.064363 0.858540 -0.508691 12.584900 -0.042101 -0.506958 -0.860942 11.395200 -0.997038 0.076829 0.003517 -1.453100 0.000000 0.000000 0.000000 1.000000
0.073154 0.851869 -0.518621 12.584900 -0.043536 -0.516791 -0.855004 11.395200 -0.996370 0.085126 -0.000719 -1.453100 0.000000 0.000000 0.000000 1.000000
0.091332 0.840638 -0.533842 12.584900 -0.046003 -0.531948 -0.845526 11.395200 -0.994757 0.101782 -0.009912 -1.453100 0.000000 0.000000 0.000000 1.000000
0.116590 0.827132 -0.549781 12.584900 -0.049330 -0.548050 -0.834989 11.395200 -0.991954 0.124472 -0.023094 -1.453100 0.000000 0.000000 0.000000 1.000000
0.145487 0.814741 -0.561276 12.584900 -0.052717 -0.560122 -0.826731 11.395200 -0.987955 0.149868 -0.038540 -1.453100 0.000000 0.000000 0.000000 1.000000
0.173069 0.806334 -0.565573 12.584900 -0.054982 -0.565433 -0.822960 11.395200 -0.983374 0.173525 -0.053525 -1.453100 0.000000 0.000000 0.000000 1.000000
0.195398 0.802396 -0.563897 12.584900 -0.055625 -0.564987 -0.823223 11.395200 -0.979145 0.192223 -0.065764 -1.453100 0.000000 0.000000 0.000000 1.000000
0.209021 0.802054 -0.559481 12.584900 -0.054987 -0.561574 -0.825598 11.395200 -0.976364 0.203332 -0.073278 -1.453100 0.000000 0.000000 0.000000 1.000000
0.213170 0.803090 -0.556421 12.584900 -0.054216 -0.558911 -0.827454 11.395200 -0.975510 0.206555 -0.075603 -1.453100 0.000000 0.000000 0.000000 1.000000
0.210640 0.803884 -0.556239 12.584900 -0.053977 -0.558573 -0.827697 11.395200 -0.976072 0.204370 -0.074267 -1.453100 0.000000 0.000000 0.000000 1.000000
0.205384 0.803661 -0.558522 12.584900 -0.054340 -0.560443 -0.826408 11.395200 -0.977172 0.200081 -0.071436 -1.453100 0.000000 0.000000 0.000000 1.000000
0.201833 0.802411 -0.561606 12.584900 -0.055009 -0.563214 -0.824478 11.395200 -0.977874 0.197300 -0.069535 -1.453100 0.000000 0.000000 0.000000 1.000000
0.201413 0.800557 -0.564394 12.584900 -0.055746 -0.565900 -0.822587 11.395200 -0.977919 0.197143 -0.069351 -1.453100 0.000000 0.000000 0.000000 1.000000
0.203100 0.798593 -0.566568 12.584900 -0.056431 -0.568120 -0.821009 11.395200 -0.977530 0.198719 -0.070320 -1.453100 0.000000 0.000000 0.000000 1.000000
0.203680 0.797617 -0.567734 12.584900 -0.056792 -0.569287 -0.820175 11.395200 -0.977389 0.199296 -0.070655 -1.453100 0.000000 0.000000 0.000000 1.000000
0.200221 0.798946 -0.567096 12.584900 -0.056449 -0.568448 -0.820781 11.395200 -0.978123 0.196349 -0.068716 -1.453100 0.000000 0.000000 0.000000 1.000000
0.190812 0.803606 -0.563745 12.584900 -0.055111 -0.564621 -0.823508 11.395200 -0.980078 0.188204 -0.063448 -1.453100 0.000000 0.000000 0.000000 1.000000
0.174277 0.811680 -0.557497 12.584900 -0.052875 -0.557630 -0.828404 11.395200 -0.983276 0.173849 -0.054264 -1.453100 0.000000 0.000000 0.000000 1.000000
0.152113 0.821236 -0.549938 12.584900 -0.050474 -0.549233 -0.834144 11.395200 -0.987073 0.154642 -0.042095 -1.453100 0.000000 0.000000 0.000000 1.000000
0.125305 0.830313 -0.543027 12.584900 -0.048519 -0.541558 -0.839262 11.395200 -0.990931 0.131511 -0.027574 -1.453100 0.000000 0.000000 0.000000 1.000000</float_array>
        <technique_common>
          <accessor source="#mixamorig_LeftShoulder-Matrix-animation-output-transform-array" count="26" stride="16">
            <param type="float4x4"/>
          </accessor>
        </technique_common>
      </source>
      <source id="mixamorig_LeftShoulder-Interpolations">
        <Name_array id="mixamorig_LeftShoulder-Interpolations-array" count="26">
 LINEAR LINEAR LINEAR LINEAR LINEAR LINEAR LINEAR LINEAR LINEAR LINEAR LINEAR
LINEAR LINEAR LINEAR LINEAR LINEAR LINEAR LINEAR LINEAR LINEAR LINEAR LINEAR LINEAR
LINEAR LINEAR LINEAR</Name_array>
        <technique_common>
          <accessor source="#mixamorig_LeftShoulder-Interpolations-array" count="26">
            <param type="name"/>
          </accessor>
        </technique_common>
      </source>
      <sampler id="mixamorig_LeftShoulder-Matrix-animation-transform">
        <input semantic="INPUT" source="#mixamorig_LeftShoulder-Matrix-animation-input"/>
        <input semantic="OUTPUT" source="#mixamorig_LeftShoulder-Matrix-animation-output-transform"/>
        <input semantic="INTERPOLATION" source="#mixamorig_LeftShoulder-Interpolations"/>
      </sampler>
      <channel source="#mixamorig_LeftShoulder-Matrix-animation-transform" target="mixamorig_LeftShoulder/matrix"/>
    </animation>
    <animation id="mixamorig_LeftArm-anim" name="mixamorig_LeftArm">
      <source id="mixamorig_LeftArm-Matrix-animation-input">
        <float_array id="mixamorig_LeftArm-Matrix-animation-input-array" count="26">

0.000000 0.033333 0.066667 0.100000 0.133333 0.166667 0.200000 0.233333 0.266667 0.300000 0.333333 0.366667 0.400000 0.433333 0.466667 0.500000
0.533333 0.566667 0.600000 0.633333 0.666667 0.700000 0.733333 0.766667 0.800000 0.833333</float_array>
        <technique_common>
          <accessor source="#mixamorig_LeftArm-Matrix-animation-input-array" count="26">
            <param name="TIME" type="float"/>
          </accessor>
        </technique_common>
      </source>
      <source id="mixamorig_LeftArm-Matrix-animation-output-transform">
        <float_array id="mixamorig_LeftArm-Matrix-animation-output-transform-array" count="416">

0.834645 0.515956 -0.192759 0.000000 -0.506442 0.581332 -0.636844 15.319300 -0.216527 0.629160 0.746507 0.000000 0.000000 0.000000 0.000000 1.000000
0.812058 0.553915 -0.183686 -0.000000 -0.538578 0.590146 -0.601384 15.319300 -0.224713 0.587288 0.777558 0.000000 0.000000 0.000000 0.000000 1.000000
0.797326 0.584541 -0.150279 0.000000 -0.554988 0.612230 -0.563171 15.319300 -0.237191 0.532434 0.812561 -0.000000 0.000000 0.000000 0.000000 1.000000
0.788251 0.606577 -0.103559 0.000000 -0.561622 0.640386 -0.523915 15.319300 -0.251477 0.471138 0.845452 -0.000000 0.000000 0.000000 0.000000 1.000000
0.782904 0.619786 -0.054103 -0.000000 -0.562101 0.667395 -0.488494 15.319300 -0.266654 0.412855 0.870888 0.000000 0.000000 0.000000 0.000000 1.000000
0.781315 0.623980 -0.013964 0.000000 -0.558768 0.689342 -0.461070 15.319300 -0.278073 0.368044 0.887254 0.000000 0.000000 0.000000 0.000000 1.000000
0.788968 0.614354 0.009883 0.000000 -0.547662 0.710430 -0.441990 15.319300 -0.278559 0.343304 0.896966 0.000000 0.000000 0.000000 0.000000 1.000000
0.815773 0.578228 0.012894 0.000000 -0.517966 0.740312 -0.428544 15.319300 -0.257342 0.342916 0.903429 0.000000 0.000000 0.000000 0.000000 1.000000
0.862310 0.506373 -0.002830 0.000000 -0.460542 0.781917 -0.420128 15.319300 -0.210528 0.363584 0.907461 0.000000 0.000000 0.000000 0.000000 1.000000
0.916308 0.399123 -0.032866 0.000000 -0.374425 0.824701 -0.423879 15.319300 -0.142076 0.400710 0.905122 0.000000 0.000000 0.000000 0.000000 1.000000
0.960276 0.270461 -0.068711 0.000000 -0.271852 0.851120 -0.449101 15.319300 -0.062984 0.449940 0.890835 0.000000 0.000000 0.000000 0.000000 1.000000
0.983641 0.150328 -0.099257 0.000000 -0.179806 0.852847 -0.490226 15.319300 0.010957 0.500053 0.865925 0.000000 0.000000 0.000000 0.000000 1.000000
0.990627 0.059663 -0.122878 0.000000 -0.116350 0.839845 -0.530210 15.319300 0.071565 0.539537 0.838915 0.000000 0.000000 0.000000 0.000000 1.000000
0.989183 0.008087 -0.146462 0.000000 -0.088595 0.828726 -0.552597 15.319300 0.116908 0.559596 0.820479 -0.000000 0.000000 0.000000 0.000000 1.000000
0.984284 -0.010774 -0.176265 -0.000000 -0.089658 0.829438 -0.551357 15.319300 0.152141 0.558495 0.815436 0.000000 0.000000 0.000000 0.000000 1.000000
0.977568 -0.009635 -0.210402 -0.000000 -0.106326 0.839747 -0.532466 15.319300 0.181814 0.542893 0.819885 0.000000 0.000000 0.000000 0.000000 1.000000
0.970145 0.001704 -0.242520 0.000000 -0.127981 0.853007 -0.505965 15.319300 0.206009 0.521897 0.827758 0.000000 0.000000 0.000000 0.000000 1.000000
0.964113 0.019270 -0.264793 0.000000 -0.150465 0.861385 -0.485157 15.319300 0.218739 0.507588 0.833371 0.000000 0.000000 0.000000 0.000000 1.000000
0.960695 0.048255 -0.273379 0.000000 -0.178908 0.860610 -0.476804 15.319300 0.212264 0.506973 0.835417 0.000000 0.000000 0.000000 0.000000 1.000000
0.958979 0.096379 -0.266590 -0.000000 -0.219466 0.847663 -0.483014 15.319300 0.179426 0.521708 0.834043 0.000000 0.000000 0.000000 0.000000 1.000000
0.955220 0.164048 -0.246259 -0.000000 -0.270698 0.820562 -0.503389 15.319300 0.119491 0.547509 0.828224 0.000000 0.000000 0.000000 0.000000 1.000000
0.945783 0.239691 -0.219185 0.000000 -0.321886 0.781863 -0.533929 15.319300 0.043395 0.575534 0.816626 0.000000 0.000000 0.000000 0.000000 1.000000
0.929840 0.313938 -0.191941 -0.000000 -0.366056 0.736134 -0.569306 15.319300 -0.037432 0.599625 0.799405 0.000000 0.000000 0.000000 0.000000 1.000000
0.907343 0.382907 -0.173526 0.000000 -0.405475 0.688137 -0.601712 15.319300 -0.110990 0.616319 0.779636 0.000000 0.000000 0.000000 0.000000 1.000000
0.876677 0.449454 -0.171546 0.000000 -0.449101 0.636767 -0.626767 15.319300 -0.172468 0.626514 0.760089 0.000000 0.000000 0.000000 0.000000 1.000000
0.834645 0.515956 -0.192759 0.000000 -0.506442 0.581332 -0.636844 15.319300 -0.216527 0.629160 0.746507 0.000000 0.000000 0.000000 0.000000 1.000000</float_array>
        <technique_common>
          <accessor source="#mixamorig_LeftArm-Matrix-animation-output-transform-array" count="26" stride="16">
            <param type="float4x4"/>
          </accessor>
        </technique_common>
      </source>
      <source id="mixamorig_LeftArm-Interpolations">
        <Name_array id="mixamorig_LeftArm-Interpolations-array" count="26">
 LINEAR LINEAR LINEAR LINEAR LINEAR LINEAR LINEAR LINEAR LINEAR LINEAR LINEAR
LINEAR LINEAR LINEAR LINEAR LINEAR LINEAR LINEAR LINEAR LINEAR LINEAR LINEAR LINEAR
LINEAR LINEAR LINEAR</Name_array>
        <technique_common>
          <accessor source="#mixamorig_LeftArm-Interpolations-array" count="26">
            <param type="name"/>
          </accessor>
        </technique_common>
      </source>
      <sampler id="mixamorig_LeftArm-Matrix-animation-transform">
        <input semantic="INPUT" source="#mixamorig_LeftArm-Matrix-animation-input"/>
        <input semantic="OUTPUT" source="#mixamorig_LeftArm-Matrix-animation-output-transform"/>
        <input semantic="INTERPOLATION" source="#mixamorig_LeftArm-Interpolations"/>
      </sampler>
      <channel source="#mixamorig_LeftArm-Matrix-animation-transform" target="mixamorig_LeftArm/matrix"/>
    </animation>
    <animation id="mixamorig_LeftForeArm-anim" name="mixamorig_LeftForeArm">
      <source id="mixamorig_LeftForeArm-Matrix-animation-input">
        <float_array id="mixamorig_LeftForeArm-Matrix-animation-input-array" count="26">

0.000000 0.033333 0.066667 0.100000 0.133333 0.166667 0.200000 0.233333 0.266667 0.300000 0.333333 0.366667 0.400000 0.433333 0.466667 0.500000
0.533333 0.566667 0.600000 0.633333 0.666667 0.700000 0.733333 0.766667 0.800000 0.833333</float_array>
        <technique_common>
          <accessor source="#mixamorig_LeftForeArm-Matrix-animation-input-array" count="26">
            <param name="TIME" type="float"/>
          </accessor>
        </technique_common>
      </source>
      <source id="mixamorig_LeftForeArm-Matrix-animation-output-transform">
        <float_array id="mixamorig_LeftForeArm-Matrix-animation-output-transform-array" count="416">

-0.240755 -0.951157 0.193228 -0.000000 0.970338 -0.240371 0.025788 34.109299 0.021918 0.193705 0.980815 0.000000 0.000000 0.000000 0.000000 1.000000
-0.147401 -0.964347 0.219790 0.000000 0.988809 -0.138509 0.055420 34.109299 -0.023001 0.225500 0.973972 0.000000 0.000000 0.000000 0.000000 1.000000
-0.049102 -0.968822 0.242844 0.000000 0.996104 -0.029667 0.083052 34.109299 -0.073258 0.245976 0.966504 -0.000000 0.000000 0.000000 0.000000 1.000000
0.041893 -0.963802 0.263306 -0.000000 0.991702 0.072170 0.106387 34.109299 -0.121539 0.256664 0.958828 0.000000 0.000000 0.000000 0.000000 1.000000
0.110607 -0.954155 0.278126 -0.000000 0.981204 0.149359 0.122191 34.109299 -0.158130 0.259383 0.952741 0.000000 0.000000 0.000000 0.000000 1.000000
0.152094 -0.945623 0.287515 0.000000 0.972227 0.195495 0.128670 34.109299 -0.177881 0.259960 0.949094 -0.000000 0.000000 0.000000 0.000000 1.000000
0.168438 -0.941006 0.293489 0.000000 0.969192 0.212387 0.124737 34.109299 -0.179712 0.263436 0.947790 -0.000000 0.000000 0.000000 0.000000 1.000000
0.165347 -0.939997 0.298440 -0.000000 0.972495 0.205736 0.109208 34.109299 -0.164055 0.272174 0.948160 0.000000 0.000000 0.000000 0.000000 1.000000
0.153710 -0.940886 0.301840 0.000000 0.978713 0.187011 0.084542 34.109299 -0.135992 0.282420 0.949603 0.000000 0.000000 0.000000 0.000000 1.000000
0.139617 -0.943700 0.299897 -0.000000 0.985110 0.163060 0.054492 34.109299 -0.100325 0.287823 0.952414 0.000000 0.000000 0.000000 0.000000 1.000000
0.123056 -0.950038 0.286853 0.000000 0.990482 0.135535 0.023979 34.109299 -0.061659 0.281172 0.957675 0.000000 0.000000 0.000000 0.000000 1.000000
0.097028 -0.960611 0.260409 0.000000 0.994983 0.100027 -0.001744 34.109299 -0.024373 0.259272 0.965497 0.000000 0.000000 0.000000 0.000000 1.000000
0.053153 -0.973435 0.222711 -0.000000 0.998546 0.049802 -0.020637 34.109299 0.008998 0.223484 0.974666 -0.000000 0.000000 0.000000 0.000000 1.000000
-0.016111 -0.984033 0.177256 0.000000 0.999201 -0.022329 -0.033141 34.109299 0.036570 0.176581 0.983607 0.000000 0.000000 0.000000 0.000000 1.000000
-0.109299 -0.985533 0.129534 0.000000 0.992351 -0.115709 -0.043017 34.109299 0.057383 0.123842 0.990641 -0.000000 0.000000 0.000000 0.000000 1.000000
-0.214919 -0.972933 0.084916 0.000000 0.974070 -0.219837 -0.053479 34.109299 0.070699 0.071220 0.994952 0.000000 0.000000 0.000000 0.000000 1.000000
-0.318322 -0.946718 0.048947 0.000000 0.944906 -0.321022 -0.064013 34.109299 0.076316 0.025873 0.996748 -0.000000 0.000000 0.000000 0.000000 1.000000
-0.404500 -0.914149 0.026682 0.000000 0.911355 -0.405353 -0.071560 34.109299 0.076232 -0.004629 0.997079 -0.000000 0.000000 0.000000 0.000000 1.000000
-0.467360 -0.883853 0.019469 0.000000 0.880874 -0.467429 -0.074645 34.109299 0.075076 -0.017737 0.997020 0.000000 0.000000 0.000000 0.000000 1.000000
-0.504068 -0.863200 0.028319 0.000000 0.860135 -0.504700 -0.073798 34.109299 0.077995 -0.012841 0.996871 0.000000 0.000000 0.000000 0.000000 1.000000
-0.511754 -0.857507 0.052817 -0.000000 0.854546 -0.514403 -0.071692 34.109299 0.088646 0.008445 0.996027 0.000000 0.000000 0.000000 0.000000 1.000000
-0.491389 -0.866518 0.087654 0.000000 0.864724 -0.497408 -0.069552 34.109299 0.103868 0.041620 0.993720 0.000000 0.000000 0.000000 0.000000 1.000000
-0.443697 -0.887224 0.126362 -0.000000 0.888737 -0.453748 -0.065258 34.109299 0.115235 0.083348 0.989835 0.000000 0.000000 0.000000 0.000000 1.000000
-0.375898 -0.912784 0.159769 -0.000000 0.920216 -0.387992 -0.051610 34.109299 0.109098 0.127622 0.985804 0.000000 0.000000 0.000000 0.000000 1.000000
-0.304010 -0.934866 0.183310 0.000000 0.949369 -0.313298 -0.023314 34.109299 0.079226 0.166942 0.982779 0.000000 0.000000 0.000000 0.000000 1.000000
-0.240755 -0.951157 0.193228 -0.000000 0.970338 -0.240371 0.025788 34.109299 0.021918 0.193705 0.980815 0.000000 0.000000 0.000000 0.000000 1.000000</float_array>
        <technique_common>
          <accessor source="#mixamorig_LeftForeArm-Matrix-animation-output-transform-array" count="26" stride="16">
            <param type="float4x4"/>
          </accessor>
        </technique_common>
      </source>
      <source id="mixamorig_LeftForeArm-Interpolations">
        <Name_array id="mixamorig_LeftForeArm-Interpolations-array" count="26">
 LINEAR LINEAR LINEAR LINEAR LINEAR LINEAR LINEAR LINEAR LINEAR LINEAR LINEAR
LINEAR LINEAR LINEAR LINEAR LINEAR LINEAR LINEAR LINEAR LINEAR LINEAR LINEAR LINEAR
LINEAR LINEAR LINEAR</Name_array>
        <technique_common>
          <accessor source="#mixamorig_LeftForeArm-Interpolations-array" count="26">
            <param type="name"/>
          </accessor>
        </technique_common>
      </source>
      <sampler id="mixamorig_LeftForeArm-Matrix-animation-transform">
        <input semantic="INPUT" source="#mixamorig_LeftForeArm-Matrix-animation-input"/>
        <input semantic="OUTPUT" source="#mixamorig_LeftForeArm-Matrix-animation-output-transform"/>
        <input semantic="INTERPOLATION" source="#mixamorig_LeftForeArm-Interpolations"/>
      </sampler>
      <channel source="#mixamorig_LeftForeArm-Matrix-animation-transform" target="mixamorig_LeftForeArm/matrix"/>
    </animation>
    <animation id="mixamorig_LeftHand-anim" name="mixamorig_LeftHand">
      <source id="mixamorig_LeftHand-Matrix-animation-input">
        <float_array id="mixamorig_LeftHand-Matrix-animation-input-array" count="26">

0.000000 0.033333 0.066667 0.100000 0.133333 0.166667 0.200000 0.233333 0.266667 0.300000 0.333333 0.366667 0.400000 0.433333 0.466667 0.500000
0.533333 0.566667 0.600000 0.633333 0.666667 0.700000 0.733333 0.766667 0.800000 0.833333</float_array>
        <technique_common>
          <accessor source="#mixamorig_LeftHand-Matrix-animation-input-array" count="26">
            <param name="TIME" type="float"/>
          </accessor>
        </technique_common>
      </source>
      <source id="mixamorig_LeftHand-Matrix-animation-output-transform">
        <float_array id="mixamorig_LeftHand-Matrix-animation-output-transform-array" count="416">

0.920839 -0.341787 0.187715 0.000000 0.338661 0.939605 0.049500 41.076000 -0.193297 0.017991 0.980975 -0.000000 0.000000 0.000000 0.000000 1.000000
0.913794 -0.340390 0.221620 0.000000 0.337531 0.939885 0.051864 41.076000 -0.225951 0.027411 0.973753 -0.000000 0.000000 0.000000 0.000000 1.000000
0.909360 -0.341498 0.237580 0.000000 0.338170 0.939421 0.055946 41.076000 -0.242293 0.029467 0.969755 0.000000 0.000000 0.000000 0.000000 1.000000
0.907510 -0.344245 0.240667 0.000000 0.340014 0.938488 0.060263 41.076000 -0.246608 0.027141 0.968735 0.000000 0.000000 0.000000 0.000000 1.000000
0.908151 -0.347477 0.233500 -0.000000 0.342503 0.937410 0.062887 41.076000 -0.240737 0.022864 0.970321 0.000000 0.000000 0.000000 0.000000 1.000000
0.910253 -0.350497 0.220434 -0.000000 0.345440 0.936364 0.062398 41.076000 -0.228277 0.019349 0.973404 0.000000 0.000000 0.000000 0.000000 1.000000
0.913151 -0.353736 0.202551 0.000000 0.349329 0.935182 0.058346 41.076000 -0.210061 0.017478 0.977532 -0.000000 0.000000 0.000000 0.000000 1.000000
0.916198 -0.358682 0.178686 0.000000 0.355346 0.933317 0.051467 41.076000 -0.185231 0.016341 0.982559 0.000000 0.000000 0.000000 0.000000 1.000000
0.918439 -0.366629 0.148503 0.000000 0.364040 0.930283 0.045255 41.076000 -0.154741 0.012497 0.987876 -0.000000 0.000000 0.000000 0.000000 1.000000
0.919021 -0.377480 0.113621 0.000000 0.374925 0.926015 0.043898 41.076000 -0.121785 0.002256 0.992554 0.000000 0.000000 0.000000 0.000000 1.000000
0.917523 -0.389894 0.078323 0.000000 0.386870 0.920707 0.051284 41.076000 -0.092108 -0.016753 0.995608 -0.000000 0.000000 0.000000 0.000000 1.000000
0.914460 -0.401710 0.048910 -0.000000 0.398331 0.914841 0.066315 41.076000 -0.071384 -0.041160 0.996599 -0.000000 0.000000 0.000000 0.000000 1.000000
0.910752 -0.411939 0.028944 0.000000 0.408428 0.908903 0.084161 41.076000 -0.060977 -0.064828 0.996032 0.000000 0.000000 0.000000 0.000000 1.000000
0.907163 -0.420321 0.019632 -0.000000 0.416594 0.903726 0.098632 41.076000 -0.059199 -0.081297 0.994930 -0.000000 0.000000 0.000000 0.000000 1.000000
0.904244 -0.426636 0.018008 0.000000 0.422691 0.900275 0.104104 41.076000 -0.060627 -0.086523 0.994403 0.000000 0.000000 0.000000 0.000000 1.000000
0.902335 -0.430574 0.019931 0.000000 0.426726 0.898882 0.099580 41.076000 -0.060792 -0.081350 0.994830 -0.000000 0.000000 0.000000 0.000000 1.000000
0.901700 -0.431746 0.023063 0.000000 0.428429 0.899404 0.086726 41.076000 -0.058187 -0.068320 0.995965 0.000000 0.000000 0.000000 0.000000 1.000000
0.902189 -0.430421 0.028137 0.000000 0.427766 0.901188 0.069824 41.076000 -0.055410 -0.050958 0.997162 0.000000 0.000000 0.000000 0.000000 1.000000
0.903249 -0.427441 0.037879 0.000000 0.425331 0.903485 0.052991 41.076000 -0.056873 -0.031753 0.997876 0.000000 0.000000 0.000000 0.000000 1.000000
0.905329 -0.421218 0.054366 -0.000000 0.419552 0.906865 0.039651 41.076000 -0.066004 -0.013088 0.997734 0.000000 0.000000 0.000000 0.000000 1.000000
0.907497 -0.413300 0.075050 0.000000 0.411860 0.910595 0.034475 41.076000 -0.082589 -0.000376 0.996584 0.000000 0.000000 0.000000 0.000000 1.000000
0.908491 -0.407324 0.093445 0.000000 0.405417 0.913281 0.039423 41.076000 -0.101400 0.002069 0.994844 0.000000 0.000000 0.000000 0.000000 1.000000
0.908674 -0.403824 0.106010 0.000000 0.400359 0.914818 0.053113 41.076000 -0.118428 -0.005820 0.992946 0.000000 0.000000 0.000000 0.000000 1.000000
0.909791 -0.398170 0.117222 0.000000 0.392766 0.917189 0.067073 41.076000 -0.134221 -0.014982 0.990838 0.000000 0.000000 0.000000 0.000000 1.000000
0.913049 -0.383212 0.139608 0.000000 0.377108 0.923604 0.068891 41.076000 -0.155342 -0.010253 0.987808 0.000000 0.000000 0.000000 0.000000 1.000000
0.920839 -0.341786 0.187716 0.000000 0.338661 0.939605 0.049499 41.076000 -0.193297 0.017991 0.980975 -0.000000 0.000000 0.000000 0.000000 1.000000</float_array>
        <technique_common>
          <accessor source="#mixamorig_LeftHand-Matrix-animation-output-transform-array" count="26" stride="16">
            <param type="float4x4"/>
          </accessor>
        </technique_common>
      </source>
      <source id="mixamorig_LeftHand-Interpolations">
        <Name_array id="mixamorig_LeftHand-Interpolations-array" count="26">
 LINEAR LINEAR LINEAR LINEAR LINEAR LINEAR LINEAR LINEAR LINEAR LINEAR LINEAR
LINEAR LINEAR LINEAR LINEAR LINEAR LINEAR LINEAR LINEAR LINEAR LINEAR LINEAR LINEAR
LINEAR LINEAR LINEAR</Name_array>
        <technique_common>
          <accessor source="#mixamorig_LeftHand-Interpolations-array" count="26">
            <param type="name"/>
          </accessor>
        </technique_common>
      </source>
      <sampler id="mixamorig_LeftHand-Matrix-animation-transform">
        <input semantic="INPUT" source="#mixamorig_LeftHand-Matrix-animation-input"/>
        <input semantic="OUTPUT" source="#mixamorig_LeftHand-Matrix-animation-output-transform"/>
        <input semantic="INTERPOLATION" source="#mixamorig_LeftHand-Interpolations"/>
      </sampler>
      <channel source="#mixamorig_LeftHand-Matrix-animation-transform" target="mixamorig_LeftHand/matrix"/>
    </animation>
    <animation id="mixamorig_LeftHandThumb1-anim" name="mixamorig_LeftHandThumb1">
      <source id="mixamorig_LeftHandThumb1-Matrix-animation-input">
        <float_array id="mixamorig_LeftHandThumb1-Matrix-animation-input-array" count="26">

0.000000 0.033333 0.066667 0.100000 0.133333 0.166667 0.200000 0.233333 0.266667 0.300000 0.333333 0.366667 0.400000 0.433333 0.466667 0.500000
0.533333 0.566667 0.600000 0.633333 0.666667 0.700000 0.733333 0.766667 0.800000 0.833333</float_array>
        <technique_common>
          <accessor source="#mixamorig_LeftHandThumb1-Matrix-animation-input-array" count="26">
            <param name="TIME" type="float"/>
          </accessor>
        </technique_common>
      </source>
      <source id="mixamorig_LeftHandThumb1-Matrix-animation-output-transform">
        <float_array id="mixamorig_LeftHandThumb1-Matrix-animation-output-transform-array" count="416">

0.782092 -0.571193 0.249142 -9.706200 0.616567 0.651262 -0.442383 9.904300 0.090429 0.499597 0.861525 7.213800 0.000000 0.000000 0.000000 1.000000
0.782092 -0.571193 0.249142 -9.706200 0.616567 0.651262 -0.442383 9.904300 0.090430 0.499597 0.861525 7.213800 0.000000 0.000000 0.000000 1.000000
0.782091 -0.571193 0.249142 -9.706200 0.616567 0.651262 -0.442383 9.904300 0.090430 0.499597 0.861525 7.213800 0.000000 0.000000 0.000000 1.000000
0.782092 -0.571193 0.249142 -9.706200 0.616567 0.651262 -0.442383 9.904300 0.090429 0.499597 0.861525 7.213800 0.000000 0.000000 0.000000 1.000000
0.782092 -0.571193 0.249142 -9.706200 0.616567 0.651262 -0.442383 9.904300 0.090429 0.499597 0.861525 7.213800 0.000000 0.000000 0.000000 1.000000
0.782092 -0.571193 0.249142 -9.706200 0.616567 0.651262 -0.442383 9.904300 0.090429 0.499597 0.861525 7.213800 0.000000 0.000000 0.000000 1.000000
0.782092 -0.571193 0.249142 -9.706200 0.616567 0.651262 -0.442383 9.904300 0.090430 0.499597 0.861525 7.213800 0.000000 0.000000 0.000000 1.000000
0.782092 -0.571193 0.249142 -9.706200 0.616567 0.651262 -0.442383 9.904300 0.090429 0.499597 0.861525 7.213800 0.000000 0.000000 0.000000 1.000000
0.782092 -0.571193 0.249142 -9.706200 0.616567 0.651262 -0.442383 9.904300 0.090430 0.499597 0.861525 7.213800 0.000000 0.000000 0.000000 1.000000
0.782092 -0.571193 0.249141 -9.706200 0.616567 0.651262 -0.442383 9.904300 0.090430 0.499597 0.861525 7.213800 0.000000 0.000000 0.000000 1.000000
0.782092 -0.571193 0.249142 -9.706200 0.616567 0.651262 -0.442383 9.904300 0.090429 0.499597 0.861525 7.213800 0.000000 0.000000 0.000000 1.000000
0.782092 -0.571193 0.249141 -9.706200 0.616567 0.651262 -0.442383 9.904300 0.090430 0.499596 0.861525 7.213800 0.000000 0.000000 0.000000 1.000000
0.782092 -0.571193 0.249142 -9.706200 0.616567 0.651262 -0.442383 9.904300 0.090429 0.499597 0.861525 7.213800 0.000000 0.000000 0.000000 1.000000
0.782092 -0.571193 0.249142 -9.706200 0.616567 0.651262 -0.442383 9.904300 0.090430 0.499597 0.861525 7.213800 0.000000 0.000000 0.000000 1.000000
0.782092 -0.571193 0.249142 -9.706200 0.616567 0.651262 -0.442383 9.904300 0.090429 0.499597 0.861525 7.213800 0.000000 0.000000 0.000000 1.000000
0.782092 -0.571193 0.249142 -9.706200 0.616567 0.651262 -0.442383 9.904300 0.090430 0.499597 0.861525 7.213800 0.000000 0.000000 0.000000 1.000000
0.782092 -0.571193 0.249142 -9.706200 0.616567 0.651262 -0.442383 9.904300 0.090430 0.499597 0.861525 7.213800 0.000000 0.000000 0.000000 1.000000
0.782092 -0.571193 0.249142 -9.706200 0.616567 0.651262 -0.442383 9.904300 0.090430 0.499597 0.861525 7.213800 0.000000 0.000000 0.000000 1.000000
0.782092 -0.571193 0.249141 -9.706200 0.616567 0.651262 -0.442383 9.904300 0.090430 0.499597 0.861525 7.213800 0.000000 0.000000 0.000000 1.000000
0.782091 -0.571193 0.249142 -9.706200 0.616567 0.651262 -0.442383 9.904300 0.090429 0.499597 0.861525 7.213800 0.000000 0.000000 0.000000 1.000000
0.782091 -0.571193 0.249142 -9.706200 0.616567 0.651262 -0.442383 9.904300 0.090430 0.499597 0.861525 7.213800 0.000000 0.000000 0.000000 1.000000
0.782092 -0.571193 0.249142 -9.706200 0.616567 0.651262 -0.442383 9.904300 0.090430 0.499597 0.861525 7.213800 0.000000 0.000000 0.000000 1.000000
0.782091 -0.571193 0.249142 -9.706200 0.616568 0.651262 -0.442383 9.904300 0.090429 0.499597 0.861525 7.213800 0.000000 0.000000 0.000000 1.000000
0.782092 -0.571193 0.249142 -9.706200 0.616567 0.651262 -0.442383 9.904300 0.090429 0.499597 0.861525 7.213800 0.000000 0.000000 0.000000 1.000000
0.782092 -0.571193 0.249142 -9.706200 0.616567 0.651262 -0.442383 9.904300 0.090429 0.499597 0.861525 7.213800 0.000000 0.000000 0.000000 1.000000
0.782092 -0.571193 0.249142 -9.706200 0.616567 0.651262 -0.442383 9.904300 0.090430 0.499597 0.861525 7.213800 0.000000 0.000000 0.000000 1.000000</float_array>
        <technique_common>
          <accessor source="#mixamorig_LeftHandThumb1-Matrix-animation-output-transform-array" count="26" stride="16">
            <param type="float4x4"/>
          </accessor>
        </technique_common>
      </source>
      <source id="mixamorig_LeftHandThumb1-Interpolations">
        <Name_array id="mixamorig_LeftHandThumb1-Interpolations-array" count="26">
 LINEAR LINEAR LINEAR LINEAR LINEAR LINEAR LINEAR LINEAR LINEAR LINEAR LINEAR
LINEAR LINEAR LINEAR LINEAR LINEAR LINEAR LINEAR LINEAR LINEAR LINEAR LINEAR LINEAR
LINEAR LINEAR LINEAR</Name_array>
        <technique_common>
          <accessor source="#mixamorig_LeftHandThumb1-Interpolations-array" count="26">
            <param type="name"/>
          </accessor>
        </technique_common>
      </source>
      <sampler id="mixamorig_LeftHandThumb1-Matrix-animation-transform">
        <input semantic="INPUT" source="#mixamorig_LeftHandThumb1-Matrix-animation-input"/>
        <input semantic="OUTPUT" source="#mixamorig_LeftHandThumb1-Matrix-animation-output-transform"/>
        <input semantic="INTERPOLATION" source="#mixamorig_LeftHandThumb1-Interpolations"/>
      </sampler>
      <channel source="#mixamorig_LeftHandThumb1-Matrix-animation-transform" target="mixamorig_LeftHandThumb1/matrix"/>
    </animation>
    <animation id="mixamorig_LeftHandThumb2-anim" name="mixamorig_LeftHandThumb2">
      <source id="mixamorig_LeftHandThumb2-Matrix-animation-input">
        <float_array id="mixamorig_LeftHandThumb2-Matrix-animation-input-array" count="26">

0.000000 0.033333 0.066667 0.100000 0.133333 0.166667 0.200000 0.233333 0.266667 0.300000 0.333333 0.366667 0.400000 0.433333 0.466667 0.500000
0.533333 0.566667 0.600000 0.633333 0.666667 0.700000 0.733333 0.766667 0.800000 0.833333</float_array>
        <technique_common>
          <accessor source="#mixamorig_LeftHandThumb2-Matrix-animation-input-array" count="26">
            <param name="TIME" type="float"/>
          </accessor>
        </technique_common>
      </source>
      <source id="mixamorig_LeftHandThumb2-Matrix-animation-output-transform">
        <float_array id="mixamorig_LeftHandThumb2-Matrix-animation-output-transform-array" count="416">

0.965719 0.259566 -0.003396 0.000000 -0.259580 0.965710 -0.004707 2.369000 0.002058 0.005427 0.999983 0.000000 0.000000 0.000000 0.000000 1.000000
0.965719 0.259566 -0.003396 -0.000000 -0.259580 0.965710 -0.004707 2.369000 0.002058 0.005427 0.999983 0.000000 0.000000 0.000000 0.000000 1.000000
0.965719 0.259566 -0.003396 -0.000000 -0.259580 0.965710 -0.004707 2.369000 0.002058 0.005427 0.999983 -0.000000 0.000000 0.000000 0.000000 1.000000
0.965719 0.259566 -0.003396 0.000000 -0.259580 0.965710 -0.004707 2.369000 0.002058 0.005427 0.999983 -0.000000 0.000000 0.000000 0.000000 1.000000
0.965719 0.259566 -0.003396 0.000000 -0.259580 0.965710 -0.004707 2.369000 0.002058 0.005427 0.999983 0.000000 0.000000 0.000000 0.000000 1.000000
0.965719 0.259566 -0.003396 0.000000 -0.259580 0.965710 -0.004707 2.369000 0.002058 0.005427 0.999983 -0.000000 0.000000 0.000000 0.000000 1.000000
0.965719 0.259566 -0.003396 -0.000000 -0.259580 0.965710 -0.004707 2.369000 0.002058 0.005427 0.999983 -0.000000 0.000000 0.000000 0.000000 1.000000
0.965719 0.259566 -0.003396 0.000000 -0.259580 0.965710 -0.004707 2.369000 0.002058 0.005427 0.999983 0.000000 0.000000 0.000000 0.000000 1.000000
0.965719 0.259566 -0.003396 0.000000 -0.259580 0.965710 -0.004707 2.369000 0.002058 0.005427 0.999983 -0.000000 0.000000 0.000000 0.000000 1.000000
0.965719 0.259566 -0.003396 0.000000 -0.259580 0.965710 -0.004707 2.369000 0.002058 0.005427 0.999983 -0.000000 0.000000 0.000000 0.000000 1.000000
0.965719 0.259566 -0.003396 -0.000000 -0.259580 0.965710 -0.004707 2.369000 0.002058 0.005427 0.999983 0.000000 0.000000 0.000000 0.000000 1.000000
0.965719 0.259566 -0.003396 -0.000000 -0.259580 0.965710 -0.004707 2.369000 0.002058 0.005428 0.999983 0.000000 0.000000 0.000000 0.000000 1.000000
0.965719 0.259566 -0.003397 0.000000 -0.259580 0.965710 -0.004707 2.369000 0.002059 0.005427 0.999983 0.000000 0.000000 0.000000 0.000000 1.000000
0.965719 0.259566 -0.003397 0.000000 -0.259580 0.965710 -0.004707 2.369000 0.002059 0.005427 0.999983 0.000000 0.000000 0.000000 0.000000 1.000000
0.965719 0.259566 -0.003396 -0.000000 -0.259580 0.965710 -0.004707 2.369000 0.002058 0.005427 0.999983 0.000000 0.000000 0.000000 0.000000 1.000000
0.965719 0.259566 -0.003396 0.000000 -0.259580 0.965710 -0.004707 2.369000 0.002058 0.005427 0.999983 0.000000 0.000000 0.000000 0.000000 1.000000
0.965719 0.259566 -0.003396 0.000000 -0.259580 0.965710 -0.004707 2.369000 0.002058 0.005427 0.999983 -0.000000 0.000000 0.000000 0.000000 1.000000
0.965719 0.259566 -0.003397 0.000000 -0.259580 0.965710 -0.004707 2.369000 0.002058 0.005427 0.999983 0.000000 0.000000 0.000000 0.000000 1.000000
0.965719 0.259566 -0.003396 0.000000 -0.259580 0.965710 -0.004707 2.369000 0.002058 0.005427 0.999983 0.000000 0.000000 0.000000 0.000000 1.000000
0.965719 0.259566 -0.003396 0.000000 -0.259580 0.965710 -0.004707 2.369000 0.002058 0.005427 0.999983 0.000000 0.000000 0.000000 0.000000 1.000000
0.965719 0.259567 -0.003396 -0.000000 -0.259581 0.965710 -0.004707 2.369000 0.002058 0.005427 0.999983 0.000000 0.000000 0.000000 0.000000 1.000000
0.965719 0.259566 -0.003397 -0.000000 -0.259580 0.965710 -0.004707 2.369000 0.002059 0.005427 0.999983 -0.000000 0.000000 0.000000 0.000000 1.000000
0.965719 0.259566 -0.003396 0.000000 -0.259580 0.965710 -0.004707 2.369000 0.002058 0.005427 0.999983 -0.000000 0.000000 0.000000 0.000000 1.000000
0.965719 0.259566 -0.003396 0.000000 -0.259580 0.965710 -0.004707 2.369000 0.002058 0.005427 0.999983 0.000000 0.000000 0.000000 0.000000 1.000000
0.965719 0.259566 -0.003397 -0.000000 -0.259580 0.965710 -0.004707 2.369000 0.002058 0.005427 0.999983 0.000000 0.000000 0.000000 0.000000 1.000000
0.965719 0.259566 -0.003396 0.000000 -0.259580 0.965710 -0.004707 2.369000 0.002058 0.005427 0.999983 0.000000 0.000000 0.000000 0.000000 1.000000</float_array>
        <technique_common>
          <accessor source="#mixamorig_LeftHandThumb2-Matrix-animation-output-transform-array" count="26" stride="16">
            <param type="float4x4"/>
          </accessor>
        </technique_common>
      </source>
      <source id="mixamorig_LeftHandThumb2-Interpolations">
        <Name_array id="mixamorig_LeftHandThumb2-Interpolations-array" count="26">
 LINEAR LINEAR LINEAR LINEAR LINEAR LINEAR LINEAR LINEAR LINEAR LINEAR LINEAR
LINEAR LINEAR LINEAR LINEAR LINEAR LINEAR LINEAR LINEAR LINEAR LINEAR LINEAR LINEAR
LINEAR LINEAR LINEAR</Name_array>
        <technique_common>
          <accessor source="#mixamorig_LeftHandThumb2-Interpolations-array" count="26">
            <param type="name"/>
          </accessor>
        </technique_common>
      </source>
      <sampler id="mixamorig_LeftHandThumb2-Matrix-animation-transform">
        <input semantic="INPUT" source="#mixamorig_LeftHandThumb2-Matrix-animation-input"/>
        <input semantic="OUTPUT" source="#mixamorig_LeftHandThumb2-Matrix-animation-output-transform"/>
        <input semantic="INTERPOLATION" source="#mixamorig_LeftHandThumb2-Interpolations"/>
      </sampler>
      <channel source="#mixamorig_LeftHandThumb2-Matrix-animation-transform" target="mixamorig_LeftHandThumb2/matrix"/>
    </animation>
    <animation id="mixamorig_LeftHandThumb3-anim" name="mixamorig_LeftHandThumb3">
      <source id="mixamorig_LeftHandThumb3-Matrix-animation-input">
        <float_array id="mixamorig_LeftHandThumb3-Matrix-animation-input-array" count="26">

0.000000 0.033333 0.066667 0.100000 0.133333 0.166667 0.200000 0.233333 0.266667 0.300000 0.333333 0.366667 0.400000 0.433333 0.466667 0.500000
0.533333 0.566667 0.600000 0.633333 0.666667 0.700000 0.733333 0.766667 0.800000 0.833333</float_array>
        <technique_common>
          <accessor source="#mixamorig_LeftHandThumb3-Matrix-animation-input-array" count="26">
            <param name="TIME" type="float"/>
          </accessor>
        </technique_common>
      </source>
      <source id="mixamorig_LeftHandThumb3-Matrix-animation-output-transform">
        <float_array id="mixamorig_LeftHandThumb3-Matrix-animation-output-transform-array" count="416">

1.000000 -0.000000 0.000067 0.000000 0.000000 1.000000 0.000000 2.785200 -0.000067 -0.000000 1.000000 0.000000 0.000000 0.000000 0.000000 1.000000
1.000000 0.000000 0.000067 0.000000 -0.000000 1.000000 0.000000 2.785200 -0.000067 -0.000000 1.000000 0.000000 0.000000 0.000000 0.000000 1.000000
1.000000 0.000000 0.000067 0.000000 -0.000000 1.000000 0.000000 2.785200 -0.000067 -0.000000 1.000000 0.000000 0.000000 0.000000 0.000000 1.000000
1.000000 0.000000 0.000067 0.000000 -0.000000 1.000000 0.000000 2.785200 -0.000067 -0.000000 1.000000 -0.000000 0.000000 0.000000 0.000000 1.000000
1.000000 -0.000000 0.000067 0.000000 0.000000 1.000000 -0.000000 2.785200 -0.000067 0.000000 1.000000 -0.000000 0.000000 0.000000 0.000000 1.000000
1.000000 -0.000000 0.000067 0.000000 0.000000 1.000000 -0.000000 2.785200 -0.000067 0.000000 1.000000 0.000000 0.000000 0.000000 0.000000 1.000000
1.000000 -0.000000 0.000067 0.000000 0.000000 1.000000 -0.000000 2.785200 -0.000067 0.000000 1.000000 -0.000000 0.000000 0.000000 0.000000 1.000000
1.000000 -0.000000 0.000067 0.000000 0.000000 1.000000 -0.000000 2.785200 -0.000067 0.000000 1.000000 -0.000000 0.000000 0.000000 0.000000 1.000000
1.000000 0.000000 0.000067 0.000000 -0.000000 1.000000 -0.000000 2.785200 -0.000067 0.000000 1.000000 -0.000000 0.000000 0.000000 0.000000 1.000000
1.000000 0.000000 0.000067 0.000000 -0.000000 1.000000 0.000000 2.785200 -0.000067 -0.000000 1.000000 0.000000 0.000000 0.000000 0.000000 1.000000
1.000000 0.000000 0.000067 0.000000 -0.000000 1.000000 0.000000 2.785200 -0.000067 -0.000000 1.000000 -0.000000 0.000000 0.000000 0.000000 1.000000
1.000000 0.000000 0.000067 0.000000 -0.000000 1.000000 0.000000 2.785200 -0.000067 -0.000000 1.000000 0.000000 0.000000 0.000000 0.000000 1.000000
1.000000 -0.000000 0.000067 0.000000 0.000000 1.000000 0.000000 2.785200 -0.000067 -0.000000 1.000000 0.000000 0.000000 0.000000 0.000000 1.000000
1.000000 0.000000 0.000067 0.000000 -0.000000 1.000000 -0.000000 2.785200 -0.000067 0.000000 1.000000 -0.000000 0.000000 0.000000 0.000000 1.000000
1.000000 -0.000000 0.000067 0.000000 0.000000 1.000000 -0.000000 2.785200 -0.000067 0.000000 1.000000 0.000000 0.000000 0.000000 0.000000 1.000000
1.000000 0.000000 0.000067 -0.000000 -0.000000 1.000000 0.000000 2.785200 -0.000067 -0.000000 1.000000 0.000000 0.000000 0.000000 0.000000 1.000000
1.000000 -0.000000 0.000067 0.000000 0.000000 1.000000 -0.000000 2.785200 -0.000067 0.000000 1.000000 0.000000 0.000000 0.000000 0.000000 1.000000
1.000000 -0.000000 0.000067 -0.000000 0.000000 1.000000 0.000000 2.785200 -0.000067 -0.000000 1.000000 0.000000 0.000000 0.000000 0.000000 1.000000
1.000000 -0.000000 0.000067 0.000000 0.000000 1.000000 0.000000 2.785200 -0.000067 -0.000000 1.000000 0.000000 0.000000 0.000000 0.000000 1.000000
1.000000 0.000000 0.000067 0.000000 -0.000000 1.000000 -0.000000 2.785200 -0.000067 0.000000 1.000000 0.000000 0.000000 0.000000 0.000000 1.000000
1.000000 0.000000 0.000067 0.000000 -0.000000 1.000000 -0.000000 2.785200 -0.000067 0.000000 1.000000 0.000000 0.000000 0.000000 0.000000 1.000000
1.000000 -0.000000 0.000067 0.000000 0.000000 1.000000 -0.000000 2.785200 -0.000067 0.000000 1.000000 0.000000 0.000000 0.000000 0.000000 1.000000
1.000000 0.000000 0.000067 0.000000 -0.000000 1.000000 0.000000 2.785200 -0.000067 -0.000000 1.000000 0.000000 0.000000 0.000000 0.000000 1.000000
1.000000 -0.000000 0.000067 0.000000 0.000000 1.000000 -0.000000 2.785200 -0.000067 0.000000 1.000000 0.000000 0.000000 0.000000 0.000000 1.000000
1.000000 0.000000 0.000067 0.000000 -0.000000 1.000000 0.000000 2.785200 -0.000067 -0.000000 1.000000 0.000000 0.000000 0.000000 0.000000 1.000000
1.000000 -0.000000 0.000067 0.000000 0.000000 1.000000 0.000000 2.785200 -0.000067 -0.000000 1.000000 0.000000 0.000000 0.000000 0.000000 1.000000</float_array>
        <technique_common>
          <accessor source="#mixamorig_LeftHandThumb3-Matrix-animation-output-transform-array" count="26" stride="16">
            <param type="float4x4"/>
          </accessor>
        </technique_common>
      </source>
      <source id="mixamorig_LeftHandThumb3-Interpolations">
        <Name_array id="mixamorig_LeftHandThumb3-Interpolations-array" count="26">
 LINEAR LINEAR LINEAR LINEAR LINEAR LINEAR LINEAR LINEAR LINEAR LINEAR LINEAR
LINEAR LINEAR LINEAR LINEAR LINEAR LINEAR LINEAR LINEAR LINEAR LINEAR LINEAR LINEAR
LINEAR LINEAR LINEAR</Name_array>
        <technique_common>
          <accessor source="#mixamorig_LeftHandThumb3-Interpolations-array" count="26">
            <param type="name"/>
          </accessor>
        </technique_common>
      </source>
      <sampler id="mixamorig_LeftHandThumb3-Matrix-animation-transform">
        <input semantic="INPUT" source="#mixamorig_LeftHandThumb3-Matrix-animation-input"/>
        <input semantic="OUTPUT" source="#mixamorig_LeftHandThumb3-Matrix-animation-output-transform"/>
        <input semantic="INTERPOLATION" source="#mixamorig_LeftHandThumb3-Interpolations"/>
      </sampler>
      <channel source="#mixamorig_LeftHandThumb3-Matrix-animation-transform" target="mixamorig_LeftHandThumb3/matrix"/>
    </animation>
    <animation id="mixamorig_LeftHandIndex1-anim" name="mixamorig_LeftHandIndex1">
      <source id="mixamorig_LeftHandIndex1-Matrix-animation-input">
        <float_array id="mixamorig_LeftHandIndex1-Matrix-animation-input-array" count="26">

0.000000 0.033333 0.066667 0.100000 0.133333 0.166667 0.200000 0.233333 0.266667 0.300000 0.333333 0.366667 0.400000 0.433333 0.466667 0.500000
0.533333 0.566667 0.600000 0.633333 0.666667 0.700000 0.733333 0.766667 0.800000 0.833333</float_array>
        <technique_common>
          <accessor source="#mixamorig_LeftHandIndex1-Matrix-animation-input-array" count="26">
            <param name="TIME" type="float"/>
          </accessor>
        </technique_common>
      </source>
      <source id="mixamorig_LeftHandIndex1-Matrix-animation-output-transform">
        <float_array id="mixamorig_LeftHandIndex1-Matrix-animation-output-transform-array" count="416">

0.991454 -0.098542 0.085495 -4.736600 0.104043 0.201874 -0.973870 18.296801 0.078708 0.974442 0.210401 0.973500 0.000000 0.000000 0.000000 1.000000
0.991651 -0.098238 0.083533 -4.736600 0.103618 0.221460 -0.969649 18.296801 0.076757 0.970209 0.229790 0.973500 0.000000 0.000000 0.000000 1.000000
0.992107 -0.097379 0.078997 -4.736600 0.102480 0.266646 -0.958331 18.296801 0.072258 0.958862 0.274521 0.973500 0.000000 0.000000 0.000000 1.000000
0.992694 -0.095947 0.073166 -4.736600 0.100686 0.324533 -0.940500 18.296801 0.066493 0.940996 0.331822 0.973500 0.000000 0.000000 0.000000 1.000000
0.993268 -0.094170 0.067454 -4.736600 0.098554 0.381003 -0.919306 18.296801 0.060871 0.919766 0.387719 0.973500 0.000000 0.000000 0.000000 1.000000
0.993693 -0.092607 0.063236 -4.736600 0.096728 0.422565 -0.901156 18.296801 0.056732 0.901589 0.428858 0.973500 0.000000 0.000000 0.000000 1.000000
0.993862 -0.091921 0.061550 -4.736600 0.095936 0.439145 -0.893279 18.296801 0.055082 0.893701 0.445268 0.973500 0.000000 0.000000 0.000000 1.000000
0.993813 -0.092124 0.062042 -4.736600 0.096171 0.434310 -0.895615 18.296801 0.055563 0.896040 0.440482 0.973500 0.000000 0.000000 0.000000 1.000000
0.993686 -0.092633 0.063302 -4.736600 0.096758 0.421920 -0.901455 18.296801 0.056797 0.901888 0.428219 0.973500 0.000000 0.000000 0.000000 1.000000
0.993496 -0.093359 0.065190 -4.736600 0.097601 0.403330 -0.909835 18.296801 0.058648 0.910280 0.409819 0.973500 0.000000 0.000000 0.000000 1.000000
0.993252 -0.094226 0.067618 -4.736600 0.098620 0.379389 -0.919966 18.296801 0.061031 0.920427 0.386121 0.973500 0.000000 0.000000 0.000000 1.000000
0.992969 -0.095143 0.070429 -4.736600 0.099712 0.351620 -0.930817 18.296801 0.063797 0.931295 0.358635 0.973500 0.000000 0.000000 0.000000 1.000000
0.992662 -0.096034 0.073479 -4.736600 0.100792 0.321425 -0.941556 18.296801 0.066803 0.942053 0.328746 0.973500 0.000000 0.000000 0.000000 1.000000
0.992345 -0.096845 0.076636 -4.736600 0.101799 0.290104 -0.951565 18.296801 0.069922 0.952082 0.297742 0.973500 0.000000 0.000000 0.000000 1.000000
0.992033 -0.097535 0.079737 -4.736600 0.102680 0.259271 -0.960331 18.296801 0.072992 0.960867 0.267221 0.973500 0.000000 0.000000 0.000000 1.000000
0.991741 -0.098086 0.082641 -4.736600 0.103411 0.230346 -0.967599 18.296801 0.075872 0.968153 0.238586 0.973500 0.000000 0.000000 0.000000 1.000000
0.991485 -0.098496 0.085185 -4.736600 0.103978 0.204952 -0.973233 18.296801 0.078401 0.973803 0.213449 0.973500 0.000000 0.000000 0.000000 1.000000
0.991283 -0.098771 0.087189 -4.736600 0.104376 0.184935 -0.977192 18.296801 0.080394 0.977775 0.193632 0.973500 0.000000 0.000000 0.000000 1.000000
0.991148 -0.098932 0.088537 -4.736600 0.104621 0.171444 -0.979623 18.296801 0.081737 0.980214 0.180277 0.973500 0.000000 0.000000 0.000000 1.000000
0.991094 -0.098991 0.089067 -4.736600 0.104712 0.166148 -0.980526 18.296801 0.082265 0.981120 0.175034 0.973500 0.000000 0.000000 0.000000 1.000000
0.991120 -0.098964 0.088815 -4.736600 0.104669 0.168659 -0.980101 18.296801 0.082016 0.980694 0.177520 0.973500 0.000000 0.000000 0.000000 1.000000
0.991185 -0.098891 0.088167 -4.736600 0.104556 0.175146 -0.978975 18.296801 0.081369 0.979563 0.183942 0.973500 0.000000 0.000000 0.000000 1.000000
0.991271 -0.098786 0.087307 -4.736600 0.104399 0.183761 -0.977411 18.296801 0.080511 0.977994 0.192470 0.973500 0.000000 0.000000 0.000000 1.000000
0.991358 -0.098674 0.086443 -4.736600 0.104234 0.192396 -0.975766 18.296801 0.079652 0.976344 0.201019 0.973500 0.000000 0.000000 0.000000 1.000000
0.991425 -0.098583 0.085780 -4.736600 0.104101 0.199026 -0.974449 18.296801 0.078991 0.975023 0.207582 0.973500 0.000000 0.000000 0.000000 1.000000
0.991449 -0.098557 0.085533 -4.736600 0.104084 0.201872 -0.973866 18.296801 0.078714 0.974440 0.210404 0.973500 0.000000 0.000000 0.000000 1.000000</float_array>
        <technique_common>
          <accessor source="#mixamorig_LeftHandIndex1-Matrix-animation-output-transform-array" count="26" stride="16">
            <param type="float4x4"/>
          </accessor>
        </technique_common>
      </source>
      <source id="mixamorig_LeftHandIndex1-Interpolations">
        <Name_array id="mixamorig_LeftHandIndex1-Interpolations-array" count="26">
 LINEAR LINEAR LINEAR LINEAR LINEAR LINEAR LINEAR LINEAR LINEAR LINEAR LINEAR
LINEAR LINEAR LINEAR LINEAR LINEAR LINEAR LINEAR LINEAR LINEAR LINEAR LINEAR LINEAR
LINEAR LINEAR LINEAR</Name_array>
        <technique_common>
          <accessor source="#mixamorig_LeftHandIndex1-Interpolations-array" count="26">
            <param type="name"/>
          </accessor>
        </technique_common>
      </source>
      <sampler id="mixamorig_LeftHandIndex1-Matrix-animation-transform">
        <input semantic="INPUT" source="#mixamorig_LeftHandIndex1-Matrix-animation-input"/>
        <input semantic="OUTPUT" source="#mixamorig_LeftHandIndex1-Matrix-animation-output-transform"/>
        <input semantic="INTERPOLATION" source="#mixamorig_LeftHandIndex1-Interpolations"/>
      </sampler>
      <channel source="#mixamorig_LeftHandIndex1-Matrix-animation-transform" target="mixamorig_LeftHandIndex1/matrix"/>
    </animation>
    <animation id="mixamorig_LeftHandIndex2-anim" name="mixamorig_LeftHandIndex2">
      <source id="mixamorig_LeftHandIndex2-Matrix-animation-input">
        <float_array id="mixamorig_LeftHandIndex2-Matrix-animation-input-array" count="26">

0.000000 0.033333 0.066667 0.100000 0.133333 0.166667 0.200000 0.233333 0.266667 0.300000 0.333333 0.366667 0.400000 0.433333 0.466667 0.500000
0.533333 0.566667 0.600000 0.633333 0.666667 0.700000 0.733333 0.766667 0.800000 0.833333</float_array>
        <technique_common>
          <accessor source="#mixamorig_LeftHandIndex2-Matrix-animation-input-array" count="26">
            <param name="TIME" type="float"/>
          </accessor>
        </technique_common>
      </source>
      <source id="mixamorig_LeftHandIndex2-Matrix-animation-output-transform">
        <float_array id="mixamorig_LeftHandIndex2-Matrix-animation-output-transform-array" count="416">

0.991498 -0.112265 0.065787 0.000000 0.073696 0.067821 -0.994972 4.697600 0.107239 0.991361 0.075518 0.000000 0.000000 0.000000 0.000000 1.000000
0.991771 -0.111128 0.063563 0.000000 0.073505 0.087778 -0.993424 4.697600 0.104817 0.989922 0.095225 0.000000 0.000000 0.000000 0.000000 1.000000
0.992395 -0.108308 0.058487 0.000000 0.072873 0.134035 -0.988294 4.697600 0.099201 0.985040 0.140908 -0.000000 0.000000 0.000000 0.000000 1.000000
0.993182 -0.104288 0.052091 0.000000 0.071661 0.193737 -0.978433 4.697600 0.091947 0.975495 0.199890 -0.000000 0.000000 0.000000 0.000000 1.000000
0.993934 -0.099905 0.045972 -0.000000 0.070016 0.252498 -0.965061 4.697600 0.084806 0.962426 0.257962 0.000000 0.000000 0.000000 0.000000 1.000000
0.994478 -0.096367 0.041550 -0.000000 0.068496 0.296092 -0.952700 4.697600 0.079506 0.950286 0.301057 0.000000 0.000000 0.000000 0.000000 1.000000
0.994693 -0.094879 0.039806 0.000000 0.067813 0.313568 -0.947141 4.697600 0.077382 0.944814 0.318337 -0.000000 0.000000 0.000000 0.000000 1.000000
0.994630 -0.095318 0.040313 0.000000 0.068016 0.308466 -0.948801 4.697600 0.078002 0.946448 0.313293 -0.000000 0.000000 0.000000 0.000000 1.000000
0.994470 -0.096424 0.041617 0.000000 0.068521 0.295412 -0.952910 4.697600 0.079590 0.950491 0.300386 0.000000 0.000000 0.000000 0.000000 1.000000
0.994228 -0.098038 0.043586 0.000000 0.069232 0.275878 -0.958696 4.697600 0.081964 0.956180 0.281073 -0.000000 0.000000 0.000000 0.000000 1.000000
0.993913 -0.100036 0.046143 -0.000000 0.070068 0.250811 -0.965497 4.697600 0.085011 0.962853 0.256294 0.000000 0.000000 0.000000 0.000000 1.000000
0.993545 -0.102243 0.049138 0.000000 0.070928 0.221857 -0.972496 4.697600 0.088529 0.969704 0.227677 0.000000 0.000000 0.000000 0.000000 1.000000
0.993140 -0.104515 0.052428 0.000000 0.071734 0.190517 -0.979059 4.697600 0.092338 0.976104 0.196708 0.000000 0.000000 0.000000 0.000000 1.000000
0.992716 -0.106733 0.055877 0.000000 0.072433 0.158162 -0.984753 4.697600 0.096268 0.981628 0.164741 -0.000000 0.000000 0.000000 0.000000 1.000000
0.992295 -0.108784 0.059306 -0.000000 0.072990 0.126459 -0.989283 4.697600 0.100119 0.985989 0.133425 0.000000 0.000000 0.000000 0.000000 1.000000
0.991895 -0.110592 0.062554 0.000000 0.073396 0.096846 -0.992590 4.697600 0.103714 0.989136 0.104178 0.000000 0.000000 0.000000 0.000000 1.000000
0.991542 -0.112089 0.065430 0.000000 0.073662 0.070950 -0.994756 4.697600 0.106859 0.991162 0.078607 0.000000 0.000000 0.000000 0.000000 1.000000
0.991261 -0.113210 0.067711 0.000000 0.073813 0.050602 -0.995987 4.697600 0.109329 0.992282 0.058516 0.000000 0.000000 0.000000 0.000000 1.000000
0.991071 -0.113936 0.069257 0.000000 0.073887 0.036921 -0.996583 4.697600 0.110990 0.992802 0.045010 0.000000 0.000000 0.000000 0.000000 1.000000
0.990996 -0.114215 0.069866 0.000000 0.073910 0.031556 -0.996766 4.697600 0.111641 0.992955 0.039713 -0.000000 0.000000 0.000000 0.000000 1.000000
0.991032 -0.114083 0.069578 0.000000 0.073900 0.034099 -0.996683 4.697600 0.111332 0.992886 0.042224 -0.000000 0.000000 0.000000 0.000000 1.000000
0.991123 -0.113739 0.068835 0.000000 0.073871 0.040673 -0.996438 4.697600 0.110535 0.992678 0.048714 0.000000 0.000000 0.000000 0.000000 1.000000
0.991244 -0.113274 0.067850 0.000000 0.073825 0.049412 -0.996046 4.697600 0.109474 0.992334 0.057342 -0.000000 0.000000 0.000000 0.000000 1.000000
0.991366 -0.112799 0.066865 -0.000000 0.073769 0.058182 -0.995577 4.697600 0.108409 0.991913 0.066001 0.000000 0.000000 0.000000 0.000000 1.000000
0.991458 -0.112426 0.066111 0.000000 0.073720 0.064923 -0.995164 4.697600 0.107591 0.991537 0.072656 0.000000 0.000000 0.000000 0.000000 1.000000
0.991498 -0.112265 0.065787 0.000000 0.073696 0.067821 -0.994972 4.697600 0.107239 0.991361 0.075518 0.000000 0.000000 0.000000 0.000000 1.000000</float_array>
        <technique_common>
          <accessor source="#mixamorig_LeftHandIndex2-Matrix-animation-output-transform-array" count="26" stride="16">
            <param type="float4x4"/>
          </accessor>
        </technique_common>
      </source>
      <source id="mixamorig_LeftHandIndex2-Interpolations">
        <Name_array id="mixamorig_LeftHandIndex2-Interpolations-array" count="26">
 LINEAR LINEAR LINEAR LINEAR LINEAR LINEAR LINEAR LINEAR LINEAR LINEAR LINEAR
LINEAR LINEAR LINEAR LINEAR LINEAR LINEAR LINEAR LINEAR LINEAR LINEAR LINEAR LINEAR
LINEAR LINEAR LINEAR</Name_array>
        <technique_common>
          <accessor source="#mixamorig_LeftHandIndex2-Interpolations-array" count="26">
            <param type="name"/>
          </accessor>
        </technique_common>
      </source>
      <sampler id="mixamorig_LeftHandIndex2-Matrix-animation-transform">
        <input semantic="INPUT" source="#mixamorig_LeftHandIndex2-Matrix-animation-input"/>
        <input semantic="OUTPUT" source="#mixamorig_LeftHandIndex2-Matrix-animation-output-transform"/>
        <input semantic="INTERPOLATION" source="#mixamorig_LeftHandIndex2-Interpolations"/>
      </sampler>
      <channel source="#mixamorig_LeftHandIndex2-Matrix-animation-transform" target="mixamorig_LeftHandIndex2/matrix"/>
    </animation>
    <animation id="mixamorig_LeftHandIndex3-anim" name="mixamorig_LeftHandIndex3">
      <source id="mixamorig_LeftHandIndex3-Matrix-animation-input">
        <float_array id="mixamorig_LeftHandIndex3-Matrix-animation-input-array" count="26">

0.000000 0.033333 0.066667 0.100000 0.133333 0.166667 0.200000 0.233333 0.266667 0.300000 0.333333 0.366667 0.400000 0.433333 0.466667 0.500000
0.533333 0.566667 0.600000 0.633333 0.666667 0.700000 0.733333 0.766667 0.800000 0.833333</float_array>
        <technique_common>
          <accessor source="#mixamorig_LeftHandIndex3-Matrix-animation-input-array" count="26">
            <param name="TIME" type="float"/>
          </accessor>
        </technique_common>
      </source>
      <source id="mixamorig_LeftHandIndex3-Matrix-animation-output-transform">
        <float_array id="mixamorig_LeftHandIndex3-Matrix-animation-output-transform-array" count="416">

1.000000 0.000000 -0.000000 0.000000 -0.000000 1.000000 0.000000 2.893900 0.000000 -0.000000 1.000000 0.000000 0.000000 0.000000 0.000000 1.000000
1.000000 -0.000000 -0.000000 0.000000 0.000000 1.000000 -0.000000 2.893900 0.000000 0.000000 1.000000 0.000000 0.000000 0.000000 0.000000 1.000000
1.000000 -0.000000 0.000000 0.000000 0.000000 1.000000 0.000000 2.893900 -0.000000 -0.000000 1.000000 0.000000 0.000000 0.000000 0.000000 1.000000
1.000000 -0.000000 0.000000 0.000000 0.000000 1.000000 0.000000 2.893900 -0.000000 -0.000000 1.000000 0.000000 0.000000 0.000000 0.000000 1.000000
1.000000 0.000000 -0.000000 -0.000000 -0.000000 1.000000 0.000000 2.893900 0.000000 -0.000000 1.000000 0.000000 0.000000 0.000000 0.000000 1.000000
1.000000 0.000000 0.000000 -0.000000 -0.000000 1.000000 -0.000000 2.893900 -0.000000 0.000000 1.000000 -0.000000 0.000000 0.000000 0.000000 1.000000
1.000000 0.000000 0.000000 -0.000000 -0.000000 1.000000 -0.000000 2.893900 0.000000 0.000000 1.000000 0.000000 0.000000 0.000000 0.000000 1.000000
1.000000 0.000000 0.000000 0.000000 -0.000000 1.000000 -0.000000 2.893900 -0.000000 0.000000 1.000000 0.000000 0.000000 0.000000 0.000000 1.000000
1.000000 0.000000 0.000000 -0.000000 -0.000000 1.000000 -0.000000 2.893900 -0.000000 0.000000 1.000000 0.000000 0.000000 0.000000 0.000000 1.000000
1.000000 0.000000 -0.000000 0.000000 -0.000000 1.000000 -0.000000 2.893900 0.000000 0.000000 1.000000 0.000000 0.000000 0.000000 0.000000 1.000000
1.000000 0.000000 0.000000 0.000000 -0.000000 1.000000 -0.000000 2.893900 -0.000000 0.000000 1.000000 -0.000000 0.000000 0.000000 0.000000 1.000000
1.000000 -0.000000 0.000000 -0.000000 0.000000 1.000000 0.000000 2.893900 -0.000000 -0.000000 1.000000 0.000000 0.000000 0.000000 0.000000 1.000000
1.000000 0.000000 -0.000000 -0.000000 -0.000000 1.000000 -0.000000 2.893900 -0.000000 0.000000 1.000000 0.000000 0.000000 0.000000 0.000000 1.000000
1.000000 -0.000000 0.000000 0.000000 0.000000 1.000000 0.000000 2.893900 -0.000000 -0.000000 1.000000 0.000000 0.000000 0.000000 0.000000 1.000000
1.000000 0.000000 0.000000 0.000000 -0.000000 1.000000 -0.000000 2.893900 0.000000 0.000000 1.000000 -0.000000 0.000000 0.000000 0.000000 1.000000
1.000000 -0.000000 0.000000 0.000000 0.000000 1.000000 -0.000000 2.893900 -0.000000 0.000000 1.000000 -0.000000 0.000000 0.000000 0.000000 1.000000
1.000000 -0.000000 0.000000 -0.000000 0.000000 1.000000 0.000000 2.893900 -0.000000 -0.000000 1.000000 0.000000 0.000000 0.000000 0.000000 1.000000
1.000000 0.000000 0.000000 -0.000000 -0.000000 1.000000 -0.000000 2.893900 -0.000000 0.000000 1.000000 0.000000 0.000000 0.000000 0.000000 1.000000
1.000000 0.000000 0.000000 0.000000 -0.000000 1.000000 0.000000 2.893900 -0.000000 -0.000000 1.000000 0.000000 0.000000 0.000000 0.000000 1.000000
1.000000 0.000000 -0.000000 -0.000000 -0.000000 1.000000 -0.000000 2.893900 0.000000 0.000000 1.000000 0.000000 0.000000 0.000000 0.000000 1.000000
1.000000 0.000000 0.000000 -0.000000 -0.000000 1.000000 -0.000000 2.893900 -0.000000 0.000000 1.000000 0.000000 0.000000 0.000000 0.000000 1.000000
1.000000 0.000000 0.000000 -0.000000 -0.000000 1.000000 -0.000000 2.893900 -0.000000 0.000000 1.000000 0.000000 0.000000 0.000000 0.000000 1.000000
1.000000 0.000000 -0.000000 0.000000 -0.000000 1.000000 -0.000000 2.893900 0.000000 0.000000 1.000000 0.000000 0.000000 0.000000 0.000000 1.000000
1.000000 0.000000 -0.000000 0.000000 -0.000000 1.000000 -0.000000 2.893900 0.000000 0.000000 1.000000 0.000000 0.000000 0.000000 0.000000 1.000000
1.000000 0.000000 0.000000 0.000000 -0.000000 1.000000 -0.000000 2.893900 -0.000000 0.000000 1.000000 0.000000 0.000000 0.000000 0.000000 1.000000
1.000000 0.000000 -0.000000 0.000000 -0.000000 1.000000 -0.000000 2.893900 -0.000000 0.000000 1.000000 0.000000 0.000000 0.000000 0.000000 1.000000</float_array>
        <technique_common>
          <accessor source="#mixamorig_LeftHandIndex3-Matrix-animation-output-transform-array" count="26" stride="16">
            <param type="float4x4"/>
          </accessor>
        </technique_common>
      </source>
      <source id="mixamorig_LeftHandIndex3-Interpolations">
        <Name_array id="mixamorig_LeftHandIndex3-Interpolations-array" count="26">
 LINEAR LINEAR LINEAR LINEAR LINEAR LINEAR LINEAR LINEAR LINEAR LINEAR LINEAR
LINEAR LINEAR LINEAR LINEAR LINEAR LINEAR LINEAR LINEAR LINEAR LINEAR LINEAR LINEAR
LINEAR LINEAR LINEAR</Name_array>
        <technique_common>
          <accessor source="#mixamorig_LeftHandIndex3-Interpolations-array" count="26">
            <param type="name"/>
          </accessor>
        </technique_common>
      </source>
      <sampler id="mixamorig_LeftHandIndex3-Matrix-animation-transform">
        <input semantic="INPUT" source="#mixamorig_LeftHandIndex3-Matrix-animation-input"/>
        <input semantic="OUTPUT" source="#mixamorig_LeftHandIndex3-Matrix-animation-output-transform"/>
        <input semantic="INTERPOLATION" source="#mixamorig_LeftHandIndex3-Interpolations"/>
      </sampler>
      <channel source="#mixamorig_LeftHandIndex3-Matrix-animation-transform" target="mixamorig_LeftHandIndex3/matrix"/>
    </animation>
    <animation id="mixamorig_LeftHandMiddle1-anim" name="mixamorig_LeftHandMiddle1">
      <source id="mixamorig_LeftHandMiddle1-Matrix-animation-input">
        <float_array id="mixamorig_LeftHandMiddle1-Matrix-animation-input-array" count="26">

0.000000 0.033333 0.066667 0.100000 0.133333 0.166667 0.200000 0.233333 0.266667 0.300000 0.333333 0.366667 0.400000 0.433333 0.466667 0.500000
0.533333 0.566667 0.600000 0.633333 0.666667 0.700000 0.733333 0.766667 0.800000 0.833333</float_array>
        <technique_common>
          <accessor source="#mixamorig_LeftHandMiddle1-Matrix-animation-input-array" count="26">
            <param name="TIME" type="float"/>
          </accessor>
        </technique_common>
      </source>
      <source id="mixamorig_LeftHandMiddle1-Matrix-animation-output-transform">
        <float_array id="mixamorig_LeftHandMiddle1-Matrix-animation-output-transform-array" count="416">

0.993673 -0.094527 0.060651 -0.139500 0.073814 0.142649 -0.987017 17.924500 0.084648 0.985249 0.148724 0.050800 0.000000 0.000000 0.000000 1.000000
0.993856 -0.093764 0.058811 -0.139500 0.073553 0.162449 -0.983972 17.924500 0.082707 0.982252 0.168347 0.050800 0.000000 0.000000 0.000000 1.000000
0.994284 -0.091810 0.054508 -0.139500 0.072698 0.208224 -0.975376 17.924500 0.078200 0.973763 0.213708 0.050800 0.000000 0.000000 0.000000 1.000000
0.994825 -0.088971 0.049054 -0.139500 0.071273 0.267067 -0.961039 17.924500 0.072404 0.959562 0.272026 0.050800 0.000000 0.000000 0.000000 1.000000
0.995347 -0.085819 0.043803 -0.139500 0.069506 0.324699 -0.943260 17.924500 0.066727 0.941916 0.329153 0.050800 0.000000 0.000000 0.000000 1.000000
0.995727 -0.083243 0.039984 -0.139500 0.067953 0.367270 -0.927629 17.924500 0.062533 0.926382 0.371357 0.050800 0.000000 0.000000 0.000000 1.000000
0.995877 -0.082151 0.038472 -0.139500 0.067270 0.384290 -0.920758 17.924500 0.060857 0.919550 0.388232 0.050800 0.000000 0.000000 0.000000 1.000000
0.995833 -0.082473 0.038912 -0.139500 0.067473 0.379325 -0.922800 17.924500 0.061346 0.921581 0.383309 0.050800 0.000000 0.000000 0.000000 1.000000
0.995721 -0.083285 0.040042 -0.139500 0.067979 0.366608 -0.927889 17.924500 0.062599 0.926640 0.370701 0.050800 0.000000 0.000000 0.000000 1.000000
0.995552 -0.084463 0.041746 -0.139500 0.068699 0.347551 -0.935141 17.924500 0.064476 0.933849 0.351808 0.050800 0.000000 0.000000 0.000000 1.000000
0.995333 -0.085915 0.043952 -0.139500 0.069562 0.323048 -0.943823 17.924500 0.066890 0.942475 0.327517 0.050800 0.000000 0.000000 0.000000 1.000000
0.995077 -0.087509 0.046526 -0.139500 0.070474 0.294682 -0.952993 17.924500 0.069685 0.951580 0.299398 0.050800 0.000000 0.000000 0.000000 1.000000
0.994797 -0.089134 0.049345 -0.139500 0.071359 0.263902 -0.961906 17.924500 0.072717 0.960422 0.268889 0.050800 0.000000 0.000000 0.000000 1.000000
0.994504 -0.090706 0.052289 -0.139500 0.072166 0.232041 -0.970025 17.924500 0.075854 0.968467 0.237312 0.050800 0.000000 0.000000 0.000000 1.000000
0.994214 -0.092144 0.055207 -0.139500 0.072852 0.200744 -0.976931 17.924500 0.078936 0.975301 0.206296 0.050800 0.000000 0.000000 0.000000 1.000000
0.993940 -0.093397 0.057961 -0.139500 0.073401 0.171440 -0.982456 17.924500 0.081822 0.980758 0.177256 0.050800 0.000000 0.000000 0.000000 1.000000
0.993699 -0.094422 0.060393 -0.139500 0.073809 0.145759 -0.986563 17.924500 0.084350 0.984804 0.151810 0.050800 0.000000 0.000000 0.000000 1.000000
0.993509 -0.095177 0.062305 -0.139500 0.074069 0.125545 -0.989319 17.924500 0.086338 0.987512 0.131780 0.050800 0.000000 0.000000 0.000000 1.000000
0.993383 -0.095651 0.063570 -0.139500 0.074192 0.111936 -0.990942 17.924500 0.087669 0.989101 0.118291 0.050800 0.000000 0.000000 0.000000 1.000000
0.993335 -0.095817 0.064068 -0.139500 0.074234 0.106595 -0.991528 17.924500 0.088176 0.989675 0.112997 0.050800 0.000000 0.000000 0.000000 1.000000
0.993359 -0.095730 0.063831 -0.139500 0.074213 0.109126 -0.991254 17.924500 0.087927 0.989407 0.115506 0.050800 0.000000 0.000000 0.000000 1.000000
0.993418 -0.095523 0.063222 -0.139500 0.074159 0.115668 -0.990516 17.924500 0.087304 0.988684 0.121991 0.050800 0.000000 0.000000 0.000000 1.000000
0.993496 -0.095225 0.062431 -0.139500 0.074097 0.124360 -0.989467 17.924500 0.086458 0.987657 0.130607 0.050800 0.000000 0.000000 0.000000 1.000000
0.993574 -0.094920 0.061645 -0.139500 0.074033 0.133076 -0.988337 17.924500 0.085610 0.986550 0.139248 0.050800 0.000000 0.000000 0.000000 1.000000
0.993633 -0.094695 0.061038 -0.139500 0.073977 0.139772 -0.987416 17.924500 0.084972 0.985645 0.145887 0.050800 0.000000 0.000000 0.000000 1.000000
0.993656 -0.094632 0.060763 -0.139500 0.073942 0.142650 -0.987007 17.924500 0.084735 0.985239 0.148743 0.050800 0.000000 0.000000 0.000000 1.000000</float_array>
        <technique_common>
          <accessor source="#mixamorig_LeftHandMiddle1-Matrix-animation-output-transform-array" count="26" stride="16">
            <param type="float4x4"/>
          </accessor>
        </technique_common>
      </source>
      <source id="mixamorig_LeftHandMiddle1-Interpolations">
        <Name_array id="mixamorig_LeftHandMiddle1-Interpolations-array" count="26">
 LINEAR LINEAR LINEAR LINEAR LINEAR LINEAR LINEAR LINEAR LINEAR LINEAR LINEAR
LINEAR LINEAR LINEAR LINEAR LINEAR LINEAR LINEAR LINEAR LINEAR LINEAR LINEAR LINEAR
LINEAR LINEAR LINEAR</Name_array>
        <technique_common>
          <accessor source="#mixamorig_LeftHandMiddle1-Interpolations-array" count="26">
            <param type="name"/>
          </accessor>
        </technique_common>
      </source>
      <sampler id="mixamorig_LeftHandMiddle1-Matrix-animation-transform">
        <input semantic="INPUT" source="#mixamorig_LeftHandMiddle1-Matrix-animation-input"/>
        <input semantic="OUTPUT" source="#mixamorig_LeftHandMiddle1-Matrix-animation-output-transform"/>
        <input semantic="INTERPOLATION" source="#mixamorig_LeftHandMiddle1-Interpolations"/>
      </sampler>
      <channel source="#mixamorig_LeftHandMiddle1-Matrix-animation-transform" target="mixamorig_LeftHandMiddle1/matrix"/>
    </animation>
    <animation id="mixamorig_LeftHandMiddle2-anim" name="mixamorig_LeftHandMiddle2">
      <source id="mixamorig_LeftHandMiddle2-Matrix-animation-input">
        <float_array id="mixamorig_LeftHandMiddle2-Matrix-animation-input-array" count="26">

0.000000 0.033333 0.066667 0.100000 0.133333 0.166667 0.200000 0.233333 0.266667 0.300000 0.333333 0.366667 0.400000 0.433333 0.466667 0.500000
0.533333 0.566667 0.600000 0.633333 0.666667 0.700000 0.733333 0.766667 0.800000 0.833333</float_array>
        <technique_common>
          <accessor source="#mixamorig_LeftHandMiddle2-Matrix-animation-input-array" count="26">
            <param name="TIME" type="float"/>
          </accessor>
        </technique_common>
      </source>
      <source id="mixamorig_LeftHandMiddle2-Matrix-animation-output-transform">
        <float_array id="mixamorig_LeftHandMiddle2-Matrix-animation-output-transform-array" count="416">

0.991451 -0.105427 0.076871 0.000000 0.094591 0.174978 -0.980018 5.001900 0.089870 0.978912 0.183454 0.000000 0.000000 0.000000 0.000000 1.000000
0.991683 -0.104756 0.074777 0.000000 0.094184 0.194672 -0.976336 5.001900 0.087720 0.975258 0.202919 0.000000 0.000000 0.000000 0.000000 1.000000
0.992214 -0.103033 0.069963 0.000000 0.093071 0.240150 -0.966264 5.001900 0.082755 0.965252 0.247869 -0.000000 0.000000 0.000000 0.000000 1.000000
0.992892 -0.100455 0.063833 0.000000 0.091278 0.298498 -0.950035 5.001900 0.076382 0.949109 0.305546 -0.000000 0.000000 0.000000 0.000000 1.000000
0.993548 -0.097522 0.057892 0.000000 0.089110 0.355527 -0.930409 5.001900 0.070154 0.929565 0.361923 0.000000 0.000000 0.000000 0.000000 1.000000
0.994028 -0.095082 0.053546 0.000000 0.087233 0.397569 -0.913416 5.001900 0.065561 0.912632 0.403490 0.000000 0.000000 0.000000 0.000000 1.000000
0.994219 -0.094038 0.051820 0.000000 0.086414 0.414358 -0.906002 5.001900 0.063727 0.905242 0.420089 -0.000000 0.000000 0.000000 0.000000 1.000000
0.994163 -0.094347 0.052322 -0.000000 0.086656 0.409461 -0.908203 5.001900 0.064262 0.907436 0.415247 0.000000 0.000000 0.000000 0.000000 1.000000
0.994021 -0.095122 0.053613 -0.000000 0.087263 0.396916 -0.913697 5.001900 0.065633 0.912913 0.402844 0.000000 0.000000 0.000000 0.000000 1.000000
0.993806 -0.096242 0.055553 0.000000 0.088131 0.378104 -0.921559 5.001900 0.067688 0.920747 0.384244 -0.000000 0.000000 0.000000 0.000000 1.000000
0.993530 -0.097611 0.058059 -0.000000 0.089176 0.353894 -0.931025 5.001900 0.070331 0.930178 0.360309 0.000000 0.000000 0.000000 0.000000 1.000000
0.993208 -0.099100 0.060975 0.000000 0.090288 0.325839 -0.941104 5.001900 0.073396 0.940217 0.332573 0.000000 0.000000 0.000000 0.000000 1.000000
0.992856 -0.100603 0.064158 -0.000000 0.091381 0.295361 -0.951005 5.001900 0.076724 0.950074 0.302444 0.000000 0.000000 0.000000 0.000000 1.000000
0.992490 -0.102037 0.067471 0.000000 0.092391 0.263778 -0.960148 5.001900 0.080173 0.959171 0.271225 0.000000 0.000000 0.000000 0.000000 1.000000
0.992128 -0.103328 0.070743 -0.000000 0.093264 0.232718 -0.968062 5.001900 0.083565 0.967040 0.240523 0.000000 0.000000 0.000000 0.000000 1.000000
0.991788 -0.104434 0.073823 0.000000 0.093978 0.203605 -0.974532 5.001900 0.086744 0.973467 0.211747 0.000000 0.000000 0.000000 0.000000 1.000000
0.991488 -0.105323 0.076535 -0.000000 0.094523 0.178067 -0.979468 5.001900 0.089532 0.978366 0.186507 0.000000 0.000000 0.000000 0.000000 1.000000
0.991252 -0.105970 0.078678 0.000000 0.094899 0.157950 -0.982876 5.001900 0.091729 0.981744 0.166625 0.000000 0.000000 0.000000 0.000000 1.000000
0.991092 -0.106379 0.080120 0.000000 0.095122 0.144398 -0.984937 5.001900 0.093207 0.983785 0.153231 -0.000000 0.000000 0.000000 0.000000 1.000000
0.991032 -0.106527 0.080669 0.000000 0.095184 0.139079 -0.985696 5.001900 0.093784 0.984535 0.147971 -0.000000 0.000000 0.000000 0.000000 1.000000
0.991061 -0.106457 0.080408 -0.000000 0.095154 0.141601 -0.985340 5.001900 0.093510 0.984183 0.150465 0.000000 0.000000 0.000000 0.000000 1.000000
0.991136 -0.106271 0.079730 0.000000 0.095069 0.148117 -0.984390 5.001900 0.092802 0.983244 0.156907 -0.000000 0.000000 0.000000 0.000000 1.000000
0.991237 -0.106008 0.078809 0.000000 0.094925 0.156772 -0.983062 5.001900 0.091857 0.981929 0.165461 0.000000 0.000000 0.000000 0.000000 1.000000
0.991339 -0.105736 0.077886 0.000000 0.094771 0.165450 -0.981654 5.001900 0.090910 0.980534 0.174038 0.000000 0.000000 0.000000 0.000000 1.000000
0.991413 -0.105538 0.077220 0.000000 0.094693 0.172114 -0.980515 5.001900 0.090191 0.979407 0.180629 -0.000000 0.000000 0.000000 0.000000 1.000000
0.991441 -0.105478 0.076932 0.000000 0.094660 0.174978 -0.980011 5.001900 0.089909 0.978906 0.183465 -0.000000 0.000000 0.000000 0.000000 1.000000</float_array>
        <technique_common>
          <accessor source="#mixamorig_LeftHandMiddle2-Matrix-animation-output-transform-array" count="26" stride="16">
            <param type="float4x4"/>
          </accessor>
        </technique_common>
      </source>
      <source id="mixamorig_LeftHandMiddle2-Interpolations">
        <Name_array id="mixamorig_LeftHandMiddle2-Interpolations-array" count="26">
 LINEAR LINEAR LINEAR LINEAR LINEAR LINEAR LINEAR LINEAR LINEAR LINEAR LINEAR
LINEAR LINEAR LINEAR LINEAR LINEAR LINEAR LINEAR LINEAR LINEAR LINEAR LINEAR LINEAR
LINEAR LINEAR LINEAR</Name_array>
        <technique_common>
          <accessor source="#mixamorig_LeftHandMiddle2-Interpolations-array" count="26">
            <param type="name"/>
          </accessor>
        </technique_common>
      </source>
      <sampler id="mixamorig_LeftHandMiddle2-Matrix-animation-transform">
        <input semantic="INPUT" source="#mixamorig_LeftHandMiddle2-Matrix-animation-input"/>
        <input semantic="OUTPUT" source="#mixamorig_LeftHandMiddle2-Matrix-animation-output-transform"/>
        <input semantic="INTERPOLATION" source="#mixamorig_LeftHandMiddle2-Interpolations"/>
      </sampler>
      <channel source="#mixamorig_LeftHandMiddle2-Matrix-animation-transform" target="mixamorig_LeftHandMiddle2/matrix"/>
    </animation>
    <animation id="mixamorig_LeftHandMiddle3-anim" name="mixamorig_LeftHandMiddle3">
      <source id="mixamorig_LeftHandMiddle3-Matrix-animation-input">
        <float_array id="mixamorig_LeftHandMiddle3-Matrix-animation-input-array" count="26">

0.000000 0.033333 0.066667 0.100000 0.133333 0.166667 0.200000 0.233333 0.266667 0.300000 0.333333 0.366667 0.400000 0.433333 0.466667 0.500000
0.533333 0.566667 0.600000 0.633333 0.666667 0.700000 0.733333 0.766667 0.800000 0.833333</float_array>
        <technique_common>
          <accessor source="#mixamorig_LeftHandMiddle3-Matrix-animation-input-array" count="26">
            <param name="TIME" type="float"/>
          </accessor>
        </technique_common>
      </source>
      <source id="mixamorig_LeftHandMiddle3-Matrix-animation-output-transform">
        <float_array id="mixamorig_LeftHandMiddle3-Matrix-animation-output-transform-array" count="416">

1.000000 -0.000000 0.000000 -0.000000 0.000000 1.000000 0.000000 3.278600 -0.000000 -0.000000 1.000000 0.000000 0.000000 0.000000 0.000000 1.000000
1.000000 0.000000 -0.000000 0.000000 -0.000000 1.000000 -0.000000 3.278600 0.000000 0.000000 1.000000 0.000000 0.000000 0.000000 0.000000 1.000000
1.000000 -0.000000 0.000000 0.000000 0.000000 1.000000 0.000000 3.278600 -0.000000 -0.000000 1.000000 0.000000 0.000000 0.000000 0.000000 1.000000
1.000000 -0.000000 0.000000 0.000000 0.000000 1.000000 0.000000 3.278600 -0.000000 -0.000000 1.000000 -0.000000 0.000000 0.000000 0.000000 1.000000
1.000000 0.000000 0.000000 -0.000000 -0.000000 1.000000 -0.000000 3.278600 -0.000000 0.000000 1.000000 0.000000 0.000000 0.000000 0.000000 1.000000
1.000000 -0.000000 0.000000 0.000000 0.000000 1.000000 0.000000 3.278600 -0.000000 -0.000000 1.000000 0.000000 0.000000 0.000000 0.000000 1.000000
1.000000 -0.000000 0.000000 0.000000 0.000000 1.000000 0.000000 3.278600 -0.000000 -0.000000 1.000000 0.000000 0.000000 0.000000 0.000000 1.000000
1.000000 0.000000 -0.000000 0.000000 -0.000000 1.000000 -0.000000 3.278600 0.000000 0.000000 1.000000 -0.000000 0.000000 0.000000 0.000000 1.000000
1.000000 -0.000000 0.000000 0.000000 0.000000 1.000000 0.000000 3.278600 -0.000000 -0.000000 1.000000 0.000000 0.000000 0.000000 0.000000 1.000000
1.000000 -0.000000 0.000000 0.000000 0.000000 1.000000 0.000000 3.278600 -0.000000 -0.000000 1.000000 0.000000 0.000000 0.000000 0.000000 1.000000
1.000000 -0.000000 0.000000 0.000000 0.000000 1.000000 0.000000 3.278600 -0.000000 -0.000000 1.000000 0.000000 0.000000 0.000000 0.000000 1.000000
1.000000 -0.000000 0.000000 0.000000 0.000000 1.000000 0.000000 3.278600 -0.000000 -0.000000 1.000000 0.000000 0.000000 0.000000 0.000000 1.000000
1.000000 -0.000000 0.000000 0.000000 0.000000 1.000000 0.000000 3.278600 -0.000000 -0.000000 1.000000 0.000000 0.000000 0.000000 0.000000 1.000000
1.000000 -0.000000 0.000000 0.000000 0.000000 1.000000 0.000000 3.278600 -0.000000 -0.000000 1.000000 -0.000000 0.000000 0.000000 0.000000 1.000000
1.000000 -0.000000 0.000000 0.000000 0.000000 1.000000 0.000000 3.278600 -0.000000 -0.000000 1.000000 -0.000000 0.000000 0.000000 0.000000 1.000000
1.000000 -0.000000 0.000000 0.000000 0.000000 1.000000 0.000000 3.278600 -0.000000 -0.000000 1.000000 -0.000000 0.000000 0.000000 0.000000 1.000000
1.000000 -0.000000 0.000000 0.000000 0.000000 1.000000 0.000000 3.278600 -0.000000 -0.000000 1.000000 0.000000 0.000000 0.000000 0.000000 1.000000
1.000000 0.000000 0.000000 0.000000 -0.000000 1.000000 0.000000 3.278600 -0.000000 -0.000000 1.000000 -0.000000 0.000000 0.000000 0.000000 1.000000
1.000000 -0.000000 0.000000 0.000000 0.000000 1.000000 0.000000 3.278600 -0.000000 -0.000000 1.000000 0.000000 0.000000 0.000000 0.000000 1.000000
1.000000 -0.000000 0.000000 -0.000000 0.000000 1.000000 0.000000 3.278600 -0.000000 -0.000000 1.000000 0.000000 0.000000 0.000000 0.000000 1.000000
1.000000 0.000000 0.000000 0.000000 -0.000000 1.000000 0.000000 3.278600 -0.000000 -0.000000 1.000000 0.000000 0.000000 0.000000 0.000000 1.000000
1.000000 -0.000000 0.000000 0.000000 0.000000 1.000000 0.000000 3.278600 -0.000000 -0.000000 1.000000 0.000000 0.000000 0.000000 0.000000 1.000000
1.000000 -0.000000 0.000000 0.000000 0.000000 1.000000 0.000000 3.278600 -0.000000 -0.000000 1.000000 0.000000 0.000000 0.000000 0.000000 1.000000
1.000000 -0.000000 0.000000 0.000000 0.000000 1.000000 0.000000 3.278600 -0.000000 -0.000000 1.000000 0.000000 0.000000 0.000000 0.000000 1.000000
1.000000 -0.000000 -0.000000 -0.000000 0.000000 1.000000 -0.000000 3.278600 0.000000 0.000000 1.000000 0.000000 0.000000 0.000000 0.000000 1.000000
1.000000 -0.000000 0.000000 -0.000000 0.000000 1.000000 0.000000 3.278600 -0.000000 -0.000000 1.000000 0.000000 0.000000 0.000000 0.000000 1.000000</float_array>
        <technique_common>
          <accessor source="#mixamorig_LeftHandMiddle3-Matrix-animation-output-transform-array" count="26" stride="16">
            <param type="float4x4"/>
          </accessor>
        </technique_common>
      </source>
      <source id="mixamorig_LeftHandMiddle3-Interpolations">
        <Name_array id="mixamorig_LeftHandMiddle3-Interpolations-array" count="26">
 LINEAR LINEAR LINEAR LINEAR LINEAR LINEAR LINEAR LINEAR LINEAR LINEAR LINEAR
LINEAR LINEAR LINEAR LINEAR LINEAR LINEAR LINEAR LINEAR LINEAR LINEAR LINEAR LINEAR
LINEAR LINEAR LINEAR</Name_array>
        <technique_common>
          <accessor source="#mixamorig_LeftHandMiddle3-Interpolations-array" count="26">
            <param type="name"/>
          </accessor>
        </technique_common>
      </source>
      <sampler id="mixamorig_LeftHandMiddle3-Matrix-animation-transform">
        <input semantic="INPUT" source="#mixamorig_LeftHandMiddle3-Matrix-animation-input"/>
        <input semantic="OUTPUT" source="#mixamorig_LeftHandMiddle3-Matrix-animation-output-transform"/>
        <input semantic="INTERPOLATION" source="#mixamorig_LeftHandMiddle3-Interpolations"/>
      </sampler>
      <channel source="#mixamorig_LeftHandMiddle3-Matrix-animation-transform" target="mixamorig_LeftHandMiddle3/matrix"/>
    </animation>
    <animation id="mixamorig_LeftHandRing1-anim" name="mixamorig_LeftHandRing1">
      <source id="mixamorig_LeftHandRing1-Matrix-animation-input">
        <float_array id="mixamorig_LeftHandRing1-Matrix-animation-input-array" count="26">

0.000000 0.033333 0.066667 0.100000 0.133333 0.166667 0.200000 0.233333 0.266667 0.300000 0.333333 0.366667 0.400000 0.433333 0.466667 0.500000
0.533333 0.566667 0.600000 0.633333 0.666667 0.700000 0.733333 0.766667 0.800000 0.833333</float_array>
        <technique_common>
          <accessor source="#mixamorig_LeftHandRing1-Matrix-animation-input-array" count="26">
            <param name="TIME" type="float"/>
          </accessor>
        </technique_common>
      </source>
      <source id="mixamorig_LeftHandRing1-Matrix-animation-output-transform">
        <float_array id="mixamorig_LeftHandRing1-Matrix-animation-output-transform-array" count="416">

0.995393 -0.059090 -0.075505 3.988400 -0.071157 0.072522 -0.994825 15.764500 0.064260 0.995615 0.067984 0.151700 0.000000 0.000000 0.000000 1.000000
0.995473 -0.056144 -0.076692 3.988400 -0.071310 0.092290 -0.993175 15.764500 0.062839 0.994148 0.087869 0.151700 0.000000 0.000000 0.000000 1.000000
0.995646 -0.049242 -0.079142 3.988400 -0.071690 0.138106 -0.987820 15.764500 0.059573 0.989193 0.133974 0.151700 0.000000 0.000000 0.000000 1.000000
0.995838 -0.040108 -0.081844 3.988400 -0.072408 0.197228 -0.977680 15.764500 0.055354 0.979537 0.193503 0.151700 0.000000 0.000000 0.000000 1.000000
0.995989 -0.030864 -0.083982 3.988400 -0.073374 0.255395 -0.964049 15.764500 0.051202 0.966344 0.252106 0.151700 0.000000 0.000000 0.000000 1.000000
0.996077 -0.023837 -0.085220 3.988400 -0.074263 0.298534 -0.951505 15.764500 0.048122 0.954101 0.295592 0.151700 0.000000 0.000000 0.000000 1.000000
0.996106 -0.020978 -0.085630 3.988400 -0.074661 0.315824 -0.945876 15.764500 0.046887 0.948586 0.313028 0.151700 0.000000 0.000000 0.000000 1.000000
0.996098 -0.021815 -0.085516 3.988400 -0.074542 0.310777 -0.947555 15.764500 0.047247 0.950232 0.307938 0.151700 0.000000 0.000000 0.000000 1.000000
0.996076 -0.023947 -0.085203 3.988400 -0.074248 0.297862 -0.951717 15.764500 0.048170 0.954309 0.294915 0.151700 0.000000 0.000000 0.000000 1.000000
0.996039 -0.027114 -0.084684 3.988400 -0.073832 0.278533 -0.957585 15.764500 0.049551 0.960044 0.275428 0.151700 0.000000 0.000000 0.000000 1.000000
0.995985 -0.031133 -0.083928 3.988400 -0.073343 0.253725 -0.964492 15.764500 0.051322 0.966775 0.250423 0.151700 0.000000 0.000000 0.000000 1.000000
0.995915 -0.035717 -0.082933 3.988400 -0.072838 0.225067 -0.971617 15.764500 0.053368 0.973688 0.221546 0.151700 0.000000 0.000000 0.000000 1.000000
0.995828 -0.040607 -0.081712 3.988400 -0.072363 0.194042 -0.978321 15.764500 0.055582 0.980152 0.190294 0.151700 0.000000 0.000000 0.000000 1.000000
0.995728 -0.045581 -0.080298 3.988400 -0.071949 0.162005 -0.984163 15.764500 0.057868 0.985737 0.158034 0.151700 0.000000 0.000000 0.000000 1.000000
0.995619 -0.050382 -0.078763 3.988400 -0.071618 0.130609 -0.988844 15.764500 0.060107 0.990153 0.126429 0.151700 0.000000 0.000000 0.000000 1.000000
0.995509 -0.054802 -0.077198 3.988400 -0.071373 0.101277 -0.992295 15.764500 0.062198 0.993348 0.096911 0.151700 0.000000 0.000000 0.000000 1.000000
0.995404 -0.058617 -0.075725 3.988400 -0.071210 0.075624 -0.994590 15.764500 0.064027 0.995412 0.071103 0.151700 0.000000 0.000000 0.000000 1.000000
0.995318 -0.061587 -0.074490 3.988400 -0.071103 0.055465 -0.995926 15.764500 0.065467 0.996559 0.050826 0.151700 0.000000 0.000000 0.000000 1.000000
0.995259 -0.063575 -0.073603 3.988400 -0.071024 0.041910 -0.996594 15.764500 0.066443 0.997097 0.037196 0.151700 0.000000 0.000000 0.000000 1.000000
0.995235 -0.064361 -0.073249 3.988400 -0.070998 0.036597 -0.996805 15.764500 0.066836 0.997255 0.031853 0.151700 0.000000 0.000000 0.000000 1.000000
0.995246 -0.063986 -0.073421 3.988400 -0.071014 0.039115 -0.996708 15.764500 0.066648 0.997184 0.034385 0.151700 0.000000 0.000000 0.000000 1.000000
0.995275 -0.063026 -0.073866 3.988400 -0.071062 0.045626 -0.996428 15.764500 0.066171 0.996968 0.040931 0.151700 0.000000 0.000000 0.000000 1.000000
0.995311 -0.061745 -0.074455 3.988400 -0.071138 0.054282 -0.995988 15.764500 0.065539 0.996615 0.049635 0.151700 0.000000 0.000000 0.000000 1.000000
0.995347 -0.060453 -0.075031 3.988400 -0.071216 0.062967 -0.995471 15.764500 0.064904 0.996183 0.058369 0.151700 0.000000 0.000000 0.000000 1.000000
0.995375 -0.059449 -0.075465 3.988400 -0.071279 0.069642 -0.995022 15.764500 0.064409 0.995799 0.065082 0.151700 0.000000 0.000000 0.000000 1.000000
0.995389 -0.058983 -0.075637 3.988400 -0.071297 0.072506 -0.994816 15.764500 0.064161 0.995622 0.067966 0.151700 0.000000 0.000000 0.000000 1.000000</float_array>
        <technique_common>
          <accessor source="#mixamorig_LeftHandRing1-Matrix-animation-output-transform-array" count="26" stride="16">
            <param type="float4x4"/>
          </accessor>
        </technique_common>
      </source>
      <source id="mixamorig_LeftHandRing1-Interpolations">
        <Name_array id="mixamorig_LeftHandRing1-Interpolations-array" count="26">
 LINEAR LINEAR LINEAR LINEAR LINEAR LINEAR LINEAR LINEAR LINEAR LINEAR LINEAR
LINEAR LINEAR LINEAR LINEAR LINEAR LINEAR LINEAR LINEAR LINEAR LINEAR LINEAR LINEAR
LINEAR LINEAR LINEAR</Name_array>
        <technique_common>
          <accessor source="#mixamorig_LeftHandRing1-Interpolations-array" count="26">
            <param type="name"/>
          </accessor>
        </technique_common>
      </source>
      <sampler id="mixamorig_LeftHandRing1-Matrix-animation-transform">
        <input semantic="INPUT" source="#mixamorig_LeftHandRing1-Matrix-animation-input"/>
        <input semantic="OUTPUT" source="#mixamorig_LeftHandRing1-Matrix-animation-output-transform"/>
        <input semantic="INTERPOLATION" source="#mixamorig_LeftHandRing1-Interpolations"/>
      </sampler>
      <channel source="#mixamorig_LeftHandRing1-Matrix-animation-transform" target="mixamorig_LeftHandRing1/matrix"/>
    </animation>
    <animation id="mixamorig_LeftHandRing2-anim" name="mixamorig_LeftHandRing2">
      <source id="mixamorig_LeftHandRing2-Matrix-animation-input">
        <float_array id="mixamorig_LeftHandRing2-Matrix-animation-input-array" count="26">

0.000000 0.033333 0.066667 0.100000 0.133333 0.166667 0.200000 0.233333 0.266667 0.300000 0.333333 0.366667 0.400000 0.433333 0.466667 0.500000
0.533333 0.566667 0.600000 0.633333 0.666667 0.700000 0.733333 0.766667 0.800000 0.833333</float_array>
        <technique_common>
          <accessor source="#mixamorig_LeftHandRing2-Matrix-animation-input-array" count="26">
            <param name="TIME" type="float"/>
          </accessor>
        </technique_common>
      </source>
      <source id="mixamorig_LeftHandRing2-Matrix-animation-output-transform">
        <float_array id="mixamorig_LeftHandRing2-Matrix-animation-output-transform-array" count="416">

0.995630 -0.063727 0.068266 0.000000 0.076016 0.128382 -0.988807 3.497800 0.054250 0.989675 0.132665 0.000000 0.000000 0.000000 0.000000 1.000000
0.995709 -0.063848 0.066990 0.000000 0.075844 0.148228 -0.986041 3.497800 0.053027 0.986890 0.152434 0.000000 0.000000 0.000000 0.000000 1.000000
0.995893 -0.064027 0.064015 0.000000 0.075351 0.194132 -0.978077 3.497800 0.050196 0.978884 0.198159 0.000000 0.000000 0.000000 0.000000 1.000000
0.996133 -0.064052 0.060140 -0.000000 0.074512 0.253185 -0.964544 3.497800 0.046554 0.965295 0.256978 0.000000 0.000000 0.000000 0.000000 1.000000
0.996371 -0.063843 0.056285 0.000000 0.073459 0.311079 -0.947541 3.497800 0.042985 0.948237 0.314640 -0.000000 0.000000 0.000000 0.000000 1.000000
0.996550 -0.063532 0.053398 0.000000 0.072526 0.353880 -0.932475 3.497800 0.040346 0.933130 0.357267 0.000000 0.000000 0.000000 0.000000 1.000000
0.996622 -0.063370 0.052235 -0.000000 0.072114 0.371001 -0.925828 3.497800 0.039290 0.926468 0.374318 0.000000 0.000000 0.000000 0.000000 1.000000
0.996601 -0.063419 0.052574 0.000000 0.072236 0.366006 -0.927805 3.497800 0.039598 0.928449 0.369343 0.000000 0.000000 0.000000 0.000000 1.000000
0.996547 -0.063539 0.053443 0.000000 0.072541 0.353214 -0.932726 3.497800 0.040387 0.933382 0.356604 0.000000 0.000000 0.000000 0.000000 1.000000
0.996467 -0.063693 0.054738 0.000000 0.072973 0.334050 -0.939726 3.497800 0.041569 0.940401 0.337518 0.000000 0.000000 0.000000 0.000000 1.000000
0.996365 -0.063852 0.056394 0.000000 0.073490 0.309419 -0.948082 3.497800 0.043087 0.948780 0.312987 -0.000000 0.000000 0.000000 0.000000 1.000000
0.996247 -0.063981 0.058296 0.000000 0.074033 0.280917 -0.956872 3.497800 0.044845 0.957597 0.284600 -0.000000 0.000000 0.000000 0.000000 1.000000
0.996120 -0.064056 0.060346 0.000000 0.074559 0.250005 -0.965370 3.497800 0.046751 0.966123 0.253811 0.000000 0.000000 0.000000 0.000000 1.000000
0.995990 -0.064064 0.062449 -0.000000 0.075034 0.218023 -0.973055 3.497800 0.048723 0.973839 0.221956 -0.000000 0.000000 0.000000 0.000000 1.000000
0.995863 -0.064006 0.064498 0.000000 0.075435 0.186623 -0.979531 3.497800 0.050659 0.980344 0.190679 0.000000 0.000000 0.000000 0.000000 1.000000
0.995745 -0.063892 0.066401 0.000000 0.075750 0.157236 -0.984652 3.497800 0.052471 0.985492 0.161407 0.000000 0.000000 0.000000 0.000000 1.000000
0.995643 -0.063748 0.068058 0.000000 0.075982 0.131493 -0.988401 3.497800 0.054059 0.989265 0.135764 0.000000 0.000000 0.000000 0.000000 1.000000
0.995562 -0.063603 0.069356 -0.000000 0.076135 0.111237 -0.990873 3.497800 0.055308 0.991756 0.115586 0.000000 0.000000 0.000000 0.000000 1.000000
0.995508 -0.063492 0.070228 0.000000 0.076227 0.097603 -0.992302 3.497800 0.056149 0.993198 0.102004 0.000000 0.000000 0.000000 0.000000 1.000000
0.995485 -0.063468 0.070583 -0.000000 0.076275 0.092254 -0.992810 3.497800 0.056500 0.993711 0.096678 0.000000 0.000000 0.000000 0.000000 1.000000
0.995496 -0.063479 0.070419 -0.000000 0.076257 0.094790 -0.992572 3.497800 0.056332 0.993471 0.099204 0.000000 0.000000 0.000000 0.000000 1.000000
0.995523 -0.063524 0.069990 -0.000000 0.076204 0.101344 -0.991929 3.497800 0.055918 0.992821 0.105731 0.000000 0.000000 0.000000 0.000000 1.000000
0.995557 -0.063593 0.069435 0.000000 0.076147 0.110052 -0.991005 3.497800 0.055380 0.991889 0.114406 -0.000000 0.000000 0.000000 0.000000 1.000000
0.995592 -0.063660 0.068879 0.000000 0.076087 0.118787 -0.990000 3.497800 0.054841 0.990877 0.123107 -0.000000 0.000000 0.000000 0.000000 1.000000
0.995622 -0.063692 0.068410 -0.000000 0.075996 0.125497 -0.989179 3.497800 0.054417 0.990047 0.129788 0.000000 0.000000 0.000000 0.000000 1.000000
0.995637 -0.063680 0.068210 0.000000 0.075954 0.128382 -0.988812 3.497800 0.054211 0.989678 0.132658 -0.000000 0.000000 0.000000 0.000000 1.000000</float_array>
        <technique_common>
          <accessor source="#mixamorig_LeftHandRing2-Matrix-animation-output-transform-array" count="26" stride="16">
            <param type="float4x4"/>
          </accessor>
        </technique_common>
      </source>
      <source id="mixamorig_LeftHandRing2-Interpolations">
        <Name_array id="mixamorig_LeftHandRing2-Interpolations-array" count="26">
 LINEAR LINEAR LINEAR LINEAR LINEAR LINEAR LINEAR LINEAR LINEAR LINEAR LINEAR
LINEAR LINEAR LINEAR LINEAR LINEAR LINEAR LINEAR LINEAR LINEAR LINEAR LINEAR LINEAR
LINEAR LINEAR LINEAR</Name_array>
        <technique_common>
          <accessor source="#mixamorig_LeftHandRing2-Interpolations-array" count="26">
            <param type="name"/>
          </accessor>
        </technique_common>
      </source>
      <sampler id="mixamorig_LeftHandRing2-Matrix-animation-transform">
        <input semantic="INPUT" source="#mixamorig_LeftHandRing2-Matrix-animation-input"/>
        <input semantic="OUTPUT" source="#mixamorig_LeftHandRing2-Matrix-animation-output-transform"/>
        <input semantic="INTERPOLATION" source="#mixamorig_LeftHandRing2-Interpolations"/>
      </sampler>
      <channel source="#mixamorig_LeftHandRing2-Matrix-animation-transform" target="mixamorig_LeftHandRing2/matrix"/>
    </animation>
    <animation id="mixamorig_LeftHandRing3-anim" name="mixamorig_LeftHandRing3">
      <source id="mixamorig_LeftHandRing3-Matrix-animation-input">
        <float_array id="mixamorig_LeftHandRing3-Matrix-animation-input-array" count="26">

0.000000 0.033333 0.066667 0.100000 0.133333 0.166667 0.200000 0.233333 0.266667 0.300000 0.333333 0.366667 0.400000 0.433333 0.466667 0.500000
0.533333 0.566667 0.600000 0.633333 0.666667 0.700000 0.733333 0.766667 0.800000 0.833333</float_array>
        <technique_common>
          <accessor source="#mixamorig_LeftHandRing3-Matrix-animation-input-array" count="26">
            <param name="TIME" type="float"/>
          </accessor>
        </technique_common>
      </source>
      <source id="mixamorig_LeftHandRing3-Matrix-animation-output-transform">
        <float_array id="mixamorig_LeftHandRing3-Matrix-animation-output-transform-array" count="416">

1.000000 -0.000000 -0.000000 0.000000 0.000000 1.000000 -0.000000 2.983800 0.000000 0.000000 1.000000 0.000000 0.000000 0.000000 0.000000 1.000000
1.000000 -0.000000 0.000000 0.000000 0.000000 1.000000 0.000000 2.983800 -0.000000 -0.000000 1.000000 0.000000 0.000000 0.000000 0.000000 1.000000
1.000000 0.000000 -0.000000 0.000000 -0.000000 1.000000 -0.000000 2.983800 0.000000 0.000000 1.000000 -0.000000 0.000000 0.000000 0.000000 1.000000
1.000000 0.000000 0.000000 0.000000 -0.000000 1.000000 0.000000 2.983800 -0.000000 -0.000000 1.000000 0.000000 0.000000 0.000000 0.000000 1.000000
1.000000 -0.000000 -0.000000 0.000000 0.000000 1.000000 0.000000 2.983800 0.000000 -0.000000 1.000000 0.000000 0.000000 0.000000 0.000000 1.000000
1.000000 0.000000 -0.000000 0.000000 -0.000000 1.000000 -0.000000 2.983800 0.000000 0.000000 1.000000 -0.000000 0.000000 0.000000 0.000000 1.000000
1.000000 0.000000 0.000000 0.000000 -0.000000 1.000000 -0.000000 2.983800 -0.000000 0.000000 1.000000 0.000000 0.000000 0.000000 0.000000 1.000000
1.000000 0.000000 -0.000000 0.000000 -0.000000 1.000000 -0.000000 2.983800 0.000000 0.000000 1.000000 0.000000 0.000000 0.000000 0.000000 1.000000
1.000000 0.000000 0.000000 0.000000 -0.000000 1.000000 -0.000000 2.983800 -0.000000 0.000000 1.000000 0.000000 0.000000 0.000000 0.000000 1.000000
1.000000 -0.000000 0.000000 0.000000 0.000000 1.000000 -0.000000 2.983800 -0.000000 0.000000 1.000000 0.000000 0.000000 0.000000 0.000000 1.000000
1.000000 0.000000 -0.000000 -0.000000 -0.000000 1.000000 0.000000 2.983800 0.000000 -0.000000 1.000000 0.000000 0.000000 0.000000 0.000000 1.000000
1.000000 0.000000 -0.000000 -0.000000 -0.000000 1.000000 -0.000000 2.983800 0.000000 0.000000 1.000000 0.000000 0.000000 0.000000 0.000000 1.000000
1.000000 0.000000 -0.000000 0.000000 -0.000000 1.000000 -0.000000 2.983800 0.000000 0.000000 1.000000 0.000000 0.000000 0.000000 0.000000 1.000000
1.000000 0.000000 -0.000000 -0.000000 -0.000000 1.000000 -0.000000 2.983800 0.000000 0.000000 1.000000 -0.000000 0.000000 0.000000 0.000000 1.000000
1.000000 0.000000 0.000000 0.000000 -0.000000 1.000000 0.000000 2.983800 -0.000000 -0.000000 1.000000 0.000000 0.000000 0.000000 0.000000 1.000000
1.000000 0.000000 -0.000000 0.000000 -0.000000 1.000000 -0.000000 2.983800 0.000000 0.000000 1.000000 0.000000 0.000000 0.000000 0.000000 1.000000
1.000000 -0.000000 0.000000 0.000000 0.000000 1.000000 0.000000 2.983800 -0.000000 -0.000000 1.000000 0.000000 0.000000 0.000000 0.000000 1.000000
1.000000 0.000000 -0.000000 -0.000000 -0.000000 1.000000 -0.000000 2.983800 0.000000 0.000000 1.000000 0.000000 0.000000 0.000000 0.000000 1.000000
1.000000 0.000000 -0.000000 0.000000 -0.000000 1.000000 -0.000000 2.983800 0.000000 0.000000 1.000000 0.000000 0.000000 0.000000 0.000000 1.000000
1.000000 0.000000 -0.000000 0.000000 -0.000000 1.000000 -0.000000 2.983800 0.000000 0.000000 1.000000 -0.000000 0.000000 0.000000 0.000000 1.000000
1.000000 0.000000 -0.000000 -0.000000 -0.000000 1.000000 -0.000000 2.983800 0.000000 0.000000 1.000000 0.000000 0.000000 0.000000 0.000000 1.000000
1.000000 0.000000 -0.000000 0.000000 -0.000000 1.000000 -0.000000 2.983800 0.000000 0.000000 1.000000 -0.000000 0.000000 0.000000 0.000000 1.000000
1.000000 0.000000 -0.000000 0.000000 -0.000000 1.000000 -0.000000 2.983800 0.000000 0.000000 1.000000 0.000000 0.000000 0.000000 0.000000 1.000000
1.000000 -0.000000 0.000000 0.000000 0.000000 1.000000 -0.000000 2.983800 -0.000000 0.000000 1.000000 -0.000000 0.000000 0.000000 0.000000 1.000000
1.000000 0.000000 -0.000000 -0.000000 -0.000000 1.000000 -0.000000 2.983800 0.000000 0.000000 1.000000 0.000000 0.000000 0.000000 0.000000 1.000000
1.000000 0.000000 -0.000000 0.000000 -0.000000 1.000000 -0.000000 2.983800 0.000000 0.000000 1.000000 -0.000000 0.000000 0.000000 0.000000 1.000000</float_array>
        <technique_common>
          <accessor source="#mixamorig_LeftHandRing3-Matrix-animation-output-transform-array" count="26" stride="16">
            <param type="float4x4"/>
          </accessor>
        </technique_common>
      </source>
      <source id="mixamorig_LeftHandRing3-Interpolations">
        <Name_array id="mixamorig_LeftHandRing3-Interpolations-array" count="26">
 LINEAR LINEAR LINEAR LINEAR LINEAR LINEAR LINEAR LINEAR LINEAR LINEAR LINEAR
LINEAR LINEAR LINEAR LINEAR LINEAR LINEAR LINEAR LINEAR LINEAR LINEAR LINEAR LINEAR
LINEAR LINEAR LINEAR</Name_array>
        <technique_common>
          <accessor source="#mixamorig_LeftHandRing3-Interpolations-array" count="26">
            <param type="name"/>
          </accessor>
        </technique_common>
      </source>
      <sampler id="mixamorig_LeftHandRing3-Matrix-animation-transform">
        <input semantic="INPUT" source="#mixamorig_LeftHandRing3-Matrix-animation-input"/>
        <input semantic="OUTPUT" source="#mixamorig_LeftHandRing3-Matrix-animation-output-transform"/>
        <input semantic="INTERPOLATION" source="#mixamorig_LeftHandRing3-Interpolations"/>
      </sampler>
      <channel source="#mixamorig_LeftHandRing3-Matrix-animation-transform" target="mixamorig_LeftHandRing3/matrix"/>
    </animation>
    <animation id="mixamorig_LeftHandPinky1-anim" name="mixamorig_LeftHandPinky1">
      <source id="mixamorig_LeftHandPinky1-Matrix-animation-input">
        <float_array id="mixamorig_LeftHandPinky1-Matrix-animation-input-array" count="26">

0.000000 0.033333 0.066667 0.100000 0.133333 0.166667 0.200000 0.233333 0.266667 0.300000 0.333333 0.366667 0.400000 0.433333 0.466667 0.500000
0.533333 0.566667 0.600000 0.633333 0.666667 0.700000 0.733333 0.766667 0.800000 0.833333</float_array>
        <technique_common>
          <accessor source="#mixamorig_LeftHandPinky1-Matrix-animation-input-array" count="26">
            <param name="TIME" type="float"/>
          </accessor>
        </technique_common>
      </source>
      <source id="mixamorig_LeftHandPinky1-Matrix-animation-output-transform">
        <float_array id="mixamorig_LeftHandPinky1-Matrix-animation-output-transform-array" count="416">

0.981804 -0.062188 -0.179425 6.663900 -0.181285 -0.025633 -0.983097 12.707900 0.056537 0.997735 -0.036441 0.878100 0.000000 0.000000 0.000000 1.000000
0.981870 -0.057512 -0.180622 6.663900 -0.181267 -0.006155 -0.983415 12.707900 0.055447 0.998326 -0.016469 0.878100 0.000000 0.000000 0.000000 1.000000
0.982002 -0.046555 -0.183044 6.663900 -0.181309 0.039134 -0.982647 12.707900 0.052911 0.998149 0.029989 0.878100 0.000000 0.000000 0.000000 1.000000
0.982132 -0.032156 -0.185427 6.663900 -0.181536 0.097895 -0.978500 12.707900 0.049617 0.994677 0.090308 0.878100 0.000000 0.000000 0.000000 1.000000
0.982214 -0.017698 -0.186930 6.663900 -0.181954 0.156064 -0.970843 12.707900 0.046355 0.987588 0.150068 0.878100 0.000000 0.000000 0.000000 1.000000
0.982244 -0.006781 -0.187484 6.663900 -0.182393 0.199442 -0.962785 12.707900 0.043920 0.979886 0.194664 0.878100 0.000000 0.000000 0.000000 1.000000
0.982249 -0.002357 -0.187568 6.663900 -0.182601 0.216887 -0.958967 12.707900 0.042941 0.976194 0.212606 0.878100 0.000000 0.000000 0.000000 1.000000
0.982248 -0.003651 -0.187552 6.663900 -0.182539 0.211791 -0.960117 12.707900 0.043227 0.977308 0.207365 0.878100 0.000000 0.000000 0.000000 1.000000
0.982244 -0.006952 -0.187480 6.663900 -0.182386 0.198765 -0.962927 12.707900 0.043959 0.980023 0.193968 0.878100 0.000000 0.000000 0.000000 1.000000
0.982233 -0.011864 -0.187288 6.663900 -0.182175 0.179304 -0.966779 12.707900 0.045051 0.983722 0.173957 0.878100 0.000000 0.000000 0.000000 1.000000
0.982212 -0.018117 -0.186898 6.663900 -0.181939 0.154388 -0.971114 12.707900 0.046449 0.987844 0.148345 0.878100 0.000000 0.000000 0.000000 1.000000
0.982177 -0.025274 -0.186252 6.663900 -0.181711 0.125689 -0.975286 12.707900 0.048059 0.991748 0.118856 0.878100 0.000000 0.000000 0.000000 1.000000
0.982126 -0.032941 -0.185320 6.663900 -0.181519 0.094718 -0.978815 12.707900 0.049796 0.994959 0.087046 0.878100 0.000000 0.000000 0.000000 1.000000
0.982060 -0.040770 -0.184109 6.663900 -0.181377 0.062844 -0.981404 12.707900 0.051582 0.997190 0.054322 0.878100 0.000000 0.000000 0.000000 1.000000
0.981982 -0.048360 -0.182683 6.663900 -0.181295 0.031709 -0.982917 12.707900 0.053327 0.998327 0.022370 0.878100 0.000000 0.000000 0.000000 1.000000
0.981898 -0.055377 -0.181137 6.663900 -0.181267 0.002712 -0.983430 12.707900 0.054950 0.998462 -0.007375 0.878100 0.000000 0.000000 0.000000 1.000000
0.981815 -0.061455 -0.179620 6.663900 -0.181281 -0.022578 -0.983172 12.707900 0.056366 0.997854 -0.033308 0.878100 0.000000 0.000000 0.000000 1.000000
0.981744 -0.066195 -0.178319 6.663900 -0.181317 -0.042406 -0.982510 12.707900 0.057475 0.996905 -0.053635 0.878100 0.000000 0.000000 0.000000 1.000000
0.981694 -0.069364 -0.177387 6.663900 -0.181350 -0.055717 -0.981839 12.707900 0.058221 0.996034 -0.067276 0.878100 0.000000 0.000000 0.000000 1.000000
0.981676 -0.070606 -0.176992 6.663900 -0.181348 -0.060930 -0.981530 12.707900 0.058518 0.995642 -0.072618 0.878100 0.000000 0.000000 0.000000 1.000000
0.981685 -0.070018 -0.177178 6.663900 -0.181347 -0.058460 -0.981680 12.707900 0.058378 0.995831 -0.070087 0.878100 0.000000 0.000000 0.000000 1.000000
0.981707 -0.068497 -0.177650 6.663900 -0.181343 -0.052069 -0.982040 12.707900 0.058017 0.996292 -0.063538 0.878100 0.000000 0.000000 0.000000 1.000000
0.981739 -0.066472 -0.178240 6.663900 -0.181321 -0.043567 -0.982459 12.707900 0.057541 0.996837 -0.054824 0.878100 0.000000 0.000000 0.000000 1.000000
0.981771 -0.064434 -0.178814 6.663900 -0.181301 -0.035027 -0.982804 12.707900 0.057063 0.997307 -0.046071 0.878100 0.000000 0.000000 0.000000 1.000000
0.981786 -0.062856 -0.179292 6.663900 -0.181337 -0.028461 -0.983009 12.707900 0.056685 0.997617 -0.039341 0.878100 0.000000 0.000000 0.000000 1.000000
0.981791 -0.062175 -0.179502 6.663900 -0.181362 -0.025638 -0.983082 12.707900 0.056521 0.997736 -0.036447 0.878100 0.000000 0.000000 0.000000 1.000000</float_array>
        <technique_common>
          <accessor source="#mixamorig_LeftHandPinky1-Matrix-animation-output-transform-array" count="26" stride="16">
            <param type="float4x4"/>
          </accessor>
        </technique_common>
      </source>
      <source id="mixamorig_LeftHandPinky1-Interpolations">
        <Name_array id="mixamorig_LeftHandPinky1-Interpolations-array" count="26">
 LINEAR LINEAR LINEAR LINEAR LINEAR LINEAR LINEAR LINEAR LINEAR LINEAR LINEAR
LINEAR LINEAR LINEAR LINEAR LINEAR LINEAR LINEAR LINEAR LINEAR LINEAR LINEAR LINEAR
LINEAR LINEAR LINEAR</Name_array>
        <technique_common>
          <accessor source="#mixamorig_LeftHandPinky1-Interpolations-array" count="26">
            <param type="name"/>
          </accessor>
        </technique_common>
      </source>
      <sampler id="mixamorig_LeftHandPinky1-Matrix-animation-transform">
        <input semantic="INPUT" source="#mixamorig_LeftHandPinky1-Matrix-animation-input"/>
        <input semantic="OUTPUT" source="#mixamorig_LeftHandPinky1-Matrix-animation-output-transform"/>
        <input semantic="INTERPOLATION" source="#mixamorig_LeftHandPinky1-Interpolations"/>
      </sampler>
      <channel source="#mixamorig_LeftHandPinky1-Matrix-animation-transform" target="mixamorig_LeftHandPinky1/matrix"/>
    </animation>
    <animation id="mixamorig_LeftHandPinky2-anim" name="mixamorig_LeftHandPinky2">
      <source id="mixamorig_LeftHandPinky2-Matrix-animation-input">
        <float_array id="mixamorig_LeftHandPinky2-Matrix-animation-input-array" count="26">

0.000000 0.033333 0.066667 0.100000 0.133333 0.166667 0.200000 0.233333 0.266667 0.300000 0.333333 0.366667 0.400000 0.433333 0.466667 0.500000
0.533333 0.566667 0.600000 0.633333 0.666667 0.700000 0.733333 0.766667 0.800000 0.833333</float_array>
        <technique_common>
          <accessor source="#mixamorig_LeftHandPinky2-Matrix-animation-input-array" count="26">
            <param name="TIME" type="float"/>
          </accessor>
        </technique_common>
      </source>
      <source id="mixamorig_LeftHandPinky2-Matrix-animation-output-transform">
        <float_array id="mixamorig_LeftHandPinky2-Matrix-animation-output-transform-array" count="416">

0.993552 -0.026496 0.110234 0.000000 0.109226 -0.036877 -0.993333 3.376600 0.030385 0.998968 -0.033746 0.000000 0.000000 0.000000 0.000000 1.000000
0.993565 -0.028255 0.109685 -0.000000 0.109238 -0.016920 -0.993872 3.376600 0.029938 0.999458 -0.013725 0.000000 0.000000 0.000000 0.000000 1.000000
0.993596 -0.032298 0.108274 -0.000000 0.109231 0.029500 -0.993579 3.376600 0.028896 0.999043 0.032839 0.000000 0.000000 0.000000 0.000000 1.000000
0.993644 -0.037447 0.106161 0.000000 0.109151 0.089758 -0.989964 3.376600 0.027542 0.995259 0.093275 0.000000 0.000000 0.000000 0.000000 1.000000
0.993698 -0.042440 0.103749 -0.000000 0.108988 0.149450 -0.982744 3.376600 0.026202 0.987858 0.153133 0.000000 0.000000 0.000000 0.000000 1.000000
0.993743 -0.046094 0.101740 -0.000000 0.108814 0.193990 -0.974950 3.376600 0.025203 0.979920 0.197792 0.000000 0.000000 0.000000 0.000000 1.000000
0.993762 -0.047546 0.100880 -0.000000 0.108731 0.211909 -0.971222 3.376600 0.024801 0.976132 0.215757 0.000000 0.000000 0.000000 0.000000 1.000000
0.993756 -0.047123 0.101134 0.000000 0.108755 0.206674 -0.972347 3.376600 0.024918 0.977274 0.210509 0.000000 0.000000 0.000000 0.000000 1.000000
0.993742 -0.046037 0.101772 0.000000 0.108816 0.193294 -0.975088 3.376600 0.025219 0.980060 0.197094 -0.000000 0.000000 0.000000 0.000000 1.000000
0.993721 -0.044405 0.102694 0.000000 0.108899 0.173309 -0.978828 3.376600 0.025667 0.983866 0.177057 -0.000000 0.000000 0.000000 0.000000 1.000000
0.993696 -0.042298 0.103821 0.000000 0.108992 0.147729 -0.983004 3.376600 0.026241 0.988123 0.151407 -0.000000 0.000000 0.000000 0.000000 1.000000
0.993669 -0.039846 0.105045 0.000000 0.109080 0.118273 -0.986972 3.376600 0.026903 0.992181 0.121871 0.000000 0.000000 0.000000 0.000000 1.000000
0.993641 -0.037171 0.106279 0.000000 0.109152 0.086496 -0.990255 3.376600 0.027616 0.995559 0.090003 0.000000 0.000000 0.000000 0.000000 1.000000
0.993615 -0.034387 0.107455 0.000000 0.109203 0.053803 -0.992562 3.376600 0.028350 0.997959 0.057215 0.000000 0.000000 0.000000 0.000000 1.000000
0.993592 -0.031638 0.108512 -0.000000 0.109229 0.021880 -0.993776 3.376600 0.029067 0.999260 0.025196 -0.000000 0.000000 0.000000 0.000000 1.000000
0.993571 -0.029051 0.109416 0.000000 0.109232 -0.007841 -0.993985 3.376600 0.029734 0.999547 -0.004617 0.000000 0.000000 0.000000 0.000000 1.000000
0.993555 -0.026774 0.110141 0.000000 0.109219 -0.033755 -0.993444 3.376600 0.030316 0.999071 -0.030613 0.000000 0.000000 0.000000 0.000000 1.000000
0.993543 -0.024974 0.110669 0.000000 0.109199 -0.054068 -0.992548 3.376600 0.030772 0.998225 -0.050991 -0.000000 0.000000 0.000000 0.000000 1.000000
0.993536 -0.023760 0.111002 0.000000 0.109179 -0.067701 -0.991714 3.376600 0.031078 0.997423 -0.064669 0.000000 0.000000 0.000000 0.000000 1.000000
0.993533 -0.023282 0.111129 0.000000 0.109172 -0.073042 -0.991336 3.376600 0.031198 0.997057 -0.070028 0.000000 0.000000 0.000000 0.000000 1.000000
0.993534 -0.023509 0.111070 0.000000 0.109177 -0.070510 -0.991518 3.376600 0.031141 0.997234 -0.067487 0.000000 0.000000 0.000000 0.000000 1.000000
0.993538 -0.024093 0.110916 0.000000 0.109189 -0.063963 -0.991961 3.376600 0.030994 0.997661 -0.060919 0.000000 0.000000 0.000000 0.000000 1.000000
0.993542 -0.024868 0.110703 0.000000 0.109202 -0.055253 -0.992483 3.376600 0.030798 0.998163 -0.052180 0.000000 0.000000 0.000000 0.000000 1.000000
0.993547 -0.025645 0.110484 0.000000 0.109215 -0.046503 -0.992930 3.376600 0.030601 0.998589 -0.043402 0.000000 0.000000 0.000000 0.000000 1.000000
0.993551 -0.026241 0.110310 0.000000 0.109223 -0.039773 -0.993221 3.376600 0.030450 0.998864 -0.036650 -0.000000 0.000000 0.000000 0.000000 1.000000
0.993556 -0.026483 0.110202 0.000000 0.109195 -0.036878 -0.993336 3.376600 0.030371 0.998969 -0.033749 0.000000 0.000000 0.000000 0.000000 1.000000</float_array>
        <technique_common>
          <accessor source="#mixamorig_LeftHandPinky2-Matrix-animation-output-transform-array" count="26" stride="16">
            <param type="float4x4"/>
          </accessor>
        </technique_common>
      </source>
      <source id="mixamorig_LeftHandPinky2-Interpolations">
        <Name_array id="mixamorig_LeftHandPinky2-Interpolations-array" count="26">
 LINEAR LINEAR LINEAR LINEAR LINEAR LINEAR LINEAR LINEAR LINEAR LINEAR LINEAR
LINEAR LINEAR LINEAR LINEAR LINEAR LINEAR LINEAR LINEAR LINEAR LINEAR LINEAR LINEAR
LINEAR LINEAR LINEAR</Name_array>
        <technique_common>
          <accessor source="#mixamorig_LeftHandPinky2-Interpolations-array" count="26">
            <param type="name"/>
          </accessor>
        </technique_common>
      </source>
      <sampler id="mixamorig_LeftHandPinky2-Matrix-animation-transform">
        <input semantic="INPUT" source="#mixamorig_LeftHandPinky2-Matrix-animation-input"/>
        <input semantic="OUTPUT" source="#mixamorig_LeftHandPinky2-Matrix-animation-output-transform"/>
        <input semantic="INTERPOLATION" source="#mixamorig_LeftHandPinky2-Interpolations"/>
      </sampler>
      <channel source="#mixamorig_LeftHandPinky2-Matrix-animation-transform" target="mixamorig_LeftHandPinky2/matrix"/>
    </animation>
    <animation id="mixamorig_LeftHandPinky3-anim" name="mixamorig_LeftHandPinky3">
      <source id="mixamorig_LeftHandPinky3-Matrix-animation-input">
        <float_array id="mixamorig_LeftHandPinky3-Matrix-animation-input-array" count="26">

0.000000 0.033333 0.066667 0.100000 0.133333 0.166667 0.200000 0.233333 0.266667 0.300000 0.333333 0.366667 0.400000 0.433333 0.466667 0.500000
0.533333 0.566667 0.600000 0.633333 0.666667 0.700000 0.733333 0.766667 0.800000 0.833333</float_array>
        <technique_common>
          <accessor source="#mixamorig_LeftHandPinky3-Matrix-animation-input-array" count="26">
            <param name="TIME" type="float"/>
          </accessor>
        </technique_common>
      </source>
      <source id="mixamorig_LeftHandPinky3-Matrix-animation-output-transform">
        <float_array id="mixamorig_LeftHandPinky3-Matrix-animation-output-transform-array" count="416">

1.000000 0.000000 0.000000 0.000000 -0.000000 1.000000 0.000000 2.998500 0.000000 -0.000000 1.000000 0.000000 0.000000 0.000000 0.000000 1.000000
1.000000 0.000000 0.000000 0.000000 -0.000000 1.000000 0.000000 2.998500 -0.000000 -0.000000 1.000000 0.000000 0.000000 0.000000 0.000000 1.000000
1.000000 0.000000 0.000000 0.000000 -0.000000 1.000000 0.000000 2.998500 -0.000000 -0.000000 1.000000 0.000000 0.000000 0.000000 0.000000 1.000000
1.000000 0.000000 -0.000000 -0.000000 -0.000000 1.000000 -0.000000 2.998500 0.000000 0.000000 1.000000 0.000000 0.000000 0.000000 0.000000 1.000000
1.000000 0.000000 0.000000 0.000000 -0.000000 1.000000 0.000000 2.998500 0.000000 -0.000000 1.000000 0.000000 0.000000 0.000000 0.000000 1.000000
1.000000 -0.000000 0.000000 0.000000 0.000000 1.000000 0.000000 2.998500 -0.000000 -0.000000 1.000000 0.000000 0.000000 0.000000 0.000000 1.000000
1.000000 0.000000 0.000000 0.000000 -0.000000 1.000000 0.000000 2.998500 0.000000 -0.000000 1.000000 -0.000000 0.000000 0.000000 0.000000 1.000000
1.000000 0.000000 0.000000 0.000000 -0.000000 1.000000 0.000000 2.998500 0.000000 -0.000000 1.000000 0.000000 0.000000 0.000000 0.000000 1.000000
1.000000 0.000000 0.000000 -0.000000 -0.000000 1.000000 0.000000 2.998500 0.000000 -0.000000 1.000000 0.000000 0.000000 0.000000 0.000000 1.000000
1.000000 -0.000000 0.000000 0.000000 0.000000 1.000000 0.000000 2.998500 -0.000000 -0.000000 1.000000 0.000000 0.000000 0.000000 0.000000 1.000000
1.000000 -0.000000 0.000000 -0.000000 0.000000 1.000000 0.000000 2.998500 -0.000000 -0.000000 1.000000 0.000000 0.000000 0.000000 0.000000 1.000000
1.000000 0.000000 -0.000000 -0.000000 -0.000000 1.000000 -0.000000 2.998500 0.000000 0.000000 1.000000 0.000000 0.000000 0.000000 0.000000 1.000000
1.000000 0.000000 0.000000 0.000000 -0.000000 1.000000 -0.000000 2.998500 -0.000000 0.000000 1.000000 0.000000 0.000000 0.000000 0.000000 1.000000
1.000000 0.000000 0.000000 0.000000 -0.000000 1.000000 0.000000 2.998500 -0.000000 -0.000000 1.000000 -0.000000 0.000000 0.000000 0.000000 1.000000
1.000000 0.000000 -0.000000 0.000000 -0.000000 1.000000 0.000000 2.998500 0.000000 -0.000000 1.000000 0.000000 0.000000 0.000000 0.000000 1.000000
1.000000 0.000000 -0.000000 -0.000000 -0.000000 1.000000 0.000000 2.998500 0.000000 -0.000000 1.000000 0.000000 0.000000 0.000000 0.000000 1.000000
1.000000 0.000000 0.000000 0.000000 -0.000000 1.000000 0.000000 2.998500 -0.000000 -0.000000 1.000000 0.000000 0.000000 0.000000 0.000000 1.000000
1.000000 0.000000 0.000000 0.000000 -0.000000 1.000000 0.000000 2.998500 0.000000 -0.000000 1.000000 0.000000 0.000000 0.000000 0.000000 1.000000
1.000000 0.000000 -0.000000 0.000000 -0.000000 1.000000 0.000000 2.998500 0.000000 -0.000000 1.000000 0.000000 0.000000 0.000000 0.000000 1.000000
1.000000 0.000000 0.000000 0.000000 -0.000000 1.000000 0.000000 2.998500 -0.000000 -0.000000 1.000000 0.000000 0.000000 0.000000 0.000000 1.000000
1.000000 0.000000 -0.000000 0.000000 -0.000000 1.000000 0.000000 2.998500 0.000000 -0.000000 1.000000 0.000000 0.000000 0.000000 0.000000 1.000000
1.000000 0.000000 0.000000 0.000000 -0.000000 1.000000 0.000000 2.998500 -0.000000 -0.000000 1.000000 -0.000000 0.000000 0.000000 0.000000 1.000000
1.000000 0.000000 -0.000000 0.000000 -0.000000 1.000000 0.000000 2.998500 0.000000 -0.000000 1.000000 0.000000 0.000000 0.000000 0.000000 1.000000
1.000000 -0.000000 -0.000000 0.000000 0.000000 1.000000 -0.000000 2.998500 0.000000 0.000000 1.000000 0.000000 0.000000 0.000000 0.000000 1.000000
1.000000 0.000000 0.000000 -0.000000 -0.000000 1.000000 0.000000 2.998500 0.000000 -0.000000 1.000000 0.000000 0.000000 0.000000 0.000000 1.000000
1.000000 0.000000 0.000000 0.000000 -0.000000 1.000000 0.000000 2.998500 -0.000000 -0.000000 1.000000 0.000000 0.000000 0.000000 0.000000 1.000000</float_array>
        <technique_common>
          <accessor source="#mixamorig_LeftHandPinky3-Matrix-animation-output-transform-array" count="26" stride="16">
            <param type="float4x4"/>
          </accessor>
        </technique_common>
      </source>
      <source id="mixamorig_LeftHandPinky3-Interpolations">
        <Name_array id="mixamorig_LeftHandPinky3-Interpolations-array" count="26">
 LINEAR LINEAR LINEAR LINEAR LINEAR LINEAR LINEAR LINEAR LINEAR LINEAR LINEAR
LINEAR LINEAR LINEAR LINEAR LINEAR LINEAR LINEAR LINEAR LINEAR LINEAR LINEAR LINEAR
LINEAR LINEAR LINEAR</Name_array>
        <technique_common>
          <accessor source="#mixamorig_LeftHandPinky3-Interpolations-array" count="26">
            <param type="name"/>
          </accessor>
        </technique_common>
      </source>
      <sampler id="mixamorig_LeftHandPinky3-Matrix-animation-transform">
        <input semantic="INPUT" source="#mixamorig_LeftHandPinky3-Matrix-animation-input"/>
        <input semantic="OUTPUT" source="#mixamorig_LeftHandPinky3-Matrix-animation-output-transform"/>
        <input semantic="INTERPOLATION" source="#mixamorig_LeftHandPinky3-Interpolations"/>
      </sampler>
      <channel source="#mixamorig_LeftHandPinky3-Matrix-animation-transform" target="mixamorig_LeftHandPinky3/matrix"/>
    </animation>
    <animation id="mixamorig_RightShoulder-anim" name="mixamorig_RightShoulder">
      <source id="mixamorig_RightShoulder-Matrix-animation-input">
        <float_array id="mixamorig_RightShoulder-Matrix-animation-input-array" count="26">

0.000000 0.033333 0.066667 0.100000 0.133333 0.166667 0.200000 0.233333 0.266667 0.300000 0.333333 0.366667 0.400000 0.433333 0.466667 0.500000
0.533333 0.566667 0.600000 0.633333 0.666667 0.700000 0.733333 0.766667 0.800000 0.833333</float_array>
        <technique_common>
          <accessor source="#mixamorig_RightShoulder-Matrix-animation-input-array" count="26">
            <param name="TIME" type="float"/>
          </accessor>
        </technique_common>
      </source>
      <source id="mixamorig_RightShoulder-Matrix-animation-output-transform">
        <float_array id="mixamorig_RightShoulder-Matrix-animation-output-transform-array" count="416">

0.207670 -0.811490 0.546220 -12.584900 0.054865 -0.547852 -0.834774 11.394900 0.976659 0.203326 -0.069250 -1.453100 0.000000 0.000000 0.000000 1.000000
0.232285 -0.813012 0.533906 -12.584900 0.051333 -0.537907 -0.841439 11.394900 0.971292 0.222861 -0.083213 -1.453100 0.000000 0.000000 0.000000 1.000000
0.247287 -0.814221 0.525255 -12.584900 0.048760 -0.530948 -0.846001 11.394900 0.967715 0.234816 -0.091595 -1.453100 0.000000 0.000000 0.000000 1.000000
0.246924 -0.809934 0.532010 -12.584900 0.050750 -0.537448 -0.841768 11.394900 0.967705 0.234852 -0.091605 -1.453100 0.000000 0.000000 0.000000 1.000000
0.239005 -0.811274 0.533584 -12.584900 0.051229 -0.538209 -0.841253 11.394900 0.969666 0.228398 -0.087074 -1.453100 0.000000 0.000000 0.000000 1.000000
0.245720 -0.809559 0.533137 -12.584900 0.051089 -0.538419 -0.841127 11.394900 0.967993 0.233919 -0.090941 -1.453100 0.000000 0.000000 0.000000 1.000000
0.260565 -0.811929 0.522377 -12.584900 0.047871 -0.529537 -0.846935 11.394900 0.964269 0.245688 -0.099111 -1.453100 0.000000 0.000000 0.000000 1.000000
0.255231 -0.818410 0.514841 -12.584900 0.045689 -0.521673 -0.851921 11.394900 0.965800 0.240960 -0.095755 -1.453100 0.000000 0.000000 0.000000 1.000000
0.250220 -0.816617 0.520122 -12.584900 0.047293 -0.526261 -0.849007 11.394900 0.967033 0.237036 -0.093061 -1.453100 0.000000 0.000000 0.000000 1.000000
0.233745 -0.815855 0.528908 -12.584900 0.049965 -0.533179 -0.844526 11.394900 0.971013 0.223830 -0.083864 -1.453100 0.000000 0.000000 0.000000 1.000000
0.215790 -0.818759 0.532042 -12.584900 0.051031 -0.534679 -0.843513 11.394900 0.975105 0.209173 -0.073596 -1.453100 0.000000 0.000000 0.000000 1.000000
0.206419 -0.826577 0.523604 -12.584900 0.048969 -0.525731 -0.849240 11.394900 0.977238 0.200940 -0.068044 -1.453100 0.000000 0.000000 0.000000 1.000000
0.189259 -0.831158 0.522836 -12.584900 0.049194 -0.523764 -0.850442 11.394900 0.980694 0.186674 -0.058239 -1.453100 0.000000 0.000000 0.000000 1.000000
0.157728 -0.827122 0.539436 -12.584900 0.053963 -0.538238 -0.841064 11.394900 0.986007 0.161769 -0.040262 -1.453100 0.000000 0.000000 0.000000 1.000000
0.129714 -0.848818 0.512525 -12.584900 0.048985 -0.510775 -0.858318 11.394900 0.990341 0.136442 -0.024675 -1.453100 0.000000 0.000000 0.000000 1.000000
0.129504 -0.853273 0.505127 -12.584900 0.047520 -0.503491 -0.862693 11.394900 0.990440 0.135726 -0.024657 -1.453100 0.000000 0.000000 0.000000 1.000000
0.115313 -0.870376 0.478694 -12.584900 0.043080 -0.477073 -0.877807 11.394900 0.992395 0.121845 -0.017517 -1.453100 0.000000 0.000000 0.000000 1.000000
0.089623 -0.877613 0.470917 -12.584900 0.043509 -0.468919 -0.882169 11.394900 0.995025 0.099552 -0.003842 -1.453100 0.000000 0.000000 0.000000 1.000000
0.074667 -0.886225 0.457198 -12.584900 0.042550 -0.455228 -0.889357 11.394900 0.996300 0.085860 0.003718 -1.453100 0.000000 0.000000 0.000000 1.000000
0.072878 -0.882190 0.465220 -12.584900 0.044026 -0.463160 -0.885181 11.394900 0.996369 0.084992 0.005086 -1.453100 0.000000 0.000000 0.000000 1.000000
0.081378 -0.873462 0.480044 -12.584900 0.045986 -0.477838 -0.877244 11.394900 0.995622 0.093463 0.001282 -1.453100 0.000000 0.000000 0.000000 1.000000
0.090148 -0.862133 0.498599 -12.584900 0.048755 -0.496216 -0.866829 11.394900 0.994734 0.102452 -0.002700 -1.453100 0.000000 0.000000 0.000000 1.000000
0.101160 -0.845971 0.523546 -12.584900 0.052815 -0.520937 -0.851960 11.394900 0.993467 0.113835 -0.008018 -1.453100 0.000000 0.000000 0.000000 1.000000
0.134820 -0.827125 0.545608 -12.584900 0.056071 -0.543384 -0.837609 11.394900 0.989282 0.143520 -0.026881 -1.453100 0.000000 0.000000 0.000000 1.000000
0.175680 -0.816068 0.550609 -12.584900 0.056358 -0.550053 -0.833226 11.394900 0.982833 0.177412 -0.050641 -1.453100 0.000000 0.000000 0.000000 1.000000
0.207670 -0.811490 0.546220 -12.584900 0.054865 -0.547852 -0.834774 11.394900 0.976659 0.203326 -0.069250 -1.453100 0.000000 0.000000 0.000000 1.000000</float_array>
        <technique_common>
          <accessor source="#mixamorig_RightShoulder-Matrix-animation-output-transform-array" count="26" stride="16">
            <param type="float4x4"/>
          </accessor>
        </technique_common>
      </source>
      <source id="mixamorig_RightShoulder-Interpolations">
        <Name_array id="mixamorig_RightShoulder-Interpolations-array" count="26">
 LINEAR LINEAR LINEAR LINEAR LINEAR LINEAR LINEAR LINEAR LINEAR LINEAR LINEAR
LINEAR LINEAR LINEAR LINEAR LINEAR LINEAR LINEAR LINEAR LINEAR LINEAR LINEAR LINEAR
LINEAR LINEAR LINEAR</Name_array>
        <technique_common>
          <accessor source="#mixamorig_RightShoulder-Interpolations-array" count="26">
            <param type="name"/>
          </accessor>
        </technique_common>
      </source>
      <sampler id="mixamorig_RightShoulder-Matrix-animation-transform">
        <input semantic="INPUT" source="#mixamorig_RightShoulder-Matrix-animation-input"/>
        <input semantic="OUTPUT" source="#mixamorig_RightShoulder-Matrix-animation-output-transform"/>
        <input semantic="INTERPOLATION" source="#mixamorig_RightShoulder-Interpolations"/>
      </sampler>
      <channel source="#mixamorig_RightShoulder-Matrix-animation-transform" target="mixamorig_RightShoulder/matrix"/>
    </animation>
    <animation id="mixamorig_RightArm-anim" name="mixamorig_RightArm">
      <source id="mixamorig_RightArm-Matrix-animation-input">
        <float_array id="mixamorig_RightArm-Matrix-animation-input-array" count="26">

0.000000 0.033333 0.066667 0.100000 0.133333 0.166667 0.200000 0.233333 0.266667 0.300000 0.333333 0.366667 0.400000 0.433333 0.466667 0.500000
0.533333 0.566667 0.600000 0.633333 0.666667 0.700000 0.733333 0.766667 0.800000 0.833333</float_array>
        <technique_common>
          <accessor source="#mixamorig_RightArm-Matrix-animation-input-array" count="26">
            <param name="TIME" type="float"/>
          </accessor>
        </technique_common>
      </source>
      <source id="mixamorig_RightArm-Matrix-animation-output-transform">
        <float_array id="mixamorig_RightArm-Matrix-animation-output-transform-array" count="416">

0.945657 -0.284265 0.157880 0.000000 0.324919 0.807172 -0.492850 15.319300 0.012664 0.517365 0.855671 -0.000000 0.000000 0.000000 0.000000 1.000000
0.969922 -0.179440 0.164476 0.000000 0.238496 0.835711 -0.494678 15.319300 -0.048690 0.519026 0.853370 0.000000 0.000000 0.000000 0.000000 1.000000
0.972315 -0.152901 0.176707 0.000000 0.221968 0.840694 -0.493927 15.319300 -0.073035 0.519476 0.851358 0.000000 0.000000 0.000000 0.000000 1.000000
0.973396 -0.141582 0.180151 0.000000 0.214493 0.839560 -0.499132 15.319300 -0.080580 0.524494 0.847593 -0.000000 0.000000 0.000000 0.000000 1.000000
0.977239 -0.122838 0.172957 0.000000 0.193126 0.852508 -0.485729 15.319300 -0.087781 0.508076 0.856828 0.000000 0.000000 0.000000 0.000000 1.000000
0.980108 -0.119053 0.158790 0.000000 0.181712 0.860036 -0.476779 15.319300 -0.079803 0.496149 0.864562 0.000000 0.000000 0.000000 0.000000 1.000000
0.983375 -0.116950 0.138914 0.000000 0.169975 0.862010 -0.477544 15.319300 -0.063896 0.493216 0.867557 0.000000 0.000000 0.000000 0.000000 1.000000
0.981191 -0.145104 0.127312 0.000000 0.189104 0.854986 -0.482948 15.319300 -0.038772 0.497939 0.866345 0.000000 0.000000 0.000000 0.000000 1.000000
0.964833 -0.226260 0.133805 0.000000 0.262855 0.826219 -0.498267 15.319300 0.002186 0.515916 0.856637 0.000000 0.000000 0.000000 0.000000 1.000000
0.943348 -0.301412 0.138728 -0.000000 0.328535 0.789940 -0.517744 15.319300 0.046468 0.533990 0.844213 0.000000 0.000000 0.000000 0.000000 1.000000
0.926038 -0.349523 0.142436 0.000000 0.368174 0.753464 -0.544738 15.319300 0.083078 0.556889 0.826421 0.000000 0.000000 0.000000 0.000000 1.000000
0.917305 -0.372703 0.140154 -0.000000 0.383491 0.732181 -0.562891 15.319300 0.107173 0.570090 0.814562 0.000000 0.000000 0.000000 0.000000 1.000000
0.893639 -0.425579 0.142447 -0.000000 0.429566 0.719244 -0.546041 15.319300 0.129930 0.549155 0.825559 -0.000000 0.000000 0.000000 0.000000 1.000000
0.853337 -0.502781 0.137934 0.000000 0.497012 0.704597 -0.506480 15.319300 0.157460 0.500753 0.851148 0.000000 0.000000 0.000000 0.000000 1.000000
0.782182 -0.609534 0.129069 0.000000 0.595444 0.670331 -0.442834 15.319300 0.183404 0.423230 0.887265 0.000000 0.000000 0.000000 0.000000 1.000000
0.716228 -0.688708 0.112688 0.000000 0.670089 0.633590 -0.386709 15.319300 0.194932 0.352483 0.915291 0.000000 0.000000 0.000000 0.000000 1.000000
0.665927 -0.738391 0.106393 0.000000 0.719309 0.597706 -0.354037 15.319300 0.197826 0.312293 0.929160 0.000000 0.000000 0.000000 0.000000 1.000000
0.643984 -0.758016 0.103423 -0.000000 0.737039 0.578481 -0.349477 15.319300 0.205080 0.301285 0.931219 0.000000 0.000000 0.000000 0.000000 1.000000
0.626355 -0.769813 0.122750 -0.000000 0.745820 0.545977 -0.381657 15.319300 0.226786 0.330602 0.916117 0.000000 0.000000 0.000000 0.000000 1.000000
0.628126 -0.766862 0.131832 0.000000 0.739830 0.536103 -0.406503 15.319300 0.241057 0.352868 0.904088 -0.000000 0.000000 0.000000 0.000000 1.000000
0.664286 -0.736742 0.126240 -0.000000 0.709223 0.567896 -0.417728 15.319300 0.236066 0.367023 0.899759 -0.000000 0.000000 0.000000 0.000000 1.000000
0.724687 -0.679256 0.115935 0.000000 0.654637 0.626126 -0.423576 15.319300 0.215126 0.382855 0.898411 0.000000 0.000000 0.000000 0.000000 1.000000
0.795151 -0.594959 0.117295 0.000000 0.578509 0.686242 -0.440908 15.319300 0.181829 0.418445 0.889855 0.000000 0.000000 0.000000 0.000000 1.000000
0.877010 -0.463373 0.127037 0.000000 0.465255 0.753002 -0.465323 15.319300 0.119959 0.467197 0.875977 0.000000 0.000000 0.000000 0.000000 1.000000
0.927288 -0.346731 0.141121 0.000000 0.370321 0.794476 -0.481321 15.319300 0.054772 0.498583 0.865110 0.000000 0.000000 0.000000 0.000000 1.000000
0.945657 -0.284265 0.157880 0.000000 0.324919 0.807172 -0.492850 15.319300 0.012664 0.517365 0.855671 -0.000000 0.000000 0.000000 0.000000 1.000000</float_array>
        <technique_common>
          <accessor source="#mixamorig_RightArm-Matrix-animation-output-transform-array" count="26" stride="16">
            <param type="float4x4"/>
          </accessor>
        </technique_common>
      </source>
      <source id="mixamorig_RightArm-Interpolations">
        <Name_array id="mixamorig_RightArm-Interpolations-array" count="26">
 LINEAR LINEAR LINEAR LINEAR LINEAR LINEAR LINEAR LINEAR LINEAR LINEAR LINEAR
LINEAR LINEAR LINEAR LINEAR LINEAR LINEAR LINEAR LINEAR LINEAR LINEAR LINEAR LINEAR
LINEAR LINEAR LINEAR</Name_array>
        <technique_common>
          <accessor source="#mixamorig_RightArm-Interpolations-array" count="26">
            <param type="name"/>
          </accessor>
        </technique_common>
      </source>
      <sampler id="mixamorig_RightArm-Matrix-animation-transform">
        <input semantic="INPUT" source="#mixamorig_RightArm-Matrix-animation-input"/>
        <input semantic="OUTPUT" source="#mixamorig_RightArm-Matrix-animation-output-transform"/>
        <input semantic="INTERPOLATION" source="#mixamorig_RightArm-Interpolations"/>
      </sampler>
      <channel source="#mixamorig_RightArm-Matrix-animation-transform" target="mixamorig_RightArm/matrix"/>
    </animation>
    <animation id="mixamorig_RightForeArm-anim" name="mixamorig_RightForeArm">
      <source id="mixamorig_RightForeArm-Matrix-animation-input">
        <float_array id="mixamorig_RightForeArm-Matrix-animation-input-array" count="26">

0.000000 0.033333 0.066667 0.100000 0.133333 0.166667 0.200000 0.233333 0.266667 0.300000 0.333333 0.366667 0.400000 0.433333 0.466667 0.500000
0.533333 0.566667 0.600000 0.633333 0.666667 0.700000 0.733333 0.766667 0.800000 0.833333</float_array>
        <technique_common>
          <accessor source="#mixamorig_RightForeArm-Matrix-animation-input-array" count="26">
            <param name="TIME" type="float"/>
          </accessor>
        </technique_common>
      </source>
      <source id="mixamorig_RightForeArm-Matrix-animation-output-transform">
        <float_array id="mixamorig_RightForeArm-Matrix-animation-output-transform-array" count="416">

0.018779 0.996479 -0.081713 -0.000000 -0.998352 0.014257 -0.055583 34.109299 -0.054222 0.082622 0.995105 -0.000000 0.000000 0.000000 0.000000 1.000000
-0.022047 0.998138 -0.056872 0.000000 -0.997275 -0.025963 -0.069053 34.109299 -0.070401 0.055194 0.995991 0.000000 0.000000 0.000000 0.000000 1.000000
-0.088379 0.995090 -0.044547 0.000000 -0.990227 -0.092616 -0.104277 34.109299 -0.107891 0.034896 0.993550 0.000000 0.000000 0.000000 0.000000 1.000000
-0.157916 0.986533 -0.042600 0.000000 -0.973664 -0.162751 -0.159661 34.109299 -0.164444 0.016265 0.986252 0.000000 0.000000 0.000000 0.000000 1.000000
-0.218588 0.974621 -0.048301 0.000000 -0.963699 -0.223386 -0.146230 34.109299 -0.153308 0.014584 0.988071 0.000000 0.000000 0.000000 0.000000 1.000000
-0.253491 0.965327 -0.062343 0.000000 -0.955980 -0.259841 -0.136326 34.109299 -0.147799 0.025041 0.988700 0.000000 0.000000 0.000000 0.000000 1.000000
-0.268616 0.959623 -0.083478 0.000000 -0.951439 -0.277853 -0.132518 34.109299 -0.150362 0.043828 0.987659 0.000000 0.000000 0.000000 0.000000 1.000000
-0.260665 0.960699 -0.095448 0.000000 -0.952793 -0.271936 -0.135040 34.109299 -0.155688 0.055742 0.986232 0.000000 0.000000 0.000000 0.000000 1.000000
-0.245566 0.964608 -0.096063 0.000000 -0.959055 -0.256180 -0.120773 34.109299 -0.141108 0.062471 0.988021 0.000000 0.000000 0.000000 0.000000 1.000000
-0.193359 0.976237 -0.097842 0.000000 -0.972540 -0.203877 -0.112251 34.109299 -0.129531 0.073450 0.988851 0.000000 0.000000 0.000000 0.000000 1.000000
-0.072935 0.992121 -0.101863 0.000000 -0.992052 -0.082669 -0.094859 34.109299 -0.102532 0.094135 0.990265 0.000000 0.000000 0.000000 0.000000 1.000000
0.115329 0.984504 -0.132106 0.000000 -0.991842 0.106863 -0.069502 34.109299 -0.054308 0.139044 0.988796 0.000000 0.000000 0.000000 0.000000 1.000000
0.246775 0.953898 -0.170821 0.000000 -0.968713 0.238019 -0.070296 34.109299 -0.026396 0.182824 0.982791 0.000000 0.000000 0.000000 0.000000 1.000000
0.283453 0.936468 -0.206597 0.000000 -0.958932 0.274503 -0.071390 34.109299 -0.010143 0.218348 0.975818 0.000000 0.000000 0.000000 0.000000 1.000000
0.259220 0.936755 -0.235150 0.000000 -0.965805 0.252684 -0.058062 34.109299 0.005029 0.242160 0.970223 0.000000 0.000000 0.000000 0.000000 1.000000
0.222939 0.941814 -0.251565 0.000000 -0.974817 0.213945 -0.062920 34.109299 -0.005438 0.259257 0.965793 0.000000 0.000000 0.000000 0.000000 1.000000
0.197639 0.949012 -0.245593 0.000000 -0.980105 0.186637 -0.067539 34.109299 -0.018259 0.254055 0.967017 0.000000 0.000000 0.000000 0.000000 1.000000
0.172118 0.954164 -0.244839 0.000000 -0.985068 0.165666 -0.046869 34.109299 -0.004159 0.249250 0.968430 0.000000 0.000000 0.000000 0.000000 1.000000
0.145744 0.962636 -0.228234 0.000000 -0.989314 0.142784 -0.029520 34.109299 0.004171 0.230097 0.973159 -0.000000 0.000000 0.000000 0.000000 1.000000
0.112735 0.970168 -0.214628 0.000000 -0.993618 0.109287 -0.027905 34.109299 -0.003617 0.216404 0.976297 0.000000 0.000000 0.000000 0.000000 1.000000
0.071349 0.975050 -0.210205 0.000000 -0.997448 0.069178 -0.017669 34.109299 -0.002687 0.210929 0.977498 0.000000 0.000000 0.000000 0.000000 1.000000
0.041781 0.978175 -0.203536 0.000000 -0.999113 0.041958 -0.003447 34.109299 0.005168 0.203500 0.979061 0.000000 0.000000 0.000000 0.000000 1.000000
0.038049 0.982704 -0.181231 -0.000000 -0.999241 0.035894 -0.015156 34.109299 -0.008389 0.181670 0.983324 -0.000000 0.000000 0.000000 0.000000 1.000000
0.081292 0.985216 -0.150803 0.000000 -0.996229 0.075717 -0.042360 34.109299 -0.030315 0.153678 0.987656 0.000000 0.000000 0.000000 0.000000 1.000000
0.079170 0.989821 -0.118261 0.000000 -0.995947 0.073460 -0.051888 34.109299 -0.042673 0.121890 0.991626 0.000000 0.000000 0.000000 0.000000 1.000000
0.018780 0.996479 -0.081713 0.000000 -0.998352 0.014257 -0.055582 34.109299 -0.054222 0.082622 0.995105 0.000000 0.000000 0.000000 0.000000 1.000000</float_array>
        <technique_common>
          <accessor source="#mixamorig_RightForeArm-Matrix-animation-output-transform-array" count="26" stride="16">
            <param type="float4x4"/>
          </accessor>
        </technique_common>
      </source>
      <source id="mixamorig_RightForeArm-Interpolations">
        <Name_array id="mixamorig_RightForeArm-Interpolations-array" count="26">
 LINEAR LINEAR LINEAR LINEAR LINEAR LINEAR LINEAR LINEAR LINEAR LINEAR LINEAR
LINEAR LINEAR LINEAR LINEAR LINEAR LINEAR LINEAR LINEAR LINEAR LINEAR LINEAR LINEAR
LINEAR LINEAR LINEAR</Name_array>
        <technique_common>
          <accessor source="#mixamorig_RightForeArm-Interpolations-array" count="26">
            <param type="name"/>
          </accessor>
        </technique_common>
      </source>
      <sampler id="mixamorig_RightForeArm-Matrix-animation-transform">
        <input semantic="INPUT" source="#mixamorig_RightForeArm-Matrix-animation-input"/>
        <input semantic="OUTPUT" source="#mixamorig_RightForeArm-Matrix-animation-output-transform"/>
        <input semantic="INTERPOLATION" source="#mixamorig_RightForeArm-Interpolations"/>
      </sampler>
      <channel source="#mixamorig_RightForeArm-Matrix-animation-transform" target="mixamorig_RightForeArm/matrix"/>
    </animation>
    <animation id="mixamorig_RightHand-anim" name="mixamorig_RightHand">
      <source id="mixamorig_RightHand-Matrix-animation-input">
        <float_array id="mixamorig_RightHand-Matrix-animation-input-array" count="26">

0.000000 0.033333 0.066667 0.100000 0.133333 0.166667 0.200000 0.233333 0.266667 0.300000 0.333333 0.366667 0.400000 0.433333 0.466667 0.500000
0.533333 0.566667 0.600000 0.633333 0.666667 0.700000 0.733333 0.766667 0.800000 0.833333</float_array>
        <technique_common>
          <accessor source="#mixamorig_RightHand-Matrix-animation-input-array" count="26">
            <param name="TIME" type="float"/>
          </accessor>
        </technique_common>
      </source>
      <source id="mixamorig_RightHand-Matrix-animation-output-transform">
        <float_array id="mixamorig_RightHand-Matrix-animation-output-transform-array" count="416">

0.995610 0.093496 0.004421 -0.000000 -0.093251 0.994866 -0.039322 41.076000 -0.008075 0.038737 0.999217 0.000000 0.000000 0.000000 0.000000 1.000000
0.994900 0.100135 0.012141 0.000000 -0.099593 0.994258 -0.039142 41.076000 -0.015991 0.037733 0.999160 0.000000 0.000000 0.000000 0.000000 1.000000
0.982789 0.178641 0.047040 0.000000 -0.176843 0.983427 -0.039973 41.076000 -0.053401 0.030966 0.998093 -0.000000 0.000000 0.000000 0.000000 1.000000
0.961238 0.251686 0.112586 0.000000 -0.241046 0.965346 -0.100024 41.076000 -0.133859 0.069009 0.988595 0.000000 0.000000 0.000000 0.000000 1.000000
0.931305 0.357035 0.072093 0.000000 -0.343170 0.926415 -0.154888 41.076000 -0.122089 0.119507 0.985298 -0.000000 0.000000 0.000000 0.000000 1.000000
0.885451 0.463406 0.035098 0.000000 -0.447836 0.870999 -0.201998 41.076000 -0.124178 0.163141 0.978757 0.000000 0.000000 0.000000 0.000000 1.000000
0.887747 0.459615 0.025682 -0.000000 -0.445316 0.871584 -0.205023 41.076000 -0.116616 0.170572 0.978420 0.000000 0.000000 0.000000 0.000000 1.000000
0.890322 0.454474 0.027932 -0.000000 -0.439858 0.874303 -0.205232 41.076000 -0.117693 0.170436 0.978315 -0.000000 0.000000 0.000000 0.000000 1.000000
0.880782 0.473503 0.004311 0.000000 -0.463941 0.864745 -0.192289 41.076000 -0.094778 0.167365 0.981329 -0.000000 0.000000 0.000000 0.000000 1.000000
0.905805 0.423535 0.011677 -0.000000 -0.414285 0.891126 -0.185099 41.076000 -0.088802 0.162826 0.982650 0.000000 0.000000 0.000000 0.000000 1.000000
0.916918 0.398452 0.022283 0.000000 -0.388391 0.903813 -0.179653 41.076000 -0.091723 0.156073 0.983478 0.000000 0.000000 0.000000 0.000000 1.000000
0.902819 0.429403 0.023028 -0.000000 -0.423551 0.897216 -0.124929 41.076000 -0.074306 0.103035 0.991898 0.000000 0.000000 0.000000 0.000000 1.000000
0.910718 0.410805 0.042799 -0.000000 -0.407556 0.910626 -0.068246 41.076000 -0.067010 0.044710 0.996750 -0.000000 0.000000 0.000000 0.000000 1.000000
0.912900 0.405269 0.048683 0.000000 -0.402363 0.913530 -0.059729 41.076000 -0.068680 0.034938 0.997027 0.000000 0.000000 0.000000 0.000000 1.000000
0.923719 0.381596 0.033584 0.000000 -0.378043 0.922243 -0.080939 41.076000 -0.061859 0.062069 0.996153 0.000000 0.000000 0.000000 0.000000 1.000000
0.939791 0.338640 0.046000 0.000000 -0.332634 0.937279 -0.104227 41.076000 -0.078410 0.082650 0.993489 0.000000 0.000000 0.000000 0.000000 1.000000
0.948453 0.311638 0.057611 0.000000 -0.302257 0.944154 -0.131200 41.076000 -0.095280 0.107023 0.989681 0.000000 0.000000 0.000000 0.000000 1.000000
0.956328 0.290866 0.028891 0.000000 -0.284710 0.949317 -0.133181 41.076000 -0.066165 0.119139 0.990671 0.000000 0.000000 0.000000 0.000000 1.000000
0.967000 0.254770 0.001544 0.000000 -0.252690 0.959842 -0.121862 41.076000 -0.032529 0.117450 0.992546 0.000000 0.000000 0.000000 0.000000 1.000000
0.973365 0.229208 -0.004892 -0.000000 -0.228600 0.968723 -0.096523 41.076000 -0.017385 0.095070 0.995319 0.000000 0.000000 0.000000 0.000000 1.000000
0.979042 0.201800 -0.027448 0.000000 -0.203542 0.974097 -0.098520 41.076000 0.006855 0.102042 0.994756 -0.000000 0.000000 0.000000 0.000000 1.000000
0.983082 0.175204 -0.053409 0.000000 -0.179706 0.978998 -0.096269 41.076000 0.035420 0.104238 0.993921 0.000000 0.000000 0.000000 0.000000 1.000000
0.989791 0.137858 -0.036168 0.000000 -0.141295 0.982384 -0.122300 41.076000 0.018671 0.126161 0.991834 -0.000000 0.000000 0.000000 0.000000 1.000000
0.988764 0.149210 0.009052 -0.000000 -0.147771 0.984781 -0.091490 41.076000 -0.022565 0.089124 0.995765 0.000000 0.000000 0.000000 0.000000 1.000000
0.994920 0.099632 0.014442 0.000000 -0.099306 0.994819 -0.021760 41.076000 -0.016535 0.020216 0.999659 -0.000000 0.000000 0.000000 0.000000 1.000000
0.995610 0.093496 0.004421 0.000000 -0.093252 0.994866 -0.039322 41.076000 -0.008075 0.038737 0.999217 -0.000000 0.000000 0.000000 0.000000 1.000000</float_array>
        <technique_common>
          <accessor source="#mixamorig_RightHand-Matrix-animation-output-transform-array" count="26" stride="16">
            <param type="float4x4"/>
          </accessor>
        </technique_common>
      </source>
      <source id="mixamorig_RightHand-Interpolations">
        <Name_array id="mixamorig_RightHand-Interpolations-array" count="26">
 LINEAR LINEAR LINEAR LINEAR LINEAR LINEAR LINEAR LINEAR LINEAR LINEAR LINEAR
LINEAR LINEAR LINEAR LINEAR LINEAR LINEAR LINEAR LINEAR LINEAR LINEAR LINEAR LINEAR
LINEAR LINEAR LINEAR</Name_array>
        <technique_common>
          <accessor source="#mixamorig_RightHand-Interpolations-array" count="26">
            <param type="name"/>
          </accessor>
        </technique_common>
      </source>
      <sampler id="mixamorig_RightHand-Matrix-animation-transform">
        <input semantic="INPUT" source="#mixamorig_RightHand-Matrix-animation-input"/>
        <input semantic="OUTPUT" source="#mixamorig_RightHand-Matrix-animation-output-transform"/>
        <input semantic="INTERPOLATION" source="#mixamorig_RightHand-Interpolations"/>
      </sampler>
      <channel source="#mixamorig_RightHand-Matrix-animation-transform" target="mixamorig_RightHand/matrix"/>
    </animation>
    <animation id="mixamorig_RightHandThumb1-anim" name="mixamorig_RightHandThumb1">
      <source id="mixamorig_RightHandThumb1-Matrix-animation-input">
        <float_array id="mixamorig_RightHandThumb1-Matrix-animation-input-array" count="26">

0.000000 0.033333 0.066667 0.100000 0.133333 0.166667 0.200000 0.233333 0.266667 0.300000 0.333333 0.366667 0.400000 0.433333 0.466667 0.500000
0.533333 0.566667 0.600000 0.633333 0.666667 0.700000 0.733333 0.766667 0.800000 0.833333</float_array>
        <technique_common>
          <accessor source="#mixamorig_RightHandThumb1-Matrix-animation-input-array" count="26">
            <param name="TIME" type="float"/>
          </accessor>
        </technique_common>
      </source>
      <source id="mixamorig_RightHandThumb1-Matrix-animation-output-transform">
        <float_array id="mixamorig_RightHandThumb1-Matrix-animation-output-transform-array" count="416">

0.836997 0.470431 -0.279518 9.706200 -0.546247 0.688054 -0.477698 9.903700 -0.032400 0.552518 0.832871 7.214200 0.000000 0.000000 0.000000 1.000000
0.837969 0.468887 -0.279201 9.706200 -0.544793 0.688999 -0.477997 9.903700 -0.031757 0.552653 0.832806 7.214200 0.000000 0.000000 0.000000 1.000000
0.840262 0.465218 -0.278447 9.706200 -0.541338 0.691229 -0.478702 9.903700 -0.030230 0.552969 0.832653 7.214200 0.000000 0.000000 0.000000 1.000000
0.843313 0.460275 -0.277434 9.706200 -0.536684 0.694197 -0.479647 9.903700 -0.028175 0.553387 0.832448 7.214200 0.000000 0.000000 0.000000 1.000000
0.846515 0.455019 -0.276350 9.706200 -0.531730 0.697316 -0.480640 9.903700 -0.025997 0.553812 0.832236 7.214200 0.000000 0.000000 0.000000 1.000000
0.849229 0.450503 -0.275421 9.706200 -0.527473 0.699961 -0.481484 9.903700 -0.024126 0.554168 0.832055 7.214200 0.000000 0.000000 0.000000 1.000000
0.850947 0.447616 -0.274825 9.706200 -0.524750 0.701636 -0.482021 9.903700 -0.022933 0.554389 0.831941 7.214200 0.000000 0.000000 0.000000 1.000000
0.851252 0.447126 -0.274679 9.706200 -0.524263 0.701918 -0.482140 9.903700 -0.022775 0.554426 0.831921 7.214200 0.000000 0.000000 0.000000 1.000000
0.851262 0.447151 -0.274608 9.706200 -0.524243 0.701904 -0.482183 9.903700 -0.022860 0.554425 0.831920 7.214200 0.000000 0.000000 0.000000 1.000000
0.851268 0.447166 -0.274564 9.706200 -0.524231 0.701895 -0.482209 9.903700 -0.022913 0.554424 0.831919 7.214200 0.000000 0.000000 0.000000 1.000000
0.851271 0.447173 -0.274545 9.706200 -0.524225 0.701891 -0.482221 9.903700 -0.022936 0.554424 0.831918 7.214200 0.000000 0.000000 0.000000 1.000000
0.851271 0.447173 -0.274545 9.706200 -0.524225 0.701891 -0.482221 9.903700 -0.022936 0.554424 0.831918 7.214200 0.000000 0.000000 0.000000 1.000000
0.851269 0.447168 -0.274559 9.706200 -0.524229 0.701894 -0.482212 9.903700 -0.022919 0.554424 0.831919 7.214200 0.000000 0.000000 0.000000 1.000000
0.851265 0.447159 -0.274584 9.706200 -0.524236 0.701899 -0.482197 9.903700 -0.022888 0.554425 0.831919 7.214200 0.000000 0.000000 0.000000 1.000000
0.851261 0.447148 -0.274616 9.706200 -0.524245 0.701905 -0.482178 9.903700 -0.022851 0.554425 0.831920 7.214200 0.000000 0.000000 0.000000 1.000000
0.851256 0.447136 -0.274650 9.706200 -0.524255 0.701912 -0.482158 9.903700 -0.022810 0.554426 0.831921 7.214200 0.000000 0.000000 0.000000 1.000000
0.851252 0.447125 -0.274681 9.706200 -0.524263 0.701919 -0.482139 9.903700 -0.022773 0.554427 0.831921 7.214200 0.000000 0.000000 0.000000 1.000000
0.851248 0.447117 -0.274705 9.706200 -0.524270 0.701924 -0.482124 9.903700 -0.022743 0.554427 0.831921 7.214200 0.000000 0.000000 0.000000 1.000000
0.851246 0.447112 -0.274720 9.706200 -0.524274 0.701927 -0.482116 9.903700 -0.022726 0.554428 0.831922 7.214200 0.000000 0.000000 0.000000 1.000000
0.851246 0.447111 -0.274721 9.706200 -0.524274 0.701927 -0.482115 9.903700 -0.022725 0.554428 0.831921 7.214200 0.000000 0.000000 0.000000 1.000000
0.850220 0.448840 -0.275079 9.706200 -0.525905 0.700926 -0.481794 9.903700 -0.023439 0.554297 0.831989 7.214200 0.000000 0.000000 0.000000 1.000000
0.847689 0.453072 -0.275952 9.706200 -0.529895 0.698460 -0.481004 9.903700 -0.025188 0.553967 0.832157 7.214200 0.000000 0.000000 0.000000 1.000000
0.844289 0.458680 -0.277106 9.706200 -0.535181 0.695148 -0.479948 9.903700 -0.027513 0.553517 0.832383 7.214200 0.000000 0.000000 0.000000 1.000000
0.840837 0.464289 -0.278259 9.706200 -0.540464 0.691789 -0.478880 9.903700 -0.029842 0.553049 0.832614 7.214200 0.000000 0.000000 0.000000 1.000000
0.838157 0.468587 -0.279140 9.706200 -0.544511 0.689182 -0.478054 9.903700 -0.031632 0.552679 0.832794 7.214200 0.000000 0.000000 0.000000 1.000000
0.836997 0.470431 -0.279518 9.706200 -0.546247 0.688054 -0.477698 9.903700 -0.032400 0.552518 0.832871 7.214200 0.000000 0.000000 0.000000 1.000000</float_array>
        <technique_common>
          <accessor source="#mixamorig_RightHandThumb1-Matrix-animation-output-transform-array" count="26" stride="16">
            <param type="float4x4"/>
          </accessor>
        </technique_common>
      </source>
      <source id="mixamorig_RightHandThumb1-Interpolations">
        <Name_array id="mixamorig_RightHandThumb1-Interpolations-array" count="26">
 LINEAR LINEAR LINEAR LINEAR LINEAR LINEAR LINEAR LINEAR LINEAR LINEAR LINEAR
LINEAR LINEAR LINEAR LINEAR LINEAR LINEAR LINEAR LINEAR LINEAR LINEAR LINEAR LINEAR
LINEAR LINEAR LINEAR</Name_array>
        <technique_common>
          <accessor source="#mixamorig_RightHandThumb1-Interpolations-array" count="26">
            <param type="name"/>
          </accessor>
        </technique_common>
      </source>
      <sampler id="mixamorig_RightHandThumb1-Matrix-animation-transform">
        <input semantic="INPUT" source="#mixamorig_RightHandThumb1-Matrix-animation-input"/>
        <input semantic="OUTPUT" source="#mixamorig_RightHandThumb1-Matrix-animation-output-transform"/>
        <input semantic="INTERPOLATION" source="#mixamorig_RightHandThumb1-Interpolations"/>
      </sampler>
      <channel source="#mixamorig_RightHandThumb1-Matrix-animation-transform" target="mixamorig_RightHandThumb1/matrix"/>
    </animation>
    <animation id="mixamorig_RightHandThumb2-anim" name="mixamorig_RightHandThumb2">
      <source id="mixamorig_RightHandThumb2-Matrix-animation-input">
        <float_array id="mixamorig_RightHandThumb2-Matrix-animation-input-array" count="26">

0.000000 0.033333 0.066667 0.100000 0.133333 0.166667 0.200000 0.233333 0.266667 0.300000 0.333333 0.366667 0.400000 0.433333 0.466667 0.500000
0.533333 0.566667 0.600000 0.633333 0.666667 0.700000 0.733333 0.766667 0.800000 0.833333</float_array>
        <technique_common>
          <accessor source="#mixamorig_RightHandThumb2-Matrix-animation-input-array" count="26">
            <param name="TIME" type="float"/>
          </accessor>
        </technique_common>
      </source>
      <source id="mixamorig_RightHandThumb2-Matrix-animation-output-transform">
        <float_array id="mixamorig_RightHandThumb2-Matrix-animation-output-transform-array" count="416">

0.977249 -0.212086 0.001840 0.000000 0.212083 0.977250 0.002051 2.369600 -0.002233 -0.001614 0.999996 0.000000 0.000000 0.000000 0.000000 1.000000
0.975415 -0.220367 0.002015 0.000000 0.220365 0.975417 0.001140 2.369600 -0.002216 -0.000668 0.999997 0.000000 0.000000 0.000000 0.000000 1.000000
0.970782 -0.239951 0.002480 0.000000 0.239955 0.970784 -0.001014 2.369600 -0.002165 0.001580 0.999996 -0.000000 0.000000 0.000000 0.000000 1.000000
0.963947 -0.266075 0.003216 0.000000 0.266087 0.963941 -0.003881 2.369600 -0.002067 0.004597 0.999987 0.000000 0.000000 0.000000 0.000000 1.000000
0.955933 -0.293555 0.004140 0.000000 0.293577 0.955910 -0.006891 2.369600 -0.001934 0.007802 0.999968 0.000000 0.000000 0.000000 0.000000 1.000000
0.948445 -0.316903 0.005044 -0.000000 0.316938 0.948399 -0.009441 2.369600 -0.001792 0.010553 0.999943 -0.000000 0.000000 0.000000 0.000000 1.000000
0.943373 -0.331685 0.005675 0.000000 0.331729 0.943310 -0.011054 2.369600 -0.001687 0.012310 0.999923 0.000000 0.000000 0.000000 0.000000 1.000000
0.942455 -0.334282 0.005791 0.000000 0.334328 0.942389 -0.011337 2.369600 -0.001667 0.012621 0.999919 0.000000 0.000000 0.000000 0.000000 1.000000
0.942384 -0.334483 0.005799 0.000000 0.334529 0.942317 -0.011352 2.369600 -0.001667 0.012638 0.999919 -0.000000 0.000000 0.000000 0.000000 1.000000
0.942252 -0.334854 0.005814 0.000000 0.334900 0.942185 -0.011389 2.369600 -0.001664 0.012678 0.999918 0.000000 0.000000 0.000000 0.000000 1.000000
0.942069 -0.335368 0.005837 -0.000000 0.335415 0.942001 -0.011445 2.369600 -0.001660 0.012740 0.999917 0.000000 0.000000 0.000000 0.000000 1.000000
0.941850 -0.335982 0.005865 0.000000 0.336030 0.941781 -0.011517 2.369600 -0.001654 0.012818 0.999916 0.000000 0.000000 0.000000 0.000000 1.000000
0.941607 -0.336661 0.005896 0.000000 0.336709 0.941537 -0.011597 2.369600 -0.001647 0.012905 0.999915 0.000000 0.000000 0.000000 0.000000 1.000000
0.941353 -0.337370 0.005928 0.000000 0.337419 0.941282 -0.011675 2.369600 -0.001642 0.012990 0.999914 0.000000 0.000000 0.000000 0.000000 1.000000
0.941102 -0.338072 0.005960 0.000000 0.338120 0.941030 -0.011750 2.369600 -0.001636 0.013073 0.999913 -0.000000 0.000000 0.000000 0.000000 1.000000
0.940865 -0.338729 0.005990 0.000000 0.338778 0.940792 -0.011824 2.369600 -0.001630 0.013154 0.999912 0.000000 0.000000 0.000000 0.000000 1.000000
0.940656 -0.339307 0.006016 0.000000 0.339357 0.940583 -0.011891 2.369600 -0.001624 0.013227 0.999911 0.000000 0.000000 0.000000 0.000000 1.000000
0.940492 -0.339763 0.006037 0.000000 0.339813 0.940417 -0.011942 2.369600 -0.001620 0.013283 0.999910 0.000000 0.000000 0.000000 0.000000 1.000000
0.940380 -0.340072 0.006051 0.000000 0.340122 0.940305 -0.011973 2.369600 -0.001618 0.013317 0.999910 0.000000 0.000000 0.000000 0.000000 1.000000
0.940336 -0.340194 0.006056 0.000000 0.340244 0.940261 -0.011983 2.369600 -0.001618 0.013329 0.999910 -0.000000 0.000000 0.000000 0.000000 1.000000
0.943631 -0.330950 0.005639 0.000000 0.330994 0.943569 -0.010975 2.369600 -0.001688 0.012223 0.999924 0.000000 0.000000 0.000000 0.000000 1.000000
0.951330 -0.308139 0.004687 -0.000000 0.308169 0.951294 -0.008486 2.369600 -0.001844 0.009518 0.999953 -0.000000 0.000000 0.000000 0.000000 1.000000
0.960711 -0.277527 0.003576 0.000000 0.277542 0.960700 -0.005137 2.369600 -0.002010 0.005928 0.999980 0.000000 0.000000 0.000000 0.000000 1.000000
0.969139 -0.246500 0.002648 0.000000 0.246505 0.969140 -0.001734 2.369600 -0.002139 0.002333 0.999995 0.000000 0.000000 0.000000 0.000000 1.000000
0.974938 -0.222466 0.002055 -0.000000 0.222464 0.974940 0.000909 2.369600 -0.002206 -0.000429 0.999997 0.000000 0.000000 0.000000 0.000000 1.000000
0.977249 -0.212086 0.001834 -0.000000 0.212083 0.977250 0.002051 2.369600 -0.002228 -0.001615 0.999996 0.000000 0.000000 0.000000 0.000000 1.000000</float_array>
        <technique_common>
          <accessor source="#mixamorig_RightHandThumb2-Matrix-animation-output-transform-array" count="26" stride="16">
            <param type="float4x4"/>
          </accessor>
        </technique_common>
      </source>
      <source id="mixamorig_RightHandThumb2-Interpolations">
        <Name_array id="mixamorig_RightHandThumb2-Interpolations-array" count="26">
 LINEAR LINEAR LINEAR LINEAR LINEAR LINEAR LINEAR LINEAR LINEAR LINEAR LINEAR
LINEAR LINEAR LINEAR LINEAR LINEAR LINEAR LINEAR LINEAR LINEAR LINEAR LINEAR LINEAR
LINEAR LINEAR LINEAR</Name_array>
        <technique_common>
          <accessor source="#mixamorig_RightHandThumb2-Interpolations-array" count="26">
            <param type="name"/>
          </accessor>
        </technique_common>
      </source>
      <sampler id="mixamorig_RightHandThumb2-Matrix-animation-transform">
        <input semantic="INPUT" source="#mixamorig_RightHandThumb2-Matrix-animation-input"/>
        <input semantic="OUTPUT" source="#mixamorig_RightHandThumb2-Matrix-animation-output-transform"/>
        <input semantic="INTERPOLATION" source="#mixamorig_RightHandThumb2-Interpolations"/>
      </sampler>
      <channel source="#mixamorig_RightHandThumb2-Matrix-animation-transform" target="mixamorig_RightHandThumb2/matrix"/>
    </animation>
    <animation id="mixamorig_RightHandThumb3-anim" name="mixamorig_RightHandThumb3">
      <source id="mixamorig_RightHandThumb3-Matrix-animation-input">
        <float_array id="mixamorig_RightHandThumb3-Matrix-animation-input-array" count="26">

0.000000 0.033333 0.066667 0.100000 0.133333 0.166667 0.200000 0.233333 0.266667 0.300000 0.333333 0.366667 0.400000 0.433333 0.466667 0.500000
0.533333 0.566667 0.600000 0.633333 0.666667 0.700000 0.733333 0.766667 0.800000 0.833333</float_array>
        <technique_common>
          <accessor source="#mixamorig_RightHandThumb3-Matrix-animation-input-array" count="26">
            <param name="TIME" type="float"/>
          </accessor>
        </technique_common>
      </source>
      <source id="mixamorig_RightHandThumb3-Matrix-animation-output-transform">
        <float_array id="mixamorig_RightHandThumb3-Matrix-animation-output-transform-array" count="416">

1.000000 -0.000000 -0.000071 0.000000 0.000000 1.000000 -0.000000 2.785100 0.000071 0.000000 1.000000 0.000000 0.000000 0.000000 0.000000 1.000000
1.000000 0.000000 -0.000071 0.000000 -0.000000 1.000000 0.000000 2.785100 0.000071 -0.000000 1.000000 0.000000 0.000000 0.000000 0.000000 1.000000
1.000000 -0.000000 -0.000071 -0.000000 0.000000 1.000000 0.000000 2.785100 0.000071 -0.000000 1.000000 0.000000 0.000000 0.000000 0.000000 1.000000
1.000000 0.000000 -0.000071 0.000000 -0.000000 1.000000 -0.000000 2.785100 0.000071 0.000000 1.000000 0.000000 0.000000 0.000000 0.000000 1.000000
1.000000 -0.000000 -0.000070 0.000000 0.000000 1.000000 0.000000 2.785100 0.000070 -0.000000 1.000000 0.000000 0.000000 0.000000 0.000000 1.000000
1.000000 -0.000000 -0.000071 0.000000 0.000000 1.000000 0.000000 2.785100 0.000071 -0.000000 1.000000 0.000000 0.000000 0.000000 0.000000 1.000000
1.000000 -0.000000 -0.000071 0.000000 0.000000 1.000000 -0.000000 2.785100 0.000071 0.000000 1.000000 -0.000000 0.000000 0.000000 0.000000 1.000000
1.000000 -0.000000 -0.000070 -0.000000 0.000000 1.000000 0.000000 2.785100 0.000070 -0.000000 1.000000 0.000000 0.000000 0.000000 0.000000 1.000000
1.000000 -0.000000 -0.000071 0.000000 0.000000 1.000000 0.000000 2.785100 0.000071 -0.000000 1.000000 0.000000 0.000000 0.000000 0.000000 1.000000
1.000000 -0.000000 -0.000071 0.000000 0.000000 1.000000 0.000000 2.785100 0.000071 -0.000000 1.000000 0.000000 0.000000 0.000000 0.000000 1.000000
1.000000 -0.000000 -0.000071 0.000000 0.000000 1.000000 0.000000 2.785100 0.000071 -0.000000 1.000000 0.000000 0.000000 0.000000 0.000000 1.000000
1.000000 -0.000000 -0.000071 -0.000000 0.000000 1.000000 0.000000 2.785100 0.000071 -0.000000 1.000000 0.000000 0.000000 0.000000 0.000000 1.000000
1.000000 -0.000000 -0.000070 0.000000 0.000000 1.000000 0.000000 2.785100 0.000070 -0.000000 1.000000 0.000000 0.000000 0.000000 0.000000 1.000000
1.000000 -0.000000 -0.000071 0.000000 0.000000 1.000000 0.000000 2.785100 0.000071 -0.000000 1.000000 0.000000 0.000000 0.000000 0.000000 1.000000
1.000000 -0.000000 -0.000071 -0.000000 0.000000 1.000000 0.000000 2.785100 0.000071 -0.000000 1.000000 0.000000 0.000000 0.000000 0.000000 1.000000
1.000000 -0.000000 -0.000071 0.000000 0.000000 1.000000 0.000000 2.785100 0.000071 -0.000000 1.000000 -0.000000 0.000000 0.000000 0.000000 1.000000
1.000000 -0.000000 -0.000071 -0.000000 0.000000 1.000000 0.000000 2.785100 0.000071 -0.000000 1.000000 -0.000000 0.000000 0.000000 0.000000 1.000000
1.000000 -0.000000 -0.000071 0.000000 0.000000 1.000000 0.000000 2.785100 0.000071 -0.000000 1.000000 0.000000 0.000000 0.000000 0.000000 1.000000
1.000000 -0.000000 -0.000071 0.000000 0.000000 1.000000 -0.000000 2.785100 0.000071 0.000000 1.000000 -0.000000 0.000000 0.000000 0.000000 1.000000
1.000000 -0.000000 -0.000070 0.000000 0.000000 1.000000 0.000000 2.785100 0.000070 -0.000000 1.000000 -0.000000 0.000000 0.000000 0.000000 1.000000
1.000000 -0.000000 -0.000071 0.000000 0.000000 1.000000 0.000000 2.785100 0.000071 -0.000000 1.000000 -0.000000 0.000000 0.000000 0.000000 1.000000
1.000000 0.000000 -0.000071 0.000000 -0.000000 1.000000 0.000000 2.785100 0.000071 -0.000000 1.000000 0.000000 0.000000 0.000000 0.000000 1.000000
1.000000 0.000000 -0.000070 0.000000 -0.000000 1.000000 0.000000 2.785100 0.000070 -0.000000 1.000000 -0.000000 0.000000 0.000000 0.000000 1.000000
1.000000 -0.000000 -0.000071 0.000000 0.000000 1.000000 -0.000000 2.785100 0.000071 0.000000 1.000000 0.000000 0.000000 0.000000 0.000000 1.000000
1.000000 -0.000000 -0.000070 0.000000 0.000000 1.000000 -0.000000 2.785100 0.000070 0.000000 1.000000 -0.000000 0.000000 0.000000 0.000000 1.000000
1.000000 0.000000 -0.000071 -0.000000 -0.000000 1.000000 -0.000000 2.785100 0.000071 0.000000 1.000000 0.000000 0.000000 0.000000 0.000000 1.000000</float_array>
        <technique_common>
          <accessor source="#mixamorig_RightHandThumb3-Matrix-animation-output-transform-array" count="26" stride="16">
            <param type="float4x4"/>
          </accessor>
        </technique_common>
      </source>
      <source id="mixamorig_RightHandThumb3-Interpolations">
        <Name_array id="mixamorig_RightHandThumb3-Interpolations-array" count="26">
 LINEAR LINEAR LINEAR LINEAR LINEAR LINEAR LINEAR LINEAR LINEAR LINEAR LINEAR
LINEAR LINEAR LINEAR LINEAR LINEAR LINEAR LINEAR LINEAR LINEAR LINEAR LINEAR LINEAR
LINEAR LINEAR LINEAR</Name_array>
        <technique_common>
          <accessor source="#mixamorig_RightHandThumb3-Interpolations-array" count="26">
            <param type="name"/>
          </accessor>
        </technique_common>
      </source>
      <sampler id="mixamorig_RightHandThumb3-Matrix-animation-transform">
        <input semantic="INPUT" source="#mixamorig_RightHandThumb3-Matrix-animation-input"/>
        <input semantic="OUTPUT" source="#mixamorig_RightHandThumb3-Matrix-animation-output-transform"/>
        <input semantic="INTERPOLATION" source="#mixamorig_RightHandThumb3-Interpolations"/>
      </sampler>
      <channel source="#mixamorig_RightHandThumb3-Matrix-animation-transform" target="mixamorig_RightHandThumb3/matrix"/>
    </animation>
    <animation id="mixamorig_RightHandIndex1-anim" name="mixamorig_RightHandIndex1">
      <source id="mixamorig_RightHandIndex1-Matrix-animation-input">
        <float_array id="mixamorig_RightHandIndex1-Matrix-animation-input-array" count="26">

0.000000 0.033333 0.066667 0.100000 0.133333 0.166667 0.200000 0.233333 0.266667 0.300000 0.333333 0.366667 0.400000 0.433333 0.466667 0.500000
0.533333 0.566667 0.600000 0.633333 0.666667 0.700000 0.733333 0.766667 0.800000 0.833333</float_array>
        <technique_common>
          <accessor source="#mixamorig_RightHandIndex1-Matrix-animation-input-array" count="26">
            <param name="TIME" type="float"/>
          </accessor>
        </technique_common>
      </source>
      <source id="mixamorig_RightHandIndex1-Matrix-animation-output-transform">
        <float_array id="mixamorig_RightHandIndex1-Matrix-animation-output-transform-array" count="416">

0.996420 -0.038587 -0.075215 4.736600 -0.060736 0.292087 -0.954461 18.296400 0.058799 0.955613 0.288698 0.973900 0.000000 0.000000 0.000000 1.000000
0.996352 -0.038346 -0.076242 4.736600 -0.062405 0.282019 -0.957377 18.296400 0.058213 0.958642 0.278597 0.973900 0.000000 0.000000 0.000000 1.000000
0.996182 -0.037817 -0.078687 4.736600 -0.066340 0.258001 -0.963864 18.296400 0.056751 0.965404 0.254507 0.973900 0.000000 0.000000 0.000000 1.000000
0.995939 -0.037204 -0.081985 4.736600 -0.071558 0.225518 -0.971608 18.296400 0.054636 0.973528 0.221940 0.973900 0.000000 0.000000 0.000000 1.000000
0.995663 -0.036674 -0.085503 4.736600 -0.077010 0.190801 -0.978603 18.296400 0.052203 0.980943 0.187149 0.973900 0.000000 0.000000 0.000000 1.000000
0.995411 -0.036320 -0.088528 4.736600 -0.081608 0.160865 -0.983597 18.296400 0.049965 0.986308 0.157163 0.973900 0.000000 0.000000 0.000000 1.000000
0.995244 -0.036142 -0.090461 4.736600 -0.084502 0.141703 -0.986296 18.296400 0.048466 0.989249 0.137975 0.973900 0.000000 0.000000 0.000000 1.000000
0.995228 -0.036128 -0.090640 4.736600 -0.084769 0.139922 -0.986527 18.296400 0.048324 0.989503 0.136192 0.973900 0.000000 0.000000 0.000000 1.000000
0.995321 -0.036220 -0.089581 4.736600 -0.083189 0.150425 -0.985115 18.296400 0.049156 0.987958 0.146708 0.973900 0.000000 0.000000 0.000000 1.000000
0.995487 -0.036416 -0.087628 4.736600 -0.080248 0.169782 -0.982209 18.296400 0.050646 0.984809 0.166093 0.973900 0.000000 0.000000 0.000000 1.000000
0.995710 -0.036754 -0.084917 4.736600 -0.076110 0.196590 -0.977527 18.296400 0.052622 0.979797 0.192949 0.973900 0.000000 0.000000 0.000000 1.000000
0.995962 -0.037256 -0.081683 4.736600 -0.071084 0.228498 -0.970946 18.296400 0.054838 0.972831 0.224927 0.973900 0.000000 0.000000 0.000000 1.000000
0.996221 -0.037933 -0.078135 4.736600 -0.065457 0.263410 -0.962461 18.296400 0.057090 0.963938 0.259931 0.973900 0.000000 0.000000 0.000000 1.000000
0.996470 -0.038776 -0.074453 4.736600 -0.059492 0.299534 -0.952229 18.296400 0.059225 0.953297 0.296170 0.973900 0.000000 0.000000 0.000000 1.000000
0.996695 -0.039745 -0.070848 4.736600 -0.053522 0.334796 -0.940770 18.296400 0.061111 0.941452 0.331562 0.973900 0.000000 0.000000 0.000000 1.000000
0.996886 -0.040778 -0.067496 4.736600 -0.047854 0.367490 -0.928795 18.296400 0.062678 0.929133 0.364394 0.973900 0.000000 0.000000 0.000000 1.000000
0.997037 -0.041781 -0.064580 4.736600 -0.042828 0.395854 -0.917314 18.296400 0.063891 0.917363 0.392892 0.973900 0.000000 0.000000 0.000000 1.000000
0.997146 -0.042636 -0.062300 4.736600 -0.038835 0.417980 -0.907626 18.296400 0.064738 0.907455 0.415131 0.973900 0.000000 0.000000 0.000000 1.000000
0.997214 -0.043244 -0.060773 4.736600 -0.036129 0.432775 -0.900778 18.296400 0.065255 0.900464 0.430007 0.973900 0.000000 0.000000 0.000000 1.000000
0.997240 -0.043491 -0.060175 4.736600 -0.035061 0.438564 -0.898016 18.296400 0.065446 0.897647 0.435829 0.973900 0.000000 0.000000 0.000000 1.000000
0.997194 -0.043055 -0.061240 4.736600 -0.036959 0.428256 -0.902901 18.296400 0.065101 0.902631 0.425463 0.973900 0.000000 0.000000 0.000000 1.000000
0.997070 -0.042025 -0.063910 4.736600 -0.041660 0.402367 -0.914530 18.296400 0.064148 0.914513 0.399438 0.973900 0.000000 0.000000 0.000000 1.000000
0.996886 -0.040774 -0.067504 4.736600 -0.047866 0.367430 -0.928819 18.296400 0.062674 0.929157 0.364334 0.973900 0.000000 0.000000 0.000000 1.000000
0.996677 -0.039655 -0.071156 4.736600 -0.054036 0.331813 -0.941796 18.296400 0.060958 0.942511 0.328568 0.973900 0.000000 0.000000 0.000000 1.000000
0.996500 -0.038890 -0.073990 4.736600 -0.058731 0.304091 -0.950831 18.296400 0.059477 0.951849 0.300743 0.973900 0.000000 0.000000 0.000000 1.000000
0.996420 -0.038587 -0.075215 4.736600 -0.060737 0.292087 -0.954461 18.296400 0.058799 0.955613 0.288698 0.973900 0.000000 0.000000 0.000000 1.000000</float_array>
        <technique_common>
          <accessor source="#mixamorig_RightHandIndex1-Matrix-animation-output-transform-array" count="26" stride="16">
            <param type="float4x4"/>
          </accessor>
        </technique_common>
      </source>
      <source id="mixamorig_RightHandIndex1-Interpolations">
        <Name_array id="mixamorig_RightHandIndex1-Interpolations-array" count="26">
 LINEAR LINEAR LINEAR LINEAR LINEAR LINEAR LINEAR LINEAR LINEAR LINEAR LINEAR
LINEAR LINEAR LINEAR LINEAR LINEAR LINEAR LINEAR LINEAR LINEAR LINEAR LINEAR LINEAR
LINEAR LINEAR LINEAR</Name_array>
        <technique_common>
          <accessor source="#mixamorig_RightHandIndex1-Interpolations-array" count="26">
            <param type="name"/>
          </accessor>
        </technique_common>
      </source>
      <sampler id="mixamorig_RightHandIndex1-Matrix-animation-transform">
        <input semantic="INPUT" source="#mixamorig_RightHandIndex1-Matrix-animation-input"/>
        <input semantic="OUTPUT" source="#mixamorig_RightHandIndex1-Matrix-animation-output-transform"/>
        <input semantic="INTERPOLATION" source="#mixamorig_RightHandIndex1-Interpolations"/>
      </sampler>
      <channel source="#mixamorig_RightHandIndex1-Matrix-animation-transform" target="mixamorig_RightHandIndex1/matrix"/>
    </animation>
    <animation id="mixamorig_RightHandIndex2-anim" name="mixamorig_RightHandIndex2">
      <source id="mixamorig_RightHandIndex2-Matrix-animation-input">
        <float_array id="mixamorig_RightHandIndex2-Matrix-animation-input-array" count="26">

0.000000 0.033333 0.066667 0.100000 0.133333 0.166667 0.200000 0.233333 0.266667 0.300000 0.333333 0.366667 0.400000 0.433333 0.466667 0.500000
0.533333 0.566667 0.600000 0.633333 0.666667 0.700000 0.733333 0.766667 0.800000 0.833333</float_array>
        <technique_common>
          <accessor source="#mixamorig_RightHandIndex2-Matrix-animation-input-array" count="26">
            <param name="TIME" type="float"/>
          </accessor>
        </technique_common>
      </source>
      <source id="mixamorig_RightHandIndex2-Matrix-animation-output-transform">
        <float_array id="mixamorig_RightHandIndex2-Matrix-animation-output-transform-array" count="416">

0.993787 0.096300 -0.055794 0.000000 -0.052431 -0.037111 -0.997935 4.698000 -0.098171 0.994660 -0.031832 -0.000000 0.000000 0.000000 0.000000 1.000000
0.993684 0.096767 -0.056817 0.000000 -0.052389 -0.047710 -0.997486 4.698000 -0.099235 0.994163 -0.042339 0.000000 0.000000 0.000000 0.000000 1.000000
0.993437 0.097835 -0.059258 0.000000 -0.052238 -0.072825 -0.995976 4.698000 -0.101757 0.992535 -0.067236 0.000000 0.000000 0.000000 0.000000 1.000000
0.993101 0.099170 -0.062569 0.000000 -0.051932 -0.106435 -0.992963 4.698000 -0.105132 0.989362 -0.100550 0.000000 0.000000 0.000000 0.000000 1.000000
0.992741 0.100463 -0.066126 0.000000 -0.051481 -0.141946 -0.988535 4.698000 -0.108698 0.984763 -0.135744 0.000000 0.000000 0.000000 0.000000 1.000000
0.992428 0.101469 -0.069211 0.000000 -0.050996 -0.172224 -0.983737 4.698000 -0.111738 0.979818 -0.165745 0.000000 0.000000 0.000000 0.000000 1.000000
0.992228 0.102060 -0.071191 -0.000000 -0.050636 -0.191440 -0.980197 4.698000 -0.113668 0.976184 -0.184784 0.000000 0.000000 0.000000 0.000000 1.000000
0.992209 0.102113 -0.071375 0.000000 -0.050600 -0.193219 -0.979850 4.698000 -0.113846 0.975827 -0.186547 -0.000000 0.000000 0.000000 0.000000 1.000000
0.992319 0.101796 -0.070288 0.000000 -0.050804 -0.182709 -0.981853 4.698000 -0.112791 0.977883 -0.176134 0.000000 0.000000 0.000000 0.000000 1.000000
0.992522 0.101179 -0.068290 0.000000 -0.051149 -0.163237 -0.985260 4.698000 -0.110835 0.981385 -0.156841 0.000000 0.000000 0.000000 0.000000 1.000000
0.992801 0.100256 -0.065530 -0.000000 -0.051564 -0.136052 -0.989359 4.698000 -0.108105 0.985616 -0.129903 0.000000 0.000000 0.000000 0.000000 1.000000
0.993133 0.099051 -0.062260 0.000000 -0.051961 -0.103362 -0.993286 4.698000 -0.104821 0.989700 -0.097506 0.000000 0.000000 0.000000 0.000000 1.000000
0.993493 0.097597 -0.058702 0.000000 -0.052273 -0.067171 -0.996371 4.698000 -0.101186 0.992957 -0.061632 0.000000 0.000000 0.000000 0.000000 1.000000
0.993864 0.095939 -0.055040 0.000000 -0.052457 -0.029243 -0.998195 4.698000 -0.097375 0.994958 -0.024030 0.000000 0.000000 0.000000 0.000000 1.000000
0.994224 0.094164 -0.051487 -0.000000 -0.052496 0.008267 -0.998587 4.698000 -0.093605 0.995522 0.013162 0.000000 0.000000 0.000000 0.000000 1.000000
0.994556 0.092377 -0.048212 0.000000 -0.052403 0.043490 -0.997679 4.698000 -0.090066 0.994774 0.048094 -0.000000 0.000000 0.000000 0.000000 1.000000
0.994843 0.090710 -0.045386 0.000000 -0.052217 0.074410 -0.995860 4.698000 -0.086958 0.993094 0.078763 0.000000 0.000000 0.000000 0.000000 1.000000
0.995065 0.089333 -0.043192 0.000000 -0.052003 0.098772 -0.993750 4.698000 -0.084508 0.991092 0.102930 0.000000 0.000000 0.000000 0.000000 1.000000
0.995213 0.088373 -0.041731 -0.000000 -0.051824 0.115183 -0.991991 4.698000 -0.082859 0.989405 0.119212 -0.000000 0.000000 0.000000 0.000000 1.000000
0.995271 0.087989 -0.041160 0.000000 -0.051746 0.121634 -0.991225 4.698000 -0.082210 0.988667 0.125612 0.000000 0.000000 0.000000 0.000000 1.000000
0.995168 0.088670 -0.042177 0.000000 -0.051882 0.110161 -0.992559 4.698000 -0.083364 0.989951 0.114229 -0.000000 0.000000 0.000000 0.000000 1.000000
0.994908 0.090313 -0.044740 0.000000 -0.052161 0.081557 -0.995303 4.698000 -0.086240 0.992568 0.085852 0.000000 0.000000 0.000000 0.000000 1.000000
0.994555 0.092383 -0.048219 -0.000000 -0.052404 0.043421 -0.997682 4.698000 -0.090075 0.994776 0.048026 0.000000 0.000000 0.000000 0.000000 1.000000
0.994194 0.094325 -0.051788 0.000000 -0.052499 0.005068 -0.998608 4.698000 -0.093931 0.995529 0.009990 -0.000000 0.000000 0.000000 0.000000 1.000000
0.993910 0.095723 -0.054581 0.000000 -0.052471 -0.024431 -0.998324 4.698000 -0.096896 0.995108 -0.019259 0.000000 0.000000 0.000000 0.000000 1.000000
0.993787 0.096300 -0.055795 0.000000 -0.052432 -0.037112 -0.997935 4.698000 -0.098172 0.994660 -0.031832 -0.000000 0.000000 0.000000 0.000000 1.000000</float_array>
        <technique_common>
          <accessor source="#mixamorig_RightHandIndex2-Matrix-animation-output-transform-array" count="26" stride="16">
            <param type="float4x4"/>
          </accessor>
        </technique_common>
      </source>
      <source id="mixamorig_RightHandIndex2-Interpolations">
        <Name_array id="mixamorig_RightHandIndex2-Interpolations-array" count="26">
 LINEAR LINEAR LINEAR LINEAR LINEAR LINEAR LINEAR LINEAR LINEAR LINEAR LINEAR
LINEAR LINEAR LINEAR LINEAR LINEAR LINEAR LINEAR LINEAR LINEAR LINEAR LINEAR LINEAR
LINEAR LINEAR LINEAR</Name_array>
        <technique_common>
          <accessor source="#mixamorig_RightHandIndex2-Interpolations-array" count="26">
            <param type="name"/>
          </accessor>
        </technique_common>
      </source>
      <sampler id="mixamorig_RightHandIndex2-Matrix-animation-transform">
        <input semantic="INPUT" source="#mixamorig_RightHandIndex2-Matrix-animation-input"/>
        <input semantic="OUTPUT" source="#mixamorig_RightHandIndex2-Matrix-animation-output-transform"/>
        <input semantic="INTERPOLATION" source="#mixamorig_RightHandIndex2-Interpolations"/>
      </sampler>
      <channel source="#mixamorig_RightHandIndex2-Matrix-animation-transform" target="mixamorig_RightHandIndex2/matrix"/>
    </animation>
    <animation id="mixamorig_RightHandIndex3-anim" name="mixamorig_RightHandIndex3">
      <source id="mixamorig_RightHandIndex3-Matrix-animation-input">
        <float_array id="mixamorig_RightHandIndex3-Matrix-animation-input-array" count="26">

0.000000 0.033333 0.066667 0.100000 0.133333 0.166667 0.200000 0.233333 0.266667 0.300000 0.333333 0.366667 0.400000 0.433333 0.466667 0.500000
0.533333 0.566667 0.600000 0.633333 0.666667 0.700000 0.733333 0.766667 0.800000 0.833333</float_array>
        <technique_common>
          <accessor source="#mixamorig_RightHandIndex3-Matrix-animation-input-array" count="26">
            <param name="TIME" type="float"/>
          </accessor>
        </technique_common>
      </source>
      <source id="mixamorig_RightHandIndex3-Matrix-animation-output-transform">
        <float_array id="mixamorig_RightHandIndex3-Matrix-animation-output-transform-array" count="416">

1.000000 -0.000000 0.000000 -0.000000 0.000000 1.000000 0.000000 2.894000 -0.000000 -0.000000 1.000000 0.000000 0.000000 0.000000 0.000000 1.000000
1.000000 -0.000000 0.000000 -0.000000 0.000000 1.000000 0.000000 2.894000 0.000000 -0.000000 1.000000 -0.000000 0.000000 0.000000 0.000000 1.000000
1.000000 -0.000000 -0.000000 0.000000 0.000000 1.000000 0.000000 2.894000 0.000000 -0.000000 1.000000 0.000000 0.000000 0.000000 0.000000 1.000000
1.000000 -0.000000 -0.000000 -0.000000 0.000000 1.000000 0.000000 2.894000 0.000000 -0.000000 1.000000 0.000000 0.000000 0.000000 0.000000 1.000000
1.000000 -0.000000 -0.000000 -0.000000 0.000000 1.000000 0.000000 2.894000 0.000000 -0.000000 1.000000 0.000000 0.000000 0.000000 0.000000 1.000000
1.000000 -0.000000 0.000000 0.000000 0.000000 1.000000 0.000000 2.894000 0.000000 -0.000000 1.000000 0.000000 0.000000 0.000000 0.000000 1.000000
1.000000 -0.000000 -0.000000 -0.000000 0.000000 1.000000 -0.000000 2.894000 0.000000 0.000000 1.000000 0.000000 0.000000 0.000000 0.000000 1.000000
1.000000 0.000000 0.000000 0.000000 -0.000000 1.000000 0.000000 2.894000 -0.000000 -0.000000 1.000000 0.000000 0.000000 0.000000 0.000000 1.000000
1.000000 -0.000000 -0.000000 -0.000000 0.000000 1.000000 0.000000 2.894000 0.000000 -0.000000 1.000000 0.000000 0.000000 0.000000 0.000000 1.000000
1.000000 0.000000 0.000000 0.000000 -0.000000 1.000000 -0.000000 2.894000 -0.000000 0.000000 1.000000 0.000000 0.000000 0.000000 0.000000 1.000000
1.000000 -0.000000 -0.000000 0.000000 0.000000 1.000000 -0.000000 2.894000 0.000000 0.000000 1.000000 0.000000 0.000000 0.000000 0.000000 1.000000
1.000000 -0.000000 -0.000000 -0.000000 0.000000 1.000000 -0.000000 2.894000 0.000000 0.000000 1.000000 -0.000000 0.000000 0.000000 0.000000 1.000000
1.000000 0.000000 0.000000 0.000000 -0.000000 1.000000 0.000000 2.894000 -0.000000 -0.000000 1.000000 -0.000000 0.000000 0.000000 0.000000 1.000000
1.000000 0.000000 0.000000 0.000000 -0.000000 1.000000 0.000000 2.894000 -0.000000 -0.000000 1.000000 0.000000 0.000000 0.000000 0.000000 1.000000
1.000000 -0.000000 -0.000000 -0.000000 0.000000 1.000000 0.000000 2.894000 0.000000 -0.000000 1.000000 0.000000 0.000000 0.000000 0.000000 1.000000
1.000000 -0.000000 0.000000 0.000000 0.000000 1.000000 0.000000 2.894000 0.000000 -0.000000 1.000000 0.000000 0.000000 0.000000 0.000000 1.000000
1.000000 -0.000000 -0.000000 -0.000000 0.000000 1.000000 0.000000 2.894000 0.000000 -0.000000 1.000000 -0.000000 0.000000 0.000000 0.000000 1.000000
1.000000 0.000000 -0.000000 0.000000 -0.000000 1.000000 -0.000000 2.894000 0.000000 0.000000 1.000000 0.000000 0.000000 0.000000 0.000000 1.000000
1.000000 0.000000 0.000000 -0.000000 -0.000000 1.000000 0.000000 2.894000 -0.000000 -0.000000 1.000000 0.000000 0.000000 0.000000 0.000000 1.000000
1.000000 -0.000000 -0.000000 0.000000 0.000000 1.000000 0.000000 2.894000 0.000000 -0.000000 1.000000 0.000000 0.000000 0.000000 0.000000 1.000000
1.000000 -0.000000 -0.000000 0.000000 0.000000 1.000000 -0.000000 2.894000 0.000000 0.000000 1.000000 -0.000000 0.000000 0.000000 0.000000 1.000000
1.000000 0.000000 -0.000000 0.000000 -0.000000 1.000000 0.000000 2.894000 0.000000 -0.000000 1.000000 -0.000000 0.000000 0.000000 0.000000 1.000000
1.000000 -0.000000 -0.000000 0.000000 0.000000 1.000000 0.000000 2.894000 0.000000 -0.000000 1.000000 0.000000 0.000000 0.000000 0.000000 1.000000
1.000000 0.000000 -0.000000 0.000000 -0.000000 1.000000 0.000000 2.894000 0.000000 -0.000000 1.000000 -0.000000 0.000000 0.000000 0.000000 1.000000
1.000000 -0.000000 0.000000 -0.000000 0.000000 1.000000 0.000000 2.894000 -0.000000 -0.000000 1.000000 -0.000000 0.000000 0.000000 0.000000 1.000000
1.000000 -0.000000 0.000000 0.000000 0.000000 1.000000 0.000000 2.894000 -0.000000 -0.000000 1.000000 0.000000 0.000000 0.000000 0.000000 1.000000</float_array>
        <technique_common>
          <accessor source="#mixamorig_RightHandIndex3-Matrix-animation-output-transform-array" count="26" stride="16">
            <param type="float4x4"/>
          </accessor>
        </technique_common>
      </source>
      <source id="mixamorig_RightHandIndex3-Interpolations">
        <Name_array id="mixamorig_RightHandIndex3-Interpolations-array" count="26">
 LINEAR LINEAR LINEAR LINEAR LINEAR LINEAR LINEAR LINEAR LINEAR LINEAR LINEAR
LINEAR LINEAR LINEAR LINEAR LINEAR LINEAR LINEAR LINEAR LINEAR LINEAR LINEAR LINEAR
LINEAR LINEAR LINEAR</Name_array>
        <technique_common>
          <accessor source="#mixamorig_RightHandIndex3-Interpolations-array" count="26">
            <param type="name"/>
          </accessor>
        </technique_common>
      </source>
      <sampler id="mixamorig_RightHandIndex3-Matrix-animation-transform">
        <input semantic="INPUT" source="#mixamorig_RightHandIndex3-Matrix-animation-input"/>
        <input semantic="OUTPUT" source="#mixamorig_RightHandIndex3-Matrix-animation-output-transform"/>
        <input semantic="INTERPOLATION" source="#mixamorig_RightHandIndex3-Interpolations"/>
      </sampler>
      <channel source="#mixamorig_RightHandIndex3-Matrix-animation-transform" target="mixamorig_RightHandIndex3/matrix"/>
    </animation>
    <animation id="mixamorig_RightHandMiddle1-anim" name="mixamorig_RightHandMiddle1">
      <source id="mixamorig_RightHandMiddle1-Matrix-animation-input">
        <float_array id="mixamorig_RightHandMiddle1-Matrix-animation-input-array" count="26">

0.000000 0.033333 0.066667 0.100000 0.133333 0.166667 0.200000 0.233333 0.266667 0.300000 0.333333 0.366667 0.400000 0.433333 0.466667 0.500000
0.533333 0.566667 0.600000 0.633333 0.666667 0.700000 0.733333 0.766667 0.800000 0.833333</float_array>
        <technique_common>
          <accessor source="#mixamorig_RightHandMiddle1-Matrix-animation-input-array" count="26">
            <param name="TIME" type="float"/>
          </accessor>
        </technique_common>
      </source>
      <source id="mixamorig_RightHandMiddle1-Matrix-animation-output-transform">
        <float_array id="mixamorig_RightHandMiddle1-Matrix-animation-output-transform-array" count="416">

0.998256 0.047161 -0.035510 0.139500 -0.044369 0.202575 -0.978261 17.923901 -0.038943 0.978131 0.204314 0.051600 0.000000 0.000000 0.000000 1.000000
0.998198 0.047655 -0.036471 0.139500 -0.044994 0.192187 -0.980326 17.923901 -0.039708 0.980201 0.193985 0.051600 0.000000 0.000000 0.000000 1.000000
0.998057 0.048765 -0.038783 0.139500 -0.046449 0.167448 -0.984786 17.923901 -0.041529 0.984674 0.169388 0.051600 0.000000 0.000000 0.000000 1.000000
0.997862 0.050122 -0.041943 0.139500 -0.048339 0.134086 -0.989790 17.923901 -0.043986 0.989701 0.136222 0.051600 0.000000 0.000000 0.000000 1.000000
0.997648 0.051385 -0.045365 0.139500 -0.050268 0.098549 -0.993862 17.923901 -0.046599 0.993805 0.100900 0.051600 0.000000 0.000000 0.000000 1.000000
0.997459 0.052324 -0.048344 0.139500 -0.051857 0.068001 -0.996337 17.923901 -0.048845 0.996312 0.070542 0.051600 0.000000 0.000000 0.000000 1.000000
0.997337 0.052853 -0.050262 0.139500 -0.052836 0.048494 -0.997425 17.923901 -0.050279 0.997424 0.051157 0.051600 0.000000 0.000000 0.000000 1.000000
0.997325 0.052899 -0.050440 0.139500 -0.052926 0.046683 -0.997507 17.923901 -0.050412 0.997508 0.049358 0.051600 0.000000 0.000000 0.000000 1.000000
0.997393 0.052619 -0.049387 0.139500 -0.052393 0.057368 -0.996977 17.923901 -0.049627 0.996965 0.059975 0.051600 0.000000 0.000000 0.000000 1.000000
0.997516 0.052060 -0.047454 0.139500 -0.051391 0.077091 -0.995699 17.923901 -0.048178 0.995664 0.079574 0.051600 0.000000 0.000000 0.000000 1.000000
0.997684 0.051188 -0.044791 0.139500 -0.049953 0.104466 -0.993273 17.923901 -0.046164 0.993210 0.106781 0.051600 0.000000 0.000000 0.000000 1.000000
0.997880 0.050002 -0.041652 0.139500 -0.048169 0.137143 -0.989379 17.923901 -0.043759 0.989288 0.139260 0.051600 0.000000 0.000000 0.000000 1.000000
0.998089 0.048522 -0.038258 0.139500 -0.046123 0.173015 -0.983839 17.923901 -0.041119 0.983723 0.174922 0.051600 0.000000 0.000000 0.000000 1.000000
0.998297 0.046851 -0.034767 0.139500 -0.043882 0.210267 -0.976659 17.923901 -0.038447 0.976521 0.211965 0.051600 0.000000 0.000000 0.000000 1.000000
0.998489 0.045121 -0.031362 0.139500 -0.041561 0.246768 -0.968183 17.923901 -0.035946 0.968024 0.248270 0.051600 0.000000 0.000000 0.000000 1.000000
0.998660 0.043380 -0.028222 0.139500 -0.039296 0.280737 -0.958980 17.923901 -0.033677 0.958804 0.282066 0.051600 0.000000 0.000000 0.000000 1.000000
0.998802 0.041759 -0.025515 0.139500 -0.037240 0.310309 -0.949906 17.923901 -0.031750 0.949718 0.311493 0.051600 0.000000 0.000000 0.000000 1.000000
0.998908 0.040421 -0.023414 0.139500 -0.035575 0.333446 -0.942098 17.923901 -0.030273 0.941902 0.334520 0.051600 0.000000 0.000000 0.000000 1.000000
0.998978 0.039487 -0.022014 0.139500 -0.034431 0.348951 -0.936508 17.923901 -0.029298 0.936309 0.349953 0.051600 0.000000 0.000000 0.000000 1.000000
0.999004 0.039115 -0.021467 0.139500 -0.033976 0.355027 -0.934239 17.923901 -0.028921 0.934037 0.356002 0.051600 0.000000 0.000000 0.000000 1.000000
0.998957 0.039776 -0.022441 0.139500 -0.034783 0.344213 -0.938247 17.923901 -0.029595 0.938049 0.345237 0.051600 0.000000 0.000000 0.000000 1.000000
0.998834 0.041373 -0.024896 0.139500 -0.036756 0.317114 -0.947675 17.923901 -0.031313 0.947485 0.318265 0.051600 0.000000 0.000000 0.000000 1.000000
0.998660 0.043385 -0.028230 0.139500 -0.039302 0.280675 -0.958998 17.923901 -0.033683 0.958822 0.282004 0.051600 0.000000 0.000000 0.000000 1.000000
0.998473 0.045275 -0.031651 0.139500 -0.041764 0.243675 -0.968957 17.923901 -0.036157 0.968800 0.245194 0.051600 0.000000 0.000000 0.000000 1.000000
0.998322 0.046639 -0.034328 0.139500 -0.043592 0.214977 -0.975646 17.923901 -0.038123 0.975505 0.216649 0.051600 0.000000 0.000000 0.000000 1.000000
0.998254 0.047217 -0.035484 0.139500 -0.044355 0.202576 -0.978262 17.923901 -0.039002 0.978128 0.204316 0.051600 0.000000 0.000000 0.000000 1.000000</float_array>
        <technique_common>
          <accessor source="#mixamorig_RightHandMiddle1-Matrix-animation-output-transform-array" count="26" stride="16">
            <param type="float4x4"/>
          </accessor>
        </technique_common>
      </source>
      <source id="mixamorig_RightHandMiddle1-Interpolations">
        <Name_array id="mixamorig_RightHandMiddle1-Interpolations-array" count="26">
 LINEAR LINEAR LINEAR LINEAR LINEAR LINEAR LINEAR LINEAR LINEAR LINEAR LINEAR
LINEAR LINEAR LINEAR LINEAR LINEAR LINEAR LINEAR LINEAR LINEAR LINEAR LINEAR LINEAR
LINEAR LINEAR LINEAR</Name_array>
        <technique_common>
          <accessor source="#mixamorig_RightHandMiddle1-Interpolations-array" count="26">
            <param type="name"/>
          </accessor>
        </technique_common>
      </source>
      <sampler id="mixamorig_RightHandMiddle1-Matrix-animation-transform">
        <input semantic="INPUT" source="#mixamorig_RightHandMiddle1-Matrix-animation-input"/>
        <input semantic="OUTPUT" source="#mixamorig_RightHandMiddle1-Matrix-animation-output-transform"/>
        <input semantic="INTERPOLATION" source="#mixamorig_RightHandMiddle1-Interpolations"/>
      </sampler>
      <channel source="#mixamorig_RightHandMiddle1-Matrix-animation-transform" target="mixamorig_RightHandMiddle1/matrix"/>
    </animation>
    <animation id="mixamorig_RightHandMiddle2-anim" name="mixamorig_RightHandMiddle2">
      <source id="mixamorig_RightHandMiddle2-Matrix-animation-input">
        <float_array id="mixamorig_RightHandMiddle2-Matrix-animation-input-array" count="26">

0.000000 0.033333 0.066667 0.100000 0.133333 0.166667 0.200000 0.233333 0.266667 0.300000 0.333333 0.366667 0.400000 0.433333 0.466667 0.500000
0.533333 0.566667 0.600000 0.633333 0.666667 0.700000 0.733333 0.766667 0.800000 0.833333</float_array>
        <technique_common>
          <accessor source="#mixamorig_RightHandMiddle2-Matrix-animation-input-array" count="26">
            <param name="TIME" type="float"/>
          </accessor>
        </technique_common>
      </source>
      <source id="mixamorig_RightHandMiddle2-Matrix-animation-output-transform">
        <float_array id="mixamorig_RightHandMiddle2-Matrix-animation-output-transform-array" count="416">

0.993609 0.088659 -0.069855 -0.000000 -0.076233 0.070719 -0.994579 5.002000 -0.083239 0.993548 0.077026 0.000000 0.000000 0.000000 0.000000 1.000000
0.993527 0.088858 -0.070770 -0.000000 -0.076272 0.060123 -0.995273 5.002000 -0.084183 0.994228 0.066511 0.000000 0.000000 0.000000 0.000000 1.000000
0.993325 0.089309 -0.073008 0.000000 -0.076382 0.034963 -0.996465 5.002000 -0.086441 0.995390 0.041551 -0.000000 0.000000 0.000000 0.000000 1.000000
0.993052 0.089826 -0.076018 -0.000000 -0.076433 0.001186 -0.997074 5.002000 -0.089473 0.995957 0.008044 0.000000 0.000000 0.000000 0.000000 1.000000
0.992761 0.090263 -0.079231 0.000000 -0.076378 -0.034637 -0.996477 5.002000 -0.092689 0.995315 -0.027492 0.000000 0.000000 0.000000 0.000000 1.000000
0.992512 0.090543 -0.081985 0.000000 -0.076230 -0.065291 -0.994950 5.002000 -0.095439 0.993750 -0.057900 0.000000 0.000000 0.000000 0.000000 1.000000
0.992355 0.090675 -0.083719 0.000000 -0.076066 -0.084800 -0.993490 5.002000 -0.097185 0.992264 -0.077255 0.000000 0.000000 0.000000 0.000000 1.000000
0.992341 0.090686 -0.083878 -0.000000 -0.076047 -0.086608 -0.993336 5.002000 -0.097346 0.992106 -0.079049 0.000000 0.000000 0.000000 0.000000 1.000000
0.992428 0.090618 -0.082918 -0.000000 -0.076133 -0.075930 -0.994202 5.002000 -0.096389 0.992987 -0.068456 0.000000 0.000000 0.000000 0.000000 1.000000
0.992588 0.090467 -0.081153 0.000000 -0.076270 -0.056182 -0.995503 5.002000 -0.094619 0.994313 -0.048866 -0.000000 0.000000 0.000000 0.000000 1.000000
0.992810 0.090197 -0.078694 0.000000 -0.076394 -0.028682 -0.996665 5.002000 -0.092153 0.995511 -0.021585 0.000000 0.000000 0.000000 0.000000 1.000000
0.993078 0.089781 -0.075738 0.000000 -0.076429 0.004279 -0.997066 5.002000 -0.089193 0.995952 0.011111 0.000000 0.000000 0.000000 0.000000 1.000000
0.993371 0.089209 -0.072496 0.000000 -0.076356 0.040632 -0.996252 5.002000 -0.085929 0.995184 0.047175 -0.000000 0.000000 0.000000 0.000000 1.000000
0.993676 0.088485 -0.069131 0.000000 -0.076151 0.078578 -0.993995 5.002000 -0.082521 0.992973 0.084819 0.000000 0.000000 0.000000 0.000000 1.000000
0.993974 0.087644 -0.065836 0.000000 -0.075820 0.115952 -0.990357 5.002000 -0.079165 0.989380 0.121899 -0.000000 0.000000 0.000000 0.000000 1.000000
0.994251 0.086742 -0.062771 0.000000 -0.075396 0.150910 -0.985668 5.002000 -0.076026 0.984734 0.156583 0.000000 0.000000 0.000000 0.000000 1.000000
0.994493 0.085859 -0.060105 0.000000 -0.074930 0.181486 -0.980535 5.002000 -0.073280 0.979638 0.186920 0.000000 0.000000 0.000000 0.000000 1.000000
0.994681 0.085105 -0.058020 -0.000000 -0.074502 0.205504 -0.975816 5.002000 -0.071123 0.974949 0.210751 -0.000000 0.000000 0.000000 0.000000 1.000000
0.994808 0.084566 -0.056623 0.000000 -0.074184 0.221647 -0.972301 5.002000 -0.069673 0.971453 0.226770 -0.000000 0.000000 0.000000 0.000000 1.000000
0.994857 0.084348 -0.056076 -0.000000 -0.074052 0.227983 -0.970845 5.002000 -0.069104 0.970005 0.233057 0.000000 0.000000 0.000000 0.000000 1.000000
0.994769 0.084734 -0.057050 0.000000 -0.074284 0.216710 -0.973406 5.002000 -0.070117 0.972552 0.221871 0.000000 0.000000 0.000000 0.000000 1.000000
0.994548 0.085645 -0.059493 -0.000000 -0.074811 0.188538 -0.979212 5.002000 -0.072648 0.978324 0.193918 -0.000000 0.000000 0.000000 0.000000 1.000000
0.994250 0.086746 -0.062778 0.000000 -0.075398 0.150841 -0.985678 5.002000 -0.076034 0.984745 0.156515 0.000000 0.000000 0.000000 0.000000 1.000000
0.993948 0.087725 -0.066117 0.000000 -0.075855 0.112771 -0.990721 5.002000 -0.079455 0.989741 0.118743 0.000000 0.000000 0.000000 0.000000 1.000000
0.993714 0.088390 -0.068708 0.000000 -0.076117 0.083382 -0.993606 5.002000 -0.082095 0.992590 0.089586 0.000000 0.000000 0.000000 0.000000 1.000000
0.993615 0.088644 -0.069797 0.000000 -0.076174 0.070719 -0.994583 5.002000 -0.083227 0.993550 0.077020 0.000000 0.000000 0.000000 0.000000 1.000000</float_array>
        <technique_common>
          <accessor source="#mixamorig_RightHandMiddle2-Matrix-animation-output-transform-array" count="26" stride="16">
            <param type="float4x4"/>
          </accessor>
        </technique_common>
      </source>
      <source id="mixamorig_RightHandMiddle2-Interpolations">
        <Name_array id="mixamorig_RightHandMiddle2-Interpolations-array" count="26">
 LINEAR LINEAR LINEAR LINEAR LINEAR LINEAR LINEAR LINEAR LINEAR LINEAR LINEAR
LINEAR LINEAR LINEAR LINEAR LINEAR LINEAR LINEAR LINEAR LINEAR LINEAR LINEAR LINEAR
LINEAR LINEAR LINEAR</Name_array>
        <technique_common>
          <accessor source="#mixamorig_RightHandMiddle2-Interpolations-array" count="26">
            <param type="name"/>
          </accessor>
        </technique_common>
      </source>
      <sampler id="mixamorig_RightHandMiddle2-Matrix-animation-transform">
        <input semantic="INPUT" source="#mixamorig_RightHandMiddle2-Matrix-animation-input"/>
        <input semantic="OUTPUT" source="#mixamorig_RightHandMiddle2-Matrix-animation-output-transform"/>
        <input semantic="INTERPOLATION" source="#mixamorig_RightHandMiddle2-Interpolations"/>
      </sampler>
      <channel source="#mixamorig_RightHandMiddle2-Matrix-animation-transform" target="mixamorig_RightHandMiddle2/matrix"/>
    </animation>
    <animation id="mixamorig_RightHandMiddle3-anim" name="mixamorig_RightHandMiddle3">
      <source id="mixamorig_RightHandMiddle3-Matrix-animation-input">
        <float_array id="mixamorig_RightHandMiddle3-Matrix-animation-input-array" count="26">

0.000000 0.033333 0.066667 0.100000 0.133333 0.166667 0.200000 0.233333 0.266667 0.300000 0.333333 0.366667 0.400000 0.433333 0.466667 0.500000
0.533333 0.566667 0.600000 0.633333 0.666667 0.700000 0.733333 0.766667 0.800000 0.833333</float_array>
        <technique_common>
          <accessor source="#mixamorig_RightHandMiddle3-Matrix-animation-input-array" count="26">
            <param name="TIME" type="float"/>
          </accessor>
        </technique_common>
      </source>
      <source id="mixamorig_RightHandMiddle3-Matrix-animation-output-transform">
        <float_array id="mixamorig_RightHandMiddle3-Matrix-animation-output-transform-array" count="416">

1.000000 0.000000 -0.000000 0.000000 -0.000000 1.000000 -0.000000 3.279000 0.000000 0.000000 1.000000 -0.000000 0.000000 0.000000 0.000000 1.000000
1.000000 0.000000 -0.000000 0.000000 -0.000000 1.000000 -0.000000 3.279000 -0.000000 0.000000 1.000000 0.000000 0.000000 0.000000 0.000000 1.000000
1.000000 -0.000000 -0.000000 0.000000 0.000000 1.000000 -0.000000 3.279000 0.000000 0.000000 1.000000 -0.000000 0.000000 0.000000 0.000000 1.000000
1.000000 0.000000 0.000000 -0.000000 -0.000000 1.000000 -0.000000 3.279000 -0.000000 0.000000 1.000000 0.000000 0.000000 0.000000 0.000000 1.000000
1.000000 0.000000 0.000000 0.000000 -0.000000 1.000000 -0.000000 3.279000 0.000000 0.000000 1.000000 0.000000 0.000000 0.000000 0.000000 1.000000
1.000000 0.000000 0.000000 -0.000000 -0.000000 1.000000 -0.000000 3.279000 0.000000 0.000000 1.000000 -0.000000 0.000000 0.000000 0.000000 1.000000
1.000000 -0.000000 -0.000000 -0.000000 0.000000 1.000000 0.000000 3.279000 0.000000 -0.000000 1.000000 0.000000 0.000000 0.000000 0.000000 1.000000
1.000000 -0.000000 -0.000000 0.000000 0.000000 1.000000 -0.000000 3.279000 0.000000 0.000000 1.000000 0.000000 0.000000 0.000000 0.000000 1.000000
1.000000 0.000000 0.000000 0.000000 -0.000000 1.000000 -0.000000 3.279000 -0.000000 0.000000 1.000000 0.000000 0.000000 0.000000 0.000000 1.000000
1.000000 -0.000000 0.000000 0.000000 0.000000 1.000000 -0.000000 3.279000 -0.000000 0.000000 1.000000 0.000000 0.000000 0.000000 0.000000 1.000000
1.000000 0.000000 0.000000 -0.000000 -0.000000 1.000000 -0.000000 3.279000 0.000000 0.000000 1.000000 0.000000 0.000000 0.000000 0.000000 1.000000
1.000000 0.000000 0.000000 0.000000 -0.000000 1.000000 -0.000000 3.279000 0.000000 0.000000 1.000000 0.000000 0.000000 0.000000 0.000000 1.000000
1.000000 0.000000 0.000000 -0.000000 -0.000000 1.000000 -0.000000 3.279000 0.000000 0.000000 1.000000 0.000000 0.000000 0.000000 0.000000 1.000000
1.000000 0.000000 0.000000 0.000000 -0.000000 1.000000 -0.000000 3.279000 -0.000000 0.000000 1.000000 0.000000 0.000000 0.000000 0.000000 1.000000
1.000000 0.000000 0.000000 0.000000 -0.000000 1.000000 -0.000000 3.279000 -0.000000 0.000000 1.000000 0.000000 0.000000 0.000000 0.000000 1.000000
1.000000 0.000000 0.000000 0.000000 -0.000000 1.000000 -0.000000 3.279000 0.000000 0.000000 1.000000 0.000000 0.000000 0.000000 0.000000 1.000000
1.000000 0.000000 0.000000 0.000000 -0.000000 1.000000 -0.000000 3.279000 -0.000000 0.000000 1.000000 0.000000 0.000000 0.000000 0.000000 1.000000
1.000000 -0.000000 -0.000000 0.000000 0.000000 1.000000 0.000000 3.279000 0.000000 -0.000000 1.000000 0.000000 0.000000 0.000000 0.000000 1.000000
1.000000 0.000000 0.000000 -0.000000 -0.000000 1.000000 -0.000000 3.279000 0.000000 0.000000 1.000000 -0.000000 0.000000 0.000000 0.000000 1.000000
1.000000 0.000000 -0.000000 0.000000 -0.000000 1.000000 -0.000000 3.279000 0.000000 0.000000 1.000000 0.000000 0.000000 0.000000 0.000000 1.000000
1.000000 0.000000 -0.000000 0.000000 -0.000000 1.000000 -0.000000 3.279000 -0.000000 0.000000 1.000000 -0.000000 0.000000 0.000000 0.000000 1.000000
1.000000 0.000000 0.000000 0.000000 -0.000000 1.000000 -0.000000 3.279000 0.000000 0.000000 1.000000 0.000000 0.000000 0.000000 0.000000 1.000000
1.000000 -0.000000 0.000000 0.000000 0.000000 1.000000 0.000000 3.279000 -0.000000 -0.000000 1.000000 -0.000000 0.000000 0.000000 0.000000 1.000000
1.000000 0.000000 0.000000 0.000000 -0.000000 1.000000 -0.000000 3.279000 -0.000000 0.000000 1.000000 0.000000 0.000000 0.000000 0.000000 1.000000
1.000000 0.000000 0.000000 0.000000 -0.000000 1.000000 -0.000000 3.279000 0.000000 0.000000 1.000000 0.000000 0.000000 0.000000 0.000000 1.000000
1.000000 0.000000 0.000000 0.000000 -0.000000 1.000000 0.000000 3.279000 -0.000000 -0.000000 1.000000 0.000000 0.000000 0.000000 0.000000 1.000000</float_array>
        <technique_common>
          <accessor source="#mixamorig_RightHandMiddle3-Matrix-animation-output-transform-array" count="26" stride="16">
            <param type="float4x4"/>
          </accessor>
        </technique_common>
      </source>
      <source id="mixamorig_RightHandMiddle3-Interpolations">
        <Name_array id="mixamorig_RightHandMiddle3-Interpolations-array" count="26">
 LINEAR LINEAR LINEAR LINEAR LINEAR LINEAR LINEAR LINEAR LINEAR LINEAR LINEAR
LINEAR LINEAR LINEAR LINEAR LINEAR LINEAR LINEAR LINEAR LINEAR LINEAR LINEAR LINEAR
LINEAR LINEAR LINEAR</Name_array>
        <technique_common>
          <accessor source="#mixamorig_RightHandMiddle3-Interpolations-array" count="26">
            <param type="name"/>
          </accessor>
        </technique_common>
      </source>
      <sampler id="mixamorig_RightHandMiddle3-Matrix-animation-transform">
        <input semantic="INPUT" source="#mixamorig_RightHandMiddle3-Matrix-animation-input"/>
        <input semantic="OUTPUT" source="#mixamorig_RightHandMiddle3-Matrix-animation-output-transform"/>
        <input semantic="INTERPOLATION" source="#mixamorig_RightHandMiddle3-Interpolations"/>
      </sampler>
      <channel source="#mixamorig_RightHandMiddle3-Matrix-animation-transform" target="mixamorig_RightHandMiddle3/matrix"/>
    </animation>
    <animation id="mixamorig_RightHandRing1-anim" name="mixamorig_RightHandRing1">
      <source id="mixamorig_RightHandRing1-Matrix-animation-input">
        <float_array id="mixamorig_RightHandRing1-Matrix-animation-input-array" count="26">

0.000000 0.033333 0.066667 0.100000 0.133333 0.166667 0.200000 0.233333 0.266667 0.300000 0.333333 0.366667 0.400000 0.433333 0.466667 0.500000
0.533333 0.566667 0.600000 0.633333 0.666667 0.700000 0.733333 0.766667 0.800000 0.833333</float_array>
        <technique_common>
          <accessor source="#mixamorig_RightHandRing1-Matrix-animation-input-array" count="26">
            <param name="TIME" type="float"/>
          </accessor>
        </technique_common>
      </source>
      <source id="mixamorig_RightHandRing1-Matrix-animation-output-transform">
        <float_array id="mixamorig_RightHandRing1-Matrix-animation-output-transform-array" count="416">

0.996997 0.058708 0.050493 -3.988400 0.046037 0.074928 -0.996126 15.764000 -0.062264 0.995459 0.072000 0.151600 0.000000 0.000000 0.000000 1.000000
0.996938 0.060273 0.049811 -3.988400 0.045911 0.064450 -0.996864 15.764000 -0.063294 0.996099 0.061485 0.151600 0.000000 0.000000 0.000000 1.000000
0.996789 0.063917 0.048239 -3.988400 0.045769 0.039550 -0.998169 15.764000 -0.065708 0.997171 0.036497 0.151600 0.000000 0.000000 0.000000 1.000000
0.996574 0.068734 0.046009 -3.988400 0.045697 0.006098 -0.998937 15.764000 -0.068942 0.997616 0.002937 0.151600 0.000000 0.000000 0.000000 1.000000
0.996329 0.073755 0.043467 -3.988400 0.045737 -0.029372 -0.998522 15.764000 -0.072370 0.996844 -0.032638 0.151600 0.000000 0.000000 0.000000 1.000000
0.996105 0.077983 0.041149 -3.988400 0.045869 -0.059730 -0.997160 15.764000 -0.075304 0.995164 -0.063074 0.151600 0.000000 0.000000 0.000000 1.000000
0.995956 0.080641 0.039598 -3.988400 0.045993 -0.079052 -0.995809 15.764000 -0.077172 0.993603 -0.082441 0.151600 0.000000 0.000000 0.000000 1.000000
0.995942 0.080884 0.039457 -3.988400 0.046012 -0.080843 -0.995664 15.764000 -0.077344 0.993440 -0.084236 0.151600 0.000000 0.000000 0.000000 1.000000
0.996025 0.079435 0.040310 -3.988400 0.045932 -0.070267 -0.996470 15.764000 -0.076322 0.994360 -0.073637 0.151600 0.000000 0.000000 0.000000 1.000000
0.996173 0.076736 0.041843 -3.988400 0.045812 -0.050709 -0.997662 15.764000 -0.074435 0.995761 -0.054030 0.151600 0.000000 0.000000 0.000000 1.000000
0.996371 0.072927 0.043901 -3.988400 0.045721 -0.023477 -0.998678 15.764000 -0.071800 0.997061 -0.026726 0.151600 0.000000 0.000000 0.000000 1.000000
0.996594 0.068296 0.046219 -3.988400 0.045699 0.009157 -0.998913 15.764000 -0.068645 0.997623 0.006004 0.151600 0.000000 0.000000 0.000000 1.000000
0.996823 0.063101 0.048598 -3.988400 0.045794 0.045144 -0.997930 15.764000 -0.065164 0.996986 0.042111 0.151600 0.000000 0.000000 0.000000 1.000000
0.997043 0.057581 0.050882 -3.988400 0.046027 0.082702 -0.995511 15.764000 -0.061531 0.994909 0.079807 0.151600 0.000000 0.000000 0.000000 1.000000
0.997241 0.052047 0.052931 -3.988400 0.046392 0.119685 -0.991727 15.764000 -0.057951 0.991447 0.116940 0.151600 0.000000 0.000000 0.000000 1.000000
0.997408 0.046781 0.054667 -3.988400 0.046856 0.154271 -0.986917 15.764000 -0.054603 0.986920 0.151680 0.151600 0.000000 0.000000 0.000000 1.000000
0.997540 0.042105 0.056038 -3.988400 0.047360 0.184517 -0.981688 15.764000 -0.051674 0.981927 0.182070 0.151600 0.000000 0.000000 0.000000 1.000000
0.997635 0.038383 0.057019 -3.988400 0.047821 0.208272 -0.976901 15.764000 -0.049372 0.977318 0.205944 0.151600 0.000000 0.000000 0.000000 1.000000
0.997694 0.035856 0.057632 -3.988400 0.048167 0.224236 -0.973344 15.764000 -0.047824 0.973875 0.221992 0.151600 0.000000 0.000000 0.000000 1.000000
0.997715 0.034855 0.057870 -3.988400 0.048319 0.230503 -0.971871 15.764000 -0.047214 0.972447 0.228292 0.151600 0.000000 0.000000 0.000000 1.000000
0.997676 0.036632 0.057447 -3.988400 0.048056 0.219356 -0.974461 15.764000 -0.048298 0.974957 0.217086 0.151600 0.000000 0.000000 0.000000 1.000000
0.997569 0.041017 0.056335 -3.988400 0.047489 0.191495 -0.980344 15.764000 -0.050998 0.980636 0.189082 0.151600 0.000000 0.000000 0.000000 1.000000
0.997408 0.046793 0.054662 -3.988400 0.046853 0.154208 -0.986927 15.764000 -0.054610 0.986930 0.151616 0.151600 0.000000 0.000000 0.000000 1.000000
0.997225 0.052523 0.052763 -3.988400 0.046354 0.116543 -0.992103 15.764000 -0.058258 0.991796 0.113785 0.151600 0.000000 0.000000 0.000000 1.000000
0.997070 0.056877 0.051155 -3.988400 0.046064 0.087463 -0.995102 15.764000 -0.061073 0.994543 0.084587 0.151600 0.000000 0.000000 0.000000 1.000000
0.997000 0.058743 0.050402 -3.988400 0.045943 0.074933 -0.996130 15.764000 -0.062292 0.995457 0.072010 0.151600 0.000000 0.000000 0.000000 1.000000</float_array>
        <technique_common>
          <accessor source="#mixamorig_RightHandRing1-Matrix-animation-output-transform-array" count="26" stride="16">
            <param type="float4x4"/>
          </accessor>
        </technique_common>
      </source>
      <source id="mixamorig_RightHandRing1-Interpolations">
        <Name_array id="mixamorig_RightHandRing1-Interpolations-array" count="26">
 LINEAR LINEAR LINEAR LINEAR LINEAR LINEAR LINEAR LINEAR LINEAR LINEAR LINEAR
LINEAR LINEAR LINEAR LINEAR LINEAR LINEAR LINEAR LINEAR LINEAR LINEAR LINEAR LINEAR
LINEAR LINEAR LINEAR</Name_array>
        <technique_common>
          <accessor source="#mixamorig_RightHandRing1-Interpolations-array" count="26">
            <param type="name"/>
          </accessor>
        </technique_common>
      </source>
      <sampler id="mixamorig_RightHandRing1-Matrix-animation-transform">
        <input semantic="INPUT" source="#mixamorig_RightHandRing1-Matrix-animation-input"/>
        <input semantic="OUTPUT" source="#mixamorig_RightHandRing1-Matrix-animation-output-transform"/>
        <input semantic="INTERPOLATION" source="#mixamorig_RightHandRing1-Interpolations"/>
      </sampler>
      <channel source="#mixamorig_RightHandRing1-Matrix-animation-transform" target="mixamorig_RightHandRing1/matrix"/>
    </animation>
    <animation id="mixamorig_RightHandRing2-anim" name="mixamorig_RightHandRing2">
      <source id="mixamorig_RightHandRing2-Matrix-animation-input">
        <float_array id="mixamorig_RightHandRing2-Matrix-animation-input-array" count="26">

0.000000 0.033333 0.066667 0.100000 0.133333 0.166667 0.200000 0.233333 0.266667 0.300000 0.333333 0.366667 0.400000 0.433333 0.466667 0.500000
0.533333 0.566667 0.600000 0.633333 0.666667 0.700000 0.733333 0.766667 0.800000 0.833333</float_array>
        <technique_common>
          <accessor source="#mixamorig_RightHandRing2-Matrix-animation-input-array" count="26">
            <param name="TIME" type="float"/>
          </accessor>
        </technique_common>
      </source>
      <source id="mixamorig_RightHandRing2-Matrix-animation-output-transform">
        <float_array id="mixamorig_RightHandRing2-Matrix-animation-output-transform-array" count="416">

0.991363 0.087647 -0.097554 -0.000000 -0.099996 0.023906 -0.994701 3.498000 -0.084851 0.995865 0.032463 -0.000000 0.000000 0.000000 0.000000 1.000000
0.991276 0.087537 -0.098538 -0.000000 -0.100071 0.013290 -0.994892 3.498000 -0.085781 0.996073 0.021934 0.000000 0.000000 0.000000 0.000000 1.000000
0.991082 0.087208 -0.100750 -0.000000 -0.100092 -0.011898 -0.994907 3.498000 -0.087962 0.996119 -0.003063 -0.000000 0.000000 0.000000 0.000000 1.000000
0.990828 0.086676 -0.103670 -0.000000 -0.100001 -0.045669 -0.993939 3.498000 -0.090885 0.995189 -0.036582 0.000000 0.000000 0.000000 0.000000 1.000000
0.990559 0.086003 -0.106752 -0.000000 -0.099802 -0.081425 -0.991670 3.498000 -0.093979 0.992962 -0.072073 0.000000 0.000000 0.000000 0.000000 1.000000
0.990326 0.085343 -0.109408 0.000000 -0.099580 -0.111974 -0.988709 3.498000 -0.096630 0.990040 -0.102392 0.000000 0.000000 0.000000 0.000000 1.000000
0.990179 0.084880 -0.111092 0.000000 -0.099398 -0.131392 -0.986335 3.498000 -0.098316 0.987690 -0.121665 0.000000 0.000000 0.000000 0.000000 1.000000
0.990165 0.084835 -0.111248 -0.000000 -0.099379 -0.133191 -0.986095 3.498000 -0.098473 0.987453 -0.123451 0.000000 0.000000 0.000000 0.000000 1.000000
0.990245 0.085096 -0.110333 0.000000 -0.099490 -0.122567 -0.987461 3.498000 -0.097552 0.988805 -0.112905 0.000000 0.000000 0.000000 0.000000 1.000000
0.990394 0.085549 -0.108633 0.000000 -0.099667 -0.102901 -0.989686 3.498000 -0.095845 0.991006 -0.093386 0.000000 0.000000 0.000000 0.000000 1.000000
0.990603 0.086122 -0.106244 0.000000 -0.099846 -0.075486 -0.992135 3.498000 -0.093465 0.993421 -0.066177 0.000000 0.000000 0.000000 0.000000 1.000000
0.990851 0.086727 -0.103401 0.000000 -0.100010 -0.042580 -0.994075 3.498000 -0.090616 0.995322 -0.033516 0.000000 0.000000 0.000000 0.000000 1.000000
0.991126 0.087287 -0.100248 0.000000 -0.100087 -0.006227 -0.994959 3.498000 -0.087471 0.996164 0.002564 0.000000 0.000000 0.000000 0.000000 1.000000
0.991415 0.087748 -0.096932 -0.000000 -0.100045 0.031783 -0.994475 3.498000 -0.084182 0.995636 0.040289 -0.000000 0.000000 0.000000 0.000000 1.000000
0.991702 0.088079 -0.093642 -0.000000 -0.099879 0.069287 -0.992584 3.498000 -0.080937 0.993701 0.077510 0.000000 0.000000 0.000000 0.000000 1.000000
0.991972 0.088277 -0.090542 0.000000 -0.099613 0.104428 -0.989531 3.498000 -0.077897 0.990607 0.112383 0.000000 0.000000 0.000000 0.000000 1.000000
0.992210 0.088360 -0.087813 0.000000 -0.099289 0.135211 -0.985829 3.498000 -0.075234 0.986869 0.142931 0.000000 0.000000 0.000000 0.000000 1.000000
0.992398 0.088366 -0.085657 -0.000000 -0.098976 0.159425 -0.982236 3.498000 -0.073140 0.983247 0.166959 -0.000000 0.000000 0.000000 0.000000 1.000000
0.992526 0.088338 -0.084199 0.000000 -0.098731 0.175717 -0.979477 3.498000 -0.071730 0.980469 0.183125 0.000000 0.000000 0.000000 0.000000 1.000000
0.992577 0.088316 -0.083615 -0.000000 -0.098618 0.182114 -0.978320 3.498000 -0.071174 0.979303 0.189471 0.000000 0.000000 0.000000 0.000000 1.000000
0.992486 0.088350 -0.084648 0.000000 -0.098812 0.170732 -0.980350 3.498000 -0.072162 0.981348 0.178179 0.000000 0.000000 0.000000 0.000000 1.000000
0.992265 0.088368 -0.087182 0.000000 -0.099204 0.142318 -0.984837 3.498000 -0.074621 0.985869 0.149983 0.000000 0.000000 0.000000 0.000000 1.000000
0.991972 0.088278 -0.090550 0.000000 -0.099615 0.104359 -0.989538 3.498000 -0.077905 0.990614 0.112315 0.000000 0.000000 0.000000 0.000000 1.000000
0.991677 0.088058 -0.093926 -0.000000 -0.099901 0.066093 -0.992800 3.498000 -0.081216 0.993920 0.074340 0.000000 0.000000 0.000000 0.000000 1.000000
0.991451 0.087801 -0.096514 0.000000 -0.100034 0.036601 -0.994311 3.498000 -0.083769 0.995465 0.045071 0.000000 0.000000 0.000000 0.000000 1.000000
0.991351 0.087674 -0.097650 0.000000 -0.100093 0.023906 -0.994691 3.498000 -0.084874 0.995862 0.032475 -0.000000 0.000000 0.000000 0.000000 1.000000</float_array>
        <technique_common>
          <accessor source="#mixamorig_RightHandRing2-Matrix-animation-output-transform-array" count="26" stride="16">
            <param type="float4x4"/>
          </accessor>
        </technique_common>
      </source>
      <source id="mixamorig_RightHandRing2-Interpolations">
        <Name_array id="mixamorig_RightHandRing2-Interpolations-array" count="26">
 LINEAR LINEAR LINEAR LINEAR LINEAR LINEAR LINEAR LINEAR LINEAR LINEAR LINEAR
LINEAR LINEAR LINEAR LINEAR LINEAR LINEAR LINEAR LINEAR LINEAR LINEAR LINEAR LINEAR
LINEAR LINEAR LINEAR</Name_array>
        <technique_common>
          <accessor source="#mixamorig_RightHandRing2-Interpolations-array" count="26">
            <param type="name"/>
          </accessor>
        </technique_common>
      </source>
      <sampler id="mixamorig_RightHandRing2-Matrix-animation-transform">
        <input semantic="INPUT" source="#mixamorig_RightHandRing2-Matrix-animation-input"/>
        <input semantic="OUTPUT" source="#mixamorig_RightHandRing2-Matrix-animation-output-transform"/>
        <input semantic="INTERPOLATION" source="#mixamorig_RightHandRing2-Interpolations"/>
      </sampler>
      <channel source="#mixamorig_RightHandRing2-Matrix-animation-transform" target="mixamorig_RightHandRing2/matrix"/>
    </animation>
    <animation id="mixamorig_RightHandRing3-anim" name="mixamorig_RightHandRing3">
      <source id="mixamorig_RightHandRing3-Matrix-animation-input">
        <float_array id="mixamorig_RightHandRing3-Matrix-animation-input-array" count="26">

0.000000 0.033333 0.066667 0.100000 0.133333 0.166667 0.200000 0.233333 0.266667 0.300000 0.333333 0.366667 0.400000 0.433333 0.466667 0.500000
0.533333 0.566667 0.600000 0.633333 0.666667 0.700000 0.733333 0.766667 0.800000 0.833333</float_array>
        <technique_common>
          <accessor source="#mixamorig_RightHandRing3-Matrix-animation-input-array" count="26">
            <param name="TIME" type="float"/>
          </accessor>
        </technique_common>
      </source>
      <source id="mixamorig_RightHandRing3-Matrix-animation-output-transform">
        <float_array id="mixamorig_RightHandRing3-Matrix-animation-output-transform-array" count="416">

1.000000 0.000000 0.000000 0.000000 -0.000000 1.000000 -0.000000 2.984000 -0.000000 0.000000 1.000000 0.000000 0.000000 0.000000 0.000000 1.000000
1.000000 -0.000000 -0.000000 0.000000 0.000000 1.000000 -0.000000 2.984000 0.000000 0.000000 1.000000 0.000000 0.000000 0.000000 0.000000 1.000000
1.000000 0.000000 -0.000000 0.000000 -0.000000 1.000000 -0.000000 2.984000 0.000000 0.000000 1.000000 0.000000 0.000000 0.000000 0.000000 1.000000
1.000000 0.000000 -0.000000 0.000000 -0.000000 1.000000 -0.000000 2.984000 0.000000 0.000000 1.000000 0.000000 0.000000 0.000000 0.000000 1.000000
1.000000 0.000000 -0.000000 0.000000 -0.000000 1.000000 0.000000 2.984000 0.000000 -0.000000 1.000000 -0.000000 0.000000 0.000000 0.000000 1.000000
1.000000 0.000000 -0.000000 0.000000 -0.000000 1.000000 0.000000 2.984000 0.000000 -0.000000 1.000000 -0.000000 0.000000 0.000000 0.000000 1.000000
1.000000 0.000000 -0.000000 0.000000 -0.000000 1.000000 -0.000000 2.984000 0.000000 0.000000 1.000000 0.000000 0.000000 0.000000 0.000000 1.000000
1.000000 -0.000000 -0.000000 0.000000 0.000000 1.000000 0.000000 2.984000 0.000000 -0.000000 1.000000 0.000000 0.000000 0.000000 0.000000 1.000000
1.000000 -0.000000 -0.000000 0.000000 0.000000 1.000000 0.000000 2.984000 0.000000 -0.000000 1.000000 0.000000 0.000000 0.000000 0.000000 1.000000
1.000000 0.000000 -0.000000 -0.000000 -0.000000 1.000000 -0.000000 2.984000 0.000000 0.000000 1.000000 -0.000000 0.000000 0.000000 0.000000 1.000000
1.000000 0.000000 -0.000000 0.000000 -0.000000 1.000000 0.000000 2.984000 0.000000 -0.000000 1.000000 0.000000 0.000000 0.000000 0.000000 1.000000
1.000000 0.000000 -0.000000 0.000000 -0.000000 1.000000 0.000000 2.984000 0.000000 -0.000000 1.000000 0.000000 0.000000 0.000000 0.000000 1.000000
1.000000 0.000000 -0.000000 -0.000000 -0.000000 1.000000 0.000000 2.984000 0.000000 -0.000000 1.000000 0.000000 0.000000 0.000000 0.000000 1.000000
1.000000 0.000000 -0.000000 0.000000 -0.000000 1.000000 -0.000000 2.984000 0.000000 0.000000 1.000000 0.000000 0.000000 0.000000 0.000000 1.000000
1.000000 0.000000 -0.000000 -0.000000 -0.000000 1.000000 0.000000 2.984000 0.000000 -0.000000 1.000000 0.000000 0.000000 0.000000 0.000000 1.000000
1.000000 0.000000 -0.000000 0.000000 -0.000000 1.000000 -0.000000 2.984000 0.000000 0.000000 1.000000 0.000000 0.000000 0.000000 0.000000 1.000000
1.000000 0.000000 -0.000000 -0.000000 -0.000000 1.000000 0.000000 2.984000 0.000000 -0.000000 1.000000 -0.000000 0.000000 0.000000 0.000000 1.000000
1.000000 0.000000 -0.000000 -0.000000 -0.000000 1.000000 0.000000 2.984000 0.000000 -0.000000 1.000000 -0.000000 0.000000 0.000000 0.000000 1.000000
1.000000 0.000000 0.000000 0.000000 -0.000000 1.000000 -0.000000 2.984000 -0.000000 0.000000 1.000000 0.000000 0.000000 0.000000 0.000000 1.000000
1.000000 -0.000000 -0.000000 0.000000 0.000000 1.000000 -0.000000 2.984000 0.000000 0.000000 1.000000 0.000000 0.000000 0.000000 0.000000 1.000000
1.000000 -0.000000 -0.000000 -0.000000 0.000000 1.000000 -0.000000 2.984000 0.000000 0.000000 1.000000 0.000000 0.000000 0.000000 0.000000 1.000000
1.000000 0.000000 -0.000000 0.000000 -0.000000 1.000000 0.000000 2.984000 0.000000 -0.000000 1.000000 0.000000 0.000000 0.000000 0.000000 1.000000
1.000000 0.000000 -0.000000 0.000000 -0.000000 1.000000 -0.000000 2.984000 0.000000 0.000000 1.000000 0.000000 0.000000 0.000000 0.000000 1.000000
1.000000 -0.000000 0.000000 0.000000 0.000000 1.000000 -0.000000 2.984000 -0.000000 0.000000 1.000000 0.000000 0.000000 0.000000 0.000000 1.000000
1.000000 0.000000 -0.000000 0.000000 -0.000000 1.000000 0.000000 2.984000 0.000000 -0.000000 1.000000 -0.000000 0.000000 0.000000 0.000000 1.000000
1.000000 -0.000000 -0.000000 0.000000 0.000000 1.000000 -0.000000 2.984000 0.000000 0.000000 1.000000 0.000000 0.000000 0.000000 0.000000 1.000000</float_array>
        <technique_common>
          <accessor source="#mixamorig_RightHandRing3-Matrix-animation-output-transform-array" count="26" stride="16">
            <param type="float4x4"/>
          </accessor>
        </technique_common>
      </source>
      <source id="mixamorig_RightHandRing3-Interpolations">
        <Name_array id="mixamorig_RightHandRing3-Interpolations-array" count="26">
 LINEAR LINEAR LINEAR LINEAR LINEAR LINEAR LINEAR LINEAR LINEAR LINEAR LINEAR
LINEAR LINEAR LINEAR LINEAR LINEAR LINEAR LINEAR LINEAR LINEAR LINEAR LINEAR LINEAR
LINEAR LINEAR LINEAR</Name_array>
        <technique_common>
          <accessor source="#mixamorig_RightHandRing3-Interpolations-array" count="26">
            <param type="name"/>
          </accessor>
        </technique_common>
      </source>
      <sampler id="mixamorig_RightHandRing3-Matrix-animation-transform">
        <input semantic="INPUT" source="#mixamorig_RightHandRing3-Matrix-animation-input"/>
        <input semantic="OUTPUT" source="#mixamorig_RightHandRing3-Matrix-animation-output-transform"/>
        <input semantic="INTERPOLATION" source="#mixamorig_RightHandRing3-Interpolations"/>
      </sampler>
      <channel source="#mixamorig_RightHandRing3-Matrix-animation-transform" target="mixamorig_RightHandRing3/matrix"/>
    </animation>
    <animation id="mixamorig_RightHandPinky1-anim" name="mixamorig_RightHandPinky1">
      <source id="mixamorig_RightHandPinky1-Matrix-animation-input">
        <float_array id="mixamorig_RightHandPinky1-Matrix-animation-input-array" count="26">

0.000000 0.033333 0.066667 0.100000 0.133333 0.166667 0.200000 0.233333 0.266667 0.300000 0.333333 0.366667 0.400000 0.433333 0.466667 0.500000
0.533333 0.566667 0.600000 0.633333 0.666667 0.700000 0.733333 0.766667 0.800000 0.833333</float_array>
        <technique_common>
          <accessor source="#mixamorig_RightHandPinky1-Matrix-animation-input-array" count="26">
            <param name="TIME" type="float"/>
          </accessor>
        </technique_common>
      </source>
      <source id="mixamorig_RightHandPinky1-Matrix-animation-output-transform">
        <float_array id="mixamorig_RightHandPinky1-Matrix-animation-output-transform-array" count="416">

0.989185 0.090088 0.115746 -6.663900 0.127925 -0.143870 -0.981293 12.707500 -0.071751 0.985487 -0.153839 0.878800 0.000000 0.000000 0.000000 1.000000
0.989082 0.092455 0.114757 -6.663900 0.128073 -0.154065 -0.979725 12.707500 -0.072900 0.983726 -0.164224 0.878800 0.000000 0.000000 0.000000 1.000000
0.988823 0.098027 0.112338 -6.663900 0.128498 -0.178191 -0.975570 12.707500 -0.075614 0.979101 -0.188795 0.878800 0.000000 0.000000 0.000000 1.000000
0.988445 0.105403 0.108932 -6.663900 0.129228 -0.210384 -0.969040 12.707500 -0.079222 0.971920 -0.221574 0.878800 0.000000 0.000000 0.000000 1.000000
0.988012 0.113094 0.105083 -6.663900 0.130162 -0.244249 -0.960937 12.707500 -0.083010 0.963095 -0.256042 0.878800 0.000000 0.000000 0.000000 1.000000
0.987621 0.119568 0.101533 -6.663900 0.131031 -0.273014 -0.953045 12.707500 -0.086233 0.954551 -0.285302 0.878800 0.000000 0.000000 0.000000 1.000000
0.987356 0.123639 0.099205 -6.663900 0.131672 -0.291215 -0.947553 12.707500 -0.088265 0.948635 -0.303812 0.878800 0.000000 0.000000 0.000000 1.000000
0.987330 0.124015 0.098991 -6.663900 0.131740 -0.292897 -0.947025 12.707500 -0.088451 0.948067 -0.305524 0.878800 0.000000 0.000000 0.000000 1.000000
0.987478 0.121792 0.100269 -6.663900 0.131371 -0.282950 -0.950095 12.707500 -0.087343 0.951371 -0.295407 0.878800 0.000000 0.000000 0.000000 1.000000
0.987739 0.117654 0.102610 -6.663900 0.130763 -0.264488 -0.955483 12.707500 -0.085278 0.957185 -0.276630 0.878800 0.000000 0.000000 0.000000 1.000000
0.988085 0.111824 0.105750 -6.663900 0.130005 -0.238641 -0.962366 12.707500 -0.082380 0.964648 -0.250336 0.878800 0.000000 0.000000 0.000000 1.000000
0.988478 0.104732 0.109279 -6.663900 0.129181 -0.207451 -0.969678 12.707500 -0.078886 0.972623 -0.218590 0.878800 0.000000 0.000000 0.000000 1.000000
0.988879 0.096777 0.112926 -6.663900 0.128428 -0.172782 -0.976551 12.707500 -0.074997 0.980194 -0.183289 0.878800 0.000000 0.000000 0.000000 1.000000
0.989263 0.088324 0.116438 -6.663900 0.127798 -0.136296 -0.982390 12.707500 -0.070898 0.986723 -0.146121 0.878800 0.000000 0.000000 0.000000 1.000000
0.989609 0.079848 0.119577 -6.663900 0.127312 -0.100060 -0.986803 12.707500 -0.066829 0.991772 -0.109186 0.878800 0.000000 0.000000 0.000000 1.000000
0.989902 0.071783 0.122236 -6.663900 0.126991 -0.065893 -0.989713 12.707500 -0.062990 0.995241 -0.074344 0.878800 0.000000 0.000000 0.000000 1.000000
0.990133 0.064620 0.124338 -6.663900 0.126818 -0.035791 -0.991280 12.707500 -0.059606 0.997268 -0.043633 0.878800 0.000000 0.000000 0.000000 1.000000
0.990299 0.058921 0.125841 -6.663900 0.126754 -0.012000 -0.991862 12.707500 -0.056931 0.998191 -0.019352 0.878800 0.000000 0.000000 0.000000 1.000000
0.990402 0.055053 0.126777 -6.663900 0.126747 0.004062 -0.991927 12.707500 -0.055124 0.998475 -0.002955 0.878800 0.000000 0.000000 0.000000 1.000000
0.990441 0.053527 0.127128 -6.663900 0.126752 0.010387 -0.991880 12.707500 -0.054413 0.998512 0.003503 0.878800 0.000000 0.000000 0.000000 1.000000
0.990371 0.056238 0.126498 -6.663900 0.126746 -0.000851 -0.991935 12.707500 -0.055677 0.998417 -0.007970 0.878800 0.000000 0.000000 0.000000 1.000000
0.990184 0.062954 0.124793 -6.663900 0.126792 -0.028817 -0.991511 12.707500 -0.058824 0.997600 -0.036516 0.878800 0.000000 0.000000 0.000000 1.000000
0.989901 0.071800 0.122230 -6.663900 0.126990 -0.065957 -0.989709 12.707500 -0.062999 0.995236 -0.074408 0.878800 0.000000 0.000000 0.000000 1.000000
0.989581 0.080576 0.119321 -6.663900 0.127346 -0.103150 -0.986480 12.707500 -0.067179 0.991397 -0.112336 0.878800 0.000000 0.000000 0.000000 1.000000
0.989311 0.087245 0.116843 -6.663900 0.127712 -0.131648 -0.983035 12.707500 -0.070383 0.987450 -0.141383 0.878800 0.000000 0.000000 0.000000 1.000000
0.989192 0.090091 0.115682 -6.663900 0.127863 -0.143869 -0.981302 12.707500 -0.071764 0.985487 -0.153833 0.878800 0.000000 0.000000 0.000000 1.000000</float_array>
        <technique_common>
          <accessor source="#mixamorig_RightHandPinky1-Matrix-animation-output-transform-array" count="26" stride="16">
            <param type="float4x4"/>
          </accessor>
        </technique_common>
      </source>
      <source id="mixamorig_RightHandPinky1-Interpolations">
        <Name_array id="mixamorig_RightHandPinky1-Interpolations-array" count="26">
 LINEAR LINEAR LINEAR LINEAR LINEAR LINEAR LINEAR LINEAR LINEAR LINEAR LINEAR
LINEAR LINEAR LINEAR LINEAR LINEAR LINEAR LINEAR LINEAR LINEAR LINEAR LINEAR LINEAR
LINEAR LINEAR LINEAR</Name_array>
        <technique_common>
          <accessor source="#mixamorig_RightHandPinky1-Interpolations-array" count="26">
            <param type="name"/>
          </accessor>
        </technique_common>
      </source>
      <sampler id="mixamorig_RightHandPinky1-Matrix-animation-transform">
        <input semantic="INPUT" source="#mixamorig_RightHandPinky1-Matrix-animation-input"/>
        <input semantic="OUTPUT" source="#mixamorig_RightHandPinky1-Matrix-animation-output-transform"/>
        <input semantic="INTERPOLATION" source="#mixamorig_RightHandPinky1-Interpolations"/>
      </sampler>
      <channel source="#mixamorig_RightHandPinky1-Matrix-animation-transform" target="mixamorig_RightHandPinky1/matrix"/>
    </animation>
    <animation id="mixamorig_RightHandPinky2-anim" name="mixamorig_RightHandPinky2">
      <source id="mixamorig_RightHandPinky2-Matrix-animation-input">
        <float_array id="mixamorig_RightHandPinky2-Matrix-animation-input-array" count="26">

0.000000 0.033333 0.066667 0.100000 0.133333 0.166667 0.200000 0.233333 0.266667 0.300000 0.333333 0.366667 0.400000 0.433333 0.466667 0.500000
0.533333 0.566667 0.600000 0.633333 0.666667 0.700000 0.733333 0.766667 0.800000 0.833333</float_array>
        <technique_common>
          <accessor source="#mixamorig_RightHandPinky2-Matrix-animation-input-array" count="26">
            <param name="TIME" type="float"/>
          </accessor>
        </technique_common>
      </source>
      <source id="mixamorig_RightHandPinky2-Matrix-animation-output-transform">
        <float_array id="mixamorig_RightHandPinky2-Matrix-animation-output-transform-array" count="416">

0.982071 0.071698 -0.174342 0.000000 -0.163046 -0.141111 -0.976475 3.377000 -0.094613 0.987394 -0.126891 0.000000 0.000000 0.000000 0.000000 1.000000
0.982013 0.070655 -0.175097 -0.000000 -0.162928 -0.151575 -0.974925 3.377000 -0.095424 0.985917 -0.137336 0.000000 0.000000 0.000000 0.000000 1.000000
0.981877 0.068151 -0.176841 0.000000 -0.162609 -0.176327 -0.970807 3.377000 -0.097344 0.981970 -0.162049 0.000000 0.000000 0.000000 0.000000 1.000000
0.981704 0.064727 -0.179077 0.000000 -0.162101 -0.209351 -0.964311 3.377000 -0.099907 0.975696 -0.195028 0.000000 0.000000 0.000000 0.000000 1.000000
0.981529 0.061014 -0.181323 0.000000 -0.161471 -0.244110 -0.956210 3.377000 -0.102605 0.967826 -0.229749 0.000000 0.000000 0.000000 0.000000 1.000000
0.981388 0.057770 -0.183141 0.000000 -0.160856 -0.273639 -0.948286 3.377000 -0.104897 0.960096 -0.259253 0.000000 0.000000 0.000000 0.000000 1.000000
0.981302 0.055675 -0.184248 0.000000 -0.160428 -0.292328 -0.942766 3.377000 -0.106349 0.954696 -0.277930 -0.000000 0.000000 0.000000 0.000000 1.000000
0.981294 0.055480 -0.184350 -0.000000 -0.160387 -0.294056 -0.942235 3.377000 -0.106484 0.954177 -0.279657 0.000000 0.000000 0.000000 0.000000 1.000000
0.981341 0.056631 -0.183749 0.000000 -0.160625 -0.283842 -0.945322 3.377000 -0.105690 0.957197 -0.269449 -0.000000 0.000000 0.000000 0.000000 1.000000
0.981429 0.058741 -0.182610 0.000000 -0.161046 -0.264885 -0.950737 3.377000 -0.104218 0.962489 -0.250506 0.000000 0.000000 0.000000 0.000000 1.000000
0.981557 0.061636 -0.180958 0.000000 -0.161582 -0.238351 -0.957643 3.377000 -0.102157 0.969221 -0.223996 0.000000 0.000000 0.000000 0.000000 1.000000
0.981719 0.065042 -0.178876 0.000000 -0.162150 -0.206339 -0.964952 3.377000 -0.099671 0.976317 -0.192020 0.000000 0.000000 0.000000 0.000000 1.000000
0.981908 0.068718 -0.176450 -0.000000 -0.162681 -0.170765 -0.971789 3.377000 -0.096911 0.982913 -0.156496 0.000000 0.000000 0.000000 0.000000 1.000000
0.982116 0.072463 -0.173774 0.000000 -0.163128 -0.133336 -0.977553 3.377000 -0.094006 0.988418 -0.119130 0.000000 0.000000 0.000000 0.000000 1.000000
0.982332 0.076060 -0.170992 0.000000 -0.163462 -0.096171 -0.981851 3.377000 -0.091124 0.992455 -0.082039 0.000000 0.000000 0.000000 0.000000 1.000000
0.982545 0.079341 -0.168258 -0.000000 -0.163676 -0.061138 -0.984618 3.377000 -0.088407 0.994971 -0.047084 0.000000 0.000000 0.000000 0.000000 1.000000
0.982739 0.082144 -0.165762 0.000000 -0.163786 -0.030277 -0.986031 3.377000 -0.086015 0.996160 -0.016301 0.000000 0.000000 0.000000 0.000000 1.000000
0.982897 0.084301 -0.163729 -0.000000 -0.163820 -0.005891 -0.986473 3.377000 -0.084125 0.996423 0.008020 0.000000 0.000000 0.000000 0.000000 1.000000
0.983006 0.085729 -0.162327 0.000000 -0.163815 0.010574 -0.986434 3.377000 -0.082849 0.996262 0.024438 0.000000 0.000000 0.000000 0.000000 1.000000
0.983049 0.086284 -0.161770 0.000000 -0.163809 0.017051 -0.986345 3.377000 -0.082347 0.996125 0.030896 0.000000 0.000000 0.000000 0.000000 1.000000
0.982972 0.085294 -0.162760 -0.000000 -0.163820 0.005530 -0.986475 3.377000 -0.083240 0.996340 0.019408 0.000000 0.000000 0.000000 0.000000 1.000000
0.982785 0.082782 -0.165171 0.000000 -0.163801 -0.023130 -0.986222 3.377000 -0.085462 0.996299 -0.009172 -0.000000 0.000000 0.000000 0.000000 1.000000
0.982544 0.079336 -0.168265 0.000000 -0.163677 -0.061206 -0.984613 3.377000 -0.088414 0.994967 -0.047152 0.000000 0.000000 0.000000 0.000000 1.000000
0.982313 0.075759 -0.171236 0.000000 -0.163439 -0.099345 -0.981539 3.377000 -0.091372 0.992165 -0.085206 -0.000000 0.000000 0.000000 0.000000 1.000000
0.982143 0.072934 -0.173426 0.000000 -0.163179 -0.128574 -0.978183 3.377000 -0.093640 0.989014 -0.114377 0.000000 0.000000 0.000000 0.000000 1.000000
0.982071 0.071698 -0.174342 0.000000 -0.163046 -0.141111 -0.976475 3.377000 -0.094613 0.987394 -0.126891 0.000000 0.000000 0.000000 0.000000 1.000000</float_array>
        <technique_common>
          <accessor source="#mixamorig_RightHandPinky2-Matrix-animation-output-transform-array" count="26" stride="16">
            <param type="float4x4"/>
          </accessor>
        </technique_common>
      </source>
      <source id="mixamorig_RightHandPinky2-Interpolations">
        <Name_array id="mixamorig_RightHandPinky2-Interpolations-array" count="26">
 LINEAR LINEAR LINEAR LINEAR LINEAR LINEAR LINEAR LINEAR LINEAR LINEAR LINEAR
LINEAR LINEAR LINEAR LINEAR LINEAR LINEAR LINEAR LINEAR LINEAR LINEAR LINEAR LINEAR
LINEAR LINEAR LINEAR</Name_array>
        <technique_common>
          <accessor source="#mixamorig_RightHandPinky2-Interpolations-array" count="26">
            <param type="name"/>
          </accessor>
        </technique_common>
      </source>
      <sampler id="mixamorig_RightHandPinky2-Matrix-animation-transform">
        <input semantic="INPUT" source="#mixamorig_RightHandPinky2-Matrix-animation-input"/>
        <input semantic="OUTPUT" source="#mixamorig_RightHandPinky2-Matrix-animation-output-transform"/>
        <input semantic="INTERPOLATION" source="#mixamorig_RightHandPinky2-Interpolations"/>
      </sampler>
      <channel source="#mixamorig_RightHandPinky2-Matrix-animation-transform" target="mixamorig_RightHandPinky2/matrix"/>
    </animation>
    <animation id="mixamorig_RightHandPinky3-anim" name="mixamorig_RightHandPinky3">
      <source id="mixamorig_RightHandPinky3-Matrix-animation-input">
        <float_array id="mixamorig_RightHandPinky3-Matrix-animation-input-array" count="26">

0.000000 0.033333 0.066667 0.100000 0.133333 0.166667 0.200000 0.233333 0.266667 0.300000 0.333333 0.366667 0.400000 0.433333 0.466667 0.500000
0.533333 0.566667 0.600000 0.633333 0.666667 0.700000 0.733333 0.766667 0.800000 0.833333</float_array>
        <technique_common>
          <accessor source="#mixamorig_RightHandPinky3-Matrix-animation-input-array" count="26">
            <param name="TIME" type="float"/>
          </accessor>
        </technique_common>
      </source>
      <source id="mixamorig_RightHandPinky3-Matrix-animation-output-transform">
        <float_array id="mixamorig_RightHandPinky3-Matrix-animation-output-transform-array" count="416">

1.000000 -0.000000 -0.000000 0.000000 0.000000 1.000000 0.000000 2.998000 0.000000 -0.000000 1.000000 0.000000 0.000000 0.000000 0.000000 1.000000
1.000000 0.000000 -0.000000 0.000000 -0.000000 1.000000 0.000000 2.998000 0.000000 -0.000000 1.000000 -0.000000 0.000000 0.000000 0.000000 1.000000
1.000000 -0.000000 -0.000000 -0.000000 0.000000 1.000000 0.000000 2.998000 0.000000 -0.000000 1.000000 0.000000 0.000000 0.000000 0.000000 1.000000
1.000000 0.000000 -0.000000 0.000000 -0.000000 1.000000 0.000000 2.998000 0.000000 -0.000000 1.000000 -0.000000 0.000000 0.000000 0.000000 1.000000
1.000000 0.000000 -0.000000 0.000000 -0.000000 1.000000 -0.000000 2.998000 0.000000 0.000000 1.000000 0.000000 0.000000 0.000000 0.000000 1.000000
1.000000 0.000000 -0.000000 0.000000 -0.000000 1.000000 -0.000000 2.998000 0.000000 0.000000 1.000000 0.000000 0.000000 0.000000 0.000000 1.000000
1.000000 0.000000 -0.000000 -0.000000 -0.000000 1.000000 -0.000000 2.998000 0.000000 0.000000 1.000000 0.000000 0.000000 0.000000 0.000000 1.000000
1.000000 0.000000 -0.000000 -0.000000 -0.000000 1.000000 0.000000 2.998000 0.000000 -0.000000 1.000000 0.000000 0.000000 0.000000 0.000000 1.000000
1.000000 -0.000000 -0.000000 0.000000 0.000000 1.000000 0.000000 2.998000 0.000000 -0.000000 1.000000 0.000000 0.000000 0.000000 0.000000 1.000000
1.000000 0.000000 -0.000000 0.000000 -0.000000 1.000000 0.000000 2.998000 0.000000 -0.000000 1.000000 -0.000000 0.000000 0.000000 0.000000 1.000000
1.000000 0.000000 -0.000000 -0.000000 -0.000000 1.000000 0.000000 2.998000 0.000000 -0.000000 1.000000 0.000000 0.000000 0.000000 0.000000 1.000000
1.000000 -0.000000 -0.000000 0.000000 0.000000 1.000000 -0.000000 2.998000 0.000000 0.000000 1.000000 -0.000000 0.000000 0.000000 0.000000 1.000000
1.000000 -0.000000 -0.000000 0.000000 0.000000 1.000000 -0.000000 2.998000 0.000000 0.000000 1.000000 0.000000 0.000000 0.000000 0.000000 1.000000
1.000000 -0.000000 -0.000000 0.000000 0.000000 1.000000 0.000000 2.998000 0.000000 -0.000000 1.000000 -0.000000 0.000000 0.000000 0.000000 1.000000
1.000000 -0.000000 0.000000 0.000000 0.000000 1.000000 -0.000000 2.998000 -0.000000 0.000000 1.000000 0.000000 0.000000 0.000000 0.000000 1.000000
1.000000 -0.000000 -0.000000 -0.000000 0.000000 1.000000 0.000000 2.998000 0.000000 -0.000000 1.000000 0.000000 0.000000 0.000000 0.000000 1.000000
1.000000 -0.000000 -0.000000 0.000000 0.000000 1.000000 0.000000 2.998000 0.000000 -0.000000 1.000000 0.000000 0.000000 0.000000 0.000000 1.000000
1.000000 -0.000000 0.000000 -0.000000 0.000000 1.000000 0.000000 2.998000 -0.000000 -0.000000 1.000000 0.000000 0.000000 0.000000 0.000000 1.000000
1.000000 0.000000 -0.000000 0.000000 -0.000000 1.000000 0.000000 2.998000 0.000000 -0.000000 1.000000 0.000000 0.000000 0.000000 0.000000 1.000000
1.000000 -0.000000 0.000000 0.000000 0.000000 1.000000 -0.000000 2.998000 -0.000000 0.000000 1.000000 -0.000000 0.000000 0.000000 0.000000 1.000000
1.000000 -0.000000 -0.000000 0.000000 0.000000 1.000000 -0.000000 2.998000 0.000000 0.000000 1.000000 0.000000 0.000000 0.000000 0.000000 1.000000
1.000000 0.000000 -0.000000 0.000000 -0.000000 1.000000 0.000000 2.998000 0.000000 -0.000000 1.000000 0.000000 0.000000 0.000000 0.000000 1.000000
1.000000 -0.000000 0.000000 0.000000 0.000000 1.000000 0.000000 2.998000 -0.000000 -0.000000 1.000000 0.000000 0.000000 0.000000 0.000000 1.000000
1.000000 0.000000 -0.000000 0.000000 -0.000000 1.000000 -0.000000 2.998000 0.000000 0.000000 1.000000 0.000000 0.000000 0.000000 0.000000 1.000000
1.000000 -0.000000 -0.000000 0.000000 0.000000 1.000000 0.000000 2.998000 0.000000 -0.000000 1.000000 -0.000000 0.000000 0.000000 0.000000 1.000000
1.000000 0.000000 -0.000000 0.000000 -0.000000 1.000000 0.000000 2.998000 0.000000 -0.000000 1.000000 -0.000000 0.000000 0.000000 0.000000 1.000000</float_array>
        <technique_common>
          <accessor source="#mixamorig_RightHandPinky3-Matrix-animation-output-transform-array" count="26" stride="16">
            <param type="float4x4"/>
          </accessor>
        </technique_common>
      </source>
      <source id="mixamorig_RightHandPinky3-Interpolations">
        <Name_array id="mixamorig_RightHandPinky3-Interpolations-array" count="26">
 LINEAR LINEAR LINEAR LINEAR LINEAR LINEAR LINEAR LINEAR LINEAR LINEAR LINEAR
LINEAR LINEAR LINEAR LINEAR LINEAR LINEAR LINEAR LINEAR LINEAR LINEAR LINEAR LINEAR
LINEAR LINEAR LINEAR</Name_array>
        <technique_common>
          <accessor source="#mixamorig_RightHandPinky3-Interpolations-array" count="26">
            <param type="name"/>
          </accessor>
        </technique_common>
      </source>
      <sampler id="mixamorig_RightHandPinky3-Matrix-animation-transform">
        <input semantic="INPUT" source="#mixamorig_RightHandPinky3-Matrix-animation-input"/>
        <input semantic="OUTPUT" source="#mixamorig_RightHandPinky3-Matrix-animation-output-transform"/>
        <input semantic="INTERPOLATION" source="#mixamorig_RightHandPinky3-Interpolations"/>
      </sampler>
      <channel source="#mixamorig_RightHandPinky3-Matrix-animation-transform" target="mixamorig_RightHandPinky3/matrix"/>
    </animation>
    <animation id="mixamorig_L_horn1-anim" name="mixamorig_L_horn1">
      <source id="mixamorig_L_horn1-Matrix-animation-input">
        <float_array id="mixamorig_L_horn1-Matrix-animation-input-array" count="26">

0.000000 0.033333 0.066667 0.100000 0.133333 0.166667 0.200000 0.233333 0.266667 0.300000 0.333333 0.366667 0.400000 0.433333 0.466667 0.500000
0.533333 0.566667 0.600000 0.633333 0.666667 0.700000 0.733333 0.766667 0.800000 0.833333</float_array>
        <technique_common>
          <accessor source="#mixamorig_L_horn1-Matrix-animation-input-array" count="26">
            <param name="TIME" type="float"/>
          </accessor>
        </technique_common>
      </source>
      <source id="mixamorig_L_horn1-Matrix-animation-output-transform">
        <float_array id="mixamorig_L_horn1-Matrix-animation-output-transform-array" count="416">

0.602488 0.000515 0.798128 1.847600 -0.698753 0.483576 0.527160 4.379700 -0.385684 -0.875302 0.291709 -10.115900 0.000000 0.000000 0.000000 1.000000
0.602488 0.000515 0.798128 1.847600 -0.698753 0.483576 0.527160 4.379700 -0.385684 -0.875302 0.291709 -10.115900 0.000000 0.000000 0.000000 1.000000
0.602488 0.000515 0.798128 1.847600 -0.698753 0.483576 0.527160 4.379700 -0.385684 -0.875302 0.291709 -10.115900 0.000000 0.000000 0.000000 1.000000
0.602488 0.000515 0.798128 1.847600 -0.698753 0.483576 0.527160 4.379700 -0.385684 -0.875302 0.291709 -10.115900 0.000000 0.000000 0.000000 1.000000
0.602488 0.000515 0.798128 1.847600 -0.698753 0.483576 0.527160 4.379700 -0.385684 -0.875302 0.291709 -10.115900 0.000000 0.000000 0.000000 1.000000
0.602488 0.000515 0.798128 1.847600 -0.698753 0.483576 0.527160 4.379700 -0.385684 -0.875302 0.291709 -10.115900 0.000000 0.000000 0.000000 1.000000
0.602488 0.000515 0.798128 1.847600 -0.698753 0.483576 0.527160 4.379700 -0.385684 -0.875302 0.291709 -10.115900 0.000000 0.000000 0.000000 1.000000
0.602488 0.000515 0.798128 1.847600 -0.698753 0.483576 0.527160 4.379700 -0.385684 -0.875302 0.291709 -10.115900 0.000000 0.000000 0.000000 1.000000
0.602488 0.000515 0.798128 1.847600 -0.698753 0.483576 0.527160 4.379700 -0.385684 -0.875302 0.291709 -10.115900 0.000000 0.000000 0.000000 1.000000
0.602488 0.000515 0.798128 1.847600 -0.698753 0.483576 0.527160 4.379700 -0.385684 -0.875302 0.291709 -10.115900 0.000000 0.000000 0.000000 1.000000
0.602488 0.000515 0.798128 1.847600 -0.698753 0.483576 0.527160 4.379700 -0.385684 -0.875302 0.291709 -10.115900 0.000000 0.000000 0.000000 1.000000
0.602488 0.000515 0.798128 1.847600 -0.698753 0.483576 0.527160 4.379700 -0.385684 -0.875302 0.291709 -10.115900 0.000000 0.000000 0.000000 1.000000
0.602488 0.000515 0.798128 1.847600 -0.698753 0.483576 0.527160 4.379700 -0.385684 -0.875302 0.291709 -10.115900 0.000000 0.000000 0.000000 1.000000
0.602488 0.000515 0.798128 1.847600 -0.698753 0.483576 0.527160 4.379700 -0.385684 -0.875302 0.291709 -10.115900 0.000000 0.000000 0.000000 1.000000
0.602488 0.000515 0.798128 1.847600 -0.698753 0.483576 0.527160 4.379700 -0.385684 -0.875302 0.291709 -10.115900 0.000000 0.000000 0.000000 1.000000
0.602488 0.000515 0.798128 1.847600 -0.698753 0.483576 0.527160 4.379700 -0.385684 -0.875302 0.291709 -10.115900 0.000000 0.000000 0.000000 1.000000
0.602488 0.000515 0.798128 1.847600 -0.698753 0.483576 0.527160 4.379700 -0.385684 -0.875302 0.291709 -10.115900 0.000000 0.000000 0.000000 1.000000
0.602488 0.000515 0.798128 1.847600 -0.698753 0.483576 0.527160 4.379700 -0.385684 -0.875302 0.291709 -10.115900 0.000000 0.000000 0.000000 1.000000
0.602488 0.000515 0.798128 1.847600 -0.698753 0.483576 0.527160 4.379700 -0.385684 -0.875302 0.291709 -10.115900 0.000000 0.000000 0.000000 1.000000
0.602488 0.000515 0.798128 1.847600 -0.698753 0.483576 0.527160 4.379700 -0.385684 -0.875302 0.291709 -10.115900 0.000000 0.000000 0.000000 1.000000
0.602488 0.000515 0.798128 1.847600 -0.698753 0.483576 0.527160 4.379700 -0.385684 -0.875302 0.291709 -10.115900 0.000000 0.000000 0.000000 1.000000
0.602488 0.000515 0.798128 1.847600 -0.698753 0.483576 0.527160 4.379700 -0.385684 -0.875302 0.291709 -10.115900 0.000000 0.000000 0.000000 1.000000
0.602488 0.000515 0.798128 1.847600 -0.698753 0.483576 0.527160 4.379700 -0.385684 -0.875302 0.291709 -10.115900 0.000000 0.000000 0.000000 1.000000
0.602488 0.000515 0.798128 1.847600 -0.698753 0.483576 0.527160 4.379700 -0.385684 -0.875302 0.291709 -10.115900 0.000000 0.000000 0.000000 1.000000
0.602488 0.000515 0.798128 1.847600 -0.698753 0.483576 0.527160 4.379700 -0.385684 -0.875302 0.291709 -10.115900 0.000000 0.000000 0.000000 1.000000
0.602488 0.000515 0.798128 1.847600 -0.698753 0.483576 0.527160 4.379700 -0.385684 -0.875302 0.291709 -10.115900 0.000000 0.000000 0.000000 1.000000</float_array>
        <technique_common>
          <accessor source="#mixamorig_L_horn1-Matrix-animation-output-transform-array" count="26" stride="16">
            <param type="float4x4"/>
          </accessor>
        </technique_common>
      </source>
      <source id="mixamorig_L_horn1-Interpolations">
        <Name_array id="mixamorig_L_horn1-Interpolations-array" count="26">
 LINEAR LINEAR LINEAR LINEAR LINEAR LINEAR LINEAR LINEAR LINEAR LINEAR LINEAR
LINEAR LINEAR LINEAR LINEAR LINEAR LINEAR LINEAR LINEAR LINEAR LINEAR LINEAR LINEAR
LINEAR LINEAR LINEAR</Name_array>
        <technique_common>
          <accessor source="#mixamorig_L_horn1-Interpolations-array" count="26">
            <param type="name"/>
          </accessor>
        </technique_common>
      </source>
      <sampler id="mixamorig_L_horn1-Matrix-animation-transform">
        <input semantic="INPUT" source="#mixamorig_L_horn1-Matrix-animation-input"/>
        <input semantic="OUTPUT" source="#mixamorig_L_horn1-Matrix-animation-output-transform"/>
        <input semantic="INTERPOLATION" source="#mixamorig_L_horn1-Interpolations"/>
      </sampler>
      <channel source="#mixamorig_L_horn1-Matrix-animation-transform" target="mixamorig_L_horn1/matrix"/>
    </animation>
    <animation id="mixamorig_R_horn1-anim" name="mixamorig_R_horn1">
      <source id="mixamorig_R_horn1-Matrix-animation-input">
        <float_array id="mixamorig_R_horn1-Matrix-animation-input-array" count="26">

0.000000 0.033333 0.066667 0.100000 0.133333 0.166667 0.200000 0.233333 0.266667 0.300000 0.333333 0.366667 0.400000 0.433333 0.466667 0.500000
0.533333 0.566667 0.600000 0.633333 0.666667 0.700000 0.733333 0.766667 0.800000 0.833333</float_array>
        <technique_common>
          <accessor source="#mixamorig_R_horn1-Matrix-animation-input-array" count="26">
            <param name="TIME" type="float"/>
          </accessor>
        </technique_common>
      </source>
      <source id="mixamorig_R_horn1-Matrix-animation-output-transform">
        <float_array id="mixamorig_R_horn1-Matrix-animation-output-transform-array" count="416">

-0.591028 -0.129171 0.796242 -3.147700 -0.778219 0.351067 -0.520699 4.536700 -0.212275 -0.927398 -0.308014 -10.290500 0.000000 0.000000 0.000000 1.000000
-0.591028 -0.129171 0.796242 -3.147700 -0.778219 0.351067 -0.520699 4.536700 -0.212275 -0.927398 -0.308014 -10.290500 0.000000 0.000000 0.000000 1.000000
-0.591028 -0.129171 0.796242 -3.147700 -0.778219 0.351067 -0.520699 4.536700 -0.212275 -0.927398 -0.308014 -10.290500 0.000000 0.000000 0.000000 1.000000
-0.591028 -0.129171 0.796242 -3.147700 -0.778219 0.351067 -0.520699 4.536700 -0.212275 -0.927398 -0.308014 -10.290500 0.000000 0.000000 0.000000 1.000000
-0.591028 -0.129171 0.796242 -3.147700 -0.778219 0.351067 -0.520699 4.536700 -0.212275 -0.927398 -0.308014 -10.290500 0.000000 0.000000 0.000000 1.000000
-0.591028 -0.129171 0.796242 -3.147700 -0.778219 0.351067 -0.520699 4.536700 -0.212275 -0.927398 -0.308014 -10.290500 0.000000 0.000000 0.000000 1.000000
-0.591028 -0.129171 0.796242 -3.147700 -0.778219 0.351067 -0.520699 4.536700 -0.212275 -0.927398 -0.308014 -10.290500 0.000000 0.000000 0.000000 1.000000
-0.591028 -0.129171 0.796242 -3.147700 -0.778219 0.351067 -0.520699 4.536700 -0.212275 -0.927398 -0.308014 -10.290500 0.000000 0.000000 0.000000 1.000000
-0.591028 -0.129171 0.796242 -3.147700 -0.778219 0.351067 -0.520699 4.536700 -0.212275 -0.927398 -0.308014 -10.290500 0.000000 0.000000 0.000000 1.000000
-0.591028 -0.129171 0.796242 -3.147700 -0.778219 0.351067 -0.520699 4.536700 -0.212275 -0.927398 -0.308014 -10.290500 0.000000 0.000000 0.000000 1.000000
-0.591028 -0.129171 0.796242 -3.147700 -0.778219 0.351067 -0.520699 4.536700 -0.212275 -0.927398 -0.308014 -10.290500 0.000000 0.000000 0.000000 1.000000
-0.591028 -0.129171 0.796242 -3.147700 -0.778219 0.351067 -0.520699 4.536700 -0.212275 -0.927398 -0.308014 -10.290500 0.000000 0.000000 0.000000 1.000000
-0.591028 -0.129171 0.796242 -3.147700 -0.778219 0.351067 -0.520699 4.536700 -0.212275 -0.927398 -0.308014 -10.290500 0.000000 0.000000 0.000000 1.000000
-0.591028 -0.129171 0.796242 -3.147700 -0.778219 0.351067 -0.520699 4.536700 -0.212275 -0.927398 -0.308014 -10.290500 0.000000 0.000000 0.000000 1.000000
-0.591028 -0.129171 0.796242 -3.147700 -0.778219 0.351067 -0.520699 4.536700 -0.212275 -0.927398 -0.308014 -10.290500 0.000000 0.000000 0.000000 1.000000
-0.591028 -0.129171 0.796242 -3.147700 -0.778219 0.351067 -0.520699 4.536700 -0.212275 -0.927398 -0.308014 -10.290500 0.000000 0.000000 0.000000 1.000000
-0.591028 -0.129171 0.796242 -3.147700 -0.778219 0.351067 -0.520699 4.536700 -0.212275 -0.927398 -0.308014 -10.290500 0.000000 0.000000 0.000000 1.000000
-0.591028 -0.129171 0.796242 -3.147700 -0.778219 0.351067 -0.520699 4.536700 -0.212275 -0.927398 -0.308014 -10.290500 0.000000 0.000000 0.000000 1.000000
-0.591028 -0.129171 0.796242 -3.147700 -0.778219 0.351067 -0.520699 4.536700 -0.212275 -0.927398 -0.308014 -10.290500 0.000000 0.000000 0.000000 1.000000
-0.591028 -0.129171 0.796242 -3.147700 -0.778219 0.351067 -0.520699 4.536700 -0.212275 -0.927398 -0.308014 -10.290500 0.000000 0.000000 0.000000 1.000000
-0.591028 -0.129171 0.796242 -3.147700 -0.778219 0.351067 -0.520699 4.536700 -0.212275 -0.927398 -0.308014 -10.290500 0.000000 0.000000 0.000000 1.000000
-0.591028 -0.129171 0.796242 -3.147700 -0.778219 0.351067 -0.520699 4.536700 -0.212275 -0.927398 -0.308014 -10.290500 0.000000 0.000000 0.000000 1.000000
-0.591028 -0.129171 0.796242 -3.147700 -0.778219 0.351067 -0.520699 4.536700 -0.212275 -0.927398 -0.308014 -10.290500 0.000000 0.000000 0.000000 1.000000
-0.591028 -0.129171 0.796242 -3.147700 -0.778219 0.351067 -0.520699 4.536700 -0.212275 -0.927398 -0.308014 -10.290500 0.000000 0.000000 0.000000 1.000000
-0.591028 -0.129171 0.796242 -3.147700 -0.778219 0.351067 -0.520699 4.536700 -0.212275 -0.927398 -0.308014 -10.290500 0.000000 0.000000 0.000000 1.000000
-0.591028 -0.129171 0.796242 -3.147700 -0.778219 0.351067 -0.520699 4.536700 -0.212275 -0.927398 -0.308014 -10.290500 0.000000 0.000000 0.000000 1.000000</float_array>
        <technique_common>
          <accessor source="#mixamorig_R_horn1-Matrix-animation-output-transform-array" count="26" stride="16">
            <param type="float4x4"/>
          </accessor>
        </technique_common>
      </source>
      <source id="mixamorig_R_horn1-Interpolations">
        <Name_array id="mixamorig_R_horn1-Interpolations-array" count="26">
 LINEAR LINEAR LINEAR LINEAR LINEAR LINEAR LINEAR LINEAR LINEAR LINEAR LINEAR
LINEAR LINEAR LINEAR LINEAR LINEAR LINEAR LINEAR LINEAR LINEAR LINEAR LINEAR LINEAR
LINEAR LINEAR LINEAR</Name_array>
        <technique_common>
          <accessor source="#mixamorig_R_horn1-Interpolations-array" count="26">
            <param type="name"/>
          </accessor>
        </technique_common>
      </source>
      <sampler id="mixamorig_R_horn1-Matrix-animation-transform">
        <input semantic="INPUT" source="#mixamorig_R_horn1-Matrix-animation-input"/>
        <input semantic="OUTPUT" source="#mixamorig_R_horn1-Matrix-animation-output-transform"/>
        <input semantic="INTERPOLATION" source="#mixamorig_R_horn1-Interpolations"/>
      </sampler>
      <channel source="#mixamorig_R_horn1-Matrix-animation-transform" target="mixamorig_R_horn1/matrix"/>
    </animation>
    <animation id="mixamorig_LeftUpLeg-anim" name="mixamorig_LeftUpLeg">
      <source id="mixamorig_LeftUpLeg-Matrix-animation-input">
        <float_array id="mixamorig_LeftUpLeg-Matrix-animation-input-array" count="26">

0.000000 0.033333 0.066667 0.100000 0.133333 0.166667 0.200000 0.233333 0.266667 0.300000 0.333333 0.366667 0.400000 0.433333 0.466667 0.500000
0.533333 0.566667 0.600000 0.633333 0.666667 0.700000 0.733333 0.766667 0.800000 0.833333</float_array>
        <technique_common>
          <accessor source="#mixamorig_LeftUpLeg-Matrix-animation-input-array" count="26">
            <param name="TIME" type="float"/>
          </accessor>
        </technique_common>
      </source>
      <source id="mixamorig_LeftUpLeg-Matrix-animation-output-transform">
        <float_array id="mixamorig_LeftUpLeg-Matrix-animation-output-transform-array" count="416">

-0.999108 0.030186 0.029541 13.026900 0.010182 -0.506653 0.862090 -6.336300 0.040990 0.861621 0.505894 -1.092800 0.000000 0.000000 0.000000 1.000000
-0.999295 0.036215 -0.009927 13.026900 -0.024394 -0.425111 0.904812 -6.336300 0.028548 0.904416 0.425695 -1.092800 0.000000 0.000000 0.000000 1.000000
-0.999441 0.026715 -0.020124 13.026900 -0.030216 -0.463177 0.885751 -6.336300 0.014342 0.885863 0.463725 -1.092800 0.000000 0.000000 0.000000 1.000000
-0.999658 -0.021438 -0.014985 13.026900 -0.000396 -0.560429 0.828203 -6.336300 -0.026153 0.827925 0.560228 -1.092800 0.000000 0.000000 0.000000 1.000000
-0.995137 -0.094761 -0.026901 13.026900 0.041192 -0.648381 0.760201 -6.336300 -0.089479 0.755395 0.649131 -1.092800 0.000000 0.000000 0.000000 1.000000
-0.992405 -0.114360 -0.045315 13.026900 0.035296 -0.617622 0.785682 -6.336300 -0.117838 0.778116 0.616968 -1.092800 0.000000 0.000000 0.000000 1.000000
-0.992949 -0.111532 -0.040161 13.026900 0.037990 -0.620317 0.783430 -6.336300 -0.112290 0.776381 0.620181 -1.092800 0.000000 0.000000 0.000000 1.000000
-0.990560 -0.130462 -0.042082 13.026900 0.054668 -0.657479 0.751487 -6.336300 -0.125708 0.742093 0.658404 -1.092800 0.000000 0.000000 0.000000 1.000000
-0.985314 -0.165874 -0.040534 13.026900 0.088909 -0.701036 0.707562 -6.336300 -0.145782 0.693566 0.705488 -1.092800 0.000000 0.000000 0.000000 1.000000
-0.981266 -0.192195 -0.013360 13.026900 0.116461 -0.646980 0.753561 -6.336300 -0.153474 0.737888 0.657242 -1.092800 0.000000 0.000000 0.000000 1.000000
-0.985333 -0.167703 0.031532 13.026900 0.126653 -0.594901 0.793758 -6.336300 -0.114357 0.786110 0.607416 -1.092800 0.000000 0.000000 0.000000 1.000000
-0.986958 -0.141938 0.075944 13.026900 0.150354 -0.644260 0.749882 -6.336300 -0.057509 0.751520 0.657199 -1.092800 0.000000 0.000000 0.000000 1.000000
-0.988019 -0.125536 0.089774 13.026900 0.154233 -0.782223 0.603605 -6.336300 -0.005551 0.610219 0.792213 -1.092800 0.000000 0.000000 0.000000 1.000000
-0.990124 -0.107818 0.089608 13.026900 0.131402 -0.936500 0.325117 -6.336300 0.048864 0.333681 0.941419 -1.092800 0.000000 0.000000 0.000000 1.000000
-0.990713 -0.068875 0.117239 13.026900 0.076742 -0.994997 0.063961 -6.336300 0.112247 0.072364 0.991042 -1.092800 0.000000 0.000000 0.000000 1.000000
-0.984858 -0.024134 0.171678 13.026900 0.019478 -0.999397 -0.028754 -6.336300 0.172268 -0.024974 0.984733 -1.092800 0.000000 0.000000 0.000000 1.000000
-0.980312 0.017064 0.196715 13.026900 -0.033279 -0.996285 -0.079424 -6.336300 0.194629 -0.084407 0.977238 -1.092800 0.000000 0.000000 0.000000 1.000000
-0.987707 -0.001317 0.156312 13.026900 -0.018634 -0.991842 -0.126103 -6.336300 0.155203 -0.127465 0.979625 -1.092800 0.000000 0.000000 0.000000 1.000000
-0.991420 -0.020397 0.129113 13.026900 0.003915 -0.991940 -0.126645 -6.336300 0.130655 -0.125053 0.983509 -1.092800 0.000000 0.000000 0.000000 1.000000
-0.991956 -0.006746 0.126400 13.026900 -0.002804 -0.997163 -0.075225 -6.336300 0.126549 -0.074974 0.989123 -1.092800 0.000000 0.000000 0.000000 1.000000
-0.992898 0.026651 0.115943 13.026900 -0.021971 -0.998899 0.041456 -6.336300 0.116921 0.038614 0.992390 -1.092800 0.000000 0.000000 0.000000 1.000000
-0.994599 0.058960 0.085419 13.026900 -0.040983 -0.979205 0.198691 -6.336300 0.095358 0.194118 0.976333 -1.092800 0.000000 0.000000 0.000000 1.000000
-0.996933 0.062978 0.046455 13.026900 -0.039585 -0.917888 0.394861 -6.336300 0.067508 0.391811 0.917566 -1.092800 0.000000 0.000000 0.000000 1.000000
-0.997557 0.065966 0.022993 13.026900 -0.037244 -0.780666 0.623838 -6.336300 0.059102 0.621457 0.781216 -1.092800 0.000000 0.000000 0.000000 1.000000
-0.999734 0.018675 -0.013568 13.026900 -0.022140 -0.609434 0.792528 -6.336300 0.006531 0.792617 0.609685 -1.092800 0.000000 0.000000 0.000000 1.000000
-0.999108 0.030186 0.029541 13.026900 0.010182 -0.506653 0.862090 -6.336300 0.040990 0.861621 0.505894 -1.092800 0.000000 0.000000 0.000000 1.000000</float_array>
        <technique_common>
          <accessor source="#mixamorig_LeftUpLeg-Matrix-animation-output-transform-array" count="26" stride="16">
            <param type="float4x4"/>
          </accessor>
        </technique_common>
      </source>
      <source id="mixamorig_LeftUpLeg-Interpolations">
        <Name_array id="mixamorig_LeftUpLeg-Interpolations-array" count="26">
 LINEAR LINEAR LINEAR LINEAR LINEAR LINEAR LINEAR LINEAR LINEAR LINEAR LINEAR
LINEAR LINEAR LINEAR LINEAR LINEAR LINEAR LINEAR LINEAR LINEAR LINEAR LINEAR LINEAR
LINEAR LINEAR LINEAR</Name_array>
        <technique_common>
          <accessor source="#mixamorig_LeftUpLeg-Interpolations-array" count="26">
            <param type="name"/>
          </accessor>
        </technique_common>
      </source>
      <sampler id="mixamorig_LeftUpLeg-Matrix-animation-transform">
        <input semantic="INPUT" source="#mixamorig_LeftUpLeg-Matrix-animation-input"/>
        <input semantic="OUTPUT" source="#mixamorig_LeftUpLeg-Matrix-animation-output-transform"/>
        <input semantic="INTERPOLATION" source="#mixamorig_LeftUpLeg-Interpolations"/>
      </sampler>
      <channel source="#mixamorig_LeftUpLeg-Matrix-animation-transform" target="mixamorig_LeftUpLeg/matrix"/>
    </animation>
    <animation id="mixamorig_LeftLeg-anim" name="mixamorig_LeftLeg">
      <source id="mixamorig_LeftLeg-Matrix-animation-input">
        <float_array id="mixamorig_LeftLeg-Matrix-animation-input-array" count="26">

0.000000 0.033333 0.066667 0.100000 0.133333 0.166667 0.200000 0.233333 0.266667 0.300000 0.333333 0.366667 0.400000 0.433333 0.466667 0.500000
0.533333 0.566667 0.600000 0.633333 0.666667 0.700000 0.733333 0.766667 0.800000 0.833333</float_array>
        <technique_common>
          <accessor source="#mixamorig_LeftLeg-Matrix-animation-input-array" count="26">
            <param name="TIME" type="float"/>
          </accessor>
        </technique_common>
      </source>
      <source id="mixamorig_LeftLeg-Matrix-animation-output-transform">
        <float_array id="mixamorig_LeftLeg-Matrix-animation-output-transform-array" count="416">

0.975700 -0.007631 -0.218977 -0.000000 0.180640 -0.537610 0.823617 46.951000 -0.124009 -0.843159 -0.523168 0.000000 0.000000 0.000000 0.000000 1.000000
0.985052 0.002198 -0.172243 0.000000 0.160555 -0.373975 0.913436 46.951000 -0.062406 -0.927436 -0.368737 0.000000 0.000000 0.000000 0.000000 1.000000
0.983769 0.043729 -0.174028 0.000000 0.175969 -0.045340 0.983351 46.951000 0.035110 -0.998014 -0.052299 0.000000 0.000000 0.000000 0.000000 1.000000
0.987773 0.058385 -0.144554 0.000000 0.113589 0.365561 0.923831 46.951000 0.106781 -0.928955 0.354459 0.000000 0.000000 0.000000 0.000000 1.000000
0.988738 0.046231 -0.142335 0.000000 0.069132 0.702430 0.708387 46.951000 0.132730 -0.710250 0.691324 0.000000 0.000000 0.000000 0.000000 1.000000
0.992280 0.032123 -0.119782 -0.000000 0.057299 0.737837 0.672542 46.951000 0.109984 -0.674214 0.730301 0.000000 0.000000 0.000000 0.000000 1.000000
0.997707 0.024581 -0.063066 -0.000000 0.023240 0.750689 0.660247 46.951000 0.063572 -0.660199 0.748396 0.000000 0.000000 0.000000 0.000000 1.000000
0.997769 0.015251 -0.064988 0.000000 0.029707 0.770387 0.636884 46.951000 0.059779 -0.637394 0.768216 0.000000 0.000000 0.000000 0.000000 1.000000
0.996879 0.011026 -0.078177 -0.000000 0.040373 0.779744 0.624796 46.951000 0.067847 -0.626002 0.776865 0.000000 0.000000 0.000000 0.000000 1.000000
0.996831 0.006910 -0.079242 0.000000 0.056468 0.640158 0.766165 46.951000 0.056021 -0.768212 0.637739 0.000000 0.000000 0.000000 0.000000 1.000000
0.999179 0.013562 -0.038182 0.000000 0.031036 0.349640 0.936370 46.951000 0.026049 -0.936786 0.348932 0.000000 0.000000 0.000000 0.000000 1.000000
0.999811 0.018949 0.004401 0.000000 -0.007920 0.189851 0.981781 46.951000 0.017768 -0.981630 0.189965 -0.000000 0.000000 0.000000 0.000000 1.000000
0.999312 -0.001223 0.037056 -0.000000 -0.036125 0.192842 0.980565 46.951000 -0.008345 -0.981229 0.192665 0.000000 0.000000 0.000000 0.000000 1.000000
0.996520 -0.047031 0.068821 -0.000000 -0.044130 0.402769 0.914237 46.951000 -0.070717 -0.914093 0.399292 0.000000 0.000000 0.000000 0.000000 1.000000
0.991772 -0.070411 0.106911 0.000000 -0.039371 0.626902 0.778103 46.951000 -0.121809 -0.775910 0.618971 -0.000000 0.000000 0.000000 0.000000 1.000000
0.988594 -0.099450 0.113103 0.000000 -0.012840 0.692592 0.721215 46.951000 -0.150059 -0.714441 0.683415 -0.000000 0.000000 0.000000 0.000000 1.000000
0.990595 -0.096119 0.097379 0.000000 -0.001059 0.706289 0.707923 46.951000 -0.136823 -0.701368 0.699544 0.000000 0.000000 0.000000 0.000000 1.000000
0.988748 -0.117664 0.092376 -0.000000 0.008005 0.658248 0.752759 46.951000 -0.149379 -0.743549 0.651783 0.000000 0.000000 0.000000 0.000000 1.000000
0.988557 -0.141825 0.051390 -0.000000 0.024481 0.486994 0.873062 46.951000 -0.148849 -0.861813 0.484893 0.000000 0.000000 0.000000 0.000000 1.000000
0.991464 -0.126599 -0.031182 0.000000 0.064741 0.270430 0.960560 46.951000 -0.113174 -0.954379 0.276318 0.000000 0.000000 0.000000 0.000000 1.000000
0.988381 -0.095654 -0.118128 0.000000 0.121148 0.026385 0.992284 46.951000 -0.091800 -0.995065 0.037666 0.000000 0.000000 0.000000 0.000000 1.000000
0.974950 -0.058952 -0.214467 -0.000000 0.197010 -0.218683 0.955701 46.951000 -0.103241 -0.974013 -0.201591 0.000000 0.000000 0.000000 0.000000 1.000000
0.967672 -0.038922 -0.249189 0.000000 0.205108 -0.453511 0.867328 46.951000 -0.146769 -0.890400 -0.430867 0.000000 0.000000 0.000000 0.000000 1.000000
0.975986 -0.042260 -0.213693 -0.000000 0.146971 -0.596321 0.789178 46.951000 -0.160780 -0.801633 -0.575790 0.000000 0.000000 0.000000 0.000000 1.000000
0.978359 -0.033820 -0.204130 -0.000000 0.136933 -0.633779 0.761297 46.951000 -0.155121 -0.772774 -0.615433 0.000000 0.000000 0.000000 0.000000 1.000000
0.975700 -0.007631 -0.218977 -0.000000 0.180640 -0.537610 0.823617 46.951000 -0.124009 -0.843159 -0.523168 0.000000 0.000000 0.000000 0.000000 1.000000</float_array>
        <technique_common>
          <accessor source="#mixamorig_LeftLeg-Matrix-animation-output-transform-array" count="26" stride="16">
            <param type="float4x4"/>
          </accessor>
        </technique_common>
      </source>
      <source id="mixamorig_LeftLeg-Interpolations">
        <Name_array id="mixamorig_LeftLeg-Interpolations-array" count="26">
 LINEAR LINEAR LINEAR LINEAR LINEAR LINEAR LINEAR LINEAR LINEAR LINEAR LINEAR
LINEAR LINEAR LINEAR LINEAR LINEAR LINEAR LINEAR LINEAR LINEAR LINEAR LINEAR LINEAR
LINEAR LINEAR LINEAR</Name_array>
        <technique_common>
          <accessor source="#mixamorig_LeftLeg-Interpolations-array" count="26">
            <param type="name"/>
          </accessor>
        </technique_common>
      </source>
      <sampler id="mixamorig_LeftLeg-Matrix-animation-transform">
        <input semantic="INPUT" source="#mixamorig_LeftLeg-Matrix-animation-input"/>
        <input semantic="OUTPUT" source="#mixamorig_LeftLeg-Matrix-animation-output-transform"/>
        <input semantic="INTERPOLATION" source="#mixamorig_LeftLeg-Interpolations"/>
      </sampler>
      <channel source="#mixamorig_LeftLeg-Matrix-animation-transform" target="mixamorig_LeftLeg/matrix"/>
    </animation>
    <animation id="mixamorig_LeftFoot-anim" name="mixamorig_LeftFoot">
      <source id="mixamorig_LeftFoot-Matrix-animation-input">
        <float_array id="mixamorig_LeftFoot-Matrix-animation-input-array" count="26">

0.000000 0.033333 0.066667 0.100000 0.133333 0.166667 0.200000 0.233333 0.266667 0.300000 0.333333 0.366667 0.400000 0.433333 0.466667 0.500000
0.533333 0.566667 0.600000 0.633333 0.666667 0.700000 0.733333 0.766667 0.800000 0.833333</float_array>
        <technique_common>
          <accessor source="#mixamorig_LeftFoot-Matrix-animation-input-array" count="26">
            <param name="TIME" type="float"/>
          </accessor>
        </technique_common>
      </source>
      <source id="mixamorig_LeftFoot-Matrix-animation-output-transform">
        <float_array id="mixamorig_LeftFoot-Matrix-animation-output-transform-array" count="416">

0.993098 -0.071942 0.092632 0.000000 0.115371 0.457027 -0.881939 55.112000 0.021113 0.886539 0.462173 -0.000000 0.000000 0.000000 0.000000 1.000000
0.994440 0.072110 -0.076743 -0.000000 -0.099805 0.412928 -0.905279 55.112000 -0.033590 0.907905 0.417829 0.000000 0.000000 0.000000 0.000000 1.000000
0.999585 0.020184 -0.020574 -0.000000 -0.026955 0.402005 -0.915241 55.112000 -0.010202 0.915415 0.402382 0.000000 0.000000 0.000000 0.000000 1.000000
0.999866 0.009459 -0.013356 0.000000 -0.015993 0.391393 -0.920085 55.112000 -0.003475 0.920175 0.391492 0.000000 0.000000 0.000000 0.000000 1.000000
0.999190 0.020869 -0.034405 0.000000 -0.039840 0.392830 -0.918748 55.112000 -0.005658 0.919374 0.393343 0.000000 0.000000 0.000000 0.000000 1.000000
0.998770 0.024310 -0.043219 -0.000000 -0.048414 0.289635 -0.955912 55.112000 -0.010720 0.956829 0.290455 0.000000 0.000000 0.000000 0.000000 1.000000
0.999419 0.014340 -0.030920 0.000000 -0.033506 0.247185 -0.968389 55.112000 -0.006244 0.968862 0.247522 0.000000 0.000000 0.000000 0.000000 1.000000
0.999500 0.011890 -0.029310 -0.000000 -0.031443 0.272752 -0.961571 55.112000 -0.003439 0.962011 0.272989 0.000000 0.000000 0.000000 0.000000 1.000000
0.999665 -0.020414 0.015911 0.000000 0.022142 0.356206 -0.934145 55.112000 0.013402 0.934184 0.356539 0.000000 0.000000 0.000000 0.000000 1.000000
0.996616 -0.061200 0.054877 0.000000 0.079920 0.565248 -0.821041 55.112000 0.019229 0.822648 0.568226 -0.000000 0.000000 0.000000 0.000000 1.000000
0.996326 -0.059370 0.061716 0.000000 0.081061 0.421391 -0.903249 55.112000 0.027619 0.904934 0.424656 0.000000 0.000000 0.000000 0.000000 1.000000
0.993826 -0.064852 0.090028 -0.000000 0.101087 0.194736 -0.975633 55.112000 0.045740 0.978709 0.200089 0.000000 0.000000 0.000000 0.000000 1.000000
0.993077 -0.056705 0.102875 0.000000 0.102625 -0.007315 -0.994693 55.112000 0.057156 0.998364 -0.001445 0.000000 0.000000 0.000000 0.000000 1.000000
0.994289 -0.046129 0.096240 0.000000 0.091646 -0.093076 -0.991432 55.112000 0.054691 0.994590 -0.088317 0.000000 0.000000 0.000000 0.000000 1.000000
0.995407 -0.045550 0.084203 0.000000 0.089714 0.136869 -0.986518 55.112000 0.033411 0.989541 0.140327 -0.000000 0.000000 0.000000 0.000000 1.000000
0.999904 -0.008957 0.010534 -0.000000 0.013676 0.528231 -0.848991 55.112000 0.002040 0.849054 0.528303 0.000000 0.000000 0.000000 0.000000 1.000000
0.999823 0.014267 -0.012265 0.000000 -0.018350 0.595575 -0.803090 55.112000 -0.004153 0.803173 0.595732 0.000000 0.000000 0.000000 0.000000 1.000000
0.999787 0.015568 -0.013540 -0.000000 -0.020371 0.640671 -0.767545 55.112000 -0.003274 0.767658 0.640852 0.000000 0.000000 0.000000 0.000000 1.000000
0.997782 0.047209 -0.046929 0.000000 -0.066324 0.644982 -0.761314 55.112000 -0.005672 0.762738 0.646683 0.000000 0.000000 0.000000 0.000000 1.000000
0.994850 0.072781 -0.070550 -0.000000 -0.101107 0.663133 -0.741642 55.112000 -0.007194 0.744955 0.667076 0.000000 0.000000 0.000000 0.000000 1.000000
0.994463 0.074541 -0.074079 -0.000000 -0.104619 0.635461 -0.765013 55.112000 -0.009950 0.768526 0.639741 -0.000000 0.000000 0.000000 0.000000 1.000000
0.993246 0.081711 -0.082381 0.000000 -0.115027 0.600198 -0.791537 55.112000 -0.015232 0.795667 0.605543 0.000000 0.000000 0.000000 0.000000 1.000000
0.998970 0.032361 -0.031801 0.000000 -0.044035 0.522702 -0.851377 55.112000 -0.010929 0.851901 0.523589 0.000000 0.000000 0.000000 0.000000 1.000000
0.999928 -0.005232 0.010804 0.000000 0.011972 0.500929 -0.865405 55.112000 -0.000884 0.865472 0.500956 0.000000 0.000000 0.000000 0.000000 1.000000
0.998335 -0.034809 0.046003 0.000000 0.057099 0.482560 -0.874000 55.112000 0.008223 0.875171 0.483743 0.000000 0.000000 0.000000 0.000000 1.000000
0.993098 -0.071942 0.092632 0.000000 0.115371 0.457027 -0.881939 55.112000 0.021113 0.886539 0.462173 -0.000000 0.000000 0.000000 0.000000 1.000000</float_array>
        <technique_common>
          <accessor source="#mixamorig_LeftFoot-Matrix-animation-output-transform-array" count="26" stride="16">
            <param type="float4x4"/>
          </accessor>
        </technique_common>
      </source>
      <source id="mixamorig_LeftFoot-Interpolations">
        <Name_array id="mixamorig_LeftFoot-Interpolations-array" count="26">
 LINEAR LINEAR LINEAR LINEAR LINEAR LINEAR LINEAR LINEAR LINEAR LINEAR LINEAR
LINEAR LINEAR LINEAR LINEAR LINEAR LINEAR LINEAR LINEAR LINEAR LINEAR LINEAR LINEAR
LINEAR LINEAR LINEAR</Name_array>
        <technique_common>
          <accessor source="#mixamorig_LeftFoot-Interpolations-array" count="26">
            <param type="name"/>
          </accessor>
        </technique_common>
      </source>
      <sampler id="mixamorig_LeftFoot-Matrix-animation-transform">
        <input semantic="INPUT" source="#mixamorig_LeftFoot-Matrix-animation-input"/>
        <input semantic="OUTPUT" source="#mixamorig_LeftFoot-Matrix-animation-output-transform"/>
        <input semantic="INTERPOLATION" source="#mixamorig_LeftFoot-Interpolations"/>
      </sampler>
      <channel source="#mixamorig_LeftFoot-Matrix-animation-transform" target="mixamorig_LeftFoot/matrix"/>
    </animation>
    <animation id="mixamorig_LeftToeBase-anim" name="mixamorig_LeftToeBase">
      <source id="mixamorig_LeftToeBase-Matrix-animation-input">
        <float_array id="mixamorig_LeftToeBase-Matrix-animation-input-array" count="26">

0.000000 0.033333 0.066667 0.100000 0.133333 0.166667 0.200000 0.233333 0.266667 0.300000 0.333333 0.366667 0.400000 0.433333 0.466667 0.500000
0.533333 0.566667 0.600000 0.633333 0.666667 0.700000 0.733333 0.766667 0.800000 0.833333</float_array>
        <technique_common>
          <accessor source="#mixamorig_LeftToeBase-Matrix-animation-input-array" count="26">
            <param name="TIME" type="float"/>
          </accessor>
        </technique_common>
      </source>
      <source id="mixamorig_LeftToeBase-Matrix-animation-output-transform">
        <float_array id="mixamorig_LeftToeBase-Matrix-animation-output-transform-array" count="416">

0.992056 0.050453 -0.115236 -0.000000 -0.117290 0.702106 -0.702347 22.799999 0.045472 0.710283 0.702446 0.000000 0.000000 0.000000 0.000000 1.000000
0.997751 -0.021257 0.063575 0.000000 0.059283 0.722520 -0.688803 22.799999 -0.031292 0.691023 0.722155 0.000000 0.000000 0.000000 0.000000 1.000000
0.999084 0.032177 0.028193 0.000000 -0.001602 0.686689 -0.726949 22.799999 -0.042751 0.726239 0.686112 0.000000 0.000000 0.000000 0.000000 1.000000
0.998271 0.057316 -0.012995 -0.000000 -0.048227 0.672529 -0.738498 22.799999 -0.033589 0.737848 0.674130 0.000000 0.000000 0.000000 0.000000 1.000000
0.997062 0.071783 -0.026714 0.000000 -0.067636 0.661501 -0.746888 22.799999 -0.035943 0.746501 0.664413 0.000000 0.000000 0.000000 0.000000 1.000000
0.998221 0.059413 -0.004961 0.000000 -0.043507 0.669014 -0.741976 22.799999 -0.040764 0.740872 0.670409 0.000000 0.000000 0.000000 0.000000 1.000000
0.995104 0.074492 -0.064961 0.000000 -0.098147 0.667178 -0.738404 22.799999 -0.011665 0.741165 0.671222 0.000000 0.000000 0.000000 0.000000 1.000000
0.996403 0.070607 -0.046868 0.000000 -0.082106 0.667313 -0.740237 22.799999 -0.020991 0.741423 0.670710 -0.000000 0.000000 0.000000 0.000000 1.000000
0.997203 0.065644 -0.035746 0.000000 -0.070590 0.669840 -0.739143 22.799999 -0.024576 0.739598 0.672600 0.000000 0.000000 0.000000 0.000000 1.000000
0.995956 0.081320 -0.038183 -0.000000 -0.082252 0.654474 -0.751597 22.799999 -0.036130 0.751699 0.658516 0.000000 0.000000 0.000000 0.000000 1.000000
0.997071 0.075890 -0.009486 0.000000 -0.056685 0.650023 -0.757797 22.799999 -0.051344 0.756115 0.652421 0.000000 0.000000 0.000000 0.000000 1.000000
0.996959 0.076286 -0.015915 -0.000000 -0.061875 0.650744 -0.756772 22.799999 -0.047375 0.755455 0.653485 0.000000 0.000000 0.000000 0.000000 1.000000
0.996600 0.078113 -0.026219 0.000000 -0.070946 0.651686 -0.755163 22.799999 -0.041901 0.754456 0.655012 -0.000000 0.000000 0.000000 0.000000 1.000000
0.997328 0.072949 -0.003963 -0.000000 -0.050255 0.645672 -0.761959 22.799999 -0.053025 0.760122 0.647613 0.000000 0.000000 0.000000 0.000000 1.000000
0.995910 0.080318 0.041370 0.000000 0.002688 0.431358 -0.902177 22.799999 -0.090307 0.898598 0.429378 -0.000000 0.000000 0.000000 0.000000 1.000000
0.993866 0.089896 0.064411 0.000000 0.035209 0.294917 -0.954874 22.799999 -0.104835 0.951285 0.289943 0.000000 0.000000 0.000000 0.000000 1.000000
0.995634 0.082137 -0.044348 -0.000000 -0.091752 0.773747 -0.626815 22.799999 -0.017170 0.628148 0.777905 0.000000 0.000000 0.000000 0.000000 1.000000
0.993459 0.079715 -0.081766 0.000000 -0.113473 0.769409 -0.628597 22.799999 0.012803 0.633763 0.773421 0.000000 0.000000 0.000000 0.000000 1.000000
0.994304 0.070947 -0.079536 -0.000000 -0.106424 0.701395 -0.704783 22.799999 0.005783 0.709233 0.704950 -0.000000 0.000000 0.000000 0.000000 1.000000
0.994702 0.063226 -0.081063 0.000000 -0.102356 0.682686 -0.723508 22.799999 0.009596 0.727972 0.685540 0.000000 0.000000 0.000000 0.000000 1.000000
0.994026 0.070727 -0.083126 0.000000 -0.109043 0.676105 -0.728691 22.799999 0.004664 0.733402 0.679779 0.000000 0.000000 0.000000 0.000000 1.000000
0.996717 0.046223 -0.066466 0.000000 -0.079893 0.694357 -0.715183 22.799999 0.013093 0.718145 0.695770 0.000000 0.000000 0.000000 0.000000 1.000000
0.997313 0.032603 -0.065609 0.000000 -0.069459 0.705605 -0.705193 22.799999 0.023303 0.707855 0.705974 -0.000000 0.000000 0.000000 0.000000 1.000000
0.986048 0.086327 -0.142329 0.000000 -0.162962 0.675044 -0.719554 22.799999 0.033961 0.732709 0.679694 0.000000 0.000000 0.000000 0.000000 1.000000
0.976426 0.117297 -0.181202 0.000000 -0.213336 0.652247 -0.727366 22.799999 0.032870 0.748876 0.661895 0.000000 0.000000 0.000000 0.000000 1.000000
0.992056 0.050453 -0.115236 -0.000000 -0.117290 0.702106 -0.702347 22.799999 0.045472 0.710283 0.702446 0.000000 0.000000 0.000000 0.000000 1.000000</float_array>
        <technique_common>
          <accessor source="#mixamorig_LeftToeBase-Matrix-animation-output-transform-array" count="26" stride="16">
            <param type="float4x4"/>
          </accessor>
        </technique_common>
      </source>
      <source id="mixamorig_LeftToeBase-Interpolations">
        <Name_array id="mixamorig_LeftToeBase-Interpolations-array" count="26">
 LINEAR LINEAR LINEAR LINEAR LINEAR LINEAR LINEAR LINEAR LINEAR LINEAR LINEAR
LINEAR LINEAR LINEAR LINEAR LINEAR LINEAR LINEAR LINEAR LINEAR LINEAR LINEAR LINEAR
LINEAR LINEAR LINEAR</Name_array>
        <technique_common>
          <accessor source="#mixamorig_LeftToeBase-Interpolations-array" count="26">
            <param type="name"/>
          </accessor>
        </technique_common>
      </source>
      <sampler id="mixamorig_LeftToeBase-Matrix-animation-transform">
        <input semantic="INPUT" source="#mixamorig_LeftToeBase-Matrix-animation-input"/>
        <input semantic="OUTPUT" source="#mixamorig_LeftToeBase-Matrix-animation-output-transform"/>
        <input semantic="INTERPOLATION" source="#mixamorig_LeftToeBase-Interpolations"/>
      </sampler>
      <channel source="#mixamorig_LeftToeBase-Matrix-animation-transform" target="mixamorig_LeftToeBase/matrix"/>
    </animation>
    <animation id="mixamorig_RightUpLeg-anim" name="mixamorig_RightUpLeg">
      <source id="mixamorig_RightUpLeg-Matrix-animation-input">
        <float_array id="mixamorig_RightUpLeg-Matrix-animation-input-array" count="26">

0.000000 0.033333 0.066667 0.100000 0.133333 0.166667 0.200000 0.233333 0.266667 0.300000 0.333333 0.366667 0.400000 0.433333 0.466667 0.500000
0.533333 0.566667 0.600000 0.633333 0.666667 0.700000 0.733333 0.766667 0.800000 0.833333</float_array>
        <technique_common>
          <accessor source="#mixamorig_RightUpLeg-Matrix-animation-input-array" count="26">
            <param name="TIME" type="float"/>
          </accessor>
        </technique_common>
      </source>
      <source id="mixamorig_RightUpLeg-Matrix-animation-output-transform">
        <float_array id="mixamorig_RightUpLeg-Matrix-animation-output-transform-array" count="416">

-0.981980 0.095133 -0.163291 -12.883000 -0.174058 -0.791838 0.585404 -6.336200 -0.073609 0.603277 0.794128 -1.092800 0.000000 0.000000 0.000000 1.000000
-0.980401 0.090754 -0.174865 -12.883000 -0.140576 -0.944105 0.298169 -6.336200 -0.138031 0.316907 0.938359 -1.092800 0.000000 0.000000 0.000000 1.000000
-0.978102 0.062968 -0.198374 -12.883000 -0.071604 -0.996759 0.036662 -6.336200 -0.195423 0.050064 0.979440 -1.092800 0.000000 0.000000 0.000000 1.000000
-0.967288 0.036938 -0.250976 -12.883000 0.005665 -0.985950 -0.166945 -6.336200 -0.253616 -0.162906 0.953489 -1.092800 0.000000 0.000000 0.000000 1.000000
-0.965910 -0.011086 -0.258639 -12.883000 0.073986 -0.969233 -0.234764 -6.336200 -0.248079 -0.245897 0.937012 -1.092800 0.000000 0.000000 0.000000 1.000000
-0.974131 -0.048092 -0.220806 -12.883000 0.107974 -0.957398 -0.267826 -6.336200 -0.198519 -0.284739 0.937824 -1.092800 0.000000 0.000000 0.000000 1.000000
-0.983358 -0.095676 -0.154443 -12.883000 0.130932 -0.962555 -0.237370 -6.336200 -0.125949 -0.253642 0.959063 -1.092800 0.000000 0.000000 0.000000 1.000000
-0.985815 -0.108124 -0.128369 -12.883000 0.127070 -0.980489 -0.149984 -6.336200 -0.109648 -0.164168 0.980319 -1.092800 0.000000 0.000000 0.000000 1.000000
-0.988903 -0.124964 -0.080338 -12.883000 0.127427 -0.991500 -0.026275 -6.336200 -0.076371 -0.036221 0.996421 -1.092800 0.000000 0.000000 0.000000 1.000000
-0.990094 -0.138596 -0.022478 -12.883000 0.133227 -0.977886 0.161214 -6.336200 -0.044324 0.156622 0.986664 -1.092800 0.000000 0.000000 0.000000 1.000000
-0.990553 -0.132261 0.036224 -12.883000 0.135661 -0.906539 0.399728 -6.336200 -0.020030 0.400866 0.915918 -1.092800 0.000000 0.000000 0.000000 1.000000
-0.985916 -0.141514 0.089122 -12.883000 0.164769 -0.730686 0.662532 -6.336200 -0.028637 0.667886 0.743713 -1.092800 0.000000 0.000000 0.000000 1.000000
-0.982519 -0.143979 0.118009 -12.883000 0.175742 -0.508261 0.843081 -6.336200 -0.061406 0.849083 0.524679 -1.092800 0.000000 0.000000 0.000000 1.000000
-0.983705 -0.150118 0.098937 -12.883000 0.151576 -0.396531 0.905422 -6.336200 -0.096689 0.905664 0.412824 -1.092800 0.000000 0.000000 0.000000 1.000000
-0.989009 -0.132078 0.066457 -12.883000 0.110881 -0.365213 0.924297 -6.336200 -0.097808 0.921507 0.375844 -1.092800 0.000000 0.000000 0.000000 1.000000
-0.997782 -0.065317 0.012815 -12.883000 0.035770 -0.363806 0.930788 -6.336200 -0.056134 0.929182 0.365336 -1.092800 0.000000 0.000000 0.000000 1.000000
-0.999470 -0.017328 -0.027558 -12.883000 -0.018146 -0.406302 0.913558 -6.336200 -0.027027 0.913574 0.405773 -1.092800 0.000000 0.000000 0.000000 1.000000
-0.998803 0.006148 -0.048531 -12.883000 -0.045306 -0.490430 0.870302 -6.336200 -0.018450 0.871459 0.490122 -1.092800 0.000000 0.000000 0.000000 1.000000
-0.998195 0.016877 -0.057631 -12.883000 -0.058309 -0.501869 0.862976 -6.336200 -0.014359 0.864779 0.501948 -1.092800 0.000000 0.000000 0.000000 1.000000
-0.997543 0.027013 -0.064635 -12.883000 -0.069269 -0.518001 0.852571 -6.336200 -0.010450 0.854953 0.518600 -1.092800 0.000000 0.000000 0.000000 1.000000
-0.996919 0.027630 -0.073408 -12.883000 -0.076400 -0.553908 0.829065 -6.336200 -0.017754 0.832120 0.554312 -1.092800 0.000000 0.000000 0.000000 1.000000
-0.995534 0.040822 -0.085118 -12.883000 -0.093261 -0.564976 0.819820 -6.336200 -0.014623 0.824097 0.566260 -1.092800 0.000000 0.000000 0.000000 1.000000
-0.993487 0.011817 -0.113334 -12.883000 -0.104662 -0.487907 0.866598 -6.336200 -0.045055 0.872816 0.485966 -1.092800 0.000000 0.000000 0.000000 1.000000
-0.989335 0.035023 -0.141385 -12.883000 -0.138924 -0.518620 0.843643 -6.336200 -0.043778 0.854287 0.517954 -1.092800 0.000000 0.000000 0.000000 1.000000
-0.984386 0.064720 -0.163696 -12.883000 -0.167748 -0.626736 0.760962 -6.336200 -0.053344 0.776540 0.627806 -1.092800 0.000000 0.000000 0.000000 1.000000
-0.981980 0.095133 -0.163291 -12.883000 -0.174058 -0.791838 0.585404 -6.336200 -0.073609 0.603277 0.794128 -1.092800 0.000000 0.000000 0.000000 1.000000</float_array>
        <technique_common>
          <accessor source="#mixamorig_RightUpLeg-Matrix-animation-output-transform-array" count="26" stride="16">
            <param type="float4x4"/>
          </accessor>
        </technique_common>
      </source>
      <source id="mixamorig_RightUpLeg-Interpolations">
        <Name_array id="mixamorig_RightUpLeg-Interpolations-array" count="26">
 LINEAR LINEAR LINEAR LINEAR LINEAR LINEAR LINEAR LINEAR LINEAR LINEAR LINEAR
LINEAR LINEAR LINEAR LINEAR LINEAR LINEAR LINEAR LINEAR LINEAR LINEAR LINEAR LINEAR
LINEAR LINEAR LINEAR</Name_array>
        <technique_common>
          <accessor source="#mixamorig_RightUpLeg-Interpolations-array" count="26">
            <param type="name"/>
          </accessor>
        </technique_common>
      </source>
      <sampler id="mixamorig_RightUpLeg-Matrix-animation-transform">
        <input semantic="INPUT" source="#mixamorig_RightUpLeg-Matrix-animation-input"/>
        <input semantic="OUTPUT" source="#mixamorig_RightUpLeg-Matrix-animation-output-transform"/>
        <input semantic="INTERPOLATION" source="#mixamorig_RightUpLeg-Interpolations"/>
      </sampler>
      <channel source="#mixamorig_RightUpLeg-Matrix-animation-transform" target="mixamorig_RightUpLeg/matrix"/>
    </animation>
    <animation id="mixamorig_RightLeg-anim" name="mixamorig_RightLeg">
      <source id="mixamorig_RightLeg-Matrix-animation-input">
        <float_array id="mixamorig_RightLeg-Matrix-animation-input-array" count="26">

0.000000 0.033333 0.066667 0.100000 0.133333 0.166667 0.200000 0.233333 0.266667 0.300000 0.333333 0.366667 0.400000 0.433333 0.466667 0.500000
0.533333 0.566667 0.600000 0.633333 0.666667 0.700000 0.733333 0.766667 0.800000 0.833333</float_array>
        <technique_common>
          <accessor source="#mixamorig_RightLeg-Matrix-animation-input-array" count="26">
            <param name="TIME" type="float"/>
          </accessor>
        </technique_common>
      </source>
      <source id="mixamorig_RightLeg-Matrix-animation-output-transform">
        <float_array id="mixamorig_RightLeg-Matrix-animation-output-transform-array" count="416">

0.999339 0.027726 0.023530 0.000000 -0.028823 0.209377 0.977410 46.951099 0.022173 -0.977442 0.210038 0.000000 0.000000 0.000000 0.000000 1.000000
0.997650 0.053733 -0.042509 -0.000000 0.015698 0.424656 0.905219 46.951099 0.066692 -0.903759 0.422815 0.000000 0.000000 0.000000 0.000000 1.000000
0.983965 0.079359 -0.159736 -0.000000 0.068758 0.657578 0.750242 46.951099 0.164578 -0.749195 0.641577 -0.000000 0.000000 0.000000 0.000000 1.000000
0.965281 0.125593 -0.229038 0.000000 0.031769 0.813871 0.580176 46.951099 0.259274 -0.567309 0.781625 0.000000 0.000000 0.000000 0.000000 1.000000
0.974143 0.105128 -0.199983 0.000000 0.032132 0.811686 0.583210 46.951099 0.223636 -0.574556 0.787320 0.000000 0.000000 0.000000 0.000000 1.000000
0.988580 0.071124 -0.132854 -0.000000 0.042001 0.716633 0.696185 46.951099 0.144723 -0.693815 0.705462 0.000000 0.000000 0.000000 0.000000 1.000000
0.998651 0.030554 0.041984 -0.000000 -0.051760 0.521538 0.851656 46.951099 0.004125 -0.852681 0.522416 0.000000 0.000000 0.000000 0.000000 1.000000
0.999142 0.035287 0.021691 -0.000000 -0.029918 0.252615 0.967104 46.951099 0.028647 -0.966923 0.253454 0.000000 0.000000 0.000000 0.000000 1.000000
0.998236 -0.012281 0.058089 0.000000 -0.058122 -0.002373 0.998307 46.951099 -0.012122 -0.999922 -0.003082 0.000000 0.000000 0.000000 0.000000 1.000000
0.998051 -0.045932 0.042248 0.000000 -0.053311 -0.275588 0.959796 46.951099 -0.032443 -0.960178 -0.277500 -0.000000 0.000000 0.000000 0.000000 1.000000
0.998519 -0.052698 -0.013501 -0.000000 -0.015579 -0.514783 0.857179 46.951099 -0.052121 -0.855699 -0.514842 0.000000 0.000000 0.000000 0.000000 1.000000
0.997543 -0.050547 -0.048509 -0.000000 0.004733 -0.642201 0.766522 46.951099 -0.069898 -0.764868 -0.640384 0.000000 0.000000 0.000000 0.000000 1.000000
0.997396 -0.054638 -0.047073 -0.000000 0.000675 -0.645612 0.763665 46.951099 -0.072116 -0.761708 -0.643894 0.000000 0.000000 0.000000 0.000000 1.000000
0.997876 -0.061809 -0.020563 0.000000 -0.013928 -0.510827 0.859571 46.951099 -0.063634 -0.857459 -0.510603 -0.000000 0.000000 0.000000 0.000000 1.000000
0.997333 -0.071164 0.016233 0.000000 -0.034867 -0.269101 0.962481 46.951099 -0.064125 -0.960479 -0.270865 0.000000 0.000000 0.000000 0.000000 1.000000
0.997659 -0.061123 0.030665 0.000000 -0.028448 0.036815 0.998917 46.951099 -0.062185 -0.997451 0.034990 -0.000000 0.000000 0.000000 0.000000 1.000000
0.993683 -0.057469 0.096393 0.000000 -0.063824 0.417097 0.906618 46.951099 -0.092307 -0.907043 0.410795 0.000000 0.000000 0.000000 0.000000 1.000000
0.987986 -0.040966 0.149013 0.000000 -0.072713 0.727602 0.682135 46.951099 -0.136366 -0.684775 0.715882 -0.000000 0.000000 0.000000 0.000000 1.000000
0.998400 -0.009766 0.055693 0.000000 -0.026422 0.790237 0.612232 46.951099 -0.049990 -0.612724 0.788714 0.000000 0.000000 0.000000 0.000000 1.000000
0.999844 0.016052 -0.007422 0.000000 -0.008481 0.803484 0.595265 46.951099 0.015519 -0.595109 0.803495 0.000000 0.000000 0.000000 0.000000 1.000000
0.999838 0.014010 0.011275 0.000000 -0.017968 0.804171 0.594126 46.951099 -0.000743 -0.594233 0.804293 0.000000 0.000000 0.000000 0.000000 1.000000
0.998970 0.012927 0.043502 0.000000 -0.039196 0.728916 0.683480 46.951099 -0.022874 -0.684481 0.728672 0.000000 0.000000 0.000000 0.000000 1.000000
0.999633 -0.015888 0.021956 0.000000 -0.012116 0.462692 0.886437 46.951099 -0.024243 -0.886377 0.462329 0.000000 0.000000 0.000000 0.000000 1.000000
0.998921 -0.032276 0.033399 0.000000 -0.024027 0.256291 0.966301 46.951099 -0.039748 -0.966061 0.255239 0.000000 0.000000 0.000000 0.000000 1.000000
0.998812 -0.028660 0.039413 0.000000 -0.034766 0.147669 0.988426 46.951099 -0.034149 -0.988621 0.146497 0.000000 0.000000 0.000000 0.000000 1.000000
0.999339 0.027726 0.023530 0.000000 -0.028823 0.209377 0.977410 46.951099 0.022173 -0.977442 0.210038 0.000000 0.000000 0.000000 0.000000 1.000000</float_array>
        <technique_common>
          <accessor source="#mixamorig_RightLeg-Matrix-animation-output-transform-array" count="26" stride="16">
            <param type="float4x4"/>
          </accessor>
        </technique_common>
      </source>
      <source id="mixamorig_RightLeg-Interpolations">
        <Name_array id="mixamorig_RightLeg-Interpolations-array" count="26">
 LINEAR LINEAR LINEAR LINEAR LINEAR LINEAR LINEAR LINEAR LINEAR LINEAR LINEAR
LINEAR LINEAR LINEAR LINEAR LINEAR LINEAR LINEAR LINEAR LINEAR LINEAR LINEAR LINEAR
LINEAR LINEAR LINEAR</Name_array>
        <technique_common>
          <accessor source="#mixamorig_RightLeg-Interpolations-array" count="26">
            <param type="name"/>
          </accessor>
        </technique_common>
      </source>
      <sampler id="mixamorig_RightLeg-Matrix-animation-transform">
        <input semantic="INPUT" source="#mixamorig_RightLeg-Matrix-animation-input"/>
        <input semantic="OUTPUT" source="#mixamorig_RightLeg-Matrix-animation-output-transform"/>
        <input semantic="INTERPOLATION" source="#mixamorig_RightLeg-Interpolations"/>
      </sampler>
      <channel source="#mixamorig_RightLeg-Matrix-animation-transform" target="mixamorig_RightLeg/matrix"/>
    </animation>
    <animation id="mixamorig_RightFoot-anim" name="mixamorig_RightFoot">
      <source id="mixamorig_RightFoot-Matrix-animation-input">
        <float_array id="mixamorig_RightFoot-Matrix-animation-input-array" count="26">

0.000000 0.033333 0.066667 0.100000 0.133333 0.166667 0.200000 0.233333 0.266667 0.300000 0.333333 0.366667 0.400000 0.433333 0.466667 0.500000
0.533333 0.566667 0.600000 0.633333 0.666667 0.700000 0.733333 0.766667 0.800000 0.833333</float_array>
        <technique_common>
          <accessor source="#mixamorig_RightFoot-Matrix-animation-input-array" count="26">
            <param name="TIME" type="float"/>
          </accessor>
        </technique_common>
      </source>
      <source id="mixamorig_RightFoot-Matrix-animation-output-transform">
        <float_array id="mixamorig_RightFoot-Matrix-animation-output-transform-array" count="416">

0.999235 0.012459 -0.037070 -0.000000 -0.038370 0.129125 -0.990886 55.112000 -0.007559 0.991550 0.129504 0.000000 0.000000 0.000000 0.000000 1.000000
0.998735 0.012415 -0.048726 0.000000 -0.049887 0.123310 -0.991113 55.112000 -0.006296 0.992290 0.123774 -0.000000 0.000000 0.000000 0.000000 1.000000
0.998832 -0.034529 0.033813 0.000000 0.045954 0.462042 -0.885667 55.112000 0.014958 0.886186 0.463089 0.000000 0.000000 0.000000 0.000000 1.000000
0.967114 -0.202139 0.154373 0.000000 0.254244 0.751206 -0.609139 55.112000 0.007164 0.628355 0.777894 0.000000 0.000000 0.000000 0.000000 1.000000
0.962654 -0.227732 0.146408 0.000000 0.270508 0.831206 -0.485718 55.112000 -0.011082 0.507183 0.861767 -0.000000 0.000000 0.000000 0.000000 1.000000
0.961172 -0.235172 0.144370 0.000000 0.275813 0.835227 -0.475735 55.112000 -0.008702 0.497082 0.867660 0.000000 0.000000 0.000000 0.000000 1.000000
0.969455 -0.210106 0.126543 -0.000000 0.244972 0.854914 -0.457286 55.112000 -0.012105 0.474318 0.880270 0.000000 0.000000 0.000000 0.000000 1.000000
0.980538 -0.166606 0.103859 -0.000000 0.196288 0.842531 -0.501610 55.112000 -0.003933 0.512234 0.858837 0.000000 0.000000 0.000000 0.000000 1.000000
0.980126 -0.167740 0.105909 0.000000 0.198345 0.819089 -0.538286 55.112000 0.003543 0.548595 0.836081 -0.000000 0.000000 0.000000 0.000000 1.000000
0.989300 -0.121858 0.080222 -0.000000 0.145604 0.790046 -0.595506 55.112000 0.009188 0.600814 0.799336 0.000000 0.000000 0.000000 0.000000 1.000000
0.995311 -0.079777 0.054694 0.000000 0.096092 0.750947 -0.653334 55.112000 0.011048 0.655526 0.755092 -0.000000 0.000000 0.000000 0.000000 1.000000
0.997065 -0.062250 0.044577 -0.000000 0.076138 0.744783 -0.662949 55.112000 0.008068 0.664397 0.747336 0.000000 0.000000 0.000000 0.000000 1.000000
0.998338 -0.046643 0.033835 0.000000 0.057406 0.754221 -0.654107 55.112000 0.004991 0.654962 0.755645 -0.000000 0.000000 0.000000 0.000000 1.000000
0.999842 -0.014987 0.009519 0.000000 0.017512 0.744000 -0.667950 55.112000 0.002929 0.668011 0.744146 0.000000 0.000000 0.000000 0.000000 1.000000
0.999970 -0.007664 0.001383 -0.000000 0.006278 0.688163 -0.725529 55.112000 0.004608 0.725516 0.688190 0.000000 0.000000 0.000000 0.000000 1.000000
0.999844 0.010558 -0.014193 -0.000000 -0.017658 0.642907 -0.765741 55.112000 0.001040 0.765872 0.642992 0.000000 0.000000 0.000000 0.000000 1.000000
0.999659 -0.020489 0.016186 0.000000 0.025414 0.621177 -0.783258 55.112000 0.005994 0.783402 0.621486 0.000000 0.000000 0.000000 0.000000 1.000000
0.998084 -0.044139 0.043349 0.000000 0.061308 0.611839 -0.788603 55.112000 0.008286 0.789750 0.613373 0.000000 0.000000 0.000000 0.000000 1.000000
0.996327 -0.060099 0.060999 0.000000 0.083498 0.523815 -0.847730 55.112000 0.018996 0.849709 0.526910 0.000000 0.000000 0.000000 0.000000 1.000000
0.987929 -0.105043 0.113854 0.000000 0.150412 0.474666 -0.867219 55.112000 0.037053 0.873875 0.484736 0.000000 0.000000 0.000000 0.000000 1.000000
0.986124 -0.111533 0.122960 0.000000 0.161955 0.483679 -0.860131 55.112000 0.036460 0.868110 0.495031 -0.000000 0.000000 0.000000 0.000000 1.000000
0.999104 -0.029908 0.029949 0.000000 0.042028 0.617316 -0.785592 55.112000 0.005008 0.786147 0.618019 0.000000 0.000000 0.000000 0.000000 1.000000
0.999430 0.024809 -0.022879 -0.000000 -0.033071 0.584884 -0.810442 55.112000 -0.006724 0.810737 0.585371 0.000000 0.000000 0.000000 0.000000 1.000000
0.999082 0.027212 -0.033080 0.000000 -0.041012 0.384843 -0.922070 55.112000 -0.012361 0.922581 0.385606 -0.000000 0.000000 0.000000 0.000000 1.000000
0.999192 0.021263 -0.034102 -0.000000 -0.037433 0.183685 -0.982272 55.112000 -0.014622 0.982755 0.184333 -0.000000 0.000000 0.000000 0.000000 1.000000
0.999235 0.012459 -0.037070 -0.000000 -0.038370 0.129125 -0.990886 55.112000 -0.007559 0.991550 0.129504 0.000000 0.000000 0.000000 0.000000 1.000000</float_array>
        <technique_common>
          <accessor source="#mixamorig_RightFoot-Matrix-animation-output-transform-array" count="26" stride="16">
            <param type="float4x4"/>
          </accessor>
        </technique_common>
      </source>
      <source id="mixamorig_RightFoot-Interpolations">
        <Name_array id="mixamorig_RightFoot-Interpolations-array" count="26">
 LINEAR LINEAR LINEAR LINEAR LINEAR LINEAR LINEAR LINEAR LINEAR LINEAR LINEAR
LINEAR LINEAR LINEAR LINEAR LINEAR LINEAR LINEAR LINEAR LINEAR LINEAR LINEAR LINEAR
LINEAR LINEAR LINEAR</Name_array>
        <technique_common>
          <accessor source="#mixamorig_RightFoot-Interpolations-array" count="26">
            <param type="name"/>
          </accessor>
        </technique_common>
      </source>
      <sampler id="mixamorig_RightFoot-Matrix-animation-transform">
        <input semantic="INPUT" source="#mixamorig_RightFoot-Matrix-animation-input"/>
        <input semantic="OUTPUT" source="#mixamorig_RightFoot-Matrix-animation-output-transform"/>
        <input semantic="INTERPOLATION" source="#mixamorig_RightFoot-Interpolations"/>
      </sampler>
      <channel source="#mixamorig_RightFoot-Matrix-animation-transform" target="mixamorig_RightFoot/matrix"/>
    </animation>
    <animation id="mixamorig_RightToeBase-anim" name="mixamorig_RightToeBase">
      <source id="mixamorig_RightToeBase-Matrix-animation-input">
        <float_array id="mixamorig_RightToeBase-Matrix-animation-input-array" count="26">

0.000000 0.033333 0.066667 0.100000 0.133333 0.166667 0.200000 0.233333 0.266667 0.300000 0.333333 0.366667 0.400000 0.433333 0.466667 0.500000
0.533333 0.566667 0.600000 0.633333 0.666667 0.700000 0.733333 0.766667 0.800000 0.833333</float_array>
        <technique_common>
          <accessor source="#mixamorig_RightToeBase-Matrix-animation-input-array" count="26">
            <param name="TIME" type="float"/>
          </accessor>
        </technique_common>
      </source>
      <source id="mixamorig_RightToeBase-Matrix-animation-output-transform">
        <float_array id="mixamorig_RightToeBase-Matrix-animation-output-transform-array" count="416">

0.974222 -0.224699 -0.020042 0.000000 0.111850 0.558270 -0.822085 22.799999 0.195911 0.798652 0.569012 -0.000000 0.000000 0.000000 0.000000 1.000000
0.969807 -0.242513 -0.025727 -0.000000 0.096514 0.478543 -0.872744 22.799999 0.223963 0.843910 0.487501 0.000000 0.000000 0.000000 0.000000 1.000000
0.967918 -0.223144 -0.115508 0.000000 -0.047277 0.289755 -0.955933 22.799999 0.246779 0.930725 0.269909 -0.000000 0.000000 0.000000 0.000000 1.000000
0.938531 -0.157464 -0.307188 -0.000000 -0.224874 0.396271 -0.890169 22.799999 0.261899 0.904530 0.336503 0.000000 0.000000 0.000000 0.000000 1.000000
0.988712 -0.056627 -0.138718 0.000000 -0.078158 0.594964 -0.799943 22.799999 0.127830 0.801755 0.583822 0.000000 0.000000 0.000000 0.000000 1.000000
0.996586 -0.049084 -0.066379 0.000000 -0.021029 0.626591 -0.779064 22.799999 0.079832 0.777801 0.623420 0.000000 0.000000 0.000000 0.000000 1.000000
0.992575 -0.097525 -0.072688 0.000000 -0.006335 0.555336 -0.831602 22.799999 0.121468 0.825888 0.550595 0.000000 0.000000 0.000000 0.000000 1.000000
0.981259 -0.163424 -0.102098 0.000000 -0.016484 0.456709 -0.889464 22.799999 0.191989 0.874477 0.445456 0.000000 0.000000 0.000000 0.000000 1.000000
0.971445 -0.210126 -0.110186 0.000000 -0.011650 0.421599 -0.906708 22.799999 0.236977 0.882100 0.407112 0.000000 0.000000 0.000000 0.000000 1.000000
0.974607 -0.197124 -0.106220 0.000000 -0.009541 0.437378 -0.899227 22.799999 0.223718 0.877407 0.424391 0.000000 0.000000 0.000000 0.000000 1.000000
0.980042 -0.174788 -0.094696 0.000000 -0.001261 0.470881 -0.882196 22.799999 0.198787 0.864708 0.461263 0.000000 0.000000 0.000000 0.000000 1.000000
0.980273 -0.178771 -0.084298 0.000000 0.018422 0.507286 -0.861581 22.799999 0.196788 0.843032 0.500572 0.000000 0.000000 0.000000 0.000000 1.000000
0.981260 -0.172733 -0.085389 0.000000 0.015848 0.513997 -0.857645 22.799999 0.192033 0.840220 0.507103 0.000000 0.000000 0.000000 0.000000 1.000000
0.982706 -0.162584 -0.088631 0.000000 0.007870 0.514879 -0.857227 22.799999 0.185006 0.841704 0.507255 0.000000 0.000000 0.000000 0.000000 1.000000
0.980090 -0.179983 -0.083849 0.000000 0.028964 0.547371 -0.836389 22.799999 0.196432 0.817307 0.541685 0.000000 0.000000 0.000000 0.000000 1.000000
0.982899 -0.166691 -0.078251 -0.000000 0.031303 0.570009 -0.821042 22.799999 0.181464 0.804552 0.565480 0.000000 0.000000 0.000000 0.000000 1.000000
0.979246 -0.185881 -0.080785 -0.000000 0.045480 0.589952 -0.806157 22.799999 0.197509 0.785751 0.586162 -0.000000 0.000000 0.000000 0.000000 1.000000
0.964456 -0.244047 -0.101319 0.000000 0.064994 0.590740 -0.804240 22.799999 0.256125 0.769069 0.585604 0.000000 0.000000 0.000000 0.000000 1.000000
0.969219 -0.225907 -0.097877 0.000000 0.061833 0.608168 -0.791396 22.799999 0.238308 0.760984 0.603417 0.000000 0.000000 0.000000 0.000000 1.000000
0.961669 -0.250778 -0.110918 0.000000 0.068350 0.610947 -0.788715 22.799999 0.265558 0.750902 0.604670 0.000000 0.000000 0.000000 0.000000 1.000000
0.957864 -0.258182 -0.125854 0.000000 0.054347 0.593177 -0.803236 22.799999 0.282035 0.762551 0.582214 0.000000 0.000000 0.000000 0.000000 1.000000
0.966646 -0.222330 -0.127140 0.000000 0.025609 0.577832 -0.815754 22.799999 0.254832 0.785289 0.564253 0.000000 0.000000 0.000000 0.000000 1.000000
0.974783 -0.200372 -0.098230 0.000000 0.058050 0.652721 -0.755371 22.799999 0.215472 0.730621 0.647893 0.000000 0.000000 0.000000 0.000000 1.000000
0.976459 -0.209752 -0.050321 -0.000000 0.100297 0.648037 -0.754976 22.799999 0.190967 0.732156 0.653819 0.000000 0.000000 0.000000 0.000000 1.000000
0.976781 -0.211872 -0.031767 0.000000 0.111376 0.628847 -0.769510 22.799999 0.183015 0.748105 0.637844 0.000000 0.000000 0.000000 0.000000 1.000000
0.974222 -0.224699 -0.020042 0.000000 0.111850 0.558270 -0.822085 22.799999 0.195911 0.798652 0.569012 -0.000000 0.000000 0.000000 0.000000 1.000000</float_array>
        <technique_common>
          <accessor source="#mixamorig_RightToeBase-Matrix-animation-output-transform-array" count="26" stride="16">
            <param type="float4x4"/>
          </accessor>
        </technique_common>
      </source>
      <source id="mixamorig_RightToeBase-Interpolations">
        <Name_array id="mixamorig_RightToeBase-Interpolations-array" count="26">
 LINEAR LINEAR LINEAR LINEAR LINEAR LINEAR LINEAR LINEAR LINEAR LINEAR LINEAR
LINEAR LINEAR LINEAR LINEAR LINEAR LINEAR LINEAR LINEAR LINEAR LINEAR LINEAR LINEAR
LINEAR LINEAR LINEAR</Name_array>
        <technique_common>
          <accessor source="#mixamorig_RightToeBase-Interpolations-array" count="26">
            <param type="name"/>
          </accessor>
        </technique_common>
      </source>
      <sampler id="mixamorig_RightToeBase-Matrix-animation-transform">
        <input semantic="INPUT" source="#mixamorig_RightToeBase-Matrix-animation-input"/>
        <input semantic="OUTPUT" source="#mixamorig_RightToeBase-Matrix-animation-output-transform"/>
        <input semantic="INTERPOLATION" source="#mixamorig_RightToeBase-Interpolations"/>
      </sampler>
      <channel source="#mixamorig_RightToeBase-Matrix-animation-transform" target="mixamorig_RightToeBase/matrix"/>
    </animation>
    <animation id="mixamorig_L_C_skirt1-anim" name="mixamorig_L_C_skirt1">
      <source id="mixamorig_L_C_skirt1-Matrix-animation-input">
        <float_array id="mixamorig_L_C_skirt1-Matrix-animation-input-array" count="26">

0.000000 0.033333 0.066667 0.100000 0.133333 0.166667 0.200000 0.233333 0.266667 0.300000 0.333333 0.366667 0.400000 0.433333 0.466667 0.500000
0.533333 0.566667 0.600000 0.633333 0.666667 0.700000 0.733333 0.766667 0.800000 0.833333</float_array>
        <technique_common>
          <accessor source="#mixamorig_L_C_skirt1-Matrix-animation-input-array" count="26">
            <param name="TIME" type="float"/>
          </accessor>
        </technique_common>
      </source>
      <source id="mixamorig_L_C_skirt1-Matrix-animation-output-transform">
        <float_array id="mixamorig_L_C_skirt1-Matrix-animation-output-transform-array" count="416">

0.035066 0.292039 0.955763 12.441200 -0.989026 0.147481 -0.008777 4.607000 -0.143520 -0.944967 0.294006 -11.833000 0.000000 0.000000 0.000000 1.000000
0.035066 0.292039 0.955763 12.441200 -0.989026 0.147481 -0.008777 4.607000 -0.143520 -0.944967 0.294006 -11.833000 0.000000 0.000000 0.000000 1.000000
0.035066 0.292039 0.955763 12.441200 -0.989026 0.147481 -0.008777 4.607000 -0.143520 -0.944967 0.294006 -11.833000 0.000000 0.000000 0.000000 1.000000
0.035066 0.292039 0.955763 12.441200 -0.989026 0.147481 -0.008777 4.607000 -0.143520 -0.944967 0.294006 -11.833000 0.000000 0.000000 0.000000 1.000000
0.035066 0.292039 0.955763 12.441200 -0.989026 0.147481 -0.008777 4.607000 -0.143520 -0.944967 0.294006 -11.833000 0.000000 0.000000 0.000000 1.000000
0.035066 0.292039 0.955763 12.441200 -0.989026 0.147481 -0.008777 4.607000 -0.143520 -0.944967 0.294006 -11.833000 0.000000 0.000000 0.000000 1.000000
0.035066 0.292039 0.955763 12.441200 -0.989026 0.147481 -0.008777 4.607000 -0.143520 -0.944967 0.294006 -11.833000 0.000000 0.000000 0.000000 1.000000
0.035066 0.292039 0.955763 12.441200 -0.989026 0.147481 -0.008777 4.607000 -0.143520 -0.944967 0.294006 -11.833000 0.000000 0.000000 0.000000 1.000000
0.035066 0.292039 0.955763 12.441200 -0.989026 0.147481 -0.008777 4.607000 -0.143520 -0.944967 0.294006 -11.833000 0.000000 0.000000 0.000000 1.000000
0.035066 0.292039 0.955763 12.441200 -0.989026 0.147481 -0.008777 4.607000 -0.143520 -0.944967 0.294006 -11.833000 0.000000 0.000000 0.000000 1.000000
0.035066 0.292039 0.955763 12.441200 -0.989026 0.147481 -0.008777 4.607000 -0.143520 -0.944967 0.294006 -11.833000 0.000000 0.000000 0.000000 1.000000
0.035066 0.292039 0.955763 12.441200 -0.989026 0.147481 -0.008777 4.607000 -0.143520 -0.944967 0.294006 -11.833000 0.000000 0.000000 0.000000 1.000000
0.035066 0.292039 0.955763 12.441200 -0.989026 0.147481 -0.008777 4.607000 -0.143520 -0.944967 0.294006 -11.833000 0.000000 0.000000 0.000000 1.000000
0.035066 0.292039 0.955763 12.441200 -0.989026 0.147481 -0.008777 4.607000 -0.143520 -0.944967 0.294006 -11.833000 0.000000 0.000000 0.000000 1.000000
0.035066 0.292039 0.955763 12.441200 -0.989026 0.147481 -0.008777 4.607000 -0.143520 -0.944967 0.294006 -11.833000 0.000000 0.000000 0.000000 1.000000
0.035066 0.292039 0.955763 12.441200 -0.989026 0.147481 -0.008777 4.607000 -0.143520 -0.944967 0.294006 -11.833000 0.000000 0.000000 0.000000 1.000000
0.035066 0.292039 0.955763 12.441200 -0.989026 0.147481 -0.008777 4.607000 -0.143520 -0.944967 0.294006 -11.833000 0.000000 0.000000 0.000000 1.000000
0.035066 0.292039 0.955763 12.441200 -0.989026 0.147481 -0.008777 4.607000 -0.143520 -0.944967 0.294006 -11.833000 0.000000 0.000000 0.000000 1.000000
0.035066 0.292039 0.955763 12.441200 -0.989026 0.147481 -0.008777 4.607000 -0.143520 -0.944967 0.294006 -11.833000 0.000000 0.000000 0.000000 1.000000
0.035066 0.292039 0.955763 12.441200 -0.989026 0.147481 -0.008777 4.607000 -0.143520 -0.944967 0.294006 -11.833000 0.000000 0.000000 0.000000 1.000000
0.035066 0.292039 0.955763 12.441200 -0.989026 0.147481 -0.008777 4.607000 -0.143520 -0.944967 0.294006 -11.833000 0.000000 0.000000 0.000000 1.000000
0.035066 0.292039 0.955763 12.441200 -0.989026 0.147481 -0.008777 4.607000 -0.143520 -0.944967 0.294006 -11.833000 0.000000 0.000000 0.000000 1.000000
0.035066 0.292039 0.955763 12.441200 -0.989026 0.147481 -0.008777 4.607000 -0.143520 -0.944967 0.294006 -11.833000 0.000000 0.000000 0.000000 1.000000
0.035066 0.292039 0.955763 12.441200 -0.989026 0.147481 -0.008777 4.607000 -0.143520 -0.944967 0.294006 -11.833000 0.000000 0.000000 0.000000 1.000000
0.035066 0.292039 0.955763 12.441200 -0.989026 0.147481 -0.008777 4.607000 -0.143520 -0.944967 0.294006 -11.833000 0.000000 0.000000 0.000000 1.000000
0.035066 0.292039 0.955763 12.441200 -0.989026 0.147481 -0.008777 4.607000 -0.143520 -0.944967 0.294006 -11.833000 0.000000 0.000000 0.000000 1.000000</float_array>
        <technique_common>
          <accessor source="#mixamorig_L_C_skirt1-Matrix-animation-output-transform-array" count="26" stride="16">
            <param type="float4x4"/>
          </accessor>
        </technique_common>
      </source>
      <source id="mixamorig_L_C_skirt1-Interpolations">
        <Name_array id="mixamorig_L_C_skirt1-Interpolations-array" count="26">
 LINEAR LINEAR LINEAR LINEAR LINEAR LINEAR LINEAR LINEAR LINEAR LINEAR LINEAR
LINEAR LINEAR LINEAR LINEAR LINEAR LINEAR LINEAR LINEAR LINEAR LINEAR LINEAR LINEAR
LINEAR LINEAR LINEAR</Name_array>
        <technique_common>
          <accessor source="#mixamorig_L_C_skirt1-Interpolations-array" count="26">
            <param type="name"/>
          </accessor>
        </technique_common>
      </source>
      <sampler id="mixamorig_L_C_skirt1-Matrix-animation-transform">
        <input semantic="INPUT" source="#mixamorig_L_C_skirt1-Matrix-animation-input"/>
        <input semantic="OUTPUT" source="#mixamorig_L_C_skirt1-Matrix-animation-output-transform"/>
        <input semantic="INTERPOLATION" source="#mixamorig_L_C_skirt1-Interpolations"/>
      </sampler>
      <channel source="#mixamorig_L_C_skirt1-Matrix-animation-transform" target="mixamorig_L_C_skirt1/matrix"/>
    </animation>
    <animation id="mixamorig_L_C_skirt2-anim" name="mixamorig_L_C_skirt2">
      <source id="mixamorig_L_C_skirt2-Matrix-animation-input">
        <float_array id="mixamorig_L_C_skirt2-Matrix-animation-input-array" count="26">

0.000000 0.033333 0.066667 0.100000 0.133333 0.166667 0.200000 0.233333 0.266667 0.300000 0.333333 0.366667 0.400000 0.433333 0.466667 0.500000
0.533333 0.566667 0.600000 0.633333 0.666667 0.700000 0.733333 0.766667 0.800000 0.833333</float_array>
        <technique_common>
          <accessor source="#mixamorig_L_C_skirt2-Matrix-animation-input-array" count="26">
            <param name="TIME" type="float"/>
          </accessor>
        </technique_common>
      </source>
      <source id="mixamorig_L_C_skirt2-Matrix-animation-output-transform">
        <float_array id="mixamorig_L_C_skirt2-Matrix-animation-output-transform-array" count="416">

1.000000 -0.000000 0.000000 27.657801 0.000000 1.000000 0.000000 0.000000 0.000000 0.000000 1.000000 -0.000000 0.000000 0.000000 0.000000 1.000000
1.000000 0.000000 0.000000 27.657801 -0.000000 1.000000 -0.000000 0.000000 0.000000 0.000000 1.000000 0.000000 0.000000 0.000000 0.000000 1.000000
1.000000 0.000000 -0.000000 27.657801 -0.000000 1.000000 0.000000 0.000000 0.000000 0.000000 1.000000 0.000000 0.000000 0.000000 0.000000 1.000000
1.000000 0.000000 0.000000 27.657801 0.000000 1.000000 -0.000000 0.000000 -0.000000 -0.000000 1.000000 0.000000 0.000000 0.000000 0.000000 1.000000
1.000000 0.000000 0.000000 27.657801 0.000000 1.000000 -0.000000 0.000000 -0.000000 0.000000 1.000000 0.000000 0.000000 0.000000 0.000000 1.000000
1.000000 -0.000000 0.000000 27.657801 0.000000 1.000000 0.000000 0.000000 0.000000 0.000000 1.000000 0.000000 0.000000 0.000000 0.000000 1.000000
1.000000 0.000000 0.000000 27.657801 0.000000 1.000000 0.000000 -0.000000 -0.000000 0.000000 1.000000 0.000000 0.000000 0.000000 0.000000 1.000000
1.000000 0.000000 0.000000 27.657801 0.000000 1.000000 0.000000 0.000000 -0.000000 0.000000 1.000000 -0.000000 0.000000 0.000000 0.000000 1.000000
1.000000 -0.000000 0.000000 27.657801 -0.000000 1.000000 -0.000000 0.000000 0.000000 0.000000 1.000000 0.000000 0.000000 0.000000 0.000000 1.000000
1.000000 0.000000 -0.000000 27.657801 -0.000000 1.000000 0.000000 0.000000 0.000000 -0.000000 1.000000 0.000000 0.000000 0.000000 0.000000 1.000000
1.000000 0.000000 0.000000 27.657801 -0.000000 1.000000 0.000000 0.000000 -0.000000 0.000000 1.000000 -0.000000 0.000000 0.000000 0.000000 1.000000
1.000000 0.000000 -0.000000 27.657801 0.000000 1.000000 -0.000000 0.000000 -0.000000 -0.000000 1.000000 0.000000 0.000000 0.000000 0.000000 1.000000
1.000000 0.000000 0.000000 27.657801 0.000000 1.000000 0.000000 0.000000 -0.000000 0.000000 1.000000 0.000000 0.000000 0.000000 0.000000 1.000000
1.000000 0.000000 0.000000 27.657801 0.000000 1.000000 0.000000 -0.000000 0.000000 0.000000 1.000000 -0.000000 0.000000 0.000000 0.000000 1.000000
1.000000 0.000000 -0.000000 27.657801 0.000000 1.000000 0.000000 0.000000 0.000000 0.000000 1.000000 -0.000000 0.000000 0.000000 0.000000 1.000000
1.000000 -0.000000 0.000000 27.657801 -0.000000 1.000000 0.000000 0.000000 0.000000 -0.000000 1.000000 0.000000 0.000000 0.000000 0.000000 1.000000
1.000000 -0.000000 0.000000 27.657801 -0.000000 1.000000 0.000000 0.000000 0.000000 0.000000 1.000000 -0.000000 0.000000 0.000000 0.000000 1.000000
1.000000 0.000000 -0.000000 27.657801 -0.000000 1.000000 0.000000 0.000000 -0.000000 0.000000 1.000000 0.000000 0.000000 0.000000 0.000000 1.000000
1.000000 0.000000 0.000000 27.657801 0.000000 1.000000 0.000000 0.000000 0.000000 0.000000 1.000000 -0.000000 0.000000 0.000000 0.000000 1.000000
1.000000 -0.000000 0.000000 27.657801 -0.000000 1.000000 0.000000 -0.000000 0.000000 -0.000000 1.000000 0.000000 0.000000 0.000000 0.000000 1.000000
1.000000 0.000000 -0.000000 27.657801 -0.000000 1.000000 -0.000000 0.000000 0.000000 -0.000000 1.000000 0.000000 0.000000 0.000000 0.000000 1.000000
1.000000 0.000000 0.000000 27.657801 0.000000 1.000000 0.000000 -0.000000 -0.000000 0.000000 1.000000 -0.000000 0.000000 0.000000 0.000000 1.000000
1.000000 0.000000 0.000000 27.657801 0.000000 1.000000 0.000000 0.000000 0.000000 0.000000 1.000000 -0.000000 0.000000 0.000000 0.000000 1.000000
1.000000 0.000000 0.000000 27.657801 -0.000000 1.000000 0.000000 0.000000 0.000000 0.000000 1.000000 0.000000 0.000000 0.000000 0.000000 1.000000
1.000000 0.000000 -0.000000 27.657801 0.000000 1.000000 0.000000 -0.000000 0.000000 0.000000 1.000000 0.000000 0.000000 0.000000 0.000000 1.000000
1.000000 -0.000000 0.000000 27.657801 0.000000 1.000000 0.000000 0.000000 0.000000 0.000000 1.000000 -0.000000 0.000000 0.000000 0.000000 1.000000</float_array>
        <technique_common>
          <accessor source="#mixamorig_L_C_skirt2-Matrix-animation-output-transform-array" count="26" stride="16">
            <param type="float4x4"/>
          </accessor>
        </technique_common>
      </source>
      <source id="mixamorig_L_C_skirt2-Interpolations">
        <Name_array id="mixamorig_L_C_skirt2-Interpolations-array" count="26">
 LINEAR LINEAR LINEAR LINEAR LINEAR LINEAR LINEAR LINEAR LINEAR LINEAR LINEAR
LINEAR LINEAR LINEAR LINEAR LINEAR LINEAR LINEAR LINEAR LINEAR LINEAR LINEAR LINEAR
LINEAR LINEAR LINEAR</Name_array>
        <technique_common>
          <accessor source="#mixamorig_L_C_skirt2-Interpolations-array" count="26">
            <param type="name"/>
          </accessor>
        </technique_common>
      </source>
      <sampler id="mixamorig_L_C_skirt2-Matrix-animation-transform">
        <input semantic="INPUT" source="#mixamorig_L_C_skirt2-Matrix-animation-input"/>
        <input semantic="OUTPUT" source="#mixamorig_L_C_skirt2-Matrix-animation-output-transform"/>
        <input semantic="INTERPOLATION" source="#mixamorig_L_C_skirt2-Interpolations"/>
      </sampler>
      <channel source="#mixamorig_L_C_skirt2-Matrix-animation-transform" target="mixamorig_L_C_skirt2/matrix"/>
    </animation>
    <animation id="mixamorig_L_C_skirt3-anim" name="mixamorig_L_C_skirt3">
      <source id="mixamorig_L_C_skirt3-Matrix-animation-input">
        <float_array id="mixamorig_L_C_skirt3-Matrix-animation-input-array" count="26">

0.000000 0.033333 0.066667 0.100000 0.133333 0.166667 0.200000 0.233333 0.266667 0.300000 0.333333 0.366667 0.400000 0.433333 0.466667 0.500000
0.533333 0.566667 0.600000 0.633333 0.666667 0.700000 0.733333 0.766667 0.800000 0.833333</float_array>
        <technique_common>
          <accessor source="#mixamorig_L_C_skirt3-Matrix-animation-input-array" count="26">
            <param name="TIME" type="float"/>
          </accessor>
        </technique_common>
      </source>
      <source id="mixamorig_L_C_skirt3-Matrix-animation-output-transform">
        <float_array id="mixamorig_L_C_skirt3-Matrix-animation-output-transform-array" count="416">

1.000000 -0.000000 0.000000 23.970100 0.000000 1.000000 0.000000 0.000000 0.000000 -0.000000 1.000000 -0.000000 0.000000 0.000000 0.000000 1.000000
1.000000 -0.000000 0.000000 23.970100 -0.000000 1.000000 -0.000000 -0.000000 0.000000 0.000000 1.000000 0.000000 0.000000 0.000000 0.000000 1.000000
1.000000 0.000000 0.000000 23.970100 0.000000 1.000000 0.000000 0.000000 0.000000 0.000000 1.000000 0.000000 0.000000 0.000000 0.000000 1.000000
1.000000 0.000000 -0.000000 23.970100 0.000000 1.000000 -0.000000 0.000000 0.000000 -0.000000 1.000000 -0.000000 0.000000 0.000000 0.000000 1.000000
1.000000 0.000000 0.000000 23.970100 0.000000 1.000000 -0.000000 0.000000 -0.000000 0.000000 1.000000 -0.000000 0.000000 0.000000 0.000000 1.000000
1.000000 0.000000 0.000000 23.970100 -0.000000 1.000000 0.000000 0.000000 0.000000 0.000000 1.000000 0.000000 0.000000 0.000000 0.000000 1.000000
1.000000 0.000000 0.000000 23.970100 -0.000000 1.000000 0.000000 0.000000 0.000000 0.000000 1.000000 0.000000 0.000000 0.000000 0.000000 1.000000
1.000000 -0.000000 0.000000 23.970100 -0.000000 1.000000 0.000000 0.000000 -0.000000 0.000000 1.000000 -0.000000 0.000000 0.000000 0.000000 1.000000
1.000000 0.000000 -0.000000 23.970100 -0.000000 1.000000 0.000000 0.000000 0.000000 0.000000 1.000000 0.000000 0.000000 0.000000 0.000000 1.000000
1.000000 0.000000 0.000000 23.970100 -0.000000 1.000000 0.000000 0.000000 0.000000 -0.000000 1.000000 -0.000000 0.000000 0.000000 0.000000 1.000000
1.000000 0.000000 0.000000 23.970100 -0.000000 1.000000 -0.000000 0.000000 0.000000 0.000000 1.000000 0.000000 0.000000 0.000000 0.000000 1.000000
1.000000 0.000000 -0.000000 23.970100 0.000000 1.000000 -0.000000 0.000000 -0.000000 -0.000000 1.000000 0.000000 0.000000 0.000000 0.000000 1.000000
1.000000 0.000000 -0.000000 23.970100 0.000000 1.000000 0.000000 0.000000 0.000000 0.000000 1.000000 -0.000000 0.000000 0.000000 0.000000 1.000000
1.000000 0.000000 -0.000000 23.970100 0.000000 1.000000 0.000000 0.000000 0.000000 0.000000 1.000000 0.000000 0.000000 0.000000 0.000000 1.000000
1.000000 0.000000 -0.000000 23.970100 0.000000 1.000000 0.000000 0.000000 -0.000000 -0.000000 1.000000 -0.000000 0.000000 0.000000 0.000000 1.000000
1.000000 -0.000000 0.000000 23.970100 -0.000000 1.000000 0.000000 0.000000 0.000000 0.000000 1.000000 0.000000 0.000000 0.000000 0.000000 1.000000
1.000000 0.000000 -0.000000 23.970100 -0.000000 1.000000 0.000000 0.000000 -0.000000 0.000000 1.000000 0.000000 0.000000 0.000000 0.000000 1.000000
1.000000 -0.000000 0.000000 23.970100 -0.000000 1.000000 0.000000 0.000000 0.000000 0.000000 1.000000 -0.000000 0.000000 0.000000 0.000000 1.000000
1.000000 0.000000 -0.000000 23.970100 0.000000 1.000000 -0.000000 -0.000000 0.000000 0.000000 1.000000 0.000000 0.000000 0.000000 0.000000 1.000000
1.000000 -0.000000 0.000000 23.970100 0.000000 1.000000 0.000000 0.000000 -0.000000 -0.000000 1.000000 0.000000 0.000000 0.000000 0.000000 1.000000
1.000000 0.000000 0.000000 23.970100 0.000000 1.000000 -0.000000 0.000000 -0.000000 -0.000000 1.000000 -0.000000 0.000000 0.000000 0.000000 1.000000
1.000000 0.000000 0.000000 23.970100 0.000000 1.000000 0.000000 0.000000 0.000000 0.000000 1.000000 -0.000000 0.000000 0.000000 0.000000 1.000000
1.000000 0.000000 0.000000 23.970100 0.000000 1.000000 0.000000 -0.000000 0.000000 0.000000 1.000000 0.000000 0.000000 0.000000 0.000000 1.000000
1.000000 0.000000 0.000000 23.970100 0.000000 1.000000 -0.000000 0.000000 -0.000000 0.000000 1.000000 0.000000 0.000000 0.000000 0.000000 1.000000
1.000000 0.000000 -0.000000 23.970100 -0.000000 1.000000 0.000000 -0.000000 -0.000000 0.000000 1.000000 0.000000 0.000000 0.000000 0.000000 1.000000
1.000000 -0.000000 0.000000 23.970100 0.000000 1.000000 0.000000 0.000000 0.000000 -0.000000 1.000000 -0.000000 0.000000 0.000000 0.000000 1.000000</float_array>
        <technique_common>
          <accessor source="#mixamorig_L_C_skirt3-Matrix-animation-output-transform-array" count="26" stride="16">
            <param type="float4x4"/>
          </accessor>
        </technique_common>
      </source>
      <source id="mixamorig_L_C_skirt3-Interpolations">
        <Name_array id="mixamorig_L_C_skirt3-Interpolations-array" count="26">
 LINEAR LINEAR LINEAR LINEAR LINEAR LINEAR LINEAR LINEAR LINEAR LINEAR LINEAR
LINEAR LINEAR LINEAR LINEAR LINEAR LINEAR LINEAR LINEAR LINEAR LINEAR LINEAR LINEAR
LINEAR LINEAR LINEAR</Name_array>
        <technique_common>
          <accessor source="#mixamorig_L_C_skirt3-Interpolations-array" count="26">
            <param type="name"/>
          </accessor>
        </technique_common>
      </source>
      <sampler id="mixamorig_L_C_skirt3-Matrix-animation-transform">
        <input semantic="INPUT" source="#mixamorig_L_C_skirt3-Matrix-animation-input"/>
        <input semantic="OUTPUT" source="#mixamorig_L_C_skirt3-Matrix-animation-output-transform"/>
        <input semantic="INTERPOLATION" source="#mixamorig_L_C_skirt3-Interpolations"/>
      </sampler>
      <channel source="#mixamorig_L_C_skirt3-Matrix-animation-transform" target="mixamorig_L_C_skirt3/matrix"/>
    </animation>
    <animation id="mixamorig_L_A_skirt1-anim" name="mixamorig_L_A_skirt1">
      <source id="mixamorig_L_A_skirt1-Matrix-animation-input">
        <float_array id="mixamorig_L_A_skirt1-Matrix-animation-input-array" count="26">

0.000000 0.033333 0.066667 0.100000 0.133333 0.166667 0.200000 0.233333 0.266667 0.300000 0.333333 0.366667 0.400000 0.433333 0.466667 0.500000
0.533333 0.566667 0.600000 0.633333 0.666667 0.700000 0.733333 0.766667 0.800000 0.833333</float_array>
        <technique_common>
          <accessor source="#mixamorig_L_A_skirt1-Matrix-animation-input-array" count="26">
            <param name="TIME" type="float"/>
          </accessor>
        </technique_common>
      </source>
      <source id="mixamorig_L_A_skirt1-Matrix-animation-output-transform">
        <float_array id="mixamorig_L_A_skirt1-Matrix-animation-output-transform-array" count="416">

0.142123 0.623442 -0.768844 18.178400 -0.988646 0.051128 -0.141295 3.981100 -0.048780 0.780196 0.623630 19.504801 0.000000 0.000000 0.000000 1.000000
0.142123 0.623442 -0.768844 18.178400 -0.988646 0.051128 -0.141295 3.981100 -0.048780 0.780196 0.623630 19.504801 0.000000 0.000000 0.000000 1.000000
0.142123 0.623442 -0.768844 18.178400 -0.988646 0.051128 -0.141295 3.981100 -0.048780 0.780196 0.623630 19.504801 0.000000 0.000000 0.000000 1.000000
0.142123 0.623442 -0.768844 18.178400 -0.988646 0.051128 -0.141295 3.981100 -0.048780 0.780196 0.623630 19.504801 0.000000 0.000000 0.000000 1.000000
0.142123 0.623442 -0.768844 18.178400 -0.988646 0.051128 -0.141295 3.981100 -0.048780 0.780196 0.623630 19.504801 0.000000 0.000000 0.000000 1.000000
0.142123 0.623442 -0.768844 18.178400 -0.988646 0.051128 -0.141295 3.981100 -0.048780 0.780196 0.623630 19.504801 0.000000 0.000000 0.000000 1.000000
0.142123 0.623442 -0.768844 18.178400 -0.988646 0.051128 -0.141295 3.981100 -0.048780 0.780196 0.623630 19.504801 0.000000 0.000000 0.000000 1.000000
0.142123 0.623442 -0.768844 18.178400 -0.988646 0.051128 -0.141295 3.981100 -0.048780 0.780196 0.623630 19.504801 0.000000 0.000000 0.000000 1.000000
0.142123 0.623442 -0.768844 18.178400 -0.988646 0.051128 -0.141295 3.981100 -0.048780 0.780196 0.623630 19.504801 0.000000 0.000000 0.000000 1.000000
0.142123 0.623442 -0.768844 18.178400 -0.988646 0.051128 -0.141295 3.981100 -0.048780 0.780196 0.623630 19.504801 0.000000 0.000000 0.000000 1.000000
0.142123 0.623442 -0.768844 18.178400 -0.988646 0.051128 -0.141295 3.981100 -0.048780 0.780196 0.623630 19.504801 0.000000 0.000000 0.000000 1.000000
0.142123 0.623442 -0.768844 18.178400 -0.988646 0.051128 -0.141295 3.981100 -0.048780 0.780196 0.623630 19.504801 0.000000 0.000000 0.000000 1.000000
0.142123 0.623442 -0.768844 18.178400 -0.988646 0.051128 -0.141295 3.981100 -0.048780 0.780196 0.623630 19.504801 0.000000 0.000000 0.000000 1.000000
0.142123 0.623442 -0.768844 18.178400 -0.988646 0.051128 -0.141295 3.981100 -0.048780 0.780196 0.623630 19.504801 0.000000 0.000000 0.000000 1.000000
0.142123 0.623442 -0.768844 18.178400 -0.988646 0.051128 -0.141295 3.981100 -0.048780 0.780196 0.623630 19.504801 0.000000 0.000000 0.000000 1.000000
0.142123 0.623442 -0.768844 18.178400 -0.988646 0.051128 -0.141295 3.981100 -0.048780 0.780196 0.623630 19.504801 0.000000 0.000000 0.000000 1.000000
0.142123 0.623442 -0.768844 18.178400 -0.988646 0.051128 -0.141295 3.981100 -0.048780 0.780196 0.623630 19.504801 0.000000 0.000000 0.000000 1.000000
0.142123 0.623442 -0.768844 18.178400 -0.988646 0.051128 -0.141295 3.981100 -0.048780 0.780196 0.623630 19.504801 0.000000 0.000000 0.000000 1.000000
0.142123 0.623442 -0.768844 18.178400 -0.988646 0.051128 -0.141295 3.981100 -0.048780 0.780196 0.623630 19.504801 0.000000 0.000000 0.000000 1.000000
0.142123 0.623442 -0.768844 18.178400 -0.988646 0.051128 -0.141295 3.981100 -0.048780 0.780196 0.623630 19.504801 0.000000 0.000000 0.000000 1.000000
0.142123 0.623442 -0.768844 18.178400 -0.988646 0.051128 -0.141295 3.981100 -0.048780 0.780196 0.623630 19.504801 0.000000 0.000000 0.000000 1.000000
0.142123 0.623442 -0.768844 18.178400 -0.988646 0.051128 -0.141295 3.981100 -0.048780 0.780196 0.623630 19.504801 0.000000 0.000000 0.000000 1.000000
0.142123 0.623442 -0.768844 18.178400 -0.988646 0.051128 -0.141295 3.981100 -0.048780 0.780196 0.623630 19.504801 0.000000 0.000000 0.000000 1.000000
0.142123 0.623442 -0.768844 18.178400 -0.988646 0.051128 -0.141295 3.981100 -0.048780 0.780196 0.623630 19.504801 0.000000 0.000000 0.000000 1.000000
0.142123 0.623442 -0.768844 18.178400 -0.988646 0.051128 -0.141295 3.981100 -0.048780 0.780196 0.623630 19.504801 0.000000 0.000000 0.000000 1.000000
0.142123 0.623442 -0.768844 18.178400 -0.988646 0.051128 -0.141295 3.981100 -0.048780 0.780196 0.623630 19.504801 0.000000 0.000000 0.000000 1.000000</float_array>
        <technique_common>
          <accessor source="#mixamorig_L_A_skirt1-Matrix-animation-output-transform-array" count="26" stride="16">
            <param type="float4x4"/>
          </accessor>
        </technique_common>
      </source>
      <source id="mixamorig_L_A_skirt1-Interpolations">
        <Name_array id="mixamorig_L_A_skirt1-Interpolations-array" count="26">
 LINEAR LINEAR LINEAR LINEAR LINEAR LINEAR LINEAR LINEAR LINEAR LINEAR LINEAR
LINEAR LINEAR LINEAR LINEAR LINEAR LINEAR LINEAR LINEAR LINEAR LINEAR LINEAR LINEAR
LINEAR LINEAR LINEAR</Name_array>
        <technique_common>
          <accessor source="#mixamorig_L_A_skirt1-Interpolations-array" count="26">
            <param type="name"/>
          </accessor>
        </technique_common>
      </source>
      <sampler id="mixamorig_L_A_skirt1-Matrix-animation-transform">
        <input semantic="INPUT" source="#mixamorig_L_A_skirt1-Matrix-animation-input"/>
        <input semantic="OUTPUT" source="#mixamorig_L_A_skirt1-Matrix-animation-output-transform"/>
        <input semantic="INTERPOLATION" source="#mixamorig_L_A_skirt1-Interpolations"/>
      </sampler>
      <channel source="#mixamorig_L_A_skirt1-Matrix-animation-transform" target="mixamorig_L_A_skirt1/matrix"/>
    </animation>
    <animation id="mixamorig_L_A_skirt2-anim" name="mixamorig_L_A_skirt2">
      <source id="mixamorig_L_A_skirt2-Matrix-animation-input">
        <float_array id="mixamorig_L_A_skirt2-Matrix-animation-input-array" count="26">

0.000000 0.033333 0.066667 0.100000 0.133333 0.166667 0.200000 0.233333 0.266667 0.300000 0.333333 0.366667 0.400000 0.433333 0.466667 0.500000
0.533333 0.566667 0.600000 0.633333 0.666667 0.700000 0.733333 0.766667 0.800000 0.833333</float_array>
        <technique_common>
          <accessor source="#mixamorig_L_A_skirt2-Matrix-animation-input-array" count="26">
            <param name="TIME" type="float"/>
          </accessor>
        </technique_common>
      </source>
      <source id="mixamorig_L_A_skirt2-Matrix-animation-output-transform">
        <float_array id="mixamorig_L_A_skirt2-Matrix-animation-output-transform-array" count="416">

1.000000 -0.000000 -0.000000 27.335699 0.000000 1.000000 0.000000 0.000000 0.000000 0.000000 1.000000 0.000000 0.000000 0.000000 0.000000 1.000000
1.000000 -0.000000 0.000000 27.335699 -0.000000 1.000000 0.000000 0.000000 0.000000 -0.000000 1.000000 0.000000 0.000000 0.000000 0.000000 1.000000
1.000000 -0.000000 -0.000000 27.335699 0.000000 1.000000 0.000000 -0.000000 -0.000000 0.000000 1.000000 0.000000 0.000000 0.000000 0.000000 1.000000
1.000000 -0.000000 0.000000 27.335699 -0.000000 1.000000 -0.000000 0.000000 0.000000 0.000000 1.000000 -0.000000 0.000000 0.000000 0.000000 1.000000
1.000000 0.000000 0.000000 27.335699 0.000000 1.000000 -0.000000 0.000000 0.000000 0.000000 1.000000 0.000000 0.000000 0.000000 0.000000 1.000000
1.000000 -0.000000 -0.000000 27.335699 0.000000 1.000000 -0.000000 0.000000 0.000000 0.000000 1.000000 -0.000000 0.000000 0.000000 0.000000 1.000000
1.000000 0.000000 0.000000 27.335699 0.000000 1.000000 0.000000 0.000000 0.000000 -0.000000 1.000000 0.000000 0.000000 0.000000 0.000000 1.000000
1.000000 0.000000 -0.000000 27.335699 0.000000 1.000000 -0.000000 0.000000 -0.000000 -0.000000 1.000000 0.000000 0.000000 0.000000 0.000000 1.000000
1.000000 0.000000 -0.000000 27.335699 -0.000000 1.000000 0.000000 0.000000 0.000000 0.000000 1.000000 0.000000 0.000000 0.000000 0.000000 1.000000
1.000000 -0.000000 0.000000 27.335699 0.000000 1.000000 0.000000 0.000000 -0.000000 -0.000000 1.000000 -0.000000 0.000000 0.000000 0.000000 1.000000
1.000000 -0.000000 0.000000 27.335699 0.000000 1.000000 0.000000 0.000000 0.000000 -0.000000 1.000000 0.000000 0.000000 0.000000 0.000000 1.000000
1.000000 -0.000000 -0.000000 27.335699 -0.000000 1.000000 -0.000000 -0.000000 0.000000 0.000000 1.000000 0.000000 0.000000 0.000000 0.000000 1.000000
1.000000 0.000000 -0.000000 27.335699 -0.000000 1.000000 0.000000 -0.000000 0.000000 0.000000 1.000000 0.000000 0.000000 0.000000 0.000000 1.000000
1.000000 0.000000 -0.000000 27.335699 0.000000 1.000000 -0.000000 0.000000 0.000000 0.000000 1.000000 0.000000 0.000000 0.000000 0.000000 1.000000
1.000000 0.000000 -0.000000 27.335699 0.000000 1.000000 -0.000000 0.000000 -0.000000 0.000000 1.000000 -0.000000 0.000000 0.000000 0.000000 1.000000
1.000000 -0.000000 0.000000 27.335699 0.000000 1.000000 0.000000 0.000000 -0.000000 0.000000 1.000000 0.000000 0.000000 0.000000 0.000000 1.000000
1.000000 0.000000 0.000000 27.335699 0.000000 1.000000 -0.000000 0.000000 0.000000 0.000000 1.000000 0.000000 0.000000 0.000000 0.000000 1.000000
1.000000 0.000000 -0.000000 27.335699 -0.000000 1.000000 -0.000000 0.000000 -0.000000 0.000000 1.000000 0.000000 0.000000 0.000000 0.000000 1.000000
1.000000 0.000000 0.000000 27.335699 -0.000000 1.000000 0.000000 0.000000 -0.000000 0.000000 1.000000 0.000000 0.000000 0.000000 0.000000 1.000000
1.000000 0.000000 -0.000000 27.335699 0.000000 1.000000 0.000000 0.000000 0.000000 -0.000000 1.000000 0.000000 0.000000 0.000000 0.000000 1.000000
1.000000 0.000000 0.000000 27.335699 -0.000000 1.000000 0.000000 0.000000 -0.000000 -0.000000 1.000000 -0.000000 0.000000 0.000000 0.000000 1.000000
1.000000 -0.000000 -0.000000 27.335699 -0.000000 1.000000 0.000000 0.000000 -0.000000 -0.000000 1.000000 0.000000 0.000000 0.000000 0.000000 1.000000
1.000000 0.000000 0.000000 27.335699 0.000000 1.000000 0.000000 0.000000 0.000000 0.000000 1.000000 0.000000 0.000000 0.000000 0.000000 1.000000
1.000000 -0.000000 -0.000000 27.335699 -0.000000 1.000000 -0.000000 0.000000 -0.000000 0.000000 1.000000 0.000000 0.000000 0.000000 0.000000 1.000000
1.000000 -0.000000 0.000000 27.335699 0.000000 1.000000 0.000000 0.000000 0.000000 0.000000 1.000000 0.000000 0.000000 0.000000 0.000000 1.000000
1.000000 -0.000000 -0.000000 27.335699 0.000000 1.000000 0.000000 0.000000 0.000000 0.000000 1.000000 0.000000 0.000000 0.000000 0.000000 1.000000</float_array>
        <technique_common>
          <accessor source="#mixamorig_L_A_skirt2-Matrix-animation-output-transform-array" count="26" stride="16">
            <param type="float4x4"/>
          </accessor>
        </technique_common>
      </source>
      <source id="mixamorig_L_A_skirt2-Interpolations">
        <Name_array id="mixamorig_L_A_skirt2-Interpolations-array" count="26">
 LINEAR LINEAR LINEAR LINEAR LINEAR LINEAR LINEAR LINEAR LINEAR LINEAR LINEAR
LINEAR LINEAR LINEAR LINEAR LINEAR LINEAR LINEAR LINEAR LINEAR LINEAR LINEAR LINEAR
LINEAR LINEAR LINEAR</Name_array>
        <technique_common>
          <accessor source="#mixamorig_L_A_skirt2-Interpolations-array" count="26">
            <param type="name"/>
          </accessor>
        </technique_common>
      </source>
      <sampler id="mixamorig_L_A_skirt2-Matrix-animation-transform">
        <input semantic="INPUT" source="#mixamorig_L_A_skirt2-Matrix-animation-input"/>
        <input semantic="OUTPUT" source="#mixamorig_L_A_skirt2-Matrix-animation-output-transform"/>
        <input semantic="INTERPOLATION" source="#mixamorig_L_A_skirt2-Interpolations"/>
      </sampler>
      <channel source="#mixamorig_L_A_skirt2-Matrix-animation-transform" target="mixamorig_L_A_skirt2/matrix"/>
    </animation>
    <animation id="mixamorig_L_A_skirt3-anim" name="mixamorig_L_A_skirt3">
      <source id="mixamorig_L_A_skirt3-Matrix-animation-input">
        <float_array id="mixamorig_L_A_skirt3-Matrix-animation-input-array" count="26">

0.000000 0.033333 0.066667 0.100000 0.133333 0.166667 0.200000 0.233333 0.266667 0.300000 0.333333 0.366667 0.400000 0.433333 0.466667 0.500000
0.533333 0.566667 0.600000 0.633333 0.666667 0.700000 0.733333 0.766667 0.800000 0.833333</float_array>
        <technique_common>
          <accessor source="#mixamorig_L_A_skirt3-Matrix-animation-input-array" count="26">
            <param name="TIME" type="float"/>
          </accessor>
        </technique_common>
      </source>
      <source id="mixamorig_L_A_skirt3-Matrix-animation-output-transform">
        <float_array id="mixamorig_L_A_skirt3-Matrix-animation-output-transform-array" count="416">

1.000000 -0.000000 0.000000 27.066099 -0.000000 1.000000 -0.000000 0.000000 -0.000000 0.000000 1.000000 0.000000 0.000000 0.000000 0.000000 1.000000
1.000000 0.000000 0.000000 27.066099 0.000000 1.000000 -0.000000 -0.000000 0.000000 0.000000 1.000000 0.000000 0.000000 0.000000 0.000000 1.000000
1.000000 0.000000 0.000000 27.066099 -0.000000 1.000000 0.000000 0.000000 0.000000 0.000000 1.000000 0.000000 0.000000 0.000000 0.000000 1.000000
1.000000 -0.000000 -0.000000 27.066099 0.000000 1.000000 -0.000000 0.000000 -0.000000 0.000000 1.000000 -0.000000 0.000000 0.000000 0.000000 1.000000
1.000000 0.000000 0.000000 27.066099 0.000000 1.000000 -0.000000 0.000000 0.000000 0.000000 1.000000 0.000000 0.000000 0.000000 0.000000 1.000000
1.000000 0.000000 -0.000000 27.066099 -0.000000 1.000000 0.000000 0.000000 0.000000 0.000000 1.000000 -0.000000 0.000000 0.000000 0.000000 1.000000
1.000000 0.000000 0.000000 27.066099 -0.000000 1.000000 0.000000 0.000000 0.000000 -0.000000 1.000000 0.000000 0.000000 0.000000 0.000000 1.000000
1.000000 0.000000 0.000000 27.066099 0.000000 1.000000 0.000000 0.000000 0.000000 -0.000000 1.000000 0.000000 0.000000 0.000000 0.000000 1.000000
1.000000 -0.000000 -0.000000 27.066099 -0.000000 1.000000 0.000000 0.000000 0.000000 0.000000 1.000000 0.000000 0.000000 0.000000 0.000000 1.000000
1.000000 -0.000000 0.000000 27.066099 0.000000 1.000000 0.000000 0.000000 -0.000000 -0.000000 1.000000 0.000000 0.000000 0.000000 0.000000 1.000000
1.000000 -0.000000 0.000000 27.066099 -0.000000 1.000000 0.000000 0.000000 0.000000 0.000000 1.000000 -0.000000 0.000000 0.000000 0.000000 1.000000
1.000000 -0.000000 0.000000 27.066099 0.000000 1.000000 0.000000 0.000000 -0.000000 0.000000 1.000000 0.000000 0.000000 0.000000 0.000000 1.000000
1.000000 0.000000 -0.000000 27.066099 0.000000 1.000000 0.000000 0.000000 0.000000 0.000000 1.000000 0.000000 0.000000 0.000000 0.000000 1.000000
1.000000 0.000000 -0.000000 27.066099 0.000000 1.000000 -0.000000 0.000000 0.000000 0.000000 1.000000 0.000000 0.000000 0.000000 0.000000 1.000000
1.000000 0.000000 -0.000000 27.066099 -0.000000 1.000000 0.000000 0.000000 0.000000 0.000000 1.000000 0.000000 0.000000 0.000000 0.000000 1.000000
1.000000 -0.000000 -0.000000 27.066099 0.000000 1.000000 -0.000000 -0.000000 -0.000000 0.000000 1.000000 0.000000 0.000000 0.000000 0.000000 1.000000
1.000000 -0.000000 -0.000000 27.066099 0.000000 1.000000 -0.000000 0.000000 0.000000 0.000000 1.000000 0.000000 0.000000 0.000000 0.000000 1.000000
1.000000 0.000000 0.000000 27.066099 -0.000000 1.000000 -0.000000 -0.000000 -0.000000 0.000000 1.000000 0.000000 0.000000 0.000000 0.000000 1.000000
1.000000 0.000000 0.000000 27.066099 -0.000000 1.000000 -0.000000 -0.000000 -0.000000 0.000000 1.000000 0.000000 0.000000 0.000000 0.000000 1.000000
1.000000 0.000000 -0.000000 27.066099 0.000000 1.000000 0.000000 0.000000 0.000000 -0.000000 1.000000 0.000000 0.000000 0.000000 0.000000 1.000000
1.000000 0.000000 0.000000 27.066099 0.000000 1.000000 0.000000 0.000000 -0.000000 0.000000 1.000000 0.000000 0.000000 0.000000 0.000000 1.000000
1.000000 0.000000 0.000000 27.066099 0.000000 1.000000 -0.000000 0.000000 -0.000000 0.000000 1.000000 -0.000000 0.000000 0.000000 0.000000 1.000000
1.000000 -0.000000 0.000000 27.066099 0.000000 1.000000 -0.000000 0.000000 -0.000000 0.000000 1.000000 0.000000 0.000000 0.000000 0.000000 1.000000
1.000000 -0.000000 -0.000000 27.066099 0.000000 1.000000 -0.000000 0.000000 0.000000 0.000000 1.000000 0.000000 0.000000 0.000000 0.000000 1.000000
1.000000 0.000000 0.000000 27.066099 0.000000 1.000000 -0.000000 0.000000 0.000000 0.000000 1.000000 0.000000 0.000000 0.000000 0.000000 1.000000
1.000000 -0.000000 0.000000 27.066099 -0.000000 1.000000 -0.000000 0.000000 -0.000000 0.000000 1.000000 0.000000 0.000000 0.000000 0.000000 1.000000</float_array>
        <technique_common>
          <accessor source="#mixamorig_L_A_skirt3-Matrix-animation-output-transform-array" count="26" stride="16">
            <param type="float4x4"/>
          </accessor>
        </technique_common>
      </source>
      <source id="mixamorig_L_A_skirt3-Interpolations">
        <Name_array id="mixamorig_L_A_skirt3-Interpolations-array" count="26">
 LINEAR LINEAR LINEAR LINEAR LINEAR LINEAR LINEAR LINEAR LINEAR LINEAR LINEAR
LINEAR LINEAR LINEAR LINEAR LINEAR LINEAR LINEAR LINEAR LINEAR LINEAR LINEAR LINEAR
LINEAR LINEAR LINEAR</Name_array>
        <technique_common>
          <accessor source="#mixamorig_L_A_skirt3-Interpolations-array" count="26">
            <param type="name"/>
          </accessor>
        </technique_common>
      </source>
      <sampler id="mixamorig_L_A_skirt3-Matrix-animation-transform">
        <input semantic="INPUT" source="#mixamorig_L_A_skirt3-Matrix-animation-input"/>
        <input semantic="OUTPUT" source="#mixamorig_L_A_skirt3-Matrix-animation-output-transform"/>
        <input semantic="INTERPOLATION" source="#mixamorig_L_A_skirt3-Interpolations"/>
      </sampler>
      <channel source="#mixamorig_L_A_skirt3-Matrix-animation-transform" target="mixamorig_L_A_skirt3/matrix"/>
    </animation>
    <animation id="mixamorig_L_B_skirt1-anim" name="mixamorig_L_B_skirt1">
      <source id="mixamorig_L_B_skirt1-Matrix-animation-input">
        <float_array id="mixamorig_L_B_skirt1-Matrix-animation-input-array" count="26">

0.000000 0.033333 0.066667 0.100000 0.133333 0.166667 0.200000 0.233333 0.266667 0.300000 0.333333 0.366667 0.400000 0.433333 0.466667 0.500000
0.533333 0.566667 0.600000 0.633333 0.666667 0.700000 0.733333 0.766667 0.800000 0.833333</float_array>
        <technique_common>
          <accessor source="#mixamorig_L_B_skirt1-Matrix-animation-input-array" count="26">
            <param name="TIME" type="float"/>
          </accessor>
        </technique_common>
      </source>
      <source id="mixamorig_L_B_skirt1-Matrix-animation-output-transform">
        <float_array id="mixamorig_L_B_skirt1-Matrix-animation-output-transform-array" count="416">

0.142186 0.942169 0.303482 22.933800 -0.985105 0.164643 -0.049605 6.145800 -0.096702 -0.291908 0.951545 0.309300 0.000000 0.000000 0.000000 1.000000
0.142186 0.942169 0.303482 22.933800 -0.985105 0.164643 -0.049605 6.145800 -0.096702 -0.291908 0.951545 0.309300 0.000000 0.000000 0.000000 1.000000
0.142186 0.942169 0.303482 22.933800 -0.985105 0.164643 -0.049605 6.145800 -0.096702 -0.291908 0.951545 0.309300 0.000000 0.000000 0.000000 1.000000
0.142186 0.942169 0.303482 22.933800 -0.985105 0.164643 -0.049605 6.145800 -0.096702 -0.291908 0.951545 0.309300 0.000000 0.000000 0.000000 1.000000
0.142186 0.942169 0.303482 22.933800 -0.985105 0.164643 -0.049605 6.145800 -0.096702 -0.291908 0.951545 0.309300 0.000000 0.000000 0.000000 1.000000
0.142186 0.942169 0.303482 22.933800 -0.985105 0.164643 -0.049605 6.145800 -0.096702 -0.291908 0.951545 0.309300 0.000000 0.000000 0.000000 1.000000
0.142186 0.942169 0.303482 22.933800 -0.985105 0.164643 -0.049605 6.145800 -0.096702 -0.291908 0.951545 0.309300 0.000000 0.000000 0.000000 1.000000
0.142186 0.942169 0.303482 22.933800 -0.985105 0.164643 -0.049605 6.145800 -0.096702 -0.291908 0.951545 0.309300 0.000000 0.000000 0.000000 1.000000
0.142186 0.942169 0.303482 22.933800 -0.985105 0.164643 -0.049605 6.145800 -0.096702 -0.291908 0.951545 0.309300 0.000000 0.000000 0.000000 1.000000
0.142186 0.942169 0.303482 22.933800 -0.985105 0.164643 -0.049605 6.145800 -0.096702 -0.291908 0.951545 0.309300 0.000000 0.000000 0.000000 1.000000
0.142186 0.942169 0.303482 22.933800 -0.985105 0.164643 -0.049605 6.145800 -0.096702 -0.291908 0.951545 0.309300 0.000000 0.000000 0.000000 1.000000
0.142186 0.942169 0.303482 22.933800 -0.985105 0.164643 -0.049605 6.145800 -0.096702 -0.291908 0.951545 0.309300 0.000000 0.000000 0.000000 1.000000
0.142186 0.942169 0.303482 22.933800 -0.985105 0.164643 -0.049605 6.145800 -0.096702 -0.291908 0.951545 0.309300 0.000000 0.000000 0.000000 1.000000
0.142186 0.942169 0.303482 22.933800 -0.985105 0.164643 -0.049605 6.145800 -0.096702 -0.291908 0.951545 0.309300 0.000000 0.000000 0.000000 1.000000
0.142186 0.942169 0.303482 22.933800 -0.985105 0.164643 -0.049605 6.145800 -0.096702 -0.291908 0.951545 0.309300 0.000000 0.000000 0.000000 1.000000
0.142186 0.942169 0.303482 22.933800 -0.985105 0.164643 -0.049605 6.145800 -0.096702 -0.291908 0.951545 0.309300 0.000000 0.000000 0.000000 1.000000
0.142186 0.942169 0.303482 22.933800 -0.985105 0.164643 -0.049605 6.145800 -0.096702 -0.291908 0.951545 0.309300 0.000000 0.000000 0.000000 1.000000
0.142186 0.942169 0.303482 22.933800 -0.985105 0.164643 -0.049605 6.145800 -0.096702 -0.291908 0.951545 0.309300 0.000000 0.000000 0.000000 1.000000
0.142186 0.942169 0.303482 22.933800 -0.985105 0.164643 -0.049605 6.145800 -0.096702 -0.291908 0.951545 0.309300 0.000000 0.000000 0.000000 1.000000
0.142186 0.942169 0.303482 22.933800 -0.985105 0.164643 -0.049605 6.145800 -0.096702 -0.291908 0.951545 0.309300 0.000000 0.000000 0.000000 1.000000
0.142186 0.942169 0.303482 22.933800 -0.985105 0.164643 -0.049605 6.145800 -0.096702 -0.291908 0.951545 0.309300 0.000000 0.000000 0.000000 1.000000
0.142186 0.942169 0.303482 22.933800 -0.985105 0.164643 -0.049605 6.145800 -0.096702 -0.291908 0.951545 0.309300 0.000000 0.000000 0.000000 1.000000
0.142186 0.942169 0.303482 22.933800 -0.985105 0.164643 -0.049605 6.145800 -0.096702 -0.291908 0.951545 0.309300 0.000000 0.000000 0.000000 1.000000
0.142186 0.942169 0.303482 22.933800 -0.985105 0.164643 -0.049605 6.145800 -0.096702 -0.291908 0.951545 0.309300 0.000000 0.000000 0.000000 1.000000
0.142186 0.942169 0.303482 22.933800 -0.985105 0.164643 -0.049605 6.145800 -0.096702 -0.291908 0.951545 0.309300 0.000000 0.000000 0.000000 1.000000
0.142186 0.942169 0.303482 22.933800 -0.985105 0.164643 -0.049605 6.145800 -0.096702 -0.291908 0.951545 0.309300 0.000000 0.000000 0.000000 1.000000</float_array>
        <technique_common>
          <accessor source="#mixamorig_L_B_skirt1-Matrix-animation-output-transform-array" count="26" stride="16">
            <param type="float4x4"/>
          </accessor>
        </technique_common>
      </source>
      <source id="mixamorig_L_B_skirt1-Interpolations">
        <Name_array id="mixamorig_L_B_skirt1-Interpolations-array" count="26">
 LINEAR LINEAR LINEAR LINEAR LINEAR LINEAR LINEAR LINEAR LINEAR LINEAR LINEAR
LINEAR LINEAR LINEAR LINEAR LINEAR LINEAR LINEAR LINEAR LINEAR LINEAR LINEAR LINEAR
LINEAR LINEAR LINEAR</Name_array>
        <technique_common>
          <accessor source="#mixamorig_L_B_skirt1-Interpolations-array" count="26">
            <param type="name"/>
          </accessor>
        </technique_common>
      </source>
      <sampler id="mixamorig_L_B_skirt1-Matrix-animation-transform">
        <input semantic="INPUT" source="#mixamorig_L_B_skirt1-Matrix-animation-input"/>
        <input semantic="OUTPUT" source="#mixamorig_L_B_skirt1-Matrix-animation-output-transform"/>
        <input semantic="INTERPOLATION" source="#mixamorig_L_B_skirt1-Interpolations"/>
      </sampler>
      <channel source="#mixamorig_L_B_skirt1-Matrix-animation-transform" target="mixamorig_L_B_skirt1/matrix"/>
    </animation>
    <animation id="mixamorig_L_B_skirt2-anim" name="mixamorig_L_B_skirt2">
      <source id="mixamorig_L_B_skirt2-Matrix-animation-input">
        <float_array id="mixamorig_L_B_skirt2-Matrix-animation-input-array" count="26">

0.000000 0.033333 0.066667 0.100000 0.133333 0.166667 0.200000 0.233333 0.266667 0.300000 0.333333 0.366667 0.400000 0.433333 0.466667 0.500000
0.533333 0.566667 0.600000 0.633333 0.666667 0.700000 0.733333 0.766667 0.800000 0.833333</float_array>
        <technique_common>
          <accessor source="#mixamorig_L_B_skirt2-Matrix-animation-input-array" count="26">
            <param name="TIME" type="float"/>
          </accessor>
        </technique_common>
      </source>
      <source id="mixamorig_L_B_skirt2-Matrix-animation-output-transform">
        <float_array id="mixamorig_L_B_skirt2-Matrix-animation-output-transform-array" count="416">

1.000000 -0.000000 0.000000 27.083401 0.000000 1.000000 -0.000000 0.000000 -0.000000 -0.000000 1.000000 -0.000000 0.000000 0.000000 0.000000 1.000000
1.000000 0.000000 -0.000000 27.083401 -0.000000 1.000000 0.000000 0.000000 0.000000 -0.000000 1.000000 0.000000 0.000000 0.000000 0.000000 1.000000
1.000000 0.000000 0.000000 27.083401 0.000000 1.000000 -0.000000 0.000000 -0.000000 0.000000 1.000000 -0.000000 0.000000 0.000000 0.000000 1.000000
1.000000 0.000000 0.000000 27.083401 0.000000 1.000000 -0.000000 0.000000 0.000000 0.000000 1.000000 0.000000 0.000000 0.000000 0.000000 1.000000
1.000000 0.000000 -0.000000 27.083401 -0.000000 1.000000 0.000000 0.000000 -0.000000 0.000000 1.000000 -0.000000 0.000000 0.000000 0.000000 1.000000
1.000000 -0.000000 0.000000 27.083401 0.000000 1.000000 -0.000000 0.000000 -0.000000 0.000000 1.000000 -0.000000 0.000000 0.000000 0.000000 1.000000
1.000000 -0.000000 0.000000 27.083401 0.000000 1.000000 0.000000 0.000000 0.000000 0.000000 1.000000 0.000000 0.000000 0.000000 0.000000 1.000000
1.000000 0.000000 0.000000 27.083401 -0.000000 1.000000 0.000000 0.000000 0.000000 -0.000000 1.000000 -0.000000 0.000000 0.000000 0.000000 1.000000
1.000000 -0.000000 -0.000000 27.083401 -0.000000 1.000000 -0.000000 0.000000 0.000000 0.000000 1.000000 0.000000 0.000000 0.000000 0.000000 1.000000
1.000000 0.000000 -0.000000 27.083401 -0.000000 1.000000 -0.000000 -0.000000 0.000000 -0.000000 1.000000 0.000000 0.000000 0.000000 0.000000 1.000000
1.000000 0.000000 -0.000000 27.083401 0.000000 1.000000 0.000000 0.000000 -0.000000 0.000000 1.000000 0.000000 0.000000 0.000000 0.000000 1.000000
1.000000 0.000000 -0.000000 27.083401 0.000000 1.000000 0.000000 -0.000000 -0.000000 0.000000 1.000000 -0.000000 0.000000 0.000000 0.000000 1.000000
1.000000 0.000000 0.000000 27.083401 -0.000000 1.000000 0.000000 0.000000 0.000000 0.000000 1.000000 0.000000 0.000000 0.000000 0.000000 1.000000
1.000000 0.000000 0.000000 27.083401 0.000000 1.000000 0.000000 0.000000 0.000000 -0.000000 1.000000 -0.000000 0.000000 0.000000 0.000000 1.000000
1.000000 0.000000 0.000000 27.083401 0.000000 1.000000 0.000000 -0.000000 0.000000 0.000000 1.000000 -0.000000 0.000000 0.000000 0.000000 1.000000
1.000000 -0.000000 -0.000000 27.083401 -0.000000 1.000000 0.000000 0.000000 -0.000000 -0.000000 1.000000 0.000000 0.000000 0.000000 0.000000 1.000000
1.000000 0.000000 -0.000000 27.083401 0.000000 1.000000 0.000000 0.000000 0.000000 0.000000 1.000000 -0.000000 0.000000 0.000000 0.000000 1.000000
1.000000 -0.000000 0.000000 27.083401 0.000000 1.000000 0.000000 0.000000 -0.000000 0.000000 1.000000 -0.000000 0.000000 0.000000 0.000000 1.000000
1.000000 0.000000 0.000000 27.083401 0.000000 1.000000 0.000000 0.000000 0.000000 0.000000 1.000000 0.000000 0.000000 0.000000 0.000000 1.000000
1.000000 0.000000 0.000000 27.083401 -0.000000 1.000000 0.000000 -0.000000 0.000000 0.000000 1.000000 0.000000 0.000000 0.000000 0.000000 1.000000
1.000000 0.000000 -0.000000 27.083401 -0.000000 1.000000 0.000000 0.000000 0.000000 -0.000000 1.000000 0.000000 0.000000 0.000000 0.000000 1.000000
1.000000 0.000000 -0.000000 27.083401 -0.000000 1.000000 0.000000 -0.000000 -0.000000 0.000000 1.000000 0.000000 0.000000 0.000000 0.000000 1.000000
1.000000 -0.000000 0.000000 27.083401 -0.000000 1.000000 -0.000000 0.000000 0.000000 0.000000 1.000000 -0.000000 0.000000 0.000000 0.000000 1.000000
1.000000 0.000000 -0.000000 27.083401 -0.000000 1.000000 0.000000 0.000000 -0.000000 -0.000000 1.000000 0.000000 0.000000 0.000000 0.000000 1.000000
1.000000 0.000000 0.000000 27.083401 -0.000000 1.000000 0.000000 -0.000000 0.000000 -0.000000 1.000000 -0.000000 0.000000 0.000000 0.000000 1.000000
1.000000 -0.000000 0.000000 27.083401 0.000000 1.000000 -0.000000 0.000000 -0.000000 -0.000000 1.000000 -0.000000 0.000000 0.000000 0.000000 1.000000</float_array>
        <technique_common>
          <accessor source="#mixamorig_L_B_skirt2-Matrix-animation-output-transform-array" count="26" stride="16">
            <param type="float4x4"/>
          </accessor>
        </technique_common>
      </source>
      <source id="mixamorig_L_B_skirt2-Interpolations">
        <Name_array id="mixamorig_L_B_skirt2-Interpolations-array" count="26">
 LINEAR LINEAR LINEAR LINEAR LINEAR LINEAR LINEAR LINEAR LINEAR LINEAR LINEAR
LINEAR LINEAR LINEAR LINEAR LINEAR LINEAR LINEAR LINEAR LINEAR LINEAR LINEAR LINEAR
LINEAR LINEAR LINEAR</Name_array>
        <technique_common>
          <accessor source="#mixamorig_L_B_skirt2-Interpolations-array" count="26">
            <param type="name"/>
          </accessor>
        </technique_common>
      </source>
      <sampler id="mixamorig_L_B_skirt2-Matrix-animation-transform">
        <input semantic="INPUT" source="#mixamorig_L_B_skirt2-Matrix-animation-input"/>
        <input semantic="OUTPUT" source="#mixamorig_L_B_skirt2-Matrix-animation-output-transform"/>
        <input semantic="INTERPOLATION" source="#mixamorig_L_B_skirt2-Interpolations"/>
      </sampler>
      <channel source="#mixamorig_L_B_skirt2-Matrix-animation-transform" target="mixamorig_L_B_skirt2/matrix"/>
    </animation>
    <animation id="mixamorig_L_B_skirt3-anim" name="mixamorig_L_B_skirt3">
      <source id="mixamorig_L_B_skirt3-Matrix-animation-input">
        <float_array id="mixamorig_L_B_skirt3-Matrix-animation-input-array" count="26">

0.000000 0.033333 0.066667 0.100000 0.133333 0.166667 0.200000 0.233333 0.266667 0.300000 0.333333 0.366667 0.400000 0.433333 0.466667 0.500000
0.533333 0.566667 0.600000 0.633333 0.666667 0.700000 0.733333 0.766667 0.800000 0.833333</float_array>
        <technique_common>
          <accessor source="#mixamorig_L_B_skirt3-Matrix-animation-input-array" count="26">
            <param name="TIME" type="float"/>
          </accessor>
        </technique_common>
      </source>
      <source id="mixamorig_L_B_skirt3-Matrix-animation-output-transform">
        <float_array id="mixamorig_L_B_skirt3-Matrix-animation-output-transform-array" count="416">

1.000000 -0.000000 -0.000000 26.734800 -0.000000 1.000000 -0.000000 0.000000 -0.000000 -0.000000 1.000000 0.000000 0.000000 0.000000 0.000000 1.000000
1.000000 0.000000 0.000000 26.734800 0.000000 1.000000 0.000000 0.000000 0.000000 -0.000000 1.000000 0.000000 0.000000 0.000000 0.000000 1.000000
1.000000 0.000000 -0.000000 26.734800 0.000000 1.000000 0.000000 0.000000 0.000000 0.000000 1.000000 -0.000000 0.000000 0.000000 0.000000 1.000000
1.000000 0.000000 -0.000000 26.734800 -0.000000 1.000000 0.000000 0.000000 0.000000 -0.000000 1.000000 -0.000000 0.000000 0.000000 0.000000 1.000000
1.000000 0.000000 -0.000000 26.734800 -0.000000 1.000000 0.000000 0.000000 -0.000000 0.000000 1.000000 0.000000 0.000000 0.000000 0.000000 1.000000
1.000000 -0.000000 0.000000 26.734800 -0.000000 1.000000 0.000000 0.000000 0.000000 0.000000 1.000000 0.000000 0.000000 0.000000 0.000000 1.000000
1.000000 -0.000000 0.000000 26.734800 0.000000 1.000000 0.000000 0.000000 0.000000 -0.000000 1.000000 -0.000000 0.000000 0.000000 0.000000 1.000000
1.000000 0.000000 -0.000000 26.734800 -0.000000 1.000000 -0.000000 -0.000000 0.000000 -0.000000 1.000000 -0.000000 0.000000 0.000000 0.000000 1.000000
1.000000 0.000000 0.000000 26.734800 0.000000 1.000000 0.000000 0.000000 0.000000 0.000000 1.000000 -0.000000 0.000000 0.000000 0.000000 1.000000
1.000000 -0.000000 0.000000 26.734800 -0.000000 1.000000 0.000000 0.000000 -0.000000 0.000000 1.000000 -0.000000 0.000000 0.000000 0.000000 1.000000
1.000000 -0.000000 0.000000 26.734800 -0.000000 1.000000 0.000000 0.000000 0.000000 0.000000 1.000000 0.000000 0.000000 0.000000 0.000000 1.000000
1.000000 0.000000 0.000000 26.734800 0.000000 1.000000 -0.000000 0.000000 0.000000 0.000000 1.000000 -0.000000 0.000000 0.000000 0.000000 1.000000
1.000000 0.000000 -0.000000 26.734800 -0.000000 1.000000 0.000000 0.000000 -0.000000 0.000000 1.000000 0.000000 0.000000 0.000000 0.000000 1.000000
1.000000 0.000000 0.000000 26.734800 0.000000 1.000000 0.000000 -0.000000 0.000000 -0.000000 1.000000 0.000000 0.000000 0.000000 0.000000 1.000000
1.000000 0.000000 -0.000000 26.734800 0.000000 1.000000 -0.000000 0.000000 0.000000 0.000000 1.000000 0.000000 0.000000 0.000000 0.000000 1.000000
1.000000 0.000000 -0.000000 26.734800 -0.000000 1.000000 -0.000000 -0.000000 -0.000000 -0.000000 1.000000 -0.000000 0.000000 0.000000 0.000000 1.000000
1.000000 0.000000 -0.000000 26.734800 0.000000 1.000000 0.000000 0.000000 0.000000 0.000000 1.000000 -0.000000 0.000000 0.000000 0.000000 1.000000
1.000000 0.000000 -0.000000 26.734800 -0.000000 1.000000 -0.000000 0.000000 0.000000 0.000000 1.000000 -0.000000 0.000000 0.000000 0.000000 1.000000
1.000000 0.000000 0.000000 26.734800 0.000000 1.000000 -0.000000 0.000000 0.000000 0.000000 1.000000 0.000000 0.000000 0.000000 0.000000 1.000000
1.000000 -0.000000 0.000000 26.734800 0.000000 1.000000 -0.000000 0.000000 -0.000000 0.000000 1.000000 0.000000 0.000000 0.000000 0.000000 1.000000
1.000000 0.000000 -0.000000 26.734800 -0.000000 1.000000 0.000000 0.000000 0.000000 -0.000000 1.000000 0.000000 0.000000 0.000000 0.000000 1.000000
1.000000 0.000000 -0.000000 26.734800 -0.000000 1.000000 0.000000 0.000000 -0.000000 -0.000000 1.000000 -0.000000 0.000000 0.000000 0.000000 1.000000
1.000000 -0.000000 0.000000 26.734800 -0.000000 1.000000 -0.000000 0.000000 0.000000 -0.000000 1.000000 0.000000 0.000000 0.000000 0.000000 1.000000
1.000000 0.000000 0.000000 26.734800 0.000000 1.000000 0.000000 0.000000 0.000000 -0.000000 1.000000 0.000000 0.000000 0.000000 0.000000 1.000000
1.000000 -0.000000 0.000000 26.734800 0.000000 1.000000 -0.000000 0.000000 0.000000 -0.000000 1.000000 -0.000000 0.000000 0.000000 0.000000 1.000000
1.000000 -0.000000 -0.000000 26.734800 -0.000000 1.000000 -0.000000 0.000000 -0.000000 -0.000000 1.000000 0.000000 0.000000 0.000000 0.000000 1.000000</float_array>
        <technique_common>
          <accessor source="#mixamorig_L_B_skirt3-Matrix-animation-output-transform-array" count="26" stride="16">
            <param type="float4x4"/>
          </accessor>
        </technique_common>
      </source>
      <source id="mixamorig_L_B_skirt3-Interpolations">
        <Name_array id="mixamorig_L_B_skirt3-Interpolations-array" count="26">
 LINEAR LINEAR LINEAR LINEAR LINEAR LINEAR LINEAR LINEAR LINEAR LINEAR LINEAR
LINEAR LINEAR LINEAR LINEAR LINEAR LINEAR LINEAR LINEAR LINEAR LINEAR LINEAR LINEAR
LINEAR LINEAR LINEAR</Name_array>
        <technique_common>
          <accessor source="#mixamorig_L_B_skirt3-Interpolations-array" count="26">
            <param type="name"/>
          </accessor>
        </technique_common>
      </source>
      <sampler id="mixamorig_L_B_skirt3-Matrix-animation-transform">
        <input semantic="INPUT" source="#mixamorig_L_B_skirt3-Matrix-animation-input"/>
        <input semantic="OUTPUT" source="#mixamorig_L_B_skirt3-Matrix-animation-output-transform"/>
        <input semantic="INTERPOLATION" source="#mixamorig_L_B_skirt3-Interpolations"/>
      </sampler>
      <channel source="#mixamorig_L_B_skirt3-Matrix-animation-transform" target="mixamorig_L_B_skirt3/matrix"/>
    </animation>
    <animation id="mixamorig_R_C_skirt1-anim" name="mixamorig_R_C_skirt1">
      <source id="mixamorig_R_C_skirt1-Matrix-animation-input">
        <float_array id="mixamorig_R_C_skirt1-Matrix-animation-input-array" count="26">

0.000000 0.033333 0.066667 0.100000 0.133333 0.166667 0.200000 0.233333 0.266667 0.300000 0.333333 0.366667 0.400000 0.433333 0.466667 0.500000
0.533333 0.566667 0.600000 0.633333 0.666667 0.700000 0.733333 0.766667 0.800000 0.833333</float_array>
        <technique_common>
          <accessor source="#mixamorig_R_C_skirt1-Matrix-animation-input-array" count="26">
            <param name="TIME" type="float"/>
          </accessor>
        </technique_common>
      </source>
      <source id="mixamorig_R_C_skirt1-Matrix-animation-output-transform">
        <float_array id="mixamorig_R_C_skirt1-Matrix-animation-output-transform-array" count="416">

-0.035070 -0.292039 0.955763 -12.297300 -0.989026 0.147482 0.008774 4.606800 -0.143520 -0.944967 -0.294006 -11.833000 0.000000 0.000000 0.000000 1.000000
-0.035070 -0.292039 0.955763 -12.297300 -0.989026 0.147482 0.008774 4.606800 -0.143520 -0.944967 -0.294006 -11.833000 0.000000 0.000000 0.000000 1.000000
-0.035070 -0.292039 0.955763 -12.297300 -0.989026 0.147482 0.008774 4.606800 -0.143520 -0.944967 -0.294006 -11.833000 0.000000 0.000000 0.000000 1.000000
-0.035070 -0.292039 0.955763 -12.297300 -0.989026 0.147482 0.008774 4.606800 -0.143520 -0.944967 -0.294006 -11.833000 0.000000 0.000000 0.000000 1.000000
-0.035070 -0.292039 0.955763 -12.297300 -0.989026 0.147482 0.008774 4.606800 -0.143520 -0.944967 -0.294006 -11.833000 0.000000 0.000000 0.000000 1.000000
-0.035070 -0.292039 0.955763 -12.297300 -0.989026 0.147482 0.008774 4.606800 -0.143520 -0.944967 -0.294006 -11.833000 0.000000 0.000000 0.000000 1.000000
-0.035070 -0.292039 0.955763 -12.297300 -0.989026 0.147482 0.008774 4.606800 -0.143520 -0.944967 -0.294006 -11.833000 0.000000 0.000000 0.000000 1.000000
-0.035070 -0.292039 0.955763 -12.297300 -0.989026 0.147482 0.008774 4.606800 -0.143520 -0.944967 -0.294006 -11.833000 0.000000 0.000000 0.000000 1.000000
-0.035070 -0.292039 0.955763 -12.297300 -0.989026 0.147482 0.008774 4.606800 -0.143520 -0.944967 -0.294006 -11.833000 0.000000 0.000000 0.000000 1.000000
-0.035070 -0.292039 0.955763 -12.297300 -0.989026 0.147482 0.008774 4.606800 -0.143520 -0.944967 -0.294006 -11.833000 0.000000 0.000000 0.000000 1.000000
-0.035070 -0.292039 0.955763 -12.297300 -0.989026 0.147482 0.008774 4.606800 -0.143520 -0.944967 -0.294006 -11.833000 0.000000 0.000000 0.000000 1.000000
-0.035070 -0.292039 0.955763 -12.297300 -0.989026 0.147482 0.008774 4.606800 -0.143520 -0.944967 -0.294006 -11.833000 0.000000 0.000000 0.000000 1.000000
-0.035070 -0.292039 0.955763 -12.297300 -0.989026 0.147482 0.008774 4.606800 -0.143520 -0.944967 -0.294006 -11.833000 0.000000 0.000000 0.000000 1.000000
-0.035070 -0.292039 0.955763 -12.297300 -0.989026 0.147482 0.008774 4.606800 -0.143520 -0.944967 -0.294006 -11.833000 0.000000 0.000000 0.000000 1.000000
-0.035070 -0.292039 0.955763 -12.297300 -0.989026 0.147482 0.008774 4.606800 -0.143520 -0.944967 -0.294006 -11.833000 0.000000 0.000000 0.000000 1.000000
-0.035070 -0.292039 0.955763 -12.297300 -0.989026 0.147482 0.008774 4.606800 -0.143520 -0.944967 -0.294006 -11.833000 0.000000 0.000000 0.000000 1.000000
-0.035070 -0.292039 0.955763 -12.297300 -0.989026 0.147482 0.008774 4.606800 -0.143520 -0.944967 -0.294006 -11.833000 0.000000 0.000000 0.000000 1.000000
-0.035070 -0.292039 0.955763 -12.297300 -0.989026 0.147482 0.008774 4.606800 -0.143520 -0.944967 -0.294006 -11.833000 0.000000 0.000000 0.000000 1.000000
-0.035070 -0.292039 0.955763 -12.297300 -0.989026 0.147482 0.008774 4.606800 -0.143520 -0.944967 -0.294006 -11.833000 0.000000 0.000000 0.000000 1.000000
-0.035070 -0.292039 0.955763 -12.297300 -0.989026 0.147482 0.008774 4.606800 -0.143520 -0.944967 -0.294006 -11.833000 0.000000 0.000000 0.000000 1.000000
-0.035070 -0.292039 0.955763 -12.297300 -0.989026 0.147482 0.008774 4.606800 -0.143520 -0.944967 -0.294006 -11.833000 0.000000 0.000000 0.000000 1.000000
-0.035070 -0.292039 0.955763 -12.297300 -0.989026 0.147482 0.008774 4.606800 -0.143520 -0.944967 -0.294006 -11.833000 0.000000 0.000000 0.000000 1.000000
-0.035070 -0.292039 0.955763 -12.297300 -0.989026 0.147482 0.008774 4.606800 -0.143520 -0.944967 -0.294006 -11.833000 0.000000 0.000000 0.000000 1.000000
-0.035070 -0.292039 0.955763 -12.297300 -0.989026 0.147482 0.008774 4.606800 -0.143520 -0.944967 -0.294006 -11.833000 0.000000 0.000000 0.000000 1.000000
-0.035070 -0.292039 0.955763 -12.297300 -0.989026 0.147482 0.008774 4.606800 -0.143520 -0.944967 -0.294006 -11.833000 0.000000 0.000000 0.000000 1.000000
-0.035070 -0.292039 0.955763 -12.297300 -0.989026 0.147482 0.008774 4.606800 -0.143520 -0.944967 -0.294006 -11.833000 0.000000 0.000000 0.000000 1.000000</float_array>
        <technique_common>
          <accessor source="#mixamorig_R_C_skirt1-Matrix-animation-output-transform-array" count="26" stride="16">
            <param type="float4x4"/>
          </accessor>
        </technique_common>
      </source>
      <source id="mixamorig_R_C_skirt1-Interpolations">
        <Name_array id="mixamorig_R_C_skirt1-Interpolations-array" count="26">
 LINEAR LINEAR LINEAR LINEAR LINEAR LINEAR LINEAR LINEAR LINEAR LINEAR LINEAR
LINEAR LINEAR LINEAR LINEAR LINEAR LINEAR LINEAR LINEAR LINEAR LINEAR LINEAR LINEAR
LINEAR LINEAR LINEAR</Name_array>
        <technique_common>
          <accessor source="#mixamorig_R_C_skirt1-Interpolations-array" count="26">
            <param type="name"/>
          </accessor>
        </technique_common>
      </source>
      <sampler id="mixamorig_R_C_skirt1-Matrix-animation-transform">
        <input semantic="INPUT" source="#mixamorig_R_C_skirt1-Matrix-animation-input"/>
        <input semantic="OUTPUT" source="#mixamorig_R_C_skirt1-Matrix-animation-output-transform"/>
        <input semantic="INTERPOLATION" source="#mixamorig_R_C_skirt1-Interpolations"/>
      </sampler>
      <channel source="#mixamorig_R_C_skirt1-Matrix-animation-transform" target="mixamorig_R_C_skirt1/matrix"/>
    </animation>
    <animation id="mixamorig_R_C_skirt2-anim" name="mixamorig_R_C_skirt2">
      <source id="mixamorig_R_C_skirt2-Matrix-animation-input">
        <float_array id="mixamorig_R_C_skirt2-Matrix-animation-input-array" count="26">

0.000000 0.033333 0.066667 0.100000 0.133333 0.166667 0.200000 0.233333 0.266667 0.300000 0.333333 0.366667 0.400000 0.433333 0.466667 0.500000
0.533333 0.566667 0.600000 0.633333 0.666667 0.700000 0.733333 0.766667 0.800000 0.833333</float_array>
        <technique_common>
          <accessor source="#mixamorig_R_C_skirt2-Matrix-animation-input-array" count="26">
            <param name="TIME" type="float"/>
          </accessor>
        </technique_common>
      </source>
      <source id="mixamorig_R_C_skirt2-Matrix-animation-output-transform">
        <float_array id="mixamorig_R_C_skirt2-Matrix-animation-output-transform-array" count="416">

1.000000 0.000000 0.000000 27.657600 0.000000 1.000000 0.000000 0.000100 -0.000000 0.000000 1.000000 0.000000 0.000000 0.000000 0.000000 1.000000
1.000000 0.000000 0.000000 27.657600 0.000000 1.000000 0.000000 0.000100 0.000000 0.000000 1.000000 0.000000 0.000000 0.000000 0.000000 1.000000
1.000000 0.000000 0.000000 27.657600 0.000000 1.000000 0.000000 0.000100 -0.000000 0.000000 1.000000 0.000000 0.000000 0.000000 0.000000 1.000000
1.000000 0.000000 0.000000 27.657600 0.000000 1.000000 0.000000 0.000100 0.000000 0.000000 1.000000 -0.000000 0.000000 0.000000 0.000000 1.000000
1.000000 -0.000000 -0.000000 27.657600 0.000000 1.000000 -0.000000 0.000100 -0.000000 -0.000000 1.000000 0.000000 0.000000 0.000000 0.000000 1.000000
1.000000 -0.000000 -0.000000 27.657600 0.000000 1.000000 0.000000 0.000100 0.000000 0.000000 1.000000 0.000000 0.000000 0.000000 0.000000 1.000000
1.000000 0.000000 -0.000000 27.657600 -0.000000 1.000000 -0.000000 0.000100 0.000000 0.000000 1.000000 0.000000 0.000000 0.000000 0.000000 1.000000
1.000000 -0.000000 -0.000000 27.657600 0.000000 1.000000 -0.000000 0.000100 0.000000 0.000000 1.000000 -0.000000 0.000000 0.000000 0.000000 1.000000
1.000000 0.000000 0.000000 27.657600 -0.000000 1.000000 0.000000 0.000100 0.000000 0.000000 1.000000 0.000000 0.000000 0.000000 0.000000 1.000000
1.000000 -0.000000 0.000000 27.657600 0.000000 1.000000 0.000000 0.000100 0.000000 -0.000000 1.000000 0.000000 0.000000 0.000000 0.000000 1.000000
1.000000 0.000000 0.000000 27.657600 0.000000 1.000000 0.000000 0.000100 0.000000 0.000000 1.000000 0.000000 0.000000 0.000000 0.000000 1.000000
1.000000 0.000000 -0.000000 27.657600 0.000000 1.000000 0.000000 0.000100 0.000000 -0.000000 1.000000 -0.000000 0.000000 0.000000 0.000000 1.000000
1.000000 -0.000000 -0.000000 27.657600 -0.000000 1.000000 0.000000 0.000100 -0.000000 0.000000 1.000000 -0.000000 0.000000 0.000000 0.000000 1.000000
1.000000 0.000000 0.000000 27.657600 -0.000000 1.000000 -0.000000 0.000100 -0.000000 -0.000000 1.000000 -0.000000 0.000000 0.000000 0.000000 1.000000
1.000000 0.000000 0.000000 27.657600 0.000000 1.000000 0.000000 0.000100 0.000000 0.000000 1.000000 0.000000 0.000000 0.000000 0.000000 1.000000
1.000000 0.000000 0.000000 27.657600 -0.000000 1.000000 -0.000000 0.000100 -0.000000 0.000000 1.000000 0.000000 0.000000 0.000000 0.000000 1.000000
1.000000 0.000000 0.000000 27.657600 0.000000 1.000000 0.000000 0.000100 0.000000 -0.000000 1.000000 0.000000 0.000000 0.000000 0.000000 1.000000
1.000000 0.000000 0.000000 27.657600 -0.000000 1.000000 -0.000000 0.000100 -0.000000 -0.000000 1.000000 -0.000000 0.000000 0.000000 0.000000 1.000000
1.000000 -0.000000 0.000000 27.657600 -0.000000 1.000000 -0.000000 0.000100 -0.000000 0.000000 1.000000 0.000000 0.000000 0.000000 0.000000 1.000000
1.000000 0.000000 0.000000 27.657600 -0.000000 1.000000 -0.000000 0.000100 0.000000 0.000000 1.000000 0.000000 0.000000 0.000000 0.000000 1.000000
1.000000 0.000000 -0.000000 27.657600 0.000000 1.000000 0.000000 0.000100 -0.000000 -0.000000 1.000000 0.000000 0.000000 0.000000 0.000000 1.000000
1.000000 0.000000 -0.000000 27.657600 0.000000 1.000000 0.000000 0.000100 -0.000000 -0.000000 1.000000 -0.000000 0.000000 0.000000 0.000000 1.000000
1.000000 -0.000000 0.000000 27.657600 0.000000 1.000000 -0.000000 0.000100 0.000000 0.000000 1.000000 -0.000000 0.000000 0.000000 0.000000 1.000000
1.000000 0.000000 0.000000 27.657600 0.000000 1.000000 0.000000 0.000100 -0.000000 -0.000000 1.000000 0.000000 0.000000 0.000000 0.000000 1.000000
1.000000 0.000000 0.000000 27.657600 -0.000000 1.000000 0.000000 0.000100 0.000000 0.000000 1.000000 -0.000000 0.000000 0.000000 0.000000 1.000000
1.000000 0.000000 0.000000 27.657600 0.000000 1.000000 0.000000 0.000100 -0.000000 0.000000 1.000000 0.000000 0.000000 0.000000 0.000000 1.000000</float_array>
        <technique_common>
          <accessor source="#mixamorig_R_C_skirt2-Matrix-animation-output-transform-array" count="26" stride="16">
            <param type="float4x4"/>
          </accessor>
        </technique_common>
      </source>
      <source id="mixamorig_R_C_skirt2-Interpolations">
        <Name_array id="mixamorig_R_C_skirt2-Interpolations-array" count="26">
 LINEAR LINEAR LINEAR LINEAR LINEAR LINEAR LINEAR LINEAR LINEAR LINEAR LINEAR
LINEAR LINEAR LINEAR LINEAR LINEAR LINEAR LINEAR LINEAR LINEAR LINEAR LINEAR LINEAR
LINEAR LINEAR LINEAR</Name_array>
        <technique_common>
          <accessor source="#mixamorig_R_C_skirt2-Interpolations-array" count="26">
            <param type="name"/>
          </accessor>
        </technique_common>
      </source>
      <sampler id="mixamorig_R_C_skirt2-Matrix-animation-transform">
        <input semantic="INPUT" source="#mixamorig_R_C_skirt2-Matrix-animation-input"/>
        <input semantic="OUTPUT" source="#mixamorig_R_C_skirt2-Matrix-animation-output-transform"/>
        <input semantic="INTERPOLATION" source="#mixamorig_R_C_skirt2-Interpolations"/>
      </sampler>
      <channel source="#mixamorig_R_C_skirt2-Matrix-animation-transform" target="mixamorig_R_C_skirt2/matrix"/>
    </animation>
    <animation id="mixamorig_R_C_skirt3-anim" name="mixamorig_R_C_skirt3">
      <source id="mixamorig_R_C_skirt3-Matrix-animation-input">
        <float_array id="mixamorig_R_C_skirt3-Matrix-animation-input-array" count="26">

0.000000 0.033333 0.066667 0.100000 0.133333 0.166667 0.200000 0.233333 0.266667 0.300000 0.333333 0.366667 0.400000 0.433333 0.466667 0.500000
0.533333 0.566667 0.600000 0.633333 0.666667 0.700000 0.733333 0.766667 0.800000 0.833333</float_array>
        <technique_common>
          <accessor source="#mixamorig_R_C_skirt3-Matrix-animation-input-array" count="26">
            <param name="TIME" type="float"/>
          </accessor>
        </technique_common>
      </source>
      <source id="mixamorig_R_C_skirt3-Matrix-animation-output-transform">
        <float_array id="mixamorig_R_C_skirt3-Matrix-animation-output-transform-array" count="416">

1.000000 -0.000000 0.000000 23.969999 -0.000000 1.000000 0.000000 0.000000 0.000000 0.000000 1.000000 0.000100 0.000000 0.000000 0.000000 1.000000
1.000000 0.000000 0.000000 23.969999 -0.000000 1.000000 -0.000000 0.000000 0.000000 0.000000 1.000000 0.000100 0.000000 0.000000 0.000000 1.000000
1.000000 0.000000 0.000000 23.969999 -0.000000 1.000000 -0.000000 0.000000 0.000000 0.000000 1.000000 0.000100 0.000000 0.000000 0.000000 1.000000
1.000000 0.000000 0.000000 23.969999 0.000000 1.000000 0.000000 0.000000 0.000000 0.000000 1.000000 0.000100 0.000000 0.000000 0.000000 1.000000
1.000000 0.000000 -0.000000 23.969999 0.000000 1.000000 -0.000000 0.000000 0.000000 0.000000 1.000000 0.000100 0.000000 0.000000 0.000000 1.000000
1.000000 0.000000 0.000000 23.969999 0.000000 1.000000 0.000000 0.000000 0.000000 0.000000 1.000000 0.000100 0.000000 0.000000 0.000000 1.000000
1.000000 0.000000 0.000000 23.969999 0.000000 1.000000 0.000000 0.000000 -0.000000 -0.000000 1.000000 0.000100 0.000000 0.000000 0.000000 1.000000
1.000000 -0.000000 0.000000 23.969999 0.000000 1.000000 0.000000 0.000000 0.000000 0.000000 1.000000 0.000100 0.000000 0.000000 0.000000 1.000000
1.000000 0.000000 0.000000 23.969999 0.000000 1.000000 0.000000 0.000000 0.000000 0.000000 1.000000 0.000100 0.000000 0.000000 0.000000 1.000000
1.000000 0.000000 -0.000000 23.969999 0.000000 1.000000 0.000000 0.000000 0.000000 0.000000 1.000000 0.000100 0.000000 0.000000 0.000000 1.000000
1.000000 0.000000 0.000000 23.969999 0.000000 1.000000 0.000000 0.000000 0.000000 0.000000 1.000000 0.000100 0.000000 0.000000 0.000000 1.000000
1.000000 0.000000 0.000000 23.969999 0.000000 1.000000 0.000000 0.000000 -0.000000 -0.000000 1.000000 0.000100 0.000000 0.000000 0.000000 1.000000
1.000000 0.000000 0.000000 23.969999 0.000000 1.000000 0.000000 0.000000 -0.000000 0.000000 1.000000 0.000100 0.000000 0.000000 0.000000 1.000000
1.000000 0.000000 0.000000 23.969999 0.000000 1.000000 0.000000 0.000000 0.000000 -0.000000 1.000000 0.000100 0.000000 0.000000 0.000000 1.000000
1.000000 0.000000 -0.000000 23.969999 0.000000 1.000000 -0.000000 -0.000000 0.000000 0.000000 1.000000 0.000100 0.000000 0.000000 0.000000 1.000000
1.000000 0.000000 -0.000000 23.969999 0.000000 1.000000 0.000000 0.000000 -0.000000 0.000000 1.000000 0.000100 0.000000 0.000000 0.000000 1.000000
1.000000 -0.000000 -0.000000 23.969999 0.000000 1.000000 0.000000 0.000000 -0.000000 -0.000000 1.000000 0.000100 0.000000 0.000000 0.000000 1.000000
1.000000 0.000000 0.000000 23.969999 -0.000000 1.000000 0.000000 0.000000 0.000000 -0.000000 1.000000 0.000100 0.000000 0.000000 0.000000 1.000000
1.000000 -0.000000 -0.000000 23.969999 -0.000000 1.000000 -0.000000 0.000000 -0.000000 -0.000000 1.000000 0.000100 0.000000 0.000000 0.000000 1.000000
1.000000 0.000000 0.000000 23.969999 -0.000000 1.000000 -0.000000 0.000000 0.000000 0.000000 1.000000 0.000100 0.000000 0.000000 0.000000 1.000000
1.000000 -0.000000 -0.000000 23.969999 0.000000 1.000000 0.000000 0.000000 -0.000000 0.000000 1.000000 0.000100 0.000000 0.000000 0.000000 1.000000
1.000000 -0.000000 -0.000000 23.969999 0.000000 1.000000 0.000000 0.000000 -0.000000 -0.000000 1.000000 0.000100 0.000000 0.000000 0.000000 1.000000
1.000000 -0.000000 -0.000000 23.969999 -0.000000 1.000000 0.000000 0.000000 -0.000000 -0.000000 1.000000 0.000100 0.000000 0.000000 0.000000 1.000000
1.000000 0.000000 -0.000000 23.969999 0.000000 1.000000 0.000000 -0.000000 0.000000 0.000000 1.000000 0.000100 0.000000 0.000000 0.000000 1.000000
1.000000 0.000000 0.000000 23.969999 -0.000000 1.000000 0.000000 0.000000 0.000000 0.000000 1.000000 0.000100 0.000000 0.000000 0.000000 1.000000
1.000000 -0.000000 0.000000 23.969999 -0.000000 1.000000 0.000000 0.000000 0.000000 0.000000 1.000000 0.000100 0.000000 0.000000 0.000000 1.000000</float_array>
        <technique_common>
          <accessor source="#mixamorig_R_C_skirt3-Matrix-animation-output-transform-array" count="26" stride="16">
            <param type="float4x4"/>
          </accessor>
        </technique_common>
      </source>
      <source id="mixamorig_R_C_skirt3-Interpolations">
        <Name_array id="mixamorig_R_C_skirt3-Interpolations-array" count="26">
 LINEAR LINEAR LINEAR LINEAR LINEAR LINEAR LINEAR LINEAR LINEAR LINEAR LINEAR
LINEAR LINEAR LINEAR LINEAR LINEAR LINEAR LINEAR LINEAR LINEAR LINEAR LINEAR LINEAR
LINEAR LINEAR LINEAR</Name_array>
        <technique_common>
          <accessor source="#mixamorig_R_C_skirt3-Interpolations-array" count="26">
            <param type="name"/>
          </accessor>
        </technique_common>
      </source>
      <sampler id="mixamorig_R_C_skirt3-Matrix-animation-transform">
        <input semantic="INPUT" source="#mixamorig_R_C_skirt3-Matrix-animation-input"/>
        <input semantic="OUTPUT" source="#mixamorig_R_C_skirt3-Matrix-animation-output-transform"/>
        <input semantic="INTERPOLATION" source="#mixamorig_R_C_skirt3-Interpolations"/>
      </sampler>
      <channel source="#mixamorig_R_C_skirt3-Matrix-animation-transform" target="mixamorig_R_C_skirt3/matrix"/>
    </animation>
    <animation id="mixamorig_R_A_skirt1-anim" name="mixamorig_R_A_skirt1">
      <source id="mixamorig_R_A_skirt1-Matrix-animation-input">
        <float_array id="mixamorig_R_A_skirt1-Matrix-animation-input-array" count="26">

0.000000 0.033333 0.066667 0.100000 0.133333 0.166667 0.200000 0.233333 0.266667 0.300000 0.333333 0.366667 0.400000 0.433333 0.466667 0.500000
0.533333 0.566667 0.600000 0.633333 0.666667 0.700000 0.733333 0.766667 0.800000 0.833333</float_array>
        <technique_common>
          <accessor source="#mixamorig_R_A_skirt1-Matrix-animation-input-array" count="26">
            <param name="TIME" type="float"/>
          </accessor>
        </technique_common>
      </source>
      <source id="mixamorig_R_A_skirt1-Matrix-animation-output-transform">
        <float_array id="mixamorig_R_A_skirt1-Matrix-animation-output-transform-array" count="416">

-0.142126 -0.623440 -0.768845 -18.034500 -0.988646 0.051130 0.141298 3.980800 -0.048780 0.780197 -0.623629 19.504801 0.000000 0.000000 0.000000 1.000000
-0.142126 -0.623440 -0.768845 -18.034500 -0.988646 0.051130 0.141298 3.980800 -0.048780 0.780197 -0.623629 19.504801 0.000000 0.000000 0.000000 1.000000
-0.142126 -0.623440 -0.768845 -18.034500 -0.988646 0.051130 0.141298 3.980800 -0.048780 0.780197 -0.623629 19.504801 0.000000 0.000000 0.000000 1.000000
-0.142126 -0.623440 -0.768845 -18.034500 -0.988646 0.051130 0.141298 3.980800 -0.048780 0.780197 -0.623629 19.504801 0.000000 0.000000 0.000000 1.000000
-0.142126 -0.623440 -0.768845 -18.034500 -0.988646 0.051130 0.141298 3.980800 -0.048780 0.780197 -0.623629 19.504801 0.000000 0.000000 0.000000 1.000000
-0.142126 -0.623440 -0.768845 -18.034500 -0.988646 0.051130 0.141298 3.980800 -0.048780 0.780197 -0.623629 19.504801 0.000000 0.000000 0.000000 1.000000
-0.142126 -0.623440 -0.768845 -18.034500 -0.988646 0.051130 0.141298 3.980800 -0.048780 0.780197 -0.623629 19.504801 0.000000 0.000000 0.000000 1.000000
-0.142126 -0.623440 -0.768845 -18.034500 -0.988646 0.051130 0.141298 3.980800 -0.048780 0.780197 -0.623629 19.504801 0.000000 0.000000 0.000000 1.000000
-0.142126 -0.623440 -0.768845 -18.034500 -0.988646 0.051130 0.141298 3.980800 -0.048780 0.780197 -0.623629 19.504801 0.000000 0.000000 0.000000 1.000000
-0.142126 -0.623440 -0.768845 -18.034500 -0.988646 0.051130 0.141298 3.980800 -0.048780 0.780197 -0.623629 19.504801 0.000000 0.000000 0.000000 1.000000
-0.142126 -0.623440 -0.768845 -18.034500 -0.988646 0.051130 0.141298 3.980800 -0.048780 0.780197 -0.623629 19.504801 0.000000 0.000000 0.000000 1.000000
-0.142126 -0.623440 -0.768845 -18.034500 -0.988646 0.051130 0.141298 3.980800 -0.048780 0.780197 -0.623629 19.504801 0.000000 0.000000 0.000000 1.000000
-0.142126 -0.623440 -0.768845 -18.034500 -0.988646 0.051130 0.141298 3.980800 -0.048780 0.780197 -0.623629 19.504801 0.000000 0.000000 0.000000 1.000000
-0.142126 -0.623440 -0.768845 -18.034500 -0.988646 0.051130 0.141298 3.980800 -0.048780 0.780197 -0.623629 19.504801 0.000000 0.000000 0.000000 1.000000
-0.142126 -0.623440 -0.768845 -18.034500 -0.988646 0.051130 0.141298 3.980800 -0.048780 0.780197 -0.623629 19.504801 0.000000 0.000000 0.000000 1.000000
-0.142126 -0.623440 -0.768845 -18.034500 -0.988646 0.051130 0.141298 3.980800 -0.048780 0.780197 -0.623629 19.504801 0.000000 0.000000 0.000000 1.000000
-0.142126 -0.623440 -0.768845 -18.034500 -0.988646 0.051130 0.141298 3.980800 -0.048780 0.780197 -0.623629 19.504801 0.000000 0.000000 0.000000 1.000000
-0.142126 -0.623440 -0.768845 -18.034500 -0.988646 0.051130 0.141298 3.980800 -0.048780 0.780197 -0.623629 19.504801 0.000000 0.000000 0.000000 1.000000
-0.142126 -0.623440 -0.768845 -18.034500 -0.988646 0.051130 0.141298 3.980800 -0.048780 0.780197 -0.623629 19.504801 0.000000 0.000000 0.000000 1.000000
-0.142126 -0.623440 -0.768845 -18.034500 -0.988646 0.051130 0.141298 3.980800 -0.048780 0.780197 -0.623629 19.504801 0.000000 0.000000 0.000000 1.000000
-0.142126 -0.623440 -0.768845 -18.034500 -0.988646 0.051130 0.141298 3.980800 -0.048780 0.780197 -0.623629 19.504801 0.000000 0.000000 0.000000 1.000000
-0.142126 -0.623440 -0.768845 -18.034500 -0.988646 0.051130 0.141298 3.980800 -0.048780 0.780197 -0.623629 19.504801 0.000000 0.000000 0.000000 1.000000
-0.142126 -0.623440 -0.768845 -18.034500 -0.988646 0.051130 0.141298 3.980800 -0.048780 0.780197 -0.623629 19.504801 0.000000 0.000000 0.000000 1.000000
-0.142126 -0.623440 -0.768845 -18.034500 -0.988646 0.051130 0.141298 3.980800 -0.048780 0.780197 -0.623629 19.504801 0.000000 0.000000 0.000000 1.000000
-0.142126 -0.623440 -0.768845 -18.034500 -0.988646 0.051130 0.141298 3.980800 -0.048780 0.780197 -0.623629 19.504801 0.000000 0.000000 0.000000 1.000000
-0.142126 -0.623440 -0.768845 -18.034500 -0.988646 0.051130 0.141298 3.980800 -0.048780 0.780197 -0.623629 19.504801 0.000000 0.000000 0.000000 1.000000</float_array>
        <technique_common>
          <accessor source="#mixamorig_R_A_skirt1-Matrix-animation-output-transform-array" count="26" stride="16">
            <param type="float4x4"/>
          </accessor>
        </technique_common>
      </source>
      <source id="mixamorig_R_A_skirt1-Interpolations">
        <Name_array id="mixamorig_R_A_skirt1-Interpolations-array" count="26">
 LINEAR LINEAR LINEAR LINEAR LINEAR LINEAR LINEAR LINEAR LINEAR LINEAR LINEAR
LINEAR LINEAR LINEAR LINEAR LINEAR LINEAR LINEAR LINEAR LINEAR LINEAR LINEAR LINEAR
LINEAR LINEAR LINEAR</Name_array>
        <technique_common>
          <accessor source="#mixamorig_R_A_skirt1-Interpolations-array" count="26">
            <param type="name"/>
          </accessor>
        </technique_common>
      </source>
      <sampler id="mixamorig_R_A_skirt1-Matrix-animation-transform">
        <input semantic="INPUT" source="#mixamorig_R_A_skirt1-Matrix-animation-input"/>
        <input semantic="OUTPUT" source="#mixamorig_R_A_skirt1-Matrix-animation-output-transform"/>
        <input semantic="INTERPOLATION" source="#mixamorig_R_A_skirt1-Interpolations"/>
      </sampler>
      <channel source="#mixamorig_R_A_skirt1-Matrix-animation-transform" target="mixamorig_R_A_skirt1/matrix"/>
    </animation>
    <animation id="mixamorig_R_A_skirt2-anim" name="mixamorig_R_A_skirt2">
      <source id="mixamorig_R_A_skirt2-Matrix-animation-input">
        <float_array id="mixamorig_R_A_skirt2-Matrix-animation-input-array" count="26">

0.000000 0.033333 0.066667 0.100000 0.133333 0.166667 0.200000 0.233333 0.266667 0.300000 0.333333 0.366667 0.400000 0.433333 0.466667 0.500000
0.533333 0.566667 0.600000 0.633333 0.666667 0.700000 0.733333 0.766667 0.800000 0.833333</float_array>
        <technique_common>
          <accessor source="#mixamorig_R_A_skirt2-Matrix-animation-input-array" count="26">
            <param name="TIME" type="float"/>
          </accessor>
        </technique_common>
      </source>
      <source id="mixamorig_R_A_skirt2-Matrix-animation-output-transform">
        <float_array id="mixamorig_R_A_skirt2-Matrix-animation-output-transform-array" count="416">

1.000000 0.000000 0.000000 27.335400 0.000000 1.000000 0.000000 -0.000100 -0.000000 -0.000000 1.000000 0.000100 0.000000 0.000000 0.000000 1.000000
1.000000 0.000000 -0.000000 27.335400 0.000000 1.000000 0.000000 -0.000100 -0.000000 -0.000000 1.000000 0.000100 0.000000 0.000000 0.000000 1.000000
1.000000 0.000000 0.000000 27.335400 -0.000000 1.000000 0.000000 -0.000100 0.000000 0.000000 1.000000 0.000100 0.000000 0.000000 0.000000 1.000000
1.000000 -0.000000 0.000000 27.335400 0.000000 1.000000 0.000000 -0.000100 0.000000 -0.000000 1.000000 0.000100 0.000000 0.000000 0.000000 1.000000
1.000000 -0.000000 -0.000000 27.335400 0.000000 1.000000 -0.000000 -0.000100 0.000000 0.000000 1.000000 0.000100 0.000000 0.000000 0.000000 1.000000
1.000000 -0.000000 0.000000 27.335400 0.000000 1.000000 0.000000 -0.000100 0.000000 -0.000000 1.000000 0.000100 0.000000 0.000000 0.000000 1.000000
1.000000 0.000000 0.000000 27.335400 0.000000 1.000000 -0.000000 -0.000100 0.000000 0.000000 1.000000 0.000100 0.000000 0.000000 0.000000 1.000000
1.000000 0.000000 -0.000000 27.335400 -0.000000 1.000000 -0.000000 -0.000100 -0.000000 0.000000 1.000000 0.000100 0.000000 0.000000 0.000000 1.000000
1.000000 0.000000 0.000000 27.335400 0.000000 1.000000 -0.000000 -0.000100 0.000000 0.000000 1.000000 0.000100 0.000000 0.000000 0.000000 1.000000
1.000000 0.000000 0.000000 27.335400 -0.000000 1.000000 -0.000000 -0.000100 0.000000 0.000000 1.000000 0.000100 0.000000 0.000000 0.000000 1.000000
1.000000 0.000000 -0.000000 27.335400 0.000000 1.000000 0.000000 -0.000100 0.000000 0.000000 1.000000 0.000100 0.000000 0.000000 0.000000 1.000000
1.000000 0.000000 0.000000 27.335400 0.000000 1.000000 0.000000 -0.000100 -0.000000 0.000000 1.000000 0.000100 0.000000 0.000000 0.000000 1.000000
1.000000 -0.000000 0.000000 27.335400 -0.000000 1.000000 0.000000 -0.000100 0.000000 0.000000 1.000000 0.000100 0.000000 0.000000 0.000000 1.000000
1.000000 -0.000000 -0.000000 27.335400 0.000000 1.000000 -0.000000 -0.000100 -0.000000 0.000000 1.000000 0.000100 0.000000 0.000000 0.000000 1.000000
1.000000 0.000000 0.000000 27.335400 -0.000000 1.000000 -0.000000 -0.000100 -0.000000 -0.000000 1.000000 0.000100 0.000000 0.000000 0.000000 1.000000
1.000000 0.000000 0.000000 27.335400 0.000000 1.000000 0.000000 -0.000100 -0.000000 -0.000000 1.000000 0.000100 0.000000 0.000000 0.000000 1.000000
1.000000 0.000000 -0.000000 27.335400 0.000000 1.000000 -0.000000 -0.000100 0.000000 -0.000000 1.000000 0.000100 0.000000 0.000000 0.000000 1.000000
1.000000 0.000000 0.000000 27.335400 -0.000000 1.000000 0.000000 -0.000100 -0.000000 0.000000 1.000000 0.000100 0.000000 0.000000 0.000000 1.000000
1.000000 -0.000000 0.000000 27.335400 -0.000000 1.000000 0.000000 -0.000100 -0.000000 -0.000000 1.000000 0.000100 0.000000 0.000000 0.000000 1.000000
1.000000 0.000000 0.000000 27.335400 -0.000000 1.000000 -0.000000 -0.000100 -0.000000 0.000000 1.000000 0.000100 0.000000 0.000000 0.000000 1.000000
1.000000 -0.000000 0.000000 27.335400 0.000000 1.000000 -0.000000 -0.000100 -0.000000 0.000000 1.000000 0.000100 0.000000 0.000000 0.000000 1.000000
1.000000 0.000000 0.000000 27.335400 0.000000 1.000000 -0.000000 -0.000100 0.000000 0.000000 1.000000 0.000100 0.000000 0.000000 0.000000 1.000000
1.000000 0.000000 -0.000000 27.335400 0.000000 1.000000 -0.000000 -0.000100 -0.000000 0.000000 1.000000 0.000100 0.000000 0.000000 0.000000 1.000000
1.000000 0.000000 -0.000000 27.335400 0.000000 1.000000 -0.000000 -0.000100 -0.000000 -0.000000 1.000000 0.000100 0.000000 0.000000 0.000000 1.000000
1.000000 0.000000 -0.000000 27.335400 -0.000000 1.000000 0.000000 -0.000100 -0.000000 0.000000 1.000000 0.000100 0.000000 0.000000 0.000000 1.000000
1.000000 0.000000 0.000000 27.335400 0.000000 1.000000 0.000000 -0.000100 -0.000000 -0.000000 1.000000 0.000100 0.000000 0.000000 0.000000 1.000000</float_array>
        <technique_common>
          <accessor source="#mixamorig_R_A_skirt2-Matrix-animation-output-transform-array" count="26" stride="16">
            <param type="float4x4"/>
          </accessor>
        </technique_common>
      </source>
      <source id="mixamorig_R_A_skirt2-Interpolations">
        <Name_array id="mixamorig_R_A_skirt2-Interpolations-array" count="26">
 LINEAR LINEAR LINEAR LINEAR LINEAR LINEAR LINEAR LINEAR LINEAR LINEAR LINEAR
LINEAR LINEAR LINEAR LINEAR LINEAR LINEAR LINEAR LINEAR LINEAR LINEAR LINEAR LINEAR
LINEAR LINEAR LINEAR</Name_array>
        <technique_common>
          <accessor source="#mixamorig_R_A_skirt2-Interpolations-array" count="26">
            <param type="name"/>
          </accessor>
        </technique_common>
      </source>
      <sampler id="mixamorig_R_A_skirt2-Matrix-animation-transform">
        <input semantic="INPUT" source="#mixamorig_R_A_skirt2-Matrix-animation-input"/>
        <input semantic="OUTPUT" source="#mixamorig_R_A_skirt2-Matrix-animation-output-transform"/>
        <input semantic="INTERPOLATION" source="#mixamorig_R_A_skirt2-Interpolations"/>
      </sampler>
      <channel source="#mixamorig_R_A_skirt2-Matrix-animation-transform" target="mixamorig_R_A_skirt2/matrix"/>
    </animation>
    <animation id="mixamorig_R_A_skirt3-anim" name="mixamorig_R_A_skirt3">
      <source id="mixamorig_R_A_skirt3-Matrix-animation-input">
        <float_array id="mixamorig_R_A_skirt3-Matrix-animation-input-array" count="26">

0.000000 0.033333 0.066667 0.100000 0.133333 0.166667 0.200000 0.233333 0.266667 0.300000 0.333333 0.366667 0.400000 0.433333 0.466667 0.500000
0.533333 0.566667 0.600000 0.633333 0.666667 0.700000 0.733333 0.766667 0.800000 0.833333</float_array>
        <technique_common>
          <accessor source="#mixamorig_R_A_skirt3-Matrix-animation-input-array" count="26">
            <param name="TIME" type="float"/>
          </accessor>
        </technique_common>
      </source>
      <source id="mixamorig_R_A_skirt3-Matrix-animation-output-transform">
        <float_array id="mixamorig_R_A_skirt3-Matrix-animation-output-transform-array" count="416">

1.000000 0.000000 0.000000 27.066099 0.000000 1.000000 0.000000 0.000100 0.000000 -0.000000 1.000000 -0.000000 0.000000 0.000000 0.000000 1.000000
1.000000 -0.000000 0.000000 27.066099 -0.000000 1.000000 -0.000000 0.000100 0.000000 0.000000 1.000000 -0.000000 0.000000 0.000000 0.000000 1.000000
1.000000 -0.000000 0.000000 27.066099 -0.000000 1.000000 0.000000 0.000100 0.000000 0.000000 1.000000 0.000000 0.000000 0.000000 0.000000 1.000000
1.000000 0.000000 0.000000 27.066099 -0.000000 1.000000 -0.000000 0.000100 0.000000 0.000000 1.000000 0.000000 0.000000 0.000000 0.000000 1.000000
1.000000 -0.000000 -0.000000 27.066099 -0.000000 1.000000 0.000000 0.000100 -0.000000 0.000000 1.000000 -0.000000 0.000000 0.000000 0.000000 1.000000
1.000000 -0.000000 0.000000 27.066099 -0.000000 1.000000 0.000000 0.000100 0.000000 0.000000 1.000000 0.000000 0.000000 0.000000 0.000000 1.000000
1.000000 0.000000 0.000000 27.066099 -0.000000 1.000000 0.000000 0.000100 0.000000 -0.000000 1.000000 -0.000000 0.000000 0.000000 0.000000 1.000000
1.000000 0.000000 0.000000 27.066099 -0.000000 1.000000 0.000000 0.000100 -0.000000 0.000000 1.000000 0.000000 0.000000 0.000000 0.000000 1.000000
1.000000 -0.000000 0.000000 27.066099 -0.000000 1.000000 -0.000000 0.000100 0.000000 0.000000 1.000000 -0.000000 0.000000 0.000000 0.000000 1.000000
1.000000 0.000000 0.000000 27.066099 0.000000 1.000000 -0.000000 0.000100 0.000000 0.000000 1.000000 -0.000000 0.000000 0.000000 0.000000 1.000000
1.000000 0.000000 0.000000 27.066099 -0.000000 1.000000 0.000000 0.000100 0.000000 0.000000 1.000000 -0.000000 0.000000 0.000000 0.000000 1.000000
1.000000 -0.000000 0.000000 27.066099 0.000000 1.000000 0.000000 0.000100 0.000000 0.000000 1.000000 0.000000 0.000000 0.000000 0.000000 1.000000
1.000000 -0.000000 0.000000 27.066099 -0.000000 1.000000 0.000000 0.000100 -0.000000 0.000000 1.000000 0.000000 0.000000 0.000000 0.000000 1.000000
1.000000 -0.000000 -0.000000 27.066099 -0.000000 1.000000 0.000000 0.000100 -0.000000 0.000000 1.000000 0.000000 0.000000 0.000000 0.000000 1.000000
1.000000 -0.000000 0.000000 27.066099 -0.000000 1.000000 -0.000000 0.000100 -0.000000 -0.000000 1.000000 0.000000 0.000000 0.000000 0.000000 1.000000
1.000000 -0.000000 -0.000000 27.066099 -0.000000 1.000000 -0.000000 0.000100 0.000000 0.000000 1.000000 0.000000 0.000000 0.000000 0.000000 1.000000
1.000000 -0.000000 -0.000000 27.066099 -0.000000 1.000000 0.000000 0.000100 0.000000 -0.000000 1.000000 -0.000000 0.000000 0.000000 0.000000 1.000000
1.000000 0.000000 0.000000 27.066099 -0.000000 1.000000 0.000000 0.000100 -0.000000 0.000000 1.000000 -0.000000 0.000000 0.000000 0.000000 1.000000
1.000000 0.000000 0.000000 27.066099 -0.000000 1.000000 -0.000000 0.000100 -0.000000 0.000000 1.000000 0.000000 0.000000 0.000000 0.000000 1.000000
1.000000 0.000000 -0.000000 27.066099 -0.000000 1.000000 0.000000 0.000100 -0.000000 0.000000 1.000000 0.000000 0.000000 0.000000 0.000000 1.000000
1.000000 0.000000 0.000000 27.066099 0.000000 1.000000 -0.000000 0.000100 -0.000000 -0.000000 1.000000 -0.000000 0.000000 0.000000 0.000000 1.000000
1.000000 0.000000 -0.000000 27.066099 0.000000 1.000000 0.000000 0.000100 0.000000 -0.000000 1.000000 0.000000 0.000000 0.000000 0.000000 1.000000
1.000000 0.000000 -0.000000 27.066099 -0.000000 1.000000 -0.000000 0.000100 0.000000 0.000000 1.000000 0.000000 0.000000 0.000000 0.000000 1.000000
1.000000 0.000000 -0.000000 27.066099 0.000000 1.000000 -0.000000 0.000100 -0.000000 -0.000000 1.000000 0.000000 0.000000 0.000000 0.000000 1.000000
1.000000 0.000000 -0.000000 27.066099 -0.000000 1.000000 0.000000 0.000100 0.000000 0.000000 1.000000 -0.000000 0.000000 0.000000 0.000000 1.000000
1.000000 0.000000 0.000000 27.066099 0.000000 1.000000 0.000000 0.000100 0.000000 -0.000000 1.000000 -0.000000 0.000000 0.000000 0.000000 1.000000</float_array>
        <technique_common>
          <accessor source="#mixamorig_R_A_skirt3-Matrix-animation-output-transform-array" count="26" stride="16">
            <param type="float4x4"/>
          </accessor>
        </technique_common>
      </source>
      <source id="mixamorig_R_A_skirt3-Interpolations">
        <Name_array id="mixamorig_R_A_skirt3-Interpolations-array" count="26">
 LINEAR LINEAR LINEAR LINEAR LINEAR LINEAR LINEAR LINEAR LINEAR LINEAR LINEAR
LINEAR LINEAR LINEAR LINEAR LINEAR LINEAR LINEAR LINEAR LINEAR LINEAR LINEAR LINEAR
LINEAR LINEAR LINEAR</Name_array>
        <technique_common>
          <accessor source="#mixamorig_R_A_skirt3-Interpolations-array" count="26">
            <param type="name"/>
          </accessor>
        </technique_common>
      </source>
      <sampler id="mixamorig_R_A_skirt3-Matrix-animation-transform">
        <input semantic="INPUT" source="#mixamorig_R_A_skirt3-Matrix-animation-input"/>
        <input semantic="OUTPUT" source="#mixamorig_R_A_skirt3-Matrix-animation-output-transform"/>
        <input semantic="INTERPOLATION" source="#mixamorig_R_A_skirt3-Interpolations"/>
      </sampler>
      <channel source="#mixamorig_R_A_skirt3-Matrix-animation-transform" target="mixamorig_R_A_skirt3/matrix"/>
    </animation>
    <animation id="mixamorig_R_B_skirt1-anim" name="mixamorig_R_B_skirt1">
      <source id="mixamorig_R_B_skirt1-Matrix-animation-input">
        <float_array id="mixamorig_R_B_skirt1-Matrix-animation-input-array" count="26">

0.000000 0.033333 0.066667 0.100000 0.133333 0.166667 0.200000 0.233333 0.266667 0.300000 0.333333 0.366667 0.400000 0.433333 0.466667 0.500000
0.533333 0.566667 0.600000 0.633333 0.666667 0.700000 0.733333 0.766667 0.800000 0.833333</float_array>
        <technique_common>
          <accessor source="#mixamorig_R_B_skirt1-Matrix-animation-input-array" count="26">
            <param name="TIME" type="float"/>
          </accessor>
        </technique_common>
      </source>
      <source id="mixamorig_R_B_skirt1-Matrix-animation-output-transform">
        <float_array id="mixamorig_R_B_skirt1-Matrix-animation-output-transform-array" count="416">

-0.142189 -0.942168 0.303482 -22.789900 -0.985105 0.164647 0.049604 6.145800 -0.096702 -0.291908 -0.951545 0.309300 0.000000 0.000000 0.000000 1.000000
-0.142189 -0.942168 0.303482 -22.789900 -0.985105 0.164647 0.049604 6.145800 -0.096702 -0.291908 -0.951545 0.309300 0.000000 0.000000 0.000000 1.000000
-0.142189 -0.942168 0.303482 -22.789900 -0.985105 0.164647 0.049604 6.145800 -0.096702 -0.291908 -0.951545 0.309300 0.000000 0.000000 0.000000 1.000000
-0.142189 -0.942168 0.303482 -22.789900 -0.985105 0.164647 0.049604 6.145800 -0.096702 -0.291908 -0.951545 0.309300 0.000000 0.000000 0.000000 1.000000
-0.142189 -0.942168 0.303482 -22.789900 -0.985105 0.164647 0.049604 6.145800 -0.096702 -0.291908 -0.951545 0.309300 0.000000 0.000000 0.000000 1.000000
-0.142189 -0.942168 0.303482 -22.789900 -0.985105 0.164647 0.049604 6.145800 -0.096702 -0.291908 -0.951545 0.309300 0.000000 0.000000 0.000000 1.000000
-0.142189 -0.942168 0.303482 -22.789900 -0.985105 0.164647 0.049604 6.145800 -0.096702 -0.291908 -0.951545 0.309300 0.000000 0.000000 0.000000 1.000000
-0.142189 -0.942168 0.303482 -22.789900 -0.985105 0.164647 0.049604 6.145800 -0.096702 -0.291908 -0.951545 0.309300 0.000000 0.000000 0.000000 1.000000
-0.142189 -0.942168 0.303482 -22.789900 -0.985105 0.164647 0.049604 6.145800 -0.096702 -0.291908 -0.951545 0.309300 0.000000 0.000000 0.000000 1.000000
-0.142189 -0.942168 0.303482 -22.789900 -0.985105 0.164647 0.049604 6.145800 -0.096702 -0.291908 -0.951545 0.309300 0.000000 0.000000 0.000000 1.000000
-0.142189 -0.942168 0.303482 -22.789900 -0.985105 0.164647 0.049604 6.145800 -0.096702 -0.291908 -0.951545 0.309300 0.000000 0.000000 0.000000 1.000000
-0.142189 -0.942168 0.303482 -22.789900 -0.985105 0.164647 0.049604 6.145800 -0.096702 -0.291908 -0.951545 0.309300 0.000000 0.000000 0.000000 1.000000
-0.142189 -0.942168 0.303482 -22.789900 -0.985105 0.164647 0.049604 6.145800 -0.096702 -0.291908 -0.951545 0.309300 0.000000 0.000000 0.000000 1.000000
-0.142189 -0.942168 0.303482 -22.789900 -0.985105 0.164647 0.049604 6.145800 -0.096702 -0.291908 -0.951545 0.309300 0.000000 0.000000 0.000000 1.000000
-0.142189 -0.942168 0.303482 -22.789900 -0.985105 0.164647 0.049604 6.145800 -0.096702 -0.291908 -0.951545 0.309300 0.000000 0.000000 0.000000 1.000000
-0.142189 -0.942168 0.303482 -22.789900 -0.985105 0.164647 0.049604 6.145800 -0.096702 -0.291908 -0.951545 0.309300 0.000000 0.000000 0.000000 1.000000
-0.142189 -0.942168 0.303482 -22.789900 -0.985105 0.164647 0.049604 6.145800 -0.096702 -0.291908 -0.951545 0.309300 0.000000 0.000000 0.000000 1.000000
-0.142189 -0.942168 0.303482 -22.789900 -0.985105 0.164647 0.049604 6.145800 -0.096702 -0.291908 -0.951545 0.309300 0.000000 0.000000 0.000000 1.000000
-0.142189 -0.942168 0.303482 -22.789900 -0.985105 0.164647 0.049604 6.145800 -0.096702 -0.291908 -0.951545 0.309300 0.000000 0.000000 0.000000 1.000000
-0.142189 -0.942168 0.303482 -22.789900 -0.985105 0.164647 0.049604 6.145800 -0.096702 -0.291908 -0.951545 0.309300 0.000000 0.000000 0.000000 1.000000
-0.142189 -0.942168 0.303482 -22.789900 -0.985105 0.164647 0.049604 6.145800 -0.096702 -0.291908 -0.951545 0.309300 0.000000 0.000000 0.000000 1.000000
-0.142189 -0.942168 0.303482 -22.789900 -0.985105 0.164647 0.049604 6.145800 -0.096702 -0.291908 -0.951545 0.309300 0.000000 0.000000 0.000000 1.000000
-0.142189 -0.942168 0.303482 -22.789900 -0.985105 0.164647 0.049604 6.145800 -0.096702 -0.291908 -0.951545 0.309300 0.000000 0.000000 0.000000 1.000000
-0.142189 -0.942168 0.303482 -22.789900 -0.985105 0.164647 0.049604 6.145800 -0.096702 -0.291908 -0.951545 0.309300 0.000000 0.000000 0.000000 1.000000
-0.142189 -0.942168 0.303482 -22.789900 -0.985105 0.164647 0.049604 6.145800 -0.096702 -0.291908 -0.951545 0.309300 0.000000 0.000000 0.000000 1.000000
-0.142189 -0.942168 0.303482 -22.789900 -0.985105 0.164647 0.049604 6.145800 -0.096702 -0.291908 -0.951545 0.309300 0.000000 0.000000 0.000000 1.000000</float_array>
        <technique_common>
          <accessor source="#mixamorig_R_B_skirt1-Matrix-animation-output-transform-array" count="26" stride="16">
            <param type="float4x4"/>
          </accessor>
        </technique_common>
      </source>
      <source id="mixamorig_R_B_skirt1-Interpolations">
        <Name_array id="mixamorig_R_B_skirt1-Interpolations-array" count="26">
 LINEAR LINEAR LINEAR LINEAR LINEAR LINEAR LINEAR LINEAR LINEAR LINEAR LINEAR
LINEAR LINEAR LINEAR LINEAR LINEAR LINEAR LINEAR LINEAR LINEAR LINEAR LINEAR LINEAR
LINEAR LINEAR LINEAR</Name_array>
        <technique_common>
          <accessor source="#mixamorig_R_B_skirt1-Interpolations-array" count="26">
            <param type="name"/>
          </accessor>
        </technique_common>
      </source>
      <sampler id="mixamorig_R_B_skirt1-Matrix-animation-transform">
        <input semantic="INPUT" source="#mixamorig_R_B_skirt1-Matrix-animation-input"/>
        <input semantic="OUTPUT" source="#mixamorig_R_B_skirt1-Matrix-animation-output-transform"/>
        <input semantic="INTERPOLATION" source="#mixamorig_R_B_skirt1-Interpolations"/>
      </sampler>
      <channel source="#mixamorig_R_B_skirt1-Matrix-animation-transform" target="mixamorig_R_B_skirt1/matrix"/>
    </animation>
    <animation id="mixamorig_R_B_skirt2-anim" name="mixamorig_R_B_skirt2">
      <source id="mixamorig_R_B_skirt2-Matrix-animation-input">
        <float_array id="mixamorig_R_B_skirt2-Matrix-animation-input-array" count="26">

0.000000 0.033333 0.066667 0.100000 0.133333 0.166667 0.200000 0.233333 0.266667 0.300000 0.333333 0.366667 0.400000 0.433333 0.466667 0.500000
0.533333 0.566667 0.600000 0.633333 0.666667 0.700000 0.733333 0.766667 0.800000 0.833333</float_array>
        <technique_common>
          <accessor source="#mixamorig_R_B_skirt2-Matrix-animation-input-array" count="26">
            <param name="TIME" type="float"/>
          </accessor>
        </technique_common>
      </source>
      <source id="mixamorig_R_B_skirt2-Matrix-animation-output-transform">
        <float_array id="mixamorig_R_B_skirt2-Matrix-animation-output-transform-array" count="416">

1.000000 -0.000000 0.000000 27.083401 0.000000 1.000000 -0.000000 0.000000 0.000000 0.000000 1.000000 -0.000000 0.000000 0.000000 0.000000 1.000000
1.000000 0.000000 0.000000 27.083401 -0.000000 1.000000 -0.000000 0.000000 0.000000 -0.000000 1.000000 0.000000 0.000000 0.000000 0.000000 1.000000
1.000000 -0.000000 -0.000000 27.083401 0.000000 1.000000 0.000000 0.000000 -0.000000 0.000000 1.000000 0.000000 0.000000 0.000000 0.000000 1.000000
1.000000 0.000000 0.000000 27.083401 -0.000000 1.000000 -0.000000 0.000000 -0.000000 0.000000 1.000000 -0.000000 0.000000 0.000000 0.000000 1.000000
1.000000 0.000000 0.000000 27.083401 0.000000 1.000000 0.000000 -0.000000 0.000000 0.000000 1.000000 0.000000 0.000000 0.000000 0.000000 1.000000
1.000000 -0.000000 0.000000 27.083401 -0.000000 1.000000 0.000000 0.000000 0.000000 -0.000000 1.000000 0.000000 0.000000 0.000000 0.000000 1.000000
1.000000 -0.000000 0.000000 27.083401 -0.000000 1.000000 0.000000 -0.000000 0.000000 0.000000 1.000000 0.000000 0.000000 0.000000 0.000000 1.000000
1.000000 -0.000000 0.000000 27.083401 -0.000000 1.000000 -0.000000 -0.000000 0.000000 -0.000000 1.000000 -0.000000 0.000000 0.000000 0.000000 1.000000
1.000000 0.000000 -0.000000 27.083401 0.000000 1.000000 0.000000 0.000000 0.000000 -0.000000 1.000000 0.000000 0.000000 0.000000 0.000000 1.000000
1.000000 -0.000000 -0.000000 27.083401 0.000000 1.000000 -0.000000 0.000000 0.000000 0.000000 1.000000 0.000000 0.000000 0.000000 0.000000 1.000000
1.000000 0.000000 0.000000 27.083401 0.000000 1.000000 0.000000 -0.000000 0.000000 0.000000 1.000000 0.000000 0.000000 0.000000 0.000000 1.000000
1.000000 0.000000 -0.000000 27.083401 0.000000 1.000000 0.000000 0.000000 0.000000 -0.000000 1.000000 0.000000 0.000000 0.000000 0.000000 1.000000
1.000000 0.000000 0.000000 27.083401 -0.000000 1.000000 0.000000 0.000000 0.000000 -0.000000 1.000000 0.000000 0.000000 0.000000 0.000000 1.000000
1.000000 0.000000 0.000000 27.083401 -0.000000 1.000000 0.000000 -0.000000 0.000000 -0.000000 1.000000 0.000000 0.000000 0.000000 0.000000 1.000000
1.000000 0.000000 0.000000 27.083401 -0.000000 1.000000 0.000000 0.000000 0.000000 0.000000 1.000000 0.000000 0.000000 0.000000 0.000000 1.000000
1.000000 -0.000000 -0.000000 27.083401 -0.000000 1.000000 0.000000 0.000000 0.000000 -0.000000 1.000000 0.000000 0.000000 0.000000 0.000000 1.000000
1.000000 -0.000000 0.000000 27.083401 -0.000000 1.000000 -0.000000 0.000000 -0.000000 -0.000000 1.000000 -0.000000 0.000000 0.000000 0.000000 1.000000
1.000000 0.000000 0.000000 27.083401 0.000000 1.000000 0.000000 -0.000000 -0.000000 -0.000000 1.000000 -0.000000 0.000000 0.000000 0.000000 1.000000
1.000000 0.000000 0.000000 27.083401 -0.000000 1.000000 0.000000 0.000000 -0.000000 -0.000000 1.000000 0.000000 0.000000 0.000000 0.000000 1.000000
1.000000 0.000000 -0.000000 27.083401 -0.000000 1.000000 0.000000 0.000000 0.000000 0.000000 1.000000 0.000000 0.000000 0.000000 0.000000 1.000000
1.000000 0.000000 0.000000 27.083401 0.000000 1.000000 0.000000 0.000000 0.000000 0.000000 1.000000 -0.000000 0.000000 0.000000 0.000000 1.000000
1.000000 0.000000 0.000000 27.083401 0.000000 1.000000 -0.000000 0.000000 0.000000 -0.000000 1.000000 0.000000 0.000000 0.000000 0.000000 1.000000
1.000000 0.000000 -0.000000 27.083401 0.000000 1.000000 0.000000 0.000000 0.000000 -0.000000 1.000000 0.000000 0.000000 0.000000 0.000000 1.000000
1.000000 0.000000 -0.000000 27.083401 -0.000000 1.000000 0.000000 0.000000 -0.000000 0.000000 1.000000 -0.000000 0.000000 0.000000 0.000000 1.000000
1.000000 0.000000 0.000000 27.083401 -0.000000 1.000000 0.000000 0.000000 -0.000000 0.000000 1.000000 0.000000 0.000000 0.000000 0.000000 1.000000
1.000000 -0.000000 0.000000 27.083401 0.000000 1.000000 -0.000000 0.000000 0.000000 0.000000 1.000000 -0.000000 0.000000 0.000000 0.000000 1.000000</float_array>
        <technique_common>
          <accessor source="#mixamorig_R_B_skirt2-Matrix-animation-output-transform-array" count="26" stride="16">
            <param type="float4x4"/>
          </accessor>
        </technique_common>
      </source>
      <source id="mixamorig_R_B_skirt2-Interpolations">
        <Name_array id="mixamorig_R_B_skirt2-Interpolations-array" count="26">
 LINEAR LINEAR LINEAR LINEAR LINEAR LINEAR LINEAR LINEAR LINEAR LINEAR LINEAR
LINEAR LINEAR LINEAR LINEAR LINEAR LINEAR LINEAR LINEAR LINEAR LINEAR LINEAR LINEAR
LINEAR LINEAR LINEAR</Name_array>
        <technique_common>
          <accessor source="#mixamorig_R_B_skirt2-Interpolations-array" count="26">
            <param type="name"/>
          </accessor>
        </technique_common>
      </source>
      <sampler id="mixamorig_R_B_skirt2-Matrix-animation-transform">
        <input semantic="INPUT" source="#mixamorig_R_B_skirt2-Matrix-animation-input"/>
        <input semantic="OUTPUT" source="#mixamorig_R_B_skirt2-Matrix-animation-output-transform"/>
        <input semantic="INTERPOLATION" source="#mixamorig_R_B_skirt2-Interpolations"/>
      </sampler>
      <channel source="#mixamorig_R_B_skirt2-Matrix-animation-transform" target="mixamorig_R_B_skirt2/matrix"/>
    </animation>
    <animation id="mixamorig_R_B_skirt3-anim" name="mixamorig_R_B_skirt3">
      <source id="mixamorig_R_B_skirt3-Matrix-animation-input">
        <float_array id="mixamorig_R_B_skirt3-Matrix-animation-input-array" count="26">

0.000000 0.033333 0.066667 0.100000 0.133333 0.166667 0.200000 0.233333 0.266667 0.300000 0.333333 0.366667 0.400000 0.433333 0.466667 0.500000
0.533333 0.566667 0.600000 0.633333 0.666667 0.700000 0.733333 0.766667 0.800000 0.833333</float_array>
        <technique_common>
          <accessor source="#mixamorig_R_B_skirt3-Matrix-animation-input-array" count="26">
            <param name="TIME" type="float"/>
          </accessor>
        </technique_common>
      </source>
      <source id="mixamorig_R_B_skirt3-Matrix-animation-output-transform">
        <float_array id="mixamorig_R_B_skirt3-Matrix-animation-output-transform-array" count="416">

1.000000 0.000000 0.000000 26.734699 0.000000 1.000000 -0.000000 0.000000 0.000000 0.000000 1.000000 -0.000000 0.000000 0.000000 0.000000 1.000000
1.000000 -0.000000 -0.000000 26.734699 -0.000000 1.000000 0.000000 -0.000000 0.000000 0.000000 1.000000 0.000000 0.000000 0.000000 0.000000 1.000000
1.000000 0.000000 -0.000000 26.734699 0.000000 1.000000 0.000000 -0.000000 -0.000000 -0.000000 1.000000 -0.000000 0.000000 0.000000 0.000000 1.000000
1.000000 -0.000000 0.000000 26.734699 -0.000000 1.000000 0.000000 0.000000 0.000000 0.000000 1.000000 -0.000000 0.000000 0.000000 0.000000 1.000000
1.000000 0.000000 0.000000 26.734699 0.000000 1.000000 -0.000000 0.000000 0.000000 0.000000 1.000000 -0.000000 0.000000 0.000000 0.000000 1.000000
1.000000 -0.000000 0.000000 26.734699 -0.000000 1.000000 0.000000 -0.000000 0.000000 0.000000 1.000000 0.000000 0.000000 0.000000 0.000000 1.000000
1.000000 0.000000 0.000000 26.734699 0.000000 1.000000 0.000000 0.000000 0.000000 0.000000 1.000000 0.000000 0.000000 0.000000 0.000000 1.000000
1.000000 -0.000000 -0.000000 26.734699 0.000000 1.000000 0.000000 0.000000 0.000000 -0.000000 1.000000 0.000000 0.000000 0.000000 0.000000 1.000000
1.000000 0.000000 -0.000000 26.734699 0.000000 1.000000 0.000000 0.000000 0.000000 -0.000000 1.000000 0.000000 0.000000 0.000000 0.000000 1.000000
1.000000 0.000000 -0.000000 26.734699 0.000000 1.000000 -0.000000 0.000000 0.000000 0.000000 1.000000 0.000000 0.000000 0.000000 0.000000 1.000000
1.000000 0.000000 0.000000 26.734699 -0.000000 1.000000 0.000000 0.000000 0.000000 -0.000000 1.000000 -0.000000 0.000000 0.000000 0.000000 1.000000
1.000000 0.000000 -0.000000 26.734699 0.000000 1.000000 0.000000 -0.000000 0.000000 -0.000000 1.000000 0.000000 0.000000 0.000000 0.000000 1.000000
1.000000 -0.000000 -0.000000 26.734699 -0.000000 1.000000 0.000000 -0.000000 -0.000000 -0.000000 1.000000 -0.000000 0.000000 0.000000 0.000000 1.000000
1.000000 0.000000 0.000000 26.734699 -0.000000 1.000000 0.000000 0.000000 0.000000 0.000000 1.000000 0.000000 0.000000 0.000000 0.000000 1.000000
1.000000 -0.000000 0.000000 26.734699 -0.000000 1.000000 -0.000000 0.000000 -0.000000 0.000000 1.000000 -0.000000 0.000000 0.000000 0.000000 1.000000
1.000000 -0.000000 -0.000000 26.734699 -0.000000 1.000000 0.000000 0.000000 0.000000 -0.000000 1.000000 0.000000 0.000000 0.000000 0.000000 1.000000
1.000000 -0.000000 0.000000 26.734699 0.000000 1.000000 -0.000000 0.000000 0.000000 0.000000 1.000000 0.000000 0.000000 0.000000 0.000000 1.000000
1.000000 0.000000 0.000000 26.734699 -0.000000 1.000000 0.000000 -0.000000 -0.000000 -0.000000 1.000000 0.000000 0.000000 0.000000 0.000000 1.000000
1.000000 0.000000 0.000000 26.734699 -0.000000 1.000000 0.000000 0.000000 -0.000000 -0.000000 1.000000 0.000000 0.000000 0.000000 0.000000 1.000000
1.000000 0.000000 0.000000 26.734699 0.000000 1.000000 0.000000 0.000000 0.000000 -0.000000 1.000000 -0.000000 0.000000 0.000000 0.000000 1.000000
1.000000 -0.000000 0.000000 26.734699 0.000000 1.000000 0.000000 0.000000 0.000000 0.000000 1.000000 0.000000 0.000000 0.000000 0.000000 1.000000
1.000000 0.000000 -0.000000 26.734699 0.000000 1.000000 0.000000 0.000000 -0.000000 0.000000 1.000000 0.000000 0.000000 0.000000 0.000000 1.000000
1.000000 0.000000 -0.000000 26.734699 0.000000 1.000000 -0.000000 0.000000 -0.000000 -0.000000 1.000000 0.000000 0.000000 0.000000 0.000000 1.000000
1.000000 0.000000 0.000000 26.734699 0.000000 1.000000 0.000000 -0.000000 0.000000 0.000000 1.000000 0.000000 0.000000 0.000000 0.000000 1.000000
1.000000 0.000000 0.000000 26.734699 -0.000000 1.000000 0.000000 0.000000 0.000000 0.000000 1.000000 0.000000 0.000000 0.000000 0.000000 1.000000
1.000000 0.000000 0.000000 26.734699 0.000000 1.000000 -0.000000 0.000000 0.000000 0.000000 1.000000 -0.000000 0.000000 0.000000 0.000000 1.000000</float_array>
        <technique_common>
          <accessor source="#mixamorig_R_B_skirt3-Matrix-animation-output-transform-array" count="26" stride="16">
            <param type="float4x4"/>
          </accessor>
        </technique_common>
      </source>
      <source id="mixamorig_R_B_skirt3-Interpolations">
        <Name_array id="mixamorig_R_B_skirt3-Interpolations-array" count="26">
 LINEAR LINEAR LINEAR LINEAR LINEAR LINEAR LINEAR LINEAR LINEAR LINEAR LINEAR
LINEAR LINEAR LINEAR LINEAR LINEAR LINEAR LINEAR LINEAR LINEAR LINEAR LINEAR LINEAR
LINEAR LINEAR LINEAR</Name_array>
        <technique_common>
          <accessor source="#mixamorig_R_B_skirt3-Interpolations-array" count="26">
            <param type="name"/>
          </accessor>
        </technique_common>
      </source>
      <sampler id="mixamorig_R_B_skirt3-Matrix-animation-transform">
        <input semantic="INPUT" source="#mixamorig_R_B_skirt3-Matrix-animation-input"/>
        <input semantic="OUTPUT" source="#mixamorig_R_B_skirt3-Matrix-animation-output-transform"/>
        <input semantic="INTERPOLATION" source="#mixamorig_R_B_skirt3-Interpolations"/>
      </sampler>
      <channel source="#mixamorig_R_B_skirt3-Matrix-animation-transform" target="mixamorig_R_B_skirt3/matrix"/>
    </animation>
    <animation id="mixamorig_F_skirt1-anim" name="mixamorig_F_skirt1">
      <source id="mixamorig_F_skirt1-Matrix-animation-input">
        <float_array id="mixamorig_F_skirt1-Matrix-animation-input-array" count="26">

0.000000 0.033333 0.066667 0.100000 0.133333 0.166667 0.200000 0.233333 0.266667 0.300000 0.333333 0.366667 0.400000 0.433333 0.466667 0.500000
0.533333 0.566667 0.600000 0.633333 0.666667 0.700000 0.733333 0.766667 0.800000 0.833333</float_array>
        <technique_common>
          <accessor source="#mixamorig_F_skirt1-Matrix-animation-input-array" count="26">
            <param name="TIME" type="float"/>
          </accessor>
        </technique_common>
      </source>
      <source id="mixamorig_F_skirt1-Matrix-animation-output-transform">
        <float_array id="mixamorig_F_skirt1-Matrix-animation-output-transform-array" count="416">

-0.000002 0.000000 -1.000000 -0.093700 -0.998606 0.052777 0.000002 -3.741800 0.052777 0.998606 0.000000 24.067699 0.000000 0.000000 0.000000 1.000000
-0.000002 0.000000 -1.000000 -0.093700 -0.998606 0.052777 0.000002 -3.741800 0.052777 0.998606 0.000000 24.067699 0.000000 0.000000 0.000000 1.000000
-0.000002 0.000000 -1.000000 -0.093700 -0.998606 0.052777 0.000002 -3.741800 0.052777 0.998606 0.000000 24.067699 0.000000 0.000000 0.000000 1.000000
-0.000002 0.000000 -1.000000 -0.093700 -0.998606 0.052777 0.000002 -3.741800 0.052777 0.998606 0.000000 24.067699 0.000000 0.000000 0.000000 1.000000
-0.000002 0.000000 -1.000000 -0.093700 -0.998606 0.052777 0.000002 -3.741800 0.052777 0.998606 0.000000 24.067699 0.000000 0.000000 0.000000 1.000000
-0.000002 0.000000 -1.000000 -0.093700 -0.998606 0.052777 0.000002 -3.741800 0.052777 0.998606 0.000000 24.067699 0.000000 0.000000 0.000000 1.000000
-0.000002 0.000000 -1.000000 -0.093700 -0.998606 0.052777 0.000002 -3.741800 0.052777 0.998606 0.000000 24.067699 0.000000 0.000000 0.000000 1.000000
-0.000002 0.000000 -1.000000 -0.093700 -0.998606 0.052777 0.000002 -3.741800 0.052777 0.998606 0.000000 24.067699 0.000000 0.000000 0.000000 1.000000
-0.000002 0.000000 -1.000000 -0.093700 -0.998606 0.052777 0.000002 -3.741800 0.052777 0.998606 0.000000 24.067699 0.000000 0.000000 0.000000 1.000000
-0.000002 0.000000 -1.000000 -0.093700 -0.998606 0.052777 0.000002 -3.741800 0.052777 0.998606 0.000000 24.067699 0.000000 0.000000 0.000000 1.000000
-0.000002 0.000000 -1.000000 -0.093700 -0.998606 0.052777 0.000002 -3.741800 0.052777 0.998606 0.000000 24.067699 0.000000 0.000000 0.000000 1.000000
-0.000002 0.000000 -1.000000 -0.093700 -0.998606 0.052777 0.000002 -3.741800 0.052777 0.998606 0.000000 24.067699 0.000000 0.000000 0.000000 1.000000
-0.000002 0.000000 -1.000000 -0.093700 -0.998606 0.052777 0.000002 -3.741800 0.052777 0.998606 0.000000 24.067699 0.000000 0.000000 0.000000 1.000000
-0.000002 0.000000 -1.000000 -0.093700 -0.998606 0.052777 0.000002 -3.741800 0.052777 0.998606 0.000000 24.067699 0.000000 0.000000 0.000000 1.000000
-0.000002 0.000000 -1.000000 -0.093700 -0.998606 0.052777 0.000002 -3.741800 0.052777 0.998606 0.000000 24.067699 0.000000 0.000000 0.000000 1.000000
-0.000002 0.000000 -1.000000 -0.093700 -0.998606 0.052777 0.000002 -3.741800 0.052777 0.998606 0.000000 24.067699 0.000000 0.000000 0.000000 1.000000
-0.000002 0.000000 -1.000000 -0.093700 -0.998606 0.052777 0.000002 -3.741800 0.052777 0.998606 0.000000 24.067699 0.000000 0.000000 0.000000 1.000000
-0.000002 0.000000 -1.000000 -0.093700 -0.998606 0.052777 0.000002 -3.741800 0.052777 0.998606 0.000000 24.067699 0.000000 0.000000 0.000000 1.000000
-0.000002 0.000000 -1.000000 -0.093700 -0.998606 0.052777 0.000002 -3.741800 0.052777 0.998606 0.000000 24.067699 0.000000 0.000000 0.000000 1.000000
-0.000002 0.000000 -1.000000 -0.093700 -0.998606 0.052777 0.000002 -3.741800 0.052777 0.998606 0.000000 24.067699 0.000000 0.000000 0.000000 1.000000
-0.000002 0.000000 -1.000000 -0.093700 -0.998606 0.052777 0.000002 -3.741800 0.052777 0.998606 0.000000 24.067699 0.000000 0.000000 0.000000 1.000000
-0.000002 0.000000 -1.000000 -0.093700 -0.998606 0.052777 0.000002 -3.741800 0.052777 0.998606 0.000000 24.067699 0.000000 0.000000 0.000000 1.000000
-0.000002 0.000000 -1.000000 -0.093700 -0.998606 0.052777 0.000002 -3.741800 0.052777 0.998606 0.000000 24.067699 0.000000 0.000000 0.000000 1.000000
-0.000002 0.000000 -1.000000 -0.093700 -0.998606 0.052777 0.000002 -3.741800 0.052777 0.998606 0.000000 24.067699 0.000000 0.000000 0.000000 1.000000
-0.000002 0.000000 -1.000000 -0.093700 -0.998606 0.052777 0.000002 -3.741800 0.052777 0.998606 0.000000 24.067699 0.000000 0.000000 0.000000 1.000000
-0.000002 0.000000 -1.000000 -0.093700 -0.998606 0.052777 0.000002 -3.741800 0.052777 0.998606 0.000000 24.067699 0.000000 0.000000 0.000000 1.000000</float_array>
        <technique_common>
          <accessor source="#mixamorig_F_skirt1-Matrix-animation-output-transform-array" count="26" stride="16">
            <param type="float4x4"/>
          </accessor>
        </technique_common>
      </source>
      <source id="mixamorig_F_skirt1-Interpolations">
        <Name_array id="mixamorig_F_skirt1-Interpolations-array" count="26">
 LINEAR LINEAR LINEAR LINEAR LINEAR LINEAR LINEAR LINEAR LINEAR LINEAR LINEAR
LINEAR LINEAR LINEAR LINEAR LINEAR LINEAR LINEAR LINEAR LINEAR LINEAR LINEAR LINEAR
LINEAR LINEAR LINEAR</Name_array>
        <technique_common>
          <accessor source="#mixamorig_F_skirt1-Interpolations-array" count="26">
            <param type="name"/>
          </accessor>
        </technique_common>
      </source>
      <sampler id="mixamorig_F_skirt1-Matrix-animation-transform">
        <input semantic="INPUT" source="#mixamorig_F_skirt1-Matrix-animation-input"/>
        <input semantic="OUTPUT" source="#mixamorig_F_skirt1-Matrix-animation-output-transform"/>
        <input semantic="INTERPOLATION" source="#mixamorig_F_skirt1-Interpolations"/>
      </sampler>
      <channel source="#mixamorig_F_skirt1-Matrix-animation-transform" target="mixamorig_F_skirt1/matrix"/>
    </animation>
    <animation id="mixamorig_F_skirt2-anim" name="mixamorig_F_skirt2">
      <source id="mixamorig_F_skirt2-Matrix-animation-input">
        <float_array id="mixamorig_F_skirt2-Matrix-animation-input-array" count="26">

0.000000 0.033333 0.066667 0.100000 0.133333 0.166667 0.200000 0.233333 0.266667 0.300000 0.333333 0.366667 0.400000 0.433333 0.466667 0.500000
0.533333 0.566667 0.600000 0.633333 0.666667 0.700000 0.733333 0.766667 0.800000 0.833333</float_array>
        <technique_common>
          <accessor source="#mixamorig_F_skirt2-Matrix-animation-input-array" count="26">
            <param name="TIME" type="float"/>
          </accessor>
        </technique_common>
      </source>
      <source id="mixamorig_F_skirt2-Matrix-animation-output-transform">
        <float_array id="mixamorig_F_skirt2-Matrix-animation-output-transform-array" count="416">

1.000000 0.000000 0.000000 23.567801 0.000000 1.000000 0.000000 0.000000 0.000000 -0.000000 1.000000 -0.000000 0.000000 0.000000 0.000000 1.000000
1.000000 0.000000 0.000000 23.567801 -0.000000 1.000000 0.000000 -0.000000 -0.000000 -0.000000 1.000000 -0.000000 0.000000 0.000000 0.000000 1.000000
1.000000 0.000000 -0.000000 23.567801 0.000000 1.000000 -0.000000 0.000000 -0.000000 -0.000000 1.000000 0.000000 0.000000 0.000000 0.000000 1.000000
1.000000 0.000000 0.000000 23.567801 0.000000 1.000000 -0.000000 0.000000 -0.000000 0.000000 1.000000 -0.000000 0.000000 0.000000 0.000000 1.000000
1.000000 0.000000 0.000000 23.567801 0.000000 1.000000 0.000000 0.000000 0.000000 0.000000 1.000000 0.000000 0.000000 0.000000 0.000000 1.000000
1.000000 0.000000 -0.000000 23.567801 0.000000 1.000000 -0.000000 0.000000 -0.000000 0.000000 1.000000 -0.000000 0.000000 0.000000 0.000000 1.000000
1.000000 0.000000 -0.000000 23.567801 0.000000 1.000000 0.000000 0.000000 0.000000 0.000000 1.000000 0.000000 0.000000 0.000000 0.000000 1.000000
1.000000 0.000000 0.000000 23.567801 0.000000 1.000000 0.000000 0.000000 0.000000 0.000000 1.000000 -0.000000 0.000000 0.000000 0.000000 1.000000
1.000000 -0.000000 -0.000000 23.567801 -0.000000 1.000000 0.000000 -0.000000 0.000000 -0.000000 1.000000 0.000000 0.000000 0.000000 0.000000 1.000000
1.000000 0.000000 0.000000 23.567801 0.000000 1.000000 -0.000000 0.000000 0.000000 0.000000 1.000000 0.000000 0.000000 0.000000 0.000000 1.000000
1.000000 0.000000 -0.000000 23.567801 -0.000000 1.000000 -0.000000 0.000000 -0.000000 -0.000000 1.000000 -0.000000 0.000000 0.000000 0.000000 1.000000
1.000000 0.000000 -0.000000 23.567801 -0.000000 1.000000 0.000000 -0.000000 -0.000000 0.000000 1.000000 0.000000 0.000000 0.000000 0.000000 1.000000
1.000000 0.000000 -0.000000 23.567801 0.000000 1.000000 -0.000000 0.000000 -0.000000 0.000000 1.000000 0.000000 0.000000 0.000000 0.000000 1.000000
1.000000 0.000000 -0.000000 23.567801 0.000000 1.000000 -0.000000 0.000000 -0.000000 -0.000000 1.000000 0.000000 0.000000 0.000000 0.000000 1.000000
1.000000 0.000000 0.000000 23.567801 -0.000000 1.000000 0.000000 0.000000 -0.000000 -0.000000 1.000000 0.000000 0.000000 0.000000 0.000000 1.000000
1.000000 0.000000 -0.000000 23.567801 0.000000 1.000000 -0.000000 0.000000 -0.000000 0.000000 1.000000 -0.000000 0.000000 0.000000 0.000000 1.000000
1.000000 0.000000 0.000000 23.567801 -0.000000 1.000000 0.000000 0.000000 0.000000 0.000000 1.000000 0.000000 0.000000 0.000000 0.000000 1.000000
1.000000 0.000000 -0.000000 23.567801 -0.000000 1.000000 0.000000 0.000000 -0.000000 0.000000 1.000000 0.000000 0.000000 0.000000 0.000000 1.000000
1.000000 0.000000 0.000000 23.567801 0.000000 1.000000 -0.000000 0.000000 -0.000000 0.000000 1.000000 -0.000000 0.000000 0.000000 0.000000 1.000000
1.000000 0.000000 -0.000000 23.567801 0.000000 1.000000 -0.000000 0.000000 -0.000000 0.000000 1.000000 0.000000 0.000000 0.000000 0.000000 1.000000
1.000000 0.000000 -0.000000 23.567801 0.000000 1.000000 0.000000 0.000000 0.000000 -0.000000 1.000000 0.000000 0.000000 0.000000 0.000000 1.000000
1.000000 -0.000000 0.000000 23.567801 -0.000000 1.000000 0.000000 -0.000000 0.000000 0.000000 1.000000 0.000000 0.000000 0.000000 0.000000 1.000000
1.000000 0.000000 0.000000 23.567801 -0.000000 1.000000 0.000000 -0.000000 0.000000 0.000000 1.000000 0.000000 0.000000 0.000000 0.000000 1.000000
1.000000 0.000000 -0.000000 23.567801 -0.000000 1.000000 0.000000 0.000000 -0.000000 -0.000000 1.000000 0.000000 0.000000 0.000000 0.000000 1.000000
1.000000 0.000000 -0.000000 23.567801 0.000000 1.000000 0.000000 0.000000 0.000000 0.000000 1.000000 0.000000 0.000000 0.000000 0.000000 1.000000
1.000000 0.000000 0.000000 23.567801 0.000000 1.000000 0.000000 0.000000 0.000000 -0.000000 1.000000 -0.000000 0.000000 0.000000 0.000000 1.000000</float_array>
        <technique_common>
          <accessor source="#mixamorig_F_skirt2-Matrix-animation-output-transform-array" count="26" stride="16">
            <param type="float4x4"/>
          </accessor>
        </technique_common>
      </source>
      <source id="mixamorig_F_skirt2-Interpolations">
        <Name_array id="mixamorig_F_skirt2-Interpolations-array" count="26">
 LINEAR LINEAR LINEAR LINEAR LINEAR LINEAR LINEAR LINEAR LINEAR LINEAR LINEAR
LINEAR LINEAR LINEAR LINEAR LINEAR LINEAR LINEAR LINEAR LINEAR LINEAR LINEAR LINEAR
LINEAR LINEAR LINEAR</Name_array>
        <technique_common>
          <accessor source="#mixamorig_F_skirt2-Interpolations-array" count="26">
            <param type="name"/>
          </accessor>
        </technique_common>
      </source>
      <sampler id="mixamorig_F_skirt2-Matrix-animation-transform">
        <input semantic="INPUT" source="#mixamorig_F_skirt2-Matrix-animation-input"/>
        <input semantic="OUTPUT" source="#mixamorig_F_skirt2-Matrix-animation-output-transform"/>
        <input semantic="INTERPOLATION" source="#mixamorig_F_skirt2-Interpolations"/>
      </sampler>
      <channel source="#mixamorig_F_skirt2-Matrix-animation-transform" target="mixamorig_F_skirt2/matrix"/>
    </animation>
    <animation id="mixamorig_F_skirt3-anim" name="mixamorig_F_skirt3">
      <source id="mixamorig_F_skirt3-Matrix-animation-input">
        <float_array id="mixamorig_F_skirt3-Matrix-animation-input-array" count="26">

0.000000 0.033333 0.066667 0.100000 0.133333 0.166667 0.200000 0.233333 0.266667 0.300000 0.333333 0.366667 0.400000 0.433333 0.466667 0.500000
0.533333 0.566667 0.600000 0.633333 0.666667 0.700000 0.733333 0.766667 0.800000 0.833333</float_array>
        <technique_common>
          <accessor source="#mixamorig_F_skirt3-Matrix-animation-input-array" count="26">
            <param name="TIME" type="float"/>
          </accessor>
        </technique_common>
      </source>
      <source id="mixamorig_F_skirt3-Matrix-animation-output-transform">
        <float_array id="mixamorig_F_skirt3-Matrix-animation-output-transform-array" count="416">

1.000000 -0.000000 0.000000 23.545500 0.000000 1.000000 0.000000 -0.000000 0.000000 -0.000000 1.000000 0.000000 0.000000 0.000000 0.000000 1.000000
1.000000 -0.000000 0.000000 23.545500 -0.000000 1.000000 0.000000 -0.000000 0.000000 -0.000000 1.000000 0.000000 0.000000 0.000000 0.000000 1.000000
1.000000 0.000000 -0.000000 23.545500 0.000000 1.000000 -0.000000 0.000000 -0.000000 -0.000000 1.000000 0.000000 0.000000 0.000000 0.000000 1.000000
1.000000 0.000000 0.000000 23.545500 0.000000 1.000000 0.000000 0.000000 0.000000 0.000000 1.000000 0.000000 0.000000 0.000000 0.000000 1.000000
1.000000 0.000000 0.000000 23.545500 0.000000 1.000000 0.000000 0.000000 0.000000 0.000000 1.000000 0.000000 0.000000 0.000000 0.000000 1.000000
1.000000 -0.000000 0.000000 23.545500 0.000000 1.000000 -0.000000 0.000000 0.000000 0.000000 1.000000 0.000000 0.000000 0.000000 0.000000 1.000000
1.000000 0.000000 -0.000000 23.545500 0.000000 1.000000 0.000000 0.000000 0.000000 0.000000 1.000000 0.000000 0.000000 0.000000 0.000000 1.000000
1.000000 0.000000 -0.000000 23.545500 0.000000 1.000000 -0.000000 0.000000 -0.000000 -0.000000 1.000000 0.000000 0.000000 0.000000 0.000000 1.000000
1.000000 -0.000000 -0.000000 23.545500 -0.000000 1.000000 0.000000 0.000000 -0.000000 -0.000000 1.000000 0.000000 0.000000 0.000000 0.000000 1.000000
1.000000 0.000000 0.000000 23.545500 0.000000 1.000000 -0.000000 0.000000 -0.000000 0.000000 1.000000 0.000000 0.000000 0.000000 0.000000 1.000000
1.000000 0.000000 0.000000 23.545500 -0.000000 1.000000 -0.000000 0.000000 -0.000000 -0.000000 1.000000 0.000000 0.000000 0.000000 0.000000 1.000000
1.000000 -0.000000 -0.000000 23.545500 -0.000000 1.000000 0.000000 0.000000 -0.000000 0.000000 1.000000 0.000000 0.000000 0.000000 0.000000 1.000000
1.000000 0.000000 -0.000000 23.545500 0.000000 1.000000 -0.000000 0.000000 0.000000 0.000000 1.000000 -0.000000 0.000000 0.000000 0.000000 1.000000
1.000000 -0.000000 -0.000000 23.545500 -0.000000 1.000000 -0.000000 -0.000000 -0.000000 -0.000000 1.000000 0.000000 0.000000 0.000000 0.000000 1.000000
1.000000 0.000000 -0.000000 23.545500 -0.000000 1.000000 0.000000 0.000000 -0.000000 -0.000000 1.000000 -0.000000 0.000000 0.000000 0.000000 1.000000
1.000000 0.000000 -0.000000 23.545500 0.000000 1.000000 -0.000000 0.000000 -0.000000 0.000000 1.000000 0.000000 0.000000 0.000000 0.000000 1.000000
1.000000 0.000000 0.000000 23.545500 0.000000 1.000000 -0.000000 -0.000000 0.000000 -0.000000 1.000000 0.000000 0.000000 0.000000 0.000000 1.000000
1.000000 0.000000 0.000000 23.545500 -0.000000 1.000000 0.000000 0.000000 -0.000000 -0.000000 1.000000 0.000000 0.000000 0.000000 0.000000 1.000000
1.000000 0.000000 -0.000000 23.545500 -0.000000 1.000000 0.000000 0.000000 -0.000000 -0.000000 1.000000 -0.000000 0.000000 0.000000 0.000000 1.000000
1.000000 0.000000 -0.000000 23.545500 0.000000 1.000000 -0.000000 0.000000 -0.000000 0.000000 1.000000 -0.000000 0.000000 0.000000 0.000000 1.000000
1.000000 0.000000 -0.000000 23.545500 0.000000 1.000000 0.000000 0.000000 0.000000 0.000000 1.000000 0.000000 0.000000 0.000000 0.000000 1.000000
1.000000 -0.000000 0.000000 23.545500 -0.000000 1.000000 -0.000000 0.000000 0.000000 0.000000 1.000000 -0.000000 0.000000 0.000000 0.000000 1.000000
1.000000 -0.000000 0.000000 23.545500 0.000000 1.000000 0.000000 0.000000 -0.000000 0.000000 1.000000 0.000000 0.000000 0.000000 0.000000 1.000000
1.000000 0.000000 0.000000 23.545500 -0.000000 1.000000 0.000000 -0.000000 -0.000000 -0.000000 1.000000 0.000000 0.000000 0.000000 0.000000 1.000000
1.000000 0.000000 -0.000000 23.545500 0.000000 1.000000 0.000000 0.000000 0.000000 0.000000 1.000000 0.000000 0.000000 0.000000 0.000000 1.000000
1.000000 -0.000000 0.000000 23.545500 0.000000 1.000000 0.000000 -0.000000 0.000000 -0.000000 1.000000 0.000000 0.000000 0.000000 0.000000 1.000000</float_array>
        <technique_common>
          <accessor source="#mixamorig_F_skirt3-Matrix-animation-output-transform-array" count="26" stride="16">
            <param type="float4x4"/>
          </accessor>
        </technique_common>
      </source>
      <source id="mixamorig_F_skirt3-Interpolations">
        <Name_array id="mixamorig_F_skirt3-Interpolations-array" count="26">
 LINEAR LINEAR LINEAR LINEAR LINEAR LINEAR LINEAR LINEAR LINEAR LINEAR LINEAR
LINEAR LINEAR LINEAR LINEAR LINEAR LINEAR LINEAR LINEAR LINEAR LINEAR LINEAR LINEAR
LINEAR LINEAR LINEAR</Name_array>
        <technique_common>
          <accessor source="#mixamorig_F_skirt3-Interpolations-array" count="26">
            <param type="name"/>
          </accessor>
        </technique_common>
      </source>
      <sampler id="mixamorig_F_skirt3-Matrix-animation-transform">
        <input semantic="INPUT" source="#mixamorig_F_skirt3-Matrix-animation-input"/>
        <input semantic="OUTPUT" source="#mixamorig_F_skirt3-Matrix-animation-output-transform"/>
        <input semantic="INTERPOLATION" source="#mixamorig_F_skirt3-Interpolations"/>
      </sampler>
      <channel source="#mixamorig_F_skirt3-Matrix-animation-transform" target="mixamorig_F_skirt3/matrix"/>
    </animation>
  </library_animations>
  <library_visual_scenes>
    <visual_scene id="RootNode" name="RootNode">
      <node id="mixamorig_Hips" name="mixamorig_Hips" sid="mixamorig_Hips" type="JOINT">
        <matrix sid="matrix">0.992731 0.104726 0.059311 -0.649237 -0.098793 0.990524 -0.095410 101.247307 -0.068740 0.088857 0.993670 -1.118694 0.000000 0.000000 0.000000 1.000000</matrix>
        <node id="mixamorig_Spine" name="mixamorig_Spine" sid="mixamorig_Spine" type="JOINT">
          <matrix sid="matrix">0.996835 -0.078582 0.012004 0.072000 0.078468 0.996869 0.009742 7.257300 -0.012732 -0.008769 0.999880 -0.789700 0.000000 0.000000 0.000000 1.000000</matrix>
          <node id="mixamorig_Spine1" name="mixamorig_Spine1" sid="mixamorig_Spine1" type="JOINT">
            <matrix sid="matrix">0.998355 -0.034510 0.045791 -0.000000 0.041868 0.984389 -0.170956 8.558700 -0.039176 0.172592 0.984214 0.000000 0.000000 0.000000 0.000000 1.000000</matrix>
            <node id="mixamorig_Spine2" name="mixamorig_Spine2" sid="mixamorig_Spine2" type="JOINT">
              <matrix sid="matrix">0.998355 -0.030016 0.048854 0.000000 0.041868 0.963764 -0.263449 29.149500 -0.039176 0.265061 0.963435 1.721100 0.000000 0.000000 0.000000 1.000000</matrix>
              <node id="mixamorig_Neck" name="mixamorig_Neck" sid="mixamorig_Neck" type="JOINT">
                <matrix sid="matrix">0.998465 0.007577 -0.054863 0.000000 -0.000366 0.991478 0.130271 13.857900 0.055382 -0.130051 0.989959 7.405300 0.000000 0.000000 0.000000 1.000000</matrix>
                <node id="mixamorig_Head" name="mixamorig_Head" sid="mixamorig_Head" type="JOINT">
                  <matrix sid="matrix">0.987594 0.090815 -0.128108 0.000000 -0.057729 0.968649 0.241632 8.198500 0.146036 -0.231239 0.961874 5.703100 0.000000 0.000000 0.000000 1.000000</matrix>
                  <node id="mixamorig_HeadTop_End" name="mixamorig_HeadTop_End" sid="mixamorig_HeadTop_End" type="JOINT">
                    <matrix sid="matrix">1.000000 -0.000000 0.000000 -0.000000 -0.000000 1.000000 0.000000 17.760799 0.000000 0.000000 1.000000 13.332700 0.000000 0.000000 0.000000 1.000000</matrix>
                  </node>
                  <node id="LeftEye" name="LeftEye" sid="LeftEye" type="JOINT">
                    <matrix sid="matrix">1.000000 -0.000000 0.000000 3.087900 -0.000000 1.000000 0.000000 3.070100 0.000000 0.000000 1.000000 16.773399 0.000000 0.000000 0.000000 1.000000</matrix>
                  </node>
                  <node id="RightEye" name="RightEye" sid="RightEye" type="JOINT">
                    <matrix sid="matrix">1.000000 -0.000000 0.000000 -3.303100 -0.000000 1.000000 0.000000 3.070100 0.000000 0.000000 1.000000 16.773399 0.000000 0.000000 0.000000 1.000000</matrix>
                  </node>
                </node>
              </node>
              <node id="mixamorig_LeftShoulder" name="mixamorig_LeftShoulder" sid="mixamorig_LeftShoulder" type="JOINT">
                <matrix sid="matrix">0.125305 0.830313 -0.543027 12.584900 -0.048519 -0.541558 -0.839262 11.395200 -0.990931 0.131511 -0.027574 -1.453100 0.000000 0.000000 0.000000 1.000000</matrix>
                <node id="mixamorig_LeftArm" name="mixamorig_LeftArm" sid="mixamorig_LeftArm" type="JOINT">
                  <matrix sid="matrix">0.834645 0.515956 -0.192759 0.000000 -0.506442 0.581332 -0.636844 15.319300 -0.216527 0.629160 0.746507 0.000000 0.000000 0.000000 0.000000 1.000000</matrix>
                  <node id="mixamorig_LeftForeArm" name="mixamorig_LeftForeArm" sid="mixamorig_LeftForeArm" type="JOINT">
                    <matrix sid="matrix">-0.240755 -0.951157 0.193228 -0.000000 0.970338 -0.240371 0.025788 34.109299 0.021918 0.193705 0.980815 0.000000 0.000000 0.000000 0.000000 1.000000</matrix>
                    <node id="mixamorig_LeftHand" name="mixamorig_LeftHand" sid="mixamorig_LeftHand" type="JOINT">
                      <matrix sid="matrix">0.920839 -0.341787 0.187715 0.000000 0.338661 0.939605 0.049500 41.076000 -0.193297 0.017991 0.980975 -0.000000 0.000000 0.000000 0.000000 1.000000</matrix>
                      <node id="mixamorig_LeftHandThumb1" name="mixamorig_LeftHandThumb1" sid="mixamorig_LeftHandThumb1" type="JOINT">
                        <matrix sid="matrix">0.782092 -0.571193 0.249142 -9.706200 0.616567 0.651262 -0.442383 9.904300 0.090429 0.499597 0.861525 7.213800 0.000000 0.000000 0.000000 1.000000</matrix>
                        <node id="mixamorig_LeftHandThumb2" name="mixamorig_LeftHandThumb2" sid="mixamorig_LeftHandThumb2" type="JOINT">
                          <matrix sid="matrix">0.965719 0.259566 -0.003396 0.000000 -0.259580 0.965710 -0.004707 2.369000 0.002058 0.005427 0.999983 0.000000 0.000000 0.000000 0.000000 1.000000</matrix>
                          <node id="mixamorig_LeftHandThumb3" name="mixamorig_LeftHandThumb3" sid="mixamorig_LeftHandThumb3" type="JOINT">
                            <matrix sid="matrix">1.000000 -0.000000 0.000067 0.000000 0.000000 1.000000 0.000000 2.785200 -0.000067 -0.000000 1.000000 0.000000 0.000000 0.000000 0.000000 1.000000</matrix>
                            <node id="mixamorig_LeftHandThumb4" name="mixamorig_LeftHandThumb4" sid="mixamorig_LeftHandThumb4" type="JOINT">
                              <matrix sid="matrix">1.000000 0.000000 -0.000000 0.000000 -0.000000 1.000000 0.000000 6.195100 0.000000 -0.000000 1.000000 0.000000 0.000000 0.000000 0.000000 1.000000</matrix>
                            </node>
                          </node>
                        </node>
                      </node>
                      <node id="mixamorig_LeftHandIndex1" name="mixamorig_LeftHandIndex1" sid="mixamorig_LeftHandIndex1" type="JOINT">
                        <matrix sid="matrix">0.991454 -0.098542 0.085495 -4.736600 0.104043 0.201874 -0.973870 18.296801 0.078708 0.974442 0.210401 0.973500 0.000000 0.000000 0.000000 1.000000</matrix>
                        <node id="mixamorig_LeftHandIndex2" name="mixamorig_LeftHandIndex2" sid="mixamorig_LeftHandIndex2" type="JOINT">
                          <matrix sid="matrix">0.991498 -0.112265 0.065787 0.000000 0.073696 0.067821 -0.994972 4.697600 0.107239 0.991361 0.075518 0.000000 0.000000 0.000000 0.000000 1.000000</matrix>
                          <node id="mixamorig_LeftHandIndex3" name="mixamorig_LeftHandIndex3" sid="mixamorig_LeftHandIndex3" type="JOINT">
                            <matrix sid="matrix">1.000000 0.000000 -0.000000 0.000000 -0.000000 1.000000 0.000000 2.893900 0.000000 -0.000000 1.000000 0.000000 0.000000 0.000000 0.000000 1.000000</matrix>
                            <node id="mixamorig_LeftHandIndex4" name="mixamorig_LeftHandIndex4" sid="mixamorig_LeftHandIndex4" type="JOINT">
                              <matrix sid="matrix">1.000000 -0.000000 0.000000 0.000000 -0.000000 1.000000 0.000000 6.140600 0.000000 0.000000 1.000000 0.000000 0.000000 0.000000 0.000000 1.000000</matrix>
                            </node>
                          </node>
                        </node>
                      </node>
                      <node id="mixamorig_LeftHandMiddle1" name="mixamorig_LeftHandMiddle1" sid="mixamorig_LeftHandMiddle1" type="JOINT">
                        <matrix sid="matrix">0.993673 -0.094527 0.060651 -0.139500 0.073814 0.142649 -0.987017 17.924500 0.084648 0.985249 0.148724 0.050800 0.000000 0.000000 0.000000 1.000000</matrix>
                        <node id="mixamorig_LeftHandMiddle2" name="mixamorig_LeftHandMiddle2" sid="mixamorig_LeftHandMiddle2" type="JOINT">
                          <matrix sid="matrix">0.991451 -0.105427 0.076871 0.000000 0.094591 0.174978 -0.980018 5.001900 0.089870 0.978912 0.183454 0.000000 0.000000 0.000000 0.000000 1.000000</matrix>
                          <node id="mixamorig_LeftHandMiddle3" name="mixamorig_LeftHandMiddle3" sid="mixamorig_LeftHandMiddle3" type="JOINT">
                            <matrix sid="matrix">1.000000 -0.000000 0.000000 -0.000000 0.000000 1.000000 0.000000 3.278600 -0.000000 -0.000000 1.000000 0.000000 0.000000 0.000000 0.000000 1.000000</matrix>
                            <node id="mixamorig_LeftHandMiddle4" name="mixamorig_LeftHandMiddle4" sid="mixamorig_LeftHandMiddle4" type="JOINT">
                              <matrix sid="matrix">1.000000 -0.000000 0.000000 0.000000 -0.000000 1.000000 0.000000 4.422900 0.000000 0.000000 1.000000 0.000000 0.000000 0.000000 0.000000 1.000000</matrix>
                            </node>
                          </node>
                        </node>
                      </node>
                      <node id="mixamorig_LeftHandRing1" name="mixamorig_LeftHandRing1" sid="mixamorig_LeftHandRing1" type="JOINT">
                        <matrix sid="matrix">0.995393 -0.059090 -0.075505 3.988400 -0.071157 0.072522 -0.994825 15.764500 0.064260 0.995615 0.067984 0.151700 0.000000 0.000000 0.000000 1.000000</matrix>
                        <node id="mixamorig_LeftHandRing2" name="mixamorig_LeftHandRing2" sid="mixamorig_LeftHandRing2" type="JOINT">
                          <matrix sid="matrix">0.995630 -0.063727 0.068266 0.000000 0.076016 0.128382 -0.988807 3.497800 0.054250 0.989675 0.132665 0.000000 0.000000 0.000000 0.000000 1.000000</matrix>
                          <node id="mixamorig_LeftHandRing3" name="mixamorig_LeftHandRing3" sid="mixamorig_LeftHandRing3" type="JOINT">
                            <matrix sid="matrix">1.000000 -0.000000 -0.000000 0.000000 0.000000 1.000000 -0.000000 2.983800 0.000000 0.000000 1.000000 0.000000 0.000000 0.000000 0.000000 1.000000</matrix>
                            <node id="mixamorig_LeftHandRing4" name="mixamorig_LeftHandRing4" sid="mixamorig_LeftHandRing4" type="JOINT">
                              <matrix sid="matrix">1.000000 0.000000 0.000000 -0.000000 -0.000000 1.000000 0.000000 4.922500 -0.000000 0.000000 1.000000 -0.000000 0.000000 0.000000 0.000000 1.000000</matrix>
                            </node>
                          </node>
                        </node>
                      </node>
                      <node id="mixamorig_LeftHandPinky1" name="mixamorig_LeftHandPinky1" sid="mixamorig_LeftHandPinky1" type="JOINT">
                        <matrix sid="matrix">0.981804 -0.062188 -0.179425 6.663900 -0.181285 -0.025633 -0.983097 12.707900 0.056537 0.997735 -0.036441 0.878100 0.000000 0.000000 0.000000 1.000000</matrix>
                        <node id="mixamorig_LeftHandPinky2" name="mixamorig_LeftHandPinky2" sid="mixamorig_LeftHandPinky2" type="JOINT">
                          <matrix sid="matrix">0.993552 -0.026496 0.110234 0.000000 0.109226 -0.036877 -0.993333 3.376600 0.030385 0.998968 -0.033746 0.000000 0.000000 0.000000 0.000000 1.000000</matrix>
                          <node id="mixamorig_LeftHandPinky3" name="mixamorig_LeftHandPinky3" sid="mixamorig_LeftHandPinky3" type="JOINT">
                            <matrix sid="matrix">1.000000 0.000000 0.000000 0.000000 -0.000000 1.000000 0.000000 2.998500 0.000000 -0.000000 1.000000 0.000000 0.000000 0.000000 0.000000 1.000000</matrix>
                            <node id="mixamorig_LeftHandPinky4" name="mixamorig_LeftHandPinky4" sid="mixamorig_LeftHandPinky4" type="JOINT">
                              <matrix sid="matrix">1.000000 -0.000000 0.000000 0.000000 -0.000000 1.000000 0.000000 5.798100 0.000000 0.000000 1.000000 0.000000 0.000000 0.000000 0.000000 1.000000</matrix>
                            </node>
                          </node>
                        </node>
                      </node>
                    </node>
                  </node>
                </node>
              </node>
              <node id="mixamorig_RightShoulder" name="mixamorig_RightShoulder" sid="mixamorig_RightShoulder" type="JOINT">
                <matrix sid="matrix">0.207670 -0.811490 0.546220 -12.584900 0.054865 -0.547852 -0.834774 11.394900 0.976659 0.203326 -0.069250 -1.453100 0.000000 0.000000 0.000000 1.000000</matrix>
                <node id="mixamorig_RightArm" name="mixamorig_RightArm" sid="mixamorig_RightArm" type="JOINT">
                  <matrix sid="matrix">0.945657 -0.284265 0.157880 0.000000 0.324919 0.807172 -0.492850 15.319300 0.012664 0.517365 0.855671 -0.000000 0.000000 0.000000 0.000000 1.000000</matrix>
                  <node id="mixamorig_RightForeArm" name="mixamorig_RightForeArm" sid="mixamorig_RightForeArm" type="JOINT">
                    <matrix sid="matrix">0.018779 0.996479 -0.081713 -0.000000 -0.998352 0.014257 -0.055583 34.109299 -0.054222 0.082622 0.995105 -0.000000 0.000000 0.000000 0.000000 1.000000</matrix>
                    <node id="mixamorig_RightHand" name="mixamorig_RightHand" sid="mixamorig_RightHand" type="JOINT">
                      <matrix sid="matrix">0.995610 0.093496 0.004421 -0.000000 -0.093251 0.994866 -0.039322 41.076000 -0.008075 0.038737 0.999217 0.000000 0.000000 0.000000 0.000000 1.000000</matrix>
                      <node id="mixamorig_RightHandThumb1" name="mixamorig_RightHandThumb1" sid="mixamorig_RightHandThumb1" type="JOINT">
                        <matrix sid="matrix">0.836997 0.470431 -0.279518 9.706200 -0.546247 0.688054 -0.477698 9.903700 -0.032400 0.552518 0.832871 7.214200 0.000000 0.000000 0.000000 1.000000</matrix>
                        <node id="mixamorig_RightHandThumb2" name="mixamorig_RightHandThumb2" sid="mixamorig_RightHandThumb2" type="JOINT">
                          <matrix sid="matrix">0.977249 -0.212086 0.001840 0.000000 0.212083 0.977250 0.002051 2.369600 -0.002233 -0.001614 0.999996 0.000000 0.000000 0.000000 0.000000 1.000000</matrix>
                          <node id="mixamorig_RightHandThumb3" name="mixamorig_RightHandThumb3" sid="mixamorig_RightHandThumb3" type="JOINT">
                            <matrix sid="matrix">1.000000 -0.000000 -0.000071 0.000000 0.000000 1.000000 -0.000000 2.785100 0.000071 0.000000 1.000000 0.000000 0.000000 0.000000 0.000000 1.000000</matrix>
                            <node id="mixamorig_RightHandThumb4" name="mixamorig_RightHandThumb4" sid="mixamorig_RightHandThumb4" type="JOINT">
                              <matrix sid="matrix">1.000000 -0.000000 -0.000000 0.000000 0.000000 1.000000 0.000000 6.195100 0.000000 -0.000000 1.000000 0.000000 0.000000 0.000000 0.000000 1.000000</matrix>
                            </node>
                          </node>
                        </node>
                      </node>
                      <node id="mixamorig_RightHandIndex1" name="mixamorig_RightHandIndex1" sid="mixamorig_RightHandIndex1" type="JOINT">
                        <matrix sid="matrix">0.996420 -0.038587 -0.075215 4.736600 -0.060736 0.292087 -0.954461 18.296400 0.058799 0.955613 0.288698 0.973900 0.000000 0.000000 0.000000 1.000000</matrix>
                        <node id="mixamorig_RightHandIndex2" name="mixamorig_RightHandIndex2" sid="mixamorig_RightHandIndex2" type="JOINT">
                          <matrix sid="matrix">0.993787 0.096300 -0.055794 0.000000 -0.052431 -0.037111 -0.997935 4.698000 -0.098171 0.994660 -0.031832 -0.000000 0.000000 0.000000 0.000000 1.000000</matrix>
                          <node id="mixamorig_RightHandIndex3" name="mixamorig_RightHandIndex3" sid="mixamorig_RightHandIndex3" type="JOINT">
                            <matrix sid="matrix">1.000000 -0.000000 0.000000 -0.000000 0.000000 1.000000 0.000000 2.894000 -0.000000 -0.000000 1.000000 0.000000 0.000000 0.000000 0.000000 1.000000</matrix>
                            <node id="mixamorig_RightHandIndex4" name="mixamorig_RightHandIndex4" sid="mixamorig_RightHandIndex4" type="JOINT">
                              <matrix sid="matrix">1.000000 0.000000 0.000000 0.000000 0.000000 1.000000 0.000000 6.140000 -0.000000 0.000000 1.000000 0.000000 0.000000 0.000000 0.000000 1.000000</matrix>
                            </node>
                          </node>
                        </node>
                      </node>
                      <node id="mixamorig_RightHandMiddle1" name="mixamorig_RightHandMiddle1" sid="mixamorig_RightHandMiddle1" type="JOINT">
                        <matrix sid="matrix">0.998256 0.047161 -0.035510 0.139500 -0.044369 0.202575 -0.978261 17.923901 -0.038943 0.978131 0.204314 0.051600 0.000000 0.000000 0.000000 1.000000</matrix>
                        <node id="mixamorig_RightHandMiddle2" name="mixamorig_RightHandMiddle2" sid="mixamorig_RightHandMiddle2" type="JOINT">
                          <matrix sid="matrix">0.993609 0.088659 -0.069855 -0.000000 -0.076233 0.070719 -0.994579 5.002000 -0.083239 0.993548 0.077026 0.000000 0.000000 0.000000 0.000000 1.000000</matrix>
                          <node id="mixamorig_RightHandMiddle3" name="mixamorig_RightHandMiddle3" sid="mixamorig_RightHandMiddle3" type="JOINT">
                            <matrix sid="matrix">1.000000 0.000000 -0.000000 0.000000 -0.000000 1.000000 -0.000000 3.279000 0.000000 0.000000 1.000000 -0.000000 0.000000 0.000000 0.000000 1.000000</matrix>
                            <node id="mixamorig_RightHandMiddle4" name="mixamorig_RightHandMiddle4" sid="mixamorig_RightHandMiddle4" type="JOINT">
                              <matrix sid="matrix">1.000000 0.000000 0.000000 0.000000 0.000000 1.000000 0.000000 4.423000 -0.000000 0.000000 1.000000 0.000000 0.000000 0.000000 0.000000 1.000000</matrix>
                            </node>
                          </node>
                        </node>
                      </node>
                      <node id="mixamorig_RightHandRing1" name="mixamorig_RightHandRing1" sid="mixamorig_RightHandRing1" type="JOINT">
                        <matrix sid="matrix">0.996997 0.058708 0.050493 -3.988400 0.046037 0.074928 -0.996126 15.764000 -0.062264 0.995459 0.072000 0.151600 0.000000 0.000000 0.000000 1.000000</matrix>
                        <node id="mixamorig_RightHandRing2" name="mixamorig_RightHandRing2" sid="mixamorig_RightHandRing2" type="JOINT">
                          <matrix sid="matrix">0.991363 0.087647 -0.097554 -0.000000 -0.099996 0.023906 -0.994701 3.498000 -0.084851 0.995865 0.032463 -0.000000 0.000000 0.000000 0.000000 1.000000</matrix>
                          <node id="mixamorig_RightHandRing3" name="mixamorig_RightHandRing3" sid="mixamorig_RightHandRing3" type="JOINT">
                            <matrix sid="matrix">1.000000 0.000000 0.000000 0.000000 -0.000000 1.000000 -0.000000 2.984000 -0.000000 0.000000 1.000000 0.000000 0.000000 0.000000 0.000000 1.000000</matrix>
                            <node id="mixamorig_RightHandRing4" name="mixamorig_RightHandRing4" sid="mixamorig_RightHandRing4" type="JOINT">
                              <matrix sid="matrix">1.000000 0.000000 -0.000000 0.000000 -0.000000 1.000000 -0.000000 4.922000 0.000000 -0.000000 1.000000 0.000000 0.000000 0.000000 0.000000 1.000000</matrix>
                            </node>
                          </node>
                        </node>
                      </node>
                      <node id="mixamorig_RightHandPinky1" name="mixamorig_RightHandPinky1" sid="mixamorig_RightHandPinky1" type="JOINT">
                        <matrix sid="matrix">0.989185 0.090088 0.115746 -6.663900 0.127925 -0.143870 -0.981293 12.707500 -0.071751 0.985487 -0.153839 0.878800 0.000000 0.000000 0.000000 1.000000</matrix>
                        <node id="mixamorig_RightHandPinky2" name="mixamorig_RightHandPinky2" sid="mixamorig_RightHandPinky2" type="JOINT">
                          <matrix sid="matrix">0.982071 0.071698 -0.174342 0.000000 -0.163046 -0.141111 -0.976475 3.377000 -0.094613 0.987394 -0.126891 0.000000 0.000000 0.000000 0.000000 1.000000</matrix>
                          <node id="mixamorig_RightHandPinky3" name="mixamorig_RightHandPinky3" sid="mixamorig_RightHandPinky3" type="JOINT">
                            <matrix sid="matrix">1.000000 -0.000000 -0.000000 0.000000 0.000000 1.000000 0.000000 2.998000 0.000000 -0.000000 1.000000 0.000000 0.000000 0.000000 0.000000 1.000000</matrix>
                            <node id="mixamorig_RightHandPinky4" name="mixamorig_RightHandPinky4" sid="mixamorig_RightHandPinky4" type="JOINT">
                              <matrix sid="matrix">1.000000 0.000000 0.000000 0.000000 0.000000 1.000000 0.000000 5.798000 -0.000000 0.000000 1.000000 -0.000000 0.000000 0.000000 0.000000 1.000000</matrix>
                            </node>
                          </node>
                        </node>
                      </node>
                    </node>
                  </node>
                </node>
              </node>
            </node>
            <node id="mixamorig_L_horn1" name="mixamorig_L_horn1" sid="mixamorig_L_horn1" type="JOINT">
              <matrix sid="matrix">0.602488 0.000515 0.798128 1.847600 -0.698753 0.483576 0.527160 4.379700 -0.385684 -0.875302 0.291709 -10.115900 0.000000 0.000000 0.000000 1.000000</matrix>
              <node id="mixamorig_L_horn2" name="mixamorig_L_horn2" sid="mixamorig_L_horn2" type="JOINT">
                <matrix sid="matrix">1.000000 0.000000 0.000000 20.340599 -0.000000 1.000000 0.000000 0.000000 0.000000 0.000000 1.000000 0.000000 0.000000 0.000000 0.000000 1.000000</matrix>
              </node>
            </node>
            <node id="mixamorig_R_horn1" name="mixamorig_R_horn1" sid="mixamorig_R_horn1" type="JOINT">
              <matrix sid="matrix">-0.591028 -0.129171 0.796242 -3.147700 -0.778219 0.351067 -0.520699 4.536700 -0.212275 -0.927398 -0.308014 -10.290500 0.000000 0.000000 0.000000 1.000000</matrix>
              <node id="mixamorig_R_horn2" name="mixamorig_R_horn2" sid="mixamorig_R_horn2" type="JOINT">
                <matrix sid="matrix">1.000000 0.000000 0.000000 21.374399 0.000000 1.000000 -0.000000 0.000000 0.000000 -0.000000 1.000000 0.000000 0.000000 0.000000 0.000000 1.000000</matrix>
              </node>
            </node>
          </node>
        </node>
        <node id="mixamorig_LeftUpLeg" name="mixamorig_LeftUpLeg" sid="mixamorig_LeftUpLeg" type="JOINT">
          <matrix sid="matrix">-0.999108 0.030186 0.029541 13.026900 0.010182 -0.506653 0.862090 -6.336300 0.040990 0.861621 0.505894 -1.092800 0.000000 0.000000 0.000000 1.000000</matrix>
          <node id="mixamorig_LeftLeg" name="mixamorig_LeftLeg" sid="mixamorig_LeftLeg" type="JOINT">
            <matrix sid="matrix">0.975700 -0.007631 -0.218977 -0.000000 0.180640 -0.537610 0.823617 46.951000 -0.124009 -0.843159 -0.523168 0.000000 0.000000 0.000000 0.000000 1.000000</matrix>
            <node id="mixamorig_LeftFoot" name="mixamorig_LeftFoot" sid="mixamorig_LeftFoot" type="JOINT">
              <matrix sid="matrix">0.993098 -0.071942 0.092632 0.000000 0.115371 0.457027 -0.881939 55.112000 0.021113 0.886539 0.462173 -0.000000 0.000000 0.000000 0.000000 1.000000</matrix>
              <node id="mixamorig_LeftToeBase" name="mixamorig_LeftToeBase" sid="mixamorig_LeftToeBase" type="JOINT">
                <matrix sid="matrix">0.992056 0.050453 -0.115236 -0.000000 -0.117290 0.702106 -0.702347 22.799999 0.045472 0.710283 0.702446 0.000000 0.000000 0.000000 0.000000 1.000000</matrix>
                <node id="mixamorig_LeftToe_End" name="mixamorig_LeftToe_End" sid="mixamorig_LeftToe_End" type="JOINT">
                  <matrix sid="matrix">1.000000 0.000000 0.000000 -0.000000 0.000000 1.000000 0.000000 9.596000 -0.000000 0.000000 1.000000 -0.000000 0.000000 0.000000 0.000000 1.000000</matrix>
                </node>
              </node>
            </node>
          </node>
        </node>
        <node id="mixamorig_RightUpLeg" name="mixamorig_RightUpLeg" sid="mixamorig_RightUpLeg" type="JOINT">
          <matrix sid="matrix">-0.981980 0.095133 -0.163291 -12.883000 -0.174058 -0.791838 0.585404 -6.336200 -0.073609 0.603277 0.794128 -1.092800 0.000000 0.000000 0.000000 1.000000</matrix>
          <node id="mixamorig_RightLeg" name="mixamorig_RightLeg" sid="mixamorig_RightLeg" type="JOINT">
            <matrix sid="matrix">0.999339 0.027726 0.023530 0.000000 -0.028823 0.209377 0.977410 46.951099 0.022173 -0.977442 0.210038 0.000000 0.000000 0.000000 0.000000 1.000000</matrix>
            <node id="mixamorig_RightFoot" name="mixamorig_RightFoot" sid="mixamorig_RightFoot" type="JOINT">
              <matrix sid="matrix">0.999235 0.012459 -0.037070 -0.000000 -0.038370 0.129125 -0.990886 55.112000 -0.007559 0.991550 0.129504 0.000000 0.000000 0.000000 0.000000 1.000000</matrix>
              <node id="mixamorig_RightToeBase" name="mixamorig_RightToeBase" sid="mixamorig_RightToeBase" type="JOINT">
                <matrix sid="matrix">0.974222 -0.224699 -0.020042 0.000000 0.111850 0.558270 -0.822085 22.799999 0.195911 0.798652 0.569012 -0.000000 0.000000 0.000000 0.000000 1.000000</matrix>
                <node id="mixamorig_RightToe_End" name="mixamorig_RightToe_End" sid="mixamorig_RightToe_End" type="JOINT">
                  <matrix sid="matrix">1.000000 0.000000 -0.000000 -0.000000 -0.000000 1.000000 0.000000 9.596000 0.000000 -0.000000 1.000000 -0.000000 0.000000 0.000000 0.000000 1.000000</matrix>
                </node>
              </node>
            </node>
          </node>
        </node>
        <node id="mixamorig_L_C_skirt1" name="mixamorig_L_C_skirt1" sid="mixamorig_L_C_skirt1" type="JOINT">
          <matrix sid="matrix">0.035066 0.292039 0.955763 12.441200 -0.989026 0.147481 -0.008777 4.607000 -0.143520 -0.944967 0.294006 -11.833000 0.000000 0.000000 0.000000 1.000000</matrix>
          <node id="mixamorig_L_C_skirt2" name="mixamorig_L_C_skirt2" sid="mixamorig_L_C_skirt2" type="JOINT">
            <matrix sid="matrix">1.000000 -0.000000 0.000000 27.657801 0.000000 1.000000 0.000000 0.000000 0.000000 0.000000 1.000000 -0.000000 0.000000 0.000000 0.000000 1.000000</matrix>
            <node id="mixamorig_L_C_skirt3" name="mixamorig_L_C_skirt3" sid="mixamorig_L_C_skirt3" type="JOINT">
              <matrix sid="matrix">1.000000 -0.000000 0.000000 23.970100 0.000000 1.000000 0.000000 0.000000 0.000000 -0.000000 1.000000 -0.000000 0.000000 0.000000 0.000000 1.000000</matrix>
              <node id="mixamorig_L_C_skirt4" name="mixamorig_L_C_skirt4" sid="mixamorig_L_C_skirt4" type="JOINT">
                <matrix sid="matrix">1.000000 0.000000 0.000000 30.792400 0.000000 1.000000 0.000000 0.000000 0.000000 0.000000 1.000000 0.000000 0.000000 0.000000 0.000000 1.000000</matrix>
              </node>
            </node>
          </node>
        </node>
        <node id="mixamorig_L_A_skirt1" name="mixamorig_L_A_skirt1" sid="mixamorig_L_A_skirt1" type="JOINT">
          <matrix sid="matrix">0.142123 0.623442 -0.768844 18.178400 -0.988646 0.051128 -0.141295 3.981100 -0.048780 0.780196 0.623630 19.504801 0.000000 0.000000 0.000000 1.000000</matrix>
          <node id="mixamorig_L_A_skirt2" name="mixamorig_L_A_skirt2" sid="mixamorig_L_A_skirt2" type="JOINT">
            <matrix sid="matrix">1.000000 -0.000000 -0.000000 27.335699 0.000000 1.000000 0.000000 0.000000 0.000000 0.000000 1.000000 0.000000 0.000000 0.000000 0.000000 1.000000</matrix>
            <node id="mixamorig_L_A_skirt3" name="mixamorig_L_A_skirt3" sid="mixamorig_L_A_skirt3" type="JOINT">
              <matrix sid="matrix">1.000000 -0.000000 0.000000 27.066099 -0.000000 1.000000 -0.000000 0.000000 -0.000000 0.000000 1.000000 0.000000 0.000000 0.000000 0.000000 1.000000</matrix>
              <node id="mixamorig_L_A_skirt4" name="mixamorig_L_A_skirt4" sid="mixamorig_L_A_skirt4" type="JOINT">
                <matrix sid="matrix">1.000000 -0.000000 -0.000000 30.881599 -0.000000 1.000000 0.000000 0.000000 -0.000000 0.000000 1.000000 0.000000 0.000000 0.000000 0.000000 1.000000</matrix>
              </node>
            </node>
          </node>
        </node>
        <node id="mixamorig_L_B_skirt1" name="mixamorig_L_B_skirt1" sid="mixamorig_L_B_skirt1" type="JOINT">
          <matrix sid="matrix">0.142186 0.942169 0.303482 22.933800 -0.985105 0.164643 -0.049605 6.145800 -0.096702 -0.291908 0.951545 0.309300 0.000000 0.000000 0.000000 1.000000</matrix>
          <node id="mixamorig_L_B_skirt2" name="mixamorig_L_B_skirt2" sid="mixamorig_L_B_skirt2" type="JOINT">
            <matrix sid="matrix">1.000000 -0.000000 0.000000 27.083401 0.000000 1.000000 -0.000000 0.000000 -0.000000 -0.000000 1.000000 -0.000000 0.000000 0.000000 0.000000 1.000000</matrix>
            <node id="mixamorig_L_B_skirt3" name="mixamorig_L_B_skirt3" sid="mixamorig_L_B_skirt3" type="JOINT">
              <matrix sid="matrix">1.000000 -0.000000 -0.000000 26.734800 -0.000000 1.000000 -0.000000 0.000000 -0.000000 -0.000000 1.000000 0.000000 0.000000 0.000000 0.000000 1.000000</matrix>
              <node id="mixamorig_L_B_skirt4" name="mixamorig_L_B_skirt4" sid="mixamorig_L_B_skirt4" type="JOINT">
                <matrix sid="matrix">1.000000 0.000000 0.000000 29.821199 0.000000 1.000000 -0.000000 0.000000 0.000000 -0.000000 1.000000 -0.000000 0.000000 0.000000 0.000000 1.000000</matrix>
              </node>
            </node>
          </node>
        </node>
        <node id="mixamorig_R_C_skirt1" name="mixamorig_R_C_skirt1" sid="mixamorig_R_C_skirt1" type="JOINT">
          <matrix sid="matrix">-0.035070 -0.292039 0.955763 -12.297300 -0.989026 0.147482 0.008774 4.606800 -0.143520 -0.944967 -0.294006 -11.833000 0.000000 0.000000 0.000000 1.000000</matrix>
          <node id="mixamorig_R_C_skirt2" name="mixamorig_R_C_skirt2" sid="mixamorig_R_C_skirt2" type="JOINT">
            <matrix sid="matrix">1.000000 0.000000 0.000000 27.657600 0.000000 1.000000 0.000000 0.000100 -0.000000 0.000000 1.000000 0.000000 0.000000 0.000000 0.000000 1.000000</matrix>
            <node id="mixamorig_R_C_skirt3" name="mixamorig_R_C_skirt3" sid="mixamorig_R_C_skirt3" type="JOINT">
              <matrix sid="matrix">1.000000 -0.000000 0.000000 23.969999 -0.000000 1.000000 0.000000 0.000000 0.000000 0.000000 1.000000 0.000100 0.000000 0.000000 0.000000 1.000000</matrix>
              <node id="mixamorig_R_C_skirt4" name="mixamorig_R_C_skirt4" sid="mixamorig_R_C_skirt4" type="JOINT">
                <matrix sid="matrix">1.000000 -0.000000 0.000000 30.792400 -0.000000 1.000000 0.000000 0.000000 0.000000 0.000000 1.000000 0.000000 0.000000 0.000000 0.000000 1.000000</matrix>
              </node>
            </node>
          </node>
        </node>
        <node id="mixamorig_R_A_skirt1" name="mixamorig_R_A_skirt1" sid="mixamorig_R_A_skirt1" type="JOINT">
          <matrix sid="matrix">-0.142126 -0.623440 -0.768845 -18.034500 -0.988646 0.051130 0.141298 3.980800 -0.048780 0.780197 -0.623629 19.504801 0.000000 0.000000 0.000000 1.000000</matrix>
          <node id="mixamorig_R_A_skirt2" name="mixamorig_R_A_skirt2" sid="mixamorig_R_A_skirt2" type="JOINT">
            <matrix sid="matrix">1.000000 0.000000 0.000000 27.335400 0.000000 1.000000 0.000000 -0.000100 -0.000000 -0.000000 1.000000 0.000100 0.000000 0.000000 0.000000 1.000000</matrix>
            <node id="mixamorig_R_A_skirt3" name="mixamorig_R_A_skirt3" sid="mixamorig_R_A_skirt3" type="JOINT">
              <matrix sid="matrix">1.000000 0.000000 0.000000 27.066099 0.000000 1.000000 0.000000 0.000100 0.000000 -0.000000 1.000000 -0.000000 0.000000 0.000000 0.000000 1.000000</matrix>
              <node id="mixamorig_R_A_skirt4" name="mixamorig_R_A_skirt4" sid="mixamorig_R_A_skirt4" type="JOINT">
                <matrix sid="matrix">1.000000 0.000000 0.000000 30.881599 0.000000 1.000000 0.000000 0.000000 0.000000 -0.000000 1.000000 -0.000000 0.000000 0.000000 0.000000 1.000000</matrix>
              </node>
            </node>
          </node>
        </node>
        <node id="mixamorig_R_B_skirt1" name="mixamorig_R_B_skirt1" sid="mixamorig_R_B_skirt1" type="JOINT">
          <matrix sid="matrix">-0.142189 -0.942168 0.303482 -22.789900 -0.985105 0.164647 0.049604 6.145800 -0.096702 -0.291908 -0.951545 0.309300 0.000000 0.000000 0.000000 1.000000</matrix>
          <node id="mixamorig_R_B_skirt2" name="mixamorig_R_B_skirt2" sid="mixamorig_R_B_skirt2" type="JOINT">
            <matrix sid="matrix">1.000000 -0.000000 0.000000 27.083401 0.000000 1.000000 -0.000000 0.000000 0.000000 0.000000 1.000000 -0.000000 0.000000 0.000000 0.000000 1.000000</matrix>
            <node id="mixamorig_R_B_skirt3" name="mixamorig_R_B_skirt3" sid="mixamorig_R_B_skirt3" type="JOINT">
              <matrix sid="matrix">1.000000 0.000000 0.000000 26.734699 0.000000 1.000000 -0.000000 0.000000 0.000000 0.000000 1.000000 -0.000000 0.000000 0.000000 0.000000 1.000000</matrix>
              <node id="mixamorig_R_B_skirt4" name="mixamorig_R_B_skirt4" sid="mixamorig_R_B_skirt4" type="JOINT">
                <matrix sid="matrix">1.000000 0.000000 0.000000 29.821199 0.000000 1.000000 -0.000000 0.000000 0.000000 0.000000 1.000000 0.000000 0.000000 0.000000 0.000000 1.000000</matrix>
              </node>
            </node>
          </node>
        </node>
        <node id="mixamorig_F_skirt1" name="mixamorig_F_skirt1" sid="mixamorig_F_skirt1" type="JOINT">
          <matrix sid="matrix">-0.000002 0.000000 -1.000000 -0.093700 -0.998606 0.052777 0.000002 -3.741800 0.052777 0.998606 0.000000 24.067699 0.000000 0.000000 0.000000 1.000000</matrix>
          <node id="mixamorig_F_skirt2" name="mixamorig_F_skirt2" sid="mixamorig_F_skirt2" type="JOINT">
            <matrix sid="matrix">1.000000 0.000000 0.000000 23.567801 0.000000 1.000000 0.000000 0.000000 0.000000 -0.000000 1.000000 -0.000000 0.000000 0.000000 0.000000 1.000000</matrix>
            <node id="mixamorig_F_skirt3" name="mixamorig_F_skirt3" sid="mixamorig_F_skirt3" type="JOINT">
              <matrix sid="matrix">1.000000 -0.000000 0.000000 23.545500 0.000000 1.000000 0.000000 -0.000000 0.000000 -0.000000 1.000000 0.000000 0.000000 0.000000 0.000000 1.000000</matrix>
              <node id="mixamorig_F_skirt4" name="mixamorig_F_skirt4" sid="mixamorig_F_skirt4" type="JOINT">
                <matrix sid="matrix">1.000000 0.000000 0.000000 24.919500 -0.000000 1.000000 0.000000 -0.000000 0.000000 -0.000000 1.000000 0.000000 0.000000 0.000000 0.000000 1.000000</matrix>
              </node>
            </node>
          </node>
        </node>
      </node>
    </visual_scene>
  </library_visual_scenes>
  <scene>
    <instance_visual_scene url="#RootNode"/>
  </scene>
</COLLADA>
