<?xml version="1.0" encoding="utf-8"?>
<COLLADA xmlns="http://www.collada.org/2005/11/COLLADASchema" version="1.4.1">
  <asset>
    <contributor>
      <author>Mixamo</author>
      <authoring_tool>COLLADA Mixamo exporter</authoring_tool>
      <comments/>
    </contributor>
    <created>2025-09-14T13:06:31Z</created>
    <modified>2025-09-14T13:06:31Z</modified>
    <revision/>
    <title/>
    <unit meter="0.010000"/>
    <up_axis>Y_UP</up_axis>
  </asset>
  <library_animations>
    <animation id="mixamorig_Hips-anim" name="mixamorig_Hips">
      <source id="mixamorig_Hips-Matrix-animation-input">
        <float_array id="mixamorig_Hips-Matrix-animation-input-array" count="23">

0.000000 0.033333 0.066667 0.100000 0.133333 0.166667 0.200000 0.233333 0.266667 0.300000 0.333333 0.366667 0.400000 0.433333 0.466667 0.500000
0.533333 0.566667 0.600000 0.633333 0.666667 0.700000 0.733333</float_array>
        <technique_common>
          <accessor source="#mixamorig_Hips-Matrix-animation-input-array" count="23">
            <param name="TIME" type="float"/>
          </accessor>
        </technique_common>
      </source>
      <source id="mixamorig_Hips-Matrix-animation-output-transform">
        <float_array id="mixamorig_Hips-Matrix-animation-output-transform-array" count="368">

0.999246 0.013920 0.036245 0.701981 -0.013865 0.999902 -0.001772 97.688797 -0.036266 0.001269 0.999341 1.759594 0.000000 0.000000 0.000000 1.000000
0.998568 0.034259 0.041089 0.299030 -0.034978 0.999245 0.016923 96.478455 -0.040478 -0.018336 0.999012 2.547418 0.000000 0.000000 0.000000 1.000000
0.993909 0.044316 0.100900 0.003284 -0.049002 0.997809 0.044453 96.998428 -0.098709 -0.049126 0.993903 3.478645 0.000000 0.000000 0.000000 1.000000
0.983303 0.049606 0.175086 -0.047527 -0.062301 0.995754 0.067768 98.476234 -0.170981 -0.077544 0.982218 3.928024 0.000000 0.000000 0.000000 1.000000
0.975765 0.061155 0.210101 0.127726 -0.075926 0.995123 0.062967 100.785515 -0.205226 -0.077393 0.975650 3.534949 0.000000 0.000000 0.000000 1.000000
0.978779 0.073804 0.191165 0.303936 -0.081696 0.996087 0.033726 103.409332 -0.187928 -0.048627 0.980978 3.714660 0.000000 0.000000 0.000000 1.000000
0.984916 0.085105 0.150659 0.566026 -0.085414 0.996336 -0.004428 105.316330 -0.150483 -0.008507 0.988576 3.942236 0.000000 0.000000 0.000000 1.000000
0.988785 0.092891 0.116938 0.851810 -0.088817 0.995261 -0.039591 105.940559 -0.120061 0.028761 0.992350 3.867413 0.000000 0.000000 0.000000 1.000000
0.990673 0.098372 0.094281 1.349075 -0.093479 0.994101 -0.054994 105.948174 -0.099135 0.045667 0.994026 3.074358 0.000000 0.000000 0.000000 1.000000
0.992492 0.091506 0.081157 1.709408 -0.087983 0.995060 -0.045987 102.971405 -0.084964 0.038502 0.995640 3.398408 0.000000 0.000000 0.000000 1.000000
0.995378 0.067656 0.068158 1.968052 -0.066573 0.997618 -0.018044 99.030281 -0.069216 0.013423 0.997511 3.508259 0.000000 0.000000 0.000000 1.000000
0.998631 0.029094 0.043467 2.240192 -0.029499 0.999527 0.008695 95.854355 -0.043193 -0.009965 0.999017 3.454361 0.000000 0.000000 0.000000 1.000000
0.999957 -0.001975 0.009083 2.542345 0.001807 0.999827 0.018492 94.544708 -0.009118 -0.018475 0.999788 3.689015 0.000000 0.000000 0.000000 1.000000
0.999640 -0.017007 -0.020740 2.711134 0.017729 0.999225 0.035155 95.301537 0.020126 -0.035510 0.999167 3.965206 0.000000 0.000000 0.000000 1.000000
0.998957 -0.029590 -0.034767 2.517131 0.031608 0.997756 0.059020 97.233521 0.032943 -0.060057 0.997651 3.764635 0.000000 0.000000 0.000000 1.000000
0.998578 -0.049587 -0.019581 1.792338 0.050769 0.996571 0.065333 100.281921 0.016274 -0.066234 0.997671 2.762010 0.000000 0.000000 0.000000 1.000000
0.997423 -0.067254 0.024989 1.077585 0.066154 0.996905 0.042485 103.617332 -0.027769 -0.040722 0.998785 2.536064 0.000000 0.000000 0.000000 1.000000
0.994398 -0.073893 0.075582 0.534280 0.074032 0.997255 0.000974 105.945305 -0.075446 0.004627 0.997139 2.122760 0.000000 0.000000 0.000000 1.000000
0.992029 -0.059013 0.111337 0.320023 0.063308 0.997364 -0.035444 106.165947 -0.108951 0.042210 0.993150 1.762153 0.000000 0.000000 0.000000 1.000000
0.991714 -0.039378 0.122281 0.466954 0.045343 0.997894 -0.046387 105.140442 -0.120196 0.051547 0.991411 2.565360 0.000000 0.000000 0.000000 1.000000
0.994594 -0.026173 0.100484 0.680529 0.029612 0.999020 -0.032882 102.810814 -0.099525 0.035680 0.994395 2.887217 0.000000 0.000000 0.000000 1.000000
0.998104 -0.012323 0.060306 0.806789 0.012871 0.999879 -0.008720 99.990051 -0.060191 0.009479 0.998142 2.366660 0.000000 0.000000 0.000000 1.000000
0.999246 0.013920 0.036245 0.701987 -0.013865 0.999902 -0.001772 97.688805 -0.036266 0.001268 0.999341 1.759596 0.000000 0.000000 0.000000 1.000000</float_array>
        <technique_common>
          <accessor source="#mixamorig_Hips-Matrix-animation-output-transform-array" count="23" stride="16">
            <param type="float4x4"/>
          </accessor>
        </technique_common>
      </source>
      <source id="mixamorig_Hips-Interpolations">
        <Name_array id="mixamorig_Hips-Interpolations-array" count="23">
 LINEAR LINEAR LINEAR LINEAR LINEAR LINEAR LINEAR LINEAR LINEAR LINEAR LINEAR
LINEAR LINEAR LINEAR LINEAR LINEAR LINEAR LINEAR LINEAR LINEAR LINEAR LINEAR LINEAR</Name_array>
        <technique_common>
          <accessor source="#mixamorig_Hips-Interpolations-array" count="23">
            <param type="name"/>
          </accessor>
        </technique_common>
      </source>
      <sampler id="mixamorig_Hips-Matrix-animation-transform">
        <input semantic="INPUT" source="#mixamorig_Hips-Matrix-animation-input"/>
        <input semantic="OUTPUT" source="#mixamorig_Hips-Matrix-animation-output-transform"/>
        <input semantic="INTERPOLATION" source="#mixamorig_Hips-Interpolations"/>
      </sampler>
      <channel source="#mixamorig_Hips-Matrix-animation-transform" target="mixamorig_Hips/matrix"/>
    </animation>
    <animation id="mixamorig_Spine-anim" name="mixamorig_Spine">
      <source id="mixamorig_Spine-Matrix-animation-input">
        <float_array id="mixamorig_Spine-Matrix-animation-input-array" count="23">

0.000000 0.033333 0.066667 0.100000 0.133333 0.166667 0.200000 0.233333 0.266667 0.300000 0.333333 0.366667 0.400000 0.433333 0.466667 0.500000
0.533333 0.566667 0.600000 0.633333 0.666667 0.700000 0.733333</float_array>
        <technique_common>
          <accessor source="#mixamorig_Spine-Matrix-animation-input-array" count="23">
            <param name="TIME" type="float"/>
          </accessor>
        </technique_common>
      </source>
      <source id="mixamorig_Spine-Matrix-animation-output-transform">
        <float_array id="mixamorig_Spine-Matrix-animation-output-transform-array" count="368">

0.998568 -0.033156 0.041985 0.072000 0.040098 0.983371 -0.177127 7.257300 -0.035414 0.178556 0.983292 -0.789700 0.000000 0.000000 0.000000 1.000000
0.998872 -0.047304 0.004201 0.072000 0.047330 0.984317 -0.169943 7.257300 0.003904 0.169950 0.985445 -0.789700 0.000000 0.000000 0.000000 1.000000
0.996003 -0.058758 -0.067274 0.072000 0.046548 0.984256 -0.170511 7.257300 0.076234 0.166698 0.983056 -0.789700 0.000000 0.000000 0.000000 1.000000
0.987430 -0.065210 -0.143977 0.072000 0.039734 0.984084 -0.173206 7.257300 0.152980 0.165308 0.974305 -0.789700 0.000000 0.000000 0.000000 1.000000
0.980297 -0.063432 -0.187067 0.072000 0.033869 0.986988 -0.157189 7.257300 0.194604 0.147756 0.969689 -0.789700 0.000000 0.000000 0.000000 1.000000
0.982893 -0.049612 -0.177369 0.072000 0.030172 0.993400 -0.110663 7.257300 0.181688 0.103419 0.977903 -0.789700 0.000000 0.000000 0.000000 1.000000
0.990219 -0.034775 -0.135121 0.072000 0.026192 0.997555 -0.064793 7.257300 0.137043 0.060620 0.988708 -0.789700 0.000000 0.000000 0.000000 1.000000
0.995577 -0.027086 -0.089965 0.072000 0.022268 0.998286 -0.054129 7.257300 0.091277 0.051886 0.994473 -0.789700 0.000000 0.000000 0.000000 1.000000
0.997607 -0.029459 -0.062556 0.072000 0.024246 0.996295 -0.082518 7.257300 0.064755 0.080804 0.994624 -0.789700 0.000000 0.000000 0.000000 1.000000
0.998169 -0.020302 -0.056977 0.072000 0.013182 0.992363 -0.122649 7.257300 0.059032 0.121674 0.990813 -0.789700 0.000000 0.000000 0.000000 1.000000
0.998582 0.006027 -0.052899 0.072000 -0.014398 0.987123 -0.159316 7.257300 0.051258 0.159852 0.985809 -0.789700 0.000000 0.000000 0.000000 1.000000
0.998732 0.041901 -0.027898 0.072000 -0.046320 0.981950 -0.183379 7.257300 0.019710 0.184439 0.982646 -0.789700 0.000000 0.000000 0.000000 1.000000
0.997199 0.070491 0.025014 0.072000 -0.064497 0.979719 -0.189712 7.257300 -0.037880 0.187568 0.981521 -0.789700 0.000000 0.000000 0.000000 1.000000
0.992701 0.083409 0.087103 0.072000 -0.065376 0.979114 -0.192513 7.257300 -0.101341 0.185413 0.977421 -0.789700 0.000000 0.000000 0.000000 1.000000
0.986705 0.088887 0.136061 0.072000 -0.061227 0.978804 -0.195433 7.257300 -0.150548 0.184504 0.971233 -0.789700 0.000000 0.000000 0.000000 1.000000
0.982934 0.096564 0.156578 0.072000 -0.067589 0.981191 -0.180820 7.257300 -0.171093 0.167151 0.970972 -0.789700 0.000000 0.000000 0.000000 1.000000
0.983834 0.098732 0.149405 0.072000 -0.077819 0.987106 -0.139876 7.257300 -0.161289 0.125988 0.978832 -0.789700 0.000000 0.000000 0.000000 1.000000
0.987994 0.090459 0.125238 0.072000 -0.077438 0.991431 -0.105200 7.257300 -0.133681 0.094239 0.986533 -0.789700 0.000000 0.000000 0.000000 1.000000
0.992588 0.064694 0.102882 0.072000 -0.054529 0.993620 -0.098721 7.257300 -0.108612 0.092379 0.989783 -0.789700 0.000000 0.000000 0.000000 1.000000
0.995047 0.036228 0.092564 0.072000 -0.025675 0.993291 -0.112755 7.257300 -0.096028 0.109820 0.989302 -0.789700 0.000000 0.000000 0.000000 1.000000
0.996288 0.012617 0.085155 0.072000 -0.001091 0.990972 -0.134066 7.257300 -0.086078 0.133475 0.987307 -0.789700 0.000000 0.000000 0.000000 1.000000
0.997674 -0.006987 0.067814 0.072000 0.017737 0.987081 -0.159238 7.257300 -0.065825 0.160071 0.984908 -0.789700 0.000000 0.000000 0.000000 1.000000
0.998568 -0.033156 0.041985 0.072000 0.040098 0.983371 -0.177126 7.257300 -0.035414 0.178556 0.983292 -0.789700 0.000000 0.000000 0.000000 1.000000</float_array>
        <technique_common>
          <accessor source="#mixamorig_Spine-Matrix-animation-output-transform-array" count="23" stride="16">
            <param type="float4x4"/>
          </accessor>
        </technique_common>
      </source>
      <source id="mixamorig_Spine-Interpolations">
        <Name_array id="mixamorig_Spine-Interpolations-array" count="23">
 LINEAR LINEAR LINEAR LINEAR LINEAR LINEAR LINEAR LINEAR LINEAR LINEAR LINEAR
LINEAR LINEAR LINEAR LINEAR LINEAR LINEAR LINEAR LINEAR LINEAR LINEAR LINEAR LINEAR</Name_array>
        <technique_common>
          <accessor source="#mixamorig_Spine-Interpolations-array" count="23">
            <param type="name"/>
          </accessor>
        </technique_common>
      </source>
      <sampler id="mixamorig_Spine-Matrix-animation-transform">
        <input semantic="INPUT" source="#mixamorig_Spine-Matrix-animation-input"/>
        <input semantic="OUTPUT" source="#mixamorig_Spine-Matrix-animation-output-transform"/>
        <input semantic="INTERPOLATION" source="#mixamorig_Spine-Interpolations"/>
      </sampler>
      <channel source="#mixamorig_Spine-Matrix-animation-transform" target="mixamorig_Spine/matrix"/>
    </animation>
    <animation id="mixamorig_Spine1-anim" name="mixamorig_Spine1">
      <source id="mixamorig_Spine1-Matrix-animation-input">
        <float_array id="mixamorig_Spine1-Matrix-animation-input-array" count="23">

0.000000 0.033333 0.066667 0.100000 0.133333 0.166667 0.200000 0.233333 0.266667 0.300000 0.333333 0.366667 0.400000 0.433333 0.466667 0.500000
0.533333 0.566667 0.600000 0.633333 0.666667 0.700000 0.733333</float_array>
        <technique_common>
          <accessor source="#mixamorig_Spine1-Matrix-animation-input-array" count="23">
            <param name="TIME" type="float"/>
          </accessor>
        </technique_common>
      </source>
      <source id="mixamorig_Spine1-Matrix-animation-output-transform">
        <float_array id="mixamorig_Spine1-Matrix-animation-output-transform-array" count="368">

0.999927 -0.008820 0.008307 0.000000 0.009187 0.998938 -0.045145 8.558700 -0.007900 0.045218 0.998946 -0.000000 0.000000 0.000000 0.000000 1.000000
0.999940 -0.010930 -0.000986 0.000000 0.010875 0.998948 -0.044553 8.558700 0.001472 0.044539 0.999007 -0.000000 0.000000 0.000000 0.000000 1.000000
0.999783 -0.009310 -0.018651 0.000000 0.008522 0.999086 -0.041897 8.558700 0.019024 0.041729 0.998948 0.000000 0.000000 0.000000 0.000000 1.000000
0.999274 -0.004866 -0.037790 0.000000 0.003392 0.999234 -0.038980 8.558700 0.037950 0.038824 0.998525 0.000000 0.000000 0.000000 0.000000 1.000000
0.998814 -0.000891 -0.048671 -0.000000 -0.001191 0.999086 -0.042719 8.558700 0.048665 0.042726 0.997901 0.000000 0.000000 0.000000 0.000000 1.000000
0.998943 -0.000473 -0.045953 0.000000 -0.002096 0.998438 -0.055832 8.558700 0.045908 0.055869 0.997382 -0.000000 0.000000 0.000000 0.000000 1.000000
0.999380 -0.002362 -0.035119 0.000000 0.000064 0.997865 -0.065307 8.558700 0.035198 0.065264 0.997247 0.000000 0.000000 0.000000 0.000000 1.000000
0.999708 -0.004128 -0.023805 0.000000 0.002674 0.998147 -0.060797 8.558700 0.024012 0.060715 0.997866 0.000000 0.000000 0.000000 0.000000 1.000000
0.999835 -0.004713 -0.017548 0.000000 0.003858 0.998819 -0.048432 8.558700 0.017755 0.048356 0.998672 0.000000 0.000000 0.000000 0.000000 1.000000
0.999868 -0.004829 -0.015509 0.000000 0.004164 0.999083 -0.042620 8.558700 0.015700 0.042550 0.998971 -0.000000 0.000000 0.000000 0.000000 1.000000
0.999905 -0.004493 -0.013010 0.000000 0.003919 0.999031 -0.043832 8.558700 0.013194 0.043777 0.998954 0.000000 0.000000 0.000000 0.000000 1.000000
0.999980 -0.003590 -0.005301 -0.000000 0.003340 0.998915 -0.046449 8.558700 0.005462 0.046430 0.998907 0.000000 0.000000 0.000000 0.000000 1.000000
0.999951 -0.003147 0.009371 0.000000 0.003590 0.998859 -0.047624 8.558700 -0.009210 0.047655 0.998821 0.000000 0.000000 0.000000 0.000000 1.000000
0.999668 -0.003895 0.025481 0.000000 0.005098 0.998867 -0.047321 8.558700 -0.025268 0.047435 0.998555 -0.000000 0.000000 0.000000 0.000000 1.000000
0.999288 -0.005616 0.037301 0.000000 0.007367 0.998869 -0.046975 8.558700 -0.036995 0.047217 0.998199 0.000000 0.000000 0.000000 0.000000 1.000000
0.999104 -0.007550 0.041647 0.000000 0.009685 0.998637 -0.051295 8.558700 -0.041203 0.051652 0.997815 0.000000 0.000000 0.000000 0.000000 1.000000
0.999205 -0.008054 0.039056 0.000000 0.010371 0.998174 -0.059508 8.558700 -0.038505 0.059866 0.997464 0.000000 0.000000 0.000000 0.000000 1.000000
0.999435 -0.006947 0.032885 -0.000000 0.008932 0.998122 -0.060604 8.558700 -0.032402 0.060863 0.997620 0.000000 0.000000 0.000000 0.000000 1.000000
0.999621 -0.006508 0.026767 -0.000000 0.007911 0.998581 -0.052670 8.558700 -0.026386 0.052862 0.998253 0.000000 0.000000 0.000000 0.000000 1.000000
0.999700 -0.008216 0.023093 0.000000 0.009286 0.998870 -0.046614 8.558700 -0.022684 0.046814 0.998646 0.000000 0.000000 0.000000 0.000000 1.000000
0.999757 -0.009127 0.020079 0.000000 0.010046 0.998884 -0.046142 8.558700 -0.019635 0.046332 0.998733 -0.000000 0.000000 0.000000 0.000000 1.000000
0.999848 -0.008325 0.015342 0.000000 0.009027 0.998888 -0.046267 8.558700 -0.014940 0.046399 0.998811 0.000000 0.000000 0.000000 0.000000 1.000000
0.999927 -0.008820 0.008307 0.000000 0.009187 0.998938 -0.045145 8.558700 -0.007900 0.045218 0.998946 -0.000000 0.000000 0.000000 0.000000 1.000000</float_array>
        <technique_common>
          <accessor source="#mixamorig_Spine1-Matrix-animation-output-transform-array" count="23" stride="16">
            <param type="float4x4"/>
          </accessor>
        </technique_common>
      </source>
      <source id="mixamorig_Spine1-Interpolations">
        <Name_array id="mixamorig_Spine1-Interpolations-array" count="23">
 LINEAR LINEAR LINEAR LINEAR LINEAR LINEAR LINEAR LINEAR LINEAR LINEAR LINEAR
LINEAR LINEAR LINEAR LINEAR LINEAR LINEAR LINEAR LINEAR LINEAR LINEAR LINEAR LINEAR</Name_array>
        <technique_common>
          <accessor source="#mixamorig_Spine1-Interpolations-array" count="23">
            <param type="name"/>
          </accessor>
        </technique_common>
      </source>
      <sampler id="mixamorig_Spine1-Matrix-animation-transform">
        <input semantic="INPUT" source="#mixamorig_Spine1-Matrix-animation-input"/>
        <input semantic="OUTPUT" source="#mixamorig_Spine1-Matrix-animation-output-transform"/>
        <input semantic="INTERPOLATION" source="#mixamorig_Spine1-Interpolations"/>
      </sampler>
      <channel source="#mixamorig_Spine1-Matrix-animation-transform" target="mixamorig_Spine1/matrix"/>
    </animation>
    <animation id="mixamorig_Spine2-anim" name="mixamorig_Spine2">
      <source id="mixamorig_Spine2-Matrix-animation-input">
        <float_array id="mixamorig_Spine2-Matrix-animation-input-array" count="23">

0.000000 0.033333 0.066667 0.100000 0.133333 0.166667 0.200000 0.233333 0.266667 0.300000 0.333333 0.366667 0.400000 0.433333 0.466667 0.500000
0.533333 0.566667 0.600000 0.633333 0.666667 0.700000 0.733333</float_array>
        <technique_common>
          <accessor source="#mixamorig_Spine2-Matrix-animation-input-array" count="23">
            <param name="TIME" type="float"/>
          </accessor>
        </technique_common>
      </source>
      <source id="mixamorig_Spine2-Matrix-animation-output-transform">
        <float_array id="mixamorig_Spine2-Matrix-animation-output-transform-array" count="368">

0.999932 -0.007861 0.008663 -0.000000 0.008994 0.990162 -0.139639 29.149500 -0.007480 0.139707 0.990165 1.721100 0.000000 0.000000 0.000000 1.000000
0.999938 -0.011104 -0.000411 0.000000 0.010939 0.990237 -0.138966 29.149500 0.001950 0.138953 0.990297 1.721100 0.000000 0.000000 0.000000 1.000000
0.999771 -0.011649 -0.017971 0.000000 0.009092 0.990628 -0.136282 29.149500 0.019391 0.136088 0.990507 1.721100 0.000000 0.000000 0.000000 1.000000
0.999264 -0.009477 -0.037165 -0.000000 0.004435 0.991044 -0.133461 29.149500 0.038097 0.133197 0.990357 1.721100 0.000000 0.000000 0.000000 1.000000
0.998817 -0.006507 -0.048195 0.000000 -0.000172 0.990529 -0.137307 29.149500 0.048632 0.137153 0.989355 1.721100 0.000000 0.000000 0.000000 1.000000
0.998946 -0.005258 -0.045594 0.000000 -0.001658 0.988633 -0.150343 29.149500 0.045867 0.150260 0.987582 1.721100 0.000000 0.000000 0.000000 1.000000
0.999378 -0.005669 -0.034812 0.000000 0.000039 0.987173 -0.159656 29.149500 0.035270 0.159556 0.986559 1.721100 0.000000 0.000000 0.000000 1.000000
0.999703 -0.006431 -0.023504 0.000000 0.002708 0.987893 -0.155112 29.149500 0.024217 0.155002 0.987617 1.721100 0.000000 0.000000 0.000000 1.000000
0.999829 -0.006741 -0.017225 0.000000 0.004212 0.989737 -0.142836 29.149500 0.018011 0.142739 0.989596 1.721100 0.000000 0.000000 0.000000 1.000000
0.999862 -0.006792 -0.015192 0.000000 0.004646 0.990550 -0.137077 29.149500 0.015979 0.136987 0.990444 1.721100 0.000000 0.000000 0.000000 1.000000
0.999899 -0.006143 -0.012824 0.000000 0.004311 0.990383 -0.138283 29.149500 0.013550 0.138214 0.990310 1.721100 0.000000 0.000000 0.000000 1.000000
0.999976 -0.004304 -0.005381 -0.000000 0.003503 0.990019 -0.140887 29.149500 0.005933 0.140865 0.990011 1.721100 0.000000 0.000000 0.000000 1.000000
0.999957 -0.002105 0.009044 -0.000000 0.003369 0.989848 -0.142090 29.149500 -0.008653 0.142114 0.989812 1.721100 0.000000 0.000000 0.000000 1.000000
0.999686 -0.000876 0.025043 0.000000 0.004421 0.989876 -0.141867 29.149500 -0.024665 0.141933 0.989569 1.721100 0.000000 0.000000 0.000000 1.000000
0.999319 -0.001182 0.036889 -0.000000 0.006399 0.989901 -0.141614 29.149500 -0.036349 0.141754 0.989234 1.721100 0.000000 0.000000 0.000000 1.000000
0.999140 -0.002818 0.041371 -0.000000 0.008833 0.989254 -0.145939 29.149500 -0.040515 0.146179 0.988428 1.721100 0.000000 0.000000 0.000000 1.000000
0.999234 -0.003930 0.038931 0.000000 0.009887 0.988017 -0.154027 29.149500 -0.037859 0.154294 0.987299 1.721100 0.000000 0.000000 0.000000 1.000000
0.999455 -0.003548 0.032832 0.000000 0.008600 0.987871 -0.155039 29.149500 -0.031883 0.155237 0.987363 1.721100 0.000000 0.000000 0.000000 1.000000
0.999636 -0.003523 0.026755 0.000000 0.007424 0.989085 -0.147159 29.149500 -0.025944 0.147304 0.988751 1.721100 0.000000 0.000000 0.000000 1.000000
0.999716 -0.005452 0.023188 0.000000 0.008674 0.989946 -0.141180 29.149500 -0.022185 0.141341 0.989712 1.721100 0.000000 0.000000 0.000000 1.000000
0.999772 -0.006730 0.020252 0.000000 0.009514 0.990006 -0.140707 29.149500 -0.019103 0.140868 0.989844 1.721100 0.000000 0.000000 0.000000 1.000000
0.999858 -0.006544 0.015546 0.000000 0.008669 0.990001 -0.140790 29.149500 -0.014469 0.140905 0.989917 1.721100 0.000000 0.000000 0.000000 1.000000
0.999932 -0.007861 0.008663 0.000000 0.008994 0.990162 -0.139639 29.149500 -0.007480 0.139707 0.990165 1.721100 0.000000 0.000000 0.000000 1.000000</float_array>
        <technique_common>
          <accessor source="#mixamorig_Spine2-Matrix-animation-output-transform-array" count="23" stride="16">
            <param type="float4x4"/>
          </accessor>
        </technique_common>
      </source>
      <source id="mixamorig_Spine2-Interpolations">
        <Name_array id="mixamorig_Spine2-Interpolations-array" count="23">
 LINEAR LINEAR LINEAR LINEAR LINEAR LINEAR LINEAR LINEAR LINEAR LINEAR LINEAR
LINEAR LINEAR LINEAR LINEAR LINEAR LINEAR LINEAR LINEAR LINEAR LINEAR LINEAR LINEAR</Name_array>
        <technique_common>
          <accessor source="#mixamorig_Spine2-Interpolations-array" count="23">
            <param type="name"/>
          </accessor>
        </technique_common>
      </source>
      <sampler id="mixamorig_Spine2-Matrix-animation-transform">
        <input semantic="INPUT" source="#mixamorig_Spine2-Matrix-animation-input"/>
        <input semantic="OUTPUT" source="#mixamorig_Spine2-Matrix-animation-output-transform"/>
        <input semantic="INTERPOLATION" source="#mixamorig_Spine2-Interpolations"/>
      </sampler>
      <channel source="#mixamorig_Spine2-Matrix-animation-transform" target="mixamorig_Spine2/matrix"/>
    </animation>
    <animation id="mixamorig_Neck-anim" name="mixamorig_Neck">
      <source id="mixamorig_Neck-Matrix-animation-input">
        <float_array id="mixamorig_Neck-Matrix-animation-input-array" count="23">

0.000000 0.033333 0.066667 0.100000 0.133333 0.166667 0.200000 0.233333 0.266667 0.300000 0.333333 0.366667 0.400000 0.433333 0.466667 0.500000
0.533333 0.566667 0.600000 0.633333 0.666667 0.700000 0.733333</float_array>
        <technique_common>
          <accessor source="#mixamorig_Neck-Matrix-animation-input-array" count="23">
            <param name="TIME" type="float"/>
          </accessor>
        </technique_common>
      </source>
      <source id="mixamorig_Neck-Matrix-animation-output-transform">
        <float_array id="mixamorig_Neck-Matrix-animation-output-transform-array" count="368">

0.999794 -0.015440 -0.013181 0.000000 0.015241 0.999771 -0.015054 13.857900 0.013410 0.014850 0.999800 7.405300 0.000000 0.000000 0.000000 1.000000
0.999907 -0.011730 -0.006996 -0.000000 0.011602 0.999768 -0.018159 13.857900 0.007208 0.018076 0.999811 7.405300 0.000000 0.000000 0.000000 1.000000
0.999946 -0.010326 -0.000659 0.000000 0.010306 0.999638 -0.024845 13.857900 0.000915 0.024837 0.999691 7.405300 0.000000 0.000000 0.000000 1.000000
0.999932 -0.010678 0.004718 -0.000000 0.010820 0.999454 -0.031212 13.857900 -0.004382 0.031261 0.999502 7.405300 0.000000 0.000000 0.000000 1.000000
0.999902 -0.011607 0.007874 -0.000000 0.011869 0.999348 -0.034090 13.857900 -0.007473 0.034181 0.999388 7.405300 0.000000 0.000000 0.000000 1.000000
0.999893 -0.012083 0.008190 -0.000000 0.012356 0.999341 -0.034142 13.857900 -0.007772 0.034240 0.999383 7.405300 0.000000 0.000000 0.000000 1.000000
0.999902 -0.012589 0.006198 0.000000 0.012790 0.999355 -0.033555 13.857900 -0.005772 0.033631 0.999418 7.405300 0.000000 0.000000 0.000000 1.000000
0.999899 -0.013903 0.002956 0.000000 0.013991 0.999382 -0.032236 13.857900 -0.002506 0.032274 0.999476 7.405300 0.000000 0.000000 0.000000 1.000000
0.999876 -0.015738 0.000211 0.000000 0.015737 0.999448 -0.029247 13.857900 0.000250 0.029247 0.999572 7.405300 0.000000 0.000000 0.000000 1.000000
0.999846 -0.017544 -0.000978 0.000000 0.017515 0.999540 -0.024778 13.857900 0.001413 0.024757 0.999693 7.405300 0.000000 0.000000 0.000000 1.000000
0.999801 -0.019897 -0.001733 -0.000000 0.019859 0.999612 -0.019542 13.857900 0.002121 0.019504 0.999808 7.405300 0.000000 0.000000 0.000000 1.000000
0.999734 -0.022649 -0.004325 0.000000 0.022581 0.999628 -0.015300 13.857900 0.004670 0.015199 0.999874 7.405300 0.000000 0.000000 0.000000 1.000000
0.999657 -0.024065 -0.010378 -0.000000 0.023902 0.999594 -0.015520 13.857900 0.010747 0.015266 0.999826 7.405300 0.000000 0.000000 0.000000 1.000000
0.999564 -0.023629 -0.017722 0.000000 0.023259 0.999513 -0.020803 13.857900 0.018205 0.020382 0.999627 7.405300 0.000000 0.000000 0.000000 1.000000
0.999483 -0.021922 -0.023514 0.000000 0.021242 0.999359 -0.028804 13.857900 0.024131 0.028289 0.999308 7.405300 0.000000 0.000000 0.000000 1.000000
0.999455 -0.019866 -0.026377 -0.000000 0.018928 0.999196 -0.035341 13.857900 0.027058 0.034822 0.999027 7.405300 0.000000 0.000000 0.000000 1.000000
0.999441 -0.019232 -0.027351 -0.000000 0.018228 0.999167 -0.036499 13.857900 0.028031 0.035980 0.998959 7.405300 0.000000 0.000000 0.000000 1.000000
0.999410 -0.020188 -0.027794 0.000000 0.019293 0.999298 -0.032105 13.857900 0.028423 0.031550 0.999098 7.405300 0.000000 0.000000 0.000000 1.000000
0.999404 -0.020421 -0.027831 0.000000 0.019734 0.999499 -0.024759 13.857900 0.028323 0.024195 0.999306 7.405300 0.000000 0.000000 0.000000 1.000000
0.999471 -0.018500 -0.026746 0.000000 0.017986 0.999652 -0.019314 13.857900 0.027094 0.018823 0.999456 7.405300 0.000000 0.000000 0.000000 1.000000
0.999569 -0.017081 -0.023859 -0.000000 0.016649 0.999696 -0.018169 13.857900 0.024162 0.017764 0.999550 7.405300 0.000000 0.000000 0.000000 1.000000
0.999675 -0.016826 -0.019168 0.000000 0.016478 0.999699 -0.018163 13.857900 0.019468 0.017841 0.999651 7.405300 0.000000 0.000000 0.000000 1.000000
0.999794 -0.015440 -0.013181 0.000000 0.015241 0.999771 -0.015054 13.857900 0.013410 0.014850 0.999800 7.405300 0.000000 0.000000 0.000000 1.000000</float_array>
        <technique_common>
          <accessor source="#mixamorig_Neck-Matrix-animation-output-transform-array" count="23" stride="16">
            <param type="float4x4"/>
          </accessor>
        </technique_common>
      </source>
      <source id="mixamorig_Neck-Interpolations">
        <Name_array id="mixamorig_Neck-Interpolations-array" count="23">
 LINEAR LINEAR LINEAR LINEAR LINEAR LINEAR LINEAR LINEAR LINEAR LINEAR LINEAR
LINEAR LINEAR LINEAR LINEAR LINEAR LINEAR LINEAR LINEAR LINEAR LINEAR LINEAR LINEAR</Name_array>
        <technique_common>
          <accessor source="#mixamorig_Neck-Interpolations-array" count="23">
            <param type="name"/>
          </accessor>
        </technique_common>
      </source>
      <sampler id="mixamorig_Neck-Matrix-animation-transform">
        <input semantic="INPUT" source="#mixamorig_Neck-Matrix-animation-input"/>
        <input semantic="OUTPUT" source="#mixamorig_Neck-Matrix-animation-output-transform"/>
        <input semantic="INTERPOLATION" source="#mixamorig_Neck-Interpolations"/>
      </sampler>
      <channel source="#mixamorig_Neck-Matrix-animation-transform" target="mixamorig_Neck/matrix"/>
    </animation>
    <animation id="mixamorig_Head-anim" name="mixamorig_Head">
      <source id="mixamorig_Head-Matrix-animation-input">
        <float_array id="mixamorig_Head-Matrix-animation-input-array" count="23">

0.000000 0.033333 0.066667 0.100000 0.133333 0.166667 0.200000 0.233333 0.266667 0.300000 0.333333 0.366667 0.400000 0.433333 0.466667 0.500000
0.533333 0.566667 0.600000 0.633333 0.666667 0.700000 0.733333</float_array>
        <technique_common>
          <accessor source="#mixamorig_Head-Matrix-animation-input-array" count="23">
            <param name="TIME" type="float"/>
          </accessor>
        </technique_common>
      </source>
      <source id="mixamorig_Head-Matrix-animation-output-transform">
        <float_array id="mixamorig_Head-Matrix-animation-output-transform-array" count="368">

0.993590 0.084365 -0.075240 -0.000000 -0.066713 0.974945 0.212206 8.198500 0.091257 -0.205826 0.974324 5.703100 0.000000 0.000000 0.000000 1.000000
0.996203 0.080159 -0.033977 0.000000 -0.072267 0.978976 0.190745 8.198500 0.048552 -0.187566 0.981051 5.703100 0.000000 0.000000 0.000000 1.000000
0.997477 0.070912 0.003225 0.000000 -0.070486 0.984057 0.163289 8.198500 0.008406 -0.163104 0.986573 5.703100 0.000000 0.000000 0.000000 1.000000
0.997748 0.058474 0.032865 -0.000000 -0.062353 0.989143 0.133073 8.198500 -0.024726 -0.134823 0.990561 5.703100 0.000000 0.000000 0.000000 1.000000
0.997844 0.042903 0.049663 0.000000 -0.048282 0.992452 0.112731 8.198500 -0.044452 -0.114885 0.992384 5.703100 0.000000 0.000000 0.000000 1.000000
0.998500 0.023614 0.049396 0.000000 -0.029217 0.992824 0.115959 8.198500 -0.046303 -0.117229 0.992025 5.703100 0.000000 0.000000 0.000000 1.000000
0.999411 0.004658 0.033992 -0.000000 -0.009300 0.990430 0.137700 8.198500 -0.033025 -0.137935 0.989890 5.703100 0.000000 0.000000 0.000000 1.000000
0.999911 -0.007983 0.010731 0.000000 0.006116 0.986446 0.163969 8.198500 -0.011894 -0.163889 0.986407 5.703100 0.000000 0.000000 0.000000 1.000000
0.999898 -0.012147 -0.007563 -0.000000 0.013332 0.982824 0.184065 8.198500 0.005197 -0.184147 0.982885 5.703100 0.000000 0.000000 0.000000 1.000000
0.999810 -0.013646 -0.013890 0.000000 0.016134 0.979948 0.198599 8.198500 0.010901 -0.198786 0.979982 5.703100 0.000000 0.000000 0.000000 1.000000
0.999723 -0.016875 -0.016400 -0.000000 0.019949 0.977420 0.210362 8.198500 0.012480 -0.210631 0.977486 5.703100 0.000000 0.000000 0.000000 1.000000
0.999359 -0.017737 -0.031107 -0.000000 0.024171 0.975077 0.220545 8.198500 0.026420 -0.221156 0.974881 5.703100 0.000000 0.000000 0.000000 1.000000
0.997580 -0.005248 -0.069333 0.000000 0.020765 0.974131 0.225027 8.198500 0.066358 -0.225922 0.971883 5.703100 0.000000 0.000000 0.000000 1.000000
0.992942 0.014346 -0.117730 0.000000 0.011024 0.977196 0.212055 8.198500 0.118088 -0.211856 0.970140 5.703100 0.000000 0.000000 0.000000 1.000000
0.986591 0.024726 -0.161327 -0.000000 0.004412 0.984056 0.177803 8.198500 0.163151 -0.176131 0.970752 5.703100 0.000000 0.000000 0.000000 1.000000
0.981101 0.022081 -0.192233 0.000000 0.005258 0.990058 0.140562 8.198500 0.193426 -0.138916 0.971231 5.703100 0.000000 0.000000 0.000000 1.000000
0.977710 0.022879 -0.208708 -0.000000 0.005203 0.991100 0.133018 8.198500 0.209894 -0.131139 0.968890 5.703100 0.000000 0.000000 0.000000 1.000000
0.975988 0.034352 -0.215097 0.000000 0.000187 0.987353 0.158534 8.198500 0.217822 -0.154768 0.963639 5.703100 0.000000 0.000000 0.000000 1.000000
0.974781 0.050888 -0.217284 0.000000 -0.007462 0.980542 0.196167 8.198500 0.223039 -0.189598 0.956194 5.703100 0.000000 0.000000 0.000000 1.000000
0.975149 0.066383 -0.211369 0.000000 -0.018460 0.975083 0.221069 8.198500 0.220778 -0.211673 0.952077 5.703100 0.000000 0.000000 0.000000 1.000000
0.980084 0.077180 -0.182971 0.000000 -0.034308 0.973337 0.226798 8.198500 0.195597 -0.216004 0.956600 5.703100 0.000000 0.000000 0.000000 1.000000
0.987780 0.081800 -0.132661 0.000000 -0.051052 0.974054 0.220482 8.198500 0.147255 -0.211015 0.966327 5.703100 0.000000 0.000000 0.000000 1.000000
0.993590 0.084365 -0.075240 0.000000 -0.066713 0.974945 0.212206 8.198500 0.091257 -0.205826 0.974324 5.703100 0.000000 0.000000 0.000000 1.000000</float_array>
        <technique_common>
          <accessor source="#mixamorig_Head-Matrix-animation-output-transform-array" count="23" stride="16">
            <param type="float4x4"/>
          </accessor>
        </technique_common>
      </source>
      <source id="mixamorig_Head-Interpolations">
        <Name_array id="mixamorig_Head-Interpolations-array" count="23">
 LINEAR LINEAR LINEAR LINEAR LINEAR LINEAR LINEAR LINEAR LINEAR LINEAR LINEAR
LINEAR LINEAR LINEAR LINEAR LINEAR LINEAR LINEAR LINEAR LINEAR LINEAR LINEAR LINEAR</Name_array>
        <technique_common>
          <accessor source="#mixamorig_Head-Interpolations-array" count="23">
            <param type="name"/>
          </accessor>
        </technique_common>
      </source>
      <sampler id="mixamorig_Head-Matrix-animation-transform">
        <input semantic="INPUT" source="#mixamorig_Head-Matrix-animation-input"/>
        <input semantic="OUTPUT" source="#mixamorig_Head-Matrix-animation-output-transform"/>
        <input semantic="INTERPOLATION" source="#mixamorig_Head-Interpolations"/>
      </sampler>
      <channel source="#mixamorig_Head-Matrix-animation-transform" target="mixamorig_Head/matrix"/>
    </animation>
    <animation id="mixamorig_LeftShoulder-anim" name="mixamorig_LeftShoulder">
      <source id="mixamorig_LeftShoulder-Matrix-animation-input">
        <float_array id="mixamorig_LeftShoulder-Matrix-animation-input-array" count="23">

0.000000 0.033333 0.066667 0.100000 0.133333 0.166667 0.200000 0.233333 0.266667 0.300000 0.333333 0.366667 0.400000 0.433333 0.466667 0.500000
0.533333 0.566667 0.600000 0.633333 0.666667 0.700000 0.733333</float_array>
        <technique_common>
          <accessor source="#mixamorig_LeftShoulder-Matrix-animation-input-array" count="23">
            <param name="TIME" type="float"/>
          </accessor>
        </technique_common>
      </source>
      <source id="mixamorig_LeftShoulder-Matrix-animation-output-transform">
        <float_array id="mixamorig_LeftShoulder-Matrix-animation-output-transform-array" count="368">

0.169635 0.748951 -0.640544 12.584900 -0.070397 -0.639094 -0.765900 11.395200 -0.982989 0.175016 -0.055688 -1.453100 0.000000 0.000000 0.000000 1.000000
0.172155 0.755081 -0.632625 12.584900 -0.069395 -0.631322 -0.772410 11.395200 -0.982622 0.176875 -0.056287 -1.453100 0.000000 0.000000 0.000000 1.000000
0.190067 0.759769 -0.621792 12.584900 -0.068933 -0.621447 -0.780418 11.395200 -0.979348 0.191194 -0.065743 -1.453100 0.000000 0.000000 0.000000 1.000000
0.217842 0.762705 -0.608955 12.584900 -0.068467 -0.610460 -0.789083 11.395200 -0.973579 0.213589 -0.080764 -1.453100 0.000000 0.000000 0.000000 1.000000
0.238385 0.763796 -0.599823 12.584900 -0.067939 -0.603001 -0.794843 11.395200 -0.968792 0.230229 -0.091855 -1.453100 0.000000 0.000000 0.000000 1.000000
0.239154 0.760806 -0.603308 12.584900 -0.068700 -0.606523 -0.792093 11.395200 -0.968548 0.230879 -0.092785 -1.453100 0.000000 0.000000 0.000000 1.000000
0.231691 0.751077 -0.618226 12.584900 -0.070981 -0.620772 -0.780771 11.395200 -0.970196 0.224780 -0.090515 -1.453100 0.000000 0.000000 0.000000 1.000000
0.229326 0.737027 -0.635768 12.584900 -0.073904 -0.638106 -0.766394 11.395200 -0.970540 0.222740 -0.091865 -1.453100 0.000000 0.000000 0.000000 1.000000
0.232815 0.727004 -0.645959 12.584900 -0.076095 -0.648556 -0.757353 11.395200 -0.969540 0.225477 -0.095672 -1.453100 0.000000 0.000000 0.000000 1.000000
0.233653 0.728082 -0.644440 12.584900 -0.075934 -0.647098 -0.758616 11.395200 -0.969350 0.226188 -0.095910 -1.453100 0.000000 0.000000 0.000000 1.000000
0.230675 0.738553 -0.633504 12.584900 -0.073722 -0.635926 -0.768221 11.395200 -0.970234 0.223913 -0.092244 -1.453100 0.000000 0.000000 0.000000 1.000000
0.226738 0.747940 -0.623839 12.584900 -0.071821 -0.625937 -0.776559 11.395200 -0.971304 0.220880 -0.088206 -1.453100 0.000000 0.000000 0.000000 1.000000
0.218694 0.745720 -0.629344 12.584900 -0.072319 -0.630796 -0.772571 11.395200 -0.973110 0.214470 -0.084021 -1.453100 0.000000 0.000000 0.000000 1.000000
0.200947 0.743847 -0.637426 12.584900 -0.072235 -0.637676 -0.766910 11.395200 -0.976935 0.200153 -0.074407 -1.453100 0.000000 0.000000 0.000000 1.000000
0.180838 0.756000 -0.629096 12.584900 -0.069455 -0.628229 -0.774922 11.395200 -0.981057 0.183830 -0.061099 -1.453100 0.000000 0.000000 0.000000 1.000000
0.175245 0.775956 -0.605954 12.584900 -0.066246 -0.604791 -0.793625 11.395200 -0.982294 0.179221 -0.054583 -1.453100 0.000000 0.000000 0.000000 1.000000
0.185178 0.782800 -0.594081 12.584900 -0.065154 -0.593427 -0.802247 11.395200 -0.980543 0.187265 -0.058887 -1.453100 0.000000 0.000000 0.000000 1.000000
0.193136 0.771098 -0.606717 12.584900 -0.067226 -0.606507 -0.792231 11.395200 -0.978866 0.193796 -0.065301 -1.453100 0.000000 0.000000 0.000000 1.000000
0.192544 0.745860 -0.637667 12.584900 -0.071683 -0.637400 -0.767192 11.395200 -0.978667 0.193428 -0.069262 -1.453100 0.000000 0.000000 0.000000 1.000000
0.188301 0.721347 -0.666484 12.584900 -0.075555 -0.665973 -0.742140 11.395200 -0.979201 0.190102 -0.070902 -1.453100 0.000000 0.000000 0.000000 1.000000
0.182767 0.717708 -0.671931 12.584900 -0.075767 -0.671128 -0.737459 11.395200 -0.980232 0.185693 -0.068282 -1.453100 0.000000 0.000000 0.000000 1.000000
0.175551 0.733386 -0.656754 12.584900 -0.072965 -0.655587 -0.751586 11.395200 -0.981763 0.179862 -0.061578 -1.453100 0.000000 0.000000 0.000000 1.000000
0.169634 0.748951 -0.640544 12.584900 -0.070397 -0.639095 -0.765899 11.395200 -0.982990 0.175015 -0.055688 -1.453100 0.000000 0.000000 0.000000 1.000000</float_array>
        <technique_common>
          <accessor source="#mixamorig_LeftShoulder-Matrix-animation-output-transform-array" count="23" stride="16">
            <param type="float4x4"/>
          </accessor>
        </technique_common>
      </source>
      <source id="mixamorig_LeftShoulder-Interpolations">
        <Name_array id="mixamorig_LeftShoulder-Interpolations-array" count="23">
 LINEAR LINEAR LINEAR LINEAR LINEAR LINEAR LINEAR LINEAR LINEAR LINEAR LINEAR
LINEAR LINEAR LINEAR LINEAR LINEAR LINEAR LINEAR LINEAR LINEAR LINEAR LINEAR LINEAR</Name_array>
        <technique_common>
          <accessor source="#mixamorig_LeftShoulder-Interpolations-array" count="23">
            <param type="name"/>
          </accessor>
        </technique_common>
      </source>
      <sampler id="mixamorig_LeftShoulder-Matrix-animation-transform">
        <input semantic="INPUT" source="#mixamorig_LeftShoulder-Matrix-animation-input"/>
        <input semantic="OUTPUT" source="#mixamorig_LeftShoulder-Matrix-animation-output-transform"/>
        <input semantic="INTERPOLATION" source="#mixamorig_LeftShoulder-Interpolations"/>
      </sampler>
      <channel source="#mixamorig_LeftShoulder-Matrix-animation-transform" target="mixamorig_LeftShoulder/matrix"/>
    </animation>
    <animation id="mixamorig_LeftArm-anim" name="mixamorig_LeftArm">
      <source id="mixamorig_LeftArm-Matrix-animation-input">
        <float_array id="mixamorig_LeftArm-Matrix-animation-input-array" count="23">

0.000000 0.033333 0.066667 0.100000 0.133333 0.166667 0.200000 0.233333 0.266667 0.300000 0.333333 0.366667 0.400000 0.433333 0.466667 0.500000
0.533333 0.566667 0.600000 0.633333 0.666667 0.700000 0.733333</float_array>
        <technique_common>
          <accessor source="#mixamorig_LeftArm-Matrix-animation-input-array" count="23">
            <param name="TIME" type="float"/>
          </accessor>
        </technique_common>
      </source>
      <source id="mixamorig_LeftArm-Matrix-animation-output-transform">
        <float_array id="mixamorig_LeftArm-Matrix-animation-output-transform-array" count="368">

0.794478 0.592985 -0.131047 0.000000 -0.499313 0.514997 -0.696753 15.319300 -0.345676 0.618988 0.705239 0.000000 0.000000 0.000000 0.000000 1.000000
0.836334 0.537833 -0.106211 0.000000 -0.459848 0.582749 -0.670032 15.319300 -0.298471 0.609212 0.734695 0.000000 0.000000 0.000000 0.000000 1.000000
0.842987 0.532052 -0.079331 0.000000 -0.461966 0.640466 -0.613507 15.319300 -0.275609 0.553826 0.785695 0.000000 0.000000 0.000000 0.000000 1.000000
0.835936 0.544372 -0.069793 -0.000000 -0.496175 0.695252 -0.520034 15.319300 -0.234569 0.469345 0.851289 -0.000000 0.000000 0.000000 0.000000 1.000000
0.843621 0.529532 -0.088876 -0.000000 -0.519223 0.762368 -0.386268 15.319300 -0.136785 0.372010 0.918095 0.000000 0.000000 0.000000 0.000000 1.000000
0.877956 0.460314 -0.131545 0.000000 -0.478735 0.845566 -0.236285 15.319300 0.002464 0.270423 0.962738 0.000000 0.000000 0.000000 0.000000 1.000000
0.912270 0.368647 -0.178501 0.000000 -0.392644 0.911167 -0.124922 15.319300 0.116592 0.184050 0.975977 0.000000 0.000000 0.000000 0.000000 1.000000
0.929667 0.307804 -0.202427 0.000000 -0.330241 0.939823 -0.087603 15.319300 0.163281 0.148292 0.975371 0.000000 0.000000 0.000000 0.000000 1.000000
0.935799 0.306634 -0.173943 -0.000000 -0.328666 0.937312 -0.115863 15.319300 0.127512 0.165593 0.977916 0.000000 0.000000 0.000000 0.000000 1.000000
0.939338 0.330424 -0.091999 0.000000 -0.342052 0.922292 -0.179939 15.319300 0.025394 0.200492 0.979366 0.000000 0.000000 0.000000 0.000000 1.000000
0.937271 0.348386 0.012251 0.000000 -0.332154 0.903164 -0.271972 15.319300 -0.105815 0.250842 0.962227 -0.000000 0.000000 0.000000 0.000000 1.000000
0.922689 0.371583 0.102819 0.000000 -0.309004 0.872212 -0.379160 15.319300 -0.230569 0.318075 0.919601 0.000000 0.000000 0.000000 0.000000 1.000000
0.885295 0.435728 0.162461 0.000000 -0.318775 0.822985 -0.470189 15.319300 -0.338578 0.364467 0.867484 0.000000 0.000000 0.000000 0.000000 1.000000
0.822493 0.534936 0.193261 0.000000 -0.369307 0.760688 -0.533822 15.319300 -0.432572 0.367693 0.823216 0.000000 0.000000 0.000000 0.000000 1.000000
0.739319 0.646886 0.186939 -0.000000 -0.449382 0.680760 -0.578464 15.319300 -0.501461 0.343663 0.793998 0.000000 0.000000 0.000000 0.000000 1.000000
0.637083 0.758046 0.139609 -0.000000 -0.548582 0.573153 -0.608730 15.319300 -0.541464 0.311225 0.780997 0.000000 0.000000 0.000000 0.000000 1.000000
0.533500 0.842417 0.075574 0.000000 -0.632879 0.456877 -0.625082 15.319300 -0.561107 0.285652 0.776892 -0.000000 0.000000 0.000000 0.000000 1.000000
0.485093 0.874090 0.025545 0.000000 -0.668965 0.389751 -0.632914 15.319300 -0.563179 0.289933 0.773801 -0.000000 0.000000 0.000000 0.000000 1.000000
0.516004 0.856579 -0.003593 0.000000 -0.660672 0.395312 -0.638155 15.319300 -0.545209 0.331664 0.769900 0.000000 0.000000 0.000000 0.000000 1.000000
0.590332 0.806597 -0.030168 0.000000 -0.626045 0.433958 -0.647880 15.319300 -0.509486 0.401351 0.761145 -0.000000 0.000000 0.000000 0.000000 1.000000
0.668265 0.740414 -0.072177 0.000000 -0.582353 0.460285 -0.670077 15.319300 -0.462913 0.489821 0.738774 0.000000 0.000000 0.000000 0.000000 1.000000
0.737696 0.665178 -0.115513 0.000000 -0.538958 0.477174 -0.694139 15.319300 -0.406607 0.574320 0.710512 0.000000 0.000000 0.000000 0.000000 1.000000
0.794478 0.592985 -0.131047 0.000000 -0.499312 0.514997 -0.696753 15.319300 -0.345676 0.618988 0.705239 -0.000000 0.000000 0.000000 0.000000 1.000000</float_array>
        <technique_common>
          <accessor source="#mixamorig_LeftArm-Matrix-animation-output-transform-array" count="23" stride="16">
            <param type="float4x4"/>
          </accessor>
        </technique_common>
      </source>
      <source id="mixamorig_LeftArm-Interpolations">
        <Name_array id="mixamorig_LeftArm-Interpolations-array" count="23">
 LINEAR LINEAR LINEAR LINEAR LINEAR LINEAR LINEAR LINEAR LINEAR LINEAR LINEAR
LINEAR LINEAR LINEAR LINEAR LINEAR LINEAR LINEAR LINEAR LINEAR LINEAR LINEAR LINEAR</Name_array>
        <technique_common>
          <accessor source="#mixamorig_LeftArm-Interpolations-array" count="23">
            <param type="name"/>
          </accessor>
        </technique_common>
      </source>
      <sampler id="mixamorig_LeftArm-Matrix-animation-transform">
        <input semantic="INPUT" source="#mixamorig_LeftArm-Matrix-animation-input"/>
        <input semantic="OUTPUT" source="#mixamorig_LeftArm-Matrix-animation-output-transform"/>
        <input semantic="INTERPOLATION" source="#mixamorig_LeftArm-Interpolations"/>
      </sampler>
      <channel source="#mixamorig_LeftArm-Matrix-animation-transform" target="mixamorig_LeftArm/matrix"/>
    </animation>
    <animation id="mixamorig_LeftForeArm-anim" name="mixamorig_LeftForeArm">
      <source id="mixamorig_LeftForeArm-Matrix-animation-input">
        <float_array id="mixamorig_LeftForeArm-Matrix-animation-input-array" count="23">

0.000000 0.033333 0.066667 0.100000 0.133333 0.166667 0.200000 0.233333 0.266667 0.300000 0.333333 0.366667 0.400000 0.433333 0.466667 0.500000
0.533333 0.566667 0.600000 0.633333 0.666667 0.700000 0.733333</float_array>
        <technique_common>
          <accessor source="#mixamorig_LeftForeArm-Matrix-animation-input-array" count="23">
            <param name="TIME" type="float"/>
          </accessor>
        </technique_common>
      </source>
      <source id="mixamorig_LeftForeArm-Matrix-animation-output-transform">
        <float_array id="mixamorig_LeftForeArm-Matrix-animation-output-transform-array" count="368">

0.567389 -0.823450 -0.000000 0.000000 0.823450 0.567389 0.000000 34.109299 -0.000000 -0.000000 1.000000 0.000000 0.000000 0.000000 0.000000 1.000000
0.435388 -0.900243 -0.000000 0.000000 0.900243 0.435388 0.000000 34.109299 -0.000000 -0.000000 1.000000 0.000000 0.000000 0.000000 0.000000 1.000000
0.209135 -0.977887 -0.000000 -0.000000 0.977887 0.209135 0.000000 34.109299 -0.000000 -0.000000 1.000000 0.000000 0.000000 0.000000 0.000000 1.000000
-0.065297 -0.997866 -0.000000 0.000000 0.997866 -0.065297 -0.000000 34.109299 0.000000 -0.000000 1.000000 0.000000 0.000000 0.000000 0.000000 1.000000
-0.305977 -0.952039 -0.000000 0.000000 0.952039 -0.305977 0.000000 34.109299 -0.000000 0.000000 1.000000 -0.000000 0.000000 0.000000 0.000000 1.000000
-0.443783 -0.896134 0.000000 -0.000000 0.896134 -0.443783 -0.000000 34.109299 0.000000 0.000000 1.000000 0.000000 0.000000 0.000000 0.000000 1.000000
-0.470204 -0.882558 -0.000000 0.000000 0.882558 -0.470204 0.000000 34.109299 -0.000000 -0.000000 1.000000 0.000000 0.000000 0.000000 0.000000 1.000000
-0.402046 -0.915620 -0.000000 0.000000 0.915620 -0.402046 -0.000000 34.109299 0.000000 -0.000000 1.000000 0.000000 0.000000 0.000000 0.000000 1.000000
-0.263711 -0.964602 -0.000000 0.000000 0.964602 -0.263711 -0.000000 34.109299 0.000000 -0.000000 1.000000 0.000000 0.000000 0.000000 0.000000 1.000000
-0.069848 -0.997558 -0.000000 -0.000000 0.997558 -0.069848 0.000000 34.109299 -0.000000 -0.000000 1.000000 0.000000 0.000000 0.000000 0.000000 1.000000
0.170881 -0.985292 -0.000000 0.000000 0.985292 0.170881 -0.000000 34.109299 0.000000 -0.000000 1.000000 0.000000 0.000000 0.000000 0.000000 1.000000
0.409306 -0.912397 0.000000 0.000000 0.912397 0.409306 -0.000000 34.109299 -0.000000 0.000000 1.000000 0.000000 0.000000 0.000000 0.000000 1.000000
0.560954 -0.827847 0.000000 -0.000000 0.827847 0.560954 0.000000 34.109299 -0.000000 -0.000000 1.000000 -0.000000 0.000000 0.000000 0.000000 1.000000
0.611625 -0.791148 -0.000000 0.000000 0.791148 0.611625 0.000000 34.109299 -0.000000 -0.000000 1.000000 0.000000 0.000000 0.000000 0.000000 1.000000
0.587901 -0.808933 -0.000000 0.000000 0.808933 0.587901 -0.000000 34.109299 0.000000 -0.000000 1.000000 -0.000000 0.000000 0.000000 0.000000 1.000000
0.518039 -0.855357 -0.000000 0.000000 0.855357 0.518039 -0.000000 34.109299 0.000000 -0.000000 1.000000 -0.000000 0.000000 0.000000 0.000000 1.000000
0.450086 -0.892985 -0.000000 -0.000000 0.892985 0.450086 0.000000 34.109299 -0.000000 -0.000000 1.000000 -0.000000 0.000000 0.000000 0.000000 1.000000
0.442514 -0.896762 0.000000 -0.000000 0.896762 0.442514 -0.000000 34.109299 0.000000 0.000000 1.000000 0.000000 0.000000 0.000000 0.000000 1.000000
0.499704 -0.866196 0.000000 -0.000000 0.866196 0.499704 -0.000000 34.109299 0.000000 0.000000 1.000000 0.000000 0.000000 0.000000 0.000000 1.000000
0.572061 -0.820211 0.000000 0.000000 0.820211 0.572061 0.000000 34.109299 -0.000000 -0.000000 1.000000 -0.000000 0.000000 0.000000 0.000000 1.000000
0.620378 -0.784303 -0.000000 0.000000 0.784303 0.620378 -0.000000 34.109299 0.000000 0.000000 1.000000 0.000000 0.000000 0.000000 0.000000 1.000000
0.626565 -0.779369 0.000000 0.000000 0.779369 0.626565 0.000000 34.109299 -0.000000 0.000000 1.000000 0.000000 0.000000 0.000000 0.000000 1.000000
0.567389 -0.823450 -0.000000 0.000000 0.823450 0.567389 -0.000000 34.109299 0.000000 -0.000000 1.000000 0.000000 0.000000 0.000000 0.000000 1.000000</float_array>
        <technique_common>
          <accessor source="#mixamorig_LeftForeArm-Matrix-animation-output-transform-array" count="23" stride="16">
            <param type="float4x4"/>
          </accessor>
        </technique_common>
      </source>
      <source id="mixamorig_LeftForeArm-Interpolations">
        <Name_array id="mixamorig_LeftForeArm-Interpolations-array" count="23">
 LINEAR LINEAR LINEAR LINEAR LINEAR LINEAR LINEAR LINEAR LINEAR LINEAR LINEAR
LINEAR LINEAR LINEAR LINEAR LINEAR LINEAR LINEAR LINEAR LINEAR LINEAR LINEAR LINEAR</Name_array>
        <technique_common>
          <accessor source="#mixamorig_LeftForeArm-Interpolations-array" count="23">
            <param type="name"/>
          </accessor>
        </technique_common>
      </source>
      <sampler id="mixamorig_LeftForeArm-Matrix-animation-transform">
        <input semantic="INPUT" source="#mixamorig_LeftForeArm-Matrix-animation-input"/>
        <input semantic="OUTPUT" source="#mixamorig_LeftForeArm-Matrix-animation-output-transform"/>
        <input semantic="INTERPOLATION" source="#mixamorig_LeftForeArm-Interpolations"/>
      </sampler>
      <channel source="#mixamorig_LeftForeArm-Matrix-animation-transform" target="mixamorig_LeftForeArm/matrix"/>
    </animation>
    <animation id="mixamorig_LeftHand-anim" name="mixamorig_LeftHand">
      <source id="mixamorig_LeftHand-Matrix-animation-input">
        <float_array id="mixamorig_LeftHand-Matrix-animation-input-array" count="23">

0.000000 0.033333 0.066667 0.100000 0.133333 0.166667 0.200000 0.233333 0.266667 0.300000 0.333333 0.366667 0.400000 0.433333 0.466667 0.500000
0.533333 0.566667 0.600000 0.633333 0.666667 0.700000 0.733333</float_array>
        <technique_common>
          <accessor source="#mixamorig_LeftHand-Matrix-animation-input-array" count="23">
            <param name="TIME" type="float"/>
          </accessor>
        </technique_common>
      </source>
      <source id="mixamorig_LeftHand-Matrix-animation-output-transform">
        <float_array id="mixamorig_LeftHand-Matrix-animation-output-transform-array" count="368">

0.993526 0.072081 0.087807 -0.000000 -0.072364 0.997378 0.000036 41.076000 -0.087574 -0.006390 0.996138 -0.000000 0.000000 0.000000 0.000000 1.000000
0.995380 0.031457 0.090716 -0.000000 -0.034998 0.998676 0.037711 41.076000 -0.089409 -0.040712 0.995163 0.000000 0.000000 0.000000 0.000000 1.000000
0.990484 -0.007595 0.137421 0.000000 -0.006009 0.995138 0.098308 41.076000 -0.137500 -0.098198 0.985622 0.000000 0.000000 0.000000 0.000000 1.000000
0.978754 -0.022752 0.203772 0.000000 -0.010452 0.986996 0.160405 41.076000 -0.204772 -0.159127 0.965788 0.000000 0.000000 0.000000 0.000000 1.000000
0.964158 -0.010570 0.265118 -0.000000 -0.041335 0.981022 0.189439 41.076000 -0.262090 -0.193608 0.945423 0.000000 0.000000 0.000000 0.000000 1.000000
0.947401 0.003608 0.320028 0.000000 -0.063472 0.982194 0.176825 41.076000 -0.313691 -0.187837 0.930761 0.000000 0.000000 0.000000 0.000000 1.000000
0.929594 -0.000184 0.368586 -0.000000 -0.061810 0.985761 0.156380 41.076000 -0.363367 -0.168152 0.916346 0.000000 0.000000 0.000000 0.000000 1.000000
0.918700 -0.014656 0.394684 -0.000000 -0.049479 0.987168 0.151828 41.076000 -0.391844 -0.159012 0.906186 0.000000 0.000000 0.000000 0.000000 1.000000
0.915111 -0.014858 0.402927 -0.000000 -0.046270 0.988849 0.141551 41.076000 -0.400537 -0.148178 0.904219 0.000000 0.000000 0.000000 0.000000 1.000000
0.902026 0.020702 0.431185 0.000000 -0.056837 0.995849 0.071090 41.076000 -0.427924 -0.088633 0.899458 0.000000 0.000000 0.000000 0.000000 1.000000
0.876644 0.098583 0.470931 0.000000 -0.072781 0.994692 -0.072743 41.076000 -0.475602 0.029495 0.879166 0.000000 0.000000 0.000000 0.000000 1.000000
0.857531 0.203461 0.472487 -0.000000 -0.095813 0.965561 -0.241893 41.076000 -0.505431 0.162160 0.847493 0.000000 0.000000 0.000000 0.000000 1.000000
0.867415 0.284795 0.408022 0.000000 -0.138469 0.925773 -0.351809 41.076000 -0.477930 0.248666 0.842466 0.000000 0.000000 0.000000 0.000000 1.000000
0.897959 0.306001 0.316281 -0.000000 -0.168342 0.902871 -0.395583 41.076000 -0.406609 0.301974 0.862253 0.000000 0.000000 0.000000 0.000000 1.000000
0.928896 0.290587 0.229588 -0.000000 -0.174266 0.889984 -0.421378 41.076000 -0.326777 0.351407 0.877343 0.000000 0.000000 0.000000 0.000000 1.000000
0.942624 0.295499 0.155374 0.000000 -0.200110 0.872607 -0.445548 41.076000 -0.267239 0.388892 0.881672 0.000000 0.000000 0.000000 0.000000 1.000000
0.939190 0.328631 0.099618 0.000000 -0.256902 0.864907 -0.431205 41.076000 -0.227867 0.379391 0.896738 -0.000000 0.000000 0.000000 0.000000 1.000000
0.937143 0.340184 0.077703 -0.000000 -0.288273 0.880237 -0.376937 41.076000 -0.196625 0.330844 0.922974 0.000000 0.000000 0.000000 0.000000 1.000000
0.947055 0.310974 0.079884 0.000000 -0.273481 0.911664 -0.306721 41.076000 -0.168209 0.268635 0.948441 -0.000000 0.000000 0.000000 0.000000 1.000000
0.962833 0.259271 0.075698 0.000000 -0.236233 0.944241 -0.229352 41.076000 -0.130941 0.202946 0.970395 -0.000000 0.000000 0.000000 0.000000 1.000000
0.977963 0.198614 0.064354 -0.000000 -0.188000 0.971805 -0.142304 41.076000 -0.090803 0.127069 0.987729 -0.000000 0.000000 0.000000 0.000000 1.000000
0.989166 0.131225 0.065810 0.000000 -0.127498 0.990143 -0.057978 41.076000 -0.072769 0.048960 0.996146 0.000000 0.000000 0.000000 0.000000 1.000000
0.993526 0.072081 0.087807 0.000000 -0.072364 0.997378 0.000036 41.076000 -0.087574 -0.006389 0.996138 -0.000000 0.000000 0.000000 0.000000 1.000000</float_array>
        <technique_common>
          <accessor source="#mixamorig_LeftHand-Matrix-animation-output-transform-array" count="23" stride="16">
            <param type="float4x4"/>
          </accessor>
        </technique_common>
      </source>
      <source id="mixamorig_LeftHand-Interpolations">
        <Name_array id="mixamorig_LeftHand-Interpolations-array" count="23">
 LINEAR LINEAR LINEAR LINEAR LINEAR LINEAR LINEAR LINEAR LINEAR LINEAR LINEAR
LINEAR LINEAR LINEAR LINEAR LINEAR LINEAR LINEAR LINEAR LINEAR LINEAR LINEAR LINEAR</Name_array>
        <technique_common>
          <accessor source="#mixamorig_LeftHand-Interpolations-array" count="23">
            <param type="name"/>
          </accessor>
        </technique_common>
      </source>
      <sampler id="mixamorig_LeftHand-Matrix-animation-transform">
        <input semantic="INPUT" source="#mixamorig_LeftHand-Matrix-animation-input"/>
        <input semantic="OUTPUT" source="#mixamorig_LeftHand-Matrix-animation-output-transform"/>
        <input semantic="INTERPOLATION" source="#mixamorig_LeftHand-Interpolations"/>
      </sampler>
      <channel source="#mixamorig_LeftHand-Matrix-animation-transform" target="mixamorig_LeftHand/matrix"/>
    </animation>
    <animation id="mixamorig_LeftHandThumb1-anim" name="mixamorig_LeftHandThumb1">
      <source id="mixamorig_LeftHandThumb1-Matrix-animation-input">
        <float_array id="mixamorig_LeftHandThumb1-Matrix-animation-input-array" count="23">

0.000000 0.033333 0.066667 0.100000 0.133333 0.166667 0.200000 0.233333 0.266667 0.300000 0.333333 0.366667 0.400000 0.433333 0.466667 0.500000
0.533333 0.566667 0.600000 0.633333 0.666667 0.700000 0.733333</float_array>
        <technique_common>
          <accessor source="#mixamorig_LeftHandThumb1-Matrix-animation-input-array" count="23">
            <param name="TIME" type="float"/>
          </accessor>
        </technique_common>
      </source>
      <source id="mixamorig_LeftHandThumb1-Matrix-animation-output-transform">
        <float_array id="mixamorig_LeftHandThumb1-Matrix-animation-output-transform-array" count="368">

0.849413 -0.487862 0.201216 -9.706200 0.518715 0.842003 -0.148209 9.904300 -0.097119 0.230264 0.968270 7.213800 0.000000 0.000000 0.000000 1.000000
0.849413 -0.487862 0.201216 -9.706200 0.518715 0.842003 -0.148209 9.904300 -0.097119 0.230264 0.968270 7.213800 0.000000 0.000000 0.000000 1.000000
0.849413 -0.487862 0.201216 -9.706200 0.518715 0.842003 -0.148209 9.904300 -0.097119 0.230264 0.968270 7.213800 0.000000 0.000000 0.000000 1.000000
0.849413 -0.487862 0.201216 -9.706200 0.518715 0.842003 -0.148209 9.904300 -0.097119 0.230264 0.968270 7.213800 0.000000 0.000000 0.000000 1.000000
0.849413 -0.487862 0.201216 -9.706200 0.518715 0.842003 -0.148209 9.904300 -0.097119 0.230264 0.968270 7.213800 0.000000 0.000000 0.000000 1.000000
0.849413 -0.487862 0.201216 -9.706200 0.518714 0.842003 -0.148209 9.904300 -0.097119 0.230264 0.968270 7.213800 0.000000 0.000000 0.000000 1.000000
0.849413 -0.487862 0.201216 -9.706200 0.518715 0.842003 -0.148209 9.904300 -0.097119 0.230264 0.968270 7.213800 0.000000 0.000000 0.000000 1.000000
0.849413 -0.487862 0.201216 -9.706200 0.518715 0.842003 -0.148209 9.904300 -0.097119 0.230264 0.968270 7.213800 0.000000 0.000000 0.000000 1.000000
0.849413 -0.487862 0.201216 -9.706200 0.518715 0.842003 -0.148209 9.904300 -0.097119 0.230264 0.968270 7.213800 0.000000 0.000000 0.000000 1.000000
0.849413 -0.487862 0.201216 -9.706200 0.518715 0.842003 -0.148209 9.904300 -0.097119 0.230264 0.968270 7.213800 0.000000 0.000000 0.000000 1.000000
0.849413 -0.487862 0.201216 -9.706200 0.518715 0.842003 -0.148209 9.904300 -0.097119 0.230264 0.968270 7.213800 0.000000 0.000000 0.000000 1.000000
0.849413 -0.487862 0.201216 -9.706200 0.518715 0.842003 -0.148209 9.904300 -0.097119 0.230264 0.968270 7.213800 0.000000 0.000000 0.000000 1.000000
0.849413 -0.487862 0.201216 -9.706200 0.518715 0.842003 -0.148209 9.904300 -0.097119 0.230264 0.968270 7.213800 0.000000 0.000000 0.000000 1.000000
0.849413 -0.487862 0.201216 -9.706200 0.518715 0.842003 -0.148209 9.904300 -0.097119 0.230264 0.968270 7.213800 0.000000 0.000000 0.000000 1.000000
0.849413 -0.487862 0.201216 -9.706200 0.518715 0.842003 -0.148209 9.904300 -0.097119 0.230264 0.968270 7.213800 0.000000 0.000000 0.000000 1.000000
0.849413 -0.487862 0.201216 -9.706200 0.518715 0.842003 -0.148209 9.904300 -0.097119 0.230264 0.968270 7.213800 0.000000 0.000000 0.000000 1.000000
0.849413 -0.487862 0.201216 -9.706200 0.518715 0.842003 -0.148208 9.904300 -0.097119 0.230264 0.968270 7.213800 0.000000 0.000000 0.000000 1.000000
0.849413 -0.487862 0.201216 -9.706200 0.518715 0.842003 -0.148209 9.904300 -0.097119 0.230264 0.968270 7.213800 0.000000 0.000000 0.000000 1.000000
0.849413 -0.487862 0.201216 -9.706200 0.518715 0.842003 -0.148209 9.904300 -0.097119 0.230264 0.968270 7.213800 0.000000 0.000000 0.000000 1.000000
0.849413 -0.487862 0.201216 -9.706200 0.518715 0.842003 -0.148209 9.904300 -0.097119 0.230264 0.968270 7.213800 0.000000 0.000000 0.000000 1.000000
0.849413 -0.487862 0.201216 -9.706200 0.518715 0.842003 -0.148209 9.904300 -0.097119 0.230264 0.968270 7.213800 0.000000 0.000000 0.000000 1.000000
0.849413 -0.487862 0.201216 -9.706200 0.518715 0.842003 -0.148209 9.904300 -0.097119 0.230264 0.968270 7.213800 0.000000 0.000000 0.000000 1.000000
0.849413 -0.487862 0.201216 -9.706200 0.518715 0.842003 -0.148209 9.904300 -0.097119 0.230264 0.968270 7.213800 0.000000 0.000000 0.000000 1.000000</float_array>
        <technique_common>
          <accessor source="#mixamorig_LeftHandThumb1-Matrix-animation-output-transform-array" count="23" stride="16">
            <param type="float4x4"/>
          </accessor>
        </technique_common>
      </source>
      <source id="mixamorig_LeftHandThumb1-Interpolations">
        <Name_array id="mixamorig_LeftHandThumb1-Interpolations-array" count="23">
 LINEAR LINEAR LINEAR LINEAR LINEAR LINEAR LINEAR LINEAR LINEAR LINEAR LINEAR
LINEAR LINEAR LINEAR LINEAR LINEAR LINEAR LINEAR LINEAR LINEAR LINEAR LINEAR LINEAR</Name_array>
        <technique_common>
          <accessor source="#mixamorig_LeftHandThumb1-Interpolations-array" count="23">
            <param type="name"/>
          </accessor>
        </technique_common>
      </source>
      <sampler id="mixamorig_LeftHandThumb1-Matrix-animation-transform">
        <input semantic="INPUT" source="#mixamorig_LeftHandThumb1-Matrix-animation-input"/>
        <input semantic="OUTPUT" source="#mixamorig_LeftHandThumb1-Matrix-animation-output-transform"/>
        <input semantic="INTERPOLATION" source="#mixamorig_LeftHandThumb1-Interpolations"/>
      </sampler>
      <channel source="#mixamorig_LeftHandThumb1-Matrix-animation-transform" target="mixamorig_LeftHandThumb1/matrix"/>
    </animation>
    <animation id="mixamorig_LeftHandThumb2-anim" name="mixamorig_LeftHandThumb2">
      <source id="mixamorig_LeftHandThumb2-Matrix-animation-input">
        <float_array id="mixamorig_LeftHandThumb2-Matrix-animation-input-array" count="23">

0.000000 0.033333 0.066667 0.100000 0.133333 0.166667 0.200000 0.233333 0.266667 0.300000 0.333333 0.366667 0.400000 0.433333 0.466667 0.500000
0.533333 0.566667 0.600000 0.633333 0.666667 0.700000 0.733333</float_array>
        <technique_common>
          <accessor source="#mixamorig_LeftHandThumb2-Matrix-animation-input-array" count="23">
            <param name="TIME" type="float"/>
          </accessor>
        </technique_common>
      </source>
      <source id="mixamorig_LeftHandThumb2-Matrix-animation-output-transform">
        <float_array id="mixamorig_LeftHandThumb2-Matrix-animation-output-transform-array" count="368">

0.910641 0.413165 0.005231 0.000000 -0.401832 0.888470 -0.221701 2.369000 -0.096247 0.199789 0.975101 0.000000 0.000000 0.000000 0.000000 1.000000
0.914928 0.403489 0.010125 0.000000 -0.391823 0.893935 -0.217614 2.369000 -0.096856 0.195134 0.975982 0.000000 0.000000 0.000000 0.000000 1.000000
0.913252 0.407312 0.008215 0.000000 -0.395772 0.891798 -0.219227 2.369000 -0.096620 0.196959 0.975639 0.000000 0.000000 0.000000 0.000000 1.000000
0.909876 0.414859 0.004115 0.000000 -0.403656 0.887510 -0.222233 2.369000 -0.095848 0.200544 0.974985 0.000000 0.000000 0.000000 0.000000 1.000000
0.909596 0.415478 0.003711 0.000000 -0.404322 0.887159 -0.222424 2.369000 -0.095705 0.200815 0.974943 -0.000000 0.000000 0.000000 0.000000 1.000000
0.904965 0.425475 -0.002999 -0.000000 -0.415113 0.881335 -0.225677 2.369000 -0.093377 0.205474 0.974198 -0.000000 0.000000 0.000000 0.000000 1.000000
0.908150 0.418643 0.001611 0.000000 -0.407733 0.885343 -0.223431 2.369000 -0.094964 0.202252 0.974718 0.000000 0.000000 0.000000 0.000000 1.000000
0.905091 0.425208 -0.002803 -0.000000 -0.414823 0.881498 -0.225572 2.369000 -0.093444 0.205326 0.974222 0.000000 0.000000 0.000000 0.000000 1.000000
0.912802 0.408332 0.007578 0.000000 -0.396869 0.891252 -0.219466 2.369000 -0.096369 0.197321 0.975591 -0.000000 0.000000 0.000000 0.000000 1.000000
0.930787 0.364394 0.029196 -0.000000 -0.351652 0.914332 -0.200845 2.369000 -0.099881 0.176677 0.979188 -0.000000 0.000000 0.000000 0.000000 1.000000
0.944514 0.325104 0.046914 -0.000000 -0.311743 0.932219 -0.183806 2.369000 -0.103491 0.158982 0.981842 0.000000 0.000000 0.000000 0.000000 1.000000
0.941283 0.334917 0.042632 0.000000 -0.321672 0.927994 -0.188027 2.369000 -0.102536 0.163273 0.981238 0.000000 0.000000 0.000000 0.000000 1.000000
0.936697 0.348214 0.036689 -0.000000 -0.335168 0.922018 -0.193763 2.369000 -0.101299 0.169201 0.980362 0.000000 0.000000 0.000000 0.000000 1.000000
0.931437 0.362658 0.030057 0.000000 -0.349882 0.915198 -0.199990 2.369000 -0.100036 0.175762 0.979337 -0.000000 0.000000 0.000000 0.000000 1.000000
0.927314 0.373450 0.024975 -0.000000 -0.360914 0.909871 -0.204635 2.369000 -0.099145 0.180747 0.978520 0.000000 0.000000 0.000000 0.000000 1.000000
0.913606 0.406506 0.008745 0.000000 -0.394919 0.892273 -0.218832 2.369000 -0.096759 0.196473 0.975723 -0.000000 0.000000 0.000000 0.000000 1.000000
0.908695 0.417453 0.002395 -0.000000 -0.406451 0.886026 -0.223059 2.369000 -0.095238 0.201719 0.974802 0.000000 0.000000 0.000000 0.000000 1.000000
0.906986 0.421160 -0.000121 0.000000 -0.410453 0.883865 -0.224303 2.369000 -0.094360 0.203489 0.974519 0.000000 0.000000 0.000000 0.000000 1.000000
0.902352 0.430947 -0.006787 0.000000 -0.421043 0.878029 -0.227568 2.369000 -0.092111 0.208204 0.973738 0.000000 0.000000 0.000000 0.000000 1.000000
0.902942 0.429721 -0.005962 0.000000 -0.419715 0.878766 -0.227177 2.369000 -0.092383 0.207630 0.973835 0.000000 0.000000 0.000000 0.000000 1.000000
0.914849 0.403670 0.010079 0.000000 -0.392006 0.893850 -0.217630 2.369000 -0.096860 0.195148 0.975979 0.000000 0.000000 0.000000 0.000000 1.000000
0.915453 0.402280 0.010770 0.000000 -0.390573 0.894622 -0.217034 2.369000 -0.096943 0.194478 0.976105 -0.000000 0.000000 0.000000 0.000000 1.000000
0.910641 0.413165 0.005231 0.000000 -0.401832 0.888470 -0.221702 2.369000 -0.096247 0.199789 0.975101 -0.000000 0.000000 0.000000 0.000000 1.000000</float_array>
        <technique_common>
          <accessor source="#mixamorig_LeftHandThumb2-Matrix-animation-output-transform-array" count="23" stride="16">
            <param type="float4x4"/>
          </accessor>
        </technique_common>
      </source>
      <source id="mixamorig_LeftHandThumb2-Interpolations">
        <Name_array id="mixamorig_LeftHandThumb2-Interpolations-array" count="23">
 LINEAR LINEAR LINEAR LINEAR LINEAR LINEAR LINEAR LINEAR LINEAR LINEAR LINEAR
LINEAR LINEAR LINEAR LINEAR LINEAR LINEAR LINEAR LINEAR LINEAR LINEAR LINEAR LINEAR</Name_array>
        <technique_common>
          <accessor source="#mixamorig_LeftHandThumb2-Interpolations-array" count="23">
            <param type="name"/>
          </accessor>
        </technique_common>
      </source>
      <sampler id="mixamorig_LeftHandThumb2-Matrix-animation-transform">
        <input semantic="INPUT" source="#mixamorig_LeftHandThumb2-Matrix-animation-input"/>
        <input semantic="OUTPUT" source="#mixamorig_LeftHandThumb2-Matrix-animation-output-transform"/>
        <input semantic="INTERPOLATION" source="#mixamorig_LeftHandThumb2-Interpolations"/>
      </sampler>
      <channel source="#mixamorig_LeftHandThumb2-Matrix-animation-transform" target="mixamorig_LeftHandThumb2/matrix"/>
    </animation>
    <animation id="mixamorig_LeftHandThumb3-anim" name="mixamorig_LeftHandThumb3">
      <source id="mixamorig_LeftHandThumb3-Matrix-animation-input">
        <float_array id="mixamorig_LeftHandThumb3-Matrix-animation-input-array" count="23">

0.000000 0.033333 0.066667 0.100000 0.133333 0.166667 0.200000 0.233333 0.266667 0.300000 0.333333 0.366667 0.400000 0.433333 0.466667 0.500000
0.533333 0.566667 0.600000 0.633333 0.666667 0.700000 0.733333</float_array>
        <technique_common>
          <accessor source="#mixamorig_LeftHandThumb3-Matrix-animation-input-array" count="23">
            <param name="TIME" type="float"/>
          </accessor>
        </technique_common>
      </source>
      <source id="mixamorig_LeftHandThumb3-Matrix-animation-output-transform">
        <float_array id="mixamorig_LeftHandThumb3-Matrix-animation-output-transform-array" count="368">

0.947500 -0.306480 -0.091176 -0.000000 0.316506 0.858398 0.403704 2.785200 -0.045462 -0.411367 0.910335 0.000000 0.000000 0.000000 0.000000 1.000000
0.951012 -0.289946 -0.107268 -0.000000 0.308580 0.869169 0.386425 2.785200 -0.018809 -0.400596 0.916062 0.000000 0.000000 0.000000 0.000000 1.000000
0.959659 -0.233680 -0.156361 0.000000 0.272984 0.907560 0.319085 2.785200 0.067343 -0.348897 0.934738 0.000000 0.000000 0.000000 0.000000 1.000000
0.965236 -0.174542 -0.194565 -0.000000 0.220247 0.943959 0.245830 2.785200 0.140754 -0.280137 0.949585 0.000000 0.000000 0.000000 0.000000 1.000000
0.965718 -0.167691 -0.198164 0.000000 0.213445 0.947403 0.238472 2.785200 0.147752 -0.272594 0.950716 0.000000 0.000000 0.000000 0.000000 1.000000
0.965649 -0.167663 -0.198523 0.000000 0.213402 0.947599 0.237730 2.785200 0.148262 -0.271929 0.950828 0.000000 0.000000 0.000000 0.000000 1.000000
0.965059 -0.180007 -0.190415 0.000000 0.225580 0.940473 0.254213 2.785200 0.133320 -0.288284 0.948218 0.000000 0.000000 0.000000 0.000000 1.000000
0.959316 -0.234291 -0.157544 -0.000000 0.273841 0.907961 0.317203 2.785200 0.068726 -0.347440 0.935180 0.000000 0.000000 0.000000 0.000000 1.000000
0.939648 -0.336734 -0.060599 0.000000 0.328035 0.836324 0.439266 2.785200 -0.097235 -0.432634 0.896311 0.000000 0.000000 0.000000 0.000000 1.000000
0.929687 -0.367560 -0.024097 0.000000 0.331595 0.806644 0.489254 2.785200 -0.160393 -0.462844 0.871808 -0.000000 0.000000 0.000000 0.000000 1.000000
0.937922 -0.343934 -0.044857 -0.000000 0.323720 0.821601 0.469231 2.785200 -0.124530 -0.454623 0.881936 0.000000 0.000000 0.000000 0.000000 1.000000
0.943162 -0.325913 -0.065010 0.000000 0.319864 0.837152 0.443693 2.785200 -0.090182 -0.439268 0.893818 0.000000 0.000000 0.000000 0.000000 1.000000
0.947980 -0.306723 -0.085172 0.000000 0.313455 0.852792 0.417721 2.785200 -0.055491 -0.422689 0.904574 0.000000 0.000000 0.000000 0.000000 1.000000
0.959131 -0.246281 -0.139328 0.000000 0.280333 0.893999 0.349541 2.785200 0.038474 -0.374314 0.926504 -0.000000 0.000000 0.000000 0.000000 1.000000
0.962161 -0.223134 -0.156391 0.000000 0.263324 0.908982 0.323130 2.785200 0.070055 -0.352084 0.933343 0.000000 0.000000 0.000000 0.000000 1.000000
0.957463 -0.254506 -0.135981 0.000000 0.286736 0.891996 0.349466 2.785200 0.032354 -0.373592 0.927029 -0.000000 0.000000 0.000000 0.000000 1.000000
0.950589 -0.292440 -0.104213 0.000000 0.309649 0.868966 0.386025 2.785200 -0.022332 -0.399220 0.916583 0.000000 0.000000 0.000000 0.000000 1.000000
0.945770 -0.313244 -0.086011 0.000000 0.320330 0.855397 0.407044 2.785200 -0.053930 -0.412521 0.909350 0.000000 0.000000 0.000000 0.000000 1.000000
0.943374 -0.322564 -0.077448 0.000000 0.324731 0.850234 0.414309 2.785200 -0.067792 -0.415998 0.906835 0.000000 0.000000 0.000000 0.000000 1.000000
0.939217 -0.337170 -0.064709 0.000000 0.331092 0.839663 0.430517 2.785200 -0.090824 -0.425774 0.900260 -0.000000 0.000000 0.000000 0.000000 1.000000
0.932715 -0.357681 -0.045909 0.000000 0.337488 0.820937 0.460613 2.785200 -0.127064 -0.445114 0.886413 -0.000000 0.000000 0.000000 0.000000 1.000000
0.936826 -0.345139 -0.056885 0.000000 0.332990 0.830143 0.447192 2.785200 -0.107121 -0.437883 0.892627 0.000000 0.000000 0.000000 0.000000 1.000000
0.947500 -0.306480 -0.091176 -0.000000 0.316507 0.858398 0.403704 2.785200 -0.045462 -0.411367 0.910335 -0.000000 0.000000 0.000000 0.000000 1.000000</float_array>
        <technique_common>
          <accessor source="#mixamorig_LeftHandThumb3-Matrix-animation-output-transform-array" count="23" stride="16">
            <param type="float4x4"/>
          </accessor>
        </technique_common>
      </source>
      <source id="mixamorig_LeftHandThumb3-Interpolations">
        <Name_array id="mixamorig_LeftHandThumb3-Interpolations-array" count="23">
 LINEAR LINEAR LINEAR LINEAR LINEAR LINEAR LINEAR LINEAR LINEAR LINEAR LINEAR
LINEAR LINEAR LINEAR LINEAR LINEAR LINEAR LINEAR LINEAR LINEAR LINEAR LINEAR LINEAR</Name_array>
        <technique_common>
          <accessor source="#mixamorig_LeftHandThumb3-Interpolations-array" count="23">
            <param type="name"/>
          </accessor>
        </technique_common>
      </source>
      <sampler id="mixamorig_LeftHandThumb3-Matrix-animation-transform">
        <input semantic="INPUT" source="#mixamorig_LeftHandThumb3-Matrix-animation-input"/>
        <input semantic="OUTPUT" source="#mixamorig_LeftHandThumb3-Matrix-animation-output-transform"/>
        <input semantic="INTERPOLATION" source="#mixamorig_LeftHandThumb3-Interpolations"/>
      </sampler>
      <channel source="#mixamorig_LeftHandThumb3-Matrix-animation-transform" target="mixamorig_LeftHandThumb3/matrix"/>
    </animation>
    <animation id="mixamorig_LeftHandIndex1-anim" name="mixamorig_LeftHandIndex1">
      <source id="mixamorig_LeftHandIndex1-Matrix-animation-input">
        <float_array id="mixamorig_LeftHandIndex1-Matrix-animation-input-array" count="23">

0.000000 0.033333 0.066667 0.100000 0.133333 0.166667 0.200000 0.233333 0.266667 0.300000 0.333333 0.366667 0.400000 0.433333 0.466667 0.500000
0.533333 0.566667 0.600000 0.633333 0.666667 0.700000 0.733333</float_array>
        <technique_common>
          <accessor source="#mixamorig_LeftHandIndex1-Matrix-animation-input-array" count="23">
            <param name="TIME" type="float"/>
          </accessor>
        </technique_common>
      </source>
      <source id="mixamorig_LeftHandIndex1-Matrix-animation-output-transform">
        <float_array id="mixamorig_LeftHandIndex1-Matrix-animation-output-transform-array" count="368">

0.999440 0.018805 -0.027679 -4.736600 -0.029897 0.873359 -0.486158 18.296801 0.015031 0.486714 0.873432 0.973500 0.000000 0.000000 0.000000 1.000000
0.999596 0.012779 -0.025370 -4.736600 -0.023860 0.862347 -0.505756 18.296801 0.015415 0.506157 0.862303 0.973500 0.000000 0.000000 0.000000 1.000000
0.999514 0.011395 -0.029010 -4.736600 -0.026212 0.810913 -0.584580 18.296801 0.016863 0.585056 0.810817 0.973500 0.000000 0.000000 0.000000 1.000000
0.999316 0.011469 -0.035158 -4.736600 -0.032043 0.743156 -0.668350 18.296801 0.018462 0.669020 0.743015 0.973500 0.000000 0.000000 0.000000 1.000000
0.999205 0.012923 -0.037725 -4.736600 -0.035364 0.724346 -0.688529 18.296801 0.018428 0.689316 0.724227 0.973500 0.000000 0.000000 0.000000 1.000000
0.999246 0.013980 -0.036222 -4.736600 -0.034545 0.745998 -0.665052 18.296801 0.017724 0.665802 0.745918 0.973500 0.000000 0.000000 0.000000 1.000000
0.999465 0.010386 -0.031004 -4.736600 -0.027451 0.781695 -0.623057 18.296801 0.017765 0.623575 0.781562 0.973500 0.000000 0.000000 0.000000 1.000000
0.999232 0.019891 -0.033745 -4.736600 -0.035973 0.806948 -0.589526 18.296801 0.015504 0.590287 0.807044 0.973500 0.000000 0.000000 0.000000 1.000000
0.998761 0.039806 -0.029878 -4.736600 -0.049467 0.860158 -0.507623 18.296801 0.005494 0.508471 0.861061 0.973500 0.000000 0.000000 0.000000 1.000000
0.998741 0.047370 -0.016522 -4.736600 -0.050163 0.938063 -0.342813 18.296801 -0.000740 0.343210 0.939258 0.973500 0.000000 0.000000 0.000000 1.000000
0.999058 0.042889 -0.006542 -4.736600 -0.043362 0.982274 -0.182367 18.296801 -0.001395 0.182479 0.983209 0.973500 0.000000 0.000000 0.000000 1.000000
0.999070 0.042434 -0.007667 -4.736600 -0.043106 0.978126 -0.203498 18.296801 -0.001135 0.203639 0.979045 0.973500 0.000000 0.000000 0.000000 1.000000
0.999205 0.038547 -0.010139 -4.736600 -0.039857 0.968209 -0.246949 18.296801 0.000297 0.247157 0.968975 0.973500 0.000000 0.000000 0.000000 1.000000
0.999477 0.030847 -0.009696 -4.736600 -0.032273 0.970272 -0.239855 18.296801 0.002009 0.240043 0.970760 0.973500 0.000000 0.000000 0.000000 1.000000
0.999280 0.036116 -0.011603 -4.736600 -0.037910 0.961684 -0.271528 18.296801 0.001352 0.271773 0.962360 0.973500 0.000000 0.000000 0.000000 1.000000
0.998317 0.053808 -0.021643 -4.736600 -0.057941 0.908810 -0.413166 18.296801 -0.002562 0.413725 0.910398 0.973500 0.000000 0.000000 0.000000 1.000000
0.997703 0.060974 -0.029499 -4.736600 -0.067527 0.861211 -0.503742 18.296801 -0.005310 0.504577 0.863350 0.973500 0.000000 0.000000 0.000000 1.000000
0.998197 0.051287 -0.031195 -4.736600 -0.060029 0.850750 -0.522131 18.296801 -0.000240 0.523062 0.852295 0.973500 0.000000 0.000000 0.000000 1.000000
0.999034 0.032719 -0.029321 -4.736600 -0.043033 0.863238 -0.502959 18.296801 0.008855 0.503735 0.863813 0.973500 0.000000 0.000000 0.000000 1.000000
0.999185 0.030140 -0.026841 -4.736600 -0.039285 0.878746 -0.475670 18.296801 0.009249 0.476337 0.879214 0.973500 0.000000 0.000000 0.000000 1.000000
0.999069 0.036189 -0.023498 -4.736600 -0.042819 0.898741 -0.436384 18.296801 0.005326 0.436984 0.899454 0.973500 0.000000 0.000000 0.000000 1.000000
0.999284 0.028618 -0.024738 -4.736600 -0.036707 0.891566 -0.451400 18.296801 0.009138 0.451985 0.891979 0.973500 0.000000 0.000000 0.000000 1.000000
0.999439 0.018805 -0.027710 -4.736600 -0.029912 0.873360 -0.486156 18.296801 0.015059 0.486712 0.873433 0.973500 0.000000 0.000000 0.000000 1.000000</float_array>
        <technique_common>
          <accessor source="#mixamorig_LeftHandIndex1-Matrix-animation-output-transform-array" count="23" stride="16">
            <param type="float4x4"/>
          </accessor>
        </technique_common>
      </source>
      <source id="mixamorig_LeftHandIndex1-Interpolations">
        <Name_array id="mixamorig_LeftHandIndex1-Interpolations-array" count="23">
 LINEAR LINEAR LINEAR LINEAR LINEAR LINEAR LINEAR LINEAR LINEAR LINEAR LINEAR
LINEAR LINEAR LINEAR LINEAR LINEAR LINEAR LINEAR LINEAR LINEAR LINEAR LINEAR LINEAR</Name_array>
        <technique_common>
          <accessor source="#mixamorig_LeftHandIndex1-Interpolations-array" count="23">
            <param type="name"/>
          </accessor>
        </technique_common>
      </source>
      <sampler id="mixamorig_LeftHandIndex1-Matrix-animation-transform">
        <input semantic="INPUT" source="#mixamorig_LeftHandIndex1-Matrix-animation-input"/>
        <input semantic="OUTPUT" source="#mixamorig_LeftHandIndex1-Matrix-animation-output-transform"/>
        <input semantic="INTERPOLATION" source="#mixamorig_LeftHandIndex1-Interpolations"/>
      </sampler>
      <channel source="#mixamorig_LeftHandIndex1-Matrix-animation-transform" target="mixamorig_LeftHandIndex1/matrix"/>
    </animation>
    <animation id="mixamorig_LeftHandIndex2-anim" name="mixamorig_LeftHandIndex2">
      <source id="mixamorig_LeftHandIndex2-Matrix-animation-input">
        <float_array id="mixamorig_LeftHandIndex2-Matrix-animation-input-array" count="23">

0.000000 0.033333 0.066667 0.100000 0.133333 0.166667 0.200000 0.233333 0.266667 0.300000 0.333333 0.366667 0.400000 0.433333 0.466667 0.500000
0.533333 0.566667 0.600000 0.633333 0.666667 0.700000 0.733333</float_array>
        <technique_common>
          <accessor source="#mixamorig_LeftHandIndex2-Matrix-animation-input-array" count="23">
            <param name="TIME" type="float"/>
          </accessor>
        </technique_common>
      </source>
      <source id="mixamorig_LeftHandIndex2-Matrix-animation-output-transform">
        <float_array id="mixamorig_LeftHandIndex2-Matrix-animation-output-transform-array" count="368">

0.998694 0.049442 -0.012870 -0.000000 -0.049442 0.871855 -0.487263 4.697600 -0.012870 0.487263 0.873160 0.000000 0.000000 0.000000 0.000000 1.000000
0.998551 0.051878 -0.014277 -0.000000 -0.051878 0.857848 -0.511278 4.697600 -0.014277 0.511278 0.859297 0.000000 0.000000 0.000000 0.000000 1.000000
0.998244 0.056646 -0.017302 0.000000 -0.056646 0.827728 -0.558263 4.697600 -0.017302 0.558263 0.829484 -0.000000 0.000000 0.000000 0.000000 1.000000
0.997987 0.060241 -0.019842 0.000000 -0.060241 0.802434 -0.593692 4.697600 -0.019842 0.593692 0.804448 0.000000 0.000000 0.000000 0.000000 1.000000
0.997992 0.060169 -0.019790 -0.000000 -0.060169 0.802960 -0.592988 4.697600 -0.019789 0.592988 0.804968 0.000000 0.000000 0.000000 0.000000 1.000000
0.998031 0.059647 -0.019406 0.000000 -0.059647 0.806774 -0.587841 4.697600 -0.019406 0.587841 0.808743 -0.000000 0.000000 0.000000 0.000000 1.000000
0.998094 0.058781 -0.018782 0.000000 -0.058781 0.812988 -0.579305 4.697600 -0.018782 0.579305 0.814894 0.000000 0.000000 0.000000 0.000000 1.000000
0.998316 0.055590 -0.016599 -0.000000 -0.055590 0.834725 -0.547853 4.697600 -0.016599 0.547853 0.836410 0.000000 0.000000 0.000000 0.000000 1.000000
0.998749 0.048470 -0.012334 0.000000 -0.048470 0.877195 -0.477681 4.697600 -0.012334 0.477681 0.878447 0.000000 0.000000 0.000000 0.000000 1.000000
0.998679 0.049707 -0.013019 -0.000000 -0.049707 0.870374 -0.489876 4.697600 -0.013019 0.489876 0.871695 0.000000 0.000000 0.000000 0.000000 1.000000
0.998217 0.057039 -0.017569 0.000000 -0.057040 0.825069 -0.562145 4.697600 -0.017569 0.562145 0.826852 0.000000 0.000000 0.000000 0.000000 1.000000
0.998101 0.058689 -0.018717 0.000000 -0.058689 0.813641 -0.578398 4.697600 -0.018717 0.578398 0.815540 0.000000 0.000000 0.000000 0.000000 1.000000
0.998119 0.058432 -0.018534 -0.000000 -0.058432 0.815456 -0.575862 4.697600 -0.018535 0.575862 0.817337 -0.000000 0.000000 0.000000 0.000000 1.000000
0.998167 0.057764 -0.018067 0.000000 -0.057764 0.820113 -0.569279 4.697600 -0.018067 0.569279 0.821946 0.000000 0.000000 0.000000 0.000000 1.000000
0.998144 0.058080 -0.018287 0.000000 -0.058080 0.817916 -0.572398 4.697600 -0.018287 0.572398 0.819772 -0.000000 0.000000 0.000000 0.000000 1.000000
0.998443 0.053632 -0.015347 0.000000 -0.053632 0.847199 -0.528562 4.697600 -0.015346 0.528562 0.848756 0.000000 0.000000 0.000000 0.000000 1.000000
0.998694 0.049440 -0.012870 0.000000 -0.049440 0.871861 -0.487251 4.697600 -0.012869 0.487251 0.873167 0.000000 0.000000 0.000000 0.000000 1.000000
0.998601 0.051054 -0.013790 0.000000 -0.051054 0.862690 -0.503149 4.697600 -0.013791 0.503149 0.864089 0.000000 0.000000 0.000000 0.000000 1.000000
0.998239 0.056718 -0.017351 0.000000 -0.056718 0.827242 -0.558975 4.697600 -0.017351 0.558975 0.829003 0.000000 0.000000 0.000000 0.000000 1.000000
0.998269 0.056288 -0.017062 0.000000 -0.056288 0.830120 -0.554736 4.697600 -0.017062 0.554736 0.831851 -0.000000 0.000000 0.000000 0.000000 1.000000
0.998688 0.049544 -0.012927 0.000000 -0.049544 0.871284 -0.488272 4.697600 -0.012928 0.488272 0.872596 0.000000 0.000000 0.000000 0.000000 1.000000
0.998780 0.047902 -0.012027 0.000000 -0.047902 0.880248 -0.472090 4.697600 -0.012027 0.472090 0.881468 0.000000 0.000000 0.000000 0.000000 1.000000
0.998694 0.049442 -0.012870 0.000000 -0.049442 0.871855 -0.487263 4.697600 -0.012870 0.487263 0.873160 0.000000 0.000000 0.000000 0.000000 1.000000</float_array>
        <technique_common>
          <accessor source="#mixamorig_LeftHandIndex2-Matrix-animation-output-transform-array" count="23" stride="16">
            <param type="float4x4"/>
          </accessor>
        </technique_common>
      </source>
      <source id="mixamorig_LeftHandIndex2-Interpolations">
        <Name_array id="mixamorig_LeftHandIndex2-Interpolations-array" count="23">
 LINEAR LINEAR LINEAR LINEAR LINEAR LINEAR LINEAR LINEAR LINEAR LINEAR LINEAR
LINEAR LINEAR LINEAR LINEAR LINEAR LINEAR LINEAR LINEAR LINEAR LINEAR LINEAR LINEAR</Name_array>
        <technique_common>
          <accessor source="#mixamorig_LeftHandIndex2-Interpolations-array" count="23">
            <param type="name"/>
          </accessor>
        </technique_common>
      </source>
      <sampler id="mixamorig_LeftHandIndex2-Matrix-animation-transform">
        <input semantic="INPUT" source="#mixamorig_LeftHandIndex2-Matrix-animation-input"/>
        <input semantic="OUTPUT" source="#mixamorig_LeftHandIndex2-Matrix-animation-output-transform"/>
        <input semantic="INTERPOLATION" source="#mixamorig_LeftHandIndex2-Interpolations"/>
      </sampler>
      <channel source="#mixamorig_LeftHandIndex2-Matrix-animation-transform" target="mixamorig_LeftHandIndex2/matrix"/>
    </animation>
    <animation id="mixamorig_LeftHandIndex3-anim" name="mixamorig_LeftHandIndex3">
      <source id="mixamorig_LeftHandIndex3-Matrix-animation-input">
        <float_array id="mixamorig_LeftHandIndex3-Matrix-animation-input-array" count="23">

0.000000 0.033333 0.066667 0.100000 0.133333 0.166667 0.200000 0.233333 0.266667 0.300000 0.333333 0.366667 0.400000 0.433333 0.466667 0.500000
0.533333 0.566667 0.600000 0.633333 0.666667 0.700000 0.733333</float_array>
        <technique_common>
          <accessor source="#mixamorig_LeftHandIndex3-Matrix-animation-input-array" count="23">
            <param name="TIME" type="float"/>
          </accessor>
        </technique_common>
      </source>
      <source id="mixamorig_LeftHandIndex3-Matrix-animation-output-transform">
        <float_array id="mixamorig_LeftHandIndex3-Matrix-animation-output-transform-array" count="368">

0.999570 0.029001 -0.004234 0.000000 -0.029001 0.957847 -0.285811 2.893900 -0.004234 0.285811 0.958277 0.000000 0.000000 0.000000 0.000000 1.000000
0.999601 0.027970 -0.003932 0.000000 -0.027970 0.960849 -0.275658 2.893900 -0.003932 0.275658 0.961248 -0.000000 0.000000 0.000000 0.000000 1.000000
0.999626 0.027089 -0.003684 0.000000 -0.027089 0.963323 -0.266973 2.893900 -0.003684 0.266973 0.963697 -0.000000 0.000000 0.000000 0.000000 1.000000
0.999642 0.026534 -0.003531 0.000000 -0.026534 0.964839 -0.261498 2.893900 -0.003531 0.261498 0.965197 0.000000 0.000000 0.000000 0.000000 1.000000
0.999646 0.026366 -0.003486 -0.000000 -0.026366 0.965290 -0.259844 2.893900 -0.003486 0.259844 0.965644 0.000000 0.000000 0.000000 0.000000 1.000000
0.999615 0.027468 -0.003790 0.000000 -0.027468 0.962268 -0.270712 2.893900 -0.003790 0.270712 0.962653 -0.000000 0.000000 0.000000 0.000000 1.000000
0.999575 0.028838 -0.004185 -0.000000 -0.028838 0.958330 -0.284205 2.893900 -0.004185 0.284205 0.958754 0.000000 0.000000 0.000000 0.000000 1.000000
0.999468 0.032183 -0.005240 -0.000000 -0.032183 0.947822 -0.317170 2.893900 -0.005240 0.317170 0.948354 0.000000 0.000000 0.000000 0.000000 1.000000
0.999325 0.036136 -0.006655 0.000000 -0.036136 0.933736 -0.356133 2.893900 -0.006655 0.356133 0.934412 0.000000 0.000000 0.000000 0.000000 1.000000
0.999256 0.037869 -0.007334 -0.000000 -0.037869 0.926973 -0.373211 2.893900 -0.007334 0.373211 0.927718 0.000000 0.000000 0.000000 0.000000 1.000000
0.999279 0.037299 -0.007107 -0.000000 -0.037299 0.929237 -0.367596 2.893900 -0.007107 0.367596 0.929958 0.000000 0.000000 0.000000 0.000000 1.000000
0.999337 0.035808 -0.006531 0.000000 -0.035808 0.934976 -0.352899 2.893900 -0.006531 0.352899 0.935639 0.000000 0.000000 0.000000 0.000000 1.000000
0.999367 0.035013 -0.006234 0.000000 -0.035013 0.937926 -0.345062 2.893900 -0.006234 0.345062 0.938559 0.000000 0.000000 0.000000 0.000000 1.000000
0.999384 0.034578 -0.006076 -0.000000 -0.034578 0.939507 -0.340781 2.893900 -0.006076 0.340781 0.940123 0.000000 0.000000 0.000000 0.000000 1.000000
0.999389 0.034434 -0.006023 -0.000000 -0.034434 0.940027 -0.339358 2.893900 -0.006023 0.339358 0.940638 0.000000 0.000000 0.000000 0.000000 1.000000
0.999393 0.034309 -0.005978 0.000000 -0.034309 0.940475 -0.338127 2.893900 -0.005978 0.338127 0.941081 -0.000000 0.000000 0.000000 0.000000 1.000000
0.999389 0.034437 -0.006024 0.000000 -0.034437 0.940016 -0.339387 2.893900 -0.006025 0.339387 0.940627 -0.000000 0.000000 0.000000 0.000000 1.000000
0.999408 0.033910 -0.005836 0.000000 -0.033910 0.941894 -0.334194 2.893900 -0.005836 0.334194 0.942486 0.000000 0.000000 0.000000 0.000000 1.000000
0.999452 0.032669 -0.005405 0.000000 -0.032669 0.946188 -0.321965 2.893900 -0.005405 0.321965 0.946736 0.000000 0.000000 0.000000 0.000000 1.000000
0.999482 0.031782 -0.005107 0.000000 -0.031782 0.949150 -0.313217 2.893900 -0.005107 0.313217 0.949668 -0.000000 0.000000 0.000000 0.000000 1.000000
0.999533 0.030224 -0.004607 0.000000 -0.030224 0.954127 -0.297872 2.893900 -0.004607 0.297872 0.954595 -0.000000 0.000000 0.000000 0.000000 1.000000
0.999562 0.029272 -0.004315 0.000000 -0.029272 0.957037 -0.288486 2.893900 -0.004315 0.288486 0.957474 -0.000000 0.000000 0.000000 0.000000 1.000000
0.999570 0.029000 -0.004234 0.000000 -0.029000 0.957847 -0.285811 2.893900 -0.004233 0.285811 0.958277 0.000000 0.000000 0.000000 0.000000 1.000000</float_array>
        <technique_common>
          <accessor source="#mixamorig_LeftHandIndex3-Matrix-animation-output-transform-array" count="23" stride="16">
            <param type="float4x4"/>
          </accessor>
        </technique_common>
      </source>
      <source id="mixamorig_LeftHandIndex3-Interpolations">
        <Name_array id="mixamorig_LeftHandIndex3-Interpolations-array" count="23">
 LINEAR LINEAR LINEAR LINEAR LINEAR LINEAR LINEAR LINEAR LINEAR LINEAR LINEAR
LINEAR LINEAR LINEAR LINEAR LINEAR LINEAR LINEAR LINEAR LINEAR LINEAR LINEAR LINEAR</Name_array>
        <technique_common>
          <accessor source="#mixamorig_LeftHandIndex3-Interpolations-array" count="23">
            <param type="name"/>
          </accessor>
        </technique_common>
      </source>
      <sampler id="mixamorig_LeftHandIndex3-Matrix-animation-transform">
        <input semantic="INPUT" source="#mixamorig_LeftHandIndex3-Matrix-animation-input"/>
        <input semantic="OUTPUT" source="#mixamorig_LeftHandIndex3-Matrix-animation-output-transform"/>
        <input semantic="INTERPOLATION" source="#mixamorig_LeftHandIndex3-Interpolations"/>
      </sampler>
      <channel source="#mixamorig_LeftHandIndex3-Matrix-animation-transform" target="mixamorig_LeftHandIndex3/matrix"/>
    </animation>
    <animation id="mixamorig_LeftHandMiddle1-anim" name="mixamorig_LeftHandMiddle1">
      <source id="mixamorig_LeftHandMiddle1-Matrix-animation-input">
        <float_array id="mixamorig_LeftHandMiddle1-Matrix-animation-input-array" count="23">

0.000000 0.033333 0.066667 0.100000 0.133333 0.166667 0.200000 0.233333 0.266667 0.300000 0.333333 0.366667 0.400000 0.433333 0.466667 0.500000
0.533333 0.566667 0.600000 0.633333 0.666667 0.700000 0.733333</float_array>
        <technique_common>
          <accessor source="#mixamorig_LeftHandMiddle1-Matrix-animation-input-array" count="23">
            <param name="TIME" type="float"/>
          </accessor>
        </technique_common>
      </source>
      <source id="mixamorig_LeftHandMiddle1-Matrix-animation-output-transform">
        <float_array id="mixamorig_LeftHandMiddle1-Matrix-animation-output-transform-array" count="368">

0.994657 0.094752 -0.040990 -0.139500 -0.099856 0.782206 -0.614965 17.924500 -0.026206 0.615772 0.787488 0.050800 0.000000 0.000000 0.000000 1.000000
0.994839 0.091826 -0.043165 -0.139500 -0.098320 0.767301 -0.633706 17.924500 -0.025070 0.634679 0.772369 0.050800 0.000000 0.000000 0.000000 1.000000
0.994125 0.096544 -0.048931 -0.139500 -0.103942 0.725490 -0.680338 17.924500 -0.030184 0.681427 0.731263 0.050800 0.000000 0.000000 0.000000 1.000000
0.993801 0.096961 -0.054391 -0.139500 -0.106284 0.685123 -0.720632 17.924500 -0.032609 0.721945 0.691181 0.050800 0.000000 0.000000 0.000000 1.000000
0.994568 0.089046 -0.053902 -0.139500 -0.100608 0.689564 -0.717203 17.924500 -0.026695 0.718730 0.694777 0.050800 0.000000 0.000000 0.000000 1.000000
0.995034 0.086017 -0.050085 -0.139500 -0.096769 0.718138 -0.689140 17.924500 -0.023310 0.690564 0.722896 0.050800 0.000000 0.000000 0.000000 1.000000
0.994898 0.088968 -0.047577 -0.139500 -0.097857 0.736170 -0.669685 17.924500 -0.024555 0.670924 0.741120 0.050800 0.000000 0.000000 0.000000 1.000000
0.994679 0.093703 -0.042821 -0.139500 -0.099654 0.769638 -0.630655 17.924500 -0.026138 0.631567 0.774881 0.050800 0.000000 0.000000 0.000000 1.000000
0.994647 0.098032 -0.032652 -0.139500 -0.100211 0.838188 -0.536096 17.924500 -0.025186 0.536499 0.843525 0.050800 0.000000 0.000000 0.000000 1.000000
0.991546 0.127605 -0.023547 -0.139500 -0.125088 0.891733 -0.434931 17.924500 -0.034502 0.434199 0.900156 0.050800 0.000000 0.000000 0.000000 1.000000
0.985879 0.166467 -0.018198 -0.139500 -0.161094 0.913122 -0.374508 17.924500 -0.045726 0.372151 0.927045 0.050800 0.000000 0.000000 0.000000 1.000000
0.986113 0.164904 -0.019684 -0.139500 -0.159260 0.905385 -0.393590 17.924500 -0.047083 0.391259 0.919075 0.050800 0.000000 0.000000 0.000000 1.000000
0.989598 0.142167 -0.022006 -0.139500 -0.138194 0.896918 -0.420048 17.924500 -0.039979 0.418720 0.907235 0.050800 0.000000 0.000000 0.000000 1.000000
0.992722 0.118165 -0.023222 -0.139500 -0.116513 0.893692 -0.433289 17.924500 -0.030446 0.432841 0.900956 0.050800 0.000000 0.000000 0.000000 1.000000
0.992133 0.122530 -0.025679 -0.139500 -0.120458 0.878451 -0.462400 17.924500 -0.034100 0.461855 0.886300 0.050800 0.000000 0.000000 0.000000 1.000000
0.992406 0.118864 -0.031637 -0.139500 -0.117631 0.841958 -0.526564 17.924500 -0.035953 0.526287 0.849547 0.050800 0.000000 0.000000 0.000000 1.000000
0.992929 0.113231 -0.035659 -0.139500 -0.113430 0.816314 -0.566362 17.924500 -0.035021 0.566402 0.823385 0.050800 0.000000 0.000000 0.000000 1.000000
0.993123 0.110900 -0.037525 -0.139500 -0.111852 0.804069 -0.583920 17.924500 -0.034584 0.584102 0.810943 0.050800 0.000000 0.000000 0.000000 1.000000
0.993193 0.110021 -0.038256 -0.139500 -0.111284 0.799214 -0.590655 17.924500 -0.034410 0.590892 0.806017 0.050800 0.000000 0.000000 0.000000 1.000000
0.992929 0.112791 -0.037018 -0.139500 -0.113295 0.807263 -0.579216 17.924500 -0.035447 0.579314 0.814333 0.050800 0.000000 0.000000 0.000000 1.000000
0.991457 0.125534 -0.035422 -0.139500 -0.123502 0.816106 -0.564551 17.924500 -0.041963 0.564103 0.824638 0.050800 0.000000 0.000000 0.000000 1.000000
0.993067 0.111229 -0.038020 -0.139500 -0.112220 0.800831 -0.588283 17.924500 -0.034987 0.588471 0.807761 0.050800 0.000000 0.000000 0.000000 1.000000
0.994657 0.094752 -0.040990 -0.139500 -0.099856 0.782206 -0.614965 17.924500 -0.026206 0.615772 0.787488 0.050800 0.000000 0.000000 0.000000 1.000000</float_array>
        <technique_common>
          <accessor source="#mixamorig_LeftHandMiddle1-Matrix-animation-output-transform-array" count="23" stride="16">
            <param type="float4x4"/>
          </accessor>
        </technique_common>
      </source>
      <source id="mixamorig_LeftHandMiddle1-Interpolations">
        <Name_array id="mixamorig_LeftHandMiddle1-Interpolations-array" count="23">
 LINEAR LINEAR LINEAR LINEAR LINEAR LINEAR LINEAR LINEAR LINEAR LINEAR LINEAR
LINEAR LINEAR LINEAR LINEAR LINEAR LINEAR LINEAR LINEAR LINEAR LINEAR LINEAR LINEAR</Name_array>
        <technique_common>
          <accessor source="#mixamorig_LeftHandMiddle1-Interpolations-array" count="23">
            <param type="name"/>
          </accessor>
        </technique_common>
      </source>
      <sampler id="mixamorig_LeftHandMiddle1-Matrix-animation-transform">
        <input semantic="INPUT" source="#mixamorig_LeftHandMiddle1-Matrix-animation-input"/>
        <input semantic="OUTPUT" source="#mixamorig_LeftHandMiddle1-Matrix-animation-output-transform"/>
        <input semantic="INTERPOLATION" source="#mixamorig_LeftHandMiddle1-Interpolations"/>
      </sampler>
      <channel source="#mixamorig_LeftHandMiddle1-Matrix-animation-transform" target="mixamorig_LeftHandMiddle1/matrix"/>
    </animation>
    <animation id="mixamorig_LeftHandMiddle2-anim" name="mixamorig_LeftHandMiddle2">
      <source id="mixamorig_LeftHandMiddle2-Matrix-animation-input">
        <float_array id="mixamorig_LeftHandMiddle2-Matrix-animation-input-array" count="23">

0.000000 0.033333 0.066667 0.100000 0.133333 0.166667 0.200000 0.233333 0.266667 0.300000 0.333333 0.366667 0.400000 0.433333 0.466667 0.500000
0.533333 0.566667 0.600000 0.633333 0.666667 0.700000 0.733333</float_array>
        <technique_common>
          <accessor source="#mixamorig_LeftHandMiddle2-Matrix-animation-input-array" count="23">
            <param name="TIME" type="float"/>
          </accessor>
        </technique_common>
      </source>
      <source id="mixamorig_LeftHandMiddle2-Matrix-animation-output-transform">
        <float_array id="mixamorig_LeftHandMiddle2-Matrix-animation-output-transform-array" count="368">

0.998517 0.052447 -0.014619 0.000000 -0.052447 0.854446 -0.516886 5.001900 -0.014619 0.516886 0.855930 -0.000000 0.000000 0.000000 0.000000 1.000000
0.998417 0.054044 -0.015605 0.000000 -0.054044 0.844624 -0.532624 5.001900 -0.015605 0.532624 0.846208 -0.000000 0.000000 0.000000 0.000000 1.000000
0.998340 0.055227 -0.016363 0.000000 -0.055227 0.837081 -0.544284 5.001900 -0.016362 0.544284 0.838741 0.000000 0.000000 0.000000 0.000000 1.000000
0.998341 0.055207 -0.016350 0.000000 -0.055207 0.837213 -0.544083 5.001900 -0.016349 0.544083 0.838872 0.000000 0.000000 0.000000 0.000000 1.000000
0.998426 0.053904 -0.015516 0.000000 -0.053903 0.845508 -0.531234 5.001900 -0.015516 0.531234 0.847083 -0.000000 0.000000 0.000000 0.000000 1.000000
0.998460 0.053367 -0.015181 0.000000 -0.053367 0.848841 -0.525947 5.001900 -0.015182 0.525947 0.850382 0.000000 0.000000 0.000000 0.000000 1.000000
0.998407 0.054191 -0.015697 -0.000000 -0.054191 0.843706 -0.534064 5.001900 -0.015698 0.534064 0.845299 0.000000 0.000000 0.000000 0.000000 1.000000
0.998463 0.053306 -0.015144 0.000000 -0.053306 0.849216 -0.525349 5.001900 -0.015144 0.525349 0.850752 0.000000 0.000000 0.000000 0.000000 1.000000
0.998668 0.049907 -0.013132 -0.000000 -0.049907 0.869250 -0.491847 5.001900 -0.013132 0.491847 0.870583 0.000000 0.000000 0.000000 0.000000 1.000000
0.998641 0.050371 -0.013396 0.000000 -0.050371 0.866622 -0.496417 5.001900 -0.013396 0.496417 0.867981 0.000000 0.000000 0.000000 0.000000 1.000000
0.998414 0.054087 -0.015632 -0.000000 -0.054087 0.844358 -0.533042 5.001900 -0.015632 0.533042 0.845944 0.000000 0.000000 0.000000 0.000000 1.000000
0.998340 0.055224 -0.016361 0.000000 -0.055224 0.837101 -0.544254 5.001900 -0.016361 0.544254 0.838761 0.000000 0.000000 0.000000 0.000000 1.000000
0.998324 0.055459 -0.016513 0.000000 -0.055459 0.835580 -0.546563 5.001900 -0.016514 0.546563 0.837255 0.000000 0.000000 0.000000 0.000000 1.000000
0.998374 0.054706 -0.016026 0.000000 -0.054706 0.840437 -0.539141 5.001900 -0.016026 0.539141 0.842063 -0.000000 0.000000 0.000000 0.000000 1.000000
0.998415 0.054063 -0.015617 0.000000 -0.054063 0.844507 -0.532809 5.001900 -0.015617 0.532809 0.846091 -0.000000 0.000000 0.000000 0.000000 1.000000
0.998463 0.053311 -0.015147 0.000000 -0.053311 0.849186 -0.525396 5.001900 -0.015147 0.525396 0.850723 0.000000 0.000000 0.000000 0.000000 1.000000
0.998514 0.052488 -0.014643 0.000000 -0.052488 0.854204 -0.517282 5.001900 -0.014643 0.517282 0.855690 -0.000000 0.000000 0.000000 0.000000 1.000000
0.998548 0.051936 -0.014312 0.000000 -0.051936 0.857502 -0.511852 5.001900 -0.014312 0.511852 0.858955 0.000000 0.000000 0.000000 0.000000 1.000000
0.998566 0.051630 -0.014130 0.000000 -0.051630 0.859316 -0.508833 5.001900 -0.014129 0.508833 0.860749 -0.000000 0.000000 0.000000 0.000000 1.000000
0.998599 0.051079 -0.013805 0.000000 -0.051079 0.862545 -0.503395 5.001900 -0.013805 0.503395 0.863946 0.000000 0.000000 0.000000 0.000000 1.000000
0.998612 0.050858 -0.013677 0.000000 -0.050858 0.863822 -0.501224 5.001900 -0.013677 0.501224 0.865209 -0.000000 0.000000 0.000000 0.000000 1.000000
0.998567 0.051612 -0.014119 0.000000 -0.051612 0.859421 -0.508656 5.001900 -0.014119 0.508656 0.860854 0.000000 0.000000 0.000000 0.000000 1.000000
0.998517 0.052447 -0.014619 0.000000 -0.052448 0.854446 -0.516886 5.001900 -0.014618 0.516886 0.855930 -0.000000 0.000000 0.000000 0.000000 1.000000</float_array>
        <technique_common>
          <accessor source="#mixamorig_LeftHandMiddle2-Matrix-animation-output-transform-array" count="23" stride="16">
            <param type="float4x4"/>
          </accessor>
        </technique_common>
      </source>
      <source id="mixamorig_LeftHandMiddle2-Interpolations">
        <Name_array id="mixamorig_LeftHandMiddle2-Interpolations-array" count="23">
 LINEAR LINEAR LINEAR LINEAR LINEAR LINEAR LINEAR LINEAR LINEAR LINEAR LINEAR
LINEAR LINEAR LINEAR LINEAR LINEAR LINEAR LINEAR LINEAR LINEAR LINEAR LINEAR LINEAR</Name_array>
        <technique_common>
          <accessor source="#mixamorig_LeftHandMiddle2-Interpolations-array" count="23">
            <param type="name"/>
          </accessor>
        </technique_common>
      </source>
      <sampler id="mixamorig_LeftHandMiddle2-Matrix-animation-transform">
        <input semantic="INPUT" source="#mixamorig_LeftHandMiddle2-Matrix-animation-input"/>
        <input semantic="OUTPUT" source="#mixamorig_LeftHandMiddle2-Matrix-animation-output-transform"/>
        <input semantic="INTERPOLATION" source="#mixamorig_LeftHandMiddle2-Interpolations"/>
      </sampler>
      <channel source="#mixamorig_LeftHandMiddle2-Matrix-animation-transform" target="mixamorig_LeftHandMiddle2/matrix"/>
    </animation>
    <animation id="mixamorig_LeftHandMiddle3-anim" name="mixamorig_LeftHandMiddle3">
      <source id="mixamorig_LeftHandMiddle3-Matrix-animation-input">
        <float_array id="mixamorig_LeftHandMiddle3-Matrix-animation-input-array" count="23">

0.000000 0.033333 0.066667 0.100000 0.133333 0.166667 0.200000 0.233333 0.266667 0.300000 0.333333 0.366667 0.400000 0.433333 0.466667 0.500000
0.533333 0.566667 0.600000 0.633333 0.666667 0.700000 0.733333</float_array>
        <technique_common>
          <accessor source="#mixamorig_LeftHandMiddle3-Matrix-animation-input-array" count="23">
            <param name="TIME" type="float"/>
          </accessor>
        </technique_common>
      </source>
      <source id="mixamorig_LeftHandMiddle3-Matrix-animation-output-transform">
        <float_array id="mixamorig_LeftHandMiddle3-Matrix-animation-output-transform-array" count="368">

0.999346 0.035587 -0.006448 0.000000 -0.035587 0.935803 -0.350723 3.278600 -0.006448 0.350723 0.936457 0.000000 0.000000 0.000000 0.000000 1.000000
0.999366 0.035046 -0.006247 0.000000 -0.035047 0.937804 -0.345393 3.278600 -0.006247 0.345393 0.938437 -0.000000 0.000000 0.000000 0.000000 1.000000
0.999380 0.034666 -0.006107 0.000000 -0.034666 0.939190 -0.341643 3.278600 -0.006107 0.341643 0.939810 0.000000 0.000000 0.000000 0.000000 1.000000
0.999396 0.034248 -0.005957 0.000000 -0.034248 0.940693 -0.337526 3.278600 -0.005956 0.337526 0.941297 0.000000 0.000000 0.000000 0.000000 1.000000
0.999414 0.033733 -0.005773 0.000000 -0.033733 0.942519 -0.332446 3.278600 -0.005773 0.332446 0.943105 0.000000 0.000000 0.000000 0.000000 1.000000
0.999418 0.033633 -0.005738 0.000000 -0.033633 0.942868 -0.331466 3.278600 -0.005738 0.331466 0.943450 0.000000 0.000000 0.000000 0.000000 1.000000
0.999415 0.033722 -0.005769 -0.000000 -0.033722 0.942557 -0.332338 3.278600 -0.005769 0.332338 0.943143 0.000000 0.000000 0.000000 0.000000 1.000000
0.999419 0.033597 -0.005725 -0.000000 -0.033597 0.942996 -0.331105 3.278600 -0.005725 0.331105 0.943577 0.000000 0.000000 0.000000 0.000000 1.000000
0.999433 0.033208 -0.005590 0.000000 -0.033208 0.944344 -0.327278 3.278600 -0.005590 0.327278 0.944912 -0.000000 0.000000 0.000000 0.000000 1.000000
0.999383 0.034587 -0.006079 0.000000 -0.034587 0.939474 -0.340871 3.278600 -0.006079 0.340871 0.940091 0.000000 0.000000 0.000000 0.000000 1.000000
0.999313 0.036447 -0.006774 0.000000 -0.036447 0.932551 -0.359194 3.278600 -0.006774 0.359194 0.933238 0.000000 0.000000 0.000000 0.000000 1.000000
0.999350 0.035477 -0.006406 0.000000 -0.035477 0.936213 -0.349638 3.278600 -0.006406 0.349638 0.936863 -0.000000 0.000000 0.000000 0.000000 1.000000
0.999395 0.034264 -0.005962 0.000000 -0.034264 0.940636 -0.337682 3.278600 -0.005962 0.337682 0.941241 -0.000000 0.000000 0.000000 0.000000 1.000000
0.999454 0.032590 -0.005378 0.000000 -0.032590 0.946455 -0.321186 3.278600 -0.005378 0.321186 0.947001 0.000000 0.000000 0.000000 0.000000 1.000000
0.999476 0.031964 -0.005167 0.000000 -0.031964 0.948550 -0.315010 3.278600 -0.005167 0.315010 0.949074 0.000000 0.000000 0.000000 0.000000 1.000000
0.999461 0.032402 -0.005314 0.000000 -0.032402 0.947087 -0.319337 3.278600 -0.005314 0.319337 0.947626 -0.000000 0.000000 0.000000 0.000000 1.000000
0.999458 0.032487 -0.005343 0.000000 -0.032487 0.946803 -0.320170 3.278600 -0.005343 0.320170 0.947345 -0.000000 0.000000 0.000000 0.000000 1.000000
0.999441 0.032975 -0.005509 0.000000 -0.032975 0.945147 -0.324977 3.278600 -0.005509 0.324977 0.945706 0.000000 0.000000 0.000000 0.000000 1.000000
0.999404 0.034029 -0.005878 0.000000 -0.034029 0.941473 -0.335366 3.278600 -0.005878 0.335366 0.942070 0.000000 0.000000 0.000000 0.000000 1.000000
0.999387 0.034471 -0.006037 0.000000 -0.034471 0.939895 -0.339720 3.278600 -0.006036 0.339720 0.940507 0.000000 0.000000 0.000000 0.000000 1.000000
0.999341 0.035700 -0.006490 0.000000 -0.035700 0.935382 -0.351832 3.278600 -0.006490 0.351832 0.936041 0.000000 0.000000 0.000000 0.000000 1.000000
0.999340 0.035730 -0.006501 0.000000 -0.035730 0.935270 -0.352128 3.278600 -0.006501 0.352128 0.935929 -0.000000 0.000000 0.000000 0.000000 1.000000
0.999346 0.035587 -0.006447 0.000000 -0.035587 0.935803 -0.350723 3.278600 -0.006448 0.350723 0.936457 -0.000000 0.000000 0.000000 0.000000 1.000000</float_array>
        <technique_common>
          <accessor source="#mixamorig_LeftHandMiddle3-Matrix-animation-output-transform-array" count="23" stride="16">
            <param type="float4x4"/>
          </accessor>
        </technique_common>
      </source>
      <source id="mixamorig_LeftHandMiddle3-Interpolations">
        <Name_array id="mixamorig_LeftHandMiddle3-Interpolations-array" count="23">
 LINEAR LINEAR LINEAR LINEAR LINEAR LINEAR LINEAR LINEAR LINEAR LINEAR LINEAR
LINEAR LINEAR LINEAR LINEAR LINEAR LINEAR LINEAR LINEAR LINEAR LINEAR LINEAR LINEAR</Name_array>
        <technique_common>
          <accessor source="#mixamorig_LeftHandMiddle3-Interpolations-array" count="23">
            <param type="name"/>
          </accessor>
        </technique_common>
      </source>
      <sampler id="mixamorig_LeftHandMiddle3-Matrix-animation-transform">
        <input semantic="INPUT" source="#mixamorig_LeftHandMiddle3-Matrix-animation-input"/>
        <input semantic="OUTPUT" source="#mixamorig_LeftHandMiddle3-Matrix-animation-output-transform"/>
        <input semantic="INTERPOLATION" source="#mixamorig_LeftHandMiddle3-Interpolations"/>
      </sampler>
      <channel source="#mixamorig_LeftHandMiddle3-Matrix-animation-transform" target="mixamorig_LeftHandMiddle3/matrix"/>
    </animation>
    <animation id="mixamorig_LeftHandRing1-anim" name="mixamorig_LeftHandRing1">
      <source id="mixamorig_LeftHandRing1-Matrix-animation-input">
        <float_array id="mixamorig_LeftHandRing1-Matrix-animation-input-array" count="23">

0.000000 0.033333 0.066667 0.100000 0.133333 0.166667 0.200000 0.233333 0.266667 0.300000 0.333333 0.366667 0.400000 0.433333 0.466667 0.500000
0.533333 0.566667 0.600000 0.633333 0.666667 0.700000 0.733333</float_array>
        <technique_common>
          <accessor source="#mixamorig_LeftHandRing1-Matrix-animation-input-array" count="23">
            <param name="TIME" type="float"/>
          </accessor>
        </technique_common>
      </source>
      <source id="mixamorig_LeftHandRing1-Matrix-animation-output-transform">
        <float_array id="mixamorig_LeftHandRing1-Matrix-animation-output-transform-array" count="368">

0.985414 0.164782 -0.042489 3.988400 -0.154400 0.760783 -0.630373 15.764500 -0.071549 0.627739 0.775129 0.151700 0.000000 0.000000 0.000000 1.000000
0.985762 0.162013 -0.045009 3.988400 -0.151942 0.743586 -0.651148 15.764500 -0.072027 0.648716 0.757615 0.151700 0.000000 0.000000 0.000000 1.000000
0.987208 0.151565 -0.049472 3.988400 -0.143942 0.713849 -0.685347 15.764500 -0.068559 0.683702 0.726534 0.151700 0.000000 0.000000 0.000000 1.000000
0.989298 0.136290 -0.052098 3.988400 -0.133113 0.696829 -0.704777 15.764500 -0.059750 0.704169 0.707514 0.151700 0.000000 0.000000 0.000000 1.000000
0.990249 0.130083 -0.049851 3.988400 -0.128474 0.714396 -0.687846 15.764500 -0.053864 0.687544 0.724142 0.151700 0.000000 0.000000 0.000000 1.000000
0.989409 0.137300 -0.047090 3.988400 -0.133492 0.733321 -0.666648 15.764500 -0.056999 0.665874 0.743883 0.151700 0.000000 0.000000 0.000000 1.000000
0.987465 0.150567 -0.047363 3.988400 -0.143260 0.728986 -0.669370 15.764500 -0.066258 0.667764 0.741418 0.151700 0.000000 0.000000 0.000000 1.000000
0.984996 0.166627 -0.044931 3.988400 -0.155417 0.743271 -0.650687 15.764500 -0.075026 0.647907 0.758016 0.151700 0.000000 0.000000 0.000000 1.000000
0.985596 0.165467 -0.034954 3.988400 -0.156260 0.811948 -0.562426 15.764500 -0.064682 0.559786 0.826109 0.151700 0.000000 0.000000 0.000000 1.000000
0.982978 0.181867 -0.026043 3.988400 -0.172604 0.865604 -0.470039 15.764500 -0.062942 0.466534 0.882261 0.151700 0.000000 0.000000 0.000000 1.000000
0.976330 0.215244 -0.021228 3.988400 -0.204035 0.884006 -0.420598 15.764500 -0.071765 0.414974 0.906999 0.151700 0.000000 0.000000 0.000000 1.000000
0.973012 0.229717 -0.021848 3.988400 -0.216517 0.876144 -0.430688 15.764500 -0.079795 0.423795 0.902236 0.151700 0.000000 0.000000 0.000000 1.000000
0.973799 0.226312 -0.022338 3.988400 -0.213208 0.874392 -0.435868 15.764500 -0.079110 0.429210 0.899733 0.151700 0.000000 0.000000 0.000000 1.000000
0.970169 0.241526 -0.020920 3.988400 -0.227572 0.877568 -0.422002 15.764500 -0.083566 0.414173 0.906354 0.151700 0.000000 0.000000 0.000000 1.000000
0.967359 0.252378 -0.022826 3.988400 -0.235708 0.863057 -0.446738 15.764500 -0.093046 0.437536 0.894374 0.151700 0.000000 0.000000 0.000000 1.000000
0.969970 0.241354 -0.030094 3.988400 -0.221015 0.822982 -0.523309 15.764500 -0.101535 0.514245 0.851612 0.151700 0.000000 0.000000 0.000000 1.000000
0.972850 0.228659 -0.035757 3.988400 -0.206943 0.790264 -0.576765 15.764500 -0.103625 0.568505 0.816127 0.151700 0.000000 0.000000 0.000000 1.000000
0.976327 0.212885 -0.038285 3.988400 -0.193069 0.777903 -0.597989 15.764500 -0.097520 0.591225 0.800589 0.151700 0.000000 0.000000 0.000000 1.000000
0.980439 0.192983 -0.038683 3.988400 -0.177281 0.780500 -0.599493 15.764500 -0.085500 0.594624 0.799445 0.151700 0.000000 0.000000 0.000000 1.000000
0.982115 0.184499 -0.037562 3.988400 -0.170953 0.790190 -0.588536 15.764500 -0.078903 0.584431 0.807598 0.151700 0.000000 0.000000 0.000000 1.000000
0.983670 0.176028 -0.037520 3.988400 -0.164221 0.792494 -0.587355 15.764500 -0.073656 0.583925 0.808460 0.151700 0.000000 0.000000 0.000000 1.000000
0.984864 0.168630 -0.040077 3.988400 -0.157807 0.776743 -0.609727 15.764500 -0.071689 0.606823 0.791598 0.151700 0.000000 0.000000 0.000000 1.000000
0.985414 0.164782 -0.042489 3.988400 -0.154400 0.760783 -0.630373 15.764500 -0.071549 0.627739 0.775129 0.151700 0.000000 0.000000 0.000000 1.000000</float_array>
        <technique_common>
          <accessor source="#mixamorig_LeftHandRing1-Matrix-animation-output-transform-array" count="23" stride="16">
            <param type="float4x4"/>
          </accessor>
        </technique_common>
      </source>
      <source id="mixamorig_LeftHandRing1-Interpolations">
        <Name_array id="mixamorig_LeftHandRing1-Interpolations-array" count="23">
 LINEAR LINEAR LINEAR LINEAR LINEAR LINEAR LINEAR LINEAR LINEAR LINEAR LINEAR
LINEAR LINEAR LINEAR LINEAR LINEAR LINEAR LINEAR LINEAR LINEAR LINEAR LINEAR LINEAR</Name_array>
        <technique_common>
          <accessor source="#mixamorig_LeftHandRing1-Interpolations-array" count="23">
            <param type="name"/>
          </accessor>
        </technique_common>
      </source>
      <sampler id="mixamorig_LeftHandRing1-Matrix-animation-transform">
        <input semantic="INPUT" source="#mixamorig_LeftHandRing1-Matrix-animation-input"/>
        <input semantic="OUTPUT" source="#mixamorig_LeftHandRing1-Matrix-animation-output-transform"/>
        <input semantic="INTERPOLATION" source="#mixamorig_LeftHandRing1-Interpolations"/>
      </sampler>
      <channel source="#mixamorig_LeftHandRing1-Matrix-animation-transform" target="mixamorig_LeftHandRing1/matrix"/>
    </animation>
    <animation id="mixamorig_LeftHandRing2-anim" name="mixamorig_LeftHandRing2">
      <source id="mixamorig_LeftHandRing2-Matrix-animation-input">
        <float_array id="mixamorig_LeftHandRing2-Matrix-animation-input-array" count="23">

0.000000 0.033333 0.066667 0.100000 0.133333 0.166667 0.200000 0.233333 0.266667 0.300000 0.333333 0.366667 0.400000 0.433333 0.466667 0.500000
0.533333 0.566667 0.600000 0.633333 0.666667 0.700000 0.733333</float_array>
        <technique_common>
          <accessor source="#mixamorig_LeftHandRing2-Matrix-animation-input-array" count="23">
            <param name="TIME" type="float"/>
          </accessor>
        </technique_common>
      </source>
      <source id="mixamorig_LeftHandRing2-Matrix-animation-output-transform">
        <float_array id="mixamorig_LeftHandRing2-Matrix-animation-output-transform-array" count="368">

0.997460 0.066687 -0.025034 -0.000000 -0.066687 0.750743 -0.657219 3.497800 -0.025034 0.657219 0.753284 -0.000000 0.000000 0.000000 0.000000 1.000000
0.997285 0.068610 -0.026762 -0.000000 -0.068610 0.733543 -0.676171 3.497800 -0.026761 0.676171 0.736258 -0.000000 0.000000 0.000000 0.000000 1.000000
0.996955 0.071975 -0.030011 0.000000 -0.071975 0.701190 -0.709332 3.497800 -0.030011 0.709332 0.704235 0.000000 0.000000 0.000000 0.000000 1.000000
0.996663 0.074707 -0.032886 0.000000 -0.074707 0.672559 -0.736263 3.497800 -0.032887 0.736263 0.675896 0.000000 0.000000 0.000000 0.000000 1.000000
0.996676 0.074587 -0.032754 -0.000000 -0.074587 0.673873 -0.735073 3.497800 -0.032755 0.735073 0.677196 -0.000000 0.000000 0.000000 0.000000 1.000000
0.996756 0.073863 -0.031973 0.000000 -0.073863 0.681655 -0.727936 3.497800 -0.031973 0.727936 0.684899 0.000000 0.000000 0.000000 0.000000 1.000000
0.996895 0.072552 -0.030600 0.000000 -0.072552 0.695324 -0.715025 3.497800 -0.030600 0.715025 0.698429 0.000000 0.000000 0.000000 0.000000 1.000000
0.997267 0.068794 -0.026931 0.000000 -0.068794 0.731855 -0.677979 3.497800 -0.026931 0.677979 0.734588 0.000000 0.000000 0.000000 0.000000 1.000000
0.997792 0.062749 -0.021759 0.000000 -0.062749 0.783348 -0.618408 3.497800 -0.021759 0.618408 0.785556 0.000000 0.000000 0.000000 0.000000 1.000000
0.997897 0.061423 -0.020730 0.000000 -0.061423 0.793597 -0.605335 3.497800 -0.020730 0.605335 0.795701 0.000000 0.000000 0.000000 0.000000 1.000000
0.997650 0.064487 -0.023163 -0.000000 -0.064487 0.769371 -0.635539 3.497800 -0.023163 0.635539 0.771721 0.000000 0.000000 0.000000 0.000000 1.000000
0.997461 0.066669 -0.025019 0.000000 -0.066669 0.750897 -0.657045 3.497800 -0.025018 0.657045 0.753436 0.000000 0.000000 0.000000 0.000000 1.000000
0.997334 0.068079 -0.026275 0.000000 -0.068079 0.738381 -0.670939 3.497800 -0.026276 0.670939 0.741047 0.000000 0.000000 0.000000 0.000000 1.000000
0.997439 0.066919 -0.025238 0.000000 -0.066919 0.748714 -0.659506 3.497800 -0.025238 0.659506 0.751275 -0.000000 0.000000 0.000000 0.000000 1.000000
0.997464 0.066635 -0.024988 0.000000 -0.066635 0.751198 -0.656705 3.497800 -0.024988 0.656705 0.753733 -0.000000 0.000000 0.000000 0.000000 1.000000
0.997372 0.067659 -0.025896 0.000000 -0.067659 0.742161 -0.666798 3.497800 -0.025896 0.666798 0.744789 -0.000000 0.000000 0.000000 0.000000 1.000000
0.997330 0.068116 -0.026309 0.000000 -0.068116 0.738048 -0.671301 3.497800 -0.026309 0.671301 0.740718 0.000000 0.000000 0.000000 0.000000 1.000000
0.997447 0.066835 -0.025164 0.000000 -0.066835 0.749450 -0.658679 3.497800 -0.025164 0.658679 0.752003 0.000000 0.000000 0.000000 0.000000 1.000000
0.997669 0.064253 -0.022971 0.000000 -0.064254 0.771287 -0.633236 3.497800 -0.022970 0.633237 0.773617 -0.000000 0.000000 0.000000 0.000000 1.000000
0.997761 0.063133 -0.022064 0.000000 -0.063133 0.780318 -0.622188 3.497800 -0.022064 0.622188 0.782557 0.000000 0.000000 0.000000 0.000000 1.000000
0.997638 0.064630 -0.023282 0.000000 -0.064630 0.768192 -0.636949 3.497800 -0.023281 0.636949 0.770554 -0.000000 0.000000 0.000000 0.000000 1.000000
0.997506 0.066163 -0.024579 0.000000 -0.066164 0.755275 -0.652059 3.497800 -0.024579 0.652059 0.757769 0.000000 0.000000 0.000000 0.000000 1.000000
0.997460 0.066687 -0.025034 0.000000 -0.066687 0.750743 -0.657219 3.497800 -0.025034 0.657219 0.753284 -0.000000 0.000000 0.000000 0.000000 1.000000</float_array>
        <technique_common>
          <accessor source="#mixamorig_LeftHandRing2-Matrix-animation-output-transform-array" count="23" stride="16">
            <param type="float4x4"/>
          </accessor>
        </technique_common>
      </source>
      <source id="mixamorig_LeftHandRing2-Interpolations">
        <Name_array id="mixamorig_LeftHandRing2-Interpolations-array" count="23">
 LINEAR LINEAR LINEAR LINEAR LINEAR LINEAR LINEAR LINEAR LINEAR LINEAR LINEAR
LINEAR LINEAR LINEAR LINEAR LINEAR LINEAR LINEAR LINEAR LINEAR LINEAR LINEAR LINEAR</Name_array>
        <technique_common>
          <accessor source="#mixamorig_LeftHandRing2-Interpolations-array" count="23">
            <param type="name"/>
          </accessor>
        </technique_common>
      </source>
      <sampler id="mixamorig_LeftHandRing2-Matrix-animation-transform">
        <input semantic="INPUT" source="#mixamorig_LeftHandRing2-Matrix-animation-input"/>
        <input semantic="OUTPUT" source="#mixamorig_LeftHandRing2-Matrix-animation-output-transform"/>
        <input semantic="INTERPOLATION" source="#mixamorig_LeftHandRing2-Interpolations"/>
      </sampler>
      <channel source="#mixamorig_LeftHandRing2-Matrix-animation-transform" target="mixamorig_LeftHandRing2/matrix"/>
    </animation>
    <animation id="mixamorig_LeftHandRing3-anim" name="mixamorig_LeftHandRing3">
      <source id="mixamorig_LeftHandRing3-Matrix-animation-input">
        <float_array id="mixamorig_LeftHandRing3-Matrix-animation-input-array" count="23">

0.000000 0.033333 0.066667 0.100000 0.133333 0.166667 0.200000 0.233333 0.266667 0.300000 0.333333 0.366667 0.400000 0.433333 0.466667 0.500000
0.533333 0.566667 0.600000 0.633333 0.666667 0.700000 0.733333</float_array>
        <technique_common>
          <accessor source="#mixamorig_LeftHandRing3-Matrix-animation-input-array" count="23">
            <param name="TIME" type="float"/>
          </accessor>
        </technique_common>
      </source>
      <source id="mixamorig_LeftHandRing3-Matrix-animation-output-transform">
        <float_array id="mixamorig_LeftHandRing3-Matrix-animation-output-transform-array" count="368">

0.999612 0.027579 -0.003821 0.000000 -0.027579 0.961959 -0.271798 2.983800 -0.003821 0.271798 0.962347 0.000000 0.000000 0.000000 0.000000 1.000000
0.999635 0.026767 -0.003595 0.000000 -0.026767 0.964207 -0.263795 2.983800 -0.003595 0.263795 0.964572 -0.000000 0.000000 0.000000 0.000000 1.000000
0.999652 0.026146 -0.003427 -0.000000 -0.026146 0.965877 -0.257678 2.983800 -0.003427 0.257678 0.966225 0.000000 0.000000 0.000000 0.000000 1.000000
0.999664 0.025697 -0.003309 0.000000 -0.025697 0.967059 -0.253254 2.983800 -0.003308 0.253254 0.967394 0.000000 0.000000 0.000000 0.000000 1.000000
0.999667 0.025587 -0.003280 0.000000 -0.025587 0.967344 -0.252171 2.983800 -0.003280 0.252171 0.967677 0.000000 0.000000 0.000000 0.000000 1.000000
0.999652 0.026160 -0.003431 -0.000000 -0.026160 0.965841 -0.257812 2.983800 -0.003431 0.257812 0.966189 0.000000 0.000000 0.000000 0.000000 1.000000
0.999656 0.026025 -0.003395 0.000000 -0.026025 0.966199 -0.256479 2.983800 -0.003395 0.256479 0.966544 0.000000 0.000000 0.000000 0.000000 1.000000
0.999665 0.025662 -0.003299 -0.000000 -0.025662 0.967150 -0.252909 2.983800 -0.003299 0.252909 0.967484 0.000000 0.000000 0.000000 0.000000 1.000000
0.999669 0.025530 -0.003265 0.000000 -0.025530 0.967493 -0.251608 2.983800 -0.003265 0.251608 0.967824 0.000000 0.000000 0.000000 0.000000 1.000000
0.999669 0.025523 -0.003263 0.000000 -0.025523 0.967511 -0.251536 2.983800 -0.003263 0.251536 0.967842 0.000000 0.000000 0.000000 0.000000 1.000000
0.999679 0.025153 -0.003167 0.000000 -0.025153 0.968461 -0.247891 2.983800 -0.003168 0.247891 0.968783 0.000000 0.000000 0.000000 0.000000 1.000000
0.999710 0.023909 -0.002858 0.000000 -0.023909 0.971549 -0.235631 2.983800 -0.002858 0.235631 0.971838 0.000000 0.000000 0.000000 0.000000 1.000000
0.999738 0.022734 -0.002580 -0.000000 -0.022734 0.974312 -0.224052 2.983800 -0.002580 0.224052 0.974574 0.000000 0.000000 0.000000 0.000000 1.000000
0.999792 0.020301 -0.002052 -0.000000 -0.020301 0.979571 -0.200070 2.983800 -0.002052 0.200070 0.979779 0.000000 0.000000 0.000000 0.000000 1.000000
0.999805 0.019655 -0.001922 0.000000 -0.019655 0.980863 -0.193705 2.983800 -0.001922 0.193705 0.981058 0.000000 0.000000 0.000000 0.000000 1.000000
0.999760 0.021765 -0.002362 0.000000 -0.021765 0.976482 -0.214498 2.983800 -0.002362 0.214498 0.976722 0.000000 0.000000 0.000000 0.000000 1.000000
0.999725 0.023279 -0.002707 0.000000 -0.023279 0.973048 -0.229424 2.983800 -0.002707 0.229424 0.973323 0.000000 0.000000 0.000000 0.000000 1.000000
0.999700 0.024316 -0.002957 -0.000000 -0.024316 0.970557 -0.239641 2.983800 -0.002957 0.239641 0.970857 0.000000 0.000000 0.000000 0.000000 1.000000
0.999671 0.025448 -0.003243 0.000000 -0.025448 0.967706 -0.250795 2.983800 -0.003244 0.250795 0.968035 0.000000 0.000000 0.000000 0.000000 1.000000
0.999648 0.026296 -0.003467 0.000000 -0.026296 0.965478 -0.259153 2.983800 -0.003467 0.259153 0.965830 -0.000000 0.000000 0.000000 0.000000 1.000000
0.999601 0.027956 -0.003928 0.000000 -0.027956 0.960890 -0.275515 2.983800 -0.003928 0.275515 0.961289 0.000000 0.000000 0.000000 0.000000 1.000000
0.999598 0.028079 -0.003963 0.000000 -0.028079 0.960539 -0.276726 2.983800 -0.003963 0.276726 0.960941 0.000000 0.000000 0.000000 0.000000 1.000000
0.999612 0.027579 -0.003820 0.000000 -0.027579 0.961959 -0.271798 2.983800 -0.003821 0.271798 0.962347 -0.000000 0.000000 0.000000 0.000000 1.000000</float_array>
        <technique_common>
          <accessor source="#mixamorig_LeftHandRing3-Matrix-animation-output-transform-array" count="23" stride="16">
            <param type="float4x4"/>
          </accessor>
        </technique_common>
      </source>
      <source id="mixamorig_LeftHandRing3-Interpolations">
        <Name_array id="mixamorig_LeftHandRing3-Interpolations-array" count="23">
 LINEAR LINEAR LINEAR LINEAR LINEAR LINEAR LINEAR LINEAR LINEAR LINEAR LINEAR
LINEAR LINEAR LINEAR LINEAR LINEAR LINEAR LINEAR LINEAR LINEAR LINEAR LINEAR LINEAR</Name_array>
        <technique_common>
          <accessor source="#mixamorig_LeftHandRing3-Interpolations-array" count="23">
            <param type="name"/>
          </accessor>
        </technique_common>
      </source>
      <sampler id="mixamorig_LeftHandRing3-Matrix-animation-transform">
        <input semantic="INPUT" source="#mixamorig_LeftHandRing3-Matrix-animation-input"/>
        <input semantic="OUTPUT" source="#mixamorig_LeftHandRing3-Matrix-animation-output-transform"/>
        <input semantic="INTERPOLATION" source="#mixamorig_LeftHandRing3-Interpolations"/>
      </sampler>
      <channel source="#mixamorig_LeftHandRing3-Matrix-animation-transform" target="mixamorig_LeftHandRing3/matrix"/>
    </animation>
    <animation id="mixamorig_LeftHandPinky1-anim" name="mixamorig_LeftHandPinky1">
      <source id="mixamorig_LeftHandPinky1-Matrix-animation-input">
        <float_array id="mixamorig_LeftHandPinky1-Matrix-animation-input-array" count="23">

0.000000 0.033333 0.066667 0.100000 0.133333 0.166667 0.200000 0.233333 0.266667 0.300000 0.333333 0.366667 0.400000 0.433333 0.466667 0.500000
0.533333 0.566667 0.600000 0.633333 0.666667 0.700000 0.733333</float_array>
        <technique_common>
          <accessor source="#mixamorig_LeftHandPinky1-Matrix-animation-input-array" count="23">
            <param name="TIME" type="float"/>
          </accessor>
        </technique_common>
      </source>
      <source id="mixamorig_LeftHandPinky1-Matrix-animation-output-transform">
        <float_array id="mixamorig_LeftHandPinky1-Matrix-animation-output-transform-array" count="368">

0.992698 0.113701 -0.040283 6.663900 -0.115545 0.800386 -0.588244 12.707900 -0.034642 0.588603 0.807680 0.878100 0.000000 0.000000 0.000000 1.000000
0.993266 0.108502 -0.040625 6.663900 -0.110845 0.787926 -0.605711 12.707900 -0.033711 0.606135 0.794647 0.878100 0.000000 0.000000 0.000000 1.000000
0.995782 0.080941 -0.043211 6.663900 -0.089955 0.768444 -0.633563 12.707900 -0.018076 0.634778 0.772483 0.878100 0.000000 0.000000 0.000000 1.000000
0.997962 0.045709 -0.044529 6.663900 -0.063665 0.760632 -0.646055 12.707900 0.004340 0.647573 0.761991 0.878100 0.000000 0.000000 0.000000 1.000000
0.998483 0.034495 -0.042909 6.663900 -0.053881 0.772363 -0.632892 12.707900 0.011310 0.634244 0.773050 0.878100 0.000000 0.000000 0.000000 1.000000
0.997936 0.048499 -0.042081 6.663900 -0.064166 0.777806 -0.625221 12.707900 0.002409 0.626631 0.779313 0.878100 0.000000 0.000000 0.000000 1.000000
0.996119 0.076868 -0.042878 6.663900 -0.086646 0.770649 -0.631342 12.707900 -0.015486 0.632607 0.774318 0.878100 0.000000 0.000000 0.000000 1.000000
0.994852 0.092678 -0.041003 6.663900 -0.098232 0.782380 -0.615006 12.707900 -0.024917 0.615868 0.787456 0.878100 0.000000 0.000000 0.000000 1.000000
0.995292 0.091275 -0.032610 6.663900 -0.094496 0.838932 -0.535969 12.707900 -0.021563 0.536527 0.843607 0.878100 0.000000 0.000000 0.000000 1.000000
0.993555 0.109425 -0.029567 6.663900 -0.110518 0.877273 -0.467094 12.707900 -0.025174 0.467352 0.883713 0.878100 0.000000 0.000000 0.000000 1.000000
0.989156 0.142849 -0.034128 6.663900 -0.143248 0.887070 -0.438846 12.707900 -0.032415 0.438976 0.897914 0.878100 0.000000 0.000000 0.000000 1.000000
0.986631 0.158760 -0.036799 6.663900 -0.158735 0.885032 -0.437632 12.707900 -0.036910 0.437623 0.898401 0.878100 0.000000 0.000000 0.000000 1.000000
0.983627 0.175919 -0.039133 6.663900 -0.175419 0.884802 -0.431686 12.707900 -0.041316 0.431483 0.901174 0.878100 0.000000 0.000000 0.000000 1.000000
0.970995 0.233539 -0.051256 6.663900 -0.232102 0.869198 -0.436604 12.707900 -0.057413 0.435838 0.898192 0.878100 0.000000 0.000000 0.000000 1.000000
0.967149 0.247941 -0.056113 6.663900 -0.244967 0.850001 -0.466358 12.707900 -0.067933 0.464784 0.882814 0.878100 0.000000 0.000000 0.000000 1.000000
0.972619 0.225859 -0.054770 6.663900 -0.219577 0.815843 -0.534963 12.707900 -0.076142 0.532341 0.843098 0.878100 0.000000 0.000000 0.000000 1.000000
0.977199 0.205248 -0.054367 6.663900 -0.198036 0.788695 -0.582015 12.707900 -0.076578 0.579511 0.811358 0.878100 0.000000 0.000000 0.000000 1.000000
0.981822 0.182707 -0.051411 6.663900 -0.177310 0.786266 -0.591902 12.707900 -0.067722 0.590258 0.804369 0.878100 0.000000 0.000000 0.000000 1.000000
0.986664 0.156213 -0.045740 6.663900 -0.153735 0.801998 -0.577204 12.707900 -0.053483 0.576538 0.815318 0.878100 0.000000 0.000000 0.000000 1.000000
0.988455 0.145327 -0.042850 6.663900 -0.143937 0.812381 -0.565084 12.707900 -0.047311 0.564728 0.823920 0.878100 0.000000 0.000000 0.000000 1.000000
0.991350 0.125061 -0.039798 6.663900 -0.125548 0.815347 -0.565197 12.707900 -0.038235 0.565305 0.823995 0.878100 0.000000 0.000000 0.000000 1.000000
0.992464 0.116020 -0.039441 6.663900 -0.117466 0.809078 -0.575843 12.707900 -0.034899 0.576136 0.816609 0.878100 0.000000 0.000000 0.000000 1.000000
0.992698 0.113701 -0.040283 6.663900 -0.115545 0.800386 -0.588244 12.707900 -0.034642 0.588603 0.807680 0.878100 0.000000 0.000000 0.000000 1.000000</float_array>
        <technique_common>
          <accessor source="#mixamorig_LeftHandPinky1-Matrix-animation-output-transform-array" count="23" stride="16">
            <param type="float4x4"/>
          </accessor>
        </technique_common>
      </source>
      <source id="mixamorig_LeftHandPinky1-Interpolations">
        <Name_array id="mixamorig_LeftHandPinky1-Interpolations-array" count="23">
 LINEAR LINEAR LINEAR LINEAR LINEAR LINEAR LINEAR LINEAR LINEAR LINEAR LINEAR
LINEAR LINEAR LINEAR LINEAR LINEAR LINEAR LINEAR LINEAR LINEAR LINEAR LINEAR LINEAR</Name_array>
        <technique_common>
          <accessor source="#mixamorig_LeftHandPinky1-Interpolations-array" count="23">
            <param type="name"/>
          </accessor>
        </technique_common>
      </source>
      <sampler id="mixamorig_LeftHandPinky1-Matrix-animation-transform">
        <input semantic="INPUT" source="#mixamorig_LeftHandPinky1-Matrix-animation-input"/>
        <input semantic="OUTPUT" source="#mixamorig_LeftHandPinky1-Matrix-animation-output-transform"/>
        <input semantic="INTERPOLATION" source="#mixamorig_LeftHandPinky1-Interpolations"/>
      </sampler>
      <channel source="#mixamorig_LeftHandPinky1-Matrix-animation-transform" target="mixamorig_LeftHandPinky1/matrix"/>
    </animation>
    <animation id="mixamorig_LeftHandPinky2-anim" name="mixamorig_LeftHandPinky2">
      <source id="mixamorig_LeftHandPinky2-Matrix-animation-input">
        <float_array id="mixamorig_LeftHandPinky2-Matrix-animation-input-array" count="23">

0.000000 0.033333 0.066667 0.100000 0.133333 0.166667 0.200000 0.233333 0.266667 0.300000 0.333333 0.366667 0.400000 0.433333 0.466667 0.500000
0.533333 0.566667 0.600000 0.633333 0.666667 0.700000 0.733333</float_array>
        <technique_common>
          <accessor source="#mixamorig_LeftHandPinky2-Matrix-animation-input-array" count="23">
            <param name="TIME" type="float"/>
          </accessor>
        </technique_common>
      </source>
      <source id="mixamorig_LeftHandPinky2-Matrix-animation-output-transform">
        <float_array id="mixamorig_LeftHandPinky2-Matrix-animation-output-transform-array" count="368">

0.998758 0.048293 -0.012238 0.000000 -0.048293 0.878150 -0.475941 3.376600 -0.012238 0.475941 0.879392 -0.000000 0.000000 0.000000 0.000000 1.000000
0.998725 0.048897 -0.012568 0.000000 -0.048897 0.874863 -0.481895 3.376600 -0.012568 0.481895 0.876139 0.000000 0.000000 0.000000 0.000000 1.000000
0.998602 0.051036 -0.013780 -0.000000 -0.051036 0.862792 -0.502976 3.376600 -0.013780 0.502976 0.864191 0.000000 0.000000 0.000000 0.000000 1.000000
0.998502 0.052681 -0.014761 0.000000 -0.052681 0.853032 -0.519193 3.376600 -0.014760 0.519193 0.854530 0.000000 0.000000 0.000000 0.000000 1.000000
0.998541 0.052047 -0.014378 0.000000 -0.052047 0.856844 -0.512943 3.376600 -0.014378 0.512943 0.858302 0.000000 0.000000 0.000000 0.000000 1.000000
0.998589 0.051249 -0.013905 -0.000000 -0.051249 0.861553 -0.505074 3.376600 -0.013905 0.505074 0.862964 0.000000 0.000000 0.000000 0.000000 1.000000
0.998621 0.050716 -0.013594 -0.000000 -0.050716 0.864642 -0.499822 3.376600 -0.013595 0.499822 0.866021 0.000000 0.000000 0.000000 0.000000 1.000000
0.998690 0.049520 -0.012914 0.000000 -0.049520 0.871419 -0.488034 3.376600 -0.012914 0.488034 0.872729 0.000000 0.000000 0.000000 0.000000 1.000000
0.998825 0.047054 -0.011578 0.000000 -0.047054 0.884723 -0.463736 3.376600 -0.011578 0.463736 0.885898 0.000000 0.000000 0.000000 0.000000 1.000000
0.998828 0.047001 -0.011550 0.000000 -0.047001 0.885004 -0.463205 3.376600 -0.011549 0.463205 0.886176 -0.000000 0.000000 0.000000 0.000000 1.000000
0.998671 0.049841 -0.013095 -0.000000 -0.049841 0.869620 -0.491200 3.376600 -0.013094 0.491200 0.870949 0.000000 0.000000 0.000000 0.000000 1.000000
0.998452 0.053484 -0.015254 -0.000000 -0.053484 0.848114 -0.527107 3.376600 -0.015255 0.527107 0.849662 0.000000 0.000000 0.000000 0.000000 1.000000
0.998294 0.055916 -0.016814 0.000000 -0.055916 0.832587 -0.551065 3.376600 -0.016814 0.551065 0.834293 -0.000000 0.000000 0.000000 0.000000 1.000000
0.998230 0.056862 -0.017448 0.000000 -0.056862 0.826273 -0.560393 3.376600 -0.017448 0.560393 0.828043 -0.000000 0.000000 0.000000 0.000000 1.000000
0.998166 0.057781 -0.018079 0.000000 -0.057781 0.819991 -0.569452 3.376600 -0.018079 0.569452 0.821826 0.000000 0.000000 0.000000 0.000000 1.000000
0.998160 0.057858 -0.018132 0.000000 -0.057858 0.819460 -0.570208 3.376600 -0.018132 0.570208 0.821300 0.000000 0.000000 0.000000 0.000000 1.000000
0.998179 0.057593 -0.017949 0.000000 -0.057593 0.821289 -0.567597 3.376600 -0.017949 0.567597 0.823111 0.000000 0.000000 0.000000 0.000000 1.000000
0.998349 0.055091 -0.016274 0.000000 -0.055091 0.837964 -0.542938 3.376600 -0.016274 0.542938 0.839615 -0.000000 0.000000 0.000000 0.000000 1.000000
0.998626 0.050619 -0.013539 0.000000 -0.050619 0.865200 -0.498865 3.376600 -0.013538 0.498865 0.866574 0.000000 0.000000 0.000000 0.000000 1.000000
0.998727 0.048854 -0.012544 0.000000 -0.048854 0.875101 -0.481469 3.376600 -0.012544 0.481469 0.876373 0.000000 0.000000 0.000000 0.000000 1.000000
0.998785 0.047797 -0.011971 0.000000 -0.047797 0.880806 -0.471059 3.376600 -0.011971 0.471059 0.882021 -0.000000 0.000000 0.000000 0.000000 1.000000
0.998774 0.048005 -0.012082 0.000000 -0.048005 0.879699 -0.473102 3.376600 -0.012082 0.473102 0.880925 0.000000 0.000000 0.000000 0.000000 1.000000
0.998758 0.048293 -0.012238 0.000000 -0.048293 0.878150 -0.475941 3.376600 -0.012238 0.475941 0.879392 0.000000 0.000000 0.000000 0.000000 1.000000</float_array>
        <technique_common>
          <accessor source="#mixamorig_LeftHandPinky2-Matrix-animation-output-transform-array" count="23" stride="16">
            <param type="float4x4"/>
          </accessor>
        </technique_common>
      </source>
      <source id="mixamorig_LeftHandPinky2-Interpolations">
        <Name_array id="mixamorig_LeftHandPinky2-Interpolations-array" count="23">
 LINEAR LINEAR LINEAR LINEAR LINEAR LINEAR LINEAR LINEAR LINEAR LINEAR LINEAR
LINEAR LINEAR LINEAR LINEAR LINEAR LINEAR LINEAR LINEAR LINEAR LINEAR LINEAR LINEAR</Name_array>
        <technique_common>
          <accessor source="#mixamorig_LeftHandPinky2-Interpolations-array" count="23">
            <param type="name"/>
          </accessor>
        </technique_common>
      </source>
      <sampler id="mixamorig_LeftHandPinky2-Matrix-animation-transform">
        <input semantic="INPUT" source="#mixamorig_LeftHandPinky2-Matrix-animation-input"/>
        <input semantic="OUTPUT" source="#mixamorig_LeftHandPinky2-Matrix-animation-output-transform"/>
        <input semantic="INTERPOLATION" source="#mixamorig_LeftHandPinky2-Interpolations"/>
      </sampler>
      <channel source="#mixamorig_LeftHandPinky2-Matrix-animation-transform" target="mixamorig_LeftHandPinky2/matrix"/>
    </animation>
    <animation id="mixamorig_LeftHandPinky3-anim" name="mixamorig_LeftHandPinky3">
      <source id="mixamorig_LeftHandPinky3-Matrix-animation-input">
        <float_array id="mixamorig_LeftHandPinky3-Matrix-animation-input-array" count="23">

0.000000 0.033333 0.066667 0.100000 0.133333 0.166667 0.200000 0.233333 0.266667 0.300000 0.333333 0.366667 0.400000 0.433333 0.466667 0.500000
0.533333 0.566667 0.600000 0.633333 0.666667 0.700000 0.733333</float_array>
        <technique_common>
          <accessor source="#mixamorig_LeftHandPinky3-Matrix-animation-input-array" count="23">
            <param name="TIME" type="float"/>
          </accessor>
        </technique_common>
      </source>
      <source id="mixamorig_LeftHandPinky3-Matrix-animation-output-transform">
        <float_array id="mixamorig_LeftHandPinky3-Matrix-animation-output-transform-array" count="368">

0.999395 0.034276 -0.005967 0.000000 -0.034276 0.940592 -0.337804 2.998500 -0.005967 0.337804 0.941197 0.000000 0.000000 0.000000 0.000000 1.000000
0.999420 0.033577 -0.005718 0.000000 -0.033577 0.943062 -0.330917 2.998500 -0.005719 0.330917 0.943643 0.000000 0.000000 0.000000 0.000000 1.000000
0.999426 0.033401 -0.005657 -0.000000 -0.033401 0.943676 -0.329180 2.998500 -0.005657 0.329180 0.944250 0.000000 0.000000 0.000000 0.000000 1.000000
0.999417 0.033641 -0.005741 0.000000 -0.033641 0.942840 -0.331544 2.998500 -0.005741 0.331544 0.943422 -0.000000 0.000000 0.000000 0.000000 1.000000
0.999420 0.033576 -0.005718 0.000000 -0.033576 0.943069 -0.330898 2.998500 -0.005718 0.330898 0.943649 -0.000000 0.000000 0.000000 0.000000 1.000000
0.999469 0.032157 -0.005232 -0.000000 -0.032157 0.947908 -0.316917 2.998500 -0.005232 0.316917 0.948439 0.000000 0.000000 0.000000 0.000000 1.000000
0.999489 0.031571 -0.005038 -0.000000 -0.031571 0.949839 -0.311141 2.998500 -0.005038 0.311141 0.950351 0.000000 0.000000 0.000000 0.000000 1.000000
0.999518 0.030681 -0.004751 -0.000000 -0.030681 0.952696 -0.302371 2.998500 -0.004751 0.302371 0.953179 0.000000 0.000000 0.000000 0.000000 1.000000
0.999537 0.030094 -0.004567 0.000000 -0.030094 0.954531 -0.296588 2.998500 -0.004567 0.296588 0.954995 -0.000000 0.000000 0.000000 0.000000 1.000000
0.999563 0.029259 -0.004311 -0.000000 -0.029259 0.957077 -0.288352 2.998500 -0.004311 0.288352 0.957515 0.000000 0.000000 0.000000 0.000000 1.000000
0.999578 0.028741 -0.004156 -0.000000 -0.028741 0.958614 -0.283253 2.998500 -0.004157 0.283253 0.959036 0.000000 0.000000 0.000000 0.000000 1.000000
0.999535 0.030134 -0.004579 0.000000 -0.030134 0.954409 -0.296977 2.998500 -0.004579 0.296977 0.954874 0.000000 0.000000 0.000000 0.000000 1.000000
0.999489 0.031561 -0.005035 -0.000000 -0.031561 0.949870 -0.311048 2.998500 -0.005035 0.311048 0.950381 -0.000000 0.000000 0.000000 0.000000 1.000000
0.999511 0.030894 -0.004819 0.000000 -0.030894 0.952021 -0.304471 2.998500 -0.004819 0.304471 0.952509 0.000000 0.000000 0.000000 0.000000 1.000000
0.999518 0.030664 -0.004745 0.000000 -0.030664 0.952752 -0.302199 2.998500 -0.004745 0.302199 0.953233 0.000000 0.000000 0.000000 0.000000 1.000000
0.999492 0.031471 -0.005005 0.000000 -0.031471 0.950163 -0.310160 2.998500 -0.005005 0.310160 0.950671 0.000000 0.000000 0.000000 0.000000 1.000000
0.999461 0.032388 -0.005309 0.000000 -0.032388 0.947137 -0.319190 2.998500 -0.005309 0.319190 0.947676 -0.000000 0.000000 0.000000 0.000000 1.000000
0.999429 0.033323 -0.005630 0.000000 -0.033323 0.943947 -0.328411 2.998500 -0.005629 0.328411 0.944518 0.000000 0.000000 0.000000 0.000000 1.000000
0.999398 0.034192 -0.005936 0.000000 -0.034192 0.940894 -0.336971 2.998500 -0.005936 0.336971 0.941496 0.000000 0.000000 0.000000 0.000000 1.000000
0.999400 0.034136 -0.005916 0.000000 -0.034136 0.941094 -0.336417 2.998500 -0.005916 0.336417 0.941694 0.000000 0.000000 0.000000 0.000000 1.000000
0.999407 0.033934 -0.005844 0.000000 -0.033934 0.941811 -0.334427 2.998500 -0.005844 0.334427 0.942404 0.000000 0.000000 0.000000 0.000000 1.000000
0.999396 0.034231 -0.005951 0.000000 -0.034231 0.940753 -0.337359 2.998500 -0.005950 0.337359 0.941357 0.000000 0.000000 0.000000 0.000000 1.000000
0.999395 0.034276 -0.005966 0.000000 -0.034276 0.940592 -0.337804 2.998500 -0.005967 0.337804 0.941197 -0.000000 0.000000 0.000000 0.000000 1.000000</float_array>
        <technique_common>
          <accessor source="#mixamorig_LeftHandPinky3-Matrix-animation-output-transform-array" count="23" stride="16">
            <param type="float4x4"/>
          </accessor>
        </technique_common>
      </source>
      <source id="mixamorig_LeftHandPinky3-Interpolations">
        <Name_array id="mixamorig_LeftHandPinky3-Interpolations-array" count="23">
 LINEAR LINEAR LINEAR LINEAR LINEAR LINEAR LINEAR LINEAR LINEAR LINEAR LINEAR
LINEAR LINEAR LINEAR LINEAR LINEAR LINEAR LINEAR LINEAR LINEAR LINEAR LINEAR LINEAR</Name_array>
        <technique_common>
          <accessor source="#mixamorig_LeftHandPinky3-Interpolations-array" count="23">
            <param type="name"/>
          </accessor>
        </technique_common>
      </source>
      <sampler id="mixamorig_LeftHandPinky3-Matrix-animation-transform">
        <input semantic="INPUT" source="#mixamorig_LeftHandPinky3-Matrix-animation-input"/>
        <input semantic="OUTPUT" source="#mixamorig_LeftHandPinky3-Matrix-animation-output-transform"/>
        <input semantic="INTERPOLATION" source="#mixamorig_LeftHandPinky3-Interpolations"/>
      </sampler>
      <channel source="#mixamorig_LeftHandPinky3-Matrix-animation-transform" target="mixamorig_LeftHandPinky3/matrix"/>
    </animation>
    <animation id="mixamorig_RightShoulder-anim" name="mixamorig_RightShoulder">
      <source id="mixamorig_RightShoulder-Matrix-animation-input">
        <float_array id="mixamorig_RightShoulder-Matrix-animation-input-array" count="23">

0.000000 0.033333 0.066667 0.100000 0.133333 0.166667 0.200000 0.233333 0.266667 0.300000 0.333333 0.366667 0.400000 0.433333 0.466667 0.500000
0.533333 0.566667 0.600000 0.633333 0.666667 0.700000 0.733333</float_array>
        <technique_common>
          <accessor source="#mixamorig_RightShoulder-Matrix-animation-input-array" count="23">
            <param name="TIME" type="float"/>
          </accessor>
        </technique_common>
      </source>
      <source id="mixamorig_RightShoulder-Matrix-animation-output-transform">
        <float_array id="mixamorig_RightShoulder-Matrix-animation-output-transform-array" count="368">

0.191145 -0.719163 0.668033 -12.584900 0.076210 -0.667653 -0.740561 11.394900 0.978599 0.192465 -0.072811 -1.453100 0.000000 0.000000 0.000000 1.000000
0.185217 -0.714768 0.674389 -12.584900 0.076790 -0.673638 -0.735061 11.394900 0.979693 0.187932 -0.069883 -1.453100 0.000000 0.000000 0.000000 1.000000
0.156935 -0.728830 0.666467 -12.584900 0.072953 -0.664430 -0.743781 11.394900 0.984911 0.165346 -0.051102 -1.453100 0.000000 0.000000 0.000000 1.000000
0.128083 -0.754759 0.643376 -12.584900 0.068032 -0.640505 -0.764935 11.394900 0.989427 0.141746 -0.030690 -1.453100 0.000000 0.000000 0.000000 1.000000
0.116910 -0.777870 0.617454 -12.584900 0.064951 -0.614398 -0.786318 11.394900 0.991016 0.132032 -0.021306 -1.453100 0.000000 0.000000 0.000000 1.000000
0.120587 -0.784864 0.607821 -12.584900 0.064056 -0.604861 -0.793750 11.394900 0.990634 0.134651 -0.022663 -1.453100 0.000000 0.000000 0.000000 1.000000
0.124388 -0.776880 0.617239 -12.584900 0.065143 -0.614335 -0.786352 11.394900 0.990093 0.138022 -0.025808 -1.453100 0.000000 0.000000 0.000000 1.000000
0.122842 -0.760810 0.637243 -12.584900 0.067327 -0.634238 -0.770201 11.394900 0.990140 0.137516 -0.026688 -1.453100 0.000000 0.000000 0.000000 1.000000
0.119192 -0.745375 0.655903 -12.584900 0.069182 -0.652772 -0.754389 11.394900 0.990458 0.135294 -0.026238 -1.453100 0.000000 0.000000 0.000000 1.000000
0.121807 -0.735852 0.666097 -12.584900 0.070460 -0.662990 -0.745305 11.394900 0.990050 0.137716 -0.028909 -1.453100 0.000000 0.000000 0.000000 1.000000
0.137744 -0.732622 0.666552 -12.584900 0.071749 -0.663819 -0.744444 11.394900 0.987866 0.150367 -0.038872 -1.453100 0.000000 0.000000 0.000000 1.000000
0.165270 -0.735363 0.657212 -12.584900 0.072665 -0.655485 -0.751704 11.394900 0.983568 0.171990 -0.054897 -1.453100 0.000000 0.000000 0.000000 1.000000
0.187488 -0.743628 0.641767 -12.584900 0.071866 -0.641218 -0.763986 11.394900 0.979634 0.189359 -0.066779 -1.453100 0.000000 0.000000 0.000000 1.000000
0.194817 -0.752685 0.628898 -12.584900 0.070297 -0.628819 -0.774367 11.394900 0.978317 0.195069 -0.069593 -1.453100 0.000000 0.000000 0.000000 1.000000
0.194695 -0.759372 0.620845 -12.584900 0.069110 -0.620764 -0.780946 11.394900 0.978426 0.194953 -0.068379 -1.453100 0.000000 0.000000 0.000000 1.000000
0.193428 -0.763736 0.615868 -12.584900 0.068271 -0.615724 -0.784999 11.394900 0.978736 0.193886 -0.066957 -1.453100 0.000000 0.000000 0.000000 1.000000
0.184802 -0.763172 0.619206 -12.584900 0.068381 -0.618546 -0.782767 11.394900 0.980394 0.186999 -0.062122 -1.453100 0.000000 0.000000 0.000000 1.000000
0.166184 -0.754595 0.634799 -12.584900 0.069757 -0.633142 -0.770886 11.394900 0.983624 0.172390 -0.052580 -1.453100 0.000000 0.000000 0.000000 1.000000
0.143854 -0.743544 0.653030 -12.584900 0.070804 -0.650469 -0.756225 11.394900 0.987063 0.155023 -0.040927 -1.453100 0.000000 0.000000 0.000000 1.000000
0.131994 -0.740037 0.659486 -12.584900 0.070792 -0.656571 -0.750935 11.394900 0.988719 0.145805 -0.034275 -1.453100 0.000000 0.000000 0.000000 1.000000
0.143176 -0.739240 0.658046 -12.584900 0.071386 -0.655451 -0.751857 11.394900 0.987119 0.154622 -0.041074 -1.453100 0.000000 0.000000 0.000000 1.000000
0.170122 -0.731933 0.659797 -12.584900 0.073371 -0.658290 -0.749180 11.394900 0.982688 0.175862 -0.058287 -1.453100 0.000000 0.000000 0.000000 1.000000
0.191145 -0.719164 0.668032 -12.584900 0.076210 -0.667653 -0.740562 11.394900 0.978599 0.192466 -0.072811 -1.453100 0.000000 0.000000 0.000000 1.000000</float_array>
        <technique_common>
          <accessor source="#mixamorig_RightShoulder-Matrix-animation-output-transform-array" count="23" stride="16">
            <param type="float4x4"/>
          </accessor>
        </technique_common>
      </source>
      <source id="mixamorig_RightShoulder-Interpolations">
        <Name_array id="mixamorig_RightShoulder-Interpolations-array" count="23">
 LINEAR LINEAR LINEAR LINEAR LINEAR LINEAR LINEAR LINEAR LINEAR LINEAR LINEAR
LINEAR LINEAR LINEAR LINEAR LINEAR LINEAR LINEAR LINEAR LINEAR LINEAR LINEAR LINEAR</Name_array>
        <technique_common>
          <accessor source="#mixamorig_RightShoulder-Interpolations-array" count="23">
            <param type="name"/>
          </accessor>
        </technique_common>
      </source>
      <sampler id="mixamorig_RightShoulder-Matrix-animation-transform">
        <input semantic="INPUT" source="#mixamorig_RightShoulder-Matrix-animation-input"/>
        <input semantic="OUTPUT" source="#mixamorig_RightShoulder-Matrix-animation-output-transform"/>
        <input semantic="INTERPOLATION" source="#mixamorig_RightShoulder-Interpolations"/>
      </sampler>
      <channel source="#mixamorig_RightShoulder-Matrix-animation-transform" target="mixamorig_RightShoulder/matrix"/>
    </animation>
    <animation id="mixamorig_RightArm-anim" name="mixamorig_RightArm">
      <source id="mixamorig_RightArm-Matrix-animation-input">
        <float_array id="mixamorig_RightArm-Matrix-animation-input-array" count="23">

0.000000 0.033333 0.066667 0.100000 0.133333 0.166667 0.200000 0.233333 0.266667 0.300000 0.333333 0.366667 0.400000 0.433333 0.466667 0.500000
0.533333 0.566667 0.600000 0.633333 0.666667 0.700000 0.733333</float_array>
        <technique_common>
          <accessor source="#mixamorig_RightArm-Matrix-animation-input-array" count="23">
            <param name="TIME" type="float"/>
          </accessor>
        </technique_common>
      </source>
      <source id="mixamorig_RightArm-Matrix-animation-output-transform">
        <float_array id="mixamorig_RightArm-Matrix-animation-output-transform-array" count="368">

0.981820 -0.188125 0.025256 0.000000 0.173690 0.836771 -0.519275 15.319300 0.076555 0.514222 0.854234 0.000000 0.000000 0.000000 0.000000 1.000000
0.931380 -0.362036 0.038234 0.000000 0.320683 0.766183 -0.556890 15.319300 0.172319 0.530937 0.829706 0.000000 0.000000 0.000000 0.000000 1.000000
0.846562 -0.529864 0.050768 -0.000000 0.451127 0.663584 -0.596776 15.319300 0.282521 0.528110 0.800801 0.000000 0.000000 0.000000 0.000000 1.000000
0.747974 -0.659123 0.078048 0.000000 0.547914 0.546811 -0.633078 15.319300 0.374599 0.516290 0.770143 0.000000 0.000000 0.000000 0.000000 1.000000
0.659213 -0.742831 0.116794 -0.000000 0.613010 0.440927 -0.655593 15.319300 0.435497 0.503771 0.746028 0.000000 0.000000 0.000000 0.000000 1.000000
0.602183 -0.786910 0.134716 0.000000 0.645202 0.380299 -0.662636 15.319300 0.470203 0.485947 0.736726 0.000000 0.000000 0.000000 0.000000 1.000000
0.607141 -0.786871 0.110514 0.000000 0.636450 0.398310 -0.660515 15.319300 0.475722 0.471362 0.742635 0.000000 0.000000 0.000000 0.000000 1.000000
0.687133 -0.724886 0.048875 0.000000 0.576384 0.502939 -0.644076 15.319300 0.442300 0.470737 0.763398 0.000000 0.000000 0.000000 0.000000 1.000000
0.809881 -0.586004 -0.026296 0.000000 0.455843 0.656941 -0.600530 15.319300 0.369188 0.474371 0.799170 0.000000 0.000000 0.000000 0.000000 1.000000
0.914836 -0.395040 -0.083778 0.000000 0.294118 0.793963 -0.532088 15.319300 0.276713 0.462132 0.842534 0.000000 0.000000 0.000000 0.000000 1.000000
0.973775 -0.203297 -0.102145 0.000000 0.135309 0.878412 -0.458348 15.319300 0.182906 0.432507 0.882883 0.000000 0.000000 0.000000 0.000000 1.000000
0.995003 -0.065840 -0.075063 0.000000 0.030256 0.915253 -0.401741 15.319300 0.095153 0.397463 0.912672 0.000000 0.000000 0.000000 0.000000 1.000000
0.999759 -0.009036 -0.020028 0.000000 0.001000 0.929298 -0.369329 15.319300 0.021950 0.369220 0.929083 -0.000000 0.000000 0.000000 0.000000 1.000000
0.999722 0.004860 0.023083 -0.000000 0.003346 0.939429 -0.342728 15.319300 -0.023351 0.342710 0.939151 0.000000 0.000000 0.000000 0.000000 1.000000
0.999344 0.003282 0.036060 -0.000000 0.008034 0.950970 -0.309179 15.319300 -0.035307 0.309266 0.950320 -0.000000 0.000000 0.000000 0.000000 1.000000
0.999561 -0.008516 0.028369 0.000000 0.015851 0.962886 -0.269444 15.319300 -0.025021 0.269775 0.962598 0.000000 0.000000 0.000000 0.000000 1.000000
0.999178 -0.034016 0.022041 0.000000 0.038267 0.970937 -0.236256 15.319300 -0.013364 0.236905 0.971441 0.000000 0.000000 0.000000 0.000000 1.000000
0.997745 -0.066725 0.007228 0.000000 0.066613 0.971360 -0.228086 15.319300 0.008198 0.228054 0.973614 -0.000000 0.000000 0.000000 0.000000 1.000000
0.994895 -0.087401 -0.050445 -0.000000 0.071185 0.962146 -0.263075 15.319300 0.071529 0.258141 0.963456 0.000000 0.000000 0.000000 0.000000 1.000000
0.986217 -0.073396 -0.148288 0.000000 0.018739 0.940007 -0.340640 15.319300 0.164393 0.333166 0.928426 -0.000000 0.000000 0.000000 0.000000 1.000000
0.980807 -0.054731 -0.187142 0.000000 -0.030475 0.904970 -0.424383 15.319300 0.192585 0.421941 0.885933 0.000000 0.000000 0.000000 0.000000 1.000000
0.989984 -0.084711 -0.112941 0.000000 0.018811 0.871999 -0.489146 15.319300 0.139920 0.482122 0.864859 0.000000 0.000000 0.000000 0.000000 1.000000
0.981820 -0.188125 0.025257 -0.000000 0.173690 0.836771 -0.519275 15.319300 0.076554 0.514222 0.854234 -0.000000 0.000000 0.000000 0.000000 1.000000</float_array>
        <technique_common>
          <accessor source="#mixamorig_RightArm-Matrix-animation-output-transform-array" count="23" stride="16">
            <param type="float4x4"/>
          </accessor>
        </technique_common>
      </source>
      <source id="mixamorig_RightArm-Interpolations">
        <Name_array id="mixamorig_RightArm-Interpolations-array" count="23">
 LINEAR LINEAR LINEAR LINEAR LINEAR LINEAR LINEAR LINEAR LINEAR LINEAR LINEAR
LINEAR LINEAR LINEAR LINEAR LINEAR LINEAR LINEAR LINEAR LINEAR LINEAR LINEAR LINEAR</Name_array>
        <technique_common>
          <accessor source="#mixamorig_RightArm-Interpolations-array" count="23">
            <param type="name"/>
          </accessor>
        </technique_common>
      </source>
      <sampler id="mixamorig_RightArm-Matrix-animation-transform">
        <input semantic="INPUT" source="#mixamorig_RightArm-Matrix-animation-input"/>
        <input semantic="OUTPUT" source="#mixamorig_RightArm-Matrix-animation-output-transform"/>
        <input semantic="INTERPOLATION" source="#mixamorig_RightArm-Interpolations"/>
      </sampler>
      <channel source="#mixamorig_RightArm-Matrix-animation-transform" target="mixamorig_RightArm/matrix"/>
    </animation>
    <animation id="mixamorig_RightForeArm-anim" name="mixamorig_RightForeArm">
      <source id="mixamorig_RightForeArm-Matrix-animation-input">
        <float_array id="mixamorig_RightForeArm-Matrix-animation-input-array" count="23">

0.000000 0.033333 0.066667 0.100000 0.133333 0.166667 0.200000 0.233333 0.266667 0.300000 0.333333 0.366667 0.400000 0.433333 0.466667 0.500000
0.533333 0.566667 0.600000 0.633333 0.666667 0.700000 0.733333</float_array>
        <technique_common>
          <accessor source="#mixamorig_RightForeArm-Matrix-animation-input-array" count="23">
            <param name="TIME" type="float"/>
          </accessor>
        </technique_common>
      </source>
      <source id="mixamorig_RightForeArm-Matrix-animation-output-transform">
        <float_array id="mixamorig_RightForeArm-Matrix-animation-output-transform-array" count="368">

0.759753 0.650212 0.000000 0.000000 -0.650212 0.759753 0.000000 34.109299 -0.000000 -0.000000 1.000000 0.000000 0.000000 0.000000 0.000000 1.000000
0.745103 0.666950 0.000000 0.000000 -0.666950 0.745103 0.000000 34.109299 -0.000000 -0.000000 1.000000 -0.000000 0.000000 0.000000 0.000000 1.000000
0.663819 0.747893 0.000000 -0.000000 -0.747893 0.663819 -0.000000 34.109299 -0.000000 -0.000000 1.000000 0.000000 0.000000 0.000000 0.000000 1.000000
0.545170 0.838326 0.000000 0.000000 -0.838326 0.545170 0.000000 34.109299 -0.000000 -0.000000 1.000000 0.000000 0.000000 0.000000 0.000000 1.000000
0.423587 0.905855 -0.000000 -0.000000 -0.905855 0.423587 -0.000000 34.109299 -0.000000 0.000000 1.000000 0.000000 0.000000 0.000000 0.000000 1.000000
0.329745 0.944070 -0.000000 -0.000000 -0.944070 0.329745 -0.000000 34.109299 -0.000000 0.000000 1.000000 0.000000 0.000000 0.000000 0.000000 1.000000
0.295012 0.955494 0.000001 0.000000 -0.955494 0.295012 0.000000 34.109299 0.000000 -0.000001 1.000000 0.000000 0.000000 0.000000 0.000000 1.000000
0.334341 0.942452 0.000000 0.000000 -0.942452 0.334341 0.000000 34.109299 0.000000 -0.000000 1.000000 0.000000 0.000000 0.000000 0.000000 1.000000
0.420605 0.907244 -0.000000 0.000000 -0.907244 0.420605 0.000000 34.109299 0.000000 0.000000 1.000000 0.000000 0.000000 0.000000 0.000000 1.000000
0.503827 0.863804 0.000000 -0.000000 -0.863804 0.503827 -0.000000 34.109299 -0.000000 0.000000 1.000000 0.000000 0.000000 0.000000 0.000000 1.000000
0.554797 0.831985 -0.000000 0.000000 -0.831985 0.554797 -0.000000 34.109299 -0.000000 0.000000 1.000000 0.000000 0.000000 0.000000 0.000000 1.000000
0.551528 0.834157 0.000000 0.000000 -0.834157 0.551528 -0.000000 34.109299 -0.000000 -0.000000 1.000000 0.000000 0.000000 0.000000 0.000000 1.000000
0.481474 0.876460 -0.000000 0.000000 -0.876460 0.481474 0.000000 34.109299 0.000000 0.000000 1.000000 0.000000 0.000000 0.000000 0.000000 1.000000
0.376693 0.926338 0.000000 0.000000 -0.926338 0.376693 0.000000 34.109299 -0.000000 -0.000000 1.000000 0.000000 0.000000 0.000000 0.000000 1.000000
0.261859 0.965106 0.000000 -0.000000 -0.965106 0.261859 0.000000 34.109299 -0.000000 -0.000000 1.000000 0.000000 0.000000 0.000000 0.000000 1.000000
0.139773 0.990184 0.000000 -0.000000 -0.990184 0.139773 -0.000000 34.109299 -0.000000 -0.000000 1.000000 0.000000 0.000000 0.000000 0.000000 1.000000
0.027723 0.999616 0.000000 0.000000 -0.999616 0.027723 0.000000 34.109299 0.000000 -0.000000 1.000000 -0.000000 0.000000 0.000000 0.000000 1.000000
-0.019306 0.999814 0.000000 0.000000 -0.999814 -0.019306 0.000000 34.109299 0.000000 -0.000000 1.000000 0.000000 0.000000 0.000000 0.000000 1.000000
0.044459 0.999011 -0.000000 0.000000 -0.999011 0.044459 0.000000 34.109299 0.000000 0.000000 1.000000 0.000000 0.000000 0.000000 0.000000 1.000000
0.241469 0.970408 0.000000 -0.000000 -0.970408 0.241469 0.000000 34.109299 0.000000 -0.000000 1.000000 0.000000 0.000000 0.000000 0.000000 1.000000
0.501874 0.864941 0.000000 -0.000000 -0.864941 0.501874 0.000000 34.109299 0.000000 -0.000000 1.000000 -0.000000 0.000000 0.000000 0.000000 1.000000
0.696009 0.718033 0.000000 0.000000 -0.718033 0.696009 0.000000 34.109299 0.000000 -0.000000 1.000000 0.000000 0.000000 0.000000 0.000000 1.000000
0.759752 0.650212 -0.000000 0.000000 -0.650212 0.759752 -0.000000 34.109299 0.000000 0.000000 1.000000 0.000000 0.000000 0.000000 0.000000 1.000000</float_array>
        <technique_common>
          <accessor source="#mixamorig_RightForeArm-Matrix-animation-output-transform-array" count="23" stride="16">
            <param type="float4x4"/>
          </accessor>
        </technique_common>
      </source>
      <source id="mixamorig_RightForeArm-Interpolations">
        <Name_array id="mixamorig_RightForeArm-Interpolations-array" count="23">
 LINEAR LINEAR LINEAR LINEAR LINEAR LINEAR LINEAR LINEAR LINEAR LINEAR LINEAR
LINEAR LINEAR LINEAR LINEAR LINEAR LINEAR LINEAR LINEAR LINEAR LINEAR LINEAR LINEAR</Name_array>
        <technique_common>
          <accessor source="#mixamorig_RightForeArm-Interpolations-array" count="23">
            <param type="name"/>
          </accessor>
        </technique_common>
      </source>
      <sampler id="mixamorig_RightForeArm-Matrix-animation-transform">
        <input semantic="INPUT" source="#mixamorig_RightForeArm-Matrix-animation-input"/>
        <input semantic="OUTPUT" source="#mixamorig_RightForeArm-Matrix-animation-output-transform"/>
        <input semantic="INTERPOLATION" source="#mixamorig_RightForeArm-Interpolations"/>
      </sampler>
      <channel source="#mixamorig_RightForeArm-Matrix-animation-transform" target="mixamorig_RightForeArm/matrix"/>
    </animation>
    <animation id="mixamorig_RightHand-anim" name="mixamorig_RightHand">
      <source id="mixamorig_RightHand-Matrix-animation-input">
        <float_array id="mixamorig_RightHand-Matrix-animation-input-array" count="23">

0.000000 0.033333 0.066667 0.100000 0.133333 0.166667 0.200000 0.233333 0.266667 0.300000 0.333333 0.366667 0.400000 0.433333 0.466667 0.500000
0.533333 0.566667 0.600000 0.633333 0.666667 0.700000 0.733333</float_array>
        <technique_common>
          <accessor source="#mixamorig_RightHand-Matrix-animation-input-array" count="23">
            <param name="TIME" type="float"/>
          </accessor>
        </technique_common>
      </source>
      <source id="mixamorig_RightHand-Matrix-animation-output-transform">
        <float_array id="mixamorig_RightHand-Matrix-animation-output-transform-array" count="368">

0.969184 0.114867 -0.217916 0.000000 -0.098699 0.991589 0.083718 41.076000 0.225700 -0.059630 0.972370 0.000000 0.000000 0.000000 0.000000 1.000000
0.975144 0.079171 -0.206947 -0.000000 -0.075272 0.996807 0.026658 41.076000 0.208396 -0.010418 0.977989 0.000000 0.000000 0.000000 0.000000 1.000000
0.979993 0.059291 -0.189997 -0.000000 -0.063188 0.997896 -0.014511 41.076000 0.188737 0.026226 0.981677 0.000000 0.000000 0.000000 0.000000 1.000000
0.985712 0.030153 -0.165716 0.000000 -0.038446 0.998152 -0.047065 41.076000 0.163990 0.052764 0.985050 0.000000 0.000000 0.000000 0.000000 1.000000
0.990251 -0.012512 -0.138729 -0.000000 0.001381 0.996791 -0.080039 41.076000 0.139286 0.079067 0.987091 0.000000 0.000000 0.000000 0.000000 1.000000
0.991136 -0.042186 -0.125975 0.000000 0.028741 0.993876 -0.106700 41.076000 0.129705 0.102134 0.986279 0.000000 0.000000 0.000000 0.000000 1.000000
0.990415 -0.029630 -0.134907 -0.000000 0.014614 0.993717 -0.110965 41.076000 0.137347 0.107930 0.984625 0.000000 0.000000 0.000000 0.000000 1.000000
0.988135 0.032056 -0.150205 -0.000000 -0.045378 0.995251 -0.086120 41.076000 0.146731 0.091914 0.984897 0.000000 0.000000 0.000000 0.000000 1.000000
0.981537 0.122898 -0.146563 0.000000 -0.130204 0.990626 -0.041308 41.076000 0.140112 0.059629 0.988339 -0.000000 0.000000 0.000000 0.000000 1.000000
0.971129 0.204238 -0.123272 0.000000 -0.205632 0.978628 0.001445 41.076000 0.120933 0.023945 0.992372 0.000000 0.000000 0.000000 0.000000 1.000000
0.962864 0.253699 -0.092355 0.000000 -0.251793 0.967254 0.031935 41.076000 0.097433 -0.007495 0.995214 0.000000 0.000000 0.000000 0.000000 1.000000
0.960673 0.272246 -0.054668 -0.000000 -0.269270 0.961431 0.056073 41.076000 0.067825 -0.039147 0.996929 0.000000 0.000000 0.000000 0.000000 1.000000
0.958542 0.284916 -0.004430 0.000000 -0.283421 0.954890 0.088639 41.076000 0.029485 -0.083709 0.996054 0.000000 0.000000 0.000000 0.000000 1.000000
0.948986 0.311858 0.046586 0.000000 -0.315293 0.940352 0.127783 41.076000 -0.003958 -0.135953 0.990707 0.000000 0.000000 0.000000 0.000000 1.000000
0.935579 0.344563 0.077253 0.000000 -0.352821 0.921110 0.164543 41.076000 -0.014463 -0.181199 0.983340 0.000000 0.000000 0.000000 0.000000 1.000000
0.928638 0.365834 0.061620 -0.000000 -0.370796 0.909932 0.185833 41.076000 0.011914 -0.195420 0.980647 0.000000 0.000000 0.000000 0.000000 1.000000
0.924701 0.380260 -0.018187 0.000000 -0.373120 0.914749 0.154971 41.076000 0.075566 -0.136516 0.987752 0.000000 0.000000 0.000000 0.000000 1.000000
0.915944 0.391062 -0.090097 0.000000 -0.382703 0.918749 0.097151 41.076000 0.120768 -0.054504 0.991183 0.000000 0.000000 0.000000 0.000000 1.000000
0.928406 0.371549 0.003605 0.000000 -0.368580 0.919674 0.135457 41.076000 0.047013 -0.127088 0.990777 0.000000 0.000000 0.000000 0.000000 1.000000
0.896552 0.310571 0.315816 -0.000000 -0.411609 0.847548 0.335022 41.076000 -0.163621 -0.430357 0.887705 0.000000 0.000000 0.000000 0.000000 1.000000
0.840380 0.265126 0.472727 0.000000 -0.486048 0.754589 0.440855 41.076000 -0.239832 -0.600253 0.763005 0.000000 0.000000 0.000000 0.000000 1.000000
0.939017 0.240508 0.245769 0.000000 -0.323180 0.861420 0.391803 41.076000 -0.117479 -0.447337 0.886616 -0.000000 0.000000 0.000000 0.000000 1.000000
0.969184 0.114867 -0.217916 0.000000 -0.098699 0.991589 0.083719 41.076000 0.225700 -0.059631 0.972370 0.000000 0.000000 0.000000 0.000000 1.000000</float_array>
        <technique_common>
          <accessor source="#mixamorig_RightHand-Matrix-animation-output-transform-array" count="23" stride="16">
            <param type="float4x4"/>
          </accessor>
        </technique_common>
      </source>
      <source id="mixamorig_RightHand-Interpolations">
        <Name_array id="mixamorig_RightHand-Interpolations-array" count="23">
 LINEAR LINEAR LINEAR LINEAR LINEAR LINEAR LINEAR LINEAR LINEAR LINEAR LINEAR
LINEAR LINEAR LINEAR LINEAR LINEAR LINEAR LINEAR LINEAR LINEAR LINEAR LINEAR LINEAR</Name_array>
        <technique_common>
          <accessor source="#mixamorig_RightHand-Interpolations-array" count="23">
            <param type="name"/>
          </accessor>
        </technique_common>
      </source>
      <sampler id="mixamorig_RightHand-Matrix-animation-transform">
        <input semantic="INPUT" source="#mixamorig_RightHand-Matrix-animation-input"/>
        <input semantic="OUTPUT" source="#mixamorig_RightHand-Matrix-animation-output-transform"/>
        <input semantic="INTERPOLATION" source="#mixamorig_RightHand-Interpolations"/>
      </sampler>
      <channel source="#mixamorig_RightHand-Matrix-animation-transform" target="mixamorig_RightHand/matrix"/>
    </animation>
    <animation id="mixamorig_RightHandThumb1-anim" name="mixamorig_RightHandThumb1">
      <source id="mixamorig_RightHandThumb1-Matrix-animation-input">
        <float_array id="mixamorig_RightHandThumb1-Matrix-animation-input-array" count="23">

0.000000 0.033333 0.066667 0.100000 0.133333 0.166667 0.200000 0.233333 0.266667 0.300000 0.333333 0.366667 0.400000 0.433333 0.466667 0.500000
0.533333 0.566667 0.600000 0.633333 0.666667 0.700000 0.733333</float_array>
        <technique_common>
          <accessor source="#mixamorig_RightHandThumb1-Matrix-animation-input-array" count="23">
            <param name="TIME" type="float"/>
          </accessor>
        </technique_common>
      </source>
      <source id="mixamorig_RightHandThumb1-Matrix-animation-output-transform">
        <float_array id="mixamorig_RightHandThumb1-Matrix-animation-output-transform-array" count="368">

0.816833 0.566071 -0.111121 9.706200 -0.575720 0.787749 -0.219086 9.903700 -0.036483 0.242931 0.969357 7.214200 0.000000 0.000000 0.000000 1.000000
0.816833 0.566071 -0.111120 9.706200 -0.575720 0.787749 -0.219086 9.903700 -0.036483 0.242931 0.969357 7.214200 0.000000 0.000000 0.000000 1.000000
0.816833 0.566071 -0.111121 9.706200 -0.575720 0.787749 -0.219086 9.903700 -0.036483 0.242931 0.969357 7.214200 0.000000 0.000000 0.000000 1.000000
0.816833 0.566071 -0.111121 9.706200 -0.575720 0.787749 -0.219086 9.903700 -0.036483 0.242931 0.969357 7.214200 0.000000 0.000000 0.000000 1.000000
0.816833 0.566071 -0.111121 9.706200 -0.575720 0.787749 -0.219086 9.903700 -0.036483 0.242931 0.969357 7.214200 0.000000 0.000000 0.000000 1.000000
0.816833 0.566071 -0.111121 9.706200 -0.575720 0.787749 -0.219086 9.903700 -0.036483 0.242931 0.969357 7.214200 0.000000 0.000000 0.000000 1.000000
0.816833 0.566071 -0.111121 9.706200 -0.575720 0.787749 -0.219086 9.903700 -0.036483 0.242931 0.969357 7.214200 0.000000 0.000000 0.000000 1.000000
0.816833 0.566071 -0.111121 9.706200 -0.575720 0.787749 -0.219086 9.903700 -0.036483 0.242931 0.969357 7.214200 0.000000 0.000000 0.000000 1.000000
0.816833 0.566071 -0.111121 9.706200 -0.575720 0.787749 -0.219086 9.903700 -0.036483 0.242931 0.969357 7.214200 0.000000 0.000000 0.000000 1.000000
0.816832 0.566071 -0.111121 9.706200 -0.575720 0.787748 -0.219086 9.903700 -0.036483 0.242931 0.969357 7.214200 0.000000 0.000000 0.000000 1.000000
0.816833 0.566071 -0.111121 9.706200 -0.575720 0.787749 -0.219086 9.903700 -0.036483 0.242931 0.969357 7.214200 0.000000 0.000000 0.000000 1.000000
0.816833 0.566071 -0.111120 9.706200 -0.575720 0.787749 -0.219086 9.903700 -0.036483 0.242931 0.969357 7.214200 0.000000 0.000000 0.000000 1.000000
0.816833 0.566071 -0.111121 9.706200 -0.575720 0.787749 -0.219086 9.903700 -0.036483 0.242931 0.969357 7.214200 0.000000 0.000000 0.000000 1.000000
0.816833 0.566071 -0.111120 9.706200 -0.575720 0.787749 -0.219086 9.903700 -0.036483 0.242931 0.969357 7.214200 0.000000 0.000000 0.000000 1.000000
0.816833 0.566071 -0.111121 9.706200 -0.575720 0.787749 -0.219086 9.903700 -0.036483 0.242931 0.969357 7.214200 0.000000 0.000000 0.000000 1.000000
0.816833 0.566071 -0.111121 9.706200 -0.575720 0.787749 -0.219086 9.903700 -0.036483 0.242931 0.969357 7.214200 0.000000 0.000000 0.000000 1.000000
0.816833 0.566071 -0.111121 9.706200 -0.575720 0.787749 -0.219086 9.903700 -0.036483 0.242931 0.969357 7.214200 0.000000 0.000000 0.000000 1.000000
0.816833 0.566071 -0.111120 9.706200 -0.575720 0.787749 -0.219086 9.903700 -0.036483 0.242931 0.969357 7.214200 0.000000 0.000000 0.000000 1.000000
0.816833 0.566071 -0.111120 9.706200 -0.575720 0.787748 -0.219086 9.903700 -0.036484 0.242931 0.969357 7.214200 0.000000 0.000000 0.000000 1.000000
0.816833 0.566071 -0.111121 9.706200 -0.575720 0.787749 -0.219086 9.903700 -0.036483 0.242931 0.969357 7.214200 0.000000 0.000000 0.000000 1.000000
0.816832 0.566071 -0.111121 9.706200 -0.575720 0.787748 -0.219086 9.903700 -0.036483 0.242931 0.969357 7.214200 0.000000 0.000000 0.000000 1.000000
0.816833 0.566071 -0.111121 9.706200 -0.575720 0.787749 -0.219086 9.903700 -0.036483 0.242931 0.969357 7.214200 0.000000 0.000000 0.000000 1.000000
0.816833 0.566071 -0.111121 9.706200 -0.575720 0.787749 -0.219086 9.903700 -0.036483 0.242931 0.969357 7.214200 0.000000 0.000000 0.000000 1.000000</float_array>
        <technique_common>
          <accessor source="#mixamorig_RightHandThumb1-Matrix-animation-output-transform-array" count="23" stride="16">
            <param type="float4x4"/>
          </accessor>
        </technique_common>
      </source>
      <source id="mixamorig_RightHandThumb1-Interpolations">
        <Name_array id="mixamorig_RightHandThumb1-Interpolations-array" count="23">
 LINEAR LINEAR LINEAR LINEAR LINEAR LINEAR LINEAR LINEAR LINEAR LINEAR LINEAR
LINEAR LINEAR LINEAR LINEAR LINEAR LINEAR LINEAR LINEAR LINEAR LINEAR LINEAR LINEAR</Name_array>
        <technique_common>
          <accessor source="#mixamorig_RightHandThumb1-Interpolations-array" count="23">
            <param type="name"/>
          </accessor>
        </technique_common>
      </source>
      <sampler id="mixamorig_RightHandThumb1-Matrix-animation-transform">
        <input semantic="INPUT" source="#mixamorig_RightHandThumb1-Matrix-animation-input"/>
        <input semantic="OUTPUT" source="#mixamorig_RightHandThumb1-Matrix-animation-output-transform"/>
        <input semantic="INTERPOLATION" source="#mixamorig_RightHandThumb1-Interpolations"/>
      </sampler>
      <channel source="#mixamorig_RightHandThumb1-Matrix-animation-transform" target="mixamorig_RightHandThumb1/matrix"/>
    </animation>
    <animation id="mixamorig_RightHandThumb2-anim" name="mixamorig_RightHandThumb2">
      <source id="mixamorig_RightHandThumb2-Matrix-animation-input">
        <float_array id="mixamorig_RightHandThumb2-Matrix-animation-input-array" count="23">

0.000000 0.033333 0.066667 0.100000 0.133333 0.166667 0.200000 0.233333 0.266667 0.300000 0.333333 0.366667 0.400000 0.433333 0.466667 0.500000
0.533333 0.566667 0.600000 0.633333 0.666667 0.700000 0.733333</float_array>
        <technique_common>
          <accessor source="#mixamorig_RightHandThumb2-Matrix-animation-input-array" count="23">
            <param name="TIME" type="float"/>
          </accessor>
        </technique_common>
      </source>
      <source id="mixamorig_RightHandThumb2-Matrix-animation-output-transform">
        <float_array id="mixamorig_RightHandThumb2-Matrix-animation-output-transform-array" count="368">

0.839440 -0.541714 -0.043428 -0.000000 0.536449 0.838761 -0.093285 2.369600 0.086959 0.055010 0.994692 0.000000 0.000000 0.000000 0.000000 1.000000
0.900080 -0.426806 -0.087712 0.000000 0.426601 0.904172 -0.022012 2.369600 0.088701 -0.017605 0.995903 -0.000000 0.000000 0.000000 0.000000 1.000000
0.944898 -0.300729 -0.129343 -0.000000 0.308752 0.949992 0.046771 2.369600 0.108810 -0.084129 0.990496 0.000000 0.000000 0.000000 0.000000 1.000000
0.957567 -0.248987 -0.145155 0.000000 0.261243 0.962563 0.072278 2.369600 0.121725 -0.107132 0.986765 0.000000 0.000000 0.000000 0.000000 1.000000
0.951380 -0.275526 -0.137697 0.000000 0.285546 0.956554 0.058879 2.369600 0.115492 -0.095336 0.988723 0.000000 0.000000 0.000000 0.000000 1.000000
0.941961 -0.310637 -0.127332 -0.000000 0.317889 0.947252 0.040743 2.369600 0.107959 -0.078856 0.991023 0.000000 0.000000 0.000000 0.000000 1.000000
0.921911 -0.372158 -0.107602 0.000000 0.375115 0.926944 0.007933 2.369600 0.096789 -0.047676 0.994162 0.000000 0.000000 0.000000 0.000000 1.000000
0.887271 -0.454556 -0.078281 -0.000000 0.452895 0.890717 -0.038847 2.369600 0.087385 -0.000986 0.996174 0.000000 0.000000 0.000000 0.000000 1.000000
0.859514 -0.507864 -0.057536 -0.000000 0.503860 0.860828 -0.071412 2.369600 0.085796 0.032390 0.995786 0.000000 0.000000 0.000000 0.000000 1.000000
0.856488 -0.513179 -0.055457 0.000000 0.508959 0.857532 -0.074835 2.369600 0.085960 0.035870 0.995653 0.000000 0.000000 0.000000 0.000000 1.000000
0.860677 -0.505764 -0.058629 0.000000 0.501815 0.862111 -0.070331 2.369600 0.086115 0.031111 0.995799 -0.000000 0.000000 0.000000 0.000000 1.000000
0.845601 -0.531673 -0.047776 0.000000 0.526769 0.845584 -0.086611 2.369600 0.086447 0.048072 0.995096 0.000000 0.000000 0.000000 0.000000 1.000000
0.850798 -0.522955 -0.051575 0.000000 0.518346 0.851308 -0.081195 2.369600 0.086368 0.042347 0.995363 0.000000 0.000000 0.000000 0.000000 1.000000
0.864168 -0.499406 -0.061709 -0.000000 0.495648 0.865938 -0.066966 2.369600 0.086880 0.027284 0.995845 0.000000 0.000000 0.000000 0.000000 1.000000
0.889662 -0.449121 -0.082411 0.000000 0.447528 0.893465 -0.037930 2.369600 0.090667 -0.003137 0.995876 -0.000000 0.000000 0.000000 0.000000 1.000000
0.881778 -0.465489 -0.076072 0.000000 0.463105 0.885029 -0.047523 2.369600 0.089447 0.006675 0.995969 0.000000 0.000000 0.000000 0.000000 1.000000
0.872552 -0.483664 -0.068717 0.000000 0.480477 0.875074 -0.058204 2.369600 0.088284 0.017769 0.995937 0.000000 0.000000 0.000000 0.000000 1.000000
0.845225 -0.532261 -0.047875 0.000000 0.527272 0.845176 -0.087536 2.369600 0.087055 0.048745 0.995010 -0.000000 0.000000 0.000000 0.000000 1.000000
0.785496 -0.618826 0.007164 0.000000 0.613910 0.777690 -0.135326 2.369600 0.078172 0.110696 0.990775 -0.000000 0.000000 0.000000 0.000000 1.000000
0.741604 -0.668602 0.054713 0.000000 0.667561 0.727474 -0.158567 2.369600 0.066216 0.154119 0.985831 0.000000 0.000000 0.000000 0.000000 1.000000
0.778000 -0.628070 0.015612 -0.000000 0.623706 0.769129 -0.139399 2.369600 0.075545 0.118189 0.990113 0.000000 0.000000 0.000000 0.000000 1.000000
0.805348 -0.592607 -0.015225 0.000000 0.586647 0.800414 -0.123215 2.369600 0.085204 0.090300 0.992263 0.000000 0.000000 0.000000 0.000000 1.000000
0.839440 -0.541714 -0.043428 0.000000 0.536450 0.838761 -0.093284 2.369600 0.086959 0.055010 0.994692 0.000000 0.000000 0.000000 0.000000 1.000000</float_array>
        <technique_common>
          <accessor source="#mixamorig_RightHandThumb2-Matrix-animation-output-transform-array" count="23" stride="16">
            <param type="float4x4"/>
          </accessor>
        </technique_common>
      </source>
      <source id="mixamorig_RightHandThumb2-Interpolations">
        <Name_array id="mixamorig_RightHandThumb2-Interpolations-array" count="23">
 LINEAR LINEAR LINEAR LINEAR LINEAR LINEAR LINEAR LINEAR LINEAR LINEAR LINEAR
LINEAR LINEAR LINEAR LINEAR LINEAR LINEAR LINEAR LINEAR LINEAR LINEAR LINEAR LINEAR</Name_array>
        <technique_common>
          <accessor source="#mixamorig_RightHandThumb2-Interpolations-array" count="23">
            <param type="name"/>
          </accessor>
        </technique_common>
      </source>
      <sampler id="mixamorig_RightHandThumb2-Matrix-animation-transform">
        <input semantic="INPUT" source="#mixamorig_RightHandThumb2-Matrix-animation-input"/>
        <input semantic="OUTPUT" source="#mixamorig_RightHandThumb2-Matrix-animation-output-transform"/>
        <input semantic="INTERPOLATION" source="#mixamorig_RightHandThumb2-Interpolations"/>
      </sampler>
      <channel source="#mixamorig_RightHandThumb2-Matrix-animation-transform" target="mixamorig_RightHandThumb2/matrix"/>
    </animation>
    <animation id="mixamorig_RightHandThumb3-anim" name="mixamorig_RightHandThumb3">
      <source id="mixamorig_RightHandThumb3-Matrix-animation-input">
        <float_array id="mixamorig_RightHandThumb3-Matrix-animation-input-array" count="23">

0.000000 0.033333 0.066667 0.100000 0.133333 0.166667 0.200000 0.233333 0.266667 0.300000 0.333333 0.366667 0.400000 0.433333 0.466667 0.500000
0.533333 0.566667 0.600000 0.633333 0.666667 0.700000 0.733333</float_array>
        <technique_common>
          <accessor source="#mixamorig_RightHandThumb3-Matrix-animation-input-array" count="23">
            <param name="TIME" type="float"/>
          </accessor>
        </technique_common>
      </source>
      <source id="mixamorig_RightHandThumb3-Matrix-animation-output-transform">
        <float_array id="mixamorig_RightHandThumb3-Matrix-animation-output-transform-array" count="368">

0.958418 0.269104 -0.094965 -0.000000 -0.233287 0.930505 0.282380 2.785100 0.164355 -0.248484 0.954590 0.000000 0.000000 0.000000 0.000000 1.000000
0.948492 0.293333 -0.119660 0.000000 -0.245392 0.919160 0.308103 2.785100 0.200364 -0.262870 0.943798 0.000000 0.000000 0.000000 0.000000 1.000000
0.950158 0.291037 -0.111786 0.000000 -0.247955 0.922787 0.294928 2.785100 0.188990 -0.252510 0.948958 0.000000 0.000000 0.000000 0.000000 1.000000
0.960688 0.265451 -0.081322 0.000000 -0.236693 0.936203 0.259809 2.785100 0.145101 -0.230347 0.962230 -0.000000 0.000000 0.000000 0.000000 1.000000
0.961306 0.263685 -0.079749 0.000000 -0.235460 0.936739 0.258995 2.785100 0.142997 -0.230196 0.962581 -0.000000 0.000000 0.000000 0.000000 1.000000
0.953283 0.284079 -0.102711 0.000000 -0.245464 0.926649 0.284726 2.785100 0.176062 -0.246213 0.953090 0.000000 0.000000 0.000000 0.000000 1.000000
0.957436 0.273330 -0.092777 -0.000000 -0.238976 0.930886 0.276300 2.785100 0.161886 -0.242368 0.956583 0.000000 0.000000 0.000000 0.000000 1.000000
0.973897 0.223690 -0.038576 0.000000 -0.210054 0.952531 0.220370 2.785100 0.086040 -0.206514 0.974653 0.000000 0.000000 0.000000 0.000000 1.000000
0.962770 0.258392 -0.079418 0.000000 -0.229328 0.936267 0.266106 2.785100 0.143116 -0.237986 0.960667 0.000000 0.000000 0.000000 0.000000 1.000000
0.936771 0.315972 -0.150407 0.000000 -0.250693 0.905815 0.341544 2.785100 0.244159 -0.282242 0.927753 0.000000 0.000000 0.000000 0.000000 1.000000
0.925614 0.335320 -0.175495 0.000000 -0.254758 0.894942 0.366302 2.785100 0.279886 -0.294345 0.913797 -0.000000 0.000000 0.000000 0.000000 1.000000
0.952351 0.284148 -0.110848 0.000000 -0.240421 0.923001 0.300446 2.785100 0.187684 -0.259479 0.947336 0.000000 0.000000 0.000000 0.000000 1.000000
0.962298 0.260078 -0.079633 -0.000000 -0.230703 0.935524 0.267529 2.785100 0.144077 -0.239071 0.960254 0.000000 0.000000 0.000000 0.000000 1.000000
0.961368 0.262814 -0.081855 -0.000000 -0.232656 0.934720 0.268646 2.785100 0.147115 -0.239224 0.959755 0.000000 0.000000 0.000000 0.000000 1.000000
0.958680 0.270316 -0.088662 0.000000 -0.237699 0.932354 0.272424 2.785100 0.156305 -0.240093 0.958084 0.000000 0.000000 0.000000 0.000000 1.000000
0.965039 0.253301 -0.067364 0.000000 -0.229187 0.940192 0.252017 2.785100 0.127171 -0.227768 0.965375 -0.000000 0.000000 0.000000 0.000000 1.000000
0.957883 0.271639 -0.093131 0.000000 -0.236988 0.930943 0.277817 2.785100 0.162165 -0.244045 0.956109 0.000000 0.000000 0.000000 0.000000 1.000000
0.964445 0.254098 -0.072662 0.000000 -0.227665 0.938426 0.259858 2.785100 0.134217 -0.234076 0.962909 -0.000000 0.000000 0.000000 0.000000 1.000000
0.979106 0.202138 -0.022193 0.000000 -0.194078 0.961453 0.194788 2.785100 0.060712 -0.186411 0.980594 0.000000 0.000000 0.000000 0.000000 1.000000
0.965252 0.240339 -0.102599 0.000000 -0.208323 0.944734 0.253139 2.785100 0.157767 -0.222969 0.961974 0.000000 0.000000 0.000000 0.000000 1.000000
0.963316 0.250970 -0.095059 0.000000 -0.218431 0.939015 0.265590 2.785100 0.155917 -0.235083 0.959388 0.000000 0.000000 0.000000 0.000000 1.000000
0.965292 0.249970 -0.075667 0.000000 -0.222719 0.939183 0.261402 2.785100 0.136408 -0.235477 0.962260 0.000000 0.000000 0.000000 0.000000 1.000000
0.958418 0.269104 -0.094965 0.000000 -0.233287 0.930505 0.282380 2.785100 0.164355 -0.248484 0.954591 0.000000 0.000000 0.000000 0.000000 1.000000</float_array>
        <technique_common>
          <accessor source="#mixamorig_RightHandThumb3-Matrix-animation-output-transform-array" count="23" stride="16">
            <param type="float4x4"/>
          </accessor>
        </technique_common>
      </source>
      <source id="mixamorig_RightHandThumb3-Interpolations">
        <Name_array id="mixamorig_RightHandThumb3-Interpolations-array" count="23">
 LINEAR LINEAR LINEAR LINEAR LINEAR LINEAR LINEAR LINEAR LINEAR LINEAR LINEAR
LINEAR LINEAR LINEAR LINEAR LINEAR LINEAR LINEAR LINEAR LINEAR LINEAR LINEAR LINEAR</Name_array>
        <technique_common>
          <accessor source="#mixamorig_RightHandThumb3-Interpolations-array" count="23">
            <param type="name"/>
          </accessor>
        </technique_common>
      </source>
      <sampler id="mixamorig_RightHandThumb3-Matrix-animation-transform">
        <input semantic="INPUT" source="#mixamorig_RightHandThumb3-Matrix-animation-input"/>
        <input semantic="OUTPUT" source="#mixamorig_RightHandThumb3-Matrix-animation-output-transform"/>
        <input semantic="INTERPOLATION" source="#mixamorig_RightHandThumb3-Interpolations"/>
      </sampler>
      <channel source="#mixamorig_RightHandThumb3-Matrix-animation-transform" target="mixamorig_RightHandThumb3/matrix"/>
    </animation>
    <animation id="mixamorig_RightHandIndex1-anim" name="mixamorig_RightHandIndex1">
      <source id="mixamorig_RightHandIndex1-Matrix-animation-input">
        <float_array id="mixamorig_RightHandIndex1-Matrix-animation-input-array" count="23">

0.000000 0.033333 0.066667 0.100000 0.133333 0.166667 0.200000 0.233333 0.266667 0.300000 0.333333 0.366667 0.400000 0.433333 0.466667 0.500000
0.533333 0.566667 0.600000 0.633333 0.666667 0.700000 0.733333</float_array>
        <technique_common>
          <accessor source="#mixamorig_RightHandIndex1-Matrix-animation-input-array" count="23">
            <param name="TIME" type="float"/>
          </accessor>
        </technique_common>
      </source>
      <source id="mixamorig_RightHandIndex1-Matrix-animation-output-transform">
        <float_array id="mixamorig_RightHandIndex1-Matrix-animation-output-transform-array" count="368">

0.999474 -0.027242 0.017573 4.736600 0.031911 0.922257 -0.385259 18.296400 -0.005712 0.385617 0.922641 0.973900 0.000000 0.000000 0.000000 1.000000
0.999650 -0.022832 0.013347 4.736600 0.026172 0.926555 -0.375248 18.296400 -0.003799 0.375466 0.926828 0.973900 0.000000 0.000000 0.000000 1.000000
0.999817 -0.017301 0.008155 4.736600 0.019030 0.942527 -0.333588 18.296400 -0.001915 0.333682 0.942684 0.973900 0.000000 0.000000 0.000000 1.000000
0.999897 -0.013571 0.004679 4.736600 0.014353 0.949760 -0.312650 18.296400 -0.000201 0.312685 0.949857 0.973900 0.000000 0.000000 0.000000 1.000000
0.999892 -0.013884 0.004751 4.736600 0.014674 0.944254 -0.328892 18.296400 0.000080 0.328926 0.944356 0.973900 0.000000 0.000000 0.000000 1.000000
0.999885 -0.014332 0.005004 4.736600 0.015179 0.939180 -0.343089 18.296400 0.000217 0.343126 0.939289 0.973900 0.000000 0.000000 0.000000 1.000000
0.999814 -0.017542 0.007975 4.736600 0.019244 0.930290 -0.366320 18.296400 -0.000993 0.366405 0.930455 0.973900 0.000000 0.000000 0.000000 1.000000
0.999677 -0.022129 0.012527 4.736600 0.025222 0.925603 -0.377654 18.296400 -0.003238 0.377848 0.925862 0.973900 0.000000 0.000000 0.000000 1.000000
0.999572 -0.026158 0.013069 4.736600 0.028942 0.948776 -0.314620 18.296400 -0.004170 0.314864 0.949128 0.973900 0.000000 0.000000 0.000000 1.000000
0.999561 -0.026460 0.013297 4.736600 0.029308 0.948215 -0.316274 18.296400 -0.004240 0.316525 0.948575 0.973900 0.000000 0.000000 0.000000 1.000000
0.999681 -0.022047 0.012285 4.736600 0.025075 0.922925 -0.384163 18.296400 -0.002868 0.384348 0.923184 0.973900 0.000000 0.000000 0.000000 1.000000
0.999890 -0.014328 0.003923 4.736600 0.014657 0.908502 -0.417624 18.296400 0.002420 0.417636 0.908611 0.973900 0.000000 0.000000 0.000000 1.000000
0.999950 -0.009952 -0.000873 4.736600 0.008506 0.893946 -0.448094 18.296400 0.005239 0.448064 0.893986 0.973900 0.000000 0.000000 0.000000 1.000000
0.999961 -0.003054 -0.008258 4.736600 -0.001386 0.871623 -0.490174 18.296400 0.008695 0.490167 0.871585 0.973900 0.000000 0.000000 0.000000 1.000000
0.999892 0.002856 -0.014390 4.736600 -0.010168 0.842007 -0.539371 18.296400 0.010576 0.539460 0.841945 0.973900 0.000000 0.000000 0.000000 1.000000
0.999762 0.007914 -0.020321 4.736600 -0.017552 0.845026 -0.534436 18.296400 0.012943 0.534666 0.844964 0.973900 0.000000 0.000000 0.000000 1.000000
0.999727 0.008377 -0.021793 4.736600 -0.017569 0.884665 -0.465896 18.296400 0.015376 0.466152 0.884571 0.973900 0.000000 0.000000 0.000000 1.000000
0.999770 0.006683 -0.020356 4.736600 -0.015003 0.896646 -0.442493 18.296400 0.015295 0.442697 0.896541 0.973900 0.000000 0.000000 0.000000 1.000000
0.999897 0.001157 -0.014279 4.736600 -0.007601 0.887721 -0.460320 18.296400 0.012143 0.460381 0.887638 0.973900 0.000000 0.000000 0.000000 1.000000
0.999820 -0.017617 0.007019 4.736600 0.018964 0.926412 -0.376033 18.296400 0.000122 0.376099 0.926579 0.973900 0.000000 0.000000 0.000000 1.000000
0.999306 -0.033255 0.016783 4.736600 0.037115 0.927143 -0.372865 18.296400 -0.003161 0.373229 0.927734 0.973900 0.000000 0.000000 0.000000 1.000000
0.999443 -0.029773 0.015082 4.736600 0.033154 0.937628 -0.346055 18.296400 -0.003838 0.346362 0.938093 0.973900 0.000000 0.000000 0.000000 1.000000
0.999474 -0.027241 0.017573 4.736600 0.031911 0.922257 -0.385258 18.296400 -0.005712 0.385617 0.922641 0.973900 0.000000 0.000000 0.000000 1.000000</float_array>
        <technique_common>
          <accessor source="#mixamorig_RightHandIndex1-Matrix-animation-output-transform-array" count="23" stride="16">
            <param type="float4x4"/>
          </accessor>
        </technique_common>
      </source>
      <source id="mixamorig_RightHandIndex1-Interpolations">
        <Name_array id="mixamorig_RightHandIndex1-Interpolations-array" count="23">
 LINEAR LINEAR LINEAR LINEAR LINEAR LINEAR LINEAR LINEAR LINEAR LINEAR LINEAR
LINEAR LINEAR LINEAR LINEAR LINEAR LINEAR LINEAR LINEAR LINEAR LINEAR LINEAR LINEAR</Name_array>
        <technique_common>
          <accessor source="#mixamorig_RightHandIndex1-Interpolations-array" count="23">
            <param type="name"/>
          </accessor>
        </technique_common>
      </source>
      <sampler id="mixamorig_RightHandIndex1-Matrix-animation-transform">
        <input semantic="INPUT" source="#mixamorig_RightHandIndex1-Matrix-animation-input"/>
        <input semantic="OUTPUT" source="#mixamorig_RightHandIndex1-Matrix-animation-output-transform"/>
        <input semantic="INTERPOLATION" source="#mixamorig_RightHandIndex1-Interpolations"/>
      </sampler>
      <channel source="#mixamorig_RightHandIndex1-Matrix-animation-transform" target="mixamorig_RightHandIndex1/matrix"/>
    </animation>
    <animation id="mixamorig_RightHandIndex2-anim" name="mixamorig_RightHandIndex2">
      <source id="mixamorig_RightHandIndex2-Matrix-animation-input">
        <float_array id="mixamorig_RightHandIndex2-Matrix-animation-input-array" count="23">

0.000000 0.033333 0.066667 0.100000 0.133333 0.166667 0.200000 0.233333 0.266667 0.300000 0.333333 0.366667 0.400000 0.433333 0.466667 0.500000
0.533333 0.566667 0.600000 0.633333 0.666667 0.700000 0.733333</float_array>
        <technique_common>
          <accessor source="#mixamorig_RightHandIndex2-Matrix-animation-input-array" count="23">
            <param name="TIME" type="float"/>
          </accessor>
        </technique_common>
      </source>
      <source id="mixamorig_RightHandIndex2-Matrix-animation-output-transform">
        <float_array id="mixamorig_RightHandIndex2-Matrix-animation-output-transform-array" count="368">

0.998414 -0.052729 0.019710 0.000000 0.052729 0.753413 -0.655430 4.698000 0.019710 0.655430 0.754998 0.000000 0.000000 0.000000 0.000000 1.000000
0.998441 -0.052341 0.019375 0.000000 0.052341 0.757604 -0.650613 4.698000 0.019375 0.650613 0.759162 0.000000 0.000000 0.000000 0.000000 1.000000
0.998492 -0.051592 0.018740 0.000000 0.051592 0.765555 -0.641298 4.698000 0.018740 0.641298 0.767063 0.000000 0.000000 0.000000 0.000000 1.000000
0.998566 -0.050480 0.017825 -0.000000 0.050480 0.776995 -0.627480 4.698000 0.017825 0.627480 0.778429 -0.000000 0.000000 0.000000 0.000000 1.000000
0.998689 -0.048521 0.016293 0.000000 0.048522 0.796162 -0.603134 4.698000 0.016293 0.603134 0.797473 -0.000000 0.000000 0.000000 0.000000 1.000000
0.998743 -0.047633 0.015630 0.000000 0.047633 0.804461 -0.592092 4.698000 0.015630 0.592092 0.805718 0.000000 0.000000 0.000000 0.000000 1.000000
0.998705 -0.048260 0.016096 0.000000 0.048261 0.798625 -0.599891 4.698000 0.016096 0.599891 0.799920 0.000000 0.000000 0.000000 0.000000 1.000000
0.998549 -0.050747 0.018042 -0.000000 0.050747 0.774284 -0.630801 4.698000 0.018042 0.630801 0.775735 0.000000 0.000000 0.000000 0.000000 1.000000
0.998488 -0.051660 0.018797 -0.000000 0.051660 0.764836 -0.642151 4.698000 0.018797 0.642151 0.766348 -0.000000 0.000000 0.000000 0.000000 1.000000
0.998625 -0.049553 0.017088 0.000000 0.049553 0.786217 -0.615960 4.698000 0.017088 0.615960 0.787592 0.000000 0.000000 0.000000 0.000000 1.000000
0.998769 -0.047191 0.015306 0.000000 0.047191 0.808508 -0.586590 4.698000 0.015306 0.586590 0.809739 0.000000 0.000000 0.000000 0.000000 1.000000
0.998611 -0.049771 0.017260 0.000000 0.049772 0.784072 -0.618671 4.698000 0.017259 0.618671 0.785460 0.000000 0.000000 0.000000 0.000000 1.000000
0.998400 -0.052931 0.019886 0.000000 0.052931 0.751209 -0.657939 4.698000 0.019886 0.657939 0.752809 0.000000 0.000000 0.000000 0.000000 1.000000
0.998376 -0.053274 0.020189 -0.000000 0.053274 0.747424 -0.662208 4.698000 0.020189 0.662208 0.749048 -0.000000 0.000000 0.000000 0.000000 1.000000
0.998374 -0.053293 0.020206 0.000000 0.053293 0.747208 -0.662450 4.698000 0.020206 0.662450 0.748834 0.000000 0.000000 0.000000 0.000000 1.000000
0.998374 -0.053296 0.020209 0.000000 0.053296 0.747178 -0.662484 4.698000 0.020208 0.662484 0.748803 0.000000 0.000000 0.000000 0.000000 1.000000
0.998341 -0.053753 0.020617 0.000000 0.053753 0.742068 -0.668166 4.698000 0.020617 0.668166 0.743727 0.000000 0.000000 0.000000 0.000000 1.000000
0.998230 -0.055254 0.022004 -0.000000 0.055254 0.724717 -0.686828 4.698000 0.022004 0.686828 0.726487 0.000000 0.000000 0.000000 0.000000 1.000000
0.998129 -0.056553 0.023263 0.000000 0.056553 0.708966 -0.702971 4.698000 0.023263 0.702971 0.710838 -0.000000 0.000000 0.000000 0.000000 1.000000
0.998336 -0.053822 0.020679 -0.000000 0.053822 0.741292 -0.669021 4.698000 0.020679 0.669021 0.742955 0.000000 0.000000 0.000000 0.000000 1.000000
0.998412 -0.052758 0.019736 -0.000000 0.052758 0.753088 -0.655802 4.698000 0.019736 0.655802 0.754675 0.000000 0.000000 0.000000 0.000000 1.000000
0.998269 -0.054736 0.021517 0.000000 0.054736 0.730808 -0.680385 4.698000 0.021517 0.680385 0.732539 0.000000 0.000000 0.000000 0.000000 1.000000
0.998414 -0.052729 0.019710 0.000000 0.052729 0.753413 -0.655431 4.698000 0.019710 0.655431 0.754998 0.000000 0.000000 0.000000 0.000000 1.000000</float_array>
        <technique_common>
          <accessor source="#mixamorig_RightHandIndex2-Matrix-animation-output-transform-array" count="23" stride="16">
            <param type="float4x4"/>
          </accessor>
        </technique_common>
      </source>
      <source id="mixamorig_RightHandIndex2-Interpolations">
        <Name_array id="mixamorig_RightHandIndex2-Interpolations-array" count="23">
 LINEAR LINEAR LINEAR LINEAR LINEAR LINEAR LINEAR LINEAR LINEAR LINEAR LINEAR
LINEAR LINEAR LINEAR LINEAR LINEAR LINEAR LINEAR LINEAR LINEAR LINEAR LINEAR LINEAR</Name_array>
        <technique_common>
          <accessor source="#mixamorig_RightHandIndex2-Interpolations-array" count="23">
            <param type="name"/>
          </accessor>
        </technique_common>
      </source>
      <sampler id="mixamorig_RightHandIndex2-Matrix-animation-transform">
        <input semantic="INPUT" source="#mixamorig_RightHandIndex2-Matrix-animation-input"/>
        <input semantic="OUTPUT" source="#mixamorig_RightHandIndex2-Matrix-animation-output-transform"/>
        <input semantic="INTERPOLATION" source="#mixamorig_RightHandIndex2-Interpolations"/>
      </sampler>
      <channel source="#mixamorig_RightHandIndex2-Matrix-animation-transform" target="mixamorig_RightHandIndex2/matrix"/>
    </animation>
    <animation id="mixamorig_RightHandIndex3-anim" name="mixamorig_RightHandIndex3">
      <source id="mixamorig_RightHandIndex3-Matrix-animation-input">
        <float_array id="mixamorig_RightHandIndex3-Matrix-animation-input-array" count="23">

0.000000 0.033333 0.066667 0.100000 0.133333 0.166667 0.200000 0.233333 0.266667 0.300000 0.333333 0.366667 0.400000 0.433333 0.466667 0.500000
0.533333 0.566667 0.600000 0.633333 0.666667 0.700000 0.733333</float_array>
        <technique_common>
          <accessor source="#mixamorig_RightHandIndex3-Matrix-animation-input-array" count="23">
            <param name="TIME" type="float"/>
          </accessor>
        </technique_common>
      </source>
      <source id="mixamorig_RightHandIndex3-Matrix-animation-output-transform">
        <float_array id="mixamorig_RightHandIndex3-Matrix-animation-output-transform-array" count="368">

0.999665 -0.025552 0.004167 -0.000000 0.025552 0.947875 -0.317617 2.894000 0.004166 0.317617 0.948210 -0.000000 0.000000 0.000000 0.000000 1.000000
0.999672 -0.025281 0.004076 -0.000000 0.025281 0.949003 -0.314253 2.894000 0.004076 0.314253 0.949330 0.000000 0.000000 0.000000 0.000000 1.000000
0.999670 -0.025370 0.004105 0.000000 0.025370 0.948636 -0.315350 2.894000 0.004106 0.315350 0.948967 0.000000 0.000000 0.000000 0.000000 1.000000
0.999665 -0.025533 0.004160 0.000000 0.025533 0.947951 -0.317390 2.894000 0.004160 0.317390 0.948286 0.000000 0.000000 0.000000 0.000000 1.000000
0.999665 -0.025528 0.004158 0.000000 0.025528 0.947973 -0.317324 2.894000 0.004159 0.317324 0.948308 0.000000 0.000000 0.000000 0.000000 1.000000
0.999666 -0.025497 0.004148 0.000000 0.025497 0.948103 -0.316939 2.894000 0.004148 0.316939 0.948437 -0.000000 0.000000 0.000000 0.000000 1.000000
0.999662 -0.025643 0.004197 0.000000 0.025643 0.947491 -0.318753 2.894000 0.004197 0.318753 0.947829 -0.000000 0.000000 0.000000 0.000000 1.000000
0.999640 -0.026444 0.004471 0.000000 0.026444 0.944062 -0.328705 2.894000 0.004471 0.328705 0.944422 0.000000 0.000000 0.000000 0.000000 1.000000
0.999628 -0.026873 0.004622 0.000000 0.026873 0.942174 -0.334044 2.894000 0.004622 0.334044 0.942546 0.000000 0.000000 0.000000 0.000000 1.000000
0.999630 -0.026807 0.004599 -0.000000 0.026807 0.942467 -0.333224 2.894000 0.004599 0.333224 0.942837 0.000000 0.000000 0.000000 0.000000 1.000000
0.999637 -0.026576 0.004517 0.000000 0.026576 0.943487 -0.330344 2.894000 0.004517 0.330344 0.943850 0.000000 0.000000 0.000000 0.000000 1.000000
0.999633 -0.026699 0.004560 0.000000 0.026699 0.942947 -0.331871 2.894000 0.004560 0.331871 0.943314 0.000000 0.000000 0.000000 0.000000 1.000000
0.999616 -0.027284 0.004769 0.000000 0.027284 0.940340 -0.339142 2.894000 0.004769 0.339142 0.940723 0.000000 0.000000 0.000000 0.000000 1.000000
0.999619 -0.027180 0.004732 -0.000000 0.027180 0.940806 -0.337854 2.894000 0.004731 0.337854 0.941187 0.000000 0.000000 0.000000 0.000000 1.000000
0.999639 -0.026488 0.004487 -0.000000 0.026488 0.943869 -0.329257 2.894000 0.004487 0.329257 0.944230 0.000000 0.000000 0.000000 0.000000 1.000000
0.999646 -0.026226 0.004395 0.000000 0.026226 0.945009 -0.325993 2.894000 0.004396 0.325993 0.945362 0.000000 0.000000 0.000000 0.000000 1.000000
0.999649 -0.026149 0.004369 -0.000000 0.026149 0.945341 -0.325035 2.894000 0.004369 0.325035 0.945692 0.000000 0.000000 0.000000 0.000000 1.000000
0.999646 -0.026256 0.004406 0.000000 0.026256 0.944880 -0.326363 2.894000 0.004406 0.326363 0.945234 0.000000 0.000000 0.000000 0.000000 1.000000
0.999636 -0.026599 0.004526 0.000000 0.026599 0.943383 -0.330638 2.894000 0.004525 0.330638 0.943747 0.000000 0.000000 0.000000 0.000000 1.000000
0.999630 -0.026809 0.004599 0.000000 0.026809 0.942459 -0.333244 2.894000 0.004599 0.333244 0.942829 -0.000000 0.000000 0.000000 0.000000 1.000000
0.999641 -0.026410 0.004460 0.000000 0.026410 0.944209 -0.328285 2.894000 0.004459 0.328285 0.944568 0.000000 0.000000 0.000000 0.000000 1.000000
0.999648 -0.026159 0.004372 0.000000 0.026159 0.945298 -0.325158 2.894000 0.004373 0.325158 0.945650 0.000000 0.000000 0.000000 0.000000 1.000000
0.999665 -0.025552 0.004166 0.000000 0.025552 0.947875 -0.317617 2.894000 0.004167 0.317617 0.948210 0.000000 0.000000 0.000000 0.000000 1.000000</float_array>
        <technique_common>
          <accessor source="#mixamorig_RightHandIndex3-Matrix-animation-output-transform-array" count="23" stride="16">
            <param type="float4x4"/>
          </accessor>
        </technique_common>
      </source>
      <source id="mixamorig_RightHandIndex3-Interpolations">
        <Name_array id="mixamorig_RightHandIndex3-Interpolations-array" count="23">
 LINEAR LINEAR LINEAR LINEAR LINEAR LINEAR LINEAR LINEAR LINEAR LINEAR LINEAR
LINEAR LINEAR LINEAR LINEAR LINEAR LINEAR LINEAR LINEAR LINEAR LINEAR LINEAR LINEAR</Name_array>
        <technique_common>
          <accessor source="#mixamorig_RightHandIndex3-Interpolations-array" count="23">
            <param type="name"/>
          </accessor>
        </technique_common>
      </source>
      <sampler id="mixamorig_RightHandIndex3-Matrix-animation-transform">
        <input semantic="INPUT" source="#mixamorig_RightHandIndex3-Matrix-animation-input"/>
        <input semantic="OUTPUT" source="#mixamorig_RightHandIndex3-Matrix-animation-output-transform"/>
        <input semantic="INTERPOLATION" source="#mixamorig_RightHandIndex3-Interpolations"/>
      </sampler>
      <channel source="#mixamorig_RightHandIndex3-Matrix-animation-transform" target="mixamorig_RightHandIndex3/matrix"/>
    </animation>
    <animation id="mixamorig_RightHandMiddle1-anim" name="mixamorig_RightHandMiddle1">
      <source id="mixamorig_RightHandMiddle1-Matrix-animation-input">
        <float_array id="mixamorig_RightHandMiddle1-Matrix-animation-input-array" count="23">

0.000000 0.033333 0.066667 0.100000 0.133333 0.166667 0.200000 0.233333 0.266667 0.300000 0.333333 0.366667 0.400000 0.433333 0.466667 0.500000
0.533333 0.566667 0.600000 0.633333 0.666667 0.700000 0.733333</float_array>
        <technique_common>
          <accessor source="#mixamorig_RightHandMiddle1-Matrix-animation-input-array" count="23">
            <param name="TIME" type="float"/>
          </accessor>
        </technique_common>
      </source>
      <source id="mixamorig_RightHandMiddle1-Matrix-animation-output-transform">
        <float_array id="mixamorig_RightHandMiddle1-Matrix-animation-output-transform-array" count="368">

0.995581 -0.088070 0.032577 0.139500 0.090620 0.810188 -0.579123 17.923901 0.024609 0.579516 0.814589 0.051600 0.000000 0.000000 0.000000 1.000000
0.995734 -0.086680 0.031616 0.139500 0.089250 0.818000 -0.568252 17.923901 0.023394 0.568650 0.822247 0.051600 0.000000 0.000000 0.000000 1.000000
0.995702 -0.088375 0.027702 0.139500 0.089799 0.848025 -0.522293 17.923901 0.022666 0.522536 0.852316 0.051600 0.000000 0.000000 0.000000 1.000000
0.995808 -0.087817 0.025584 0.139500 0.088914 0.863741 -0.496030 17.923901 0.021462 0.496226 0.867928 0.051600 0.000000 0.000000 0.000000 1.000000
0.996168 -0.083281 0.026707 0.139500 0.085229 0.855907 -0.510059 17.923901 0.019620 0.510380 0.859725 0.051600 0.000000 0.000000 0.000000 1.000000
0.996867 -0.073798 0.028464 0.139500 0.077622 0.843594 -0.531342 17.923901 0.015200 0.531886 0.846679 0.051600 0.000000 0.000000 0.000000 1.000000
0.996984 -0.070951 0.031452 0.139500 0.076267 0.820608 -0.566380 17.923901 0.014375 0.567070 0.823544 0.051600 0.000000 0.000000 0.000000 1.000000
0.996689 -0.074508 0.032558 0.139500 0.079579 0.811642 -0.578710 17.923901 0.016693 0.579385 0.814883 0.051600 0.000000 0.000000 0.000000 1.000000
0.995645 -0.089151 0.027272 0.139500 0.090394 0.851537 -0.516443 17.923901 0.022819 0.516658 0.855887 0.051600 0.000000 0.000000 0.000000 1.000000
0.995572 -0.090185 0.026521 0.139500 0.091136 0.856827 -0.507485 17.923901 0.023043 0.507655 0.861252 0.051600 0.000000 0.000000 0.000000 1.000000
0.996599 -0.076193 0.031400 0.139500 0.080573 0.820888 -0.565377 17.923901 0.017302 0.565984 0.824235 0.051600 0.000000 0.000000 0.000000 1.000000
0.997438 -0.062024 0.035644 0.139500 0.070848 0.787512 -0.612213 17.923901 0.009902 0.613170 0.789889 0.051600 0.000000 0.000000 0.000000 1.000000
0.998089 -0.047851 0.039104 0.139500 0.061784 0.759676 -0.647360 17.923901 0.001270 0.648538 0.761181 0.051600 0.000000 0.000000 0.000000 1.000000
0.998988 -0.014659 0.042514 0.139500 0.039713 0.731138 -0.681073 17.923901 -0.021099 0.682072 0.730980 0.051600 0.000000 0.000000 0.000000 1.000000
0.998818 0.022223 0.043234 0.139500 0.013785 0.723387 -0.690306 17.923901 -0.046615 0.690086 0.722225 0.051600 0.000000 0.000000 0.000000 1.000000
0.998588 0.031216 0.042977 0.139500 0.006972 0.725060 -0.688650 17.923901 -0.052657 0.687978 0.723819 0.051600 0.000000 0.000000 0.000000 1.000000
0.999196 -0.000223 0.040080 0.139500 0.026572 0.752322 -0.658260 17.923901 -0.030007 0.658796 0.751723 0.051600 0.000000 0.000000 0.000000 1.000000
0.998960 -0.022366 0.039745 0.139500 0.042945 0.754667 -0.654701 17.923901 -0.015351 0.655726 0.754843 0.051600 0.000000 0.000000 0.000000 1.000000
0.998612 -0.033113 0.040956 0.139500 0.051974 0.745333 -0.664664 17.923901 -0.008517 0.665870 0.746019 0.051600 0.000000 0.000000 0.000000 1.000000
0.995858 -0.085151 0.031881 0.139500 0.088089 0.816686 -0.570320 17.923901 0.022526 0.570766 0.820804 0.051600 0.000000 0.000000 0.000000 1.000000
0.994088 -0.104168 0.030625 0.139500 0.103493 0.823785 -0.557375 17.923901 0.032833 0.557250 0.829696 0.051600 0.000000 0.000000 0.000000 1.000000
0.994279 -0.102596 0.029731 0.139500 0.102095 0.830940 -0.546914 17.923901 0.031407 0.546821 0.836660 0.051600 0.000000 0.000000 0.000000 1.000000
0.995581 -0.088070 0.032577 0.139500 0.090620 0.810188 -0.579123 17.923901 0.024610 0.579516 0.814589 0.051600 0.000000 0.000000 0.000000 1.000000</float_array>
        <technique_common>
          <accessor source="#mixamorig_RightHandMiddle1-Matrix-animation-output-transform-array" count="23" stride="16">
            <param type="float4x4"/>
          </accessor>
        </technique_common>
      </source>
      <source id="mixamorig_RightHandMiddle1-Interpolations">
        <Name_array id="mixamorig_RightHandMiddle1-Interpolations-array" count="23">
 LINEAR LINEAR LINEAR LINEAR LINEAR LINEAR LINEAR LINEAR LINEAR LINEAR LINEAR
LINEAR LINEAR LINEAR LINEAR LINEAR LINEAR LINEAR LINEAR LINEAR LINEAR LINEAR LINEAR</Name_array>
        <technique_common>
          <accessor source="#mixamorig_RightHandMiddle1-Interpolations-array" count="23">
            <param type="name"/>
          </accessor>
        </technique_common>
      </source>
      <sampler id="mixamorig_RightHandMiddle1-Matrix-animation-transform">
        <input semantic="INPUT" source="#mixamorig_RightHandMiddle1-Matrix-animation-input"/>
        <input semantic="OUTPUT" source="#mixamorig_RightHandMiddle1-Matrix-animation-output-transform"/>
        <input semantic="INTERPOLATION" source="#mixamorig_RightHandMiddle1-Interpolations"/>
      </sampler>
      <channel source="#mixamorig_RightHandMiddle1-Matrix-animation-transform" target="mixamorig_RightHandMiddle1/matrix"/>
    </animation>
    <animation id="mixamorig_RightHandMiddle2-anim" name="mixamorig_RightHandMiddle2">
      <source id="mixamorig_RightHandMiddle2-Matrix-animation-input">
        <float_array id="mixamorig_RightHandMiddle2-Matrix-animation-input-array" count="23">

0.000000 0.033333 0.066667 0.100000 0.133333 0.166667 0.200000 0.233333 0.266667 0.300000 0.333333 0.366667 0.400000 0.433333 0.466667 0.500000
0.533333 0.566667 0.600000 0.633333 0.666667 0.700000 0.733333</float_array>
        <technique_common>
          <accessor source="#mixamorig_RightHandMiddle2-Matrix-animation-input-array" count="23">
            <param name="TIME" type="float"/>
          </accessor>
        </technique_common>
      </source>
      <source id="mixamorig_RightHandMiddle2-Matrix-animation-output-transform">
        <float_array id="mixamorig_RightHandMiddle2-Matrix-animation-output-transform-array" count="368">

0.998626 -0.049546 0.017083 0.000000 0.049546 0.786284 -0.615876 5.002000 0.017083 0.615876 0.787658 0.000000 0.000000 0.000000 0.000000 1.000000
0.998589 -0.050131 0.017545 -0.000000 0.050131 0.780503 -0.623139 5.002000 0.017545 0.623139 0.781915 -0.000000 0.000000 0.000000 0.000000 1.000000
0.998606 -0.049851 0.017323 0.000000 0.049851 0.783280 -0.619667 5.002000 0.017322 0.619667 0.784674 0.000000 0.000000 0.000000 0.000000 1.000000
0.998670 -0.048841 0.016537 -0.000000 0.048841 0.793113 -0.607113 5.002000 0.016537 0.607113 0.794443 0.000000 0.000000 0.000000 0.000000 1.000000
0.998756 -0.047407 0.015464 0.000000 0.047407 0.806535 -0.589283 5.002000 0.015464 0.589283 0.807779 0.000000 0.000000 0.000000 0.000000 1.000000
0.998819 -0.046323 0.014686 -0.000000 0.046323 0.816271 -0.575809 5.002000 0.014686 0.575809 0.817453 0.000000 0.000000 0.000000 0.000000 1.000000
0.998824 -0.046219 0.014612 -0.000000 0.046219 0.817186 -0.574517 5.002000 0.014613 0.574517 0.818362 -0.000000 0.000000 0.000000 0.000000 1.000000
0.998783 -0.046951 0.015133 0.000000 0.046951 0.810670 -0.583617 5.002000 0.015133 0.583617 0.811888 0.000000 0.000000 0.000000 0.000000 1.000000
0.998762 -0.047305 0.015389 0.000000 0.047305 0.807465 -0.588016 5.002000 0.015390 0.588016 0.808703 0.000000 0.000000 0.000000 0.000000 1.000000
0.998794 -0.046750 0.014989 0.000000 0.046750 0.812472 -0.581123 5.002000 0.014989 0.581123 0.813678 0.000000 0.000000 0.000000 0.000000 1.000000
0.998822 -0.046266 0.014645 0.000000 0.046266 0.816776 -0.575097 5.002000 0.014646 0.575097 0.817954 0.000000 0.000000 0.000000 0.000000 1.000000
0.998747 -0.047563 0.015578 0.000000 0.047563 0.805103 -0.591225 5.002000 0.015578 0.591225 0.806356 0.000000 0.000000 0.000000 0.000000 1.000000
0.998658 -0.049037 0.016687 0.000000 0.049037 0.791233 -0.609546 5.002000 0.016687 0.609546 0.792575 0.000000 0.000000 0.000000 0.000000 1.000000
0.998566 -0.050474 0.017820 0.000000 0.050474 0.777050 -0.627412 5.002000 0.017821 0.627412 0.778484 0.000000 0.000000 0.000000 0.000000 1.000000
0.998424 -0.052589 0.019589 0.000000 0.052589 0.754926 -0.653698 5.002000 0.019589 0.653698 0.756502 0.000000 0.000000 0.000000 0.000000 1.000000
0.998363 -0.053455 0.020350 0.000000 0.053455 0.745401 -0.664469 5.002000 0.020350 0.664469 0.747038 0.000000 0.000000 0.000000 0.000000 1.000000
0.998429 -0.052517 0.019526 -0.000000 0.052517 0.755711 -0.652796 5.002000 0.019526 0.652796 0.757282 0.000000 0.000000 0.000000 0.000000 1.000000
0.998487 -0.051676 0.018811 0.000000 0.051676 0.764664 -0.642354 5.002000 0.018811 0.642354 0.766177 -0.000000 0.000000 0.000000 0.000000 1.000000
0.998538 -0.050905 0.018172 -0.000000 0.050906 0.772662 -0.632773 5.002000 0.018171 0.632773 0.774124 0.000000 0.000000 0.000000 0.000000 1.000000
0.998700 -0.048348 0.016162 0.000000 0.048348 0.797796 -0.600986 5.002000 0.016162 0.600986 0.799096 0.000000 0.000000 0.000000 0.000000 1.000000
0.998774 -0.047100 0.015241 0.000000 0.047100 0.809325 -0.585470 5.002000 0.015241 0.585470 0.810551 0.000000 0.000000 0.000000 0.000000 1.000000
0.998629 -0.049488 0.017037 0.000000 0.049487 0.786858 -0.615147 5.002000 0.017037 0.615147 0.788228 0.000000 0.000000 0.000000 0.000000 1.000000
0.998626 -0.049546 0.017083 -0.000000 0.049546 0.786284 -0.615875 5.002000 0.017082 0.615875 0.787658 0.000000 0.000000 0.000000 0.000000 1.000000</float_array>
        <technique_common>
          <accessor source="#mixamorig_RightHandMiddle2-Matrix-animation-output-transform-array" count="23" stride="16">
            <param type="float4x4"/>
          </accessor>
        </technique_common>
      </source>
      <source id="mixamorig_RightHandMiddle2-Interpolations">
        <Name_array id="mixamorig_RightHandMiddle2-Interpolations-array" count="23">
 LINEAR LINEAR LINEAR LINEAR LINEAR LINEAR LINEAR LINEAR LINEAR LINEAR LINEAR
LINEAR LINEAR LINEAR LINEAR LINEAR LINEAR LINEAR LINEAR LINEAR LINEAR LINEAR LINEAR</Name_array>
        <technique_common>
          <accessor source="#mixamorig_RightHandMiddle2-Interpolations-array" count="23">
            <param type="name"/>
          </accessor>
        </technique_common>
      </source>
      <sampler id="mixamorig_RightHandMiddle2-Matrix-animation-transform">
        <input semantic="INPUT" source="#mixamorig_RightHandMiddle2-Matrix-animation-input"/>
        <input semantic="OUTPUT" source="#mixamorig_RightHandMiddle2-Matrix-animation-output-transform"/>
        <input semantic="INTERPOLATION" source="#mixamorig_RightHandMiddle2-Interpolations"/>
      </sampler>
      <channel source="#mixamorig_RightHandMiddle2-Matrix-animation-transform" target="mixamorig_RightHandMiddle2/matrix"/>
    </animation>
    <animation id="mixamorig_RightHandMiddle3-anim" name="mixamorig_RightHandMiddle3">
      <source id="mixamorig_RightHandMiddle3-Matrix-animation-input">
        <float_array id="mixamorig_RightHandMiddle3-Matrix-animation-input-array" count="23">

0.000000 0.033333 0.066667 0.100000 0.133333 0.166667 0.200000 0.233333 0.266667 0.300000 0.333333 0.366667 0.400000 0.433333 0.466667 0.500000
0.533333 0.566667 0.600000 0.633333 0.666667 0.700000 0.733333</float_array>
        <technique_common>
          <accessor source="#mixamorig_RightHandMiddle3-Matrix-animation-input-array" count="23">
            <param name="TIME" type="float"/>
          </accessor>
        </technique_common>
      </source>
      <source id="mixamorig_RightHandMiddle3-Matrix-animation-output-transform">
        <float_array id="mixamorig_RightHandMiddle3-Matrix-animation-output-transform-array" count="368">

0.999791 -0.020264 0.002594 0.000000 0.020264 0.967543 -0.251891 3.279000 0.002594 0.251891 0.967752 0.000000 0.000000 0.000000 0.000000 1.000000
0.999803 -0.019702 0.002450 -0.000000 0.019702 0.969347 -0.244903 3.279000 0.002450 0.244903 0.969545 -0.000000 0.000000 0.000000 0.000000 1.000000
0.999824 -0.018652 0.002192 0.000000 0.018652 0.972571 -0.231858 3.279000 0.002192 0.231858 0.972747 0.000000 0.000000 0.000000 0.000000 1.000000
0.999846 -0.017427 0.001910 0.000000 0.017427 0.976099 -0.216627 3.279000 0.001910 0.216627 0.976252 0.000000 0.000000 0.000000 0.000000 1.000000
0.999862 -0.016520 0.001715 0.000000 0.016520 0.978550 -0.205348 3.279000 0.001715 0.205348 0.978688 0.000000 0.000000 0.000000 0.000000 1.000000
0.999869 -0.016100 0.001628 0.000000 0.016100 0.979638 -0.200124 3.279000 0.001628 0.200124 0.979769 0.000000 0.000000 0.000000 0.000000 1.000000
0.999865 -0.016363 0.001682 0.000000 0.016363 0.978959 -0.203398 3.279000 0.001682 0.203398 0.979095 0.000000 0.000000 0.000000 0.000000 1.000000
0.999846 -0.017421 0.001909 0.000000 0.017421 0.976115 -0.216553 3.279000 0.001909 0.216553 0.976269 0.000000 0.000000 0.000000 0.000000 1.000000
0.999837 -0.017917 0.002021 -0.000000 0.017917 0.974720 -0.222711 3.279000 0.002021 0.222711 0.974882 -0.000000 0.000000 0.000000 0.000000 1.000000
0.999838 -0.017891 0.002015 0.000000 0.017891 0.974795 -0.222386 3.279000 0.002015 0.222386 0.974957 0.000000 0.000000 0.000000 0.000000 1.000000
0.999835 -0.018050 0.002051 -0.000000 0.018050 0.974337 -0.224368 3.279000 0.002051 0.224368 0.974502 0.000000 0.000000 0.000000 0.000000 1.000000
0.999818 -0.018956 0.002265 -0.000000 0.018956 0.971658 -0.235631 3.279000 0.002265 0.235631 0.971840 0.000000 0.000000 0.000000 0.000000 1.000000
0.999813 -0.019218 0.002329 0.000000 0.019218 0.970858 -0.238882 3.279000 0.002329 0.238882 0.971046 0.000000 0.000000 0.000000 0.000000 1.000000
0.999821 -0.018785 0.002224 -0.000000 0.018785 0.972175 -0.233500 3.279000 0.002224 0.233500 0.972354 0.000000 0.000000 0.000000 0.000000 1.000000
0.999829 -0.018375 0.002126 0.000000 0.018375 0.973393 -0.228402 3.279000 0.002127 0.228402 0.973565 0.000000 0.000000 0.000000 0.000000 1.000000
0.999828 -0.018435 0.002141 -0.000000 0.018435 0.973216 -0.229153 3.279000 0.002141 0.229153 0.973388 0.000000 0.000000 0.000000 0.000000 1.000000
0.999820 -0.018829 0.002235 -0.000000 0.018829 0.972042 -0.234052 3.279000 0.002235 0.234052 0.972222 0.000000 0.000000 0.000000 0.000000 1.000000
0.999807 -0.019523 0.002405 0.000000 0.019523 0.969912 -0.242674 3.279000 0.002405 0.242674 0.970105 -0.000000 0.000000 0.000000 0.000000 1.000000
0.999789 -0.020366 0.002621 -0.000000 0.020366 0.967212 -0.253154 3.279000 0.002621 0.253154 0.967422 0.000000 0.000000 0.000000 0.000000 1.000000
0.999788 -0.020429 0.002637 0.000000 0.020429 0.967005 -0.253936 3.279000 0.002637 0.253936 0.967217 -0.000000 0.000000 0.000000 0.000000 1.000000
0.999803 -0.019712 0.002453 0.000000 0.019712 0.969316 -0.245027 3.279000 0.002453 0.245027 0.969513 0.000000 0.000000 0.000000 0.000000 1.000000
0.999783 -0.020665 0.002700 -0.000000 0.020665 0.966224 -0.256872 3.279000 0.002700 0.256872 0.966442 -0.000000 0.000000 0.000000 0.000000 1.000000
0.999791 -0.020264 0.002594 -0.000000 0.020264 0.967543 -0.251891 3.279000 0.002594 0.251891 0.967752 0.000000 0.000000 0.000000 0.000000 1.000000</float_array>
        <technique_common>
          <accessor source="#mixamorig_RightHandMiddle3-Matrix-animation-output-transform-array" count="23" stride="16">
            <param type="float4x4"/>
          </accessor>
        </technique_common>
      </source>
      <source id="mixamorig_RightHandMiddle3-Interpolations">
        <Name_array id="mixamorig_RightHandMiddle3-Interpolations-array" count="23">
 LINEAR LINEAR LINEAR LINEAR LINEAR LINEAR LINEAR LINEAR LINEAR LINEAR LINEAR
LINEAR LINEAR LINEAR LINEAR LINEAR LINEAR LINEAR LINEAR LINEAR LINEAR LINEAR LINEAR</Name_array>
        <technique_common>
          <accessor source="#mixamorig_RightHandMiddle3-Interpolations-array" count="23">
            <param type="name"/>
          </accessor>
        </technique_common>
      </source>
      <sampler id="mixamorig_RightHandMiddle3-Matrix-animation-transform">
        <input semantic="INPUT" source="#mixamorig_RightHandMiddle3-Matrix-animation-input"/>
        <input semantic="OUTPUT" source="#mixamorig_RightHandMiddle3-Matrix-animation-output-transform"/>
        <input semantic="INTERPOLATION" source="#mixamorig_RightHandMiddle3-Interpolations"/>
      </sampler>
      <channel source="#mixamorig_RightHandMiddle3-Matrix-animation-transform" target="mixamorig_RightHandMiddle3/matrix"/>
    </animation>
    <animation id="mixamorig_RightHandRing1-anim" name="mixamorig_RightHandRing1">
      <source id="mixamorig_RightHandRing1-Matrix-animation-input">
        <float_array id="mixamorig_RightHandRing1-Matrix-animation-input-array" count="23">

0.000000 0.033333 0.066667 0.100000 0.133333 0.166667 0.200000 0.233333 0.266667 0.300000 0.333333 0.366667 0.400000 0.433333 0.466667 0.500000
0.533333 0.566667 0.600000 0.633333 0.666667 0.700000 0.733333</float_array>
        <technique_common>
          <accessor source="#mixamorig_RightHandRing1-Matrix-animation-input-array" count="23">
            <param name="TIME" type="float"/>
          </accessor>
        </technique_common>
      </source>
      <source id="mixamorig_RightHandRing1-Matrix-animation-output-transform">
        <float_array id="mixamorig_RightHandRing1-Matrix-animation-output-transform-array" count="368">

0.988670 -0.144572 0.040382 -3.988400 0.134892 0.737693 -0.661523 15.764000 0.065848 0.659476 0.748836 0.151600 0.000000 0.000000 0.000000 1.000000
0.984945 -0.168339 0.039310 -3.988400 0.152938 0.742564 -0.652080 15.764000 0.080580 0.648275 0.757131 0.151600 0.000000 0.000000 0.000000 1.000000
0.977976 -0.206025 0.033418 -3.988400 0.185166 0.782542 -0.594425 15.764000 0.096315 0.587522 0.803456 0.151600 0.000000 0.000000 0.000000 1.000000
0.974708 -0.221566 0.029209 -3.988400 0.200619 0.809889 -0.551209 15.764000 0.098473 0.543128 0.833856 0.151600 0.000000 0.000000 0.000000 1.000000
0.978760 -0.202709 0.030613 -3.988400 0.184274 0.804473 -0.564682 15.764000 0.089839 0.558330 0.824740 0.151600 0.000000 0.000000 0.000000 1.000000
0.983417 -0.178178 0.033812 -3.988400 0.162862 0.785616 -0.596895 15.764000 0.079790 0.592504 0.801606 0.151600 0.000000 0.000000 0.000000 1.000000
0.986690 -0.158271 0.037324 -3.988400 0.145982 0.761015 -0.632096 15.764000 0.071638 0.629132 0.773991 0.151600 0.000000 0.000000 0.000000 1.000000
0.988157 -0.148545 0.038485 -3.988400 0.138269 0.753181 -0.643118 15.764000 0.066546 0.640822 0.764800 0.151600 0.000000 0.000000 0.000000 1.000000
0.983500 -0.178075 0.031885 -3.988400 0.163801 0.801749 -0.574776 15.764000 0.076789 0.570515 0.817689 0.151600 0.000000 0.000000 0.000000 1.000000
0.983644 -0.177404 0.031185 -3.988400 0.163549 0.807097 -0.567314 15.764000 0.075475 0.563135 0.822911 0.151600 0.000000 0.000000 0.000000 1.000000
0.990332 -0.133218 0.038676 -3.988400 0.126779 0.756042 -0.642127 15.764000 0.056302 0.640823 0.765622 0.151600 0.000000 0.000000 0.000000 1.000000
0.995724 -0.079884 0.046385 -3.988400 0.088958 0.693931 -0.714525 15.764000 0.024891 0.715596 0.698070 0.151600 0.000000 0.000000 0.000000 1.000000
0.997846 -0.040876 0.051313 -3.988400 0.065553 0.652249 -0.755165 15.764000 -0.002601 0.756901 0.653524 0.151600 0.000000 0.000000 0.000000 1.000000
0.998297 0.023501 0.053400 -3.988400 0.026583 0.631529 -0.774897 15.764000 -0.051934 0.774996 0.629828 0.151600 0.000000 0.000000 0.000000 1.000000
0.994991 0.085613 0.051612 -3.988400 -0.015474 0.641969 -0.766575 15.764000 -0.098762 0.761936 0.640078 0.151600 0.000000 0.000000 0.000000 1.000000
0.993915 0.097768 0.050729 -3.988400 -0.024940 0.648365 -0.760921 15.764000 -0.107285 0.755026 0.646859 0.151600 0.000000 0.000000 0.000000 1.000000
0.998220 0.033643 0.049251 -3.988400 0.014024 0.670197 -0.742051 15.764000 -0.057973 0.741420 0.668532 0.151600 0.000000 0.000000 0.000000 1.000000
0.998724 -0.013097 0.048770 -3.988400 0.044806 0.675271 -0.736207 15.764000 -0.023291 0.737453 0.674997 0.151600 0.000000 0.000000 0.000000 1.000000
0.997744 -0.047641 0.047307 -3.988400 0.067125 0.693562 -0.717263 15.764000 0.001361 0.718820 0.695195 0.151600 0.000000 0.000000 0.000000 1.000000
0.982495 -0.183751 0.030651 -3.988400 0.169239 0.811639 -0.559106 15.764000 0.077859 0.554506 0.828529 0.151600 0.000000 0.000000 0.000000 1.000000
0.978244 -0.205398 0.029172 -3.988400 0.187461 0.814930 -0.548405 15.764000 0.088868 0.541942 0.835704 0.151600 0.000000 0.000000 0.000000 1.000000
0.985720 -0.164464 0.036163 -3.988400 0.151209 0.769966 -0.619909 15.764000 0.074109 0.616525 0.783840 0.151600 0.000000 0.000000 0.000000 1.000000
0.988670 -0.144572 0.040382 -3.988400 0.134892 0.737693 -0.661523 15.764000 0.065848 0.659476 0.748836 0.151600 0.000000 0.000000 0.000000 1.000000</float_array>
        <technique_common>
          <accessor source="#mixamorig_RightHandRing1-Matrix-animation-output-transform-array" count="23" stride="16">
            <param type="float4x4"/>
          </accessor>
        </technique_common>
      </source>
      <source id="mixamorig_RightHandRing1-Interpolations">
        <Name_array id="mixamorig_RightHandRing1-Interpolations-array" count="23">
 LINEAR LINEAR LINEAR LINEAR LINEAR LINEAR LINEAR LINEAR LINEAR LINEAR LINEAR
LINEAR LINEAR LINEAR LINEAR LINEAR LINEAR LINEAR LINEAR LINEAR LINEAR LINEAR LINEAR</Name_array>
        <technique_common>
          <accessor source="#mixamorig_RightHandRing1-Interpolations-array" count="23">
            <param type="name"/>
          </accessor>
        </technique_common>
      </source>
      <sampler id="mixamorig_RightHandRing1-Matrix-animation-transform">
        <input semantic="INPUT" source="#mixamorig_RightHandRing1-Matrix-animation-input"/>
        <input semantic="OUTPUT" source="#mixamorig_RightHandRing1-Matrix-animation-output-transform"/>
        <input semantic="INTERPOLATION" source="#mixamorig_RightHandRing1-Interpolations"/>
      </sampler>
      <channel source="#mixamorig_RightHandRing1-Matrix-animation-transform" target="mixamorig_RightHandRing1/matrix"/>
    </animation>
    <animation id="mixamorig_RightHandRing2-anim" name="mixamorig_RightHandRing2">
      <source id="mixamorig_RightHandRing2-Matrix-animation-input">
        <float_array id="mixamorig_RightHandRing2-Matrix-animation-input-array" count="23">

0.000000 0.033333 0.066667 0.100000 0.133333 0.166667 0.200000 0.233333 0.266667 0.300000 0.333333 0.366667 0.400000 0.433333 0.466667 0.500000
0.533333 0.566667 0.600000 0.633333 0.666667 0.700000 0.733333</float_array>
        <technique_common>
          <accessor source="#mixamorig_RightHandRing2-Matrix-animation-input-array" count="23">
            <param name="TIME" type="float"/>
          </accessor>
        </technique_common>
      </source>
      <source id="mixamorig_RightHandRing2-Matrix-animation-output-transform">
        <float_array id="mixamorig_RightHandRing2-Matrix-animation-output-transform-array" count="368">

0.998907 -0.044722 0.013585 -0.000000 0.044722 0.830043 -0.555904 3.498000 0.013585 0.555904 0.831135 -0.000000 0.000000 0.000000 0.000000 1.000000
0.998783 -0.046946 0.015129 0.000000 0.046946 0.810720 -0.583549 3.498000 0.015130 0.583549 0.811937 -0.000000 0.000000 0.000000 0.000000 1.000000
0.998623 -0.049586 0.017113 0.000000 0.049586 0.785900 -0.616362 3.498000 0.017113 0.616362 0.787277 0.000000 0.000000 0.000000 0.000000 1.000000
0.998554 -0.050657 0.017969 0.000000 0.050657 0.775204 -0.629677 3.498000 0.017968 0.629677 0.776649 0.000000 0.000000 0.000000 0.000000 1.000000
0.998648 -0.049189 0.016804 0.000000 0.049189 0.789767 -0.611431 3.498000 0.016804 0.611431 0.791119 -0.000000 0.000000 0.000000 0.000000 1.000000
0.998750 -0.047514 0.015542 -0.000000 0.047514 0.805561 -0.590605 3.498000 0.015542 0.590605 0.806811 -0.000000 0.000000 0.000000 0.000000 1.000000
0.998787 -0.046872 0.015077 0.000000 0.046872 0.811382 -0.582635 3.498000 0.015076 0.582635 0.812594 -0.000000 0.000000 0.000000 0.000000 1.000000
0.998819 -0.046312 0.014678 0.000000 0.046312 0.816368 -0.575672 3.498000 0.014678 0.575672 0.817549 -0.000000 0.000000 0.000000 0.000000 1.000000
0.998907 -0.044726 0.013588 -0.000000 0.044726 0.830008 -0.555956 3.498000 0.013588 0.555956 0.831101 0.000000 0.000000 0.000000 0.000000 1.000000
0.999007 -0.042804 0.012340 0.000000 0.042804 0.845624 -0.532060 3.498000 0.012339 0.532060 0.846617 -0.000000 0.000000 0.000000 0.000000 1.000000
0.999066 -0.041626 0.011613 0.000000 0.041626 0.854717 -0.517423 3.498000 0.011613 0.517423 0.855651 0.000000 0.000000 0.000000 0.000000 1.000000
0.999021 -0.042534 0.012171 -0.000000 0.042534 0.847739 -0.528705 3.498000 0.012170 0.528705 0.848719 0.000000 0.000000 0.000000 0.000000 1.000000
0.998957 -0.043784 0.012966 -0.000000 0.043784 0.837780 -0.544249 3.498000 0.012967 0.544249 0.838823 0.000000 0.000000 0.000000 0.000000 1.000000
0.998897 -0.044907 0.013709 0.000000 0.044907 0.828489 -0.558202 3.498000 0.013709 0.558202 0.829592 0.000000 0.000000 0.000000 0.000000 1.000000
0.998822 -0.046258 0.014640 0.000000 0.046258 0.816846 -0.574998 3.498000 0.014640 0.574998 0.818024 0.000000 0.000000 0.000000 0.000000 1.000000
0.998821 -0.046285 0.014659 0.000000 0.046285 0.816614 -0.575326 3.498000 0.014658 0.575326 0.817793 0.000000 0.000000 0.000000 0.000000 1.000000
0.998873 -0.045339 0.014003 0.000000 0.045340 0.824817 -0.563578 3.498000 0.014002 0.563578 0.825944 0.000000 0.000000 0.000000 0.000000 1.000000
0.998892 -0.044994 0.013768 0.000000 0.044994 0.827753 -0.559286 3.498000 0.013768 0.559286 0.828860 0.000000 0.000000 0.000000 0.000000 1.000000
0.998934 -0.044211 0.013246 -0.000000 0.044211 0.834289 -0.549552 3.498000 0.013246 0.549552 0.835354 0.000000 0.000000 0.000000 0.000000 1.000000
0.999084 -0.041250 0.011387 0.000000 0.041250 0.857546 -0.512750 3.498000 0.011386 0.512750 0.858462 0.000000 0.000000 0.000000 0.000000 1.000000
0.999107 -0.040760 0.011096 0.000000 0.040760 0.861184 -0.506656 3.498000 0.011096 0.506656 0.862077 0.000000 0.000000 0.000000 0.000000 1.000000
0.998948 -0.043960 0.013081 0.000000 0.043960 0.836351 -0.546428 3.498000 0.013081 0.546428 0.837404 0.000000 0.000000 0.000000 0.000000 1.000000
0.998907 -0.044722 0.013585 0.000000 0.044722 0.830043 -0.555904 3.498000 0.013585 0.555904 0.831136 -0.000000 0.000000 0.000000 0.000000 1.000000</float_array>
        <technique_common>
          <accessor source="#mixamorig_RightHandRing2-Matrix-animation-output-transform-array" count="23" stride="16">
            <param type="float4x4"/>
          </accessor>
        </technique_common>
      </source>
      <source id="mixamorig_RightHandRing2-Interpolations">
        <Name_array id="mixamorig_RightHandRing2-Interpolations-array" count="23">
 LINEAR LINEAR LINEAR LINEAR LINEAR LINEAR LINEAR LINEAR LINEAR LINEAR LINEAR
LINEAR LINEAR LINEAR LINEAR LINEAR LINEAR LINEAR LINEAR LINEAR LINEAR LINEAR LINEAR</Name_array>
        <technique_common>
          <accessor source="#mixamorig_RightHandRing2-Interpolations-array" count="23">
            <param type="name"/>
          </accessor>
        </technique_common>
      </source>
      <sampler id="mixamorig_RightHandRing2-Matrix-animation-transform">
        <input semantic="INPUT" source="#mixamorig_RightHandRing2-Matrix-animation-input"/>
        <input semantic="OUTPUT" source="#mixamorig_RightHandRing2-Matrix-animation-output-transform"/>
        <input semantic="INTERPOLATION" source="#mixamorig_RightHandRing2-Interpolations"/>
      </sampler>
      <channel source="#mixamorig_RightHandRing2-Matrix-animation-transform" target="mixamorig_RightHandRing2/matrix"/>
    </animation>
    <animation id="mixamorig_RightHandRing3-anim" name="mixamorig_RightHandRing3">
      <source id="mixamorig_RightHandRing3-Matrix-animation-input">
        <float_array id="mixamorig_RightHandRing3-Matrix-animation-input-array" count="23">

0.000000 0.033333 0.066667 0.100000 0.133333 0.166667 0.200000 0.233333 0.266667 0.300000 0.333333 0.366667 0.400000 0.433333 0.466667 0.500000
0.533333 0.566667 0.600000 0.633333 0.666667 0.700000 0.733333</float_array>
        <technique_common>
          <accessor source="#mixamorig_RightHandRing3-Matrix-animation-input-array" count="23">
            <param name="TIME" type="float"/>
          </accessor>
        </technique_common>
      </source>
      <source id="mixamorig_RightHandRing3-Matrix-animation-output-transform">
        <float_array id="mixamorig_RightHandRing3-Matrix-animation-output-transform-array" count="368">

0.999713 -0.023680 0.003564 -0.000000 0.023680 0.955406 -0.294344 2.984000 0.003565 0.294344 0.955693 -0.000000 0.000000 0.000000 0.000000 1.000000
0.999720 -0.023408 0.003481 0.000000 0.023408 0.956446 -0.290969 2.984000 0.003481 0.290969 0.956726 0.000000 0.000000 0.000000 0.000000 1.000000
0.999723 -0.023298 0.003448 0.000000 0.023298 0.956863 -0.289602 2.984000 0.003448 0.289602 0.957141 0.000000 0.000000 0.000000 0.000000 1.000000
0.999722 -0.023314 0.003453 0.000000 0.023314 0.956803 -0.289802 2.984000 0.003453 0.289802 0.957080 -0.000000 0.000000 0.000000 0.000000 1.000000
0.999722 -0.023321 0.003455 0.000000 0.023321 0.956776 -0.289890 2.984000 0.003455 0.289890 0.957054 -0.000000 0.000000 0.000000 0.000000 1.000000
0.999720 -0.023418 0.003484 0.000000 0.023418 0.956409 -0.291090 2.984000 0.003485 0.291090 0.956689 0.000000 0.000000 0.000000 0.000000 1.000000
0.999715 -0.023616 0.003545 0.000000 0.023616 0.955653 -0.293545 2.984000 0.003545 0.293545 0.955939 -0.000000 0.000000 0.000000 0.000000 1.000000
0.999706 -0.023955 0.003650 0.000000 0.023955 0.954339 -0.297762 2.984000 0.003650 0.297762 0.954633 -0.000000 0.000000 0.000000 0.000000 1.000000
0.999704 -0.024038 0.003676 0.000000 0.024038 0.954015 -0.298794 2.984000 0.003676 0.298794 0.954310 0.000000 0.000000 0.000000 0.000000 1.000000
0.999705 -0.024024 0.003671 0.000000 0.024024 0.954069 -0.298622 2.984000 0.003671 0.298622 0.954364 0.000000 0.000000 0.000000 0.000000 1.000000
0.999703 -0.024108 0.003698 0.000000 0.024108 0.953738 -0.299670 2.984000 0.003698 0.299670 0.954036 0.000000 0.000000 0.000000 0.000000 1.000000
0.999695 -0.024394 0.003788 0.000000 0.024394 0.952605 -0.303230 2.984000 0.003789 0.303230 0.952910 0.000000 0.000000 0.000000 0.000000 1.000000
0.999688 -0.024676 0.003879 0.000000 0.024676 0.951476 -0.306731 2.984000 0.003879 0.306731 0.951788 0.000000 0.000000 0.000000 0.000000 1.000000
0.999675 -0.025176 0.004041 0.000000 0.025176 0.949440 -0.312938 2.984000 0.004041 0.312938 0.949765 0.000000 0.000000 0.000000 0.000000 1.000000
0.999653 -0.025995 0.004316 -0.000000 0.025995 0.946000 -0.323122 2.984000 0.004316 0.323122 0.946348 0.000000 0.000000 0.000000 0.000000 1.000000
0.999652 -0.026037 0.004331 -0.000000 0.026037 0.945818 -0.323652 2.984000 0.004331 0.323652 0.946166 0.000000 0.000000 0.000000 0.000000 1.000000
0.999672 -0.025294 0.004080 0.000000 0.025294 0.948949 -0.314414 2.984000 0.004081 0.314414 0.949277 -0.000000 0.000000 0.000000 0.000000 1.000000
0.999677 -0.025104 0.004018 0.000000 0.025104 0.949733 -0.312054 2.984000 0.004018 0.312054 0.950056 0.000000 0.000000 0.000000 0.000000 1.000000
0.999661 -0.025676 0.004208 0.000000 0.025676 0.947353 -0.319161 2.984000 0.004208 0.319161 0.947691 -0.000000 0.000000 0.000000 0.000000 1.000000
0.999665 -0.025535 0.004161 0.000000 0.025535 0.947946 -0.317407 2.984000 0.004161 0.317407 0.948280 0.000000 0.000000 0.000000 0.000000 1.000000
0.999703 -0.024096 0.003694 0.000000 0.024096 0.953785 -0.299524 2.984000 0.003694 0.299524 0.954082 0.000000 0.000000 0.000000 0.000000 1.000000
0.999711 -0.023779 0.003595 0.000000 0.023779 0.955022 -0.295580 2.984000 0.003595 0.295580 0.955311 0.000000 0.000000 0.000000 0.000000 1.000000
0.999713 -0.023680 0.003564 -0.000000 0.023680 0.955406 -0.294344 2.984000 0.003565 0.294344 0.955693 0.000000 0.000000 0.000000 0.000000 1.000000</float_array>
        <technique_common>
          <accessor source="#mixamorig_RightHandRing3-Matrix-animation-output-transform-array" count="23" stride="16">
            <param type="float4x4"/>
          </accessor>
        </technique_common>
      </source>
      <source id="mixamorig_RightHandRing3-Interpolations">
        <Name_array id="mixamorig_RightHandRing3-Interpolations-array" count="23">
 LINEAR LINEAR LINEAR LINEAR LINEAR LINEAR LINEAR LINEAR LINEAR LINEAR LINEAR
LINEAR LINEAR LINEAR LINEAR LINEAR LINEAR LINEAR LINEAR LINEAR LINEAR LINEAR LINEAR</Name_array>
        <technique_common>
          <accessor source="#mixamorig_RightHandRing3-Interpolations-array" count="23">
            <param type="name"/>
          </accessor>
        </technique_common>
      </source>
      <sampler id="mixamorig_RightHandRing3-Matrix-animation-transform">
        <input semantic="INPUT" source="#mixamorig_RightHandRing3-Matrix-animation-input"/>
        <input semantic="OUTPUT" source="#mixamorig_RightHandRing3-Matrix-animation-output-transform"/>
        <input semantic="INTERPOLATION" source="#mixamorig_RightHandRing3-Interpolations"/>
      </sampler>
      <channel source="#mixamorig_RightHandRing3-Matrix-animation-transform" target="mixamorig_RightHandRing3/matrix"/>
    </animation>
    <animation id="mixamorig_RightHandPinky1-anim" name="mixamorig_RightHandPinky1">
      <source id="mixamorig_RightHandPinky1-Matrix-animation-input">
        <float_array id="mixamorig_RightHandPinky1-Matrix-animation-input-array" count="23">

0.000000 0.033333 0.066667 0.100000 0.133333 0.166667 0.200000 0.233333 0.266667 0.300000 0.333333 0.366667 0.400000 0.433333 0.466667 0.500000
0.533333 0.566667 0.600000 0.633333 0.666667 0.700000 0.733333</float_array>
        <technique_common>
          <accessor source="#mixamorig_RightHandPinky1-Matrix-animation-input-array" count="23">
            <param name="TIME" type="float"/>
          </accessor>
        </technique_common>
      </source>
      <source id="mixamorig_RightHandPinky1-Matrix-animation-output-transform">
        <float_array id="mixamorig_RightHandPinky1-Matrix-animation-output-transform-array" count="368">

0.996194 -0.074645 0.045016 -6.663900 0.084690 0.706544 -0.702583 12.707500 0.020638 0.703722 0.710176 0.878800 0.000000 0.000000 0.000000 1.000000
0.993813 -0.093134 0.060506 -6.663900 0.107939 0.681652 -0.723671 12.707500 0.026154 0.725725 0.687488 0.878800 0.000000 0.000000 0.000000 1.000000
0.988266 -0.127525 0.084068 -6.663900 0.149956 0.705403 -0.692763 12.707500 0.029043 0.697240 0.716249 0.878800 0.000000 0.000000 0.000000 1.000000
0.984903 -0.145050 0.094481 -6.663900 0.171233 0.736229 -0.654711 12.707500 0.025406 0.661005 0.749952 0.878800 0.000000 0.000000 0.000000 1.000000
0.986846 -0.135763 0.087767 -6.663900 0.159825 0.737696 -0.655943 12.707500 0.024307 0.661342 0.749690 0.878800 0.000000 0.000000 0.000000 1.000000
0.992945 -0.100339 0.063183 -6.663900 0.116263 0.719164 -0.685044 12.707500 0.023297 0.687557 0.725757 0.878800 0.000000 0.000000 0.000000 1.000000
0.996946 -0.060936 0.048841 -6.663900 0.077187 0.673816 -0.734857 12.707500 0.011869 0.736383 0.676461 0.878800 0.000000 0.000000 0.000000 1.000000
0.998209 -0.032278 0.050369 -6.663900 0.059124 0.660710 -0.748309 12.707500 -0.009125 0.749947 0.661435 0.878800 0.000000 0.000000 0.000000 1.000000
0.996697 -0.069428 0.042131 -6.663900 0.080135 0.756602 -0.648946 12.707500 0.013179 0.650179 0.759667 0.878800 0.000000 0.000000 0.000000 1.000000
0.995711 -0.081168 0.044408 -6.663900 0.091238 0.781712 -0.616929 12.707500 0.015361 0.618334 0.785765 0.878800 0.000000 0.000000 0.000000 1.000000
0.997765 -0.051254 0.042868 -6.663900 0.066710 0.727635 -0.682713 12.707500 0.003800 0.684047 0.729428 0.878800 0.000000 0.000000 0.000000 1.000000
0.998699 -0.018185 0.047636 -6.663900 0.047137 0.685481 -0.726563 12.707500 -0.019441 0.727863 0.685447 0.878800 0.000000 0.000000 0.000000 1.000000
0.998560 0.020183 0.049701 -6.663900 0.023647 0.666011 -0.745567 12.707500 -0.048149 0.745669 0.664574 0.878800 0.000000 0.000000 0.000000 1.000000
0.995719 0.079235 0.047593 -6.663900 -0.018839 0.678078 -0.734749 12.707500 -0.090490 0.730707 0.676668 0.878800 0.000000 0.000000 0.000000 1.000000
0.988427 0.145743 0.042084 -6.663900 -0.075863 0.715140 -0.694852 12.707500 -0.131365 0.683618 0.717920 0.878800 0.000000 0.000000 0.000000 1.000000
0.988841 0.142949 0.041953 -6.663900 -0.074250 0.717023 -0.693084 12.707500 -0.129157 0.682235 0.719635 0.878800 0.000000 0.000000 0.000000 1.000000
0.996401 0.071835 0.044999 -6.663900 -0.018503 0.702387 -0.711555 12.707500 -0.082721 0.708162 0.701188 0.878800 0.000000 0.000000 0.000000 1.000000
0.998089 0.038852 0.048041 -6.663900 0.008809 0.680122 -0.733046 12.707500 -0.061154 0.732068 0.678481 0.878800 0.000000 0.000000 0.000000 1.000000
0.998362 0.032193 0.047291 -6.663900 0.011936 0.691237 -0.722529 12.707500 -0.055950 0.721910 0.689721 0.878800 0.000000 0.000000 0.000000 1.000000
0.994934 -0.085971 0.052117 -6.663900 0.100331 0.816109 -0.569121 12.707500 0.006395 0.571467 0.820600 0.878800 0.000000 0.000000 0.000000 1.000000
0.988118 -0.129613 0.082609 -6.663900 0.153700 0.832526 -0.532238 12.707500 0.000211 0.538610 0.842555 0.878800 0.000000 0.000000 0.000000 1.000000
0.992379 -0.103986 0.066118 -6.663900 0.122154 0.759541 -0.638886 12.707500 0.016216 0.642093 0.766455 0.878800 0.000000 0.000000 0.000000 1.000000
0.996194 -0.074645 0.045016 -6.663900 0.084690 0.706544 -0.702583 12.707500 0.020639 0.703721 0.710176 0.878800 0.000000 0.000000 0.000000 1.000000</float_array>
        <technique_common>
          <accessor source="#mixamorig_RightHandPinky1-Matrix-animation-output-transform-array" count="23" stride="16">
            <param type="float4x4"/>
          </accessor>
        </technique_common>
      </source>
      <source id="mixamorig_RightHandPinky1-Interpolations">
        <Name_array id="mixamorig_RightHandPinky1-Interpolations-array" count="23">
 LINEAR LINEAR LINEAR LINEAR LINEAR LINEAR LINEAR LINEAR LINEAR LINEAR LINEAR
LINEAR LINEAR LINEAR LINEAR LINEAR LINEAR LINEAR LINEAR LINEAR LINEAR LINEAR LINEAR</Name_array>
        <technique_common>
          <accessor source="#mixamorig_RightHandPinky1-Interpolations-array" count="23">
            <param type="name"/>
          </accessor>
        </technique_common>
      </source>
      <sampler id="mixamorig_RightHandPinky1-Matrix-animation-transform">
        <input semantic="INPUT" source="#mixamorig_RightHandPinky1-Matrix-animation-input"/>
        <input semantic="OUTPUT" source="#mixamorig_RightHandPinky1-Matrix-animation-output-transform"/>
        <input semantic="INTERPOLATION" source="#mixamorig_RightHandPinky1-Interpolations"/>
      </sampler>
      <channel source="#mixamorig_RightHandPinky1-Matrix-animation-transform" target="mixamorig_RightHandPinky1/matrix"/>
    </animation>
    <animation id="mixamorig_RightHandPinky2-anim" name="mixamorig_RightHandPinky2">
      <source id="mixamorig_RightHandPinky2-Matrix-animation-input">
        <float_array id="mixamorig_RightHandPinky2-Matrix-animation-input-array" count="23">

0.000000 0.033333 0.066667 0.100000 0.133333 0.166667 0.200000 0.233333 0.266667 0.300000 0.333333 0.366667 0.400000 0.433333 0.466667 0.500000
0.533333 0.566667 0.600000 0.633333 0.666667 0.700000 0.733333</float_array>
        <technique_common>
          <accessor source="#mixamorig_RightHandPinky2-Matrix-animation-input-array" count="23">
            <param name="TIME" type="float"/>
          </accessor>
        </technique_common>
      </source>
      <source id="mixamorig_RightHandPinky2-Matrix-animation-output-transform">
        <float_array id="mixamorig_RightHandPinky2-Matrix-animation-output-transform-array" count="368">

0.998604 -0.049891 0.017355 0.000000 0.049891 0.782880 -0.620169 3.377000 0.017354 0.620169 0.784276 0.000000 0.000000 0.000000 0.000000 1.000000
0.998361 -0.053484 0.020377 0.000000 0.053484 0.745074 -0.664834 3.377000 0.020376 0.664834 0.746713 0.000000 0.000000 0.000000 0.000000 1.000000
0.998178 -0.055927 0.022649 0.000000 0.055927 0.716638 -0.695199 3.377000 0.022649 0.695199 0.718460 0.000000 0.000000 0.000000 0.000000 1.000000
0.998148 -0.056305 0.023018 0.000000 0.056305 0.712025 -0.699893 3.377000 0.023018 0.699893 0.713876 -0.000000 0.000000 0.000000 0.000000 1.000000
0.998203 -0.055605 0.022339 0.000000 0.055605 0.720523 -0.691198 3.377000 0.022338 0.691198 0.722320 -0.000000 0.000000 0.000000 0.000000 1.000000
0.998309 -0.054193 0.021017 0.000000 0.054193 0.737063 -0.673647 3.377000 0.021016 0.673647 0.738754 0.000000 0.000000 0.000000 0.000000 1.000000
0.998451 -0.052206 0.019260 0.000000 0.052206 0.759042 -0.648945 3.377000 0.019260 0.648945 0.760592 -0.000000 0.000000 0.000000 0.000000 1.000000
0.998671 -0.048822 0.016523 0.000000 0.048822 0.793289 -0.606884 3.377000 0.016522 0.606884 0.794618 0.000000 0.000000 0.000000 0.000000 1.000000
0.998978 -0.043386 0.012710 -0.000000 0.043386 0.840990 -0.539308 3.377000 0.012710 0.539308 0.842013 -0.000000 0.000000 0.000000 0.000000 1.000000
0.999092 -0.041086 0.011289 0.000000 0.041086 0.858762 -0.510724 3.377000 0.011289 0.510724 0.859671 0.000000 0.000000 0.000000 0.000000 1.000000
0.999049 -0.041978 0.011827 -0.000000 0.041978 0.852033 -0.521802 3.377000 0.011827 0.521802 0.852985 0.000000 0.000000 0.000000 0.000000 1.000000
0.999004 -0.042865 0.012378 0.000000 0.042865 0.845135 -0.532831 3.377000 0.012378 0.532831 0.846131 -0.000000 0.000000 0.000000 0.000000 1.000000
0.998949 -0.043927 0.013060 0.000000 0.043927 0.836606 -0.546041 3.377000 0.013060 0.546041 0.837657 0.000000 0.000000 0.000000 0.000000 1.000000
0.998936 -0.044175 0.013222 0.000000 0.044175 0.834581 -0.549111 3.377000 0.013222 0.549111 0.835645 0.000000 0.000000 0.000000 0.000000 1.000000
0.998977 -0.043400 0.012719 0.000000 0.043400 0.840878 -0.539482 3.377000 0.012718 0.539482 0.841901 0.000000 0.000000 0.000000 0.000000 1.000000
0.998935 -0.044198 0.013237 0.000000 0.044198 0.834394 -0.549393 3.377000 0.013237 0.549393 0.835459 0.000000 0.000000 0.000000 0.000000 1.000000
0.998824 -0.046234 0.014624 0.000000 0.046235 0.817043 -0.574719 3.377000 0.014623 0.574719 0.818220 0.000000 0.000000 0.000000 0.000000 1.000000
0.998801 -0.046630 0.014904 0.000000 0.046630 0.813540 -0.579636 3.377000 0.014903 0.579636 0.814739 0.000000 0.000000 0.000000 0.000000 1.000000
0.998995 -0.043054 0.012499 0.000000 0.043054 0.843634 -0.535189 3.377000 0.012498 0.535189 0.844640 0.000000 0.000000 0.000000 0.000000 1.000000
0.999288 -0.036687 0.008856 0.000000 0.036687 0.889205 -0.456036 3.377000 0.008856 0.456036 0.889917 0.000000 0.000000 0.000000 0.000000 1.000000
0.999176 -0.039283 0.010248 0.000000 0.039283 0.871786 -0.488309 3.377000 0.010248 0.488309 0.872611 0.000000 0.000000 0.000000 0.000000 1.000000
0.998772 -0.047131 0.015264 0.000000 0.047131 0.809039 -0.585862 3.377000 0.015263 0.585862 0.810267 0.000000 0.000000 0.000000 0.000000 1.000000
0.998604 -0.049891 0.017355 -0.000000 0.049891 0.782880 -0.620169 3.377000 0.017354 0.620169 0.784276 -0.000000 0.000000 0.000000 0.000000 1.000000</float_array>
        <technique_common>
          <accessor source="#mixamorig_RightHandPinky2-Matrix-animation-output-transform-array" count="23" stride="16">
            <param type="float4x4"/>
          </accessor>
        </technique_common>
      </source>
      <source id="mixamorig_RightHandPinky2-Interpolations">
        <Name_array id="mixamorig_RightHandPinky2-Interpolations-array" count="23">
 LINEAR LINEAR LINEAR LINEAR LINEAR LINEAR LINEAR LINEAR LINEAR LINEAR LINEAR
LINEAR LINEAR LINEAR LINEAR LINEAR LINEAR LINEAR LINEAR LINEAR LINEAR LINEAR LINEAR</Name_array>
        <technique_common>
          <accessor source="#mixamorig_RightHandPinky2-Interpolations-array" count="23">
            <param type="name"/>
          </accessor>
        </technique_common>
      </source>
      <sampler id="mixamorig_RightHandPinky2-Matrix-animation-transform">
        <input semantic="INPUT" source="#mixamorig_RightHandPinky2-Matrix-animation-input"/>
        <input semantic="OUTPUT" source="#mixamorig_RightHandPinky2-Matrix-animation-output-transform"/>
        <input semantic="INTERPOLATION" source="#mixamorig_RightHandPinky2-Interpolations"/>
      </sampler>
      <channel source="#mixamorig_RightHandPinky2-Matrix-animation-transform" target="mixamorig_RightHandPinky2/matrix"/>
    </animation>
    <animation id="mixamorig_RightHandPinky3-anim" name="mixamorig_RightHandPinky3">
      <source id="mixamorig_RightHandPinky3-Matrix-animation-input">
        <float_array id="mixamorig_RightHandPinky3-Matrix-animation-input-array" count="23">

0.000000 0.033333 0.066667 0.100000 0.133333 0.166667 0.200000 0.233333 0.266667 0.300000 0.333333 0.366667 0.400000 0.433333 0.466667 0.500000
0.533333 0.566667 0.600000 0.633333 0.666667 0.700000 0.733333</float_array>
        <technique_common>
          <accessor source="#mixamorig_RightHandPinky3-Matrix-animation-input-array" count="23">
            <param name="TIME" type="float"/>
          </accessor>
        </technique_common>
      </source>
      <source id="mixamorig_RightHandPinky3-Matrix-animation-output-transform">
        <float_array id="mixamorig_RightHandPinky3-Matrix-animation-output-transform-array" count="368">

0.999342 -0.035332 0.008177 0.000000 0.035332 0.897697 -0.439195 2.998000 0.008177 0.439195 0.898355 0.000000 0.000000 0.000000 0.000000 1.000000
0.999319 -0.035907 0.008461 -0.000000 0.035907 0.894144 -0.446339 2.998000 0.008461 0.446339 0.894824 0.000000 0.000000 0.000000 0.000000 1.000000
0.999291 -0.036611 0.008817 0.000000 0.036611 0.889689 -0.455097 2.998000 0.008817 0.455097 0.890398 -0.000000 0.000000 0.000000 0.000000 1.000000
0.999276 -0.036977 0.009005 0.000000 0.036977 0.887337 -0.459636 2.998000 0.009005 0.459636 0.888062 0.000000 0.000000 0.000000 0.000000 1.000000
0.999277 -0.036946 0.008989 0.000000 0.036946 0.887535 -0.459257 2.998000 0.008989 0.459257 0.888258 0.000000 0.000000 0.000000 0.000000 1.000000
0.999284 -0.036780 0.008904 0.000000 0.036780 0.888606 -0.457195 2.998000 0.008904 0.457195 0.889322 0.000000 0.000000 0.000000 0.000000 1.000000
0.999297 -0.036462 0.008741 0.000000 0.036462 0.890640 -0.453245 2.998000 0.008741 0.453245 0.891343 0.000000 0.000000 0.000000 0.000000 1.000000
0.999310 -0.036138 0.008577 0.000000 0.036138 0.892691 -0.449218 2.998000 0.008577 0.449218 0.893381 0.000000 0.000000 0.000000 0.000000 1.000000
0.999332 -0.035590 0.008304 0.000000 0.035590 0.896108 -0.442408 2.998000 0.008304 0.442408 0.896776 0.000000 0.000000 0.000000 0.000000 1.000000
0.999347 -0.035201 0.008113 0.000000 0.035201 0.898496 -0.437568 2.998000 0.008113 0.437568 0.899149 0.000000 0.000000 0.000000 0.000000 1.000000
0.999355 -0.034991 0.008011 0.000000 0.034991 0.899768 -0.434963 2.998000 0.008012 0.434963 0.900413 -0.000000 0.000000 0.000000 0.000000 1.000000
0.999365 -0.034758 0.007899 0.000000 0.034758 0.901175 -0.432059 2.998000 0.007899 0.432059 0.901811 0.000000 0.000000 0.000000 0.000000 1.000000
0.999367 -0.034694 0.007868 0.000000 0.034693 0.901560 -0.431261 2.998000 0.007868 0.431261 0.902193 -0.000000 0.000000 0.000000 0.000000 1.000000
0.999379 -0.034371 0.007715 -0.000000 0.034371 0.903479 -0.427253 2.998000 0.007715 0.427253 0.904099 -0.000000 0.000000 0.000000 0.000000 1.000000
0.999366 -0.034711 0.007876 -0.000000 0.034711 0.901457 -0.431474 2.998000 0.007877 0.431474 0.902091 0.000000 0.000000 0.000000 0.000000 1.000000
0.999378 -0.034416 0.007736 -0.000000 0.034416 0.903215 -0.427807 2.998000 0.007736 0.427807 0.903837 -0.000000 0.000000 0.000000 0.000000 1.000000
0.999402 -0.033773 0.007435 0.000000 0.033773 0.906980 -0.419818 2.998000 0.007435 0.419818 0.907578 0.000000 0.000000 0.000000 0.000000 1.000000
0.999402 -0.033773 0.007435 -0.000000 0.033773 0.906984 -0.419809 2.998000 0.007435 0.419809 0.907582 -0.000000 0.000000 0.000000 0.000000 1.000000
0.999382 -0.034314 0.007688 0.000000 0.034314 0.903816 -0.426542 2.998000 0.007688 0.426542 0.904435 0.000000 0.000000 0.000000 0.000000 1.000000
0.999387 -0.034160 0.007615 0.000000 0.034160 0.904724 -0.424627 2.998000 0.007615 0.424627 0.905336 0.000000 0.000000 0.000000 0.000000 1.000000
0.999385 -0.034210 0.007639 0.000000 0.034209 0.904434 -0.425240 2.998000 0.007639 0.425240 0.905048 -0.000000 0.000000 0.000000 0.000000 1.000000
0.999348 -0.035178 0.008102 0.000000 0.035178 0.898636 -0.437282 2.998000 0.008102 0.437282 0.899288 0.000000 0.000000 0.000000 0.000000 1.000000
0.999342 -0.035332 0.008177 -0.000000 0.035332 0.897697 -0.439195 2.998000 0.008177 0.439195 0.898355 0.000000 0.000000 0.000000 0.000000 1.000000</float_array>
        <technique_common>
          <accessor source="#mixamorig_RightHandPinky3-Matrix-animation-output-transform-array" count="23" stride="16">
            <param type="float4x4"/>
          </accessor>
        </technique_common>
      </source>
      <source id="mixamorig_RightHandPinky3-Interpolations">
        <Name_array id="mixamorig_RightHandPinky3-Interpolations-array" count="23">
 LINEAR LINEAR LINEAR LINEAR LINEAR LINEAR LINEAR LINEAR LINEAR LINEAR LINEAR
LINEAR LINEAR LINEAR LINEAR LINEAR LINEAR LINEAR LINEAR LINEAR LINEAR LINEAR LINEAR</Name_array>
        <technique_common>
          <accessor source="#mixamorig_RightHandPinky3-Interpolations-array" count="23">
            <param type="name"/>
          </accessor>
        </technique_common>
      </source>
      <sampler id="mixamorig_RightHandPinky3-Matrix-animation-transform">
        <input semantic="INPUT" source="#mixamorig_RightHandPinky3-Matrix-animation-input"/>
        <input semantic="OUTPUT" source="#mixamorig_RightHandPinky3-Matrix-animation-output-transform"/>
        <input semantic="INTERPOLATION" source="#mixamorig_RightHandPinky3-Interpolations"/>
      </sampler>
      <channel source="#mixamorig_RightHandPinky3-Matrix-animation-transform" target="mixamorig_RightHandPinky3/matrix"/>
    </animation>
    <animation id="mixamorig_L_horn1-anim" name="mixamorig_L_horn1">
      <source id="mixamorig_L_horn1-Matrix-animation-input">
        <float_array id="mixamorig_L_horn1-Matrix-animation-input-array" count="23">

0.000000 0.033333 0.066667 0.100000 0.133333 0.166667 0.200000 0.233333 0.266667 0.300000 0.333333 0.366667 0.400000 0.433333 0.466667 0.500000
0.533333 0.566667 0.600000 0.633333 0.666667 0.700000 0.733333</float_array>
        <technique_common>
          <accessor source="#mixamorig_L_horn1-Matrix-animation-input-array" count="23">
            <param name="TIME" type="float"/>
          </accessor>
        </technique_common>
      </source>
      <source id="mixamorig_L_horn1-Matrix-animation-output-transform">
        <float_array id="mixamorig_L_horn1-Matrix-animation-output-transform-array" count="368">

0.602488 0.000515 0.798128 1.847600 -0.698753 0.483576 0.527160 4.379700 -0.385684 -0.875302 0.291709 -10.115900 0.000000 0.000000 0.000000 1.000000
0.602488 0.000515 0.798128 1.847600 -0.698753 0.483576 0.527160 4.379700 -0.385684 -0.875302 0.291709 -10.115900 0.000000 0.000000 0.000000 1.000000
0.602488 0.000515 0.798128 1.847600 -0.698753 0.483576 0.527160 4.379700 -0.385684 -0.875302 0.291709 -10.115900 0.000000 0.000000 0.000000 1.000000
0.602488 0.000515 0.798128 1.847600 -0.698753 0.483576 0.527160 4.379700 -0.385684 -0.875302 0.291709 -10.115900 0.000000 0.000000 0.000000 1.000000
0.602488 0.000515 0.798128 1.847600 -0.698753 0.483576 0.527160 4.379700 -0.385684 -0.875302 0.291709 -10.115900 0.000000 0.000000 0.000000 1.000000
0.602488 0.000515 0.798128 1.847600 -0.698753 0.483576 0.527160 4.379700 -0.385684 -0.875302 0.291709 -10.115900 0.000000 0.000000 0.000000 1.000000
0.602488 0.000515 0.798128 1.847600 -0.698753 0.483576 0.527160 4.379700 -0.385684 -0.875302 0.291709 -10.115900 0.000000 0.000000 0.000000 1.000000
0.602488 0.000515 0.798128 1.847600 -0.698753 0.483576 0.527160 4.379700 -0.385684 -0.875302 0.291709 -10.115900 0.000000 0.000000 0.000000 1.000000
0.602488 0.000515 0.798128 1.847600 -0.698753 0.483576 0.527160 4.379700 -0.385684 -0.875302 0.291709 -10.115900 0.000000 0.000000 0.000000 1.000000
0.602488 0.000515 0.798128 1.847600 -0.698753 0.483576 0.527160 4.379700 -0.385684 -0.875302 0.291709 -10.115900 0.000000 0.000000 0.000000 1.000000
0.602488 0.000515 0.798128 1.847600 -0.698753 0.483576 0.527160 4.379700 -0.385684 -0.875302 0.291709 -10.115900 0.000000 0.000000 0.000000 1.000000
0.602488 0.000515 0.798128 1.847600 -0.698753 0.483576 0.527160 4.379700 -0.385684 -0.875302 0.291709 -10.115900 0.000000 0.000000 0.000000 1.000000
0.602488 0.000515 0.798128 1.847600 -0.698753 0.483576 0.527160 4.379700 -0.385684 -0.875302 0.291709 -10.115900 0.000000 0.000000 0.000000 1.000000
0.602488 0.000515 0.798128 1.847600 -0.698753 0.483576 0.527160 4.379700 -0.385684 -0.875302 0.291709 -10.115900 0.000000 0.000000 0.000000 1.000000
0.602488 0.000515 0.798128 1.847600 -0.698753 0.483576 0.527160 4.379700 -0.385684 -0.875302 0.291709 -10.115900 0.000000 0.000000 0.000000 1.000000
0.602488 0.000515 0.798128 1.847600 -0.698753 0.483576 0.527160 4.379700 -0.385684 -0.875302 0.291709 -10.115900 0.000000 0.000000 0.000000 1.000000
0.602488 0.000515 0.798128 1.847600 -0.698753 0.483576 0.527160 4.379700 -0.385684 -0.875302 0.291709 -10.115900 0.000000 0.000000 0.000000 1.000000
0.602488 0.000515 0.798128 1.847600 -0.698753 0.483576 0.527160 4.379700 -0.385684 -0.875302 0.291709 -10.115900 0.000000 0.000000 0.000000 1.000000
0.602488 0.000515 0.798128 1.847600 -0.698753 0.483576 0.527160 4.379700 -0.385684 -0.875302 0.291709 -10.115900 0.000000 0.000000 0.000000 1.000000
0.602488 0.000515 0.798128 1.847600 -0.698753 0.483576 0.527160 4.379700 -0.385684 -0.875302 0.291709 -10.115900 0.000000 0.000000 0.000000 1.000000
0.602488 0.000515 0.798128 1.847600 -0.698753 0.483576 0.527160 4.379700 -0.385684 -0.875302 0.291709 -10.115900 0.000000 0.000000 0.000000 1.000000
0.602488 0.000515 0.798128 1.847600 -0.698753 0.483576 0.527160 4.379700 -0.385684 -0.875302 0.291709 -10.115900 0.000000 0.000000 0.000000 1.000000
0.602488 0.000515 0.798128 1.847600 -0.698753 0.483576 0.527160 4.379700 -0.385684 -0.875302 0.291709 -10.115900 0.000000 0.000000 0.000000 1.000000</float_array>
        <technique_common>
          <accessor source="#mixamorig_L_horn1-Matrix-animation-output-transform-array" count="23" stride="16">
            <param type="float4x4"/>
          </accessor>
        </technique_common>
      </source>
      <source id="mixamorig_L_horn1-Interpolations">
        <Name_array id="mixamorig_L_horn1-Interpolations-array" count="23">
 LINEAR LINEAR LINEAR LINEAR LINEAR LINEAR LINEAR LINEAR LINEAR LINEAR LINEAR
LINEAR LINEAR LINEAR LINEAR LINEAR LINEAR LINEAR LINEAR LINEAR LINEAR LINEAR LINEAR</Name_array>
        <technique_common>
          <accessor source="#mixamorig_L_horn1-Interpolations-array" count="23">
            <param type="name"/>
          </accessor>
        </technique_common>
      </source>
      <sampler id="mixamorig_L_horn1-Matrix-animation-transform">
        <input semantic="INPUT" source="#mixamorig_L_horn1-Matrix-animation-input"/>
        <input semantic="OUTPUT" source="#mixamorig_L_horn1-Matrix-animation-output-transform"/>
        <input semantic="INTERPOLATION" source="#mixamorig_L_horn1-Interpolations"/>
      </sampler>
      <channel source="#mixamorig_L_horn1-Matrix-animation-transform" target="mixamorig_L_horn1/matrix"/>
    </animation>
    <animation id="mixamorig_R_horn1-anim" name="mixamorig_R_horn1">
      <source id="mixamorig_R_horn1-Matrix-animation-input">
        <float_array id="mixamorig_R_horn1-Matrix-animation-input-array" count="23">

0.000000 0.033333 0.066667 0.100000 0.133333 0.166667 0.200000 0.233333 0.266667 0.300000 0.333333 0.366667 0.400000 0.433333 0.466667 0.500000
0.533333 0.566667 0.600000 0.633333 0.666667 0.700000 0.733333</float_array>
        <technique_common>
          <accessor source="#mixamorig_R_horn1-Matrix-animation-input-array" count="23">
            <param name="TIME" type="float"/>
          </accessor>
        </technique_common>
      </source>
      <source id="mixamorig_R_horn1-Matrix-animation-output-transform">
        <float_array id="mixamorig_R_horn1-Matrix-animation-output-transform-array" count="368">

-0.591028 -0.129171 0.796242 -3.147700 -0.778219 0.351067 -0.520699 4.536700 -0.212275 -0.927398 -0.308014 -10.290500 0.000000 0.000000 0.000000 1.000000
-0.591028 -0.129171 0.796242 -3.147700 -0.778219 0.351067 -0.520699 4.536700 -0.212275 -0.927398 -0.308014 -10.290500 0.000000 0.000000 0.000000 1.000000
-0.591028 -0.129171 0.796242 -3.147700 -0.778219 0.351067 -0.520699 4.536700 -0.212275 -0.927398 -0.308014 -10.290500 0.000000 0.000000 0.000000 1.000000
-0.591028 -0.129171 0.796242 -3.147700 -0.778219 0.351067 -0.520699 4.536700 -0.212275 -0.927398 -0.308014 -10.290500 0.000000 0.000000 0.000000 1.000000
-0.591028 -0.129171 0.796242 -3.147700 -0.778219 0.351067 -0.520699 4.536700 -0.212275 -0.927398 -0.308014 -10.290500 0.000000 0.000000 0.000000 1.000000
-0.591028 -0.129171 0.796242 -3.147700 -0.778219 0.351067 -0.520699 4.536700 -0.212275 -0.927398 -0.308014 -10.290500 0.000000 0.000000 0.000000 1.000000
-0.591028 -0.129171 0.796242 -3.147700 -0.778219 0.351067 -0.520699 4.536700 -0.212275 -0.927398 -0.308014 -10.290500 0.000000 0.000000 0.000000 1.000000
-0.591028 -0.129171 0.796242 -3.147700 -0.778219 0.351067 -0.520699 4.536700 -0.212275 -0.927398 -0.308014 -10.290500 0.000000 0.000000 0.000000 1.000000
-0.591028 -0.129171 0.796242 -3.147700 -0.778219 0.351067 -0.520699 4.536700 -0.212275 -0.927398 -0.308014 -10.290500 0.000000 0.000000 0.000000 1.000000
-0.591028 -0.129171 0.796242 -3.147700 -0.778219 0.351067 -0.520699 4.536700 -0.212275 -0.927398 -0.308014 -10.290500 0.000000 0.000000 0.000000 1.000000
-0.591028 -0.129171 0.796242 -3.147700 -0.778219 0.351067 -0.520699 4.536700 -0.212275 -0.927398 -0.308014 -10.290500 0.000000 0.000000 0.000000 1.000000
-0.591028 -0.129171 0.796242 -3.147700 -0.778219 0.351067 -0.520699 4.536700 -0.212275 -0.927398 -0.308014 -10.290500 0.000000 0.000000 0.000000 1.000000
-0.591028 -0.129171 0.796242 -3.147700 -0.778219 0.351067 -0.520699 4.536700 -0.212275 -0.927398 -0.308014 -10.290500 0.000000 0.000000 0.000000 1.000000
-0.591028 -0.129171 0.796242 -3.147700 -0.778219 0.351067 -0.520699 4.536700 -0.212275 -0.927398 -0.308014 -10.290500 0.000000 0.000000 0.000000 1.000000
-0.591028 -0.129171 0.796242 -3.147700 -0.778219 0.351067 -0.520699 4.536700 -0.212275 -0.927398 -0.308014 -10.290500 0.000000 0.000000 0.000000 1.000000
-0.591028 -0.129171 0.796242 -3.147700 -0.778219 0.351067 -0.520699 4.536700 -0.212275 -0.927398 -0.308014 -10.290500 0.000000 0.000000 0.000000 1.000000
-0.591028 -0.129171 0.796242 -3.147700 -0.778219 0.351067 -0.520699 4.536700 -0.212275 -0.927398 -0.308014 -10.290500 0.000000 0.000000 0.000000 1.000000
-0.591028 -0.129171 0.796242 -3.147700 -0.778219 0.351067 -0.520699 4.536700 -0.212275 -0.927398 -0.308014 -10.290500 0.000000 0.000000 0.000000 1.000000
-0.591028 -0.129171 0.796242 -3.147700 -0.778219 0.351067 -0.520699 4.536700 -0.212275 -0.927398 -0.308014 -10.290500 0.000000 0.000000 0.000000 1.000000
-0.591028 -0.129171 0.796242 -3.147700 -0.778219 0.351067 -0.520699 4.536700 -0.212275 -0.927398 -0.308014 -10.290500 0.000000 0.000000 0.000000 1.000000
-0.591028 -0.129171 0.796242 -3.147700 -0.778219 0.351067 -0.520699 4.536700 -0.212275 -0.927398 -0.308014 -10.290500 0.000000 0.000000 0.000000 1.000000
-0.591028 -0.129171 0.796242 -3.147700 -0.778219 0.351067 -0.520699 4.536700 -0.212275 -0.927398 -0.308014 -10.290500 0.000000 0.000000 0.000000 1.000000
-0.591028 -0.129171 0.796242 -3.147700 -0.778219 0.351067 -0.520699 4.536700 -0.212275 -0.927398 -0.308014 -10.290500 0.000000 0.000000 0.000000 1.000000</float_array>
        <technique_common>
          <accessor source="#mixamorig_R_horn1-Matrix-animation-output-transform-array" count="23" stride="16">
            <param type="float4x4"/>
          </accessor>
        </technique_common>
      </source>
      <source id="mixamorig_R_horn1-Interpolations">
        <Name_array id="mixamorig_R_horn1-Interpolations-array" count="23">
 LINEAR LINEAR LINEAR LINEAR LINEAR LINEAR LINEAR LINEAR LINEAR LINEAR LINEAR
LINEAR LINEAR LINEAR LINEAR LINEAR LINEAR LINEAR LINEAR LINEAR LINEAR LINEAR LINEAR</Name_array>
        <technique_common>
          <accessor source="#mixamorig_R_horn1-Interpolations-array" count="23">
            <param type="name"/>
          </accessor>
        </technique_common>
      </source>
      <sampler id="mixamorig_R_horn1-Matrix-animation-transform">
        <input semantic="INPUT" source="#mixamorig_R_horn1-Matrix-animation-input"/>
        <input semantic="OUTPUT" source="#mixamorig_R_horn1-Matrix-animation-output-transform"/>
        <input semantic="INTERPOLATION" source="#mixamorig_R_horn1-Interpolations"/>
      </sampler>
      <channel source="#mixamorig_R_horn1-Matrix-animation-transform" target="mixamorig_R_horn1/matrix"/>
    </animation>
    <animation id="mixamorig_LeftUpLeg-anim" name="mixamorig_LeftUpLeg">
      <source id="mixamorig_LeftUpLeg-Matrix-animation-input">
        <float_array id="mixamorig_LeftUpLeg-Matrix-animation-input-array" count="23">

0.000000 0.033333 0.066667 0.100000 0.133333 0.166667 0.200000 0.233333 0.266667 0.300000 0.333333 0.366667 0.400000 0.433333 0.466667 0.500000
0.533333 0.566667 0.600000 0.633333 0.666667 0.700000 0.733333</float_array>
        <technique_common>
          <accessor source="#mixamorig_LeftUpLeg-Matrix-animation-input-array" count="23">
            <param name="TIME" type="float"/>
          </accessor>
        </technique_common>
      </source>
      <source id="mixamorig_LeftUpLeg-Matrix-animation-output-transform">
        <float_array id="mixamorig_LeftUpLeg-Matrix-animation-output-transform-array" count="368">

-0.989653 0.089542 -0.112116 13.026900 -0.140979 -0.461455 0.875891 -6.336300 0.026693 0.882633 0.469304 -1.092800 0.000000 0.000000 0.000000 1.000000
-0.980045 0.148707 -0.131900 13.026900 -0.194143 -0.573702 0.795723 -6.336300 0.042658 0.805452 0.591124 -1.092800 0.000000 0.000000 0.000000 1.000000
-0.975460 0.160347 -0.150884 13.026900 -0.220148 -0.699498 0.679880 -6.336300 0.003474 0.696413 0.717633 -1.092800 0.000000 0.000000 0.000000 1.000000
-0.973431 0.153905 -0.169544 13.026900 -0.224186 -0.791296 0.568851 -6.336300 -0.046610 0.591747 0.804775 -1.092800 0.000000 0.000000 0.000000 1.000000
-0.975682 0.144253 -0.165035 13.026900 -0.209169 -0.837832 0.504268 -6.336300 -0.065529 0.526526 0.847630 -1.092800 0.000000 0.000000 0.000000 1.000000
-0.981172 0.139583 -0.133482 13.026900 -0.186428 -0.865044 0.465772 -6.336300 -0.050453 0.481888 0.874779 -1.092800 0.000000 0.000000 0.000000 1.000000
-0.985251 0.137372 -0.102024 13.026900 -0.169054 -0.873684 0.456177 -6.336300 -0.026471 0.466697 0.884021 -1.092800 0.000000 0.000000 0.000000 1.000000
-0.988563 0.123152 -0.087045 13.026900 -0.149842 -0.867331 0.474641 -6.336300 -0.017044 0.482256 0.875865 -1.092800 0.000000 0.000000 0.000000 1.000000
-0.991721 0.093559 -0.087951 13.026900 -0.125263 -0.855552 0.502335 -6.336300 -0.028249 0.509193 0.860189 -1.092800 0.000000 0.000000 0.000000 1.000000
-0.994244 0.068649 -0.082255 13.026900 -0.102758 -0.828303 0.550777 -6.336300 -0.030321 0.556059 0.830589 -1.092800 0.000000 0.000000 0.000000 1.000000
-0.997242 0.048176 -0.056460 13.026900 -0.072943 -0.776687 0.625649 -6.336300 -0.013711 0.628042 0.778059 -1.092800 0.000000 0.000000 0.000000 1.000000
-0.999184 0.023569 -0.032796 13.026900 -0.039977 -0.692584 0.720228 -6.336300 -0.005739 0.720952 0.692961 -1.092800 0.000000 0.000000 0.000000 1.000000
-0.999668 0.006239 -0.025002 13.026900 -0.023861 -0.590480 0.806699 -6.336300 -0.009730 0.807028 0.590433 -1.092800 0.000000 0.000000 0.000000 1.000000
-0.999825 0.003767 -0.018342 13.026900 -0.017564 -0.528252 0.848906 -6.336300 -0.006492 0.849080 0.528225 -1.092800 0.000000 0.000000 0.000000 1.000000
-0.999953 0.006202 -0.007499 13.026900 -0.009622 -0.514673 0.857332 -6.336300 0.001458 0.857364 0.514708 -1.092800 0.000000 0.000000 0.000000 1.000000
-0.999917 -0.010205 0.007825 13.026900 0.012123 -0.545137 0.838259 -6.336300 -0.004288 0.838285 0.545216 -1.092800 0.000000 0.000000 0.000000 1.000000
-0.999376 -0.035207 0.002748 13.026900 0.022184 -0.565356 0.824549 -6.336300 -0.027476 0.824095 0.565784 -1.092800 0.000000 0.000000 0.000000 1.000000
-0.997705 -0.066848 -0.010769 13.026900 0.027595 -0.546682 0.836885 -6.336300 -0.061831 0.834668 0.547272 -1.092800 0.000000 0.000000 0.000000 1.000000
-0.996542 -0.075412 -0.034896 13.026900 0.004411 -0.467370 0.884051 -6.336300 -0.082978 0.880839 0.466087 -1.092800 0.000000 0.000000 0.000000 1.000000
-0.995774 -0.068123 -0.061598 13.026900 -0.028981 -0.403357 0.914583 -6.336300 -0.087151 0.912503 0.399678 -1.092800 0.000000 0.000000 0.000000 1.000000
-0.995885 -0.032965 -0.084413 13.026900 -0.065261 -0.385396 0.920441 -6.336300 -0.062874 0.922162 0.381659 -1.092800 0.000000 0.000000 0.000000 1.000000
-0.994860 0.028360 -0.097205 13.026900 -0.100243 -0.411377 0.905936 -6.336300 -0.014295 0.911024 0.412105 -1.092800 0.000000 0.000000 0.000000 1.000000
-0.989653 0.089554 -0.112106 13.026900 -0.140977 -0.461454 0.875891 -6.336300 0.026707 0.882633 0.469304 -1.092800 0.000000 0.000000 0.000000 1.000000</float_array>
        <technique_common>
          <accessor source="#mixamorig_LeftUpLeg-Matrix-animation-output-transform-array" count="23" stride="16">
            <param type="float4x4"/>
          </accessor>
        </technique_common>
      </source>
      <source id="mixamorig_LeftUpLeg-Interpolations">
        <Name_array id="mixamorig_LeftUpLeg-Interpolations-array" count="23">
 LINEAR LINEAR LINEAR LINEAR LINEAR LINEAR LINEAR LINEAR LINEAR LINEAR LINEAR
LINEAR LINEAR LINEAR LINEAR LINEAR LINEAR LINEAR LINEAR LINEAR LINEAR LINEAR LINEAR</Name_array>
        <technique_common>
          <accessor source="#mixamorig_LeftUpLeg-Interpolations-array" count="23">
            <param type="name"/>
          </accessor>
        </technique_common>
      </source>
      <sampler id="mixamorig_LeftUpLeg-Matrix-animation-transform">
        <input semantic="INPUT" source="#mixamorig_LeftUpLeg-Matrix-animation-input"/>
        <input semantic="OUTPUT" source="#mixamorig_LeftUpLeg-Matrix-animation-output-transform"/>
        <input semantic="INTERPOLATION" source="#mixamorig_LeftUpLeg-Interpolations"/>
      </sampler>
      <channel source="#mixamorig_LeftUpLeg-Matrix-animation-transform" target="mixamorig_LeftUpLeg/matrix"/>
    </animation>
    <animation id="mixamorig_LeftLeg-anim" name="mixamorig_LeftLeg">
      <source id="mixamorig_LeftLeg-Matrix-animation-input">
        <float_array id="mixamorig_LeftLeg-Matrix-animation-input-array" count="23">

0.000000 0.033333 0.066667 0.100000 0.133333 0.166667 0.200000 0.233333 0.266667 0.300000 0.333333 0.366667 0.400000 0.433333 0.466667 0.500000
0.533333 0.566667 0.600000 0.633333 0.666667 0.700000 0.733333</float_array>
        <technique_common>
          <accessor source="#mixamorig_LeftLeg-Matrix-animation-input-array" count="23">
            <param name="TIME" type="float"/>
          </accessor>
        </technique_common>
      </source>
      <source id="mixamorig_LeftLeg-Matrix-animation-output-transform">
        <float_array id="mixamorig_LeftLeg-Matrix-animation-output-transform-array" count="368">

0.987610 -0.004785 -0.156853 0.000000 0.150186 -0.260981 0.953590 46.951000 -0.045499 -0.965332 -0.257029 0.000000 0.000000 0.000000 0.000000 1.000000
0.990135 -0.002655 -0.140091 -0.000000 0.129614 -0.362429 0.922955 46.951000 -0.053223 -0.932008 -0.358509 0.000000 0.000000 0.000000 0.000000 1.000000
0.993595 -0.022656 -0.110702 0.000000 0.094029 -0.377525 0.921213 46.951000 -0.062664 -0.925722 -0.372977 0.000000 0.000000 0.000000 0.000000 1.000000
0.995489 -0.053937 -0.078058 0.000000 0.054866 -0.343950 0.937383 46.951000 -0.077407 -0.937437 -0.339440 0.000000 0.000000 0.000000 0.000000 1.000000
0.995532 -0.089221 -0.030928 -0.000000 0.005389 -0.273305 0.961912 46.951000 -0.094275 -0.957781 -0.271603 0.000000 0.000000 0.000000 0.000000 1.000000
0.993188 -0.114358 0.022342 0.000000 -0.040157 -0.155944 0.986949 46.951000 -0.109382 -0.981124 -0.159474 0.000000 0.000000 0.000000 0.000000 1.000000
0.991355 -0.121790 0.048820 0.000000 -0.052291 -0.025461 0.998307 46.951000 -0.120341 -0.992229 -0.031610 0.000000 0.000000 0.000000 0.000000 1.000000
0.991748 -0.122028 0.039318 0.000000 -0.028069 0.092571 0.995310 46.951000 -0.125095 -0.988200 0.088382 0.000000 0.000000 0.000000 0.000000 1.000000
0.992729 -0.120124 -0.007689 0.000000 0.030424 0.188599 0.981583 46.951000 -0.116461 -0.974680 0.190882 0.000000 0.000000 0.000000 0.000000 1.000000
0.991105 -0.105838 -0.080679 0.000000 0.095086 0.139025 0.985713 46.951000 -0.093110 -0.984617 0.147852 0.000000 0.000000 0.000000 0.000000 1.000000
0.990897 -0.072989 -0.113115 0.000000 0.117801 0.063441 0.991009 46.951000 -0.065156 -0.995313 0.071462 -0.000000 0.000000 0.000000 0.000000 1.000000
0.991586 -0.044773 -0.121457 0.000000 0.121270 -0.006878 0.992596 46.951000 -0.045277 -0.998974 -0.001391 0.000000 0.000000 0.000000 0.000000 1.000000
0.991559 -0.031827 -0.125691 -0.000000 0.125250 -0.015516 0.992004 46.951000 -0.033523 -0.999373 -0.011398 0.000000 0.000000 0.000000 0.000000 1.000000
0.990056 -0.026387 -0.138178 0.000000 0.139496 0.057277 0.988565 46.951000 -0.018171 -0.998010 0.060388 0.000000 0.000000 0.000000 0.000000 1.000000
0.990305 -0.027586 -0.136143 0.000000 0.138900 0.208556 0.968097 46.951000 0.001688 -0.977621 0.210366 0.000000 0.000000 0.000000 0.000000 1.000000
0.992572 -0.037539 -0.115724 0.000000 0.119852 0.465108 0.877103 46.951000 0.020899 -0.884458 0.466152 0.000000 0.000000 0.000000 0.000000 1.000000
0.989482 -0.052649 -0.134736 0.000000 0.134952 0.671380 0.728723 46.951000 0.052092 -0.739241 0.671423 0.000000 0.000000 0.000000 0.000000 1.000000
0.983011 -0.067802 -0.170566 0.000000 0.164318 0.739164 0.653174 46.951000 0.081790 -0.670104 0.737747 0.000000 0.000000 0.000000 0.000000 1.000000
0.983788 -0.062789 -0.167987 0.000000 0.169549 0.630877 0.757131 46.951000 0.058440 -0.773338 0.631295 0.000000 0.000000 0.000000 0.000000 1.000000
0.985328 -0.055962 -0.161234 0.000000 0.169733 0.420118 0.891455 46.951000 0.017849 -0.905742 0.423453 -0.000000 0.000000 0.000000 0.000000 1.000000
0.984418 -0.037383 -0.171824 0.000000 0.175672 0.165909 0.970368 46.951000 -0.007768 -0.985432 0.169891 0.000000 0.000000 0.000000 0.000000 1.000000
0.986305 -0.017661 -0.163982 0.000000 0.162388 -0.069905 0.984248 46.951000 -0.028846 -0.997397 -0.066080 0.000000 0.000000 0.000000 0.000000 1.000000
0.987612 -0.004788 -0.156843 -0.000000 0.150175 -0.260979 0.953592 46.951000 -0.045498 -0.965333 -0.257027 0.000000 0.000000 0.000000 0.000000 1.000000</float_array>
        <technique_common>
          <accessor source="#mixamorig_LeftLeg-Matrix-animation-output-transform-array" count="23" stride="16">
            <param type="float4x4"/>
          </accessor>
        </technique_common>
      </source>
      <source id="mixamorig_LeftLeg-Interpolations">
        <Name_array id="mixamorig_LeftLeg-Interpolations-array" count="23">
 LINEAR LINEAR LINEAR LINEAR LINEAR LINEAR LINEAR LINEAR LINEAR LINEAR LINEAR
LINEAR LINEAR LINEAR LINEAR LINEAR LINEAR LINEAR LINEAR LINEAR LINEAR LINEAR LINEAR</Name_array>
        <technique_common>
          <accessor source="#mixamorig_LeftLeg-Interpolations-array" count="23">
            <param type="name"/>
          </accessor>
        </technique_common>
      </source>
      <sampler id="mixamorig_LeftLeg-Matrix-animation-transform">
        <input semantic="INPUT" source="#mixamorig_LeftLeg-Matrix-animation-input"/>
        <input semantic="OUTPUT" source="#mixamorig_LeftLeg-Matrix-animation-output-transform"/>
        <input semantic="INTERPOLATION" source="#mixamorig_LeftLeg-Interpolations"/>
      </sampler>
      <channel source="#mixamorig_LeftLeg-Matrix-animation-transform" target="mixamorig_LeftLeg/matrix"/>
    </animation>
    <animation id="mixamorig_LeftFoot-anim" name="mixamorig_LeftFoot">
      <source id="mixamorig_LeftFoot-Matrix-animation-input">
        <float_array id="mixamorig_LeftFoot-Matrix-animation-input-array" count="23">

0.000000 0.033333 0.066667 0.100000 0.133333 0.166667 0.200000 0.233333 0.266667 0.300000 0.333333 0.366667 0.400000 0.433333 0.466667 0.500000
0.533333 0.566667 0.600000 0.633333 0.666667 0.700000 0.733333</float_array>
        <technique_common>
          <accessor source="#mixamorig_LeftFoot-Matrix-animation-input-array" count="23">
            <param name="TIME" type="float"/>
          </accessor>
        </technique_common>
      </source>
      <source id="mixamorig_LeftFoot-Matrix-animation-output-transform">
        <float_array id="mixamorig_LeftFoot-Matrix-animation-output-transform-array" count="368">

0.996411 0.031262 -0.078661 0.000000 -0.082151 0.581113 -0.809666 55.112000 0.020399 0.813222 0.581595 -0.000000 0.000000 0.000000 0.000000 1.000000
0.994176 0.070988 -0.081083 0.000000 -0.106901 0.554440 -0.825329 55.112000 -0.013633 0.829190 0.558800 0.000000 0.000000 0.000000 0.000000 1.000000
0.988991 0.099823 -0.109233 -0.000000 -0.146660 0.563084 -0.813282 55.112000 -0.019677 0.820349 0.571525 0.000000 0.000000 0.000000 0.000000 1.000000
0.984399 0.119680 -0.128980 0.000000 -0.174684 0.576912 -0.797909 55.112000 -0.021084 0.807991 0.588818 0.000000 0.000000 0.000000 0.000000 1.000000
0.982461 0.125335 -0.138065 0.000000 -0.185092 0.565686 -0.803580 55.112000 -0.022615 0.815040 0.578963 0.000000 0.000000 0.000000 0.000000 1.000000
0.981087 0.126501 -0.146512 0.000000 -0.191951 0.538210 -0.820661 55.112000 -0.024960 0.833263 0.552313 0.000000 0.000000 0.000000 0.000000 1.000000
0.979741 0.129801 -0.152512 0.000000 -0.198765 0.537050 -0.819799 55.112000 -0.024504 0.833504 0.551969 0.000000 0.000000 0.000000 0.000000 1.000000
0.979537 0.132268 -0.151697 0.000000 -0.200099 0.559099 -0.804592 55.112000 -0.021608 0.818482 0.574125 0.000000 0.000000 0.000000 0.000000 1.000000
0.982898 0.117122 -0.142105 0.000000 -0.182832 0.528484 -0.829022 55.112000 -0.021996 0.840825 0.540859 0.000000 0.000000 0.000000 0.000000 1.000000
0.988233 0.070941 -0.135509 0.000000 -0.149108 0.249372 -0.956860 55.112000 -0.034089 0.965806 0.257015 0.000000 0.000000 0.000000 0.000000 1.000000
0.997417 0.018585 -0.069385 0.000000 -0.070350 0.057596 -0.995858 55.112000 -0.014512 0.998167 0.058755 0.000000 0.000000 0.000000 0.000000 1.000000
0.998188 0.009901 -0.059350 0.000000 -0.059559 0.022423 -0.997973 55.112000 -0.008550 0.999700 0.022972 -0.000000 0.000000 0.000000 0.000000 1.000000
0.994209 0.038337 -0.100391 -0.000000 -0.105191 0.156178 -0.982112 55.112000 -0.021972 0.986985 0.159307 -0.000000 0.000000 0.000000 0.000000 1.000000
0.993374 0.049715 -0.103617 -0.000000 -0.114068 0.316476 -0.941717 55.112000 -0.014025 0.947297 0.320050 0.000000 0.000000 0.000000 0.000000 1.000000
0.994873 0.049735 -0.088061 -0.000000 -0.101134 0.491934 -0.864739 55.112000 0.000312 0.869211 0.494441 0.000000 0.000000 0.000000 0.000000 1.000000
0.997446 0.039265 -0.059662 0.000000 -0.070224 0.691580 -0.718878 55.112000 0.013034 0.721232 0.692571 -0.000000 0.000000 0.000000 0.000000 1.000000
0.988808 0.110025 -0.100764 0.000000 -0.148476 0.791895 -0.592332 55.112000 0.014623 0.600664 0.799368 -0.000000 0.000000 0.000000 0.000000 1.000000
0.985568 0.122787 -0.116531 0.000000 -0.168454 0.779347 -0.603524 55.112000 0.016713 0.614443 0.788784 0.000000 0.000000 0.000000 0.000000 1.000000
0.991504 0.091057 -0.092889 0.000000 -0.129138 0.774689 -0.619016 55.112000 0.015594 0.625752 0.779866 0.000000 0.000000 0.000000 0.000000 1.000000
0.994240 0.061186 -0.088000 -0.000000 -0.106071 0.679529 -0.725940 55.112000 0.015381 0.731093 0.682105 -0.000000 0.000000 0.000000 0.000000 1.000000
0.995312 0.039715 -0.088188 0.000000 -0.092967 0.644318 -0.759086 55.112000 0.026674 0.763726 0.644989 0.000000 0.000000 0.000000 0.000000 1.000000
0.994946 0.030756 -0.095584 0.000000 -0.094142 0.616795 -0.781474 55.112000 0.034921 0.786523 0.616573 0.000000 0.000000 0.000000 0.000000 1.000000
0.996412 0.031255 -0.078654 0.000000 -0.082141 0.581112 -0.809667 55.112000 0.020401 0.813223 0.581594 0.000000 0.000000 0.000000 0.000000 1.000000</float_array>
        <technique_common>
          <accessor source="#mixamorig_LeftFoot-Matrix-animation-output-transform-array" count="23" stride="16">
            <param type="float4x4"/>
          </accessor>
        </technique_common>
      </source>
      <source id="mixamorig_LeftFoot-Interpolations">
        <Name_array id="mixamorig_LeftFoot-Interpolations-array" count="23">
 LINEAR LINEAR LINEAR LINEAR LINEAR LINEAR LINEAR LINEAR LINEAR LINEAR LINEAR
LINEAR LINEAR LINEAR LINEAR LINEAR LINEAR LINEAR LINEAR LINEAR LINEAR LINEAR LINEAR</Name_array>
        <technique_common>
          <accessor source="#mixamorig_LeftFoot-Interpolations-array" count="23">
            <param type="name"/>
          </accessor>
        </technique_common>
      </source>
      <sampler id="mixamorig_LeftFoot-Matrix-animation-transform">
        <input semantic="INPUT" source="#mixamorig_LeftFoot-Matrix-animation-input"/>
        <input semantic="OUTPUT" source="#mixamorig_LeftFoot-Matrix-animation-output-transform"/>
        <input semantic="INTERPOLATION" source="#mixamorig_LeftFoot-Interpolations"/>
      </sampler>
      <channel source="#mixamorig_LeftFoot-Matrix-animation-transform" target="mixamorig_LeftFoot/matrix"/>
    </animation>
    <animation id="mixamorig_LeftToeBase-anim" name="mixamorig_LeftToeBase">
      <source id="mixamorig_LeftToeBase-Matrix-animation-input">
        <float_array id="mixamorig_LeftToeBase-Matrix-animation-input-array" count="23">

0.000000 0.033333 0.066667 0.100000 0.133333 0.166667 0.200000 0.233333 0.266667 0.300000 0.333333 0.366667 0.400000 0.433333 0.466667 0.500000
0.533333 0.566667 0.600000 0.633333 0.666667 0.700000 0.733333</float_array>
        <technique_common>
          <accessor source="#mixamorig_LeftToeBase-Matrix-animation-input-array" count="23">
            <param name="TIME" type="float"/>
          </accessor>
        </technique_common>
      </source>
      <source id="mixamorig_LeftToeBase-Matrix-animation-output-transform">
        <float_array id="mixamorig_LeftToeBase-Matrix-animation-output-transform-array" count="368">

1.000000 0.000000 0.000002 0.000000 0.000001 0.759921 -0.650016 22.799999 -0.000002 0.650016 0.759921 0.000000 0.000000 0.000000 0.000000 1.000000
1.000000 0.000000 0.000002 0.000000 0.000001 0.759028 -0.651058 22.799999 -0.000001 0.651058 0.759028 0.000000 0.000000 0.000000 0.000000 1.000000
1.000000 -0.000000 0.000002 0.000000 0.000001 0.766729 -0.641970 22.799999 -0.000001 0.641970 0.766729 0.000000 0.000000 0.000000 0.000000 1.000000
1.000000 -0.000000 0.000002 -0.000000 0.000001 0.777947 -0.628330 22.799999 -0.000001 0.628330 0.777947 0.000000 0.000000 0.000000 0.000000 1.000000
1.000000 0.000000 0.000002 0.000000 0.000001 0.770511 -0.637427 22.799999 -0.000001 0.637427 0.770511 0.000000 0.000000 0.000000 0.000000 1.000000
1.000000 -0.000000 0.000002 -0.000000 0.000001 0.762637 -0.646827 22.799999 -0.000001 0.646827 0.762637 0.000000 0.000000 0.000000 0.000000 1.000000
1.000000 -0.000000 0.000002 0.000000 0.000001 0.776913 -0.629608 22.799999 -0.000001 0.629608 0.776913 -0.000000 0.000000 0.000000 0.000000 1.000000
0.998867 0.011961 0.046063 0.000000 0.033193 0.518513 -0.854425 22.799999 -0.034104 0.854986 0.517529 0.000000 0.000000 0.000000 0.000000 1.000000
0.999773 0.005204 0.020666 0.000000 0.019722 0.141487 -0.989744 22.799999 -0.008074 0.989926 0.141353 0.000000 0.000000 0.000000 0.000000 1.000000
1.000000 -0.000000 0.000001 0.000000 0.000001 0.370155 -0.928970 22.799999 -0.000000 0.928970 0.370155 0.000000 0.000000 0.000000 0.000000 1.000000
1.000000 -0.000000 0.000001 -0.000000 0.000001 0.550851 -0.834604 22.799999 -0.000001 0.834604 0.550851 -0.000000 0.000000 0.000000 0.000000 1.000000
1.000000 -0.000000 0.000002 0.000000 0.000001 0.632798 -0.774317 22.799999 -0.000001 0.774317 0.632798 -0.000000 0.000000 0.000000 0.000000 1.000000
1.000000 -0.000000 0.000002 0.000000 0.000001 0.654410 -0.756140 22.799999 -0.000001 0.756140 0.654410 -0.000000 0.000000 0.000000 0.000000 1.000000
1.000000 -0.000000 0.000002 0.000000 0.000001 0.680055 -0.733161 22.799999 -0.000001 0.733161 0.680055 0.000000 0.000000 0.000000 0.000000 1.000000
1.000000 -0.000000 0.000002 -0.000000 0.000001 0.697603 -0.716485 22.799999 -0.000001 0.716485 0.697603 0.000000 0.000000 0.000000 0.000000 1.000000
1.000000 -0.000000 0.000002 -0.000000 0.000001 0.696101 -0.717944 22.799999 -0.000001 0.717944 0.696101 0.000000 0.000000 0.000000 0.000000 1.000000
1.000000 -0.000000 0.000002 0.000000 0.000001 0.762711 -0.646740 22.799999 -0.000001 0.646740 0.762711 0.000000 0.000000 0.000000 0.000000 1.000000
1.000000 -0.000000 0.000002 0.000000 0.000001 0.770639 -0.637271 22.799999 -0.000001 0.637271 0.770639 0.000000 0.000000 0.000000 0.000000 1.000000
1.000000 0.000000 0.000002 0.000000 0.000001 0.767817 -0.640669 22.799999 -0.000001 0.640669 0.767817 -0.000000 0.000000 0.000000 0.000000 1.000000
1.000000 0.000000 0.000002 -0.000000 0.000001 0.772196 -0.635384 22.799999 -0.000002 0.635384 0.772196 0.000000 0.000000 0.000000 0.000000 1.000000
1.000000 0.000000 0.000002 0.000000 0.000001 0.781201 -0.624279 22.799999 -0.000002 0.624279 0.781201 -0.000000 0.000000 0.000000 0.000000 1.000000
1.000000 0.000000 0.000002 0.000000 0.000001 0.779446 -0.626469 22.799999 -0.000002 0.626469 0.779446 -0.000000 0.000000 0.000000 0.000000 1.000000
1.000000 -0.000000 0.000002 0.000000 0.000001 0.759921 -0.650016 22.799999 -0.000001 0.650016 0.759921 0.000000 0.000000 0.000000 0.000000 1.000000</float_array>
        <technique_common>
          <accessor source="#mixamorig_LeftToeBase-Matrix-animation-output-transform-array" count="23" stride="16">
            <param type="float4x4"/>
          </accessor>
        </technique_common>
      </source>
      <source id="mixamorig_LeftToeBase-Interpolations">
        <Name_array id="mixamorig_LeftToeBase-Interpolations-array" count="23">
 LINEAR LINEAR LINEAR LINEAR LINEAR LINEAR LINEAR LINEAR LINEAR LINEAR LINEAR
LINEAR LINEAR LINEAR LINEAR LINEAR LINEAR LINEAR LINEAR LINEAR LINEAR LINEAR LINEAR</Name_array>
        <technique_common>
          <accessor source="#mixamorig_LeftToeBase-Interpolations-array" count="23">
            <param type="name"/>
          </accessor>
        </technique_common>
      </source>
      <sampler id="mixamorig_LeftToeBase-Matrix-animation-transform">
        <input semantic="INPUT" source="#mixamorig_LeftToeBase-Matrix-animation-input"/>
        <input semantic="OUTPUT" source="#mixamorig_LeftToeBase-Matrix-animation-output-transform"/>
        <input semantic="INTERPOLATION" source="#mixamorig_LeftToeBase-Interpolations"/>
      </sampler>
      <channel source="#mixamorig_LeftToeBase-Matrix-animation-transform" target="mixamorig_LeftToeBase/matrix"/>
    </animation>
    <animation id="mixamorig_RightUpLeg-anim" name="mixamorig_RightUpLeg">
      <source id="mixamorig_RightUpLeg-Matrix-animation-input">
        <float_array id="mixamorig_RightUpLeg-Matrix-animation-input-array" count="23">

0.000000 0.033333 0.066667 0.100000 0.133333 0.166667 0.200000 0.233333 0.266667 0.300000 0.333333 0.366667 0.400000 0.433333 0.466667 0.500000
0.533333 0.566667 0.600000 0.633333 0.666667 0.700000 0.733333</float_array>
        <technique_common>
          <accessor source="#mixamorig_RightUpLeg-Matrix-animation-input-array" count="23">
            <param name="TIME" type="float"/>
          </accessor>
        </technique_common>
      </source>
      <source id="mixamorig_RightUpLeg-Matrix-animation-output-transform">
        <float_array id="mixamorig_RightUpLeg-Matrix-animation-output-transform-array" count="368">

-0.992578 -0.118468 -0.027473 -12.883000 0.052952 -0.624379 0.779325 -6.336200 -0.109479 0.772086 0.626017 -1.092800 0.000000 0.000000 0.000000 1.000000
-0.995044 -0.096047 -0.025749 -12.883000 0.031445 -0.549582 0.834848 -6.336200 -0.094336 0.829900 0.549878 -1.092800 0.000000 0.000000 0.000000 1.000000
-0.992034 -0.121372 -0.033723 -12.883000 0.035080 -0.523291 0.851432 -6.336200 -0.120987 0.843466 0.523380 -1.092800 0.000000 0.000000 0.000000 1.000000
-0.984374 -0.170383 -0.044466 -12.883000 0.052754 -0.526267 0.848681 -6.336200 -0.168002 0.833074 0.527032 -1.092800 0.000000 0.000000 0.000000 1.000000
-0.980209 -0.193784 -0.040476 -12.883000 0.071736 -0.538254 0.839724 -6.336200 -0.184512 0.820201 0.541503 -1.092800 0.000000 0.000000 0.000000 1.000000
-0.982312 -0.184931 -0.029380 -12.883000 0.076630 -0.540180 0.838053 -6.336200 -0.170852 0.820979 0.544797 -1.092800 0.000000 0.000000 0.000000 1.000000
-0.985267 -0.169474 -0.022969 -12.883000 0.067218 -0.507229 0.859186 -6.336200 -0.157260 0.844984 0.511148 -1.092800 0.000000 0.000000 0.000000 1.000000
-0.989145 -0.146683 -0.008699 -12.883000 0.058543 -0.447701 0.892265 -6.336200 -0.134774 0.882071 0.451428 -1.092800 0.000000 0.000000 0.000000 1.000000
-0.991899 -0.127006 0.002240 -12.883000 0.057818 -0.435706 0.898230 -6.336200 -0.113104 0.891084 0.439519 -1.092800 0.000000 0.000000 0.000000 1.000000
-0.991241 -0.132043 0.002578 -12.883000 0.054365 -0.390174 0.919135 -6.336200 -0.120360 0.911224 0.393935 -1.092800 0.000000 0.000000 0.000000 1.000000
-0.987078 -0.159982 0.009071 -12.883000 0.063372 -0.337752 0.939099 -6.336200 -0.147175 0.927539 0.343526 -1.092800 0.000000 0.000000 0.000000 1.000000
-0.981297 -0.190034 0.030722 -12.883000 0.092523 -0.325648 0.940953 -6.336200 -0.168808 0.926197 0.337140 -1.092800 0.000000 0.000000 0.000000 1.000000
-0.976240 -0.212846 0.040652 -12.883000 0.122304 -0.386350 0.914207 -6.336200 -0.178879 0.897458 0.403202 -1.092800 0.000000 0.000000 0.000000 1.000000
-0.971354 -0.234918 0.035841 -12.883000 0.156061 -0.516873 0.841717 -6.336200 -0.179209 0.823199 0.538728 -1.092800 0.000000 0.000000 0.000000 1.000000
-0.969587 -0.242871 0.030239 -12.883000 0.188118 -0.660504 0.726874 -6.336200 -0.156564 0.710456 0.686104 -1.092800 0.000000 0.000000 0.000000 1.000000
-0.972699 -0.231201 0.020073 -12.883000 0.194689 -0.765888 0.612790 -6.336200 -0.126304 0.599968 0.789991 -1.092800 0.000000 0.000000 0.000000 1.000000
-0.977488 -0.210992 -0.000209 -12.883000 0.178735 -0.828571 0.530588 -6.336200 -0.112123 0.518606 0.847630 -1.092800 0.000000 0.000000 0.000000 1.000000
-0.981143 -0.192903 -0.012111 -12.883000 0.160239 -0.846845 0.507126 -6.336200 -0.108082 0.495622 0.861787 -1.092800 0.000000 0.000000 0.000000 1.000000
-0.983763 -0.178025 -0.022757 -12.883000 0.140669 -0.843581 0.518250 -6.336200 -0.111459 0.506634 0.854926 -1.092800 0.000000 0.000000 0.000000 1.000000
-0.985578 -0.163856 -0.042277 -12.883000 0.117387 -0.841949 0.526632 -6.336200 -0.121888 0.514074 0.849041 -1.092800 0.000000 0.000000 0.000000 1.000000
-0.986454 -0.155600 -0.051936 -12.883000 0.097616 -0.811268 0.576468 -6.336200 -0.131833 0.563589 0.815468 -1.092800 0.000000 0.000000 0.000000 1.000000
-0.988422 -0.147434 -0.035855 -12.883000 0.084956 -0.733549 0.674306 -6.336200 -0.125717 0.663453 0.737581 -1.092800 0.000000 0.000000 0.000000 1.000000
-0.992577 -0.118475 -0.027481 -12.883000 0.052950 -0.624378 0.779325 -6.336200 -0.109490 0.772085 0.626017 -1.092800 0.000000 0.000000 0.000000 1.000000</float_array>
        <technique_common>
          <accessor source="#mixamorig_RightUpLeg-Matrix-animation-output-transform-array" count="23" stride="16">
            <param type="float4x4"/>
          </accessor>
        </technique_common>
      </source>
      <source id="mixamorig_RightUpLeg-Interpolations">
        <Name_array id="mixamorig_RightUpLeg-Interpolations-array" count="23">
 LINEAR LINEAR LINEAR LINEAR LINEAR LINEAR LINEAR LINEAR LINEAR LINEAR LINEAR
LINEAR LINEAR LINEAR LINEAR LINEAR LINEAR LINEAR LINEAR LINEAR LINEAR LINEAR LINEAR</Name_array>
        <technique_common>
          <accessor source="#mixamorig_RightUpLeg-Interpolations-array" count="23">
            <param type="name"/>
          </accessor>
        </technique_common>
      </source>
      <sampler id="mixamorig_RightUpLeg-Matrix-animation-transform">
        <input semantic="INPUT" source="#mixamorig_RightUpLeg-Matrix-animation-input"/>
        <input semantic="OUTPUT" source="#mixamorig_RightUpLeg-Matrix-animation-output-transform"/>
        <input semantic="INTERPOLATION" source="#mixamorig_RightUpLeg-Interpolations"/>
      </sampler>
      <channel source="#mixamorig_RightUpLeg-Matrix-animation-transform" target="mixamorig_RightUpLeg/matrix"/>
    </animation>
    <animation id="mixamorig_RightLeg-anim" name="mixamorig_RightLeg">
      <source id="mixamorig_RightLeg-Matrix-animation-input">
        <float_array id="mixamorig_RightLeg-Matrix-animation-input-array" count="23">

0.000000 0.033333 0.066667 0.100000 0.133333 0.166667 0.200000 0.233333 0.266667 0.300000 0.333333 0.366667 0.400000 0.433333 0.466667 0.500000
0.533333 0.566667 0.600000 0.633333 0.666667 0.700000 0.733333</float_array>
        <technique_common>
          <accessor source="#mixamorig_RightLeg-Matrix-animation-input-array" count="23">
            <param name="TIME" type="float"/>
          </accessor>
        </technique_common>
      </source>
      <source id="mixamorig_RightLeg-Matrix-animation-output-transform">
        <float_array id="mixamorig_RightLeg-Matrix-animation-output-transform-array" count="368">

0.993968 0.041799 -0.101391 0.000000 0.100472 0.023522 0.994662 46.951099 0.043961 -0.998849 0.019180 -0.000000 0.000000 0.000000 0.000000 1.000000
0.994913 0.035242 -0.094371 -0.000000 0.092874 0.041945 0.994794 46.951099 0.039017 -0.998498 0.038459 0.000000 0.000000 0.000000 0.000000 1.000000
0.996188 0.017504 -0.085462 0.000000 0.082587 0.126310 0.988547 46.951099 0.028099 -0.991836 0.124382 0.000000 0.000000 0.000000 0.000000 1.000000
0.997329 -0.006869 -0.072713 0.000000 0.071888 0.268222 0.960671 46.951099 0.012905 -0.963333 0.267999 0.000000 0.000000 0.000000 0.000000 1.000000
0.998850 -0.020425 -0.043379 0.000000 0.047836 0.486005 0.872646 46.951099 0.003259 -0.873717 0.486423 -0.000000 0.000000 0.000000 0.000000 1.000000
0.999750 -0.022296 -0.001451 0.000000 0.016192 0.678227 0.734674 46.951099 -0.015396 -0.734514 0.678418 0.000000 0.000000 0.000000 0.000000 1.000000
0.999324 -0.031077 0.019618 0.000000 0.010477 0.752558 0.658442 46.951099 -0.035226 -0.657792 0.752376 0.000000 0.000000 0.000000 0.000000 1.000000
0.998273 -0.029667 0.050706 0.000000 -0.013876 0.719624 0.694226 46.951099 -0.057085 -0.693730 0.717969 0.000000 0.000000 0.000000 0.000000 1.000000
0.991331 -0.031217 0.127628 0.000000 -0.075909 0.656782 0.750250 46.951099 -0.107244 -0.753434 0.648719 0.000000 0.000000 0.000000 0.000000 1.000000
0.992096 -0.035247 0.120430 0.000000 -0.092846 0.439423 0.893469 46.951099 -0.084411 -0.897589 0.432677 0.000000 0.000000 0.000000 0.000000 1.000000
0.995149 -0.039559 0.090079 0.000000 -0.084248 0.130195 0.987903 46.951099 -0.050808 -0.990699 0.126231 0.000000 0.000000 0.000000 0.000000 1.000000
0.997822 -0.031735 0.057833 -0.000000 -0.061670 -0.137501 0.988580 46.951099 -0.023421 -0.989993 -0.139159 -0.000000 0.000000 0.000000 0.000000 1.000000
0.999620 -0.007711 -0.026452 0.000000 0.023053 -0.291744 0.956219 46.951099 -0.015091 -0.956465 -0.291456 0.000000 0.000000 0.000000 0.000000 1.000000
0.997275 0.010580 -0.073009 0.000000 0.072216 -0.342176 0.936857 46.951099 -0.015070 -0.939576 -0.342008 0.000000 0.000000 0.000000 0.000000 1.000000
0.996557 0.027589 -0.078192 0.000000 0.082911 -0.320541 0.943599 46.951099 0.000969 -0.946833 -0.321725 0.000000 0.000000 0.000000 0.000000 1.000000
0.995354 0.047302 -0.083865 0.000000 0.092829 -0.240163 0.966284 46.951099 0.025566 -0.969579 -0.243439 0.000000 0.000000 0.000000 0.000000 1.000000
0.991512 0.061615 -0.114491 0.000000 0.121368 -0.122784 0.984984 46.951099 0.046633 -0.990519 -0.129220 0.000000 0.000000 0.000000 0.000000 1.000000
0.991250 0.060256 -0.117439 0.000000 0.118182 -0.008902 0.992952 46.951099 0.058785 -0.998143 -0.015945 0.000000 0.000000 0.000000 0.000000 1.000000
0.994435 0.051021 -0.092173 0.000000 0.087178 0.092724 0.991868 46.951099 0.059152 -0.994384 0.087760 0.000000 0.000000 0.000000 0.000000 1.000000
0.995337 0.049722 -0.082657 -0.000000 0.073301 0.167125 0.983207 46.951099 0.062701 -0.984681 0.162701 -0.000000 0.000000 0.000000 0.000000 1.000000
0.995138 0.056371 -0.080764 0.000000 0.073124 0.126466 0.989272 46.951099 0.065980 -0.990368 0.121729 0.000000 0.000000 0.000000 0.000000 1.000000
0.992455 0.055312 -0.109425 -0.000000 0.105979 0.061815 0.992445 46.951099 0.061658 -0.996554 0.055486 0.000000 0.000000 0.000000 0.000000 1.000000
0.993967 0.041801 -0.101400 0.000000 0.100482 0.023522 0.994661 46.951099 0.043963 -0.998849 0.019180 0.000000 0.000000 0.000000 0.000000 1.000000</float_array>
        <technique_common>
          <accessor source="#mixamorig_RightLeg-Matrix-animation-output-transform-array" count="23" stride="16">
            <param type="float4x4"/>
          </accessor>
        </technique_common>
      </source>
      <source id="mixamorig_RightLeg-Interpolations">
        <Name_array id="mixamorig_RightLeg-Interpolations-array" count="23">
 LINEAR LINEAR LINEAR LINEAR LINEAR LINEAR LINEAR LINEAR LINEAR LINEAR LINEAR
LINEAR LINEAR LINEAR LINEAR LINEAR LINEAR LINEAR LINEAR LINEAR LINEAR LINEAR LINEAR</Name_array>
        <technique_common>
          <accessor source="#mixamorig_RightLeg-Interpolations-array" count="23">
            <param type="name"/>
          </accessor>
        </technique_common>
      </source>
      <sampler id="mixamorig_RightLeg-Matrix-animation-transform">
        <input semantic="INPUT" source="#mixamorig_RightLeg-Matrix-animation-input"/>
        <input semantic="OUTPUT" source="#mixamorig_RightLeg-Matrix-animation-output-transform"/>
        <input semantic="INTERPOLATION" source="#mixamorig_RightLeg-Interpolations"/>
      </sampler>
      <channel source="#mixamorig_RightLeg-Matrix-animation-transform" target="mixamorig_RightLeg/matrix"/>
    </animation>
    <animation id="mixamorig_RightFoot-anim" name="mixamorig_RightFoot">
      <source id="mixamorig_RightFoot-Matrix-animation-input">
        <float_array id="mixamorig_RightFoot-Matrix-animation-input-array" count="23">

0.000000 0.033333 0.066667 0.100000 0.133333 0.166667 0.200000 0.233333 0.266667 0.300000 0.333333 0.366667 0.400000 0.433333 0.466667 0.500000
0.533333 0.566667 0.600000 0.633333 0.666667 0.700000 0.733333</float_array>
        <technique_common>
          <accessor source="#mixamorig_RightFoot-Matrix-animation-input-array" count="23">
            <param name="TIME" type="float"/>
          </accessor>
        </technique_common>
      </source>
      <source id="mixamorig_RightFoot-Matrix-animation-output-transform">
        <float_array id="mixamorig_RightFoot-Matrix-animation-output-transform-array" count="368">

0.999639 -0.013465 0.023242 0.000000 0.026151 0.290264 -0.956589 55.112000 0.006134 0.956852 0.290512 0.000000 0.000000 0.000000 0.000000 1.000000
0.998853 -0.025784 0.040347 0.000000 0.047064 0.373585 -0.926401 55.112000 0.008813 0.927237 0.374370 0.000000 0.000000 0.000000 0.000000 1.000000
0.997856 -0.037715 0.053487 0.000000 0.065087 0.486305 -0.871361 55.112000 0.006852 0.872975 0.487718 0.000000 0.000000 0.000000 0.000000 1.000000
0.996645 -0.054778 0.060809 0.000000 0.081724 0.625882 -0.775625 55.112000 0.004428 0.777992 0.628258 0.000000 0.000000 0.000000 0.000000 1.000000
0.984814 -0.136560 0.107208 -0.000000 0.173564 0.789462 -0.588749 55.112000 -0.004237 0.598415 0.801175 0.000000 0.000000 0.000000 0.000000 1.000000
0.963891 -0.222621 0.146129 0.000000 0.264751 0.860161 -0.435924 55.112000 -0.028649 0.458871 0.888041 0.000000 0.000000 0.000000 0.000000 1.000000
0.958202 -0.237459 0.159567 0.000000 0.285258 0.835536 -0.469582 55.112000 -0.021817 0.495472 0.868350 0.000000 0.000000 0.000000 0.000000 1.000000
0.965225 -0.207853 0.158550 -0.000000 0.261393 0.776218 -0.573724 55.112000 -0.003819 0.595217 0.803556 0.000000 0.000000 0.000000 0.000000 1.000000
0.970675 -0.177359 0.162279 -0.000000 0.239267 0.778152 -0.580716 55.112000 -0.023283 0.602514 0.797769 0.000000 0.000000 0.000000 0.000000 1.000000
0.969721 -0.130778 0.206249 -0.000000 0.229230 0.778713 -0.584003 55.112000 -0.084234 0.613599 0.785112 0.000000 0.000000 0.000000 0.000000 1.000000
0.980684 -0.103666 0.165867 0.000000 0.184633 0.770553 -0.610048 55.112000 -0.064568 0.628889 0.774809 0.000000 0.000000 0.000000 0.000000 1.000000
0.991151 -0.104895 0.081341 0.000000 0.132698 0.768129 -0.626394 55.112000 0.003225 0.631645 0.775251 -0.000000 0.000000 0.000000 0.000000 1.000000
0.989545 -0.113599 0.088862 0.000000 0.144143 0.758044 -0.636075 55.112000 0.004896 0.642234 0.766493 0.000000 0.000000 0.000000 0.000000 1.000000
0.986952 -0.125768 0.100536 -0.000000 0.160773 0.735651 -0.658004 55.112000 0.008796 0.665582 0.746273 0.000000 0.000000 0.000000 0.000000 1.000000
0.983184 -0.142099 0.114709 0.000000 0.182011 0.711203 -0.679016 55.112000 0.014906 0.688475 0.725107 0.000000 0.000000 0.000000 0.000000 1.000000
0.977197 -0.166472 0.131810 -0.000000 0.211413 0.704975 -0.676990 55.112000 0.019778 0.689418 0.724093 0.000000 0.000000 0.000000 0.000000 1.000000
0.976518 -0.169966 0.132379 0.000000 0.214513 0.710315 -0.670401 55.112000 0.019914 0.683055 0.730095 0.000000 0.000000 0.000000 0.000000 1.000000
0.979666 -0.158287 0.123284 -0.000000 0.199999 0.721624 -0.662766 55.112000 0.015943 0.673946 0.738609 0.000000 0.000000 0.000000 0.000000 1.000000
0.982002 -0.147632 0.117798 -0.000000 0.188254 0.714770 -0.673546 55.112000 0.015239 0.683600 0.729698 0.000000 0.000000 0.000000 0.000000 1.000000
0.990644 -0.108498 0.082780 -0.000000 0.132013 0.608093 -0.782812 55.112000 0.034596 0.786416 0.616727 0.000000 0.000000 0.000000 0.000000 1.000000
0.998514 -0.048617 0.024602 0.000000 0.040005 0.347574 -0.936799 55.112000 0.036993 0.936391 0.349003 0.000000 0.000000 0.000000 0.000000 1.000000
0.999310 -0.025708 0.026798 0.000000 0.032528 0.257810 -0.965648 55.112000 0.017916 0.965854 0.258468 0.000000 0.000000 0.000000 0.000000 1.000000
0.999639 -0.013461 0.023236 0.000000 0.026145 0.290267 -0.956588 55.112000 0.006132 0.956851 0.290515 0.000000 0.000000 0.000000 0.000000 1.000000</float_array>
        <technique_common>
          <accessor source="#mixamorig_RightFoot-Matrix-animation-output-transform-array" count="23" stride="16">
            <param type="float4x4"/>
          </accessor>
        </technique_common>
      </source>
      <source id="mixamorig_RightFoot-Interpolations">
        <Name_array id="mixamorig_RightFoot-Interpolations-array" count="23">
 LINEAR LINEAR LINEAR LINEAR LINEAR LINEAR LINEAR LINEAR LINEAR LINEAR LINEAR
LINEAR LINEAR LINEAR LINEAR LINEAR LINEAR LINEAR LINEAR LINEAR LINEAR LINEAR LINEAR</Name_array>
        <technique_common>
          <accessor source="#mixamorig_RightFoot-Interpolations-array" count="23">
            <param type="name"/>
          </accessor>
        </technique_common>
      </source>
      <sampler id="mixamorig_RightFoot-Matrix-animation-transform">
        <input semantic="INPUT" source="#mixamorig_RightFoot-Matrix-animation-input"/>
        <input semantic="OUTPUT" source="#mixamorig_RightFoot-Matrix-animation-output-transform"/>
        <input semantic="INTERPOLATION" source="#mixamorig_RightFoot-Interpolations"/>
      </sampler>
      <channel source="#mixamorig_RightFoot-Matrix-animation-transform" target="mixamorig_RightFoot/matrix"/>
    </animation>
    <animation id="mixamorig_RightToeBase-anim" name="mixamorig_RightToeBase">
      <source id="mixamorig_RightToeBase-Matrix-animation-input">
        <float_array id="mixamorig_RightToeBase-Matrix-animation-input-array" count="23">

0.000000 0.033333 0.066667 0.100000 0.133333 0.166667 0.200000 0.233333 0.266667 0.300000 0.333333 0.366667 0.400000 0.433333 0.466667 0.500000
0.533333 0.566667 0.600000 0.633333 0.666667 0.700000 0.733333</float_array>
        <technique_common>
          <accessor source="#mixamorig_RightToeBase-Matrix-animation-input-array" count="23">
            <param name="TIME" type="float"/>
          </accessor>
        </technique_common>
      </source>
      <source id="mixamorig_RightToeBase-Matrix-animation-output-transform">
        <float_array id="mixamorig_RightToeBase-Matrix-animation-output-transform-array" count="368">

1.000000 -0.000002 0.000001 0.000000 0.000002 0.559376 -0.828914 22.799999 0.000001 0.828914 0.559376 0.000000 0.000000 0.000000 0.000000 1.000000
1.000000 -0.000002 0.000001 0.000000 0.000002 0.585932 -0.810360 22.799999 0.000000 0.810360 0.585932 -0.000000 0.000000 0.000000 0.000000 1.000000
1.000000 -0.000001 0.000001 0.000000 0.000002 0.624423 -0.781087 22.799999 0.000000 0.781087 0.624423 0.000000 0.000000 0.000000 0.000000 1.000000
1.000000 -0.000001 0.000001 0.000000 0.000002 0.624353 -0.781142 22.799999 0.000000 0.781142 0.624353 0.000000 0.000000 0.000000 0.000000 1.000000
0.999969 -0.000050 -0.007911 0.000000 -0.006230 0.611405 -0.791293 22.799999 0.004876 0.791318 0.611386 0.000000 0.000000 0.000000 0.000000 1.000000
1.000000 -0.000001 0.000001 0.000000 0.000002 0.766058 -0.642771 22.799999 -0.000000 0.642771 0.766058 -0.000000 0.000000 0.000000 0.000000 1.000000
1.000000 -0.000001 0.000001 0.000000 0.000002 0.785617 -0.618713 22.799999 -0.000000 0.618713 0.785617 0.000000 0.000000 0.000000 0.000000 1.000000
1.000000 -0.000001 0.000001 0.000000 0.000002 0.763805 -0.645447 22.799999 -0.000000 0.645447 0.763805 0.000000 0.000000 0.000000 0.000000 1.000000
1.000000 -0.000001 0.000001 0.000000 0.000002 0.738563 -0.674184 22.799999 -0.000000 0.674184 0.738563 0.000000 0.000000 0.000000 0.000000 1.000000
1.000000 -0.000001 0.000001 0.000000 0.000002 0.729064 -0.684445 22.799999 -0.000000 0.684445 0.729064 -0.000000 0.000000 0.000000 0.000000 1.000000
0.999987 -0.000020 -0.005120 -0.000000 -0.003528 0.721923 -0.691965 22.799999 0.003710 0.691974 0.721913 0.000000 0.000000 0.000000 0.000000 1.000000
0.999988 -0.000682 -0.004872 0.000000 -0.003485 0.600868 -0.799341 22.799999 0.003473 0.799348 0.600858 0.000000 0.000000 0.000000 0.000000 1.000000
0.999614 -0.004253 -0.027460 -0.000000 -0.020053 0.573656 -0.818851 22.799999 0.019235 0.819085 0.573350 -0.000000 0.000000 0.000000 0.000000 1.000000
1.000000 -0.000001 0.000001 -0.000000 0.000002 0.695707 -0.718326 22.799999 0.000000 0.718326 0.695707 -0.000000 0.000000 0.000000 0.000000 1.000000
1.000000 -0.000001 0.000001 0.000000 0.000002 0.692675 -0.721250 22.799999 -0.000000 0.721250 0.692675 -0.000000 0.000000 0.000000 0.000000 1.000000
1.000000 -0.000001 0.000001 -0.000000 0.000002 0.667551 -0.744564 22.799999 0.000000 0.744564 0.667551 0.000000 0.000000 0.000000 0.000000 1.000000
1.000000 -0.000001 0.000001 -0.000000 0.000002 0.663588 -0.748098 22.799999 0.000000 0.748098 0.663588 0.000000 0.000000 0.000000 0.000000 1.000000
1.000000 -0.000001 0.000001 0.000000 0.000002 0.679047 -0.734095 22.799999 0.000000 0.734095 0.679047 -0.000000 0.000000 0.000000 0.000000 1.000000
0.992423 -0.032476 -0.118500 0.000000 -0.099467 0.353849 -0.929998 22.799999 0.072133 0.934739 0.347938 0.000000 0.000000 0.000000 0.000000 1.000000
0.997749 -0.012893 -0.065812 0.000000 -0.064939 0.059262 -0.996128 22.799999 0.016743 0.998159 0.058291 0.000000 0.000000 0.000000 0.000000 1.000000
1.000000 -0.000002 0.000002 0.000000 0.000002 0.255596 -0.966784 22.799999 0.000002 0.966784 0.255596 0.000000 0.000000 0.000000 0.000000 1.000000
1.000000 -0.000002 0.000001 0.000000 0.000002 0.450522 -0.892765 22.799999 0.000001 0.892765 0.450522 -0.000000 0.000000 0.000000 0.000000 1.000000
1.000000 -0.000002 0.000001 0.000000 0.000002 0.556210 -0.831042 22.799999 0.000001 0.831042 0.556210 0.000000 0.000000 0.000000 0.000000 1.000000</float_array>
        <technique_common>
          <accessor source="#mixamorig_RightToeBase-Matrix-animation-output-transform-array" count="23" stride="16">
            <param type="float4x4"/>
          </accessor>
        </technique_common>
      </source>
      <source id="mixamorig_RightToeBase-Interpolations">
        <Name_array id="mixamorig_RightToeBase-Interpolations-array" count="23">
 LINEAR LINEAR LINEAR LINEAR LINEAR LINEAR LINEAR LINEAR LINEAR LINEAR LINEAR
LINEAR LINEAR LINEAR LINEAR LINEAR LINEAR LINEAR LINEAR LINEAR LINEAR LINEAR LINEAR</Name_array>
        <technique_common>
          <accessor source="#mixamorig_RightToeBase-Interpolations-array" count="23">
            <param type="name"/>
          </accessor>
        </technique_common>
      </source>
      <sampler id="mixamorig_RightToeBase-Matrix-animation-transform">
        <input semantic="INPUT" source="#mixamorig_RightToeBase-Matrix-animation-input"/>
        <input semantic="OUTPUT" source="#mixamorig_RightToeBase-Matrix-animation-output-transform"/>
        <input semantic="INTERPOLATION" source="#mixamorig_RightToeBase-Interpolations"/>
      </sampler>
      <channel source="#mixamorig_RightToeBase-Matrix-animation-transform" target="mixamorig_RightToeBase/matrix"/>
    </animation>
    <animation id="mixamorig_L_C_skirt1-anim" name="mixamorig_L_C_skirt1">
      <source id="mixamorig_L_C_skirt1-Matrix-animation-input">
        <float_array id="mixamorig_L_C_skirt1-Matrix-animation-input-array" count="23">

0.000000 0.033333 0.066667 0.100000 0.133333 0.166667 0.200000 0.233333 0.266667 0.300000 0.333333 0.366667 0.400000 0.433333 0.466667 0.500000
0.533333 0.566667 0.600000 0.633333 0.666667 0.700000 0.733333</float_array>
        <technique_common>
          <accessor source="#mixamorig_L_C_skirt1-Matrix-animation-input-array" count="23">
            <param name="TIME" type="float"/>
          </accessor>
        </technique_common>
      </source>
      <source id="mixamorig_L_C_skirt1-Matrix-animation-output-transform">
        <float_array id="mixamorig_L_C_skirt1-Matrix-animation-output-transform-array" count="368">

0.035066 0.292039 0.955763 12.441200 -0.989026 0.147481 -0.008777 4.607000 -0.143520 -0.944967 0.294006 -11.833000 0.000000 0.000000 0.000000 1.000000
0.035066 0.292039 0.955763 12.441200 -0.989026 0.147481 -0.008777 4.607000 -0.143520 -0.944967 0.294006 -11.833000 0.000000 0.000000 0.000000 1.000000
0.035066 0.292039 0.955763 12.441200 -0.989026 0.147481 -0.008777 4.607000 -0.143520 -0.944967 0.294006 -11.833000 0.000000 0.000000 0.000000 1.000000
0.035066 0.292039 0.955763 12.441200 -0.989026 0.147481 -0.008777 4.607000 -0.143520 -0.944967 0.294006 -11.833000 0.000000 0.000000 0.000000 1.000000
0.035066 0.292039 0.955763 12.441200 -0.989026 0.147481 -0.008777 4.607000 -0.143520 -0.944967 0.294006 -11.833000 0.000000 0.000000 0.000000 1.000000
0.035066 0.292039 0.955763 12.441200 -0.989026 0.147481 -0.008777 4.607000 -0.143520 -0.944967 0.294006 -11.833000 0.000000 0.000000 0.000000 1.000000
0.035066 0.292039 0.955763 12.441200 -0.989026 0.147481 -0.008777 4.607000 -0.143520 -0.944967 0.294006 -11.833000 0.000000 0.000000 0.000000 1.000000
0.035066 0.292039 0.955763 12.441200 -0.989026 0.147481 -0.008777 4.607000 -0.143520 -0.944967 0.294006 -11.833000 0.000000 0.000000 0.000000 1.000000
0.035066 0.292039 0.955763 12.441200 -0.989026 0.147481 -0.008777 4.607000 -0.143520 -0.944967 0.294006 -11.833000 0.000000 0.000000 0.000000 1.000000
0.035066 0.292039 0.955763 12.441200 -0.989026 0.147481 -0.008777 4.607000 -0.143520 -0.944967 0.294006 -11.833000 0.000000 0.000000 0.000000 1.000000
0.035066 0.292039 0.955763 12.441200 -0.989026 0.147481 -0.008777 4.607000 -0.143520 -0.944967 0.294006 -11.833000 0.000000 0.000000 0.000000 1.000000
0.035066 0.292039 0.955763 12.441200 -0.989026 0.147481 -0.008777 4.607000 -0.143520 -0.944967 0.294006 -11.833000 0.000000 0.000000 0.000000 1.000000
0.035066 0.292039 0.955763 12.441200 -0.989026 0.147481 -0.008777 4.607000 -0.143520 -0.944967 0.294006 -11.833000 0.000000 0.000000 0.000000 1.000000
0.035066 0.292039 0.955763 12.441200 -0.989026 0.147481 -0.008777 4.607000 -0.143520 -0.944967 0.294006 -11.833000 0.000000 0.000000 0.000000 1.000000
0.035066 0.292039 0.955763 12.441200 -0.989026 0.147481 -0.008777 4.607000 -0.143520 -0.944967 0.294006 -11.833000 0.000000 0.000000 0.000000 1.000000
0.035066 0.292039 0.955763 12.441200 -0.989026 0.147481 -0.008777 4.607000 -0.143520 -0.944967 0.294006 -11.833000 0.000000 0.000000 0.000000 1.000000
0.035066 0.292039 0.955763 12.441200 -0.989026 0.147481 -0.008777 4.607000 -0.143520 -0.944967 0.294006 -11.833000 0.000000 0.000000 0.000000 1.000000
0.035066 0.292039 0.955763 12.441200 -0.989026 0.147481 -0.008777 4.607000 -0.143520 -0.944967 0.294006 -11.833000 0.000000 0.000000 0.000000 1.000000
0.035066 0.292039 0.955763 12.441200 -0.989026 0.147481 -0.008777 4.607000 -0.143520 -0.944967 0.294006 -11.833000 0.000000 0.000000 0.000000 1.000000
0.035066 0.292039 0.955763 12.441200 -0.989026 0.147481 -0.008777 4.607000 -0.143520 -0.944967 0.294006 -11.833000 0.000000 0.000000 0.000000 1.000000
0.035066 0.292039 0.955763 12.441200 -0.989026 0.147481 -0.008777 4.607000 -0.143520 -0.944967 0.294006 -11.833000 0.000000 0.000000 0.000000 1.000000
0.035066 0.292039 0.955763 12.441200 -0.989026 0.147481 -0.008777 4.607000 -0.143520 -0.944967 0.294006 -11.833000 0.000000 0.000000 0.000000 1.000000
0.035066 0.292039 0.955763 12.441200 -0.989026 0.147481 -0.008777 4.607000 -0.143520 -0.944967 0.294006 -11.833000 0.000000 0.000000 0.000000 1.000000</float_array>
        <technique_common>
          <accessor source="#mixamorig_L_C_skirt1-Matrix-animation-output-transform-array" count="23" stride="16">
            <param type="float4x4"/>
          </accessor>
        </technique_common>
      </source>
      <source id="mixamorig_L_C_skirt1-Interpolations">
        <Name_array id="mixamorig_L_C_skirt1-Interpolations-array" count="23">
 LINEAR LINEAR LINEAR LINEAR LINEAR LINEAR LINEAR LINEAR LINEAR LINEAR LINEAR
LINEAR LINEAR LINEAR LINEAR LINEAR LINEAR LINEAR LINEAR LINEAR LINEAR LINEAR LINEAR</Name_array>
        <technique_common>
          <accessor source="#mixamorig_L_C_skirt1-Interpolations-array" count="23">
            <param type="name"/>
          </accessor>
        </technique_common>
      </source>
      <sampler id="mixamorig_L_C_skirt1-Matrix-animation-transform">
        <input semantic="INPUT" source="#mixamorig_L_C_skirt1-Matrix-animation-input"/>
        <input semantic="OUTPUT" source="#mixamorig_L_C_skirt1-Matrix-animation-output-transform"/>
        <input semantic="INTERPOLATION" source="#mixamorig_L_C_skirt1-Interpolations"/>
      </sampler>
      <channel source="#mixamorig_L_C_skirt1-Matrix-animation-transform" target="mixamorig_L_C_skirt1/matrix"/>
    </animation>
    <animation id="mixamorig_L_C_skirt2-anim" name="mixamorig_L_C_skirt2">
      <source id="mixamorig_L_C_skirt2-Matrix-animation-input">
        <float_array id="mixamorig_L_C_skirt2-Matrix-animation-input-array" count="23">

0.000000 0.033333 0.066667 0.100000 0.133333 0.166667 0.200000 0.233333 0.266667 0.300000 0.333333 0.366667 0.400000 0.433333 0.466667 0.500000
0.533333 0.566667 0.600000 0.633333 0.666667 0.700000 0.733333</float_array>
        <technique_common>
          <accessor source="#mixamorig_L_C_skirt2-Matrix-animation-input-array" count="23">
            <param name="TIME" type="float"/>
          </accessor>
        </technique_common>
      </source>
      <source id="mixamorig_L_C_skirt2-Matrix-animation-output-transform">
        <float_array id="mixamorig_L_C_skirt2-Matrix-animation-output-transform-array" count="368">

1.000000 -0.000000 0.000000 27.657801 0.000000 1.000000 0.000000 0.000000 -0.000000 0.000000 1.000000 0.000000 0.000000 0.000000 0.000000 1.000000
1.000000 -0.000000 0.000000 27.657801 0.000000 1.000000 -0.000000 0.000000 0.000000 0.000000 1.000000 0.000000 0.000000 0.000000 0.000000 1.000000
1.000000 0.000000 -0.000000 27.657801 -0.000000 1.000000 -0.000000 -0.000000 -0.000000 0.000000 1.000000 0.000000 0.000000 0.000000 0.000000 1.000000
1.000000 -0.000000 -0.000000 27.657801 0.000000 1.000000 -0.000000 0.000000 0.000000 0.000000 1.000000 0.000000 0.000000 0.000000 0.000000 1.000000
1.000000 0.000000 0.000000 27.657801 0.000000 1.000000 0.000000 0.000000 0.000000 0.000000 1.000000 -0.000000 0.000000 0.000000 0.000000 1.000000
1.000000 -0.000000 0.000000 27.657801 0.000000 1.000000 0.000000 0.000000 -0.000000 0.000000 1.000000 -0.000000 0.000000 0.000000 0.000000 1.000000
1.000000 0.000000 -0.000000 27.657801 -0.000000 1.000000 0.000000 0.000000 -0.000000 0.000000 1.000000 -0.000000 0.000000 0.000000 0.000000 1.000000
1.000000 0.000000 -0.000000 27.657801 0.000000 1.000000 -0.000000 0.000000 -0.000000 0.000000 1.000000 -0.000000 0.000000 0.000000 0.000000 1.000000
1.000000 -0.000000 -0.000000 27.657801 0.000000 1.000000 -0.000000 -0.000000 -0.000000 0.000000 1.000000 0.000000 0.000000 0.000000 0.000000 1.000000
1.000000 0.000000 0.000000 27.657801 0.000000 1.000000 -0.000000 0.000000 -0.000000 0.000000 1.000000 -0.000000 0.000000 0.000000 0.000000 1.000000
1.000000 -0.000000 -0.000000 27.657801 0.000000 1.000000 0.000000 -0.000000 0.000000 -0.000000 1.000000 0.000000 0.000000 0.000000 0.000000 1.000000
1.000000 -0.000000 -0.000000 27.657801 0.000000 1.000000 -0.000000 -0.000000 0.000000 0.000000 1.000000 0.000000 0.000000 0.000000 0.000000 1.000000
1.000000 -0.000000 0.000000 27.657801 0.000000 1.000000 0.000000 0.000000 0.000000 0.000000 1.000000 0.000000 0.000000 0.000000 0.000000 1.000000
1.000000 -0.000000 -0.000000 27.657801 0.000000 1.000000 0.000000 0.000000 0.000000 0.000000 1.000000 0.000000 0.000000 0.000000 0.000000 1.000000
1.000000 -0.000000 -0.000000 27.657801 0.000000 1.000000 0.000000 0.000000 -0.000000 0.000000 1.000000 -0.000000 0.000000 0.000000 0.000000 1.000000
1.000000 0.000000 0.000000 27.657801 -0.000000 1.000000 0.000000 0.000000 -0.000000 0.000000 1.000000 -0.000000 0.000000 0.000000 0.000000 1.000000
1.000000 -0.000000 0.000000 27.657801 -0.000000 1.000000 0.000000 0.000000 0.000000 0.000000 1.000000 0.000000 0.000000 0.000000 0.000000 1.000000
1.000000 0.000000 0.000000 27.657801 -0.000000 1.000000 -0.000000 -0.000000 0.000000 -0.000000 1.000000 -0.000000 0.000000 0.000000 0.000000 1.000000
1.000000 -0.000000 -0.000000 27.657801 0.000000 1.000000 0.000000 0.000000 -0.000000 -0.000000 1.000000 -0.000000 0.000000 0.000000 0.000000 1.000000
1.000000 0.000000 -0.000000 27.657801 0.000000 1.000000 0.000000 0.000000 -0.000000 0.000000 1.000000 0.000000 0.000000 0.000000 0.000000 1.000000
1.000000 0.000000 0.000000 27.657801 -0.000000 1.000000 0.000000 0.000000 -0.000000 -0.000000 1.000000 0.000000 0.000000 0.000000 0.000000 1.000000
1.000000 0.000000 0.000000 27.657801 0.000000 1.000000 0.000000 0.000000 0.000000 0.000000 1.000000 -0.000000 0.000000 0.000000 0.000000 1.000000
1.000000 0.000000 -0.000000 27.657801 0.000000 1.000000 0.000000 0.000000 -0.000000 -0.000000 1.000000 -0.000000 0.000000 0.000000 0.000000 1.000000</float_array>
        <technique_common>
          <accessor source="#mixamorig_L_C_skirt2-Matrix-animation-output-transform-array" count="23" stride="16">
            <param type="float4x4"/>
          </accessor>
        </technique_common>
      </source>
      <source id="mixamorig_L_C_skirt2-Interpolations">
        <Name_array id="mixamorig_L_C_skirt2-Interpolations-array" count="23">
 LINEAR LINEAR LINEAR LINEAR LINEAR LINEAR LINEAR LINEAR LINEAR LINEAR LINEAR
LINEAR LINEAR LINEAR LINEAR LINEAR LINEAR LINEAR LINEAR LINEAR LINEAR LINEAR LINEAR</Name_array>
        <technique_common>
          <accessor source="#mixamorig_L_C_skirt2-Interpolations-array" count="23">
            <param type="name"/>
          </accessor>
        </technique_common>
      </source>
      <sampler id="mixamorig_L_C_skirt2-Matrix-animation-transform">
        <input semantic="INPUT" source="#mixamorig_L_C_skirt2-Matrix-animation-input"/>
        <input semantic="OUTPUT" source="#mixamorig_L_C_skirt2-Matrix-animation-output-transform"/>
        <input semantic="INTERPOLATION" source="#mixamorig_L_C_skirt2-Interpolations"/>
      </sampler>
      <channel source="#mixamorig_L_C_skirt2-Matrix-animation-transform" target="mixamorig_L_C_skirt2/matrix"/>
    </animation>
    <animation id="mixamorig_L_C_skirt3-anim" name="mixamorig_L_C_skirt3">
      <source id="mixamorig_L_C_skirt3-Matrix-animation-input">
        <float_array id="mixamorig_L_C_skirt3-Matrix-animation-input-array" count="23">

0.000000 0.033333 0.066667 0.100000 0.133333 0.166667 0.200000 0.233333 0.266667 0.300000 0.333333 0.366667 0.400000 0.433333 0.466667 0.500000
0.533333 0.566667 0.600000 0.633333 0.666667 0.700000 0.733333</float_array>
        <technique_common>
          <accessor source="#mixamorig_L_C_skirt3-Matrix-animation-input-array" count="23">
            <param name="TIME" type="float"/>
          </accessor>
        </technique_common>
      </source>
      <source id="mixamorig_L_C_skirt3-Matrix-animation-output-transform">
        <float_array id="mixamorig_L_C_skirt3-Matrix-animation-output-transform-array" count="368">

1.000000 -0.000000 0.000000 23.970100 0.000000 1.000000 -0.000000 0.000000 0.000000 -0.000000 1.000000 -0.000000 0.000000 0.000000 0.000000 1.000000
1.000000 -0.000000 0.000000 23.970100 0.000000 1.000000 -0.000000 0.000000 0.000000 0.000000 1.000000 0.000000 0.000000 0.000000 0.000000 1.000000
1.000000 0.000000 -0.000000 23.970100 0.000000 1.000000 0.000000 0.000000 -0.000000 0.000000 1.000000 0.000000 0.000000 0.000000 0.000000 1.000000
1.000000 0.000000 -0.000000 23.970100 0.000000 1.000000 -0.000000 0.000000 0.000000 0.000000 1.000000 -0.000000 0.000000 0.000000 0.000000 1.000000
1.000000 0.000000 0.000000 23.970100 0.000000 1.000000 0.000000 0.000000 0.000000 -0.000000 1.000000 0.000000 0.000000 0.000000 0.000000 1.000000
1.000000 -0.000000 0.000000 23.970100 0.000000 1.000000 0.000000 0.000000 -0.000000 0.000000 1.000000 -0.000000 0.000000 0.000000 0.000000 1.000000
1.000000 -0.000000 0.000000 23.970100 -0.000000 1.000000 0.000000 0.000000 0.000000 0.000000 1.000000 0.000000 0.000000 0.000000 0.000000 1.000000
1.000000 0.000000 0.000000 23.970100 -0.000000 1.000000 -0.000000 -0.000000 -0.000000 0.000000 1.000000 -0.000000 0.000000 0.000000 0.000000 1.000000
1.000000 -0.000000 -0.000000 23.970100 0.000000 1.000000 -0.000000 0.000000 -0.000000 0.000000 1.000000 0.000000 0.000000 0.000000 0.000000 1.000000
1.000000 0.000000 0.000000 23.970100 0.000000 1.000000 -0.000000 -0.000000 0.000000 0.000000 1.000000 0.000000 0.000000 0.000000 0.000000 1.000000
1.000000 -0.000000 0.000000 23.970100 0.000000 1.000000 0.000000 0.000000 -0.000000 -0.000000 1.000000 0.000000 0.000000 0.000000 0.000000 1.000000
1.000000 0.000000 0.000000 23.970100 0.000000 1.000000 0.000000 0.000000 0.000000 0.000000 1.000000 -0.000000 0.000000 0.000000 0.000000 1.000000
1.000000 0.000000 0.000000 23.970100 0.000000 1.000000 0.000000 0.000000 0.000000 0.000000 1.000000 -0.000000 0.000000 0.000000 0.000000 1.000000
1.000000 -0.000000 0.000000 23.970100 0.000000 1.000000 0.000000 0.000000 0.000000 0.000000 1.000000 -0.000000 0.000000 0.000000 0.000000 1.000000
1.000000 -0.000000 -0.000000 23.970100 0.000000 1.000000 0.000000 0.000000 -0.000000 0.000000 1.000000 0.000000 0.000000 0.000000 0.000000 1.000000
1.000000 0.000000 -0.000000 23.970100 -0.000000 1.000000 0.000000 0.000000 -0.000000 0.000000 1.000000 0.000000 0.000000 0.000000 0.000000 1.000000
1.000000 0.000000 -0.000000 23.970100 0.000000 1.000000 0.000000 0.000000 0.000000 0.000000 1.000000 -0.000000 0.000000 0.000000 0.000000 1.000000
1.000000 0.000000 -0.000000 23.970100 0.000000 1.000000 0.000000 0.000000 0.000000 0.000000 1.000000 0.000000 0.000000 0.000000 0.000000 1.000000
1.000000 0.000000 -0.000000 23.970100 0.000000 1.000000 0.000000 -0.000000 0.000000 -0.000000 1.000000 -0.000000 0.000000 0.000000 0.000000 1.000000
1.000000 0.000000 -0.000000 23.970100 0.000000 1.000000 0.000000 -0.000000 -0.000000 -0.000000 1.000000 0.000000 0.000000 0.000000 0.000000 1.000000
1.000000 0.000000 0.000000 23.970100 -0.000000 1.000000 0.000000 0.000000 -0.000000 -0.000000 1.000000 0.000000 0.000000 0.000000 0.000000 1.000000
1.000000 0.000000 0.000000 23.970100 0.000000 1.000000 0.000000 0.000000 0.000000 0.000000 1.000000 -0.000000 0.000000 0.000000 0.000000 1.000000
1.000000 0.000000 -0.000000 23.970100 0.000000 1.000000 0.000000 0.000000 0.000000 0.000000 1.000000 0.000000 0.000000 0.000000 0.000000 1.000000</float_array>
        <technique_common>
          <accessor source="#mixamorig_L_C_skirt3-Matrix-animation-output-transform-array" count="23" stride="16">
            <param type="float4x4"/>
          </accessor>
        </technique_common>
      </source>
      <source id="mixamorig_L_C_skirt3-Interpolations">
        <Name_array id="mixamorig_L_C_skirt3-Interpolations-array" count="23">
 LINEAR LINEAR LINEAR LINEAR LINEAR LINEAR LINEAR LINEAR LINEAR LINEAR LINEAR
LINEAR LINEAR LINEAR LINEAR LINEAR LINEAR LINEAR LINEAR LINEAR LINEAR LINEAR LINEAR</Name_array>
        <technique_common>
          <accessor source="#mixamorig_L_C_skirt3-Interpolations-array" count="23">
            <param type="name"/>
          </accessor>
        </technique_common>
      </source>
      <sampler id="mixamorig_L_C_skirt3-Matrix-animation-transform">
        <input semantic="INPUT" source="#mixamorig_L_C_skirt3-Matrix-animation-input"/>
        <input semantic="OUTPUT" source="#mixamorig_L_C_skirt3-Matrix-animation-output-transform"/>
        <input semantic="INTERPOLATION" source="#mixamorig_L_C_skirt3-Interpolations"/>
      </sampler>
      <channel source="#mixamorig_L_C_skirt3-Matrix-animation-transform" target="mixamorig_L_C_skirt3/matrix"/>
    </animation>
    <animation id="mixamorig_L_A_skirt1-anim" name="mixamorig_L_A_skirt1">
      <source id="mixamorig_L_A_skirt1-Matrix-animation-input">
        <float_array id="mixamorig_L_A_skirt1-Matrix-animation-input-array" count="23">

0.000000 0.033333 0.066667 0.100000 0.133333 0.166667 0.200000 0.233333 0.266667 0.300000 0.333333 0.366667 0.400000 0.433333 0.466667 0.500000
0.533333 0.566667 0.600000 0.633333 0.666667 0.700000 0.733333</float_array>
        <technique_common>
          <accessor source="#mixamorig_L_A_skirt1-Matrix-animation-input-array" count="23">
            <param name="TIME" type="float"/>
          </accessor>
        </technique_common>
      </source>
      <source id="mixamorig_L_A_skirt1-Matrix-animation-output-transform">
        <float_array id="mixamorig_L_A_skirt1-Matrix-animation-output-transform-array" count="368">

0.142123 0.623442 -0.768844 18.178400 -0.988646 0.051128 -0.141295 3.981100 -0.048780 0.780196 0.623630 19.504801 0.000000 0.000000 0.000000 1.000000
0.142123 0.623442 -0.768844 18.178400 -0.988646 0.051128 -0.141295 3.981100 -0.048780 0.780196 0.623630 19.504801 0.000000 0.000000 0.000000 1.000000
0.142123 0.623442 -0.768844 18.178400 -0.988646 0.051128 -0.141295 3.981100 -0.048780 0.780196 0.623630 19.504801 0.000000 0.000000 0.000000 1.000000
0.142123 0.623442 -0.768844 18.178400 -0.988646 0.051128 -0.141295 3.981100 -0.048780 0.780196 0.623630 19.504801 0.000000 0.000000 0.000000 1.000000
0.142123 0.623442 -0.768844 18.178400 -0.988646 0.051128 -0.141295 3.981100 -0.048780 0.780196 0.623630 19.504801 0.000000 0.000000 0.000000 1.000000
0.142123 0.623442 -0.768844 18.178400 -0.988646 0.051128 -0.141295 3.981100 -0.048780 0.780196 0.623630 19.504801 0.000000 0.000000 0.000000 1.000000
0.142123 0.623442 -0.768844 18.178400 -0.988646 0.051128 -0.141295 3.981100 -0.048780 0.780196 0.623630 19.504801 0.000000 0.000000 0.000000 1.000000
0.142123 0.623442 -0.768844 18.178400 -0.988646 0.051128 -0.141295 3.981100 -0.048780 0.780196 0.623630 19.504801 0.000000 0.000000 0.000000 1.000000
0.142123 0.623442 -0.768844 18.178400 -0.988646 0.051128 -0.141295 3.981100 -0.048780 0.780196 0.623630 19.504801 0.000000 0.000000 0.000000 1.000000
0.142123 0.623442 -0.768844 18.178400 -0.988646 0.051128 -0.141295 3.981100 -0.048780 0.780196 0.623630 19.504801 0.000000 0.000000 0.000000 1.000000
0.142123 0.623442 -0.768844 18.178400 -0.988646 0.051128 -0.141295 3.981100 -0.048780 0.780196 0.623630 19.504801 0.000000 0.000000 0.000000 1.000000
0.142123 0.623442 -0.768844 18.178400 -0.988646 0.051128 -0.141295 3.981100 -0.048780 0.780196 0.623630 19.504801 0.000000 0.000000 0.000000 1.000000
0.142123 0.623442 -0.768844 18.178400 -0.988646 0.051128 -0.141295 3.981100 -0.048780 0.780196 0.623630 19.504801 0.000000 0.000000 0.000000 1.000000
0.142123 0.623442 -0.768844 18.178400 -0.988646 0.051128 -0.141295 3.981100 -0.048780 0.780196 0.623630 19.504801 0.000000 0.000000 0.000000 1.000000
0.142123 0.623442 -0.768844 18.178400 -0.988646 0.051128 -0.141295 3.981100 -0.048780 0.780196 0.623630 19.504801 0.000000 0.000000 0.000000 1.000000
0.142123 0.623442 -0.768844 18.178400 -0.988646 0.051128 -0.141295 3.981100 -0.048780 0.780196 0.623630 19.504801 0.000000 0.000000 0.000000 1.000000
0.142123 0.623442 -0.768844 18.178400 -0.988646 0.051128 -0.141295 3.981100 -0.048780 0.780196 0.623630 19.504801 0.000000 0.000000 0.000000 1.000000
0.142123 0.623442 -0.768844 18.178400 -0.988646 0.051128 -0.141295 3.981100 -0.048780 0.780196 0.623630 19.504801 0.000000 0.000000 0.000000 1.000000
0.142123 0.623442 -0.768844 18.178400 -0.988646 0.051128 -0.141295 3.981100 -0.048780 0.780196 0.623630 19.504801 0.000000 0.000000 0.000000 1.000000
0.142123 0.623442 -0.768844 18.178400 -0.988646 0.051128 -0.141295 3.981100 -0.048780 0.780196 0.623630 19.504801 0.000000 0.000000 0.000000 1.000000
0.142123 0.623442 -0.768844 18.178400 -0.988646 0.051128 -0.141295 3.981100 -0.048780 0.780196 0.623630 19.504801 0.000000 0.000000 0.000000 1.000000
0.142123 0.623442 -0.768844 18.178400 -0.988646 0.051128 -0.141295 3.981100 -0.048780 0.780196 0.623630 19.504801 0.000000 0.000000 0.000000 1.000000
0.142123 0.623442 -0.768844 18.178400 -0.988646 0.051128 -0.141295 3.981100 -0.048780 0.780196 0.623630 19.504801 0.000000 0.000000 0.000000 1.000000</float_array>
        <technique_common>
          <accessor source="#mixamorig_L_A_skirt1-Matrix-animation-output-transform-array" count="23" stride="16">
            <param type="float4x4"/>
          </accessor>
        </technique_common>
      </source>
      <source id="mixamorig_L_A_skirt1-Interpolations">
        <Name_array id="mixamorig_L_A_skirt1-Interpolations-array" count="23">
 LINEAR LINEAR LINEAR LINEAR LINEAR LINEAR LINEAR LINEAR LINEAR LINEAR LINEAR
LINEAR LINEAR LINEAR LINEAR LINEAR LINEAR LINEAR LINEAR LINEAR LINEAR LINEAR LINEAR</Name_array>
        <technique_common>
          <accessor source="#mixamorig_L_A_skirt1-Interpolations-array" count="23">
            <param type="name"/>
          </accessor>
        </technique_common>
      </source>
      <sampler id="mixamorig_L_A_skirt1-Matrix-animation-transform">
        <input semantic="INPUT" source="#mixamorig_L_A_skirt1-Matrix-animation-input"/>
        <input semantic="OUTPUT" source="#mixamorig_L_A_skirt1-Matrix-animation-output-transform"/>
        <input semantic="INTERPOLATION" source="#mixamorig_L_A_skirt1-Interpolations"/>
      </sampler>
      <channel source="#mixamorig_L_A_skirt1-Matrix-animation-transform" target="mixamorig_L_A_skirt1/matrix"/>
    </animation>
    <animation id="mixamorig_L_A_skirt2-anim" name="mixamorig_L_A_skirt2">
      <source id="mixamorig_L_A_skirt2-Matrix-animation-input">
        <float_array id="mixamorig_L_A_skirt2-Matrix-animation-input-array" count="23">

0.000000 0.033333 0.066667 0.100000 0.133333 0.166667 0.200000 0.233333 0.266667 0.300000 0.333333 0.366667 0.400000 0.433333 0.466667 0.500000
0.533333 0.566667 0.600000 0.633333 0.666667 0.700000 0.733333</float_array>
        <technique_common>
          <accessor source="#mixamorig_L_A_skirt2-Matrix-animation-input-array" count="23">
            <param name="TIME" type="float"/>
          </accessor>
        </technique_common>
      </source>
      <source id="mixamorig_L_A_skirt2-Matrix-animation-output-transform">
        <float_array id="mixamorig_L_A_skirt2-Matrix-animation-output-transform-array" count="368">

1.000000 0.000000 0.000000 27.335699 -0.000000 1.000000 -0.000000 0.000000 0.000000 0.000000 1.000000 -0.000000 0.000000 0.000000 0.000000 1.000000
1.000000 0.000000 -0.000000 27.335699 0.000000 1.000000 0.000000 0.000000 0.000000 0.000000 1.000000 0.000000 0.000000 0.000000 0.000000 1.000000
1.000000 -0.000000 -0.000000 27.335699 0.000000 1.000000 0.000000 0.000000 -0.000000 0.000000 1.000000 0.000000 0.000000 0.000000 0.000000 1.000000
1.000000 -0.000000 -0.000000 27.335699 0.000000 1.000000 -0.000000 0.000000 0.000000 0.000000 1.000000 0.000000 0.000000 0.000000 0.000000 1.000000
1.000000 0.000000 0.000000 27.335699 0.000000 1.000000 0.000000 0.000000 -0.000000 0.000000 1.000000 0.000000 0.000000 0.000000 0.000000 1.000000
1.000000 0.000000 -0.000000 27.335699 0.000000 1.000000 0.000000 0.000000 0.000000 0.000000 1.000000 0.000000 0.000000 0.000000 0.000000 1.000000
1.000000 0.000000 0.000000 27.335699 0.000000 1.000000 -0.000000 0.000000 0.000000 -0.000000 1.000000 -0.000000 0.000000 0.000000 0.000000 1.000000
1.000000 -0.000000 0.000000 27.335699 0.000000 1.000000 -0.000000 0.000000 -0.000000 -0.000000 1.000000 0.000000 0.000000 0.000000 0.000000 1.000000
1.000000 0.000000 0.000000 27.335699 -0.000000 1.000000 0.000000 -0.000000 -0.000000 -0.000000 1.000000 0.000000 0.000000 0.000000 0.000000 1.000000
1.000000 -0.000000 -0.000000 27.335699 0.000000 1.000000 -0.000000 0.000000 -0.000000 0.000000 1.000000 0.000000 0.000000 0.000000 0.000000 1.000000
1.000000 -0.000000 0.000000 27.335699 0.000000 1.000000 -0.000000 0.000000 0.000000 0.000000 1.000000 -0.000000 0.000000 0.000000 0.000000 1.000000
1.000000 -0.000000 -0.000000 27.335699 -0.000000 1.000000 0.000000 0.000000 0.000000 0.000000 1.000000 0.000000 0.000000 0.000000 0.000000 1.000000
1.000000 -0.000000 -0.000000 27.335699 0.000000 1.000000 -0.000000 0.000000 0.000000 0.000000 1.000000 0.000000 0.000000 0.000000 0.000000 1.000000
1.000000 0.000000 -0.000000 27.335699 0.000000 1.000000 -0.000000 0.000000 0.000000 -0.000000 1.000000 -0.000000 0.000000 0.000000 0.000000 1.000000
1.000000 0.000000 -0.000000 27.335699 -0.000000 1.000000 0.000000 0.000000 -0.000000 0.000000 1.000000 -0.000000 0.000000 0.000000 0.000000 1.000000
1.000000 -0.000000 0.000000 27.335699 0.000000 1.000000 0.000000 0.000000 -0.000000 0.000000 1.000000 0.000000 0.000000 0.000000 0.000000 1.000000
1.000000 -0.000000 -0.000000 27.335699 -0.000000 1.000000 0.000000 0.000000 0.000000 0.000000 1.000000 0.000000 0.000000 0.000000 0.000000 1.000000
1.000000 0.000000 0.000000 27.335699 -0.000000 1.000000 -0.000000 0.000000 0.000000 -0.000000 1.000000 -0.000000 0.000000 0.000000 0.000000 1.000000
1.000000 -0.000000 0.000000 27.335699 0.000000 1.000000 -0.000000 -0.000000 -0.000000 -0.000000 1.000000 0.000000 0.000000 0.000000 0.000000 1.000000
1.000000 -0.000000 0.000000 27.335699 -0.000000 1.000000 0.000000 -0.000000 0.000000 0.000000 1.000000 0.000000 0.000000 0.000000 0.000000 1.000000
1.000000 0.000000 0.000000 27.335699 0.000000 1.000000 -0.000000 -0.000000 0.000000 0.000000 1.000000 0.000000 0.000000 0.000000 0.000000 1.000000
1.000000 0.000000 0.000000 27.335699 0.000000 1.000000 -0.000000 0.000000 -0.000000 -0.000000 1.000000 -0.000000 0.000000 0.000000 0.000000 1.000000
1.000000 0.000000 -0.000000 27.335699 0.000000 1.000000 -0.000000 0.000000 -0.000000 -0.000000 1.000000 -0.000000 0.000000 0.000000 0.000000 1.000000</float_array>
        <technique_common>
          <accessor source="#mixamorig_L_A_skirt2-Matrix-animation-output-transform-array" count="23" stride="16">
            <param type="float4x4"/>
          </accessor>
        </technique_common>
      </source>
      <source id="mixamorig_L_A_skirt2-Interpolations">
        <Name_array id="mixamorig_L_A_skirt2-Interpolations-array" count="23">
 LINEAR LINEAR LINEAR LINEAR LINEAR LINEAR LINEAR LINEAR LINEAR LINEAR LINEAR
LINEAR LINEAR LINEAR LINEAR LINEAR LINEAR LINEAR LINEAR LINEAR LINEAR LINEAR LINEAR</Name_array>
        <technique_common>
          <accessor source="#mixamorig_L_A_skirt2-Interpolations-array" count="23">
            <param type="name"/>
          </accessor>
        </technique_common>
      </source>
      <sampler id="mixamorig_L_A_skirt2-Matrix-animation-transform">
        <input semantic="INPUT" source="#mixamorig_L_A_skirt2-Matrix-animation-input"/>
        <input semantic="OUTPUT" source="#mixamorig_L_A_skirt2-Matrix-animation-output-transform"/>
        <input semantic="INTERPOLATION" source="#mixamorig_L_A_skirt2-Interpolations"/>
      </sampler>
      <channel source="#mixamorig_L_A_skirt2-Matrix-animation-transform" target="mixamorig_L_A_skirt2/matrix"/>
    </animation>
    <animation id="mixamorig_L_A_skirt3-anim" name="mixamorig_L_A_skirt3">
      <source id="mixamorig_L_A_skirt3-Matrix-animation-input">
        <float_array id="mixamorig_L_A_skirt3-Matrix-animation-input-array" count="23">

0.000000 0.033333 0.066667 0.100000 0.133333 0.166667 0.200000 0.233333 0.266667 0.300000 0.333333 0.366667 0.400000 0.433333 0.466667 0.500000
0.533333 0.566667 0.600000 0.633333 0.666667 0.700000 0.733333</float_array>
        <technique_common>
          <accessor source="#mixamorig_L_A_skirt3-Matrix-animation-input-array" count="23">
            <param name="TIME" type="float"/>
          </accessor>
        </technique_common>
      </source>
      <source id="mixamorig_L_A_skirt3-Matrix-animation-output-transform">
        <float_array id="mixamorig_L_A_skirt3-Matrix-animation-output-transform-array" count="368">

1.000000 -0.000000 0.000000 27.066099 -0.000000 1.000000 0.000000 0.000000 0.000000 0.000000 1.000000 -0.000000 0.000000 0.000000 0.000000 1.000000
1.000000 -0.000000 0.000000 27.066099 -0.000000 1.000000 0.000000 0.000000 0.000000 0.000000 1.000000 0.000000 0.000000 0.000000 0.000000 1.000000
1.000000 -0.000000 -0.000000 27.066099 0.000000 1.000000 0.000000 -0.000000 0.000000 0.000000 1.000000 0.000000 0.000000 0.000000 0.000000 1.000000
1.000000 -0.000000 0.000000 27.066099 -0.000000 1.000000 0.000000 0.000000 -0.000000 0.000000 1.000000 -0.000000 0.000000 0.000000 0.000000 1.000000
1.000000 -0.000000 0.000000 27.066099 0.000000 1.000000 -0.000000 0.000000 0.000000 0.000000 1.000000 0.000000 0.000000 0.000000 0.000000 1.000000
1.000000 0.000000 -0.000000 27.066099 0.000000 1.000000 -0.000000 -0.000000 0.000000 0.000000 1.000000 0.000000 0.000000 0.000000 0.000000 1.000000
1.000000 0.000000 0.000000 27.066099 -0.000000 1.000000 -0.000000 0.000000 0.000000 -0.000000 1.000000 0.000000 0.000000 0.000000 0.000000 1.000000
1.000000 0.000000 0.000000 27.066099 0.000000 1.000000 0.000000 0.000000 0.000000 -0.000000 1.000000 0.000000 0.000000 0.000000 0.000000 1.000000
1.000000 0.000000 -0.000000 27.066099 0.000000 1.000000 0.000000 0.000000 -0.000000 -0.000000 1.000000 0.000000 0.000000 0.000000 0.000000 1.000000
1.000000 0.000000 -0.000000 27.066099 0.000000 1.000000 -0.000000 0.000000 -0.000000 -0.000000 1.000000 0.000000 0.000000 0.000000 0.000000 1.000000
1.000000 0.000000 0.000000 27.066099 0.000000 1.000000 0.000000 0.000000 0.000000 0.000000 1.000000 0.000000 0.000000 0.000000 0.000000 1.000000
1.000000 0.000000 -0.000000 27.066099 -0.000000 1.000000 0.000000 0.000000 0.000000 0.000000 1.000000 -0.000000 0.000000 0.000000 0.000000 1.000000
1.000000 0.000000 -0.000000 27.066099 0.000000 1.000000 0.000000 0.000000 -0.000000 -0.000000 1.000000 0.000000 0.000000 0.000000 0.000000 1.000000
1.000000 0.000000 0.000000 27.066099 0.000000 1.000000 -0.000000 -0.000000 0.000000 0.000000 1.000000 0.000000 0.000000 0.000000 0.000000 1.000000
1.000000 -0.000000 0.000000 27.066099 -0.000000 1.000000 0.000000 0.000000 -0.000000 0.000000 1.000000 -0.000000 0.000000 0.000000 0.000000 1.000000
1.000000 0.000000 0.000000 27.066099 0.000000 1.000000 0.000000 0.000000 -0.000000 0.000000 1.000000 0.000000 0.000000 0.000000 0.000000 1.000000
1.000000 0.000000 0.000000 27.066099 -0.000000 1.000000 0.000000 0.000000 -0.000000 0.000000 1.000000 0.000000 0.000000 0.000000 0.000000 1.000000
1.000000 -0.000000 0.000000 27.066099 -0.000000 1.000000 0.000000 0.000000 -0.000000 -0.000000 1.000000 0.000000 0.000000 0.000000 0.000000 1.000000
1.000000 0.000000 0.000000 27.066099 0.000000 1.000000 0.000000 0.000000 -0.000000 -0.000000 1.000000 0.000000 0.000000 0.000000 0.000000 1.000000
1.000000 0.000000 -0.000000 27.066099 -0.000000 1.000000 0.000000 0.000000 0.000000 0.000000 1.000000 -0.000000 0.000000 0.000000 0.000000 1.000000
1.000000 0.000000 0.000000 27.066099 0.000000 1.000000 0.000000 0.000000 -0.000000 0.000000 1.000000 0.000000 0.000000 0.000000 0.000000 1.000000
1.000000 0.000000 0.000000 27.066099 0.000000 1.000000 -0.000000 0.000000 -0.000000 -0.000000 1.000000 0.000000 0.000000 0.000000 0.000000 1.000000
1.000000 0.000000 0.000000 27.066099 0.000000 1.000000 -0.000000 0.000000 0.000000 -0.000000 1.000000 -0.000000 0.000000 0.000000 0.000000 1.000000</float_array>
        <technique_common>
          <accessor source="#mixamorig_L_A_skirt3-Matrix-animation-output-transform-array" count="23" stride="16">
            <param type="float4x4"/>
          </accessor>
        </technique_common>
      </source>
      <source id="mixamorig_L_A_skirt3-Interpolations">
        <Name_array id="mixamorig_L_A_skirt3-Interpolations-array" count="23">
 LINEAR LINEAR LINEAR LINEAR LINEAR LINEAR LINEAR LINEAR LINEAR LINEAR LINEAR
LINEAR LINEAR LINEAR LINEAR LINEAR LINEAR LINEAR LINEAR LINEAR LINEAR LINEAR LINEAR</Name_array>
        <technique_common>
          <accessor source="#mixamorig_L_A_skirt3-Interpolations-array" count="23">
            <param type="name"/>
          </accessor>
        </technique_common>
      </source>
      <sampler id="mixamorig_L_A_skirt3-Matrix-animation-transform">
        <input semantic="INPUT" source="#mixamorig_L_A_skirt3-Matrix-animation-input"/>
        <input semantic="OUTPUT" source="#mixamorig_L_A_skirt3-Matrix-animation-output-transform"/>
        <input semantic="INTERPOLATION" source="#mixamorig_L_A_skirt3-Interpolations"/>
      </sampler>
      <channel source="#mixamorig_L_A_skirt3-Matrix-animation-transform" target="mixamorig_L_A_skirt3/matrix"/>
    </animation>
    <animation id="mixamorig_L_B_skirt1-anim" name="mixamorig_L_B_skirt1">
      <source id="mixamorig_L_B_skirt1-Matrix-animation-input">
        <float_array id="mixamorig_L_B_skirt1-Matrix-animation-input-array" count="23">

0.000000 0.033333 0.066667 0.100000 0.133333 0.166667 0.200000 0.233333 0.266667 0.300000 0.333333 0.366667 0.400000 0.433333 0.466667 0.500000
0.533333 0.566667 0.600000 0.633333 0.666667 0.700000 0.733333</float_array>
        <technique_common>
          <accessor source="#mixamorig_L_B_skirt1-Matrix-animation-input-array" count="23">
            <param name="TIME" type="float"/>
          </accessor>
        </technique_common>
      </source>
      <source id="mixamorig_L_B_skirt1-Matrix-animation-output-transform">
        <float_array id="mixamorig_L_B_skirt1-Matrix-animation-output-transform-array" count="368">

0.142186 0.942169 0.303482 22.933800 -0.985105 0.164643 -0.049605 6.145800 -0.096702 -0.291908 0.951545 0.309300 0.000000 0.000000 0.000000 1.000000
0.142186 0.942169 0.303482 22.933800 -0.985105 0.164643 -0.049605 6.145800 -0.096702 -0.291908 0.951545 0.309300 0.000000 0.000000 0.000000 1.000000
0.142186 0.942169 0.303482 22.933800 -0.985105 0.164643 -0.049605 6.145800 -0.096702 -0.291908 0.951545 0.309300 0.000000 0.000000 0.000000 1.000000
0.142186 0.942169 0.303482 22.933800 -0.985105 0.164643 -0.049605 6.145800 -0.096702 -0.291908 0.951545 0.309300 0.000000 0.000000 0.000000 1.000000
0.142186 0.942169 0.303482 22.933800 -0.985105 0.164643 -0.049605 6.145800 -0.096702 -0.291908 0.951545 0.309300 0.000000 0.000000 0.000000 1.000000
0.142186 0.942169 0.303482 22.933800 -0.985105 0.164643 -0.049605 6.145800 -0.096702 -0.291908 0.951545 0.309300 0.000000 0.000000 0.000000 1.000000
0.142186 0.942169 0.303482 22.933800 -0.985105 0.164643 -0.049605 6.145800 -0.096702 -0.291908 0.951545 0.309300 0.000000 0.000000 0.000000 1.000000
0.142186 0.942169 0.303482 22.933800 -0.985105 0.164643 -0.049605 6.145800 -0.096702 -0.291908 0.951545 0.309300 0.000000 0.000000 0.000000 1.000000
0.142186 0.942169 0.303482 22.933800 -0.985105 0.164643 -0.049605 6.145800 -0.096702 -0.291908 0.951545 0.309300 0.000000 0.000000 0.000000 1.000000
0.142186 0.942169 0.303482 22.933800 -0.985105 0.164643 -0.049605 6.145800 -0.096702 -0.291908 0.951545 0.309300 0.000000 0.000000 0.000000 1.000000
0.142186 0.942169 0.303482 22.933800 -0.985105 0.164643 -0.049605 6.145800 -0.096702 -0.291908 0.951545 0.309300 0.000000 0.000000 0.000000 1.000000
0.142186 0.942169 0.303482 22.933800 -0.985105 0.164643 -0.049605 6.145800 -0.096702 -0.291908 0.951545 0.309300 0.000000 0.000000 0.000000 1.000000
0.142186 0.942169 0.303482 22.933800 -0.985105 0.164643 -0.049605 6.145800 -0.096702 -0.291908 0.951545 0.309300 0.000000 0.000000 0.000000 1.000000
0.142186 0.942169 0.303482 22.933800 -0.985105 0.164643 -0.049605 6.145800 -0.096702 -0.291908 0.951545 0.309300 0.000000 0.000000 0.000000 1.000000
0.142186 0.942169 0.303482 22.933800 -0.985105 0.164643 -0.049605 6.145800 -0.096702 -0.291908 0.951545 0.309300 0.000000 0.000000 0.000000 1.000000
0.142186 0.942169 0.303482 22.933800 -0.985105 0.164643 -0.049605 6.145800 -0.096702 -0.291908 0.951545 0.309300 0.000000 0.000000 0.000000 1.000000
0.142186 0.942169 0.303482 22.933800 -0.985105 0.164643 -0.049605 6.145800 -0.096702 -0.291908 0.951545 0.309300 0.000000 0.000000 0.000000 1.000000
0.142186 0.942169 0.303482 22.933800 -0.985105 0.164643 -0.049605 6.145800 -0.096702 -0.291908 0.951545 0.309300 0.000000 0.000000 0.000000 1.000000
0.142186 0.942169 0.303482 22.933800 -0.985105 0.164643 -0.049605 6.145800 -0.096702 -0.291908 0.951545 0.309300 0.000000 0.000000 0.000000 1.000000
0.142186 0.942169 0.303482 22.933800 -0.985105 0.164643 -0.049605 6.145800 -0.096702 -0.291908 0.951545 0.309300 0.000000 0.000000 0.000000 1.000000
0.142186 0.942169 0.303482 22.933800 -0.985105 0.164643 -0.049605 6.145800 -0.096702 -0.291908 0.951545 0.309300 0.000000 0.000000 0.000000 1.000000
0.142186 0.942169 0.303482 22.933800 -0.985105 0.164643 -0.049605 6.145800 -0.096702 -0.291908 0.951545 0.309300 0.000000 0.000000 0.000000 1.000000
0.142186 0.942169 0.303482 22.933800 -0.985105 0.164643 -0.049605 6.145800 -0.096702 -0.291908 0.951545 0.309300 0.000000 0.000000 0.000000 1.000000</float_array>
        <technique_common>
          <accessor source="#mixamorig_L_B_skirt1-Matrix-animation-output-transform-array" count="23" stride="16">
            <param type="float4x4"/>
          </accessor>
        </technique_common>
      </source>
      <source id="mixamorig_L_B_skirt1-Interpolations">
        <Name_array id="mixamorig_L_B_skirt1-Interpolations-array" count="23">
 LINEAR LINEAR LINEAR LINEAR LINEAR LINEAR LINEAR LINEAR LINEAR LINEAR LINEAR
LINEAR LINEAR LINEAR LINEAR LINEAR LINEAR LINEAR LINEAR LINEAR LINEAR LINEAR LINEAR</Name_array>
        <technique_common>
          <accessor source="#mixamorig_L_B_skirt1-Interpolations-array" count="23">
            <param type="name"/>
          </accessor>
        </technique_common>
      </source>
      <sampler id="mixamorig_L_B_skirt1-Matrix-animation-transform">
        <input semantic="INPUT" source="#mixamorig_L_B_skirt1-Matrix-animation-input"/>
        <input semantic="OUTPUT" source="#mixamorig_L_B_skirt1-Matrix-animation-output-transform"/>
        <input semantic="INTERPOLATION" source="#mixamorig_L_B_skirt1-Interpolations"/>
      </sampler>
      <channel source="#mixamorig_L_B_skirt1-Matrix-animation-transform" target="mixamorig_L_B_skirt1/matrix"/>
    </animation>
    <animation id="mixamorig_L_B_skirt2-anim" name="mixamorig_L_B_skirt2">
      <source id="mixamorig_L_B_skirt2-Matrix-animation-input">
        <float_array id="mixamorig_L_B_skirt2-Matrix-animation-input-array" count="23">

0.000000 0.033333 0.066667 0.100000 0.133333 0.166667 0.200000 0.233333 0.266667 0.300000 0.333333 0.366667 0.400000 0.433333 0.466667 0.500000
0.533333 0.566667 0.600000 0.633333 0.666667 0.700000 0.733333</float_array>
        <technique_common>
          <accessor source="#mixamorig_L_B_skirt2-Matrix-animation-input-array" count="23">
            <param name="TIME" type="float"/>
          </accessor>
        </technique_common>
      </source>
      <source id="mixamorig_L_B_skirt2-Matrix-animation-output-transform">
        <float_array id="mixamorig_L_B_skirt2-Matrix-animation-output-transform-array" count="368">

1.000000 -0.000000 -0.000000 27.083401 0.000000 1.000000 0.000000 0.000000 0.000000 0.000000 1.000000 -0.000000 0.000000 0.000000 0.000000 1.000000
1.000000 0.000000 0.000000 27.083401 -0.000000 1.000000 0.000000 0.000000 -0.000000 -0.000000 1.000000 0.000000 0.000000 0.000000 0.000000 1.000000
1.000000 0.000000 0.000000 27.083401 0.000000 1.000000 0.000000 0.000000 0.000000 0.000000 1.000000 0.000000 0.000000 0.000000 0.000000 1.000000
1.000000 -0.000000 0.000000 27.083401 -0.000000 1.000000 -0.000000 0.000000 0.000000 -0.000000 1.000000 0.000000 0.000000 0.000000 0.000000 1.000000
1.000000 -0.000000 -0.000000 27.083401 0.000000 1.000000 0.000000 0.000000 0.000000 0.000000 1.000000 0.000000 0.000000 0.000000 0.000000 1.000000
1.000000 0.000000 0.000000 27.083401 -0.000000 1.000000 -0.000000 0.000000 -0.000000 0.000000 1.000000 -0.000000 0.000000 0.000000 0.000000 1.000000
1.000000 -0.000000 0.000000 27.083401 -0.000000 1.000000 0.000000 0.000000 0.000000 0.000000 1.000000 0.000000 0.000000 0.000000 0.000000 1.000000
1.000000 0.000000 0.000000 27.083401 -0.000000 1.000000 0.000000 0.000000 0.000000 0.000000 1.000000 -0.000000 0.000000 0.000000 0.000000 1.000000
1.000000 -0.000000 0.000000 27.083401 0.000000 1.000000 0.000000 0.000000 -0.000000 -0.000000 1.000000 0.000000 0.000000 0.000000 0.000000 1.000000
1.000000 -0.000000 0.000000 27.083401 -0.000000 1.000000 -0.000000 0.000000 -0.000000 0.000000 1.000000 0.000000 0.000000 0.000000 0.000000 1.000000
1.000000 0.000000 -0.000000 27.083401 0.000000 1.000000 -0.000000 0.000000 0.000000 0.000000 1.000000 0.000000 0.000000 0.000000 0.000000 1.000000
1.000000 -0.000000 0.000000 27.083401 0.000000 1.000000 0.000000 -0.000000 -0.000000 -0.000000 1.000000 0.000000 0.000000 0.000000 0.000000 1.000000
1.000000 0.000000 0.000000 27.083401 0.000000 1.000000 -0.000000 0.000000 0.000000 -0.000000 1.000000 -0.000000 0.000000 0.000000 0.000000 1.000000
1.000000 0.000000 -0.000000 27.083401 0.000000 1.000000 0.000000 0.000000 0.000000 0.000000 1.000000 0.000000 0.000000 0.000000 0.000000 1.000000
1.000000 0.000000 0.000000 27.083401 -0.000000 1.000000 -0.000000 -0.000000 -0.000000 0.000000 1.000000 -0.000000 0.000000 0.000000 0.000000 1.000000
1.000000 0.000000 0.000000 27.083401 -0.000000 1.000000 0.000000 0.000000 -0.000000 0.000000 1.000000 0.000000 0.000000 0.000000 0.000000 1.000000
1.000000 -0.000000 -0.000000 27.083401 0.000000 1.000000 0.000000 0.000000 0.000000 0.000000 1.000000 0.000000 0.000000 0.000000 0.000000 1.000000
1.000000 0.000000 -0.000000 27.083401 0.000000 1.000000 0.000000 0.000000 0.000000 0.000000 1.000000 0.000000 0.000000 0.000000 0.000000 1.000000
1.000000 -0.000000 0.000000 27.083401 -0.000000 1.000000 -0.000000 0.000000 0.000000 0.000000 1.000000 0.000000 0.000000 0.000000 0.000000 1.000000
1.000000 -0.000000 0.000000 27.083401 -0.000000 1.000000 0.000000 0.000000 0.000000 0.000000 1.000000 -0.000000 0.000000 0.000000 0.000000 1.000000
1.000000 0.000000 -0.000000 27.083401 -0.000000 1.000000 0.000000 0.000000 0.000000 0.000000 1.000000 0.000000 0.000000 0.000000 0.000000 1.000000
1.000000 0.000000 -0.000000 27.083401 -0.000000 1.000000 -0.000000 0.000000 -0.000000 0.000000 1.000000 -0.000000 0.000000 0.000000 0.000000 1.000000
1.000000 0.000000 0.000000 27.083401 0.000000 1.000000 0.000000 0.000000 0.000000 -0.000000 1.000000 0.000000 0.000000 0.000000 0.000000 1.000000</float_array>
        <technique_common>
          <accessor source="#mixamorig_L_B_skirt2-Matrix-animation-output-transform-array" count="23" stride="16">
            <param type="float4x4"/>
          </accessor>
        </technique_common>
      </source>
      <source id="mixamorig_L_B_skirt2-Interpolations">
        <Name_array id="mixamorig_L_B_skirt2-Interpolations-array" count="23">
 LINEAR LINEAR LINEAR LINEAR LINEAR LINEAR LINEAR LINEAR LINEAR LINEAR LINEAR
LINEAR LINEAR LINEAR LINEAR LINEAR LINEAR LINEAR LINEAR LINEAR LINEAR LINEAR LINEAR</Name_array>
        <technique_common>
          <accessor source="#mixamorig_L_B_skirt2-Interpolations-array" count="23">
            <param type="name"/>
          </accessor>
        </technique_common>
      </source>
      <sampler id="mixamorig_L_B_skirt2-Matrix-animation-transform">
        <input semantic="INPUT" source="#mixamorig_L_B_skirt2-Matrix-animation-input"/>
        <input semantic="OUTPUT" source="#mixamorig_L_B_skirt2-Matrix-animation-output-transform"/>
        <input semantic="INTERPOLATION" source="#mixamorig_L_B_skirt2-Interpolations"/>
      </sampler>
      <channel source="#mixamorig_L_B_skirt2-Matrix-animation-transform" target="mixamorig_L_B_skirt2/matrix"/>
    </animation>
    <animation id="mixamorig_L_B_skirt3-anim" name="mixamorig_L_B_skirt3">
      <source id="mixamorig_L_B_skirt3-Matrix-animation-input">
        <float_array id="mixamorig_L_B_skirt3-Matrix-animation-input-array" count="23">

0.000000 0.033333 0.066667 0.100000 0.133333 0.166667 0.200000 0.233333 0.266667 0.300000 0.333333 0.366667 0.400000 0.433333 0.466667 0.500000
0.533333 0.566667 0.600000 0.633333 0.666667 0.700000 0.733333</float_array>
        <technique_common>
          <accessor source="#mixamorig_L_B_skirt3-Matrix-animation-input-array" count="23">
            <param name="TIME" type="float"/>
          </accessor>
        </technique_common>
      </source>
      <source id="mixamorig_L_B_skirt3-Matrix-animation-output-transform">
        <float_array id="mixamorig_L_B_skirt3-Matrix-animation-output-transform-array" count="368">

1.000000 -0.000000 0.000000 26.734800 -0.000000 1.000000 0.000000 0.000000 -0.000000 0.000000 1.000000 0.000000 0.000000 0.000000 0.000000 1.000000
1.000000 -0.000000 0.000000 26.734800 0.000000 1.000000 -0.000000 0.000000 -0.000000 0.000000 1.000000 0.000000 0.000000 0.000000 0.000000 1.000000
1.000000 0.000000 0.000000 26.734800 -0.000000 1.000000 0.000000 0.000000 -0.000000 -0.000000 1.000000 -0.000000 0.000000 0.000000 0.000000 1.000000
1.000000 -0.000000 -0.000000 26.734800 0.000000 1.000000 -0.000000 -0.000000 -0.000000 -0.000000 1.000000 -0.000000 0.000000 0.000000 0.000000 1.000000
1.000000 -0.000000 -0.000000 26.734800 0.000000 1.000000 0.000000 0.000000 0.000000 0.000000 1.000000 0.000000 0.000000 0.000000 0.000000 1.000000
1.000000 -0.000000 -0.000000 26.734800 0.000000 1.000000 -0.000000 0.000000 0.000000 0.000000 1.000000 0.000000 0.000000 0.000000 0.000000 1.000000
1.000000 -0.000000 0.000000 26.734800 0.000000 1.000000 0.000000 0.000000 -0.000000 0.000000 1.000000 -0.000000 0.000000 0.000000 0.000000 1.000000
1.000000 -0.000000 -0.000000 26.734800 0.000000 1.000000 0.000000 0.000000 0.000000 0.000000 1.000000 -0.000000 0.000000 0.000000 0.000000 1.000000
1.000000 0.000000 0.000000 26.734800 0.000000 1.000000 0.000000 0.000000 -0.000000 -0.000000 1.000000 0.000000 0.000000 0.000000 0.000000 1.000000
1.000000 0.000000 0.000000 26.734800 -0.000000 1.000000 -0.000000 0.000000 -0.000000 0.000000 1.000000 -0.000000 0.000000 0.000000 0.000000 1.000000
1.000000 0.000000 0.000000 26.734800 0.000000 1.000000 0.000000 0.000000 0.000000 0.000000 1.000000 0.000000 0.000000 0.000000 0.000000 1.000000
1.000000 -0.000000 -0.000000 26.734800 0.000000 1.000000 0.000000 0.000000 -0.000000 -0.000000 1.000000 0.000000 0.000000 0.000000 0.000000 1.000000
1.000000 0.000000 -0.000000 26.734800 0.000000 1.000000 0.000000 0.000000 -0.000000 0.000000 1.000000 -0.000000 0.000000 0.000000 0.000000 1.000000
1.000000 0.000000 0.000000 26.734800 0.000000 1.000000 0.000000 0.000000 0.000000 0.000000 1.000000 -0.000000 0.000000 0.000000 0.000000 1.000000
1.000000 0.000000 0.000000 26.734800 -0.000000 1.000000 0.000000 0.000000 0.000000 0.000000 1.000000 0.000000 0.000000 0.000000 0.000000 1.000000
1.000000 0.000000 0.000000 26.734800 -0.000000 1.000000 0.000000 0.000000 0.000000 0.000000 1.000000 0.000000 0.000000 0.000000 0.000000 1.000000
1.000000 0.000000 0.000000 26.734800 0.000000 1.000000 0.000000 0.000000 0.000000 0.000000 1.000000 0.000000 0.000000 0.000000 0.000000 1.000000
1.000000 0.000000 0.000000 26.734800 0.000000 1.000000 0.000000 0.000000 0.000000 0.000000 1.000000 -0.000000 0.000000 0.000000 0.000000 1.000000
1.000000 -0.000000 0.000000 26.734800 -0.000000 1.000000 0.000000 -0.000000 -0.000000 -0.000000 1.000000 -0.000000 0.000000 0.000000 0.000000 1.000000
1.000000 -0.000000 0.000000 26.734800 -0.000000 1.000000 0.000000 -0.000000 0.000000 0.000000 1.000000 0.000000 0.000000 0.000000 0.000000 1.000000
1.000000 -0.000000 -0.000000 26.734800 -0.000000 1.000000 -0.000000 -0.000000 0.000000 0.000000 1.000000 -0.000000 0.000000 0.000000 0.000000 1.000000
1.000000 0.000000 -0.000000 26.734800 -0.000000 1.000000 -0.000000 0.000000 0.000000 0.000000 1.000000 0.000000 0.000000 0.000000 0.000000 1.000000
1.000000 0.000000 0.000000 26.734800 0.000000 1.000000 0.000000 -0.000000 0.000000 -0.000000 1.000000 0.000000 0.000000 0.000000 0.000000 1.000000</float_array>
        <technique_common>
          <accessor source="#mixamorig_L_B_skirt3-Matrix-animation-output-transform-array" count="23" stride="16">
            <param type="float4x4"/>
          </accessor>
        </technique_common>
      </source>
      <source id="mixamorig_L_B_skirt3-Interpolations">
        <Name_array id="mixamorig_L_B_skirt3-Interpolations-array" count="23">
 LINEAR LINEAR LINEAR LINEAR LINEAR LINEAR LINEAR LINEAR LINEAR LINEAR LINEAR
LINEAR LINEAR LINEAR LINEAR LINEAR LINEAR LINEAR LINEAR LINEAR LINEAR LINEAR LINEAR</Name_array>
        <technique_common>
          <accessor source="#mixamorig_L_B_skirt3-Interpolations-array" count="23">
            <param type="name"/>
          </accessor>
        </technique_common>
      </source>
      <sampler id="mixamorig_L_B_skirt3-Matrix-animation-transform">
        <input semantic="INPUT" source="#mixamorig_L_B_skirt3-Matrix-animation-input"/>
        <input semantic="OUTPUT" source="#mixamorig_L_B_skirt3-Matrix-animation-output-transform"/>
        <input semantic="INTERPOLATION" source="#mixamorig_L_B_skirt3-Interpolations"/>
      </sampler>
      <channel source="#mixamorig_L_B_skirt3-Matrix-animation-transform" target="mixamorig_L_B_skirt3/matrix"/>
    </animation>
    <animation id="mixamorig_R_C_skirt1-anim" name="mixamorig_R_C_skirt1">
      <source id="mixamorig_R_C_skirt1-Matrix-animation-input">
        <float_array id="mixamorig_R_C_skirt1-Matrix-animation-input-array" count="23">

0.000000 0.033333 0.066667 0.100000 0.133333 0.166667 0.200000 0.233333 0.266667 0.300000 0.333333 0.366667 0.400000 0.433333 0.466667 0.500000
0.533333 0.566667 0.600000 0.633333 0.666667 0.700000 0.733333</float_array>
        <technique_common>
          <accessor source="#mixamorig_R_C_skirt1-Matrix-animation-input-array" count="23">
            <param name="TIME" type="float"/>
          </accessor>
        </technique_common>
      </source>
      <source id="mixamorig_R_C_skirt1-Matrix-animation-output-transform">
        <float_array id="mixamorig_R_C_skirt1-Matrix-animation-output-transform-array" count="368">

-0.035070 -0.292039 0.955763 -12.297300 -0.989026 0.147482 0.008774 4.606800 -0.143520 -0.944967 -0.294006 -11.833000 0.000000 0.000000 0.000000 1.000000
-0.035070 -0.292039 0.955763 -12.297300 -0.989026 0.147482 0.008774 4.606800 -0.143520 -0.944967 -0.294006 -11.833000 0.000000 0.000000 0.000000 1.000000
-0.035070 -0.292039 0.955763 -12.297300 -0.989026 0.147482 0.008774 4.606800 -0.143520 -0.944967 -0.294006 -11.833000 0.000000 0.000000 0.000000 1.000000
-0.035070 -0.292039 0.955763 -12.297300 -0.989026 0.147482 0.008774 4.606800 -0.143520 -0.944967 -0.294006 -11.833000 0.000000 0.000000 0.000000 1.000000
-0.035070 -0.292039 0.955763 -12.297300 -0.989026 0.147482 0.008774 4.606800 -0.143520 -0.944967 -0.294006 -11.833000 0.000000 0.000000 0.000000 1.000000
-0.035070 -0.292039 0.955763 -12.297300 -0.989026 0.147482 0.008774 4.606800 -0.143520 -0.944967 -0.294006 -11.833000 0.000000 0.000000 0.000000 1.000000
-0.035070 -0.292039 0.955763 -12.297300 -0.989026 0.147482 0.008774 4.606800 -0.143520 -0.944967 -0.294006 -11.833000 0.000000 0.000000 0.000000 1.000000
-0.035070 -0.292039 0.955763 -12.297300 -0.989026 0.147482 0.008774 4.606800 -0.143520 -0.944967 -0.294006 -11.833000 0.000000 0.000000 0.000000 1.000000
-0.035070 -0.292039 0.955763 -12.297300 -0.989026 0.147482 0.008774 4.606800 -0.143520 -0.944967 -0.294006 -11.833000 0.000000 0.000000 0.000000 1.000000
-0.035070 -0.292039 0.955763 -12.297300 -0.989026 0.147482 0.008774 4.606800 -0.143520 -0.944967 -0.294006 -11.833000 0.000000 0.000000 0.000000 1.000000
-0.035070 -0.292039 0.955763 -12.297300 -0.989026 0.147482 0.008774 4.606800 -0.143520 -0.944967 -0.294006 -11.833000 0.000000 0.000000 0.000000 1.000000
-0.035070 -0.292039 0.955763 -12.297300 -0.989026 0.147482 0.008774 4.606800 -0.143520 -0.944967 -0.294006 -11.833000 0.000000 0.000000 0.000000 1.000000
-0.035070 -0.292039 0.955763 -12.297300 -0.989026 0.147482 0.008774 4.606800 -0.143520 -0.944967 -0.294006 -11.833000 0.000000 0.000000 0.000000 1.000000
-0.035070 -0.292039 0.955763 -12.297300 -0.989026 0.147482 0.008774 4.606800 -0.143520 -0.944967 -0.294006 -11.833000 0.000000 0.000000 0.000000 1.000000
-0.035070 -0.292039 0.955763 -12.297300 -0.989026 0.147482 0.008774 4.606800 -0.143520 -0.944967 -0.294006 -11.833000 0.000000 0.000000 0.000000 1.000000
-0.035070 -0.292039 0.955763 -12.297300 -0.989026 0.147482 0.008774 4.606800 -0.143520 -0.944967 -0.294006 -11.833000 0.000000 0.000000 0.000000 1.000000
-0.035070 -0.292039 0.955763 -12.297300 -0.989026 0.147482 0.008774 4.606800 -0.143520 -0.944967 -0.294006 -11.833000 0.000000 0.000000 0.000000 1.000000
-0.035070 -0.292039 0.955763 -12.297300 -0.989026 0.147482 0.008774 4.606800 -0.143520 -0.944967 -0.294006 -11.833000 0.000000 0.000000 0.000000 1.000000
-0.035070 -0.292039 0.955763 -12.297300 -0.989026 0.147482 0.008774 4.606800 -0.143520 -0.944967 -0.294006 -11.833000 0.000000 0.000000 0.000000 1.000000
-0.035070 -0.292039 0.955763 -12.297300 -0.989026 0.147482 0.008774 4.606800 -0.143520 -0.944967 -0.294006 -11.833000 0.000000 0.000000 0.000000 1.000000
-0.035070 -0.292039 0.955763 -12.297300 -0.989026 0.147482 0.008774 4.606800 -0.143520 -0.944967 -0.294006 -11.833000 0.000000 0.000000 0.000000 1.000000
-0.035070 -0.292039 0.955763 -12.297300 -0.989026 0.147482 0.008774 4.606800 -0.143520 -0.944967 -0.294006 -11.833000 0.000000 0.000000 0.000000 1.000000
-0.035070 -0.292039 0.955763 -12.297300 -0.989026 0.147482 0.008774 4.606800 -0.143520 -0.944967 -0.294006 -11.833000 0.000000 0.000000 0.000000 1.000000</float_array>
        <technique_common>
          <accessor source="#mixamorig_R_C_skirt1-Matrix-animation-output-transform-array" count="23" stride="16">
            <param type="float4x4"/>
          </accessor>
        </technique_common>
      </source>
      <source id="mixamorig_R_C_skirt1-Interpolations">
        <Name_array id="mixamorig_R_C_skirt1-Interpolations-array" count="23">
 LINEAR LINEAR LINEAR LINEAR LINEAR LINEAR LINEAR LINEAR LINEAR LINEAR LINEAR
LINEAR LINEAR LINEAR LINEAR LINEAR LINEAR LINEAR LINEAR LINEAR LINEAR LINEAR LINEAR</Name_array>
        <technique_common>
          <accessor source="#mixamorig_R_C_skirt1-Interpolations-array" count="23">
            <param type="name"/>
          </accessor>
        </technique_common>
      </source>
      <sampler id="mixamorig_R_C_skirt1-Matrix-animation-transform">
        <input semantic="INPUT" source="#mixamorig_R_C_skirt1-Matrix-animation-input"/>
        <input semantic="OUTPUT" source="#mixamorig_R_C_skirt1-Matrix-animation-output-transform"/>
        <input semantic="INTERPOLATION" source="#mixamorig_R_C_skirt1-Interpolations"/>
      </sampler>
      <channel source="#mixamorig_R_C_skirt1-Matrix-animation-transform" target="mixamorig_R_C_skirt1/matrix"/>
    </animation>
    <animation id="mixamorig_R_C_skirt2-anim" name="mixamorig_R_C_skirt2">
      <source id="mixamorig_R_C_skirt2-Matrix-animation-input">
        <float_array id="mixamorig_R_C_skirt2-Matrix-animation-input-array" count="23">

0.000000 0.033333 0.066667 0.100000 0.133333 0.166667 0.200000 0.233333 0.266667 0.300000 0.333333 0.366667 0.400000 0.433333 0.466667 0.500000
0.533333 0.566667 0.600000 0.633333 0.666667 0.700000 0.733333</float_array>
        <technique_common>
          <accessor source="#mixamorig_R_C_skirt2-Matrix-animation-input-array" count="23">
            <param name="TIME" type="float"/>
          </accessor>
        </technique_common>
      </source>
      <source id="mixamorig_R_C_skirt2-Matrix-animation-output-transform">
        <float_array id="mixamorig_R_C_skirt2-Matrix-animation-output-transform-array" count="368">

1.000000 0.000000 -0.000000 27.657600 0.000000 1.000000 0.000000 0.000100 0.000000 0.000000 1.000000 0.000000 0.000000 0.000000 0.000000 1.000000
1.000000 -0.000000 0.000000 27.657600 -0.000000 1.000000 -0.000000 0.000100 0.000000 0.000000 1.000000 0.000000 0.000000 0.000000 0.000000 1.000000
1.000000 0.000000 -0.000000 27.657600 -0.000000 1.000000 0.000000 0.000100 0.000000 0.000000 1.000000 0.000000 0.000000 0.000000 0.000000 1.000000
1.000000 -0.000000 0.000000 27.657600 0.000000 1.000000 0.000000 0.000100 -0.000000 0.000000 1.000000 0.000000 0.000000 0.000000 0.000000 1.000000
1.000000 -0.000000 0.000000 27.657600 0.000000 1.000000 0.000000 0.000100 0.000000 0.000000 1.000000 -0.000000 0.000000 0.000000 0.000000 1.000000
1.000000 -0.000000 0.000000 27.657600 0.000000 1.000000 -0.000000 0.000100 -0.000000 0.000000 1.000000 0.000000 0.000000 0.000000 0.000000 1.000000
1.000000 0.000000 0.000000 27.657600 0.000000 1.000000 0.000000 0.000100 0.000000 0.000000 1.000000 0.000000 0.000000 0.000000 0.000000 1.000000
1.000000 -0.000000 -0.000000 27.657600 0.000000 1.000000 0.000000 0.000100 0.000000 0.000000 1.000000 0.000000 0.000000 0.000000 0.000000 1.000000
1.000000 0.000000 0.000000 27.657600 0.000000 1.000000 -0.000000 0.000100 0.000000 0.000000 1.000000 0.000000 0.000000 0.000000 0.000000 1.000000
1.000000 0.000000 0.000000 27.657600 0.000000 1.000000 0.000000 0.000100 -0.000000 -0.000000 1.000000 -0.000000 0.000000 0.000000 0.000000 1.000000
1.000000 0.000000 -0.000000 27.657600 0.000000 1.000000 0.000000 0.000100 0.000000 0.000000 1.000000 -0.000000 0.000000 0.000000 0.000000 1.000000
1.000000 0.000000 0.000000 27.657600 0.000000 1.000000 -0.000000 0.000100 0.000000 0.000000 1.000000 -0.000000 0.000000 0.000000 0.000000 1.000000
1.000000 0.000000 0.000000 27.657600 0.000000 1.000000 -0.000000 0.000100 0.000000 -0.000000 1.000000 0.000000 0.000000 0.000000 0.000000 1.000000
1.000000 0.000000 0.000000 27.657600 -0.000000 1.000000 0.000000 0.000100 0.000000 0.000000 1.000000 0.000000 0.000000 0.000000 0.000000 1.000000
1.000000 -0.000000 -0.000000 27.657600 0.000000 1.000000 0.000000 0.000100 0.000000 0.000000 1.000000 -0.000000 0.000000 0.000000 0.000000 1.000000
1.000000 0.000000 0.000000 27.657600 0.000000 1.000000 -0.000000 0.000100 0.000000 0.000000 1.000000 -0.000000 0.000000 0.000000 0.000000 1.000000
1.000000 0.000000 0.000000 27.657600 0.000000 1.000000 0.000000 0.000100 0.000000 0.000000 1.000000 -0.000000 0.000000 0.000000 0.000000 1.000000
1.000000 -0.000000 0.000000 27.657600 0.000000 1.000000 0.000000 0.000100 -0.000000 0.000000 1.000000 -0.000000 0.000000 0.000000 0.000000 1.000000
1.000000 0.000000 0.000000 27.657600 -0.000000 1.000000 -0.000000 0.000100 0.000000 0.000000 1.000000 -0.000000 0.000000 0.000000 0.000000 1.000000
1.000000 0.000000 0.000000 27.657600 0.000000 1.000000 0.000000 0.000100 0.000000 0.000000 1.000000 0.000000 0.000000 0.000000 0.000000 1.000000
1.000000 0.000000 0.000000 27.657600 0.000000 1.000000 -0.000000 0.000100 0.000000 -0.000000 1.000000 0.000000 0.000000 0.000000 0.000000 1.000000
1.000000 0.000000 -0.000000 27.657600 0.000000 1.000000 -0.000000 0.000100 0.000000 0.000000 1.000000 0.000000 0.000000 0.000000 0.000000 1.000000
1.000000 0.000000 0.000000 27.657600 0.000000 1.000000 0.000000 0.000100 0.000000 0.000000 1.000000 0.000000 0.000000 0.000000 0.000000 1.000000</float_array>
        <technique_common>
          <accessor source="#mixamorig_R_C_skirt2-Matrix-animation-output-transform-array" count="23" stride="16">
            <param type="float4x4"/>
          </accessor>
        </technique_common>
      </source>
      <source id="mixamorig_R_C_skirt2-Interpolations">
        <Name_array id="mixamorig_R_C_skirt2-Interpolations-array" count="23">
 LINEAR LINEAR LINEAR LINEAR LINEAR LINEAR LINEAR LINEAR LINEAR LINEAR LINEAR
LINEAR LINEAR LINEAR LINEAR LINEAR LINEAR LINEAR LINEAR LINEAR LINEAR LINEAR LINEAR</Name_array>
        <technique_common>
          <accessor source="#mixamorig_R_C_skirt2-Interpolations-array" count="23">
            <param type="name"/>
          </accessor>
        </technique_common>
      </source>
      <sampler id="mixamorig_R_C_skirt2-Matrix-animation-transform">
        <input semantic="INPUT" source="#mixamorig_R_C_skirt2-Matrix-animation-input"/>
        <input semantic="OUTPUT" source="#mixamorig_R_C_skirt2-Matrix-animation-output-transform"/>
        <input semantic="INTERPOLATION" source="#mixamorig_R_C_skirt2-Interpolations"/>
      </sampler>
      <channel source="#mixamorig_R_C_skirt2-Matrix-animation-transform" target="mixamorig_R_C_skirt2/matrix"/>
    </animation>
    <animation id="mixamorig_R_C_skirt3-anim" name="mixamorig_R_C_skirt3">
      <source id="mixamorig_R_C_skirt3-Matrix-animation-input">
        <float_array id="mixamorig_R_C_skirt3-Matrix-animation-input-array" count="23">

0.000000 0.033333 0.066667 0.100000 0.133333 0.166667 0.200000 0.233333 0.266667 0.300000 0.333333 0.366667 0.400000 0.433333 0.466667 0.500000
0.533333 0.566667 0.600000 0.633333 0.666667 0.700000 0.733333</float_array>
        <technique_common>
          <accessor source="#mixamorig_R_C_skirt3-Matrix-animation-input-array" count="23">
            <param name="TIME" type="float"/>
          </accessor>
        </technique_common>
      </source>
      <source id="mixamorig_R_C_skirt3-Matrix-animation-output-transform">
        <float_array id="mixamorig_R_C_skirt3-Matrix-animation-output-transform-array" count="368">

1.000000 0.000000 -0.000000 23.969999 0.000000 1.000000 0.000000 0.000000 -0.000000 0.000000 1.000000 0.000100 0.000000 0.000000 0.000000 1.000000
1.000000 0.000000 0.000000 23.969999 -0.000000 1.000000 0.000000 0.000000 0.000000 0.000000 1.000000 0.000100 0.000000 0.000000 0.000000 1.000000
1.000000 0.000000 -0.000000 23.969999 -0.000000 1.000000 0.000000 0.000000 0.000000 0.000000 1.000000 0.000100 0.000000 0.000000 0.000000 1.000000
1.000000 -0.000000 0.000000 23.969999 -0.000000 1.000000 0.000000 0.000000 0.000000 0.000000 1.000000 0.000100 0.000000 0.000000 0.000000 1.000000
1.000000 0.000000 0.000000 23.969999 0.000000 1.000000 -0.000000 0.000000 -0.000000 0.000000 1.000000 0.000100 0.000000 0.000000 0.000000 1.000000
1.000000 -0.000000 0.000000 23.969999 -0.000000 1.000000 -0.000000 0.000000 -0.000000 -0.000000 1.000000 0.000100 0.000000 0.000000 0.000000 1.000000
1.000000 0.000000 0.000000 23.969999 0.000000 1.000000 0.000000 0.000000 0.000000 0.000000 1.000000 0.000100 0.000000 0.000000 0.000000 1.000000
1.000000 -0.000000 -0.000000 23.969999 0.000000 1.000000 -0.000000 0.000000 0.000000 0.000000 1.000000 0.000100 0.000000 0.000000 0.000000 1.000000
1.000000 -0.000000 0.000000 23.969999 0.000000 1.000000 -0.000000 -0.000000 0.000000 0.000000 1.000000 0.000100 0.000000 0.000000 0.000000 1.000000
1.000000 0.000000 0.000000 23.969999 0.000000 1.000000 0.000000 0.000000 0.000000 -0.000000 1.000000 0.000100 0.000000 0.000000 0.000000 1.000000
1.000000 0.000000 0.000000 23.969999 -0.000000 1.000000 0.000000 0.000000 -0.000000 0.000000 1.000000 0.000100 0.000000 0.000000 0.000000 1.000000
1.000000 0.000000 -0.000000 23.969999 -0.000000 1.000000 -0.000000 0.000000 0.000000 0.000000 1.000000 0.000100 0.000000 0.000000 0.000000 1.000000
1.000000 0.000000 0.000000 23.969999 0.000000 1.000000 0.000000 0.000000 -0.000000 0.000000 1.000000 0.000100 0.000000 0.000000 0.000000 1.000000
1.000000 0.000000 0.000000 23.969999 -0.000000 1.000000 0.000000 0.000000 0.000000 0.000000 1.000000 0.000100 0.000000 0.000000 0.000000 1.000000
1.000000 -0.000000 -0.000000 23.969999 0.000000 1.000000 0.000000 0.000000 0.000000 0.000000 1.000000 0.000100 0.000000 0.000000 0.000000 1.000000
1.000000 0.000000 -0.000000 23.969999 0.000000 1.000000 -0.000000 0.000000 -0.000000 0.000000 1.000000 0.000100 0.000000 0.000000 0.000000 1.000000
1.000000 0.000000 -0.000000 23.969999 0.000000 1.000000 0.000000 -0.000000 0.000000 0.000000 1.000000 0.000100 0.000000 0.000000 0.000000 1.000000
1.000000 -0.000000 0.000000 23.969999 0.000000 1.000000 0.000000 0.000000 0.000000 -0.000000 1.000000 0.000100 0.000000 0.000000 0.000000 1.000000
1.000000 -0.000000 0.000000 23.969999 -0.000000 1.000000 0.000000 0.000000 0.000000 -0.000000 1.000000 0.000100 0.000000 0.000000 0.000000 1.000000
1.000000 0.000000 0.000000 23.969999 0.000000 1.000000 0.000000 0.000000 0.000000 0.000000 1.000000 0.000100 0.000000 0.000000 0.000000 1.000000
1.000000 0.000000 -0.000000 23.969999 0.000000 1.000000 0.000000 0.000000 0.000000 0.000000 1.000000 0.000100 0.000000 0.000000 0.000000 1.000000
1.000000 0.000000 -0.000000 23.969999 0.000000 1.000000 0.000000 0.000000 0.000000 0.000000 1.000000 0.000100 0.000000 0.000000 0.000000 1.000000
1.000000 -0.000000 -0.000000 23.969999 -0.000000 1.000000 0.000000 0.000000 0.000000 0.000000 1.000000 0.000100 0.000000 0.000000 0.000000 1.000000</float_array>
        <technique_common>
          <accessor source="#mixamorig_R_C_skirt3-Matrix-animation-output-transform-array" count="23" stride="16">
            <param type="float4x4"/>
          </accessor>
        </technique_common>
      </source>
      <source id="mixamorig_R_C_skirt3-Interpolations">
        <Name_array id="mixamorig_R_C_skirt3-Interpolations-array" count="23">
 LINEAR LINEAR LINEAR LINEAR LINEAR LINEAR LINEAR LINEAR LINEAR LINEAR LINEAR
LINEAR LINEAR LINEAR LINEAR LINEAR LINEAR LINEAR LINEAR LINEAR LINEAR LINEAR LINEAR</Name_array>
        <technique_common>
          <accessor source="#mixamorig_R_C_skirt3-Interpolations-array" count="23">
            <param type="name"/>
          </accessor>
        </technique_common>
      </source>
      <sampler id="mixamorig_R_C_skirt3-Matrix-animation-transform">
        <input semantic="INPUT" source="#mixamorig_R_C_skirt3-Matrix-animation-input"/>
        <input semantic="OUTPUT" source="#mixamorig_R_C_skirt3-Matrix-animation-output-transform"/>
        <input semantic="INTERPOLATION" source="#mixamorig_R_C_skirt3-Interpolations"/>
      </sampler>
      <channel source="#mixamorig_R_C_skirt3-Matrix-animation-transform" target="mixamorig_R_C_skirt3/matrix"/>
    </animation>
    <animation id="mixamorig_R_A_skirt1-anim" name="mixamorig_R_A_skirt1">
      <source id="mixamorig_R_A_skirt1-Matrix-animation-input">
        <float_array id="mixamorig_R_A_skirt1-Matrix-animation-input-array" count="23">

0.000000 0.033333 0.066667 0.100000 0.133333 0.166667 0.200000 0.233333 0.266667 0.300000 0.333333 0.366667 0.400000 0.433333 0.466667 0.500000
0.533333 0.566667 0.600000 0.633333 0.666667 0.700000 0.733333</float_array>
        <technique_common>
          <accessor source="#mixamorig_R_A_skirt1-Matrix-animation-input-array" count="23">
            <param name="TIME" type="float"/>
          </accessor>
        </technique_common>
      </source>
      <source id="mixamorig_R_A_skirt1-Matrix-animation-output-transform">
        <float_array id="mixamorig_R_A_skirt1-Matrix-animation-output-transform-array" count="368">

-0.142126 -0.623440 -0.768845 -18.034500 -0.988646 0.051130 0.141298 3.980800 -0.048780 0.780197 -0.623629 19.504801 0.000000 0.000000 0.000000 1.000000
-0.142126 -0.623440 -0.768845 -18.034500 -0.988646 0.051130 0.141298 3.980800 -0.048780 0.780197 -0.623629 19.504801 0.000000 0.000000 0.000000 1.000000
-0.142126 -0.623440 -0.768845 -18.034500 -0.988646 0.051130 0.141298 3.980800 -0.048780 0.780197 -0.623629 19.504801 0.000000 0.000000 0.000000 1.000000
-0.142126 -0.623440 -0.768845 -18.034500 -0.988646 0.051130 0.141298 3.980800 -0.048780 0.780197 -0.623629 19.504801 0.000000 0.000000 0.000000 1.000000
-0.142126 -0.623440 -0.768845 -18.034500 -0.988646 0.051130 0.141298 3.980800 -0.048780 0.780197 -0.623629 19.504801 0.000000 0.000000 0.000000 1.000000
-0.142126 -0.623440 -0.768845 -18.034500 -0.988646 0.051130 0.141298 3.980800 -0.048780 0.780197 -0.623629 19.504801 0.000000 0.000000 0.000000 1.000000
-0.142126 -0.623440 -0.768845 -18.034500 -0.988646 0.051130 0.141298 3.980800 -0.048780 0.780197 -0.623629 19.504801 0.000000 0.000000 0.000000 1.000000
-0.142126 -0.623440 -0.768845 -18.034500 -0.988646 0.051130 0.141298 3.980800 -0.048780 0.780197 -0.623629 19.504801 0.000000 0.000000 0.000000 1.000000
-0.142126 -0.623440 -0.768845 -18.034500 -0.988646 0.051130 0.141298 3.980800 -0.048780 0.780197 -0.623629 19.504801 0.000000 0.000000 0.000000 1.000000
-0.142126 -0.623440 -0.768845 -18.034500 -0.988646 0.051130 0.141298 3.980800 -0.048780 0.780197 -0.623629 19.504801 0.000000 0.000000 0.000000 1.000000
-0.142126 -0.623440 -0.768845 -18.034500 -0.988646 0.051130 0.141298 3.980800 -0.048780 0.780197 -0.623629 19.504801 0.000000 0.000000 0.000000 1.000000
-0.142126 -0.623440 -0.768845 -18.034500 -0.988646 0.051130 0.141298 3.980800 -0.048780 0.780197 -0.623629 19.504801 0.000000 0.000000 0.000000 1.000000
-0.142126 -0.623440 -0.768845 -18.034500 -0.988646 0.051130 0.141298 3.980800 -0.048780 0.780197 -0.623629 19.504801 0.000000 0.000000 0.000000 1.000000
-0.142126 -0.623440 -0.768845 -18.034500 -0.988646 0.051130 0.141298 3.980800 -0.048780 0.780197 -0.623629 19.504801 0.000000 0.000000 0.000000 1.000000
-0.142126 -0.623440 -0.768845 -18.034500 -0.988646 0.051130 0.141298 3.980800 -0.048780 0.780197 -0.623629 19.504801 0.000000 0.000000 0.000000 1.000000
-0.142126 -0.623440 -0.768845 -18.034500 -0.988646 0.051130 0.141298 3.980800 -0.048780 0.780197 -0.623629 19.504801 0.000000 0.000000 0.000000 1.000000
-0.142126 -0.623440 -0.768845 -18.034500 -0.988646 0.051130 0.141298 3.980800 -0.048780 0.780197 -0.623629 19.504801 0.000000 0.000000 0.000000 1.000000
-0.142126 -0.623440 -0.768845 -18.034500 -0.988646 0.051130 0.141298 3.980800 -0.048780 0.780197 -0.623629 19.504801 0.000000 0.000000 0.000000 1.000000
-0.142126 -0.623440 -0.768845 -18.034500 -0.988646 0.051130 0.141298 3.980800 -0.048780 0.780197 -0.623629 19.504801 0.000000 0.000000 0.000000 1.000000
-0.142126 -0.623440 -0.768845 -18.034500 -0.988646 0.051130 0.141298 3.980800 -0.048780 0.780197 -0.623629 19.504801 0.000000 0.000000 0.000000 1.000000
-0.142126 -0.623440 -0.768845 -18.034500 -0.988646 0.051130 0.141298 3.980800 -0.048780 0.780197 -0.623629 19.504801 0.000000 0.000000 0.000000 1.000000
-0.142126 -0.623440 -0.768845 -18.034500 -0.988646 0.051130 0.141298 3.980800 -0.048780 0.780197 -0.623629 19.504801 0.000000 0.000000 0.000000 1.000000
-0.142126 -0.623440 -0.768845 -18.034500 -0.988646 0.051130 0.141298 3.980800 -0.048780 0.780197 -0.623629 19.504801 0.000000 0.000000 0.000000 1.000000</float_array>
        <technique_common>
          <accessor source="#mixamorig_R_A_skirt1-Matrix-animation-output-transform-array" count="23" stride="16">
            <param type="float4x4"/>
          </accessor>
        </technique_common>
      </source>
      <source id="mixamorig_R_A_skirt1-Interpolations">
        <Name_array id="mixamorig_R_A_skirt1-Interpolations-array" count="23">
 LINEAR LINEAR LINEAR LINEAR LINEAR LINEAR LINEAR LINEAR LINEAR LINEAR LINEAR
LINEAR LINEAR LINEAR LINEAR LINEAR LINEAR LINEAR LINEAR LINEAR LINEAR LINEAR LINEAR</Name_array>
        <technique_common>
          <accessor source="#mixamorig_R_A_skirt1-Interpolations-array" count="23">
            <param type="name"/>
          </accessor>
        </technique_common>
      </source>
      <sampler id="mixamorig_R_A_skirt1-Matrix-animation-transform">
        <input semantic="INPUT" source="#mixamorig_R_A_skirt1-Matrix-animation-input"/>
        <input semantic="OUTPUT" source="#mixamorig_R_A_skirt1-Matrix-animation-output-transform"/>
        <input semantic="INTERPOLATION" source="#mixamorig_R_A_skirt1-Interpolations"/>
      </sampler>
      <channel source="#mixamorig_R_A_skirt1-Matrix-animation-transform" target="mixamorig_R_A_skirt1/matrix"/>
    </animation>
    <animation id="mixamorig_R_A_skirt2-anim" name="mixamorig_R_A_skirt2">
      <source id="mixamorig_R_A_skirt2-Matrix-animation-input">
        <float_array id="mixamorig_R_A_skirt2-Matrix-animation-input-array" count="23">

0.000000 0.033333 0.066667 0.100000 0.133333 0.166667 0.200000 0.233333 0.266667 0.300000 0.333333 0.366667 0.400000 0.433333 0.466667 0.500000
0.533333 0.566667 0.600000 0.633333 0.666667 0.700000 0.733333</float_array>
        <technique_common>
          <accessor source="#mixamorig_R_A_skirt2-Matrix-animation-input-array" count="23">
            <param name="TIME" type="float"/>
          </accessor>
        </technique_common>
      </source>
      <source id="mixamorig_R_A_skirt2-Matrix-animation-output-transform">
        <float_array id="mixamorig_R_A_skirt2-Matrix-animation-output-transform-array" count="368">

1.000000 0.000000 0.000000 27.335400 0.000000 1.000000 0.000000 -0.000100 0.000000 0.000000 1.000000 0.000100 0.000000 0.000000 0.000000 1.000000
1.000000 0.000000 0.000000 27.335400 0.000000 1.000000 0.000000 -0.000100 -0.000000 -0.000000 1.000000 0.000100 0.000000 0.000000 0.000000 1.000000
1.000000 -0.000000 0.000000 27.335400 0.000000 1.000000 0.000000 -0.000100 -0.000000 -0.000000 1.000000 0.000100 0.000000 0.000000 0.000000 1.000000
1.000000 -0.000000 -0.000000 27.335400 0.000000 1.000000 -0.000000 -0.000100 0.000000 -0.000000 1.000000 0.000100 0.000000 0.000000 0.000000 1.000000
1.000000 0.000000 -0.000000 27.335400 0.000000 1.000000 -0.000000 -0.000100 0.000000 0.000000 1.000000 0.000100 0.000000 0.000000 0.000000 1.000000
1.000000 -0.000000 -0.000000 27.335400 -0.000000 1.000000 -0.000000 -0.000100 -0.000000 -0.000000 1.000000 0.000100 0.000000 0.000000 0.000000 1.000000
1.000000 0.000000 0.000000 27.335400 0.000000 1.000000 0.000000 -0.000100 0.000000 -0.000000 1.000000 0.000100 0.000000 0.000000 0.000000 1.000000
1.000000 -0.000000 0.000000 27.335400 0.000000 1.000000 -0.000000 -0.000100 0.000000 -0.000000 1.000000 0.000100 0.000000 0.000000 0.000000 1.000000
1.000000 0.000000 0.000000 27.335400 0.000000 1.000000 -0.000000 -0.000100 -0.000000 0.000000 1.000000 0.000100 0.000000 0.000000 0.000000 1.000000
1.000000 -0.000000 -0.000000 27.335400 -0.000000 1.000000 -0.000000 -0.000100 0.000000 -0.000000 1.000000 0.000100 0.000000 0.000000 0.000000 1.000000
1.000000 -0.000000 -0.000000 27.335400 0.000000 1.000000 0.000000 -0.000100 0.000000 0.000000 1.000000 0.000100 0.000000 0.000000 0.000000 1.000000
1.000000 -0.000000 -0.000000 27.335400 -0.000000 1.000000 -0.000000 -0.000100 0.000000 0.000000 1.000000 0.000100 0.000000 0.000000 0.000000 1.000000
1.000000 -0.000000 0.000000 27.335400 -0.000000 1.000000 0.000000 -0.000100 0.000000 -0.000000 1.000000 0.000100 0.000000 0.000000 0.000000 1.000000
1.000000 0.000000 0.000000 27.335400 -0.000000 1.000000 0.000000 -0.000100 -0.000000 -0.000000 1.000000 0.000100 0.000000 0.000000 0.000000 1.000000
1.000000 0.000000 0.000000 27.335400 0.000000 1.000000 0.000000 -0.000100 -0.000000 0.000000 1.000000 0.000100 0.000000 0.000000 0.000000 1.000000
1.000000 0.000000 -0.000000 27.335400 -0.000000 1.000000 0.000000 -0.000100 -0.000000 0.000000 1.000000 0.000100 0.000000 0.000000 0.000000 1.000000
1.000000 -0.000000 -0.000000 27.335400 -0.000000 1.000000 -0.000000 -0.000100 -0.000000 0.000000 1.000000 0.000100 0.000000 0.000000 0.000000 1.000000
1.000000 -0.000000 0.000000 27.335400 0.000000 1.000000 0.000000 -0.000100 0.000000 -0.000000 1.000000 0.000100 0.000000 0.000000 0.000000 1.000000
1.000000 -0.000000 -0.000000 27.335400 -0.000000 1.000000 -0.000000 -0.000100 0.000000 0.000000 1.000000 0.000100 0.000000 0.000000 0.000000 1.000000
1.000000 0.000000 -0.000000 27.335400 0.000000 1.000000 -0.000000 -0.000100 -0.000000 0.000000 1.000000 0.000100 0.000000 0.000000 0.000000 1.000000
1.000000 -0.000000 0.000000 27.335400 0.000000 1.000000 0.000000 -0.000100 -0.000000 0.000000 1.000000 0.000100 0.000000 0.000000 0.000000 1.000000
1.000000 0.000000 0.000000 27.335400 -0.000000 1.000000 0.000000 -0.000100 -0.000000 -0.000000 1.000000 0.000100 0.000000 0.000000 0.000000 1.000000
1.000000 -0.000000 -0.000000 27.335400 0.000000 1.000000 0.000000 -0.000100 0.000000 0.000000 1.000000 0.000100 0.000000 0.000000 0.000000 1.000000</float_array>
        <technique_common>
          <accessor source="#mixamorig_R_A_skirt2-Matrix-animation-output-transform-array" count="23" stride="16">
            <param type="float4x4"/>
          </accessor>
        </technique_common>
      </source>
      <source id="mixamorig_R_A_skirt2-Interpolations">
        <Name_array id="mixamorig_R_A_skirt2-Interpolations-array" count="23">
 LINEAR LINEAR LINEAR LINEAR LINEAR LINEAR LINEAR LINEAR LINEAR LINEAR LINEAR
LINEAR LINEAR LINEAR LINEAR LINEAR LINEAR LINEAR LINEAR LINEAR LINEAR LINEAR LINEAR</Name_array>
        <technique_common>
          <accessor source="#mixamorig_R_A_skirt2-Interpolations-array" count="23">
            <param type="name"/>
          </accessor>
        </technique_common>
      </source>
      <sampler id="mixamorig_R_A_skirt2-Matrix-animation-transform">
        <input semantic="INPUT" source="#mixamorig_R_A_skirt2-Matrix-animation-input"/>
        <input semantic="OUTPUT" source="#mixamorig_R_A_skirt2-Matrix-animation-output-transform"/>
        <input semantic="INTERPOLATION" source="#mixamorig_R_A_skirt2-Interpolations"/>
      </sampler>
      <channel source="#mixamorig_R_A_skirt2-Matrix-animation-transform" target="mixamorig_R_A_skirt2/matrix"/>
    </animation>
    <animation id="mixamorig_R_A_skirt3-anim" name="mixamorig_R_A_skirt3">
      <source id="mixamorig_R_A_skirt3-Matrix-animation-input">
        <float_array id="mixamorig_R_A_skirt3-Matrix-animation-input-array" count="23">

0.000000 0.033333 0.066667 0.100000 0.133333 0.166667 0.200000 0.233333 0.266667 0.300000 0.333333 0.366667 0.400000 0.433333 0.466667 0.500000
0.533333 0.566667 0.600000 0.633333 0.666667 0.700000 0.733333</float_array>
        <technique_common>
          <accessor source="#mixamorig_R_A_skirt3-Matrix-animation-input-array" count="23">
            <param name="TIME" type="float"/>
          </accessor>
        </technique_common>
      </source>
      <source id="mixamorig_R_A_skirt3-Matrix-animation-output-transform">
        <float_array id="mixamorig_R_A_skirt3-Matrix-animation-output-transform-array" count="368">

1.000000 0.000000 0.000000 27.066099 0.000000 1.000000 0.000000 0.000100 0.000000 0.000000 1.000000 0.000000 0.000000 0.000000 0.000000 1.000000
1.000000 0.000000 -0.000000 27.066099 0.000000 1.000000 0.000000 0.000100 -0.000000 -0.000000 1.000000 0.000000 0.000000 0.000000 0.000000 1.000000
1.000000 -0.000000 0.000000 27.066099 0.000000 1.000000 0.000000 0.000100 -0.000000 -0.000000 1.000000 0.000000 0.000000 0.000000 0.000000 1.000000
1.000000 -0.000000 0.000000 27.066099 0.000000 1.000000 -0.000000 0.000100 0.000000 -0.000000 1.000000 -0.000000 0.000000 0.000000 0.000000 1.000000
1.000000 -0.000000 -0.000000 27.066099 0.000000 1.000000 -0.000000 0.000100 0.000000 0.000000 1.000000 0.000000 0.000000 0.000000 0.000000 1.000000
1.000000 -0.000000 0.000000 27.066099 -0.000000 1.000000 -0.000000 0.000100 -0.000000 0.000000 1.000000 -0.000000 0.000000 0.000000 0.000000 1.000000
1.000000 0.000000 0.000000 27.066099 0.000000 1.000000 0.000000 0.000100 -0.000000 0.000000 1.000000 0.000000 0.000000 0.000000 0.000000 1.000000
1.000000 0.000000 -0.000000 27.066099 0.000000 1.000000 -0.000000 0.000100 0.000000 -0.000000 1.000000 0.000000 0.000000 0.000000 0.000000 1.000000
1.000000 0.000000 -0.000000 27.066099 0.000000 1.000000 0.000000 0.000100 -0.000000 0.000000 1.000000 0.000000 0.000000 0.000000 0.000000 1.000000
1.000000 -0.000000 0.000000 27.066099 -0.000000 1.000000 -0.000000 0.000100 0.000000 -0.000000 1.000000 0.000000 0.000000 0.000000 0.000000 1.000000
1.000000 0.000000 0.000000 27.066099 0.000000 1.000000 0.000000 0.000100 0.000000 0.000000 1.000000 0.000000 0.000000 0.000000 0.000000 1.000000
1.000000 0.000000 -0.000000 27.066099 -0.000000 1.000000 -0.000000 0.000100 0.000000 0.000000 1.000000 0.000000 0.000000 0.000000 0.000000 1.000000
1.000000 0.000000 -0.000000 27.066099 0.000000 1.000000 0.000000 0.000100 0.000000 -0.000000 1.000000 0.000000 0.000000 0.000000 0.000000 1.000000
1.000000 0.000000 0.000000 27.066099 0.000000 1.000000 0.000000 0.000100 0.000000 -0.000000 1.000000 0.000000 0.000000 0.000000 0.000000 1.000000
1.000000 0.000000 0.000000 27.066099 0.000000 1.000000 0.000000 0.000100 -0.000000 0.000000 1.000000 0.000000 0.000000 0.000000 0.000000 1.000000
1.000000 0.000000 0.000000 27.066099 0.000000 1.000000 0.000000 0.000100 0.000000 0.000000 1.000000 -0.000000 0.000000 0.000000 0.000000 1.000000
1.000000 -0.000000 -0.000000 27.066099 -0.000000 1.000000 -0.000000 0.000100 -0.000000 -0.000000 1.000000 0.000000 0.000000 0.000000 0.000000 1.000000
1.000000 0.000000 0.000000 27.066099 0.000000 1.000000 0.000000 0.000100 -0.000000 -0.000000 1.000000 0.000000 0.000000 0.000000 0.000000 1.000000
1.000000 0.000000 0.000000 27.066099 -0.000000 1.000000 0.000000 0.000100 0.000000 0.000000 1.000000 0.000000 0.000000 0.000000 0.000000 1.000000
1.000000 0.000000 -0.000000 27.066099 -0.000000 1.000000 -0.000000 0.000100 0.000000 -0.000000 1.000000 -0.000000 0.000000 0.000000 0.000000 1.000000
1.000000 -0.000000 0.000000 27.066099 -0.000000 1.000000 -0.000000 0.000100 -0.000000 0.000000 1.000000 -0.000000 0.000000 0.000000 0.000000 1.000000
1.000000 0.000000 0.000000 27.066099 -0.000000 1.000000 0.000000 0.000100 -0.000000 -0.000000 1.000000 0.000000 0.000000 0.000000 0.000000 1.000000
1.000000 0.000000 0.000000 27.066099 0.000000 1.000000 0.000000 0.000100 -0.000000 0.000000 1.000000 0.000000 0.000000 0.000000 0.000000 1.000000</float_array>
        <technique_common>
          <accessor source="#mixamorig_R_A_skirt3-Matrix-animation-output-transform-array" count="23" stride="16">
            <param type="float4x4"/>
          </accessor>
        </technique_common>
      </source>
      <source id="mixamorig_R_A_skirt3-Interpolations">
        <Name_array id="mixamorig_R_A_skirt3-Interpolations-array" count="23">
 LINEAR LINEAR LINEAR LINEAR LINEAR LINEAR LINEAR LINEAR LINEAR LINEAR LINEAR
LINEAR LINEAR LINEAR LINEAR LINEAR LINEAR LINEAR LINEAR LINEAR LINEAR LINEAR LINEAR</Name_array>
        <technique_common>
          <accessor source="#mixamorig_R_A_skirt3-Interpolations-array" count="23">
            <param type="name"/>
          </accessor>
        </technique_common>
      </source>
      <sampler id="mixamorig_R_A_skirt3-Matrix-animation-transform">
        <input semantic="INPUT" source="#mixamorig_R_A_skirt3-Matrix-animation-input"/>
        <input semantic="OUTPUT" source="#mixamorig_R_A_skirt3-Matrix-animation-output-transform"/>
        <input semantic="INTERPOLATION" source="#mixamorig_R_A_skirt3-Interpolations"/>
      </sampler>
      <channel source="#mixamorig_R_A_skirt3-Matrix-animation-transform" target="mixamorig_R_A_skirt3/matrix"/>
    </animation>
    <animation id="mixamorig_R_B_skirt1-anim" name="mixamorig_R_B_skirt1">
      <source id="mixamorig_R_B_skirt1-Matrix-animation-input">
        <float_array id="mixamorig_R_B_skirt1-Matrix-animation-input-array" count="23">

0.000000 0.033333 0.066667 0.100000 0.133333 0.166667 0.200000 0.233333 0.266667 0.300000 0.333333 0.366667 0.400000 0.433333 0.466667 0.500000
0.533333 0.566667 0.600000 0.633333 0.666667 0.700000 0.733333</float_array>
        <technique_common>
          <accessor source="#mixamorig_R_B_skirt1-Matrix-animation-input-array" count="23">
            <param name="TIME" type="float"/>
          </accessor>
        </technique_common>
      </source>
      <source id="mixamorig_R_B_skirt1-Matrix-animation-output-transform">
        <float_array id="mixamorig_R_B_skirt1-Matrix-animation-output-transform-array" count="368">

-0.142189 -0.942168 0.303482 -22.789900 -0.985105 0.164647 0.049604 6.145800 -0.096702 -0.291908 -0.951545 0.309300 0.000000 0.000000 0.000000 1.000000
-0.142189 -0.942168 0.303482 -22.789900 -0.985105 0.164647 0.049604 6.145800 -0.096702 -0.291908 -0.951545 0.309300 0.000000 0.000000 0.000000 1.000000
-0.142189 -0.942168 0.303482 -22.789900 -0.985105 0.164647 0.049604 6.145800 -0.096702 -0.291908 -0.951545 0.309300 0.000000 0.000000 0.000000 1.000000
-0.142189 -0.942168 0.303482 -22.789900 -0.985105 0.164647 0.049604 6.145800 -0.096702 -0.291908 -0.951545 0.309300 0.000000 0.000000 0.000000 1.000000
-0.142189 -0.942168 0.303482 -22.789900 -0.985105 0.164647 0.049604 6.145800 -0.096702 -0.291908 -0.951545 0.309300 0.000000 0.000000 0.000000 1.000000
-0.142189 -0.942168 0.303482 -22.789900 -0.985105 0.164647 0.049604 6.145800 -0.096702 -0.291908 -0.951545 0.309300 0.000000 0.000000 0.000000 1.000000
-0.142189 -0.942168 0.303482 -22.789900 -0.985105 0.164647 0.049604 6.145800 -0.096702 -0.291908 -0.951545 0.309300 0.000000 0.000000 0.000000 1.000000
-0.142189 -0.942168 0.303482 -22.789900 -0.985105 0.164647 0.049604 6.145800 -0.096702 -0.291908 -0.951545 0.309300 0.000000 0.000000 0.000000 1.000000
-0.142189 -0.942168 0.303482 -22.789900 -0.985105 0.164647 0.049604 6.145800 -0.096702 -0.291908 -0.951545 0.309300 0.000000 0.000000 0.000000 1.000000
-0.142189 -0.942168 0.303482 -22.789900 -0.985105 0.164647 0.049604 6.145800 -0.096702 -0.291908 -0.951545 0.309300 0.000000 0.000000 0.000000 1.000000
-0.142189 -0.942168 0.303482 -22.789900 -0.985105 0.164647 0.049604 6.145800 -0.096702 -0.291908 -0.951545 0.309300 0.000000 0.000000 0.000000 1.000000
-0.142189 -0.942168 0.303482 -22.789900 -0.985105 0.164647 0.049604 6.145800 -0.096702 -0.291908 -0.951545 0.309300 0.000000 0.000000 0.000000 1.000000
-0.142189 -0.942168 0.303482 -22.789900 -0.985105 0.164647 0.049604 6.145800 -0.096702 -0.291908 -0.951545 0.309300 0.000000 0.000000 0.000000 1.000000
-0.142189 -0.942168 0.303482 -22.789900 -0.985105 0.164647 0.049604 6.145800 -0.096702 -0.291908 -0.951545 0.309300 0.000000 0.000000 0.000000 1.000000
-0.142189 -0.942168 0.303482 -22.789900 -0.985105 0.164647 0.049604 6.145800 -0.096702 -0.291908 -0.951545 0.309300 0.000000 0.000000 0.000000 1.000000
-0.142189 -0.942168 0.303482 -22.789900 -0.985105 0.164647 0.049604 6.145800 -0.096702 -0.291908 -0.951545 0.309300 0.000000 0.000000 0.000000 1.000000
-0.142189 -0.942168 0.303482 -22.789900 -0.985105 0.164647 0.049604 6.145800 -0.096702 -0.291908 -0.951545 0.309300 0.000000 0.000000 0.000000 1.000000
-0.142189 -0.942168 0.303482 -22.789900 -0.985105 0.164647 0.049604 6.145800 -0.096702 -0.291908 -0.951545 0.309300 0.000000 0.000000 0.000000 1.000000
-0.142189 -0.942168 0.303482 -22.789900 -0.985105 0.164647 0.049604 6.145800 -0.096702 -0.291908 -0.951545 0.309300 0.000000 0.000000 0.000000 1.000000
-0.142189 -0.942168 0.303482 -22.789900 -0.985105 0.164647 0.049604 6.145800 -0.096702 -0.291908 -0.951545 0.309300 0.000000 0.000000 0.000000 1.000000
-0.142189 -0.942168 0.303482 -22.789900 -0.985105 0.164647 0.049604 6.145800 -0.096702 -0.291908 -0.951545 0.309300 0.000000 0.000000 0.000000 1.000000
-0.142189 -0.942168 0.303482 -22.789900 -0.985105 0.164647 0.049604 6.145800 -0.096702 -0.291908 -0.951545 0.309300 0.000000 0.000000 0.000000 1.000000
-0.142189 -0.942168 0.303482 -22.789900 -0.985105 0.164647 0.049604 6.145800 -0.096702 -0.291908 -0.951545 0.309300 0.000000 0.000000 0.000000 1.000000</float_array>
        <technique_common>
          <accessor source="#mixamorig_R_B_skirt1-Matrix-animation-output-transform-array" count="23" stride="16">
            <param type="float4x4"/>
          </accessor>
        </technique_common>
      </source>
      <source id="mixamorig_R_B_skirt1-Interpolations">
        <Name_array id="mixamorig_R_B_skirt1-Interpolations-array" count="23">
 LINEAR LINEAR LINEAR LINEAR LINEAR LINEAR LINEAR LINEAR LINEAR LINEAR LINEAR
LINEAR LINEAR LINEAR LINEAR LINEAR LINEAR LINEAR LINEAR LINEAR LINEAR LINEAR LINEAR</Name_array>
        <technique_common>
          <accessor source="#mixamorig_R_B_skirt1-Interpolations-array" count="23">
            <param type="name"/>
          </accessor>
        </technique_common>
      </source>
      <sampler id="mixamorig_R_B_skirt1-Matrix-animation-transform">
        <input semantic="INPUT" source="#mixamorig_R_B_skirt1-Matrix-animation-input"/>
        <input semantic="OUTPUT" source="#mixamorig_R_B_skirt1-Matrix-animation-output-transform"/>
        <input semantic="INTERPOLATION" source="#mixamorig_R_B_skirt1-Interpolations"/>
      </sampler>
      <channel source="#mixamorig_R_B_skirt1-Matrix-animation-transform" target="mixamorig_R_B_skirt1/matrix"/>
    </animation>
    <animation id="mixamorig_R_B_skirt2-anim" name="mixamorig_R_B_skirt2">
      <source id="mixamorig_R_B_skirt2-Matrix-animation-input">
        <float_array id="mixamorig_R_B_skirt2-Matrix-animation-input-array" count="23">

0.000000 0.033333 0.066667 0.100000 0.133333 0.166667 0.200000 0.233333 0.266667 0.300000 0.333333 0.366667 0.400000 0.433333 0.466667 0.500000
0.533333 0.566667 0.600000 0.633333 0.666667 0.700000 0.733333</float_array>
        <technique_common>
          <accessor source="#mixamorig_R_B_skirt2-Matrix-animation-input-array" count="23">
            <param name="TIME" type="float"/>
          </accessor>
        </technique_common>
      </source>
      <source id="mixamorig_R_B_skirt2-Matrix-animation-output-transform">
        <float_array id="mixamorig_R_B_skirt2-Matrix-animation-output-transform-array" count="368">

1.000000 0.000000 0.000000 27.083401 -0.000000 1.000000 0.000000 0.000000 0.000000 0.000000 1.000000 0.000000 0.000000 0.000000 0.000000 1.000000
1.000000 -0.000000 -0.000000 27.083401 -0.000000 1.000000 0.000000 -0.000000 0.000000 0.000000 1.000000 0.000000 0.000000 0.000000 0.000000 1.000000
1.000000 -0.000000 0.000000 27.083401 -0.000000 1.000000 0.000000 0.000000 0.000000 0.000000 1.000000 0.000000 0.000000 0.000000 0.000000 1.000000
1.000000 0.000000 -0.000000 27.083401 0.000000 1.000000 -0.000000 -0.000000 0.000000 0.000000 1.000000 0.000000 0.000000 0.000000 0.000000 1.000000
1.000000 0.000000 -0.000000 27.083401 -0.000000 1.000000 0.000000 -0.000000 0.000000 0.000000 1.000000 0.000000 0.000000 0.000000 0.000000 1.000000
1.000000 0.000000 -0.000000 27.083401 -0.000000 1.000000 -0.000000 0.000000 0.000000 0.000000 1.000000 0.000000 0.000000 0.000000 0.000000 1.000000
1.000000 0.000000 -0.000000 27.083401 -0.000000 1.000000 0.000000 0.000000 -0.000000 0.000000 1.000000 0.000000 0.000000 0.000000 0.000000 1.000000
1.000000 -0.000000 0.000000 27.083401 -0.000000 1.000000 0.000000 -0.000000 -0.000000 0.000000 1.000000 -0.000000 0.000000 0.000000 0.000000 1.000000
1.000000 0.000000 0.000000 27.083401 0.000000 1.000000 0.000000 0.000000 -0.000000 0.000000 1.000000 0.000000 0.000000 0.000000 0.000000 1.000000
1.000000 0.000000 0.000000 27.083401 0.000000 1.000000 0.000000 -0.000000 -0.000000 0.000000 1.000000 -0.000000 0.000000 0.000000 0.000000 1.000000
1.000000 -0.000000 0.000000 27.083401 0.000000 1.000000 -0.000000 0.000000 -0.000000 -0.000000 1.000000 0.000000 0.000000 0.000000 0.000000 1.000000
1.000000 0.000000 0.000000 27.083401 0.000000 1.000000 0.000000 0.000000 0.000000 -0.000000 1.000000 0.000000 0.000000 0.000000 0.000000 1.000000
1.000000 0.000000 0.000000 27.083401 0.000000 1.000000 0.000000 0.000000 0.000000 0.000000 1.000000 0.000000 0.000000 0.000000 0.000000 1.000000
1.000000 -0.000000 0.000000 27.083401 -0.000000 1.000000 -0.000000 -0.000000 0.000000 0.000000 1.000000 0.000000 0.000000 0.000000 0.000000 1.000000
1.000000 -0.000000 0.000000 27.083401 -0.000000 1.000000 0.000000 -0.000000 0.000000 -0.000000 1.000000 0.000000 0.000000 0.000000 0.000000 1.000000
1.000000 -0.000000 0.000000 27.083401 0.000000 1.000000 -0.000000 -0.000000 0.000000 0.000000 1.000000 0.000000 0.000000 0.000000 0.000000 1.000000
1.000000 -0.000000 -0.000000 27.083401 0.000000 1.000000 -0.000000 0.000000 -0.000000 -0.000000 1.000000 0.000000 0.000000 0.000000 0.000000 1.000000
1.000000 0.000000 0.000000 27.083401 0.000000 1.000000 0.000000 -0.000000 -0.000000 -0.000000 1.000000 -0.000000 0.000000 0.000000 0.000000 1.000000
1.000000 -0.000000 -0.000000 27.083401 0.000000 1.000000 0.000000 0.000000 0.000000 0.000000 1.000000 -0.000000 0.000000 0.000000 0.000000 1.000000
1.000000 0.000000 0.000000 27.083401 0.000000 1.000000 0.000000 0.000000 0.000000 0.000000 1.000000 -0.000000 0.000000 0.000000 0.000000 1.000000
1.000000 -0.000000 0.000000 27.083401 0.000000 1.000000 -0.000000 0.000000 0.000000 0.000000 1.000000 -0.000000 0.000000 0.000000 0.000000 1.000000
1.000000 0.000000 0.000000 27.083401 0.000000 1.000000 -0.000000 0.000000 0.000000 -0.000000 1.000000 -0.000000 0.000000 0.000000 0.000000 1.000000
1.000000 0.000000 0.000000 27.083401 -0.000000 1.000000 -0.000000 0.000000 0.000000 0.000000 1.000000 0.000000 0.000000 0.000000 0.000000 1.000000</float_array>
        <technique_common>
          <accessor source="#mixamorig_R_B_skirt2-Matrix-animation-output-transform-array" count="23" stride="16">
            <param type="float4x4"/>
          </accessor>
        </technique_common>
      </source>
      <source id="mixamorig_R_B_skirt2-Interpolations">
        <Name_array id="mixamorig_R_B_skirt2-Interpolations-array" count="23">
 LINEAR LINEAR LINEAR LINEAR LINEAR LINEAR LINEAR LINEAR LINEAR LINEAR LINEAR
LINEAR LINEAR LINEAR LINEAR LINEAR LINEAR LINEAR LINEAR LINEAR LINEAR LINEAR LINEAR</Name_array>
        <technique_common>
          <accessor source="#mixamorig_R_B_skirt2-Interpolations-array" count="23">
            <param type="name"/>
          </accessor>
        </technique_common>
      </source>
      <sampler id="mixamorig_R_B_skirt2-Matrix-animation-transform">
        <input semantic="INPUT" source="#mixamorig_R_B_skirt2-Matrix-animation-input"/>
        <input semantic="OUTPUT" source="#mixamorig_R_B_skirt2-Matrix-animation-output-transform"/>
        <input semantic="INTERPOLATION" source="#mixamorig_R_B_skirt2-Interpolations"/>
      </sampler>
      <channel source="#mixamorig_R_B_skirt2-Matrix-animation-transform" target="mixamorig_R_B_skirt2/matrix"/>
    </animation>
    <animation id="mixamorig_R_B_skirt3-anim" name="mixamorig_R_B_skirt3">
      <source id="mixamorig_R_B_skirt3-Matrix-animation-input">
        <float_array id="mixamorig_R_B_skirt3-Matrix-animation-input-array" count="23">

0.000000 0.033333 0.066667 0.100000 0.133333 0.166667 0.200000 0.233333 0.266667 0.300000 0.333333 0.366667 0.400000 0.433333 0.466667 0.500000
0.533333 0.566667 0.600000 0.633333 0.666667 0.700000 0.733333</float_array>
        <technique_common>
          <accessor source="#mixamorig_R_B_skirt3-Matrix-animation-input-array" count="23">
            <param name="TIME" type="float"/>
          </accessor>
        </technique_common>
      </source>
      <source id="mixamorig_R_B_skirt3-Matrix-animation-output-transform">
        <float_array id="mixamorig_R_B_skirt3-Matrix-animation-output-transform-array" count="368">

1.000000 -0.000000 0.000000 26.734699 -0.000000 1.000000 -0.000000 0.000000 0.000000 0.000000 1.000000 -0.000000 0.000000 0.000000 0.000000 1.000000
1.000000 -0.000000 -0.000000 26.734699 -0.000000 1.000000 -0.000000 -0.000000 0.000000 0.000000 1.000000 0.000000 0.000000 0.000000 0.000000 1.000000
1.000000 -0.000000 0.000000 26.734699 -0.000000 1.000000 0.000000 -0.000000 -0.000000 0.000000 1.000000 -0.000000 0.000000 0.000000 0.000000 1.000000
1.000000 -0.000000 0.000000 26.734699 0.000000 1.000000 -0.000000 0.000000 -0.000000 0.000000 1.000000 0.000000 0.000000 0.000000 0.000000 1.000000
1.000000 0.000000 -0.000000 26.734699 -0.000000 1.000000 0.000000 0.000000 0.000000 0.000000 1.000000 0.000000 0.000000 0.000000 0.000000 1.000000
1.000000 0.000000 -0.000000 26.734699 -0.000000 1.000000 -0.000000 0.000000 0.000000 0.000000 1.000000 0.000000 0.000000 0.000000 0.000000 1.000000
1.000000 0.000000 -0.000000 26.734699 -0.000000 1.000000 0.000000 -0.000000 -0.000000 -0.000000 1.000000 0.000000 0.000000 0.000000 0.000000 1.000000
1.000000 -0.000000 0.000000 26.734699 -0.000000 1.000000 -0.000000 -0.000000 -0.000000 0.000000 1.000000 0.000000 0.000000 0.000000 0.000000 1.000000
1.000000 0.000000 0.000000 26.734699 0.000000 1.000000 0.000000 0.000000 0.000000 -0.000000 1.000000 0.000000 0.000000 0.000000 0.000000 1.000000
1.000000 0.000000 0.000000 26.734699 0.000000 1.000000 0.000000 -0.000000 0.000000 0.000000 1.000000 0.000000 0.000000 0.000000 0.000000 1.000000
1.000000 0.000000 -0.000000 26.734699 0.000000 1.000000 0.000000 0.000000 -0.000000 -0.000000 1.000000 -0.000000 0.000000 0.000000 0.000000 1.000000
1.000000 0.000000 0.000000 26.734699 -0.000000 1.000000 -0.000000 -0.000000 0.000000 -0.000000 1.000000 -0.000000 0.000000 0.000000 0.000000 1.000000
1.000000 -0.000000 -0.000000 26.734699 0.000000 1.000000 0.000000 0.000000 0.000000 0.000000 1.000000 -0.000000 0.000000 0.000000 0.000000 1.000000
1.000000 0.000000 0.000000 26.734699 0.000000 1.000000 -0.000000 0.000000 0.000000 0.000000 1.000000 0.000000 0.000000 0.000000 0.000000 1.000000
1.000000 -0.000000 0.000000 26.734699 -0.000000 1.000000 0.000000 0.000000 0.000000 -0.000000 1.000000 0.000000 0.000000 0.000000 0.000000 1.000000
1.000000 -0.000000 0.000000 26.734699 -0.000000 1.000000 -0.000000 -0.000000 0.000000 0.000000 1.000000 0.000000 0.000000 0.000000 0.000000 1.000000
1.000000 -0.000000 0.000000 26.734699 -0.000000 1.000000 0.000000 0.000000 -0.000000 -0.000000 1.000000 -0.000000 0.000000 0.000000 0.000000 1.000000
1.000000 -0.000000 0.000000 26.734699 0.000000 1.000000 -0.000000 0.000000 0.000000 -0.000000 1.000000 -0.000000 0.000000 0.000000 0.000000 1.000000
1.000000 0.000000 -0.000000 26.734699 0.000000 1.000000 0.000000 -0.000000 0.000000 0.000000 1.000000 0.000000 0.000000 0.000000 0.000000 1.000000
1.000000 0.000000 0.000000 26.734699 -0.000000 1.000000 0.000000 0.000000 0.000000 -0.000000 1.000000 0.000000 0.000000 0.000000 0.000000 1.000000
1.000000 -0.000000 0.000000 26.734699 0.000000 1.000000 -0.000000 0.000000 -0.000000 -0.000000 1.000000 -0.000000 0.000000 0.000000 0.000000 1.000000
1.000000 0.000000 0.000000 26.734699 0.000000 1.000000 -0.000000 -0.000000 0.000000 -0.000000 1.000000 0.000000 0.000000 0.000000 0.000000 1.000000
1.000000 0.000000 0.000000 26.734699 -0.000000 1.000000 -0.000000 0.000000 0.000000 -0.000000 1.000000 0.000000 0.000000 0.000000 0.000000 1.000000</float_array>
        <technique_common>
          <accessor source="#mixamorig_R_B_skirt3-Matrix-animation-output-transform-array" count="23" stride="16">
            <param type="float4x4"/>
          </accessor>
        </technique_common>
      </source>
      <source id="mixamorig_R_B_skirt3-Interpolations">
        <Name_array id="mixamorig_R_B_skirt3-Interpolations-array" count="23">
 LINEAR LINEAR LINEAR LINEAR LINEAR LINEAR LINEAR LINEAR LINEAR LINEAR LINEAR
LINEAR LINEAR LINEAR LINEAR LINEAR LINEAR LINEAR LINEAR LINEAR LINEAR LINEAR LINEAR</Name_array>
        <technique_common>
          <accessor source="#mixamorig_R_B_skirt3-Interpolations-array" count="23">
            <param type="name"/>
          </accessor>
        </technique_common>
      </source>
      <sampler id="mixamorig_R_B_skirt3-Matrix-animation-transform">
        <input semantic="INPUT" source="#mixamorig_R_B_skirt3-Matrix-animation-input"/>
        <input semantic="OUTPUT" source="#mixamorig_R_B_skirt3-Matrix-animation-output-transform"/>
        <input semantic="INTERPOLATION" source="#mixamorig_R_B_skirt3-Interpolations"/>
      </sampler>
      <channel source="#mixamorig_R_B_skirt3-Matrix-animation-transform" target="mixamorig_R_B_skirt3/matrix"/>
    </animation>
    <animation id="mixamorig_F_skirt1-anim" name="mixamorig_F_skirt1">
      <source id="mixamorig_F_skirt1-Matrix-animation-input">
        <float_array id="mixamorig_F_skirt1-Matrix-animation-input-array" count="23">

0.000000 0.033333 0.066667 0.100000 0.133333 0.166667 0.200000 0.233333 0.266667 0.300000 0.333333 0.366667 0.400000 0.433333 0.466667 0.500000
0.533333 0.566667 0.600000 0.633333 0.666667 0.700000 0.733333</float_array>
        <technique_common>
          <accessor source="#mixamorig_F_skirt1-Matrix-animation-input-array" count="23">
            <param name="TIME" type="float"/>
          </accessor>
        </technique_common>
      </source>
      <source id="mixamorig_F_skirt1-Matrix-animation-output-transform">
        <float_array id="mixamorig_F_skirt1-Matrix-animation-output-transform-array" count="368">

-0.000002 0.000000 -1.000000 -0.093700 -0.998606 0.052777 0.000002 -3.741800 0.052777 0.998606 0.000000 24.067699 0.000000 0.000000 0.000000 1.000000
-0.000002 0.000000 -1.000000 -0.093700 -0.998606 0.052777 0.000002 -3.741800 0.052777 0.998606 0.000000 24.067699 0.000000 0.000000 0.000000 1.000000
-0.000002 0.000000 -1.000000 -0.093700 -0.998606 0.052777 0.000002 -3.741800 0.052777 0.998606 0.000000 24.067699 0.000000 0.000000 0.000000 1.000000
-0.000002 0.000000 -1.000000 -0.093700 -0.998606 0.052777 0.000002 -3.741800 0.052777 0.998606 0.000000 24.067699 0.000000 0.000000 0.000000 1.000000
-0.000002 0.000000 -1.000000 -0.093700 -0.998606 0.052777 0.000002 -3.741800 0.052777 0.998606 0.000000 24.067699 0.000000 0.000000 0.000000 1.000000
-0.000002 0.000000 -1.000000 -0.093700 -0.998606 0.052777 0.000002 -3.741800 0.052777 0.998606 0.000000 24.067699 0.000000 0.000000 0.000000 1.000000
-0.000002 0.000000 -1.000000 -0.093700 -0.998606 0.052777 0.000002 -3.741800 0.052777 0.998606 0.000000 24.067699 0.000000 0.000000 0.000000 1.000000
-0.000002 0.000000 -1.000000 -0.093700 -0.998606 0.052777 0.000002 -3.741800 0.052777 0.998606 0.000000 24.067699 0.000000 0.000000 0.000000 1.000000
-0.000002 0.000000 -1.000000 -0.093700 -0.998606 0.052777 0.000002 -3.741800 0.052777 0.998606 0.000000 24.067699 0.000000 0.000000 0.000000 1.000000
-0.000002 0.000000 -1.000000 -0.093700 -0.998606 0.052777 0.000002 -3.741800 0.052777 0.998606 0.000000 24.067699 0.000000 0.000000 0.000000 1.000000
-0.000002 0.000000 -1.000000 -0.093700 -0.998606 0.052777 0.000002 -3.741800 0.052777 0.998606 0.000000 24.067699 0.000000 0.000000 0.000000 1.000000
-0.000002 0.000000 -1.000000 -0.093700 -0.998606 0.052777 0.000002 -3.741800 0.052777 0.998606 0.000000 24.067699 0.000000 0.000000 0.000000 1.000000
-0.000002 0.000000 -1.000000 -0.093700 -0.998606 0.052777 0.000002 -3.741800 0.052777 0.998606 0.000000 24.067699 0.000000 0.000000 0.000000 1.000000
-0.000002 0.000000 -1.000000 -0.093700 -0.998606 0.052777 0.000002 -3.741800 0.052777 0.998606 0.000000 24.067699 0.000000 0.000000 0.000000 1.000000
-0.000002 0.000000 -1.000000 -0.093700 -0.998606 0.052777 0.000002 -3.741800 0.052777 0.998606 0.000000 24.067699 0.000000 0.000000 0.000000 1.000000
-0.000002 0.000000 -1.000000 -0.093700 -0.998606 0.052777 0.000002 -3.741800 0.052777 0.998606 0.000000 24.067699 0.000000 0.000000 0.000000 1.000000
-0.000002 0.000000 -1.000000 -0.093700 -0.998606 0.052777 0.000002 -3.741800 0.052777 0.998606 0.000000 24.067699 0.000000 0.000000 0.000000 1.000000
-0.000002 0.000000 -1.000000 -0.093700 -0.998606 0.052777 0.000002 -3.741800 0.052777 0.998606 0.000000 24.067699 0.000000 0.000000 0.000000 1.000000
-0.000002 0.000000 -1.000000 -0.093700 -0.998606 0.052777 0.000002 -3.741800 0.052777 0.998606 0.000000 24.067699 0.000000 0.000000 0.000000 1.000000
-0.000002 0.000000 -1.000000 -0.093700 -0.998606 0.052777 0.000002 -3.741800 0.052777 0.998606 0.000000 24.067699 0.000000 0.000000 0.000000 1.000000
-0.000002 0.000000 -1.000000 -0.093700 -0.998606 0.052777 0.000002 -3.741800 0.052777 0.998606 0.000000 24.067699 0.000000 0.000000 0.000000 1.000000
-0.000002 0.000000 -1.000000 -0.093700 -0.998606 0.052777 0.000002 -3.741800 0.052777 0.998606 0.000000 24.067699 0.000000 0.000000 0.000000 1.000000
-0.000002 0.000000 -1.000000 -0.093700 -0.998606 0.052777 0.000002 -3.741800 0.052777 0.998606 0.000000 24.067699 0.000000 0.000000 0.000000 1.000000</float_array>
        <technique_common>
          <accessor source="#mixamorig_F_skirt1-Matrix-animation-output-transform-array" count="23" stride="16">
            <param type="float4x4"/>
          </accessor>
        </technique_common>
      </source>
      <source id="mixamorig_F_skirt1-Interpolations">
        <Name_array id="mixamorig_F_skirt1-Interpolations-array" count="23">
 LINEAR LINEAR LINEAR LINEAR LINEAR LINEAR LINEAR LINEAR LINEAR LINEAR LINEAR
LINEAR LINEAR LINEAR LINEAR LINEAR LINEAR LINEAR LINEAR LINEAR LINEAR LINEAR LINEAR</Name_array>
        <technique_common>
          <accessor source="#mixamorig_F_skirt1-Interpolations-array" count="23">
            <param type="name"/>
          </accessor>
        </technique_common>
      </source>
      <sampler id="mixamorig_F_skirt1-Matrix-animation-transform">
        <input semantic="INPUT" source="#mixamorig_F_skirt1-Matrix-animation-input"/>
        <input semantic="OUTPUT" source="#mixamorig_F_skirt1-Matrix-animation-output-transform"/>
        <input semantic="INTERPOLATION" source="#mixamorig_F_skirt1-Interpolations"/>
      </sampler>
      <channel source="#mixamorig_F_skirt1-Matrix-animation-transform" target="mixamorig_F_skirt1/matrix"/>
    </animation>
    <animation id="mixamorig_F_skirt2-anim" name="mixamorig_F_skirt2">
      <source id="mixamorig_F_skirt2-Matrix-animation-input">
        <float_array id="mixamorig_F_skirt2-Matrix-animation-input-array" count="23">

0.000000 0.033333 0.066667 0.100000 0.133333 0.166667 0.200000 0.233333 0.266667 0.300000 0.333333 0.366667 0.400000 0.433333 0.466667 0.500000
0.533333 0.566667 0.600000 0.633333 0.666667 0.700000 0.733333</float_array>
        <technique_common>
          <accessor source="#mixamorig_F_skirt2-Matrix-animation-input-array" count="23">
            <param name="TIME" type="float"/>
          </accessor>
        </technique_common>
      </source>
      <source id="mixamorig_F_skirt2-Matrix-animation-output-transform">
        <float_array id="mixamorig_F_skirt2-Matrix-animation-output-transform-array" count="368">

1.000000 -0.000000 -0.000000 23.567801 0.000000 1.000000 0.000000 -0.000000 -0.000000 -0.000000 1.000000 -0.000000 0.000000 0.000000 0.000000 1.000000
1.000000 -0.000000 0.000000 23.567801 0.000000 1.000000 0.000000 -0.000000 -0.000000 -0.000000 1.000000 0.000000 0.000000 0.000000 0.000000 1.000000
1.000000 0.000000 0.000000 23.567801 0.000000 1.000000 0.000000 0.000000 -0.000000 0.000000 1.000000 -0.000000 0.000000 0.000000 0.000000 1.000000
1.000000 -0.000000 0.000000 23.567801 0.000000 1.000000 0.000000 0.000000 0.000000 0.000000 1.000000 0.000000 0.000000 0.000000 0.000000 1.000000
1.000000 -0.000000 0.000000 23.567801 -0.000000 1.000000 0.000000 0.000000 0.000000 0.000000 1.000000 0.000000 0.000000 0.000000 0.000000 1.000000
1.000000 0.000000 -0.000000 23.567801 0.000000 1.000000 0.000000 0.000000 -0.000000 0.000000 1.000000 -0.000000 0.000000 0.000000 0.000000 1.000000
1.000000 0.000000 -0.000000 23.567801 0.000000 1.000000 0.000000 0.000000 -0.000000 0.000000 1.000000 0.000000 0.000000 0.000000 0.000000 1.000000
1.000000 0.000000 -0.000000 23.567801 0.000000 1.000000 0.000000 -0.000000 -0.000000 -0.000000 1.000000 0.000000 0.000000 0.000000 0.000000 1.000000
1.000000 -0.000000 0.000000 23.567801 -0.000000 1.000000 0.000000 -0.000000 0.000000 0.000000 1.000000 0.000000 0.000000 0.000000 0.000000 1.000000
1.000000 0.000000 0.000000 23.567801 -0.000000 1.000000 0.000000 0.000000 0.000000 0.000000 1.000000 -0.000000 0.000000 0.000000 0.000000 1.000000
1.000000 0.000000 -0.000000 23.567801 0.000000 1.000000 -0.000000 0.000000 -0.000000 0.000000 1.000000 0.000000 0.000000 0.000000 0.000000 1.000000
1.000000 -0.000000 0.000000 23.567801 -0.000000 1.000000 0.000000 0.000000 0.000000 0.000000 1.000000 -0.000000 0.000000 0.000000 0.000000 1.000000
1.000000 0.000000 0.000000 23.567801 -0.000000 1.000000 0.000000 0.000000 -0.000000 0.000000 1.000000 0.000000 0.000000 0.000000 0.000000 1.000000
1.000000 0.000000 -0.000000 23.567801 0.000000 1.000000 -0.000000 0.000000 0.000000 0.000000 1.000000 0.000000 0.000000 0.000000 0.000000 1.000000
1.000000 0.000000 -0.000000 23.567801 0.000000 1.000000 0.000000 0.000000 0.000000 0.000000 1.000000 0.000000 0.000000 0.000000 0.000000 1.000000
1.000000 0.000000 -0.000000 23.567801 0.000000 1.000000 0.000000 0.000000 0.000000 0.000000 1.000000 -0.000000 0.000000 0.000000 0.000000 1.000000
1.000000 0.000000 -0.000000 23.567801 0.000000 1.000000 0.000000 0.000000 0.000000 -0.000000 1.000000 -0.000000 0.000000 0.000000 0.000000 1.000000
1.000000 0.000000 -0.000000 23.567801 -0.000000 1.000000 -0.000000 -0.000000 -0.000000 0.000000 1.000000 -0.000000 0.000000 0.000000 0.000000 1.000000
1.000000 0.000000 0.000000 23.567801 0.000000 1.000000 0.000000 0.000000 0.000000 0.000000 1.000000 -0.000000 0.000000 0.000000 0.000000 1.000000
1.000000 0.000000 0.000000 23.567801 -0.000000 1.000000 0.000000 0.000000 0.000000 0.000000 1.000000 -0.000000 0.000000 0.000000 0.000000 1.000000
1.000000 0.000000 -0.000000 23.567801 -0.000000 1.000000 0.000000 0.000000 0.000000 -0.000000 1.000000 -0.000000 0.000000 0.000000 0.000000 1.000000
1.000000 -0.000000 0.000000 23.567801 0.000000 1.000000 0.000000 -0.000000 0.000000 0.000000 1.000000 -0.000000 0.000000 0.000000 0.000000 1.000000
1.000000 -0.000000 -0.000000 23.567801 0.000000 1.000000 0.000000 0.000000 0.000000 0.000000 1.000000 -0.000000 0.000000 0.000000 0.000000 1.000000</float_array>
        <technique_common>
          <accessor source="#mixamorig_F_skirt2-Matrix-animation-output-transform-array" count="23" stride="16">
            <param type="float4x4"/>
          </accessor>
        </technique_common>
      </source>
      <source id="mixamorig_F_skirt2-Interpolations">
        <Name_array id="mixamorig_F_skirt2-Interpolations-array" count="23">
 LINEAR LINEAR LINEAR LINEAR LINEAR LINEAR LINEAR LINEAR LINEAR LINEAR LINEAR
LINEAR LINEAR LINEAR LINEAR LINEAR LINEAR LINEAR LINEAR LINEAR LINEAR LINEAR LINEAR</Name_array>
        <technique_common>
          <accessor source="#mixamorig_F_skirt2-Interpolations-array" count="23">
            <param type="name"/>
          </accessor>
        </technique_common>
      </source>
      <sampler id="mixamorig_F_skirt2-Matrix-animation-transform">
        <input semantic="INPUT" source="#mixamorig_F_skirt2-Matrix-animation-input"/>
        <input semantic="OUTPUT" source="#mixamorig_F_skirt2-Matrix-animation-output-transform"/>
        <input semantic="INTERPOLATION" source="#mixamorig_F_skirt2-Interpolations"/>
      </sampler>
      <channel source="#mixamorig_F_skirt2-Matrix-animation-transform" target="mixamorig_F_skirt2/matrix"/>
    </animation>
    <animation id="mixamorig_F_skirt3-anim" name="mixamorig_F_skirt3">
      <source id="mixamorig_F_skirt3-Matrix-animation-input">
        <float_array id="mixamorig_F_skirt3-Matrix-animation-input-array" count="23">

0.000000 0.033333 0.066667 0.100000 0.133333 0.166667 0.200000 0.233333 0.266667 0.300000 0.333333 0.366667 0.400000 0.433333 0.466667 0.500000
0.533333 0.566667 0.600000 0.633333 0.666667 0.700000 0.733333</float_array>
        <technique_common>
          <accessor source="#mixamorig_F_skirt3-Matrix-animation-input-array" count="23">
            <param name="TIME" type="float"/>
          </accessor>
        </technique_common>
      </source>
      <source id="mixamorig_F_skirt3-Matrix-animation-output-transform">
        <float_array id="mixamorig_F_skirt3-Matrix-animation-output-transform-array" count="368">

1.000000 -0.000000 -0.000000 23.545500 0.000000 1.000000 0.000000 0.000000 -0.000000 -0.000000 1.000000 0.000000 0.000000 0.000000 0.000000 1.000000
1.000000 -0.000000 0.000000 23.545500 0.000000 1.000000 0.000000 0.000000 -0.000000 -0.000000 1.000000 0.000000 0.000000 0.000000 0.000000 1.000000
1.000000 0.000000 0.000000 23.545500 0.000000 1.000000 0.000000 0.000000 0.000000 0.000000 1.000000 0.000000 0.000000 0.000000 0.000000 1.000000
1.000000 0.000000 0.000000 23.545500 0.000000 1.000000 0.000000 0.000000 -0.000000 0.000000 1.000000 0.000000 0.000000 0.000000 0.000000 1.000000
1.000000 -0.000000 0.000000 23.545500 0.000000 1.000000 -0.000000 0.000000 -0.000000 0.000000 1.000000 0.000000 0.000000 0.000000 0.000000 1.000000
1.000000 0.000000 -0.000000 23.545500 0.000000 1.000000 0.000000 0.000000 -0.000000 0.000000 1.000000 0.000000 0.000000 0.000000 0.000000 1.000000
1.000000 0.000000 -0.000000 23.545500 0.000000 1.000000 0.000000 0.000000 -0.000000 0.000000 1.000000 0.000000 0.000000 0.000000 0.000000 1.000000
1.000000 -0.000000 -0.000000 23.545500 0.000000 1.000000 0.000000 0.000000 -0.000000 -0.000000 1.000000 0.000000 0.000000 0.000000 0.000000 1.000000
1.000000 -0.000000 0.000000 23.545500 0.000000 1.000000 0.000000 -0.000000 0.000000 -0.000000 1.000000 0.000000 0.000000 0.000000 0.000000 1.000000
1.000000 0.000000 0.000000 23.545500 -0.000000 1.000000 0.000000 -0.000000 0.000000 0.000000 1.000000 0.000000 0.000000 0.000000 0.000000 1.000000
1.000000 0.000000 -0.000000 23.545500 0.000000 1.000000 -0.000000 -0.000000 -0.000000 0.000000 1.000000 -0.000000 0.000000 0.000000 0.000000 1.000000
1.000000 -0.000000 0.000000 23.545500 -0.000000 1.000000 0.000000 0.000000 -0.000000 0.000000 1.000000 -0.000000 0.000000 0.000000 0.000000 1.000000
1.000000 0.000000 0.000000 23.545500 -0.000000 1.000000 0.000000 0.000000 -0.000000 0.000000 1.000000 0.000000 0.000000 0.000000 0.000000 1.000000
1.000000 0.000000 -0.000000 23.545500 0.000000 1.000000 -0.000000 0.000000 0.000000 -0.000000 1.000000 0.000000 0.000000 0.000000 0.000000 1.000000
1.000000 -0.000000 0.000000 23.545500 0.000000 1.000000 0.000000 0.000000 0.000000 -0.000000 1.000000 0.000000 0.000000 0.000000 0.000000 1.000000
1.000000 0.000000 -0.000000 23.545500 0.000000 1.000000 0.000000 0.000000 0.000000 0.000000 1.000000 0.000000 0.000000 0.000000 0.000000 1.000000
1.000000 -0.000000 -0.000000 23.545500 0.000000 1.000000 0.000000 0.000000 0.000000 -0.000000 1.000000 -0.000000 0.000000 0.000000 0.000000 1.000000
1.000000 -0.000000 -0.000000 23.545500 0.000000 1.000000 -0.000000 -0.000000 -0.000000 0.000000 1.000000 0.000000 0.000000 0.000000 0.000000 1.000000
1.000000 0.000000 0.000000 23.545500 0.000000 1.000000 0.000000 0.000000 0.000000 0.000000 1.000000 -0.000000 0.000000 0.000000 0.000000 1.000000
1.000000 0.000000 0.000000 23.545500 0.000000 1.000000 0.000000 0.000000 0.000000 0.000000 1.000000 0.000000 0.000000 0.000000 0.000000 1.000000
1.000000 0.000000 0.000000 23.545500 -0.000000 1.000000 0.000000 0.000000 0.000000 -0.000000 1.000000 0.000000 0.000000 0.000000 0.000000 1.000000
1.000000 -0.000000 0.000000 23.545500 0.000000 1.000000 0.000000 0.000000 0.000000 0.000000 1.000000 -0.000000 0.000000 0.000000 0.000000 1.000000
1.000000 -0.000000 -0.000000 23.545500 0.000000 1.000000 0.000000 0.000000 -0.000000 -0.000000 1.000000 -0.000000 0.000000 0.000000 0.000000 1.000000</float_array>
        <technique_common>
          <accessor source="#mixamorig_F_skirt3-Matrix-animation-output-transform-array" count="23" stride="16">
            <param type="float4x4"/>
          </accessor>
        </technique_common>
      </source>
      <source id="mixamorig_F_skirt3-Interpolations">
        <Name_array id="mixamorig_F_skirt3-Interpolations-array" count="23">
 LINEAR LINEAR LINEAR LINEAR LINEAR LINEAR LINEAR LINEAR LINEAR LINEAR LINEAR
LINEAR LINEAR LINEAR LINEAR LINEAR LINEAR LINEAR LINEAR LINEAR LINEAR LINEAR LINEAR</Name_array>
        <technique_common>
          <accessor source="#mixamorig_F_skirt3-Interpolations-array" count="23">
            <param type="name"/>
          </accessor>
        </technique_common>
      </source>
      <sampler id="mixamorig_F_skirt3-Matrix-animation-transform">
        <input semantic="INPUT" source="#mixamorig_F_skirt3-Matrix-animation-input"/>
        <input semantic="OUTPUT" source="#mixamorig_F_skirt3-Matrix-animation-output-transform"/>
        <input semantic="INTERPOLATION" source="#mixamorig_F_skirt3-Interpolations"/>
      </sampler>
      <channel source="#mixamorig_F_skirt3-Matrix-animation-transform" target="mixamorig_F_skirt3/matrix"/>
    </animation>
  </library_animations>
  <library_visual_scenes>
    <visual_scene id="RootNode" name="RootNode">
      <node id="mixamorig_Hips" name="mixamorig_Hips" sid="mixamorig_Hips" type="JOINT">
        <matrix sid="matrix">0.999246 0.013920 0.036245 0.701981 -0.013865 0.999902 -0.001772 97.688797 -0.036266 0.001269 0.999341 1.759594 0.000000 0.000000 0.000000 1.000000</matrix>
        <node id="mixamorig_Spine" name="mixamorig_Spine" sid="mixamorig_Spine" type="JOINT">
          <matrix sid="matrix">0.998568 -0.033156 0.041985 0.072000 0.040098 0.983371 -0.177127 7.257300 -0.035414 0.178556 0.983292 -0.789700 0.000000 0.000000 0.000000 1.000000</matrix>
          <node id="mixamorig_Spine1" name="mixamorig_Spine1" sid="mixamorig_Spine1" type="JOINT">
            <matrix sid="matrix">0.999927 -0.008820 0.008307 0.000000 0.009187 0.998938 -0.045145 8.558700 -0.007900 0.045218 0.998946 -0.000000 0.000000 0.000000 0.000000 1.000000</matrix>
            <node id="mixamorig_Spine2" name="mixamorig_Spine2" sid="mixamorig_Spine2" type="JOINT">
              <matrix sid="matrix">0.999932 -0.007861 0.008663 -0.000000 0.008994 0.990162 -0.139639 29.149500 -0.007480 0.139707 0.990165 1.721100 0.000000 0.000000 0.000000 1.000000</matrix>
              <node id="mixamorig_Neck" name="mixamorig_Neck" sid="mixamorig_Neck" type="JOINT">
                <matrix sid="matrix">0.999794 -0.015440 -0.013181 0.000000 0.015241 0.999771 -0.015054 13.857900 0.013410 0.014850 0.999800 7.405300 0.000000 0.000000 0.000000 1.000000</matrix>
                <node id="mixamorig_Head" name="mixamorig_Head" sid="mixamorig_Head" type="JOINT">
                  <matrix sid="matrix">0.993590 0.084365 -0.075240 -0.000000 -0.066713 0.974945 0.212206 8.198500 0.091257 -0.205826 0.974324 5.703100 0.000000 0.000000 0.000000 1.000000</matrix>
                  <node id="mixamorig_HeadTop_End" name="mixamorig_HeadTop_End" sid="mixamorig_HeadTop_End" type="JOINT">
                    <matrix sid="matrix">1.000000 -0.000000 0.000000 -0.000000 0.000000 1.000000 0.000000 17.760799 0.000000 -0.000000 1.000000 13.332700 0.000000 0.000000 0.000000 1.000000</matrix>
                  </node>
                  <node id="LeftEye" name="LeftEye" sid="LeftEye" type="JOINT">
                    <matrix sid="matrix">1.000000 -0.000000 0.000000 3.087900 0.000000 1.000000 0.000000 3.070100 0.000000 -0.000000 1.000000 16.773399 0.000000 0.000000 0.000000 1.000000</matrix>
                  </node>
                  <node id="RightEye" name="RightEye" sid="RightEye" type="JOINT">
                    <matrix sid="matrix">1.000000 -0.000000 0.000000 -3.303100 0.000000 1.000000 0.000000 3.070100 0.000000 -0.000000 1.000000 16.773399 0.000000 0.000000 0.000000 1.000000</matrix>
                  </node>
                </node>
              </node>
              <node id="mixamorig_LeftShoulder" name="mixamorig_LeftShoulder" sid="mixamorig_LeftShoulder" type="JOINT">
                <matrix sid="matrix">0.169635 0.748951 -0.640544 12.584900 -0.070397 -0.639094 -0.765900 11.395200 -0.982989 0.175016 -0.055688 -1.453100 0.000000 0.000000 0.000000 1.000000</matrix>
                <node id="mixamorig_LeftArm" name="mixamorig_LeftArm" sid="mixamorig_LeftArm" type="JOINT">
                  <matrix sid="matrix">0.794478 0.592985 -0.131047 0.000000 -0.499313 0.514997 -0.696753 15.319300 -0.345676 0.618988 0.705239 0.000000 0.000000 0.000000 0.000000 1.000000</matrix>
                  <node id="mixamorig_LeftForeArm" name="mixamorig_LeftForeArm" sid="mixamorig_LeftForeArm" type="JOINT">
                    <matrix sid="matrix">0.567389 -0.823450 -0.000000 0.000000 0.823450 0.567389 0.000000 34.109299 -0.000000 -0.000000 1.000000 0.000000 0.000000 0.000000 0.000000 1.000000</matrix>
                    <node id="mixamorig_LeftHand" name="mixamorig_LeftHand" sid="mixamorig_LeftHand" type="JOINT">
                      <matrix sid="matrix">0.993526 0.072081 0.087807 -0.000000 -0.072364 0.997378 0.000036 41.076000 -0.087574 -0.006390 0.996138 -0.000000 0.000000 0.000000 0.000000 1.000000</matrix>
                      <node id="mixamorig_LeftHandThumb1" name="mixamorig_LeftHandThumb1" sid="mixamorig_LeftHandThumb1" type="JOINT">
                        <matrix sid="matrix">0.849413 -0.487862 0.201216 -9.706200 0.518715 0.842003 -0.148209 9.904300 -0.097119 0.230264 0.968270 7.213800 0.000000 0.000000 0.000000 1.000000</matrix>
                        <node id="mixamorig_LeftHandThumb2" name="mixamorig_LeftHandThumb2" sid="mixamorig_LeftHandThumb2" type="JOINT">
                          <matrix sid="matrix">0.910641 0.413165 0.005231 0.000000 -0.401832 0.888470 -0.221701 2.369000 -0.096247 0.199789 0.975101 0.000000 0.000000 0.000000 0.000000 1.000000</matrix>
                          <node id="mixamorig_LeftHandThumb3" name="mixamorig_LeftHandThumb3" sid="mixamorig_LeftHandThumb3" type="JOINT">
                            <matrix sid="matrix">0.947500 -0.306480 -0.091176 -0.000000 0.316506 0.858398 0.403704 2.785200 -0.045462 -0.411367 0.910335 0.000000 0.000000 0.000000 0.000000 1.000000</matrix>
                            <node id="mixamorig_LeftHandThumb4" name="mixamorig_LeftHandThumb4" sid="mixamorig_LeftHandThumb4" type="JOINT">
                              <matrix sid="matrix">1.000000 -0.000000 0.000000 0.000000 -0.000000 1.000000 -0.000000 6.195100 -0.000000 -0.000000 1.000000 0.000000 0.000000 0.000000 0.000000 1.000000</matrix>
                            </node>
                          </node>
                        </node>
                      </node>
                      <node id="mixamorig_LeftHandIndex1" name="mixamorig_LeftHandIndex1" sid="mixamorig_LeftHandIndex1" type="JOINT">
                        <matrix sid="matrix">0.999440 0.018805 -0.027679 -4.736600 -0.029897 0.873359 -0.486158 18.296801 0.015031 0.486714 0.873432 0.973500 0.000000 0.000000 0.000000 1.000000</matrix>
                        <node id="mixamorig_LeftHandIndex2" name="mixamorig_LeftHandIndex2" sid="mixamorig_LeftHandIndex2" type="JOINT">
                          <matrix sid="matrix">0.998694 0.049442 -0.012870 -0.000000 -0.049442 0.871855 -0.487263 4.697600 -0.012870 0.487263 0.873160 0.000000 0.000000 0.000000 0.000000 1.000000</matrix>
                          <node id="mixamorig_LeftHandIndex3" name="mixamorig_LeftHandIndex3" sid="mixamorig_LeftHandIndex3" type="JOINT">
                            <matrix sid="matrix">0.999570 0.029001 -0.004234 0.000000 -0.029001 0.957847 -0.285811 2.893900 -0.004234 0.285811 0.958277 0.000000 0.000000 0.000000 0.000000 1.000000</matrix>
                            <node id="mixamorig_LeftHandIndex4" name="mixamorig_LeftHandIndex4" sid="mixamorig_LeftHandIndex4" type="JOINT">
                              <matrix sid="matrix">1.000000 0.000000 0.000000 0.000000 0.000000 1.000000 0.000000 6.140600 0.000000 -0.000000 1.000000 0.000000 0.000000 0.000000 0.000000 1.000000</matrix>
                            </node>
                          </node>
                        </node>
                      </node>
                      <node id="mixamorig_LeftHandMiddle1" name="mixamorig_LeftHandMiddle1" sid="mixamorig_LeftHandMiddle1" type="JOINT">
                        <matrix sid="matrix">0.994657 0.094752 -0.040990 -0.139500 -0.099856 0.782206 -0.614965 17.924500 -0.026206 0.615772 0.787488 0.050800 0.000000 0.000000 0.000000 1.000000</matrix>
                        <node id="mixamorig_LeftHandMiddle2" name="mixamorig_LeftHandMiddle2" sid="mixamorig_LeftHandMiddle2" type="JOINT">
                          <matrix sid="matrix">0.998517 0.052447 -0.014619 0.000000 -0.052447 0.854446 -0.516886 5.001900 -0.014619 0.516886 0.855930 -0.000000 0.000000 0.000000 0.000000 1.000000</matrix>
                          <node id="mixamorig_LeftHandMiddle3" name="mixamorig_LeftHandMiddle3" sid="mixamorig_LeftHandMiddle3" type="JOINT">
                            <matrix sid="matrix">0.999346 0.035587 -0.006448 0.000000 -0.035587 0.935803 -0.350723 3.278600 -0.006448 0.350723 0.936457 0.000000 0.000000 0.000000 0.000000 1.000000</matrix>
                            <node id="mixamorig_LeftHandMiddle4" name="mixamorig_LeftHandMiddle4" sid="mixamorig_LeftHandMiddle4" type="JOINT">
                              <matrix sid="matrix">1.000000 0.000000 0.000000 0.000000 0.000000 1.000000 0.000000 4.422900 -0.000000 -0.000000 1.000000 0.000000 0.000000 0.000000 0.000000 1.000000</matrix>
                            </node>
                          </node>
                        </node>
                      </node>
                      <node id="mixamorig_LeftHandRing1" name="mixamorig_LeftHandRing1" sid="mixamorig_LeftHandRing1" type="JOINT">
                        <matrix sid="matrix">0.985414 0.164782 -0.042489 3.988400 -0.154400 0.760783 -0.630373 15.764500 -0.071549 0.627739 0.775129 0.151700 0.000000 0.000000 0.000000 1.000000</matrix>
                        <node id="mixamorig_LeftHandRing2" name="mixamorig_LeftHandRing2" sid="mixamorig_LeftHandRing2" type="JOINT">
                          <matrix sid="matrix">0.997460 0.066687 -0.025034 -0.000000 -0.066687 0.750743 -0.657219 3.497800 -0.025034 0.657219 0.753284 -0.000000 0.000000 0.000000 0.000000 1.000000</matrix>
                          <node id="mixamorig_LeftHandRing3" name="mixamorig_LeftHandRing3" sid="mixamorig_LeftHandRing3" type="JOINT">
                            <matrix sid="matrix">0.999612 0.027579 -0.003821 0.000000 -0.027579 0.961959 -0.271798 2.983800 -0.003821 0.271798 0.962347 0.000000 0.000000 0.000000 0.000000 1.000000</matrix>
                            <node id="mixamorig_LeftHandRing4" name="mixamorig_LeftHandRing4" sid="mixamorig_LeftHandRing4" type="JOINT">
                              <matrix sid="matrix">1.000000 -0.000000 0.000000 0.000000 0.000000 1.000000 -0.000000 4.922500 0.000000 0.000000 1.000000 0.000000 0.000000 0.000000 0.000000 1.000000</matrix>
                            </node>
                          </node>
                        </node>
                      </node>
                      <node id="mixamorig_LeftHandPinky1" name="mixamorig_LeftHandPinky1" sid="mixamorig_LeftHandPinky1" type="JOINT">
                        <matrix sid="matrix">0.992698 0.113701 -0.040283 6.663900 -0.115545 0.800386 -0.588244 12.707900 -0.034642 0.588603 0.807680 0.878100 0.000000 0.000000 0.000000 1.000000</matrix>
                        <node id="mixamorig_LeftHandPinky2" name="mixamorig_LeftHandPinky2" sid="mixamorig_LeftHandPinky2" type="JOINT">
                          <matrix sid="matrix">0.998758 0.048293 -0.012238 0.000000 -0.048293 0.878150 -0.475941 3.376600 -0.012238 0.475941 0.879392 -0.000000 0.000000 0.000000 0.000000 1.000000</matrix>
                          <node id="mixamorig_LeftHandPinky3" name="mixamorig_LeftHandPinky3" sid="mixamorig_LeftHandPinky3" type="JOINT">
                            <matrix sid="matrix">0.999395 0.034276 -0.005967 0.000000 -0.034276 0.940592 -0.337804 2.998500 -0.005967 0.337804 0.941197 0.000000 0.000000 0.000000 0.000000 1.000000</matrix>
                            <node id="mixamorig_LeftHandPinky4" name="mixamorig_LeftHandPinky4" sid="mixamorig_LeftHandPinky4" type="JOINT">
                              <matrix sid="matrix">1.000000 0.000000 -0.000000 0.000000 -0.000000 1.000000 0.000000 5.798100 0.000000 0.000000 1.000000 0.000000 0.000000 0.000000 0.000000 1.000000</matrix>
                            </node>
                          </node>
                        </node>
                      </node>
                    </node>
                  </node>
                </node>
              </node>
              <node id="mixamorig_RightShoulder" name="mixamorig_RightShoulder" sid="mixamorig_RightShoulder" type="JOINT">
                <matrix sid="matrix">0.191145 -0.719163 0.668033 -12.584900 0.076210 -0.667653 -0.740561 11.394900 0.978599 0.192465 -0.072811 -1.453100 0.000000 0.000000 0.000000 1.000000</matrix>
                <node id="mixamorig_RightArm" name="mixamorig_RightArm" sid="mixamorig_RightArm" type="JOINT">
                  <matrix sid="matrix">0.981820 -0.188125 0.025256 0.000000 0.173690 0.836771 -0.519275 15.319300 0.076555 0.514222 0.854234 0.000000 0.000000 0.000000 0.000000 1.000000</matrix>
                  <node id="mixamorig_RightForeArm" name="mixamorig_RightForeArm" sid="mixamorig_RightForeArm" type="JOINT">
                    <matrix sid="matrix">0.759753 0.650212 0.000000 0.000000 -0.650212 0.759753 0.000000 34.109299 -0.000000 -0.000000 1.000000 0.000000 0.000000 0.000000 0.000000 1.000000</matrix>
                    <node id="mixamorig_RightHand" name="mixamorig_RightHand" sid="mixamorig_RightHand" type="JOINT">
                      <matrix sid="matrix">0.969184 0.114867 -0.217916 0.000000 -0.098699 0.991589 0.083718 41.076000 0.225700 -0.059630 0.972370 0.000000 0.000000 0.000000 0.000000 1.000000</matrix>
                      <node id="mixamorig_RightHandThumb1" name="mixamorig_RightHandThumb1" sid="mixamorig_RightHandThumb1" type="JOINT">
                        <matrix sid="matrix">0.816833 0.566071 -0.111121 9.706200 -0.575720 0.787749 -0.219086 9.903700 -0.036483 0.242931 0.969357 7.214200 0.000000 0.000000 0.000000 1.000000</matrix>
                        <node id="mixamorig_RightHandThumb2" name="mixamorig_RightHandThumb2" sid="mixamorig_RightHandThumb2" type="JOINT">
                          <matrix sid="matrix">0.839440 -0.541714 -0.043428 -0.000000 0.536449 0.838761 -0.093285 2.369600 0.086959 0.055010 0.994692 0.000000 0.000000 0.000000 0.000000 1.000000</matrix>
                          <node id="mixamorig_RightHandThumb3" name="mixamorig_RightHandThumb3" sid="mixamorig_RightHandThumb3" type="JOINT">
                            <matrix sid="matrix">0.958418 0.269104 -0.094965 -0.000000 -0.233287 0.930505 0.282380 2.785100 0.164355 -0.248484 0.954590 0.000000 0.000000 0.000000 0.000000 1.000000</matrix>
                            <node id="mixamorig_RightHandThumb4" name="mixamorig_RightHandThumb4" sid="mixamorig_RightHandThumb4" type="JOINT">
                              <matrix sid="matrix">1.000000 0.000000 0.000000 0.000000 0.000000 1.000000 0.000000 6.195100 0.000000 0.000000 1.000000 0.000000 0.000000 0.000000 0.000000 1.000000</matrix>
                            </node>
                          </node>
                        </node>
                      </node>
                      <node id="mixamorig_RightHandIndex1" name="mixamorig_RightHandIndex1" sid="mixamorig_RightHandIndex1" type="JOINT">
                        <matrix sid="matrix">0.999474 -0.027242 0.017573 4.736600 0.031911 0.922257 -0.385259 18.296400 -0.005712 0.385617 0.922641 0.973900 0.000000 0.000000 0.000000 1.000000</matrix>
                        <node id="mixamorig_RightHandIndex2" name="mixamorig_RightHandIndex2" sid="mixamorig_RightHandIndex2" type="JOINT">
                          <matrix sid="matrix">0.998414 -0.052729 0.019710 0.000000 0.052729 0.753413 -0.655430 4.698000 0.019710 0.655430 0.754998 0.000000 0.000000 0.000000 0.000000 1.000000</matrix>
                          <node id="mixamorig_RightHandIndex3" name="mixamorig_RightHandIndex3" sid="mixamorig_RightHandIndex3" type="JOINT">
                            <matrix sid="matrix">0.999665 -0.025552 0.004167 -0.000000 0.025552 0.947875 -0.317617 2.894000 0.004166 0.317617 0.948210 -0.000000 0.000000 0.000000 0.000000 1.000000</matrix>
                            <node id="mixamorig_RightHandIndex4" name="mixamorig_RightHandIndex4" sid="mixamorig_RightHandIndex4" type="JOINT">
                              <matrix sid="matrix">1.000000 -0.000000 0.000000 -0.000000 0.000000 1.000000 0.000000 6.140000 0.000000 0.000000 1.000000 -0.000000 0.000000 0.000000 0.000000 1.000000</matrix>
                            </node>
                          </node>
                        </node>
                      </node>
                      <node id="mixamorig_RightHandMiddle1" name="mixamorig_RightHandMiddle1" sid="mixamorig_RightHandMiddle1" type="JOINT">
                        <matrix sid="matrix">0.995581 -0.088070 0.032577 0.139500 0.090620 0.810188 -0.579123 17.923901 0.024609 0.579516 0.814589 0.051600 0.000000 0.000000 0.000000 1.000000</matrix>
                        <node id="mixamorig_RightHandMiddle2" name="mixamorig_RightHandMiddle2" sid="mixamorig_RightHandMiddle2" type="JOINT">
                          <matrix sid="matrix">0.998626 -0.049546 0.017083 0.000000 0.049546 0.786284 -0.615876 5.002000 0.017083 0.615876 0.787658 0.000000 0.000000 0.000000 0.000000 1.000000</matrix>
                          <node id="mixamorig_RightHandMiddle3" name="mixamorig_RightHandMiddle3" sid="mixamorig_RightHandMiddle3" type="JOINT">
                            <matrix sid="matrix">0.999791 -0.020264 0.002594 0.000000 0.020264 0.967543 -0.251891 3.279000 0.002594 0.251891 0.967752 0.000000 0.000000 0.000000 0.000000 1.000000</matrix>
                            <node id="mixamorig_RightHandMiddle4" name="mixamorig_RightHandMiddle4" sid="mixamorig_RightHandMiddle4" type="JOINT">
                              <matrix sid="matrix">1.000000 0.000000 0.000000 -0.000000 0.000000 1.000000 0.000000 4.423000 0.000000 -0.000000 1.000000 -0.000000 0.000000 0.000000 0.000000 1.000000</matrix>
                            </node>
                          </node>
                        </node>
                      </node>
                      <node id="mixamorig_RightHandRing1" name="mixamorig_RightHandRing1" sid="mixamorig_RightHandRing1" type="JOINT">
                        <matrix sid="matrix">0.988670 -0.144572 0.040382 -3.988400 0.134892 0.737693 -0.661523 15.764000 0.065848 0.659476 0.748836 0.151600 0.000000 0.000000 0.000000 1.000000</matrix>
                        <node id="mixamorig_RightHandRing2" name="mixamorig_RightHandRing2" sid="mixamorig_RightHandRing2" type="JOINT">
                          <matrix sid="matrix">0.998907 -0.044722 0.013585 -0.000000 0.044722 0.830043 -0.555904 3.498000 0.013585 0.555904 0.831135 -0.000000 0.000000 0.000000 0.000000 1.000000</matrix>
                          <node id="mixamorig_RightHandRing3" name="mixamorig_RightHandRing3" sid="mixamorig_RightHandRing3" type="JOINT">
                            <matrix sid="matrix">0.999713 -0.023680 0.003564 -0.000000 0.023680 0.955406 -0.294344 2.984000 0.003565 0.294344 0.955693 -0.000000 0.000000 0.000000 0.000000 1.000000</matrix>
                            <node id="mixamorig_RightHandRing4" name="mixamorig_RightHandRing4" sid="mixamorig_RightHandRing4" type="JOINT">
                              <matrix sid="matrix">1.000000 0.000000 0.000000 -0.000000 0.000000 1.000000 0.000000 4.922000 0.000000 0.000000 1.000000 0.000000 0.000000 0.000000 0.000000 1.000000</matrix>
                            </node>
                          </node>
                        </node>
                      </node>
                      <node id="mixamorig_RightHandPinky1" name="mixamorig_RightHandPinky1" sid="mixamorig_RightHandPinky1" type="JOINT">
                        <matrix sid="matrix">0.996194 -0.074645 0.045016 -6.663900 0.084690 0.706544 -0.702583 12.707500 0.020638 0.703722 0.710176 0.878800 0.000000 0.000000 0.000000 1.000000</matrix>
                        <node id="mixamorig_RightHandPinky2" name="mixamorig_RightHandPinky2" sid="mixamorig_RightHandPinky2" type="JOINT">
                          <matrix sid="matrix">0.998604 -0.049891 0.017355 0.000000 0.049891 0.782880 -0.620169 3.377000 0.017354 0.620169 0.784276 0.000000 0.000000 0.000000 0.000000 1.000000</matrix>
                          <node id="mixamorig_RightHandPinky3" name="mixamorig_RightHandPinky3" sid="mixamorig_RightHandPinky3" type="JOINT">
                            <matrix sid="matrix">0.999342 -0.035332 0.008177 0.000000 0.035332 0.897697 -0.439195 2.998000 0.008177 0.439195 0.898355 0.000000 0.000000 0.000000 0.000000 1.000000</matrix>
                            <node id="mixamorig_RightHandPinky4" name="mixamorig_RightHandPinky4" sid="mixamorig_RightHandPinky4" type="JOINT">
                              <matrix sid="matrix">1.000000 0.000000 0.000000 -0.000000 -0.000000 1.000000 0.000000 5.798000 0.000000 -0.000000 1.000000 -0.000000 0.000000 0.000000 0.000000 1.000000</matrix>
                            </node>
                          </node>
                        </node>
                      </node>
                    </node>
                  </node>
                </node>
              </node>
            </node>
            <node id="mixamorig_L_horn1" name="mixamorig_L_horn1" sid="mixamorig_L_horn1" type="JOINT">
              <matrix sid="matrix">0.602488 0.000515 0.798128 1.847600 -0.698753 0.483576 0.527160 4.379700 -0.385684 -0.875302 0.291709 -10.115900 0.000000 0.000000 0.000000 1.000000</matrix>
              <node id="mixamorig_L_horn2" name="mixamorig_L_horn2" sid="mixamorig_L_horn2" type="JOINT">
                <matrix sid="matrix">1.000000 -0.000000 0.000000 20.340599 0.000000 1.000000 0.000000 -0.000000 0.000000 0.000000 1.000000 -0.000000 0.000000 0.000000 0.000000 1.000000</matrix>
              </node>
            </node>
            <node id="mixamorig_R_horn1" name="mixamorig_R_horn1" sid="mixamorig_R_horn1" type="JOINT">
              <matrix sid="matrix">-0.591028 -0.129171 0.796242 -3.147700 -0.778219 0.351067 -0.520699 4.536700 -0.212275 -0.927398 -0.308014 -10.290500 0.000000 0.000000 0.000000 1.000000</matrix>
              <node id="mixamorig_R_horn2" name="mixamorig_R_horn2" sid="mixamorig_R_horn2" type="JOINT">
                <matrix sid="matrix">1.000000 0.000000 -0.000000 21.374399 0.000000 1.000000 0.000000 0.000000 -0.000000 0.000000 1.000000 0.000000 0.000000 0.000000 0.000000 1.000000</matrix>
              </node>
            </node>
          </node>
        </node>
        <node id="mixamorig_LeftUpLeg" name="mixamorig_LeftUpLeg" sid="mixamorig_LeftUpLeg" type="JOINT">
          <matrix sid="matrix">-0.989653 0.089542 -0.112116 13.026900 -0.140979 -0.461455 0.875891 -6.336300 0.026693 0.882633 0.469304 -1.092800 0.000000 0.000000 0.000000 1.000000</matrix>
          <node id="mixamorig_LeftLeg" name="mixamorig_LeftLeg" sid="mixamorig_LeftLeg" type="JOINT">
            <matrix sid="matrix">0.987610 -0.004785 -0.156853 0.000000 0.150186 -0.260981 0.953590 46.951000 -0.045499 -0.965332 -0.257029 0.000000 0.000000 0.000000 0.000000 1.000000</matrix>
            <node id="mixamorig_LeftFoot" name="mixamorig_LeftFoot" sid="mixamorig_LeftFoot" type="JOINT">
              <matrix sid="matrix">0.996411 0.031262 -0.078661 0.000000 -0.082151 0.581113 -0.809666 55.112000 0.020399 0.813222 0.581595 -0.000000 0.000000 0.000000 0.000000 1.000000</matrix>
              <node id="mixamorig_LeftToeBase" name="mixamorig_LeftToeBase" sid="mixamorig_LeftToeBase" type="JOINT">
                <matrix sid="matrix">1.000000 0.000000 0.000002 0.000000 0.000001 0.759921 -0.650016 22.799999 -0.000002 0.650016 0.759921 0.000000 0.000000 0.000000 0.000000 1.000000</matrix>
                <node id="mixamorig_LeftToe_End" name="mixamorig_LeftToe_End" sid="mixamorig_LeftToe_End" type="JOINT">
                  <matrix sid="matrix">1.000000 -0.000000 -0.000000 0.000000 -0.000000 1.000000 -0.000000 9.596000 -0.000000 -0.000000 1.000000 0.000000 0.000000 0.000000 0.000000 1.000000</matrix>
                </node>
              </node>
            </node>
          </node>
        </node>
        <node id="mixamorig_RightUpLeg" name="mixamorig_RightUpLeg" sid="mixamorig_RightUpLeg" type="JOINT">
          <matrix sid="matrix">-0.992578 -0.118468 -0.027473 -12.883000 0.052952 -0.624379 0.779325 -6.336200 -0.109479 0.772086 0.626017 -1.092800 0.000000 0.000000 0.000000 1.000000</matrix>
          <node id="mixamorig_RightLeg" name="mixamorig_RightLeg" sid="mixamorig_RightLeg" type="JOINT">
            <matrix sid="matrix">0.993968 0.041799 -0.101391 0.000000 0.100472 0.023522 0.994662 46.951099 0.043961 -0.998849 0.019180 -0.000000 0.000000 0.000000 0.000000 1.000000</matrix>
            <node id="mixamorig_RightFoot" name="mixamorig_RightFoot" sid="mixamorig_RightFoot" type="JOINT">
              <matrix sid="matrix">0.999639 -0.013465 0.023242 0.000000 0.026151 0.290264 -0.956589 55.112000 0.006134 0.956852 0.290512 0.000000 0.000000 0.000000 0.000000 1.000000</matrix>
              <node id="mixamorig_RightToeBase" name="mixamorig_RightToeBase" sid="mixamorig_RightToeBase" type="JOINT">
                <matrix sid="matrix">1.000000 -0.000002 0.000001 0.000000 0.000002 0.559376 -0.828914 22.799999 0.000001 0.828914 0.559376 0.000000 0.000000 0.000000 0.000000 1.000000</matrix>
                <node id="mixamorig_RightToe_End" name="mixamorig_RightToe_End" sid="mixamorig_RightToe_End" type="JOINT">
                  <matrix sid="matrix">1.000000 -0.000000 -0.000000 -0.000000 0.000000 1.000000 -0.000000 9.596000 -0.000000 0.000000 1.000000 0.000000 0.000000 0.000000 0.000000 1.000000</matrix>
                </node>
              </node>
            </node>
          </node>
        </node>
        <node id="mixamorig_L_C_skirt1" name="mixamorig_L_C_skirt1" sid="mixamorig_L_C_skirt1" type="JOINT">
          <matrix sid="matrix">0.035066 0.292039 0.955763 12.441200 -0.989026 0.147481 -0.008777 4.607000 -0.143520 -0.944967 0.294006 -11.833000 0.000000 0.000000 0.000000 1.000000</matrix>
          <node id="mixamorig_L_C_skirt2" name="mixamorig_L_C_skirt2" sid="mixamorig_L_C_skirt2" type="JOINT">
            <matrix sid="matrix">1.000000 -0.000000 0.000000 27.657801 0.000000 1.000000 0.000000 0.000000 -0.000000 0.000000 1.000000 0.000000 0.000000 0.000000 0.000000 1.000000</matrix>
            <node id="mixamorig_L_C_skirt3" name="mixamorig_L_C_skirt3" sid="mixamorig_L_C_skirt3" type="JOINT">
              <matrix sid="matrix">1.000000 -0.000000 0.000000 23.970100 0.000000 1.000000 -0.000000 0.000000 0.000000 -0.000000 1.000000 -0.000000 0.000000 0.000000 0.000000 1.000000</matrix>
              <node id="mixamorig_L_C_skirt4" name="mixamorig_L_C_skirt4" sid="mixamorig_L_C_skirt4" type="JOINT">
                <matrix sid="matrix">1.000000 -0.000000 0.000000 30.792400 0.000000 1.000000 -0.000000 0.000000 0.000000 0.000000 1.000000 -0.000000 0.000000 0.000000 0.000000 1.000000</matrix>
              </node>
            </node>
          </node>
        </node>
        <node id="mixamorig_L_A_skirt1" name="mixamorig_L_A_skirt1" sid="mixamorig_L_A_skirt1" type="JOINT">
          <matrix sid="matrix">0.142123 0.623442 -0.768844 18.178400 -0.988646 0.051128 -0.141295 3.981100 -0.048780 0.780196 0.623630 19.504801 0.000000 0.000000 0.000000 1.000000</matrix>
          <node id="mixamorig_L_A_skirt2" name="mixamorig_L_A_skirt2" sid="mixamorig_L_A_skirt2" type="JOINT">
            <matrix sid="matrix">1.000000 0.000000 0.000000 27.335699 -0.000000 1.000000 -0.000000 0.000000 0.000000 0.000000 1.000000 -0.000000 0.000000 0.000000 0.000000 1.000000</matrix>
            <node id="mixamorig_L_A_skirt3" name="mixamorig_L_A_skirt3" sid="mixamorig_L_A_skirt3" type="JOINT">
              <matrix sid="matrix">1.000000 -0.000000 0.000000 27.066099 -0.000000 1.000000 0.000000 0.000000 0.000000 0.000000 1.000000 -0.000000 0.000000 0.000000 0.000000 1.000000</matrix>
              <node id="mixamorig_L_A_skirt4" name="mixamorig_L_A_skirt4" sid="mixamorig_L_A_skirt4" type="JOINT">
                <matrix sid="matrix">1.000000 -0.000000 0.000000 30.881599 -0.000000 1.000000 -0.000000 0.000000 0.000000 0.000000 1.000000 -0.000000 0.000000 0.000000 0.000000 1.000000</matrix>
              </node>
            </node>
          </node>
        </node>
        <node id="mixamorig_L_B_skirt1" name="mixamorig_L_B_skirt1" sid="mixamorig_L_B_skirt1" type="JOINT">
          <matrix sid="matrix">0.142186 0.942169 0.303482 22.933800 -0.985105 0.164643 -0.049605 6.145800 -0.096702 -0.291908 0.951545 0.309300 0.000000 0.000000 0.000000 1.000000</matrix>
          <node id="mixamorig_L_B_skirt2" name="mixamorig_L_B_skirt2" sid="mixamorig_L_B_skirt2" type="JOINT">
            <matrix sid="matrix">1.000000 -0.000000 -0.000000 27.083401 0.000000 1.000000 0.000000 0.000000 0.000000 0.000000 1.000000 -0.000000 0.000000 0.000000 0.000000 1.000000</matrix>
            <node id="mixamorig_L_B_skirt3" name="mixamorig_L_B_skirt3" sid="mixamorig_L_B_skirt3" type="JOINT">
              <matrix sid="matrix">1.000000 -0.000000 0.000000 26.734800 -0.000000 1.000000 0.000000 0.000000 -0.000000 0.000000 1.000000 0.000000 0.000000 0.000000 0.000000 1.000000</matrix>
              <node id="mixamorig_L_B_skirt4" name="mixamorig_L_B_skirt4" sid="mixamorig_L_B_skirt4" type="JOINT">
                <matrix sid="matrix">1.000000 0.000000 0.000000 29.821199 0.000000 1.000000 0.000000 0.000000 -0.000000 -0.000000 1.000000 -0.000000 0.000000 0.000000 0.000000 1.000000</matrix>
              </node>
            </node>
          </node>
        </node>
        <node id="mixamorig_R_C_skirt1" name="mixamorig_R_C_skirt1" sid="mixamorig_R_C_skirt1" type="JOINT">
          <matrix sid="matrix">-0.035070 -0.292039 0.955763 -12.297300 -0.989026 0.147482 0.008774 4.606800 -0.143520 -0.944967 -0.294006 -11.833000 0.000000 0.000000 0.000000 1.000000</matrix>
          <node id="mixamorig_R_C_skirt2" name="mixamorig_R_C_skirt2" sid="mixamorig_R_C_skirt2" type="JOINT">
            <matrix sid="matrix">1.000000 0.000000 -0.000000 27.657600 0.000000 1.000000 0.000000 0.000100 0.000000 0.000000 1.000000 0.000000 0.000000 0.000000 0.000000 1.000000</matrix>
            <node id="mixamorig_R_C_skirt3" name="mixamorig_R_C_skirt3" sid="mixamorig_R_C_skirt3" type="JOINT">
              <matrix sid="matrix">1.000000 0.000000 -0.000000 23.969999 0.000000 1.000000 0.000000 0.000000 -0.000000 0.000000 1.000000 0.000100 0.000000 0.000000 0.000000 1.000000</matrix>
              <node id="mixamorig_R_C_skirt4" name="mixamorig_R_C_skirt4" sid="mixamorig_R_C_skirt4" type="JOINT">
                <matrix sid="matrix">1.000000 0.000000 -0.000000 30.792400 0.000000 1.000000 -0.000000 -0.000000 -0.000000 -0.000000 1.000000 0.000000 0.000000 0.000000 0.000000 1.000000</matrix>
              </node>
            </node>
          </node>
        </node>
        <node id="mixamorig_R_A_skirt1" name="mixamorig_R_A_skirt1" sid="mixamorig_R_A_skirt1" type="JOINT">
          <matrix sid="matrix">-0.142126 -0.623440 -0.768845 -18.034500 -0.988646 0.051130 0.141298 3.980800 -0.048780 0.780197 -0.623629 19.504801 0.000000 0.000000 0.000000 1.000000</matrix>
          <node id="mixamorig_R_A_skirt2" name="mixamorig_R_A_skirt2" sid="mixamorig_R_A_skirt2" type="JOINT">
            <matrix sid="matrix">1.000000 0.000000 0.000000 27.335400 0.000000 1.000000 0.000000 -0.000100 0.000000 0.000000 1.000000 0.000100 0.000000 0.000000 0.000000 1.000000</matrix>
            <node id="mixamorig_R_A_skirt3" name="mixamorig_R_A_skirt3" sid="mixamorig_R_A_skirt3" type="JOINT">
              <matrix sid="matrix">1.000000 0.000000 0.000000 27.066099 0.000000 1.000000 0.000000 0.000100 0.000000 0.000000 1.000000 0.000000 0.000000 0.000000 0.000000 1.000000</matrix>
              <node id="mixamorig_R_A_skirt4" name="mixamorig_R_A_skirt4" sid="mixamorig_R_A_skirt4" type="JOINT">
                <matrix sid="matrix">1.000000 -0.000000 -0.000000 30.881599 0.000000 1.000000 0.000000 0.000000 -0.000000 -0.000000 1.000000 0.000000 0.000000 0.000000 0.000000 1.000000</matrix>
              </node>
            </node>
          </node>
        </node>
        <node id="mixamorig_R_B_skirt1" name="mixamorig_R_B_skirt1" sid="mixamorig_R_B_skirt1" type="JOINT">
          <matrix sid="matrix">-0.142189 -0.942168 0.303482 -22.789900 -0.985105 0.164647 0.049604 6.145800 -0.096702 -0.291908 -0.951545 0.309300 0.000000 0.000000 0.000000 1.000000</matrix>
          <node id="mixamorig_R_B_skirt2" name="mixamorig_R_B_skirt2" sid="mixamorig_R_B_skirt2" type="JOINT">
            <matrix sid="matrix">1.000000 0.000000 0.000000 27.083401 -0.000000 1.000000 0.000000 0.000000 0.000000 0.000000 1.000000 0.000000 0.000000 0.000000 0.000000 1.000000</matrix>
            <node id="mixamorig_R_B_skirt3" name="mixamorig_R_B_skirt3" sid="mixamorig_R_B_skirt3" type="JOINT">
              <matrix sid="matrix">1.000000 -0.000000 0.000000 26.734699 -0.000000 1.000000 -0.000000 0.000000 0.000000 0.000000 1.000000 -0.000000 0.000000 0.000000 0.000000 1.000000</matrix>
              <node id="mixamorig_R_B_skirt4" name="mixamorig_R_B_skirt4" sid="mixamorig_R_B_skirt4" type="JOINT">
                <matrix sid="matrix">1.000000 -0.000000 0.000000 29.821199 -0.000000 1.000000 0.000000 0.000000 0.000000 0.000000 1.000000 0.000000 0.000000 0.000000 0.000000 1.000000</matrix>
              </node>
            </node>
          </node>
        </node>
        <node id="mixamorig_F_skirt1" name="mixamorig_F_skirt1" sid="mixamorig_F_skirt1" type="JOINT">
          <matrix sid="matrix">-0.000002 0.000000 -1.000000 -0.093700 -0.998606 0.052777 0.000002 -3.741800 0.052777 0.998606 0.000000 24.067699 0.000000 0.000000 0.000000 1.000000</matrix>
          <node id="mixamorig_F_skirt2" name="mixamorig_F_skirt2" sid="mixamorig_F_skirt2" type="JOINT">
            <matrix sid="matrix">1.000000 -0.000000 -0.000000 23.567801 0.000000 1.000000 0.000000 -0.000000 -0.000000 -0.000000 1.000000 -0.000000 0.000000 0.000000 0.000000 1.000000</matrix>
            <node id="mixamorig_F_skirt3" name="mixamorig_F_skirt3" sid="mixamorig_F_skirt3" type="JOINT">
              <matrix sid="matrix">1.000000 -0.000000 -0.000000 23.545500 0.000000 1.000000 0.000000 0.000000 -0.000000 -0.000000 1.000000 0.000000 0.000000 0.000000 0.000000 1.000000</matrix>
              <node id="mixamorig_F_skirt4" name="mixamorig_F_skirt4" sid="mixamorig_F_skirt4" type="JOINT">
                <matrix sid="matrix">1.000000 -0.000000 -0.000000 24.919500 0.000000 1.000000 0.000000 0.000000 0.000000 -0.000000 1.000000 0.000000 0.000000 0.000000 0.000000 1.000000</matrix>
              </node>
            </node>
          </node>
        </node>
      </node>
    </visual_scene>
  </library_visual_scenes>
  <scene>
    <instance_visual_scene url="#RootNode"/>
  </scene>
</COLLADA>
